   4.627999961376190E-001
   4.639999866485596E-001
   2.354999929666519E-001
  -7.544999718666077E-001
       -1.129500031471252
  -1.800999939441681E-001
  -4.799999892711639E-001
  -1.084999963641167E-001
   7.268999814987183E-001
  -1.630000025033951E-002
   1.879000067710877E-001
  -6.172999739646912E-001
   3.000999987125397E-001
   7.009000182151794E-001
   4.929000139236450E-001
   7.393000125885010E-001
        1.408100008964539
        1.709699988365173
        2.236200094223023
        1.902500033378601
        1.532199978828430
   6.980999708175659E-001
   3.034999966621399E-001
   8.087000250816345E-001
        1.557700037956238
        1.781000018119812
   6.130999922752380E-001
   3.122999966144562E-001
  -4.501999914646149E-001
       -1.437700033187866
  -5.902000069618225E-001
  -7.943000197410584E-001
       -1.583299994468689
       -2.515399932861328
       -2.614399909973145
       -2.483999967575073
       -3.537699937820435
       -2.663000106811523
       -3.000400066375732
       -2.088099956512451
       -2.230600118637085
       -1.598199963569641
       -1.037899971008301
  -8.504999876022339E-001
       -1.473500013351440
       -1.542899966239929
       -1.320399999618530
       -1.465800046920776
       -1.877200007438660
       -2.538000106811523
       -1.779199957847595
       -1.436100006103516
       -1.466400027275085
  -3.370999991893768E-001
   3.415000140666962E-001
   6.546999812126160E-001
   7.003999948501587E-001
        1.247200012207031
        1.197199940681458
   4.253000020980835E-001
   2.264000028371811E-001
  -4.277000129222870E-001
  -2.229000031948090E-001
   3.640000149607658E-002
  -6.022999882698059E-001
  -8.418999910354614E-001
   1.571000069379807E-001
  -2.804000079631805E-001
   7.813000082969666E-001
   4.307000041007996E-001
   7.400000095367432E-002
   1.649000048637390E-001
   8.889999985694885E-002
   3.418000042438507E-001
   5.242000222206116E-001
        1.500699996948242
        1.054299950599670
        1.509699940681458
        1.710600018501282
        1.926599979400635
        1.345299959182739
   7.840999960899353E-001
   9.631999731063843E-001
   7.123000025749207E-001
        1.305099964141846
   7.401999831199646E-001
  -5.590000003576279E-002
  -4.810999929904938E-001
  -9.211000204086304E-001
       -1.428799986839294
       -1.407899975776672
       -1.291800022125244
       -2.266299962997437
       -2.671400070190430
       -2.723299980163574
       -2.643599987030029
       -2.806299924850464
       -3.121900081634522
       -1.935700058937073
       -2.144599914550781
       -2.348200082778931
       -1.836699962615967
       -1.583199977874756
       -1.450999975204468
       -1.014299988746643
       -1.576799988746643
       -1.083999991416931
       -1.641899943351746
       -1.985700011253357
       -2.298700094223023
       -1.730999946594238
       -1.622699975967407
  -4.433000087738037E-001
  -1.518000066280365E-001
   5.252000093460083E-001
  -2.960999906063080E-001
   4.458999931812286E-001
  -2.257999926805496E-001
   1.526000052690506E-001
   3.860000073909760E-001
  -1.163000017404556E-001
  -1.632000058889389E-001
   9.866999983787537E-001
   2.878000140190125E-001
   2.303999960422516E-001
  -5.741000175476074E-001
  -2.196999937295914E-001
   2.978999912738800E-001
   9.258000254631043E-001
   3.299999982118607E-002
  -2.177000045776367E-001
   1.516000032424927E-001
  -9.130000323057175E-002
  -3.107999861240387E-001
   9.780000150203705E-002
   9.585999846458435E-001
        1.259999990463257
        1.733500003814697
        2.255000114440918
        2.021199941635132
        1.326400041580200
        1.938899993896484
   6.286000013351440E-001
   8.550999760627747E-001
   5.286999940872192E-001
   5.824999809265137E-001
  -6.739000082015991E-001
   1.387999951839447E-001
   2.614000141620636E-001
  -1.645999997854233E-001
  -9.074000120162964E-001
       -1.312600016593933
       -1.907799959182739
       -2.583400011062622
       -2.944499969482422
       -2.940299987792969
       -2.208699941635132
       -2.154099941253662
       -2.278000116348267
       -2.370599985122681
       -2.702100038528442
       -1.694200038909912
       -2.017800092697144
       -2.039099931716919
       -1.811499953269959
       -2.157599925994873
       -1.835100054740906
       -1.943699955940247
       -2.304399967193604
       -2.597899913787842
       -1.545099973678589
  -8.309999704360962E-001
       -1.044899940490723
  -3.542999923229218E-001
   5.829999968409538E-002
  -1.551000028848648E-001
  -8.072000145912170E-001
  -9.146000146865845E-001
   3.079999983310700E-002
  -3.675999939441681E-001
   7.538999915122986E-001
   1.454000025987625E-001
        1.282799959182739
   6.452000141143799E-001
   6.660000234842300E-002
  -1.779999956488609E-002
  -4.529999941587448E-002
   1.168999969959259E-001
  -4.309000074863434E-001
   2.599000036716461E-001
  -3.470999896526337E-001
  -2.829999923706055E-001
   7.419999688863754E-002
   2.494000047445297E-001
   9.869999885559082E-001
   4.115999937057495E-001
        2.008800029754639
        2.010499954223633
        1.608999967575073
        1.291499972343445
        1.462599992752075
   9.071000218391419E-001
        1.037600040435791
   1.512999981641769E-001
   6.575000286102295E-001
  -1.422999948263168E-001
  -3.273999989032745E-001
  -4.550000131130219E-001
       -1.080199956893921
       -1.223099946975708
       -1.883800029754639
       -1.850299954414368
       -2.075099945068359
       -1.840299963951111
       -2.113500118255615
       -1.781900048255920
       -1.281399965286255
       -1.476600050926209
       -1.326599955558777
       -2.220700025558472
       -2.258300065994263
       -2.214400053024292
       -2.941699981689453
       -2.175199985504150
       -1.873700022697449
       -2.124500036239624
       -1.707599997520447
       -1.159500002861023
       -2.085299968719482
       -1.200500011444092
  -7.900000214576721E-001
  -8.072999715805054E-001
       -2.016299962997437
  -7.150999903678894E-001
  -6.599000096321106E-001
  -4.647000133991242E-001
       -1.063799977302551
       -1.250800013542175
   4.890000075101852E-002
  -4.454999864101410E-001
  -9.279000163078308E-001
  -5.194000005722046E-001
   5.637999773025513E-001
   4.426000118255615E-001
   5.163000226020813E-001
   4.792000055313110E-001
        1.491799950599670
  -3.934000134468079E-001
  -8.065000176429749E-001
  -9.915999770164490E-001
  -3.700000001117587E-003
  -9.290000051259995E-002
   1.550000011920929E-001
   9.937999844551086E-001
   1.493999958038330E-001
   4.086999893188477E-001
        1.953299999237061
        1.338299989700317
        1.783100008964539
        2.277699947357178
        1.872400045394898
        1.195099949836731
   7.817000150680542E-001
   3.492000102996826E-001
  -5.802999734878540E-001
  -8.712999820709229E-001
  -9.593999981880188E-001
  -5.340999960899353E-001
       -1.190000057220459
       -1.643800020217896
       -2.354099988937378
       -1.283900022506714
       -1.720399975776672
       -1.462200045585632
       -1.678200006484985
       -1.771499991416931
       -1.527500033378601
  -9.079999923706055E-001
       -1.244799971580505
       -2.203900098800659
       -2.071300029754639
       -2.862299919128418
       -2.255599975585938
       -1.893200039863586
       -2.071899890899658
       -2.053999900817871
       -1.711599946022034
       -1.721899986267090
       -1.235299944877625
  -9.325000047683716E-001
       -1.061599969863892
       -1.436800003051758
       -1.209300041198731
  -8.057000041007996E-001
       -1.021900057792664
       -1.001199960708618
       -1.182800054550171
  -9.927999973297119E-001
  -6.322000026702881E-001
   1.743000000715256E-001
  -5.252000093460083E-001
  -2.998999953269959E-001
  -1.298999935388565E-001
   3.637000024318695E-001
   7.365999817848206E-001
        1.218799948692322
        1.455700039863586
   4.690000042319298E-002
  -4.422000050544739E-001
  -7.516000270843506E-001
       -1.278499960899353
  -8.998000025749207E-001
  -5.422999858856201E-001
   6.376000046730042E-001
        1.057700037956238
   2.158000022172928E-001
        1.196400046348572
        1.559599995613098
        1.551300048828125
        1.763299942016602
        1.997900009155273
   7.132999897003174E-001
  -2.448000013828278E-001
        1.153499960899353
   3.680000007152557E-001
   2.847000062465668E-001
  -5.353000164031982E-001
  -9.057000279426575E-001
  -5.022000074386597E-001
       -1.327399969100952
       -2.144000053405762
       -1.166599988937378
       -1.858199954032898
       -1.503700017929077
  -8.179000020027161E-001
       -1.992400050163269
       -1.487100005149841
       -1.149899959564209
       -1.451099991798401
       -1.524500012397766
       -2.529599905014038
       -1.644799947738648
       -2.537899971008301
       -1.781800031661987
       -2.271399974822998
       -1.797299981117249
       -1.094099998474121
  -9.715999960899353E-001
  -7.257999777793884E-001
  -5.518000125885010E-001
  -5.625000000000000E-001
  -5.026999711990356E-001
  -3.309000134468079E-001
       -1.130100011825562
       -2.400199890136719
       -2.151499986648560
       -1.603000044822693
  -8.349000215530396E-001
       -1.202499985694885
  -4.465999901294708E-001
  -7.714999914169312E-001
  -1.859000027179718E-001
  -5.200000014156103E-003
   4.275999963283539E-001
   5.157999992370606E-001
   7.088000178337097E-001
        1.545899987220764
   2.208999991416931E-001
        1.297199964523315
  -1.158000007271767E-001
  -7.042999863624573E-001
  -8.032000064849854E-001
  -5.860000103712082E-002
        1.361199975013733
        1.006100058555603
   2.919999957084656E-001
   5.002999901771545E-001
   7.696999907493591E-001
        1.353500008583069
        1.766499996185303
        1.870800018310547
        1.500000000000000
   8.722000122070313E-001
        1.319200038909912
        1.695000052452087
        1.364099979400635
   6.919000148773193E-001
  -1.212999969720841E-001
  -5.173000097274780E-001
       -1.099300026893616
       -1.759999990463257
       -1.635599970817566
       -1.402999997138977
  -6.930999755859375E-001
       -1.162099957466126
       -1.544899940490723
  -8.192999958992004E-001
       -1.198099970817566
       -1.312700033187866
       -1.947100043296814
       -1.939299941062927
       -2.598299980163574
       -1.591599941253662
       -1.297199964523315
  -9.061999917030335E-001
  -6.427000164985657E-001
  -2.526000142097473E-001
  -4.505999982357025E-001
   2.423000037670136E-001
  -9.156000018119812E-001
       -1.138599991798401
  -4.390999972820282E-001
   6.147999763488770E-001
  -7.829999923706055E-002
       -1.449000000953674
       -1.623800039291382
       -1.243000030517578
       -1.562199950218201
       -1.680600047111511
  -6.830999851226807E-001
  -7.728000283241272E-001
  -7.506999969482422E-001
  -2.707999944686890E-001
  -1.328999996185303E-001
  -2.264000028371811E-001
  -8.166000247001648E-001
   5.357000231742859E-001
   9.125000238418579E-001
   5.776000022888184E-001
   1.300999969244003E-001
  -1.737000048160553E-001
  -5.073000192642212E-001
  -1.608999967575073E-001
   6.442999839782715E-001
   9.149000048637390E-001
   2.894000113010407E-001
   1.676999926567078E-001
   3.804999887943268E-001
   4.675000011920929E-001
   8.906000256538391E-001
   8.410999774932861E-001
   7.141000032424927E-001
  -4.000000189989805E-003
   2.878000140190125E-001
        1.014099955558777
   8.130999803543091E-001
   9.097999930381775E-001
   8.493000268936157E-001
  -7.190000265836716E-002
  -4.713999927043915E-001
       -1.210800051689148
  -5.522000193595886E-001
   2.079000025987625E-001
   2.433999925851822E-001
  -1.509000062942505E-001
  -2.730000019073486E-001
  -1.899999976158142E-001
       -1.438799977302551
       -1.263700008392334
  -8.985000252723694E-001
  -5.184999704360962E-001
       -1.566499948501587
  -8.324999809265137E-001
  -5.444999933242798E-001
  -4.638000130653381E-001
  -1.238999962806702E-001
   5.406000018119812E-001
   2.838000059127808E-001
   3.999999898951501E-004
   6.369999796152115E-002
  -5.576000213623047E-001
  -4.068999886512756E-001
  -1.083000004291534E-001
   1.470000017434359E-002
       -1.401999950408936
       -1.376999974250794
       -1.724400043487549
       -1.844499945640564
       -1.798099994659424
       -1.555400013923645
  -4.864999949932098E-001
       -1.129099965095520
  -4.532999992370606E-001
  -3.046999871730804E-001
  -4.025999903678894E-001
  -4.792000055313110E-001
   1.119999960064888E-002
   4.947000145912170E-001
   4.932000041007996E-001
   5.705999732017517E-001
   1.700000017881393E-001
  -2.161999940872192E-001
  -5.170999765396118E-001
   1.679999940097332E-002
  -1.583999991416931E-001
   7.961999773979187E-001
   3.165999948978424E-001
  -4.977000057697296E-001
  -1.137000024318695E-001
   6.949999928474426E-001
   1.193000003695488E-001
  -1.503999978303909E-001
   2.646999955177307E-001
   7.501000165939331E-001
   6.100000068545342E-002
  -3.849999979138374E-002
  -7.590000331401825E-002
   4.002000093460083E-001
  -9.049999713897705E-002
  -9.710999727249146E-001
       -1.409399986267090
  -4.004000127315521E-001
   2.632000148296356E-001
   4.293000102043152E-001
   1.930000074207783E-002
  -1.259000003337860E-001
  -2.976999878883362E-001
   3.222000002861023E-001
   5.382999777793884E-001
   3.177999854087830E-001
   4.650999903678894E-001
  -8.198999762535095E-001
   2.122000008821487E-001
   8.939999938011169E-001
        1.407600045204163
        1.540500044822693
   9.843000173568726E-001
   6.658999919891357E-001
   6.132000088691711E-001
   5.475999712944031E-001
   8.442999720573425E-001
   2.569999992847443E-001
   1.269000023603439E-001
  -5.447999835014343E-001
  -4.923000037670136E-001
  -4.582000076770783E-001
       -1.428300023078919
       -3.069600105285645
       -2.040499925613403
       -1.832700014114380
   4.354999959468842E-001
  -6.032000184059143E-001
   3.679000139236450E-001
   8.622999787330627E-001
   1.984000056982040E-001
  -2.831000089645386E-001
  -5.710000172257423E-002
   2.389999926090241E-001
   7.627000212669373E-001
  -2.620000019669533E-002
  -4.257000088691711E-001
       -1.143700003623962
       -1.919000029563904
       -1.240599989891052
  -2.594999969005585E-001
  -1.313000023365021E-001
   5.365999937057495E-001
   7.840000092983246E-002
  -9.009000062942505E-001
  -6.535999774932861E-001
  -2.980999946594238E-001
  -7.639999985694885E-001
  -2.333000004291534E-001
   4.341000020503998E-001
   4.334999918937683E-001
  -3.851000070571899E-001
   4.997000098228455E-001
   1.890999972820282E-001
       -1.087399959564209
  -8.525999784469605E-001
  -3.009000122547150E-001
  -6.761000156402588E-001
   4.124999940395355E-001
  -9.910000115633011E-002
   5.250999927520752E-001
   5.299999937415123E-002
   1.350000053644180E-001
   9.157000184059143E-001
   8.392999768257141E-001
        1.232300043106079
   8.683000206947327E-001
   6.173999905586243E-001
   1.900999993085861E-001
   3.828999996185303E-001
        1.816400051116943
        1.532799959182739
        1.649199962615967
   6.970999836921692E-001
   3.079999983310700E-001
  -2.430000007152557E-001
   6.815000176429749E-001
   2.187000066041946E-001
   5.988000035285950E-001
  -5.436999797821045E-001
  -2.597999870777130E-001
   5.902000069618225E-001
  -6.779000163078308E-001
       -1.380900025367737
       -1.808799982070923
       -1.909000039100647
        1.347200036048889
   9.675999879837036E-001
   7.613999843597412E-001
   3.923999965190888E-001
        1.696699976921082
        1.184700012207031
   1.199999973177910E-001
   4.361999928951263E-001
   4.399000108242035E-001
   5.982000231742859E-001
  -1.661999970674515E-001
       -1.247799992561340
       -1.617699980735779
       -1.370800018310547
  -9.548000097274780E-001
  -2.240000069141388E-001
   1.123000010848045E-001
  -1.876000016927719E-001
  -5.189999938011169E-001
       -1.852499961853027
       -1.387400031089783
       -1.121199965476990
  -5.649999901652336E-002
  -2.928999960422516E-001
   9.412000179290772E-001
   4.248000085353851E-001
   1.563999950885773E-001
   7.739999890327454E-002
   3.551999926567078E-001
   4.870000109076500E-002
       -1.358399987220764
  -5.497999787330627E-001
  -3.643999993801117E-001
   5.570000037550926E-002
   6.603999733924866E-001
   3.409999907016754E-001
   5.464000105857849E-001
   8.781999945640564E-001
        1.625399947166443
        1.298599958419800
        1.072299957275391
   3.111999928951263E-001
   2.504999935626984E-001
   1.729999929666519E-001
        1.332900047302246
   5.483000278472900E-001
        1.115100026130676
   5.590000003576279E-002
  -2.854999899864197E-001
   1.699000000953674E-001
   1.090999990701675E-001
   2.188999950885773E-001
   3.499999940395355E-001
  -1.499999966472387E-002
   2.958999872207642E-001
   3.362999856472015E-001
  -4.749999940395355E-001
  -8.891999721527100E-001
       -1.336599946022034
       -1.442199945449829
        1.601899981498718
        1.074499964714050
        1.343999981880188
        1.356799960136414
        1.212800025939941
        1.192600011825562
   7.954999804496765E-001
   6.761000156402588E-001
        1.177199959754944
   8.521000146865845E-001
  -3.849999979138374E-002
       -1.069200038909912
  -9.394999742507935E-001
  -2.777000069618225E-001
   5.040000006556511E-002
  -1.449999958276749E-002
  -2.784000039100647E-001
  -9.257000088691711E-001
  -9.948999881744385E-001
       -1.644299983978272
  -8.967999815940857E-001
       -1.110900044441223
  -8.495000004768372E-001
       -1.218000054359436
  -7.940000295639038E-002
   1.383000016212463E-001
   2.996999919414520E-001
  -3.835000097751617E-001
  -1.574999988079071E-001
       -1.053200006484985
       -1.432899951934815
  -7.918999791145325E-001
  -1.343999952077866E-001
  -3.357999920845032E-001
   6.999999750405550E-004
   5.303999781608582E-001
   3.206000030040741E-001
        1.236799955368042
   4.923999905586243E-001
   2.743000090122223E-001
   5.360999703407288E-001
   7.028999924659729E-001
   1.116999983787537E-001
  -3.305999934673309E-001
        1.197900056838989
   5.572000145912170E-001
   1.652999967336655E-001
   3.395000100135803E-001
  -4.521000087261200E-001
  -3.456000089645386E-001
  -3.161000013351440E-001
  -1.342999935150147E-001
   1.424999982118607E-001
  -7.739999890327454E-002
   6.231999993324280E-001
   1.928000003099442E-001
  -7.512999773025513E-001
  -3.327000141143799E-001
  -9.381999969482422E-001
  -9.973000288009644E-001
   1.145000010728836E-001
        1.586400032043457
   8.927000164985657E-001
   8.744000196456909E-001
   8.799999952316284E-003
  -2.830000035464764E-002
   1.924999952316284E-001
   3.194000124931335E-001
   6.980999708175659E-001
   2.982000112533569E-001
  -1.376000046730042E-001
       -1.103800058364868
  -5.816000103950501E-001
   1.685999929904938E-001
  -4.720000177621841E-002
   2.870000004768372E-001
  -8.057000041007996E-001
  -9.383000135421753E-001
       -1.116099953651428
  -8.486999869346619E-001
       -1.280099987983704
  -8.328999876976013E-001
       -1.203099966049194
       -1.168300032615662
       -1.525400042533875
  -5.758000016212463E-001
  -9.329000115394592E-001
       -1.066200017929077
  -7.797999978065491E-001
       -1.401700019836426
       -1.080600023269653
  -5.939999967813492E-002
  -1.757999956607819E-001
  -8.978999853134155E-001
  -4.415000081062317E-001
  -1.835000067949295E-001
   1.675000041723251E-001
   2.152999937534332E-001
   9.794999957084656E-001
   5.030000209808350E-001
        1.121500015258789
   7.699999958276749E-003
  -5.529999732971191E-001
   7.390999794006348E-001
   4.065000116825104E-001
   6.682000160217285E-001
   1.669999957084656E-001
   9.520000219345093E-002
  -8.773000240325928E-001
  -5.665000081062317E-001
       -1.208400011062622
  -4.593999981880188E-001
  -4.796999990940094E-001
       -1.005900025367737
  -7.723000049591065E-001
       -1.004299998283386
  -4.688000082969666E-001
  -5.713000297546387E-001
  -8.065999746322632E-001
  -4.555000066757202E-001
   6.800000071525574E-001
   5.669999718666077E-001
   3.102999925613403E-001
   9.603999853134155E-001
   6.378999948501587E-001
   6.557999849319458E-001
   1.574999988079071E-001
  -3.486000001430512E-001
   5.649999901652336E-002
   9.685999751091003E-001
   4.702000021934509E-001
   6.079000234603882E-001
   2.680000066757202E-001
  -9.749000072479248E-001
  -2.910999953746796E-001
  -5.040000081062317E-001
  -3.648999929428101E-001
  -5.942000150680542E-001
  -8.080000281333923E-001
  -1.221999973058701E-001
  -8.065999746322632E-001
  -7.623000144958496E-001
  -9.358999729156494E-001
  -7.918000221252441E-001
       -1.057199954986572
       -1.012799978256226
  -6.493999958038330E-001
       -1.057999968528748
  -6.118000149726868E-001
       -1.681900024414063
       -1.225700020790100
  -4.623000025749207E-001
       -1.109400033950806
  -8.475000262260437E-001
  -3.079000115394592E-001
  -3.689999878406525E-001
   1.665000021457672E-001
  -2.879000008106232E-001
   9.189000129699707E-001
   7.970000058412552E-002
   9.529999643564224E-002
  -2.348999977111816E-001
   1.398999989032745E-001
  -1.351999938488007E-001
   7.541999816894531E-001
  -3.253999948501587E-001
  -2.874999940395355E-001
  -8.195000290870667E-001
       -1.622799992561340
       -1.636000037193298
  -7.184000015258789E-001
  -4.541999995708466E-001
  -2.386000007390976E-001
  -1.800999939441681E-001
  -7.053999900817871E-001
  -4.119000136852264E-001
       -1.109799981117249
   3.704000115394592E-001
   2.930000126361847E-001
  -5.152000188827515E-001
   4.972000122070313E-001
   5.701000094413757E-001
   6.937999725341797E-001
   9.990000128746033E-001
   4.986000061035156E-001
   8.589000105857849E-001
   9.740999937057495E-001
   4.147999882698059E-001
   8.407999873161316E-001
   7.071999907493591E-001
        1.310600042343140
   5.105000138282776E-001
  -2.632000148296356E-001
  -6.542999744415283E-001
  -3.183999955654144E-001
       -1.273200035095215
  -7.073000073432922E-001
       -1.495000004768372
  -9.961000084877014E-001
  -6.269000172615051E-001
       -1.012500047683716
  -9.484000205993652E-001
       -1.256000041961670
       -1.456200003623962
  -5.200999975204468E-001
  -7.689999938011169E-001
  -5.063999891281128E-001
  -1.409000009298325E-001
  -7.132999897003174E-001
       -1.032699942588806
  -7.940000295639038E-001
       -1.338799953460693
  -6.011999845504761E-001
  -1.713999956846237E-001
  -5.820999741554260E-001
       -1.056900024414063
       -1.283699989318848
  -3.450999855995178E-001
  -7.699999958276749E-003
  -1.090999990701675E-001
  -3.289000093936920E-001
  -4.178999960422516E-001
   3.657999932765961E-001
  -2.143999934196472E-001
   5.902000069618225E-001
  -2.820000052452087E-001
  -2.962000072002411E-001
       -1.282799959182739
       -1.075000047683716
       -1.653699994087219
  -8.166999816894531E-001
   5.738000273704529E-001
  -1.970999985933304E-001
   1.410000026226044E-002
   5.403000116348267E-001
  -6.040000170469284E-002
  -5.478000044822693E-001
  -6.700999736785889E-001
   5.705000162124634E-001
   1.190000027418137E-002
   1.208000034093857E-001
   3.020000085234642E-002
   3.253999948501587E-001
   8.471000194549561E-001
   5.763000249862671E-001
        1.700700044631958
        1.711400032043457
        2.044399976730347
   9.390000104904175E-001
   3.362999856472015E-001
   9.915999770164490E-001
   2.451999932527542E-001
  -5.063999891281128E-001
  -4.771000146865845E-001
  -8.838000297546387E-001
  -2.779999971389771E-001
  -4.993999898433685E-001
  -6.802999973297119E-001
  -1.625999957323074E-001
  -3.339999914169312E-001
  -1.527000069618225E-001
  -3.905999958515167E-001
  -6.158999800682068E-001
  -7.559000253677368E-001
  -2.976999878883362E-001
   1.463000029325485E-001
   3.030000030994415E-001
   9.277999997138977E-001
   9.730000048875809E-002
   1.418000012636185E-001
  -7.908999919891357E-001
  -8.659999966621399E-001
  -7.016999721527100E-001
   5.350000038743019E-002
  -8.007000088691711E-001
  -4.823000133037567E-001
       -1.668599963188171
       -1.013800024986267
  -6.359000205993652E-001
  -3.621999919414520E-001
   1.105000004172325E-001
   9.915999770164490E-001
   9.096999764442444E-001
   7.924000024795532E-001
   2.495000064373016E-001
   1.626999974250794E-001
  -8.522999882698059E-001
  -9.387000203132629E-001
  -4.876999855041504E-001
       -1.100999951362610
  -2.816999852657318E-001
  -4.499999806284905E-003
        1.069700002670288
   7.394999861717224E-001
   3.404000103473663E-001
  -9.697999954223633E-001
  -9.879999756813049E-001
  -4.893000125885010E-001
   2.295999974012375E-001
   8.794999718666077E-001
   4.230999946594238E-001
  -2.779000103473663E-001
  -2.563000023365021E-001
   4.499000012874603E-001
   5.491999983787537E-001
        1.373299956321716
        1.477200031280518
        1.330600023269653
   6.815000176429749E-001
   6.739000082015991E-001
        1.243399977684021
   8.138999938964844E-001
   3.246000111103058E-001
   2.865000069141388E-001
   8.046000003814697E-001
  -9.519000053405762E-001
       -1.001700043678284
  -8.691999912261963E-001
   4.323999881744385E-001
  -2.527999877929688E-001
  -5.565000176429749E-001
   1.996999979019165E-001
   3.016000092029572E-001
  -5.661000013351440E-001
  -3.540000021457672E-001
   3.813000023365021E-001
   6.468999981880188E-001
   2.957000136375427E-001
   7.369999885559082E-001
   8.359999954700470E-002
       -1.289299964904785
  -6.998999714851379E-001
  -8.694999814033508E-001
  -3.700000047683716E-001
  -5.529999732971191E-001
  -6.276999711990356E-001
       -1.362200021743774
       -1.434200048446655
  -4.569999873638153E-001
  -4.298999905586243E-001
   3.472000062465668E-001
   3.248000144958496E-001
   9.298999905586243E-001
   8.113999962806702E-001
  -2.353000044822693E-001
  -2.714999914169312E-001
       -1.166900038719177
  -7.613000273704529E-001
       -1.001199960708618
  -3.170000016689301E-001
   1.837999969720841E-001
   4.598000049591065E-001
   5.119000077247620E-001
   1.028999984264374E-001
  -4.470000043511391E-002
  -4.305000007152557E-001
  -6.542000174522400E-001
       -1.302600026130676
  -4.429999887943268E-001
  -2.470000088214874E-002
   3.305000066757202E-001
  -1.852999925613403E-001
   5.321000218391419E-001
   3.064000010490418E-001
   7.105000019073486E-001
   6.972000002861023E-001
        1.286000013351440
        1.354500055313110
        1.531399965286255
        1.521900057792664
        1.532199978828430
   9.786999821662903E-001
   3.558999896049500E-001
  -1.684000045061112E-001
  -7.400000002235174E-003
  -6.653000116348267E-001
  -7.354999780654907E-001
   2.890000045299530E-001
   5.985000133514404E-001
   1.620000004768372E-001
   5.407000184059143E-001
   4.966999888420105E-001
   1.799999969080091E-003
  -7.110999822616577E-001
  -9.549999982118607E-002
   1.300000026822090E-002
   3.200000151991844E-002
   5.838999748229981E-001
   1.606000065803528E-001
   3.736000061035156E-001
  -6.733999848365784E-001
  -9.739999771118164E-001
       -1.623900055885315
       -1.849599957466126
       -1.786900043487549
       -1.361700057983398
  -9.969999790191650E-001
  -5.504000186920166E-001
  -5.171999931335449E-001
  -4.217000007629395E-001
  -6.208999752998352E-001
   1.805000007152557E-001
   5.311999917030335E-001
   5.781999826431274E-001
  -3.677000105381012E-001
   2.349999919533730E-002
  -4.814999997615814E-001
  -4.591999948024750E-001
  -3.077999949455261E-001
  -3.273999989032745E-001
  -1.800000071525574E-001
  -3.082999885082245E-001
   9.839000105857849E-001
   2.813000082969666E-001
   2.621000111103058E-001
   5.260999798774719E-001
  -6.559000015258789E-001
  -6.464999914169312E-001
  -6.398000121116638E-001
  -6.072000265121460E-001
   6.028000116348267E-001
   1.695999950170517E-001
   8.593000173568726E-001
   1.178999990224838E-001
   1.789999939501286E-002
  -2.576999962329865E-001
   5.648999810218811E-001
        1.039700031280518
   9.732000231742859E-001
   9.477999806404114E-001
        1.258200049400330
   1.956000030040741E-001
   3.429999947547913E-001
   3.801000118255615E-001
   1.576000005006790E-001
   1.528999954462051E-001
   3.052000105381012E-001
   5.620000138878822E-002
   6.559000015258789E-001
   6.460999846458435E-001
   6.252999901771545E-001
   6.450999975204468E-001
   1.360999941825867E-001
  -2.050000056624413E-002
  -1.573999971151352E-001
   6.484000086784363E-001
  -5.970000028610230E-001
  -4.809999838471413E-002
  -6.951000094413757E-001
  -6.887000203132629E-001
   9.839999675750732E-002
  -2.960000038146973E-001
  -9.638000130653381E-001
       -1.315000057220459
       -2.345400094985962
       -1.524199962615967
  -4.366999864578247E-001
  -3.587999939918518E-001
   1.027000024914742E-001
  -6.326000094413757E-001
  -1.168999969959259E-001
  -5.720999836921692E-001
  -9.520000219345093E-002
   6.869000196456909E-001
  -4.147000014781952E-001
       -1.444399952888489
       -1.788699984550476
  -3.738999962806702E-001
  -4.988000094890595E-001
  -9.139000177383423E-001
  -6.768000125885010E-001
   4.088000059127808E-001
   3.253999948501587E-001
  -2.772000133991242E-001
  -5.719999969005585E-002
  -6.963999867439270E-001
  -4.729999899864197E-001
       -1.373900055885315
  -4.968000054359436E-001
       -1.509799957275391
   1.870000064373016E-001
   3.718999922275543E-001
   3.792000114917755E-001
   4.019999876618385E-002
  -4.560000002384186E-001
  -7.839999794960022E-001
   6.182000041007996E-001
   8.596000075340271E-001
   2.982000112533569E-001
        1.054800033569336
   4.528000056743622E-001
        1.213799953460693
  -6.419999897480011E-002
   2.779999971389771E-001
        1.201699972152710
   4.124000072479248E-001
   3.829999864101410E-001
   8.228999972343445E-001
   7.828000187873840E-001
  -2.340999990701675E-001
  -3.150000050663948E-002
   1.594000011682510E-001
   1.730999946594238E-001
  -5.931000113487244E-001
  -4.268999993801117E-001
  -5.249000191688538E-001
  -7.814999818801880E-001
   9.560000151395798E-002
  -2.639000117778778E-001
  -7.372999787330627E-001
  -5.207999944686890E-001
  -9.210000038146973E-001
       -1.391800045967102
       -1.427700042724609
       -1.354799985885620
  -9.142000079154968E-001
  -5.527999997138977E-001
  -2.561999857425690E-001
   4.792000055313110E-001
  -5.519999936223030E-002
  -2.779999971389771E-001
  -1.773999929428101E-001
        1.013700008392334
  -5.824000239372253E-001
  -4.205000102519989E-001
       -1.076799988746643
       -1.065899968147278
  -6.150000095367432E-001
  -7.912999987602234E-001
       -1.093600034713745
  -5.990999937057495E-001
  -8.298000097274780E-001
       -1.267699956893921
       -1.232599973678589
  -2.989999949932098E-002
  -6.466000080108643E-001
   9.149999916553497E-002
  -2.651000022888184E-001
  -1.564999967813492E-001
  -5.942000150680542E-001
   1.263000071048737E-001
   8.410000056028366E-002
   9.160000085830689E-002
  -4.688999950885773E-001
       -1.403399944305420
  -8.543000221252441E-001
  -1.499999966472387E-002
   4.408000111579895E-001
   2.766000032424927E-001
   5.821999907493591E-001
        1.175600051879883
   6.409999728202820E-001
   9.506999850273132E-001
   3.684000074863434E-001
   6.200000178068876E-003
   7.075999975204468E-001
   5.539000034332275E-001
   5.496000051498413E-001
   9.553999900817871E-001
   6.219000220298767E-001
  -1.062000021338463E-001
  -1.747000068426132E-001
   2.673999965190888E-001
  -1.483000069856644E-001
  -3.222999870777130E-001
  -8.302999734878540E-001
  -2.213000059127808E-001
  -5.293999910354614E-001
  -3.709999918937683E-001
       -1.293300032615662
       -1.572199940681458
       -1.689700007438660
  -9.465000033378601E-001
  -4.153000116348267E-001
  -9.096999764442444E-001
  -7.951999902725220E-001
  -6.736000180244446E-001
   7.634000182151794E-001
   9.790999889373779E-001
   6.263999938964844E-001
   6.718999743461609E-001
   8.285999894142151E-001
   1.332000046968460E-001
  -5.156000256538391E-001
  -8.399999737739563E-001
       -1.599900007247925
  -6.046000123023987E-001
   1.881999969482422E-001
  -1.169999968260527E-002
  -1.061000004410744E-001
  -3.485000133514404E-001
  -8.920000195503235E-001
       -1.954300045967102
       -1.550500035285950
  -8.411999940872192E-001
  -4.530000090599060E-001
  -9.065999984741211E-001
  -4.860999882221222E-001
  -2.452999949455261E-001
  -5.110000073909760E-002
  -8.532999753952026E-001
  -3.745999932289124E-001
  -5.740000009536743E-001
   4.600000008940697E-002
  -4.842999875545502E-001
  -6.733999848365784E-001
   7.372000217437744E-001
  -1.289000064134598E-001
   7.684000134468079E-001
  -5.499999970197678E-003
   1.700000017881393E-001
   1.676999926567078E-001
   1.819999963045120E-001
   2.459999918937683E-002
   1.458999961614609E-001
   3.362999856472015E-001
        1.103700041770935
   1.137000024318695E-001
   1.753000020980835E-001
  -2.069000005722046E-001
   5.451999902725220E-001
   4.242999851703644E-001
   5.270000174641609E-002
   3.777000010013580E-001
  -4.395999908447266E-001
       -1.080500006675720
  -3.057000041007996E-001
  -1.181000024080277E-001
  -4.181999862194061E-001
  -4.726000130176544E-001
  -8.306000232696533E-001
  -4.857999980449677E-001
  -5.913000106811523E-001
  -7.031999826431274E-001
  -8.525999784469605E-001
  -9.080000221729279E-002
   3.959999978542328E-001
        1.409299969673157
        1.241700053215027
        1.549000024795532
   7.940999865531921E-001
   2.408999949693680E-001
  -1.400000005960465E-001
   3.242000043392181E-001
       -1.121399998664856
  -7.483000159263611E-001
  -8.025000095367432E-001
  -3.104999959468842E-001
   3.569000065326691E-001
   1.163000017404556E-001
   1.365000009536743E-001
  -1.264999955892563E-001
  -4.286000132560730E-001
  -4.406999945640564E-001
  -6.208000183105469E-001
  -2.639999985694885E-002
   1.229999959468842E-002
   8.435999751091003E-001
   1.293999999761581E-001
   2.030000090599060E-002
  -9.815999865531921E-001
       -1.027199983596802
  -7.930999994277954E-001
  -2.480999976396561E-001
  -3.276000022888184E-001
   3.299999982118607E-002
   5.302000045776367E-001
   4.638999998569489E-001
   8.813999891281128E-001
   6.110000014305115E-001
   3.179000020027161E-001
   5.690000057220459E-001
  -2.590000070631504E-002
   1.929000020027161E-001
   8.465999960899353E-001
   7.911999821662903E-001
  -8.269999921321869E-002
   2.901999950408936E-001
  -2.698000073432922E-001
   1.650000065565109E-001
   9.538000226020813E-001
        1.245900034904480
   8.101999759674072E-001
   1.389999985694885E-001
  -1.592999994754791E-001
  -2.982999980449677E-001
  -5.995000004768372E-001
  -2.522999942302704E-001
  -5.063999891281128E-001
  -1.694999933242798E-001
  -6.804000139236450E-001
  -1.042999997735024E-001
       -1.282400012016296
  -3.790000081062317E-001
   3.488999903202057E-001
  -5.016999840736389E-001
   5.109000205993652E-001
   5.106999874114990E-001
        1.107800006866455
   7.534999847412109E-001
   7.034999728202820E-001
   2.314999997615814E-001
  -9.932000041007996E-001
  -7.807000279426575E-001
   2.957000136375427E-001
  -5.934000015258789E-001
  -3.411999940872192E-001
   1.973000019788742E-001
   7.280000299215317E-002
   5.267999768257141E-001
  -3.192999958992004E-001
  -2.944999933242798E-001
  -6.335999965667725E-001
  -6.464999914169312E-001
   5.110000073909760E-002
  -4.837999939918518E-001
  -3.409999981522560E-002
   9.052000045776367E-001
   1.458999961614609E-001
  -3.003000020980835E-001
   1.896000057458878E-001
  -6.529999971389771E-001
  -8.446000218391419E-001
  -9.449999928474426E-001
   2.610999941825867E-001
   7.063000202178955E-001
   9.107999801635742E-001
        1.573400020599365
   8.794000148773193E-001
        1.816599965095520
   3.325000107288361E-001
   2.520000003278256E-002
   9.780000150203705E-002
   5.270000174641609E-002
   7.139999866485596E-001
  -5.472999811172485E-001
  -5.367000102996826E-001
  -5.095000267028809E-001
   1.182999983429909E-001
  -5.119999870657921E-002
   7.750999927520752E-001
   5.656999945640564E-001
   9.915999770164490E-001
   4.837999939918518E-001
  -2.160000056028366E-002
  -4.864000082015991E-001
  -5.543000102043152E-001
   2.168000042438507E-001
   7.325999736785889E-001
  -5.044999718666077E-001
  -9.265000224113464E-001
  -9.045000076293945E-001
  -4.722999930381775E-001
  -3.867000043392181E-001
   5.307000279426575E-001
  -9.300000220537186E-002
   5.800999999046326E-001
   3.418999910354614E-001
   1.287000030279160E-001
   1.057000011205673E-001
        1.056100010871887
        1.555899977684021
   1.530999988317490E-001
   1.259000003337860E-001
  -4.647000133991242E-001
  -4.902999997138977E-001
   4.223999977111816E-001
        1.370900034904480
        1.924900054931641
        1.186599969863892
   5.777999758720398E-001
   3.573000133037567E-001
   8.565999865531921E-001
   4.129000008106232E-001
   2.373999953269959E-001
  -4.704999923706055E-001
  -6.150000169873238E-002
  -2.585000097751617E-001
  -1.141000017523766E-001
  -5.314000248908997E-001
   3.835000097751617E-001
  -5.717999935150147E-001
  -4.864999949932098E-001
  -3.546000123023987E-001
  -2.291000038385391E-001
   3.183000087738037E-001
        1.499699950218201
        1.603099942207336
        1.100700020790100
   9.083999991416931E-001
   4.129000008106232E-001
  -6.549999862909317E-002
   1.735000014305115E-001
  -4.395999908447266E-001
  -4.805000126361847E-001
  -7.680000066757202E-001
       -1.308599948883057
  -5.430999994277954E-001
  -8.863999843597412E-001
   1.800000071525574E-001
   2.092999964952469E-001
   7.678999900817871E-001
   7.362999916076660E-001
        1.090000033378601
   1.950999945402145E-001
  -3.655999898910523E-001
  -2.345000058412552E-001
   4.875000119209290E-001
  -1.527999937534332E-001
       -1.498900055885315
       -1.368800044059753
       -1.153399944305420
  -8.500000461935997E-003
   2.673000097274780E-001
  -5.990000069141388E-002
  -1.860000006854534E-002
   4.266999959945679E-001
   6.211000084877014E-001
   1.456000059843063E-001
   7.475000023841858E-001
        1.043499946594238
        1.724300026893616
   5.243999958038330E-001
   3.743999898433685E-001
  -5.331000089645386E-001
  -1.300999969244003E-001
        1.092399954795837
        1.226600050926209
        1.571900010108948
        1.096400022506714
   5.077999830245972E-001
   3.732999861240387E-001
   7.803000211715698E-001
   8.944000005722046E-001
        1.349300026893616
   5.174000263214111E-001
  -4.020000100135803E-001
  -8.657000064849854E-001
       -1.208099961280823
  -6.391999721527100E-001
   6.186000108718872E-001
  -1.138999983668327E-001
  -3.655999898910523E-001
  -5.088999867439270E-001
       -1.008299946784973
  -8.399999886751175E-002
   1.290000043809414E-002
   3.273999989032745E-001
   9.006999731063843E-001
   2.897000014781952E-001
  -1.366000026464462E-001
  -5.565000176429749E-001
  -4.237000048160553E-001
  -4.415000081062317E-001
  -1.847999989986420E-001
  -6.545000076293945E-001
       -1.341400027275085
       -1.210100054740906
       -1.711099982261658
  -6.460000276565552E-001
   6.610000133514404E-002
   7.001000046730042E-001
  -1.470000017434359E-002
   2.231999933719635E-001
   1.253000050783157E-001
  -5.867000222206116E-001
  -8.380000293254852E-002
  -3.711000084877014E-001
  -2.327000051736832E-001
  -3.282000124454498E-001
  -9.251999855041504E-001
  -5.033000111579895E-001
   3.650000095367432E-001
   2.872999906539917E-001
   5.227000117301941E-001
   5.673000216484070E-001
  -6.922000050544739E-001
   9.449999779462814E-002
  -1.800999939441681E-001
   8.479999750852585E-002
  -1.106000021100044E-001
  -5.009999871253967E-002
   6.959999799728394E-001
   7.208999991416931E-001
  -3.445000052452087E-001
   6.112999916076660E-001
   9.555000066757202E-001
   9.896000027656555E-001
        1.001199960708618
   6.746000051498413E-001
  -2.111999988555908E-001
   8.431000113487244E-001
        1.840299963951111
        1.542199969291687
        2.205699920654297
   9.302999973297119E-001
   2.160000056028366E-001
  -1.318999975919724E-001
   2.032999992370606E-001
  -7.067000269889832E-001
   5.212000012397766E-001
  -1.194999963045120E-001
  -6.403999924659729E-001
  -1.970000006258488E-002
  -6.227999925613403E-001
   2.666000127792358E-001
   3.842999935150147E-001
   8.421999812126160E-001
   5.059999972581863E-002
   1.221000030636787E-001
  -3.995999991893768E-001
  -6.535000205039978E-001
  -7.620000094175339E-002
  -5.529000163078308E-001
  -1.189000010490418E-001
  -4.485000073909760E-001
  -7.971000075340271E-001
  -8.367999792098999E-001
       -1.235900044441223
  -8.169999718666077E-001
  -3.716999888420105E-001
  -1.315000057220459E-001
  -2.272000014781952E-001
  -6.171000003814697E-001
  -6.517000198364258E-001
  -6.457999944686890E-001
   3.506999909877777E-001
  -1.733999997377396E-001
   4.699999839067459E-002
   3.824999928474426E-001
  -5.997999906539917E-001
  -9.720000028610230E-001
   2.881999909877777E-001
   1.647000014781952E-001
   2.093999981880188E-001
  -3.271999955177307E-001
  -6.175000071525574E-001
  -6.126000285148621E-001
  -1.415999978780747E-001
       -1.413699984550476
   5.964999794960022E-001
   3.395000100135803E-001
   6.385999917984009E-001
        1.271399974822998
   7.764999866485596E-001
        1.148399949073792
   8.579999804496765E-001
        1.030099987983704
   4.647000133991242E-001
  -5.834000110626221E-001
  -3.285999894142151E-001
   1.974000036716461E-001
        1.000399947166443
        1.626299977302551
        1.213600039482117
        1.377300024032593
   4.972999989986420E-001
   7.706000208854675E-001
  -6.082000136375427E-001
  -8.457000255584717E-001
   4.722000062465668E-001
   1.133000031113625E-001
  -6.100000068545342E-002
   1.370000001043081E-002
   5.090000107884407E-002
   5.407999753952026E-001
   3.438000082969666E-001
   4.505999982357025E-001
  -6.850000023841858E-001
  -3.880999982357025E-001
       -1.089699983596802
  -6.560000181198120E-001
  -5.221999883651733E-001
       -1.599799990653992
  -8.108999729156494E-001
       -1.134199976921082
       -1.274099946022034
       -1.037099957466126
  -8.831999897956848E-001
  -9.775999784469605E-001
       -1.213299989700317
  -7.121999859809876E-001
  -6.991999745368958E-001
  -6.754999756813049E-001
       -1.353099942207336
  -9.136000275611877E-001
  -3.440999984741211E-001
  -5.066999793052673E-001
  -9.969999790191650E-001
  -6.337000131607056E-001
  -8.895000219345093E-001
  -4.366999864578247E-001
  -5.487999916076660E-001
  -2.439999952912331E-002
   3.629999980330467E-002
   2.711000144481659E-001
  -3.300999999046326E-001
  -4.618999958038330E-001
  -4.853999912738800E-001
   1.410000026226044E-002
   5.067999958992004E-001
   8.770000189542770E-002
   5.924999713897705E-001
        1.369300007820129
        1.436599969863892
        1.273900032043457
   9.535999894142151E-001
   8.460000157356262E-002
   6.345999836921692E-001
  -3.469999879598618E-002
       -1.097599983215332
   1.615999937057495E-001
   5.015000104904175E-001
   7.303000092506409E-001
        1.292000055313110
        1.405200004577637
        1.394299983978272
   6.389999985694885E-001
  -7.703999876976013E-001
       -2.011399984359741
        1.330999970436096
   2.460000067949295E-001
   3.806999921798706E-001
  -1.142999976873398E-001
   8.871999979019165E-001
   6.237999796867371E-001
   8.683999776840210E-001
  -4.020999968051910E-001
  -9.157000184059143E-001
       -1.242599964141846
       -1.318799972534180
  -7.376000285148621E-001
       -1.800199985504150
       -2.037499904632568
       -1.695600032806397
       -1.694599986076355
  -9.789000153541565E-001
  -9.932000041007996E-001
  -8.077999949455261E-001
  -6.294000148773193E-001
  -5.367000102996826E-001
  -7.809000015258789E-001
  -5.988000035285950E-001
  -9.153000116348267E-001
       -1.636600017547607
       -1.407099962234497
  -2.822000086307526E-001
   3.075999915599823E-001
  -8.529000282287598E-001
  -6.227999925613403E-001
       -1.338500022888184
  -4.603999853134155E-001
  -1.380999982357025E-001
       -1.626999974250794
       -1.628800034523010
  -3.553000092506409E-001
  -4.769999906420708E-002
  -3.118000030517578E-001
   5.420000106096268E-002
   1.182999983429909E-001
  -7.674000263214111E-001
  -9.560000151395798E-002
        1.253900051116943
        1.708099961280823
        2.223000049591065
        1.364699959754944
   7.253000140190125E-001
   7.322999835014343E-001
        1.161900043487549
   2.313999980688095E-001
  -6.661999821662903E-001
  -4.232999980449677E-001
   5.838999748229981E-001
   5.878000259399414E-001
   7.796999812126160E-001
        1.662400007247925
        1.992799997329712
        1.536499977111816
       -1.029000043869019
  -7.537999749183655E-001
   9.393000006675720E-001
        1.680299997329712
   5.174999833106995E-001
   4.871000051498413E-001
        1.050099968910217
   7.213000059127808E-001
   7.170000076293945E-001
  -1.049000024795532E-001
  -8.899999856948853E-001
  -6.647999882698059E-001
  -8.424999713897705E-001
       -1.345900058746338
       -1.679100036621094
       -2.704299926757813
       -1.955999970436096
       -1.897400021553040
       -1.408800005912781
       -1.792600035667419
       -1.210700035095215
       -1.204599976539612
  -3.425999879837036E-001
   3.111999928951263E-001
  -3.547999858856201E-001
  -8.302999734878540E-001
  -6.118999719619751E-001
  -6.710000038146973E-001
   9.261999726295471E-001
        1.077200055122376
  -4.079000055789948E-001
       -1.189900040626526
       -1.538900017738342
  -3.104999959468842E-001
  -9.759999811649323E-002
  -5.066999793052673E-001
  -7.688999772071838E-001
  -5.776000022888184E-001
  -1.958000063896179E-001
  -1.284999996423721E-001
  -1.207000017166138E-001
   5.508000254631043E-001
   3.709999844431877E-002
   2.662000060081482E-001
   7.562999725341797E-001
   9.183999896049500E-001
        1.254899978637695
   7.631000280380249E-001
        1.026800036430359
   3.204999864101410E-001
   5.748999714851379E-001
        1.307700037956238
   2.029000073671341E-001
   5.842999815940857E-001
  -3.375000059604645E-001
   6.464999914169312E-001
        1.111500024795532
   4.036999940872192E-001
   8.942000269889832E-001
   3.429999947547913E-001
  -2.239000052213669E-001
   1.359000056982040E-001
   6.582999825477600E-001
        1.341199994087219
   8.080999851226807E-001
   3.380999863147736E-001
   1.020999997854233E-001
   3.359999954700470E-001
        1.073799967765808
  -8.240000158548355E-002
  -9.291999936103821E-001
  -7.213000059127808E-001
       -1.243800044059753
       -1.945600032806397
       -2.060300111770630
       -1.633700013160706
       -1.830399990081787
  -7.439000010490418E-001
  -4.733999967575073E-001
  -9.386000037193298E-001
  -5.228000283241272E-001
   7.479999959468842E-002
   1.689999997615814E-001
   5.564000010490418E-001
   1.885000020265579E-001
   5.407999753952026E-001
  -1.870999932289124E-001
   7.490000128746033E-002
        1.279899954795837
        1.265599966049194
   8.150000125169754E-002
  -1.746000051498413E-001
  -3.740000128746033E-001
  -7.559999823570252E-001
   2.876999974250794E-001
   3.790999948978424E-001
  -1.700000092387199E-002
  -1.351000070571899E-001
  -4.859999939799309E-002
  -3.571000099182129E-001
  -4.544000029563904E-001
   6.790999770164490E-001
        1.171499967575073
   9.707000255584717E-001
        1.342399954795837
   8.259000182151794E-001
   5.709000229835510E-001
   8.704000115394592E-001
   9.858999848365784E-001
   1.168999969959259E-001
   9.193000197410584E-001
        1.152799963951111
        1.470199942588806
   4.999000132083893E-001
   3.350000083446503E-001
   8.428000211715698E-001
   8.076000213623047E-001
  -1.219999976456165E-002
  -8.139999955892563E-002
   1.579000055789948E-001
  -8.330000042915344E-001
  -7.416999936103821E-001
        1.159500002861023
   5.271999835968018E-001
   4.920000135898590E-001
        1.163100004196167
   6.425999999046326E-001
   6.139000058174133E-001
   7.422000169754028E-001
   2.030000090599060E-002
       -1.234500050544739
  -6.503999829292297E-001
       -1.408400058746338
       -2.315799951553345
       -1.743399977684021
       -1.041300058364868
       -1.049200057983398
       -1.092200040817261
       -1.077200055122376
  -9.348000288009644E-001
  -3.777000010013580E-001
   1.774999946355820E-001
  -7.429000139236450E-001
   2.324000000953674E-001
   9.059999883174896E-002
  -3.971999883651733E-001
  -5.044000148773193E-001
  -4.991999864578247E-001
        1.119899988174439
   7.128999829292297E-001
   9.649000167846680E-001
  -4.634999930858612E-001
   5.950999855995178E-001
   2.194000035524368E-001
   1.810999959707260E-001
   1.948000043630600E-001
   2.892000079154968E-001
  -1.129999980330467E-001
  -8.967000246047974E-001
  -7.939000129699707E-001
   1.365000009536743E-001
   7.825000286102295E-001
   6.154000163078308E-001
        1.144999980926514
   5.889000296592712E-001
   8.941000103950501E-001
   9.100000262260437E-001
        1.233800053596497
        1.198899984359741
        1.316300034523010
        1.291800022125244
        1.111400008201599
        1.224499940872192
   1.791000068187714E-001
   6.003000140190125E-001
   2.295999974012375E-001
  -2.432000041007996E-001
  -8.072999715805054E-001
  -1.155000030994415E-001
  -7.124999761581421E-001
       -1.028599977493286
       -1.267199993133545
        1.381999969482422
   8.464000225067139E-001
   7.990999817848206E-001
        1.030699968338013
   8.442000150680542E-001
   7.429999858140945E-002
   2.209999971091747E-002
  -1.810999959707260E-001
  -7.134000062942505E-001
       -1.297700047492981
       -1.263200044631958
       -1.321699976921082
       -1.055299997329712
   1.138999983668327E-001
  -9.160000085830689E-002
       -1.183699965476990
       -1.137500047683716
       -1.251799941062927
       -1.025799989700317
   1.040000002831221E-002
  -3.946999907493591E-001
  -8.640999794006348E-001
  -4.185999929904938E-001
  -5.206000208854675E-001
  -5.989999771118164E-001
  -1.397999972105026E-001
   7.979999780654907E-001
   4.465999901294708E-001
   5.741000175476074E-001
  -2.901999950408936E-001
   1.981000006198883E-001
  -3.183000087738037E-001
  -6.449999660253525E-002
   2.255000025033951E-001
   1.548999994993210E-001
  -5.220000147819519E-001
  -1.366000026464462E-001
  -1.571999937295914E-001
   2.384999990463257E-001
   7.433000206947327E-001
   8.048999905586243E-001
  -1.389999967068434E-002
   9.014999866485596E-001
   8.651999831199646E-001
        1.058400034904480
   7.501999735832214E-001
   8.827999830245972E-001
        1.646800041198731
        1.200500011444092
   1.638000011444092E-001
   1.717000007629395E-001
   1.384000033140183E-001
  -2.890000045299530E-001
  -2.452999949455261E-001
       -1.035300016403198
       -1.733500003814697
  -8.935999870300293E-001
       -1.176200032234192
       -1.015300035476685
  -8.842999935150147E-001
   7.742999792098999E-001
        1.290400028228760
        1.075999975204468
   5.769000053405762E-001
   1.771000027656555E-001
   8.921999931335449E-001
  -8.569999784231186E-002
  -7.090000063180924E-002
  -2.727999985218048E-001
       -1.199200034141541
       -1.585800051689148
  -9.115999937057495E-001
  -2.730000019073486E-001
   4.866000115871429E-001
  -2.260000072419643E-002
  -4.618000090122223E-001
  -5.570999979972839E-001
  -1.746000051498413E-001
       -1.001799941062927
       -1.112699985504150
       -1.169700026512146
  -5.630999803543091E-001
  -5.346000194549561E-001
  -7.749999761581421E-001
  -6.244000196456909E-001
   6.830000132322311E-002
  -6.560000032186508E-002
   4.532999992370606E-001
   4.688000082969666E-001
   3.779000043869019E-001
   6.966000199317932E-001
  -3.145999908447266E-001
   5.616000294685364E-001
   3.327000141143799E-001
   6.279999762773514E-002
   6.147999763488770E-001
   2.044000029563904E-001
   6.380000114440918E-001
   4.826000034809113E-001
        1.108199954032898
   7.265999913215637E-001
   4.401000142097473E-001
        1.080999970436096
        1.117400050163269
        1.441200017929077
        1.255399942398071
   8.902000188827515E-001
        1.304000020027161
        1.366899967193604
   3.055000007152557E-001
  -1.826000064611435E-001
  -6.176999807357788E-001
       -1.182700037956238
       -1.100200057029724
       -1.429999947547913
  -7.290999889373779E-001
  -8.180000185966492E-001
       -1.460800051689148
       -1.037199974060059
  -9.897000193595886E-001
  -3.474000096321106E-001
   8.614000082015991E-001
   8.396000266075134E-001
   6.380000114440918E-001
   1.600999981164932E-001
   3.856999874114990E-001
  -6.570000201463699E-002
  -2.386000007390976E-001
  -1.020000036805868E-002
  -5.917999744415283E-001
       -1.414199948310852
  -5.099999904632568E-001
  -7.224000096321106E-001
   7.250000238418579E-001
   8.337000012397766E-001
  -1.463000029325485E-001
  -4.453000128269196E-001
  -1.403000056743622E-001
  -5.094000101089478E-001
       -1.612800002098084
  -7.979000210762024E-001
  -6.254000067710877E-001
   3.018999993801117E-001
  -4.214999973773956E-001
   4.302999973297119E-001
        1.001700043678284
  -1.585000008344650E-001
   3.662000000476837E-001
        1.510400056838989
   9.089999794960022E-001
   6.704999804496765E-001
   9.700000286102295E-001
        1.060700058937073
   5.227000117301941E-001
   4.199999943375588E-002
  -1.448000073432922E-001
   5.503000020980835E-001
        1.080399990081787
   6.316999793052673E-001
   4.537999927997589E-001
   6.320999860763550E-001
   7.559999823570252E-001
        1.562600016593933
        1.674900054931641
        1.560600042343140
        2.085500001907349
        1.817000031471252
        1.706699967384338
   9.085000157356262E-001
  -2.748000025749207E-001
       -1.308400034904480
       -2.103699922561646
       -1.379500031471252
       -1.493000030517578
       -1.488399982452393
  -4.625999927520752E-001
  -6.486999988555908E-001
       -1.519799947738648
       -1.328199982643127
  -6.338999867439270E-001
  -7.129999995231628E-002
        1.193699955940247
        1.741500020027161
   9.631999731063843E-001
   4.681000113487244E-001
   6.136999726295471E-001
  -7.360000163316727E-002
  -4.751999974250794E-001
   2.830000035464764E-002
  -3.249999880790710E-001
  -1.630000025033951E-001
  -1.810000091791153E-002
  -5.279999971389771E-001
  -5.975000262260437E-001
   2.178999930620194E-001
  -1.359000056982040E-001
  -7.980000227689743E-002
   5.060999989509583E-001
   1.147999987006187E-001
   8.730000257492065E-002
   5.126000046730042E-001
   4.914000034332275E-001
        1.150200009346008
   6.883999705314636E-001
   9.193000197410584E-001
   4.027000069618225E-001
  -2.816999852657318E-001
   1.676000058650971E-001
   8.220999836921692E-001
   6.524000167846680E-001
   7.123000025749207E-001
   4.031000137329102E-001
   4.300999939441681E-001
   6.018999814987183E-001
   1.070000045001507E-002
   4.492000043392181E-001
  -8.370000123977661E-002
   9.355999827384949E-001
   3.917999863624573E-001
   2.027000039815903E-001
   2.116000056266785E-001
   9.936000108718872E-001
        1.140699982643127
        1.645699977874756
        1.382099986076355
   8.736000061035156E-001
        1.756299972534180
        1.125000000000000
   2.408999949693680E-001
  -3.165000081062317E-001
  -4.645000100135803E-001
       -1.874500036239624
       -2.351900100708008
       -2.419800043106079
       -1.637500047683716
       -1.276399970054627
  -4.489000141620636E-001
  -3.831999897956848E-001
       -1.778800010681152
       -1.084800004959106
   6.894000172615051E-001
        1.359300017356873
   8.797000050544739E-001
        1.079499959945679
  -9.700000286102295E-002
  -3.199999919161201E-003
   1.838999986648560E-001
  -1.782999932765961E-001
   6.693999767303467E-001
  -6.644999980926514E-001
  -7.602999806404114E-001
       -1.005399942398071
       -1.273100018501282
       -1.046100020408630
   4.146000146865845E-001
  -2.883999943733215E-001
   6.748999953269959E-001
   7.591000199317932E-001
   9.735000133514404E-001
   4.110000133514404E-001
   9.553999900817871E-001
        1.398599982261658
        1.957100033760071
        1.406900048255920
   8.435000181198120E-001
        1.187999963760376
   6.403999924659729E-001
  -1.923999935388565E-001
   3.660000115633011E-002
   4.456000030040741E-001
   2.718999981880188E-001
   1.317999958992004E-001
   8.327999711036682E-001
   9.032999873161316E-001
        1.042199969291687
   9.480999708175659E-001
   5.680000185966492E-001
   6.301000118255615E-001
   9.958000183105469E-001
   2.639999985694885E-001
  -7.499999832361937E-003
  -6.939999759197235E-002
   8.536999821662903E-001
   4.007000029087067E-001
   7.639999687671661E-002
   7.819999754428864E-002
   8.402000069618225E-001
        1.443400025367737
        1.536100029945374
   2.594000101089478E-001
   4.438999891281128E-001
  -9.237999916076660E-001
       -2.874399900436401
       -2.523200035095215
       -2.003700017929077
       -1.485399961471558
  -9.610000252723694E-001
  -4.618999958038330E-001
  -6.852999925613403E-001
  -7.617999911308289E-001
  -4.341000020503998E-001
   1.257999986410141E-001
   1.358000040054321E-001
   4.341000020503998E-001
   7.010999917984009E-001
   5.910999774932861E-001
        1.255300045013428
   8.877999782562256E-001
        1.024600028991699
   9.430000185966492E-002
       -1.184999942779541
       -1.788300037384033
       -1.479900002479553
  -3.361999988555908E-001
   4.086999893188477E-001
   6.104999780654907E-001
   1.650999933481216E-001
   7.243999838829041E-001
   3.109000027179718E-001
   2.563000023365021E-001
        1.786499977111816
        1.793900012969971
        1.973299980163574
        2.026599884033203
        1.508900046348572
        1.645300030708313
   3.745000064373016E-001
   1.863999962806702E-001
  -2.119999974966049E-001
   2.572999894618988E-001
  -3.709999918937683E-001
   6.087999939918518E-001
   2.090000063180924E-001
  -5.409999936819077E-002
   4.595000147819519E-001
   4.377999901771545E-001
   3.176999986171722E-001
   2.849999964237213E-001
   5.106999874114990E-001
        1.151200056076050
   4.803000092506409E-001
  -4.176999926567078E-001
  -3.217000067234039E-001
  -4.706999957561493E-001
   3.634000122547150E-001
  -3.242999911308289E-001
  -2.569000124931335E-001
   1.667000055313110E-001
        1.276100039482117
   7.727000117301941E-001
   9.089999645948410E-002
  -4.751999974250794E-001
       -2.690900087356567
       -2.717200040817261
       -2.368000030517578
       -1.465700030326843
       -1.550500035285950
  -4.359999895095825E-001
  -5.829999968409538E-002
  -6.144000291824341E-001
   1.119999960064888E-002
  -6.036000251770020E-001
  -7.119999825954437E-002
   2.027000039815903E-001
   4.589000046253204E-001
   3.626999855041504E-001
   3.255000114440918E-001
  -2.770000100135803E-001
   6.355999708175659E-001
   4.259999990463257E-001
  -6.462000012397766E-001
  -8.575999736785889E-001
  -1.394000053405762E-001
   8.739999681711197E-002
   1.460999995470047E-001
   4.957000017166138E-001
   8.587999939918518E-001
   5.246999859809876E-001
   2.449999935925007E-002
   8.978999853134155E-001
   5.367000102996826E-001
   6.669999957084656E-001
        1.335600018501282
        2.083899974822998
        1.534299969673157
   3.463000059127808E-001
  -2.800000011920929E-001
  -2.960999906063080E-001
  -1.142000034451485E-001
  -8.860000222921372E-002
   4.754999876022339E-001
   9.988999962806702E-001
   9.994000196456909E-001
   8.284000158309937E-001
   8.802000284194946E-001
        1.351799964904785
   1.870999932289124E-001
   2.617000043392181E-001
   2.928999960422516E-001
   7.457000017166138E-001
   6.470000147819519E-001
   4.334999918937683E-001
   8.966000080108643E-001
  -6.729999929666519E-002
   4.540000110864639E-002
       -1.500399947166443
   3.077999949455261E-001
   9.326999783515930E-001
        2.066900014877319
   5.579000115394592E-001
  -3.810999989509583E-001
       -1.020400047302246
       -1.425199985504150
       -2.036299943923950
       -2.044899940490723
       -2.103600025177002
       -1.527899980545044
       -1.244400024414063
  -4.095999896526337E-001
   3.637000024318695E-001
       -1.118800044059753
       -1.095499992370606
  -8.877999782562256E-001
   2.678000032901764E-001
  -2.283000051975250E-001
  -1.369999945163727E-001
   3.600000143051148E-001
  -6.930000334978104E-002
  -5.749999880790710E-001
   4.124000072479248E-001
  -2.034000009298325E-001
  -2.578999996185303E-001
  -2.712999880313873E-001
   7.778999805450440E-001
  -3.332000076770783E-001
   3.134999871253967E-001
   1.757999956607819E-001
   7.763000130653381E-001
   4.876999855041504E-001
  -3.700000001117587E-003
   6.879000067710877E-001
   7.206000089645386E-001
        1.682600021362305
        1.207000017166138
        1.458699941635132
   5.270000174641609E-002
  -4.566000103950501E-001
  -2.301000058650971E-001
   2.996000051498413E-001
   4.246999919414520E-001
        1.523599982261658
   3.228999972343445E-001
   6.988000273704529E-001
   6.340000033378601E-001
   6.348000168800354E-001
        1.006700038909912
   7.364000082015991E-001
  -3.585000038146973E-001
  -2.374999970197678E-001
  -3.139999881386757E-002
        1.019899964332581
        1.145599961280823
   4.884999990463257E-001
   1.529999971389771E-001
   2.600000007078052E-003
   5.583000183105469E-001
   4.266000092029572E-001
   8.402000069618225E-001
   1.641999930143356E-001
  -5.429999902844429E-002
  -1.307000070810318E-001
       -1.138000011444092
  -5.978000164031982E-001
       -1.616600036621094
       -1.350700020790100
  -8.173999786376953E-001
       -1.011399984359741
       -1.027199983596802
   1.339000016450882E-001
  -9.759999811649323E-002
  -9.200999736785889E-001
       -1.429399967193604
       -1.156800031661987
  -4.009000062942505E-001
  -2.220000028610230E-001
   3.574999868869782E-001
        1.547700047492981
   5.741000175476074E-001
   8.540999889373779E-001
   3.224999904632568E-001
  -6.210000067949295E-002
  -8.980000019073486E-002
        1.276299953460693
   2.383999973535538E-001
   6.190000176429749E-001
   3.415000140666962E-001
  -7.840000092983246E-002
   8.941000103950501E-001
   1.375000029802322E-001
   6.024000048637390E-001
   9.899999946355820E-002
   6.959000229835510E-001
        1.205299973487854
   8.194000124931335E-001
        1.679000020027161
   5.335999727249146E-001
  -4.268000125885010E-001
  -4.318999946117401E-001
  -2.108999937772751E-001
   2.536999881267548E-001
   9.826999902725220E-001
   5.220999717712402E-001
   7.933999896049500E-001
   5.909999832510948E-002
   8.982999920845032E-001
        1.199900031089783
  -3.549000024795532E-001
  -5.023000240325928E-001
  -3.106999993324280E-001
   2.705999910831451E-001
   9.117000102996826E-001
        1.490700006484985
        1.411499977111816
   2.144999951124191E-001
   4.986000061035156E-001
   2.029000073671341E-001
        1.076599955558777
   6.094999909400940E-001
   8.510000258684158E-002
  -4.690000116825104E-001
  -6.370999813079834E-001
  -5.177000164985657E-001
  -4.839999973773956E-001
       -1.010800004005432
       -1.487100005149841
  -3.422999978065491E-001
  -7.951999902725220E-001
  -7.105000019073486E-001
   9.189999848604202E-002
       -1.329300045967102
  -1.159999966621399E-001
  -2.538999915122986E-001
  -6.653000116348267E-001
  -3.544999957084656E-001
  -9.372000098228455E-001
   3.697000145912170E-001
        1.157500028610230
   7.750999927520752E-001
        1.316699981689453
        1.504400014877319
   4.982999861240387E-001
  -9.629999846220017E-002
   1.237000003457069E-001
  -5.055999755859375E-001
  -2.402999997138977E-001
  -3.598999977111816E-001
   3.556999862194061E-001
   1.172999963164330E-001
   9.187999963760376E-001
   6.506999731063843E-001
   2.324000000953674E-001
   7.450000047683716E-001
        1.628299951553345
        1.952900052070618
        1.872200012207031
   2.910999953746796E-001
  -1.054999977350235E-001
  -8.740000128746033E-001
  -1.096000000834465E-001
   7.713999748229981E-001
   5.074999928474426E-001
   6.815999746322632E-001
  -7.450000196695328E-002
   2.908000051975250E-001
   5.958999991416931E-001
   6.707000136375427E-001
   7.087000012397766E-001
   7.907999753952026E-001
   2.074999958276749E-001
   2.161999940872192E-001
   1.208000034093857E-001
   7.872999906539917E-001
   4.569000005722046E-001
   4.794999957084656E-001
   6.967999935150147E-001
   1.291999965906143E-001
   1.023000031709671E-001
   2.212000042200089E-001
  -7.090000063180924E-002
  -1.736000031232834E-001
   3.316000103950501E-001
  -6.750000268220902E-002
  -3.014999926090241E-001
  -2.012999951839447E-001
       -1.335399985313416
  -9.520999789237976E-001
  -9.071999788284302E-001
       -1.563899993896484
       -1.228099942207336
       -1.301699995994568
   9.478999972343445E-001
   3.533000051975250E-001
   1.492000073194504E-001
  -5.964000225067139E-001
  -1.985000073909760E-001
   4.476999938488007E-001
   4.571999907493591E-001
        1.223099946975708
        1.753299951553345
        1.692800045013428
        1.148699998855591
   1.513999998569489E-001
  -1.498000025749207E-001
   5.196999907493591E-001
  -9.130000323057175E-002
   1.308999955654144E-001
   2.090000063180924E-001
   1.924999952316284E-001
   2.192000001668930E-001
  -2.676999866962433E-001
   6.710000038146973E-001
   2.975000143051148E-001
        1.465499997138977
        1.026100039482117
   2.310000061988831E-001
  -4.102999866008759E-001
  -7.865999937057495E-001
  -2.795000076293945E-001
   6.926000118255615E-001
   2.621999979019165E-001
   2.768000066280365E-001
   1.402000039815903E-001
   2.948000133037567E-001
        1.098199963569641
  -4.560999870300293E-001
  -1.562999933958054E-001
  -2.451999932527542E-001
  -3.328999876976013E-001
       -1.035099983215332
  -8.492000102996826E-001
  -2.196999937295914E-001
   4.277000129222870E-001
  -3.224999904632568E-001
  -4.038999974727631E-001
  -2.669999934732914E-002
  -3.799999877810478E-002
   7.542999982833862E-001
   3.334000110626221E-001
   2.345999926328659E-001
  -2.076999992132187E-001
   8.869999647140503E-002
   8.649999648332596E-002
  -1.433999985456467E-001
  -9.042000174522400E-001
       -1.220000028610230
       -1.132799983024597
  -7.325000166893005E-001
  -5.634999871253967E-001
  -6.665999889373779E-001
  -6.991000175476074E-001
   9.083999991416931E-001
   4.287000000476837E-001
        1.083799958229065
   6.111000180244446E-001
   1.090000011026859E-002
   4.004000127315521E-001
   5.113000273704529E-001
  -5.791000127792358E-001
        1.006199955940247
        1.386199951171875
        1.776700019836426
   9.624000191688538E-001
   4.401000142097473E-001
   5.637000203132629E-001
   4.772999882698059E-001
  -1.177999973297119E-001
   2.250999957323074E-001
   2.865000069141388E-001
   3.009000122547150E-001
  -7.357000112533569E-001
  -6.772000193595886E-001
  -7.013000249862671E-001
  -4.354000091552734E-001
   7.135999798774719E-001
   3.899999856948853E-001
   7.272999882698059E-001
  -8.299999870359898E-003
  -1.940000057220459E-002
   7.804999947547913E-001
   8.478000164031982E-001
        1.030799984931946
   4.352999925613403E-001
   9.792000055313110E-001
        1.414600014686585
   2.166000008583069E-001
  -1.942999958992004E-001
  -2.408999949693680E-001
       -1.069700002670288
  -6.035000085830689E-001
  -5.036000013351440E-001
  -9.710000157356262E-001
  -9.146000146865845E-001
  -7.120000123977661E-001
   4.533999860286713E-001
   3.301999866962433E-001
   6.672000288963318E-001
   5.475999712944031E-001
   5.702000260353088E-001
  -3.517000079154968E-001
   9.527000188827515E-001
   8.891999721527100E-001
   5.047000050544739E-001
   3.233000040054321E-001
  -7.182000279426575E-001
  -3.084999918937683E-001
  -8.565000295639038E-001
  -7.573000192642212E-001
  -1.230000033974648E-001
  -2.770000100135803E-001
  -1.600000075995922E-002
  -8.500000089406967E-002
   2.515000104904175E-001
   9.894999861717224E-001
   6.710000038146973E-001
   5.306000113487244E-001
   2.540999948978424E-001
  -5.550000071525574E-002
       -1.052600026130676
   4.000000059604645E-001
   2.135999947786331E-001
   6.837999820709229E-001
   7.181000113487244E-001
   5.224999785423279E-001
  -9.553999900817871E-001
   6.909999996423721E-002
  -5.230000019073486E-001
   8.799999952316284E-003
  -2.942000031471252E-001
   1.902000010013580E-001
  -6.254000067710877E-001
       -1.144099950790405
       -1.262400031089783
  -5.734999775886536E-001
  -4.257000088691711E-001
   6.787999868392944E-001
   4.284999966621399E-001
  -2.434999942779541E-001
  -2.490999996662140E-001
   1.907999962568283E-001
   1.264999955892563E-001
        1.112499952316284
        1.524399995803833
   8.804000020027161E-001
        1.772300004959106
   5.052999854087830E-001
  -5.209999904036522E-002
  -6.689999997615814E-002
  -1.365000009536743E-001
  -5.016000270843506E-001
  -3.646999895572662E-001
  -7.936000227928162E-001
  -7.694000005722046E-001
  -3.016000092029572E-001
   8.439000248908997E-001
   4.074999988079071E-001
   6.554999947547913E-001
   1.869000047445297E-001
  -1.077999994158745E-001
   6.456000208854675E-001
   4.138999879360199E-001
   6.532999873161316E-001
   7.074000239372253E-001
  -4.960000142455101E-002
   1.246000006794930E-001
   1.960000023245812E-002
  -3.763999938964844E-001
  -9.186999797821045E-001
  -1.163000017404556E-001
   1.360000018030405E-002
  -4.557999968528748E-001
  -8.150000125169754E-002
   6.493999958038330E-001
   2.502999901771545E-001
        1.110000014305115
        1.078999996185303
        1.061599969863892
   7.721999883651733E-001
  -2.651999890804291E-001
  -3.425000011920929E-001
  -5.892000198364258E-001
  -6.292999982833862E-001
   4.282999932765961E-001
   2.412000000476837E-001
  -5.182999968528748E-001
  -6.646999716758728E-001
  -4.300999939441681E-001
   2.247000038623810E-001
   3.639999926090241E-001
   1.758999973535538E-001
  -2.037000060081482E-001
  -3.932000100612640E-001
       -1.304900050163269
  -4.395999908447266E-001
  -4.952000081539154E-001
   2.854000031948090E-001
   6.718000173568726E-001
  -1.419000029563904E-001
  -3.876999914646149E-001
  -5.299999937415123E-002
        1.025900006294251
   5.311999917030335E-001
        1.412199974060059
        1.333199977874756
        1.134500026702881
   8.610000014305115E-001
   4.803000092506409E-001
   2.872999906539917E-001
   2.416999936103821E-001
   1.791000068187714E-001
  -2.023999989032745E-001
  -3.896999955177307E-001
  -5.855000019073486E-001
  -3.603999912738800E-001
  -5.249999836087227E-002
   4.343999922275543E-001
   3.411000072956085E-001
   2.449000030755997E-001
  -4.711999893188477E-001
   4.855000078678131E-001
   2.592999935150147E-001
   7.462999820709229E-001
  -6.580000370740891E-002
  -2.320999950170517E-001
  -1.635999977588654E-001
  -1.758999973535538E-001
   2.648000121116638E-001
  -6.083999872207642E-001
  -1.920000091195107E-002
  -2.333000004291534E-001
  -9.211000204086304E-001
  -7.558000087738037E-001
   2.380000054836273E-001
   2.285999953746796E-001
   9.322999715805054E-001
        1.455899953842163
   4.666000008583069E-001
   2.340999990701675E-001
   1.576000005006790E-001
  -4.593999981880188E-001
  -2.116000056266785E-001
  -5.019999742507935E-001
  -7.985000014305115E-001
   8.969999849796295E-002
  -2.449000030755997E-001
  -2.513000071048737E-001
   1.970000006258488E-002
   4.088999927043915E-001
   8.730000257492065E-002
   1.694000065326691E-001
   9.430000185966492E-002
  -2.495000064373016E-001
  -8.769999742507935E-001
  -4.939000010490418E-001
   1.809999942779541E-001
        1.052000045776367
   5.588999986648560E-001
   5.812000036239624E-001
   8.033999800682068E-001
        1.284100055694580
   8.230000138282776E-001
   3.028999865055084E-001
   9.268000125885010E-001
        1.579699993133545
        1.019400000572205
        1.115300059318543
   5.829999968409538E-002
  -1.879999972879887E-002
   1.598999947309494E-001
   1.974000036716461E-001
   1.125999987125397E-001
       -1.229799985885620
       -1.988000035285950
  -8.306999802589417E-001
  -7.716000080108643E-001
       -1.033900022506714
   7.572000026702881E-001
   2.258999943733215E-001
   3.977999985218048E-001
   1.251000016927719E-001
  -6.960000097751617E-002
  -9.839999675750732E-002
   2.217999994754791E-001
  -1.243000030517578E-001
   3.822999894618988E-001
  -5.113000273704529E-001
  -1.544999927282333E-001
   1.066000014543533E-001
  -2.106000036001205E-001
  -3.429999947547913E-001
       -1.080500006675720
  -1.701000034809113E-001
  -5.838000178337097E-001
   5.098000168800354E-001
   6.075000166893005E-001
   2.531000077724457E-001
  -4.480000138282776E-001
  -2.720000036060810E-002
   5.389999970793724E-002
  -4.887999892234802E-001
  -3.079999983310700E-001
   1.378999948501587E-001
  -1.395999938249588E-001
  -4.826000034809113E-001
  -6.489999890327454E-001
  -7.619000077247620E-001
   2.143999934196472E-001
   5.758000016212463E-001
  -3.154000043869019E-001
  -5.800999999046326E-001
  -4.192000031471252E-001
  -8.302999734878540E-001
       -1.416000008583069
  -5.386999845504761E-001
  -5.881000161170960E-001
   1.001999974250794E-001
        1.089599967002869
   9.490000009536743E-001
   3.441999852657318E-001
        1.243899941444397
        1.904399991035461
        1.434700012207031
        1.328899979591370
   6.035000085830689E-001
   3.398000001907349E-001
   9.735999703407288E-001
        1.043499946594238
   5.536000132560730E-001
   4.507000148296356E-001
  -1.359000056982040E-001
  -1.089000031352043E-001
  -3.185000121593475E-001
       -1.414199948310852
       -1.400500059127808
       -1.283499956130981
   3.237999975681305E-001
        1.493899941444397
   6.334000229835510E-001
   1.378999948501587E-001
   3.999999898951501E-004
  -1.535000056028366E-001
   3.436000049114227E-001
  -8.519999682903290E-002
   2.922999858856201E-001
   8.106999993324280E-001
  -2.520000003278256E-002
   5.827000141143799E-001
   1.659000068902969E-001
   4.740000143647194E-002
  -1.928000003099442E-001
  -1.270000040531158E-001
   3.296999931335449E-001
   6.837999820709229E-001
   1.773000061511993E-001
   4.529999941587448E-002
  -3.222000002861023E-001
  -2.908000051975250E-001
   3.644999861717224E-001
  -2.497999966144562E-001
  -3.180000185966492E-002
  -4.875999987125397E-001
   3.208000063896179E-001
   5.314000248908997E-001
   7.228000164031982E-001
   5.055999755859375E-001
  -2.116000056266785E-001
   6.895999908447266E-001
   3.249000012874603E-001
  -3.156000077724457E-001
  -6.750000119209290E-001
       -1.173400044441223
  -6.859999895095825E-001
       -1.121299982070923
  -6.276999711990356E-001
   5.849999785423279E-001
   3.998000025749207E-001
        1.231400012969971
   8.524000048637390E-001
        1.461500048637390
        2.003799915313721
        2.154400110244751
        1.844400048255920
        1.910400032997131
        2.198999881744385
        1.198899984359741
   8.695999979972839E-001
   7.516999840736389E-001
   9.787999987602234E-001
   3.856999874114990E-001
  -1.544000059366226E-001
  -2.013999968767166E-001
  -6.025999784469605E-001
  -6.769000291824341E-001
  -9.871000051498413E-001
  -3.822000026702881E-001
  -1.230999976396561E-001
        1.133200049400330
        1.057899951934815
  -6.159999966621399E-002
   7.501999735832214E-001
  -7.649999856948853E-002
   2.196000069379807E-001
   6.019999831914902E-002
  -1.465999931097031E-001
   6.500999927520752E-001
   5.827000141143799E-001
   6.744999885559082E-001
   5.629000067710877E-001
   4.009999930858612E-001
  -2.135999947786331E-001
   5.052999854087830E-001
   5.654000043869019E-001
   4.187000095844269E-001
  -2.560999989509583E-001
  -4.711000025272369E-001
  -3.325000107288361E-001
  -1.536999940872192E-001
  -1.018000021576881E-001
  -1.534000039100647E-001
  -4.571999907493591E-001
   3.379999846220017E-002
   5.534999966621399E-001
  -4.151000082492828E-001
   2.727999985218048E-001
  -4.179999977350235E-002
   4.269999861717224E-001
   1.818999946117401E-001
   3.876999914646149E-001
   2.865000069141388E-001
  -7.142999768257141E-001
       -1.160099983215332
       -1.422000050544739
  -4.548000097274780E-001
  -8.924000263214111E-001
  -3.176999986171722E-001
        1.247099995613098
   8.009999990463257E-001
        1.601400017738342
        2.606499910354614
        1.208600044250488
        1.377400040626526
        1.696699976921082
        2.303299903869629
        2.773000001907349
        2.243999958038330
        2.217400074005127
        1.290799975395203
        1.239899992942810
   4.610000178217888E-002
  -6.844999790191650E-001
  -8.766999840736389E-001
  -5.174999833106995E-001
   5.214999914169312E-001
   1.203000023961067E-001
   4.009000062942505E-001
        1.237300038337708
        1.432500004768372
   6.801000237464905E-001
   7.368000149726868E-001
   1.350000053644180E-001
  -5.609999969601631E-002
   1.137000024318695E-001
  -4.930000007152557E-002
   5.579999834299088E-002
  -4.170000180602074E-002
  -2.700000107288361E-001
   1.523000001907349E-001
   1.459999978542328E-001
   1.747999936342239E-001
   5.493000149726868E-001
   1.480000000447035E-002
   1.193000003695488E-001
   7.180000096559525E-002
  -1.438000053167343E-001
  -4.201000034809113E-001
   2.047999948263168E-001
   4.729999974370003E-002
  -6.693000197410584E-001
  -1.017000004649162E-001
  -1.972000002861023E-001
   1.500000059604645E-001
  -9.850999712944031E-001
  -7.095999717712402E-001
  -7.070999741554260E-001
   1.460000034421682E-002
   2.511999905109406E-001
   3.632000088691711E-001
   3.258000016212463E-001
   2.256000041961670E-001
   7.680000364780426E-002
   4.950000047683716E-001
  -2.425999939441681E-001
  -9.411000013351440E-001
  -6.425999999046326E-001
   5.828999876976013E-001
   9.523000121116638E-001
        1.386500000953674
   9.537000060081482E-001
        1.429499983787537
        1.101999998092651
   5.879999995231628E-001
   3.917999863624573E-001
   5.357999801635742E-001
        1.160699963569641
   8.671000003814697E-001
   9.480000138282776E-001
        1.052299976348877
   9.879999756813049E-001
   5.464000105857849E-001
  -9.265000224113464E-001
  -8.258000016212463E-001
  -4.948999881744385E-001
  -3.226000070571899E-001
   7.118999958038330E-001
   8.386999964714050E-001
        1.481699943542481
        1.259099960327148
   1.904000043869019E-001
   1.914000064134598E-001
   9.040000289678574E-002
  -5.953999757766724E-001
  -3.389999866485596E-001
  -6.329999864101410E-002
   6.759999692440033E-002
  -2.588999867439270E-001
  -1.833000034093857E-001
   4.566999971866608E-001
   5.037999749183655E-001
  -1.115000024437904E-001
   2.955000102519989E-001
  -1.475999951362610E-001
  -9.700000286102295E-002
   1.865999996662140E-001
  -7.908999919891357E-001
       -1.106099963188171
  -2.370000034570694E-001
        1.224400043487549
   3.000000026077032E-003
   5.827000141143799E-001
   1.450999975204468E-001
  -7.641000151634216E-001
       -1.141000032424927
  -4.255000054836273E-001
  -3.589000105857849E-001
   5.350000038743019E-002
   2.761000096797943E-001
   1.154000014066696E-001
  -2.182999998331070E-001
   1.438000053167343E-001
   2.311999946832657E-001
  -1.272000074386597E-001
  -3.574999868869782E-001
   2.185000032186508E-001
  -4.187000095844269E-001
  -1.767999976873398E-001
  -1.689999997615814E-001
  -3.959999978542328E-002
   3.388999998569489E-001
   4.334999918937683E-001
   6.970000267028809E-001
   5.831999778747559E-001
  -1.436000019311905E-001
   4.237000048160553E-001
   6.631000041961670E-001
   5.598999857902527E-001
  -6.430000066757202E-002
   2.709000110626221E-001
   8.959999680519104E-002
  -2.736000120639801E-001
  -3.831999897956848E-001
  -9.144999980926514E-001
  -8.046000003814697E-001
  -2.605000138282776E-001
  -6.560000181198120E-001
   4.059999883174896E-001
   9.800000116229057E-003
        1.252200007438660
   6.366000175476074E-001
  -2.815000116825104E-001
   3.362999856472015E-001
  -5.606999993324280E-001
  -7.343000173568726E-001
  -8.500000238418579E-001
  -5.447000265121460E-001
   1.266999989748001E-001
   1.976999938488007E-001
   1.863999962806702E-001
  -1.428000032901764E-001
   5.249999836087227E-002
  -7.303000092506409E-001
  -6.869000196456909E-001
  -6.452999711036682E-001
       -1.530799984931946
       -1.829100012779236
  -6.855000257492065E-001
  -4.250999987125397E-001
   6.459000110626221E-001
   8.558999896049500E-001
        1.046000003814697
        1.145799994468689
   3.838999867439270E-001
  -1.528999954462051E-001
   2.055999934673309E-001
   5.383999943733215E-001
   3.571999967098236E-001
  -2.536999881267548E-001
  -2.515000104904175E-001
  -8.649999648332596E-002
  -5.458999872207642E-001
  -6.378999948501587E-001
   3.657000064849854E-001
   2.527000010013580E-001
   8.213000297546387E-001
   6.600000262260437E-001
        1.041000008583069
   9.132000207901001E-001
   1.428000032901764E-001
   4.476000070571899E-001
   6.643999814987183E-001
        1.041700005531311
   1.750999987125397E-001
  -1.831000000238419E-001
  -1.538999974727631E-001
  -1.710000038146973E-001
   3.050000034272671E-002
  -2.716999948024750E-001
       -1.124500036239624
  -6.147000193595886E-001
  -8.409000039100647E-001
   1.032999977469444E-001
   4.760000109672546E-001
   1.572999954223633E-001
  -2.734999954700470E-001
       -1.123600006103516
  -2.263000011444092E-001
        1.163100004196167
   6.080999970436096E-001
        1.060799956321716
  -7.949999719858170E-002
   1.891999989748001E-001
       -1.173799991607666
       -1.398499965667725
  -4.693999886512756E-001
  -2.349999994039536E-001
  -1.942999958992004E-001
  -1.081999987363815E-001
   8.009999990463257E-002
   1.441999971866608E-001
   1.363999992609024E-001
  -3.334000110626221E-001
  -2.659999951720238E-002
  -3.984000086784363E-001
  -9.140999913215637E-001
       -1.620900034904480
  -3.273000121116638E-001
   5.063999891281128E-001
        1.257899999618530
   7.870000004768372E-001
   2.960999906063080E-001
   3.436999917030335E-001
  -2.569999918341637E-002
   3.133000135421753E-001
   1.869000047445297E-001
   7.121000289916992E-001
   2.946999967098236E-001
  -1.879999935626984E-001
   2.660000026226044E-001
   3.165999948978424E-001
  -3.758000135421753E-001
   3.559999912977219E-002
   5.572999715805054E-001
   4.905000030994415E-001
   5.112000107765198E-001
   9.501000046730042E-001
        1.307000041007996
   8.327000141143799E-001
   7.186999917030335E-001
   5.368999838829041E-001
   2.637999951839447E-001
   5.834000110626221E-001
  -2.761999964714050E-001
  -7.620999813079834E-001
  -6.004999876022339E-001
  -6.549999713897705E-001
  -2.116000056266785E-001
  -2.660000026226044E-001
  -3.996999859809876E-001
  -5.673000216484070E-001
  -7.962999939918518E-001
  -3.928999900817871E-001
   8.900000154972076E-002
   3.402999937534332E-001
   2.869999967515469E-002
   4.630000144243240E-002
        1.136000037193298
   4.413000047206879E-001
        1.112100005149841
        1.046100020408630
   2.791999876499176E-001
  -6.560000181198120E-001
       -1.006500005722046
       -1.105800032615662
  -6.855000257492065E-001
  -4.894999861717224E-001
  -2.382999956607819E-001
   2.879000008106232E-001
   3.343999981880188E-001
        1.125499963760376
   8.029000163078308E-001
   3.441999852657318E-001
  -5.299999844282866E-003
   2.333000004291534E-001
   5.130000114440918E-001
  -2.322999984025955E-001
   1.316999942064285E-001
        1.422399997711182
   9.937999844551086E-001
   6.529999971389771E-001
   7.412999868392944E-001
   3.998000025749207E-001
   3.792000114917755E-001
   1.230000033974648E-001
   9.610000252723694E-001
   3.283999860286713E-001
        1.060899972915649
   2.099000066518784E-001
   5.393000245094299E-001
   1.667000055313110E-001
  -6.899999827146530E-002
  -7.207999825477600E-001
  -6.379999965429306E-002
   1.498000025749207E-001
  -2.405000030994415E-001
  -2.649999968707562E-002
   4.603999853134155E-001
   5.504999756813049E-001
   1.193000003695488E-001
   5.914999842643738E-001
   5.956000089645386E-001
  -1.119999960064888E-002
       -1.020499944686890
  -7.443000078201294E-001
  -3.037999868392944E-001
  -3.398000001907349E-001
  -9.582999944686890E-001
  -7.753999829292297E-001
  -4.582000076770783E-001
  -8.172000050544739E-001
       -1.396800041198731
  -5.171999931335449E-001
   1.480000019073486E-001
   4.494000077247620E-001
   2.784999907016754E-001
   4.600000083446503E-001
        1.992200016975403
        1.067399978637695
        1.496700048446655
   7.840999960899353E-001
   1.882999986410141E-001
  -4.086999893188477E-001
  -5.774999856948853E-001
   1.833000034093857E-001
  -2.757000029087067E-001
   1.879999972879887E-002
   2.556999921798706E-001
   3.050000034272671E-002
        1.033900022506714
        1.034199953079224
   4.876999855041504E-001
   8.816000223159790E-001
   4.469000101089478E-001
   1.199999973177910E-001
   7.523000240325928E-001
   5.601999759674072E-001
        1.485000014305115
        1.804600000381470
        1.510100007057190
   3.970000147819519E-002
   2.754999995231628E-001
  -2.043000012636185E-001
  -4.988000094890595E-001
   3.592999875545502E-001
   2.667999863624573E-001
  -3.370000049471855E-002
   1.336999982595444E-001
  -1.411000043153763E-001
   3.768999874591827E-001
  -3.625999987125397E-001
  -2.558999955654144E-001
  -1.353999972343445E-001
   5.806000232696533E-001
  -2.653999924659729E-001
  -3.689999878406525E-001
   1.519999951124191E-001
   8.230999708175659E-001
   8.118000030517578E-001
   2.960999906063080E-001
   3.810000047087669E-002
  -4.174000024795532E-001
  -4.370000064373016E-001
       -1.548900008201599
       -1.488899946212769
       -1.427600026130676
       -1.042999982833862
       -1.497400045394898
       -1.067199945449829
       -1.509799957275391
       -1.400099992752075
       -1.146999955177307
  -3.828000128269196E-001
  -1.983000040054321E-001
  -7.639999985694885E-001
   1.965000033378601E-001
        1.044399976730347
        1.336699962615967
        1.380900025367737
        1.824100017547607
        1.086400032043457
   9.017999768257141E-001
   1.279999967664480E-002
  -3.140999972820282E-001
  -3.294000029563904E-001
   5.026999711990356E-001
        1.216699957847595
   8.862000107765198E-001
   1.289999932050705E-001
   3.876000046730042E-001
   2.099000066518784E-001
   6.129000186920166E-001
   6.387000083923340E-001
   8.454999923706055E-001
        1.169999957084656
        1.881399989128113
        2.184000015258789
        2.091599941253662
        1.869099974632263
        1.358800053596497
   9.552999734878540E-001
  -2.870999872684479E-001
   5.012999773025513E-001
   3.702000081539154E-001
   1.296000033617020E-001
  -1.671999990940094E-001
  -2.727999985218048E-001
   3.504000008106232E-001
   9.126999974250794E-001
   5.544000267982483E-001
  -1.342999935150147E-001
  -2.496999949216843E-001
   5.570999979972839E-001
  -2.536999881267548E-001
   1.221000030636787E-001
  -1.335999965667725E-001
  -4.032000005245209E-001
  -1.510000042617321E-002
   2.299000024795532E-001
   6.891999840736389E-001
  -3.488999903202057E-001
   4.645000100135803E-001
  -7.088999748229981E-001
       -1.371799945831299
       -1.166000008583069
  -7.617999911308289E-001
       -1.549000024795532
       -1.460000038146973
       -1.146600008010864
  -9.616000056266785E-001
       -1.343899965286255
  -8.781999945640564E-001
  -6.639000177383423E-001
  -3.939999938011169E-001
  -6.923999786376953E-001
   7.243999838829041E-001
   4.436999857425690E-001
        1.283400058746338
   7.048000097274780E-001
        1.651600003242493
   9.715999960899353E-001
   7.541999816894531E-001
        1.327000021934509
  -4.889999926090241E-001
   3.990000113844872E-002
   9.918000102043152E-001
        1.029600024223328
   7.089999914169312E-001
   9.811000227928162E-001
   8.191999793052673E-001
   3.905000090599060E-001
   1.647000014781952E-001
   1.748999953269959E-001
   4.109999909996986E-002
   7.360000014305115E-001
        1.349499940872192
        1.465000033378601
        1.726099967956543
        1.539399981498718
        1.216400027275085
   1.818999946117401E-001
   3.299999982118607E-003
  -3.684999942779541E-001
  -3.192999958992004E-001
  -3.009999990463257E-001
   1.896000057458878E-001
        1.182700037956238
        1.191400051116943
   4.648000001907349E-001
   2.229000031948090E-001
   1.421999931335449E-001
       -1.060199975967407
  -6.164000034332275E-001
   4.179999977350235E-002
   2.899999963119626E-003
   1.779999956488609E-002
   5.900000222027302E-003
   6.061000227928162E-001
        1.748399972915649
   9.210000187158585E-002
  -7.199999690055847E-002
   2.161000072956085E-001
  -7.712000012397766E-001
       -1.397099971771240
  -3.955999910831451E-001
  -2.099999934434891E-001
  -7.311000227928162E-001
  -7.874000072479248E-001
       -1.740700006484985
       -1.915899991989136
       -1.841500043869019
       -1.651999950408936
       -1.125300049781799
  -5.368999838829041E-001
  -4.384999871253967E-001
  -2.793000042438507E-001
       -1.002400040626526
   5.700000002980232E-002
   3.305999934673309E-001
   2.370000071823597E-002
   5.202000141143799E-001
   7.865999937057495E-001
        1.223700046539307
   2.651999890804291E-001
   4.902000129222870E-001
   7.838000059127808E-001
   7.554000020027161E-001
        1.534000039100647
        1.266700029373169
   6.040999889373779E-001
   2.560000121593475E-001
  -1.937000006437302E-001
  -3.513000011444092E-001
  -4.765000045299530E-001
   6.736000180244446E-001
        1.851600050926209
   7.908999919891357E-001
        1.016600012779236
   9.847999811172485E-001
   6.807000041007996E-001
   1.279000043869019E-001
   5.753999948501587E-001
   4.460000097751617E-001
   1.869999989867210E-002
   3.743000030517578E-001
   1.660999953746796E-001
   6.547999978065491E-001
   6.786000132560730E-001
  -1.899999976158142E-001
   2.904999852180481E-001
  -5.827999711036682E-001
   2.714000046253204E-001
  -2.260000072419643E-002
  -2.148000001907349E-001
   5.085999965667725E-001
   7.691000103950501E-001
   8.122000098228455E-001
        1.363499999046326
        1.138700008392334
  -3.957999944686890E-001
  -1.577000021934509E-001
       -1.120700001716614
  -6.905999779701233E-001
  -3.610999882221222E-001
  -3.610000014305115E-001
  -5.005000233650208E-001
   1.600999981164932E-001
  -5.375000238418579E-001
  -7.416999936103821E-001
       -1.602499961853027
       -1.785199999809265
       -1.083799958229065
       -1.422799944877625
  -8.253999948501587E-001
  -7.214999794960022E-001
  -5.964000225067139E-001
       -1.472699999809265
  -7.682999968528748E-001
  -3.950000107288361E-001
  -2.094999998807907E-001
  -5.110999941825867E-001
   8.608999848365784E-001
        1.338199973106384
   8.302999734878540E-001
        1.134899973869324
        1.320399999618530
        1.710299968719482
  -9.730000048875809E-002
  -5.013999938964844E-001
   5.196999907493591E-001
   1.360999941825867E-001
  -1.247999966144562E-001
  -6.133999824523926E-001
  -9.013000130653381E-001
        1.168599963188171
   9.842000007629395E-001
   6.812000274658203E-001
   8.464999794960022E-001
        1.042600035667419
        1.297500014305115
   1.196999996900559E-001
   2.621999979019165E-001
  -2.594000101089478E-001
  -3.152999877929688E-001
  -5.279999971389771E-002
   6.870999932289124E-001
        1.075600028038025
  -4.068999886512756E-001
  -1.914999932050705E-001
  -8.489999771118164E-001
  -9.283999800682068E-001
  -3.747000098228455E-001
   4.431999921798706E-001
   5.511000156402588E-001
   8.131999969482422E-001
        1.398499965667725
        1.234400033950806
        1.421599984169006
   4.627999961376190E-001
   7.064999938011169E-001
   1.049000024795532E-001
  -1.850000023841858E-002
   3.959999978542328E-002
  -1.405999958515167E-001
  -2.558000087738037E-001
   1.484999954700470E-001
   2.213000059127808E-001
  -4.794000089168549E-001
       -1.168099999427795
       -1.520799994468689
  -9.876000285148621E-001
  -6.736999750137329E-001
  -3.089999854564667E-001
  -8.697999715805054E-001
       -1.054000020027161
  -5.569000244140625E-001
       -1.169600009918213
  -8.334000110626221E-001
   3.145000040531158E-001
   6.886000037193298E-001
  -2.920000068843365E-002
  -1.033999994397163E-001
        1.276100039482117
        1.309700012207031
        2.070100069046021
        1.395599961280823
        1.393800020217896
   4.025999903678894E-001
  -8.579999953508377E-002
  -5.612999796867371E-001
       -1.179000020027161
       -1.005900025367737
   2.212000042200089E-001
  -1.659999936819077E-001
        2.290299892425537
        1.237300038337708
   6.887000203132629E-001
   2.066999971866608E-001
   6.402000188827515E-001
        1.246099948883057
   9.570999741554260E-001
  -6.700000166893005E-002
  -1.624000072479248E-001
   5.920000001788139E-002
  -5.184000134468079E-001
   4.171999990940094E-001
        1.247799992561340
   2.034000009298325E-001
  -3.450999855995178E-001
  -7.594000101089478E-001
       -1.460600018501282
  -8.907999992370606E-001
  -3.549000024795532E-001
   1.820999979972839E-001
   5.777000188827515E-001
        1.030799984931946
        1.564900040626526
  -1.528999954462051E-001
   2.180999964475632E-001
        1.775500059127808
        1.111899971961975
   5.048999786376953E-001
   7.933999896049500E-001
   9.606000185012817E-001
        1.025400042533875
   5.174999833106995E-001
   9.499999694526196E-003
  -9.775999784469605E-001
       -2.094000101089478
       -2.136300086975098
       -1.317299962043762
       -1.556800007820129
       -1.988899946212769
       -1.571699976921082
       -1.808799982070923
       -1.325700044631958
       -1.228999972343445
  -8.388000130653381E-001
   5.020999908447266E-001
  -5.000000074505806E-002
  -2.757000029087067E-001
  -1.649000048637390E-001
   9.358999729156494E-001
   6.450999975204468E-001
   9.187999963760376E-001
   6.596999764442444E-001
  -4.219000041484833E-001
  -3.348000049591065E-001
  -5.929999947547913E-001
  -8.555999994277954E-001
       -2.000099897384644
  -7.093999981880188E-001
  -3.009999990463257E-001
   2.709999978542328E-001
        1.356099963188171
        1.377400040626526
   7.588000297546387E-001
   5.763000249862671E-001
   2.655000090599060E-001
   7.577000260353088E-001
        1.138299942016602
   5.496000051498413E-001
  -4.002000093460083E-001
   8.619999885559082E-002
  -1.559999957680702E-002
   4.661000072956085E-001
   4.546999931335449E-001
  -2.899999963119626E-003
  -8.580999970436096E-001
       -1.285500049591065
       -1.575500011444092
  -9.427999854087830E-001
  -6.736999750137329E-001
  -8.090000152587891E-001
   7.257000207901001E-001
   8.482000231742859E-001
        1.365200042724609
        1.005800008773804
   8.446000218391419E-001
        1.185099959373474
   8.776999711990356E-001
   7.005000114440918E-001
        1.771800041198731
        1.632899999618530
        1.227699995040894
   6.891999840736389E-001
   1.262000054121018E-001
  -8.867999911308289E-001
       -1.275699973106384
       -1.432299971580505
       -2.358200073242188
       -2.373899936676025
       -2.572700023651123
       -1.851799964904785
       -2.174299955368042
       -1.700399994850159
       -1.490399956703186
       -1.595299959182739
       -1.195600032806397
  -4.643000066280365E-001
  -8.380000293254852E-002
   7.581999897956848E-001
   3.535000085830689E-001
  -1.667000055313110E-001
  -9.038000106811523E-001
  -3.820999860763550E-001
       -1.055999994277954
  -6.854000091552734E-001
  -6.685000061988831E-001
  -8.611999750137329E-001
  -2.655999958515167E-001
  -3.400999903678894E-001
  -5.224000215530396E-001
  -6.764000058174133E-001
        1.001999974250794
   8.791000247001648E-001
   9.950000047683716E-001
        1.253000020980835
        1.491899967193604
   7.204999923706055E-001
   7.121999859809876E-001
   6.104000210762024E-001
        1.128600001335144
        1.099900007247925
   6.378999948501587E-001
   1.319999992847443E-001
  -2.312999963760376E-001
  -4.129999876022339E-002
  -9.380999803543091E-001
       -1.220399975776672
       -1.324399948120117
       -1.389099955558777
  -6.258000135421753E-001
  -7.533000111579895E-001
  -4.108999967575073E-001
   5.026999711990356E-001
   8.777999877929688E-001
   8.312000036239624E-001
        1.276999950408936
        1.289000034332275
   6.622999906539917E-001
   9.006000161170960E-001
        1.755599975585938
        1.450899958610535
   8.320999741554260E-001
   2.471999973058701E-001
   9.960000216960907E-002
  -7.847999930381775E-001
       -1.496099948883057
       -1.906499981880188
       -1.657199978828430
       -2.133199930191040
       -1.419800043106079
       -1.773699998855591
       -2.875600099563599
  -7.982000112533569E-001
       -1.355399966239929
  -6.444000005722046E-001
       -1.699499964714050
       -1.370399951934815
   4.230000078678131E-002
  -3.352999985218048E-001
  -8.701000213623047E-001
       -1.074100017547607
       -1.445899963378906
       -1.348299980163574
       -1.729500055313110
       -1.172000050544739
  -5.931000113487244E-001
  -6.843000054359436E-001
   2.635000050067902E-001
  -4.350000023841858E-001
  -7.799999788403511E-003
  -5.432000160217285E-001
   3.481000065803528E-001
   1.454000025987625E-001
   4.923999905586243E-001
   4.584000110626221E-001
        1.631000041961670
   4.120999872684479E-001
  -3.129000067710877E-001
  -1.088000014424324E-001
        1.202600002288818
   9.952999949455261E-001
   7.479999959468842E-002
  -8.506000041961670E-001
  -4.089999943971634E-002
  -7.450000047683716E-001
  -6.610999703407288E-001
       -1.199800014495850
       -1.914399981498718
       -1.292199969291687
       -1.033400058746338
  -7.429000139236450E-001
  -4.248999953269959E-001
   7.397000193595886E-001
   5.661000013351440E-001
        1.511100053787231
   5.640000104904175E-001
   2.469000071287155E-001
   5.332000255584717E-001
   4.936000108718872E-001
   9.036999940872192E-001
  -2.590999901294708E-001
  -8.789999783039093E-002
   1.151999980211258E-001
  -7.167000174522400E-001
  -4.023999869823456E-001
       -1.341099977493286
  -8.282999992370606E-001
       -1.074499964714050
  -6.247000098228455E-001
       -1.204200029373169
       -1.467399954795837
       -1.653300046920776
  -7.375000119209290E-001
  -8.442000150680542E-001
  -3.939999938011169E-001
       -1.539499998092651
  -3.837000131607056E-001
   1.191999986767769E-001
  -6.006000041961670E-001
  -5.630000233650208E-001
       -1.146600008010864
       -1.318500041961670
       -2.127399921417236
  -8.633000254631043E-001
  -7.985000014305115E-001
  -2.056999951601028E-001
       -1.271100044250488
  -7.488999962806702E-001
  -4.580000042915344E-001
  -1.306000053882599E-001
  -5.838999748229981E-001
  -3.165000081062317E-001
   9.889999777078629E-002
   4.871999919414520E-001
   7.491999864578247E-001
        1.220700025558472
  -2.703999876976013E-001
  -4.586000144481659E-001
  -2.897000014781952E-001
        1.052600026130676
   4.361000061035156E-001
  -6.644999980926514E-001
  -4.499000012874603E-001
  -2.196999937295914E-001
   1.456000059843063E-001
  -3.273999989032745E-001
  -9.093999862670898E-001
       -1.633800029754639
       -1.615000009536743
       -1.309499979019165
       -1.510300040245056
       -1.134099960327148
  -7.275000214576721E-001
  -4.059999883174896E-001
   3.390000015497208E-002
   4.086000025272369E-001
  -5.515000224113464E-001
   2.991999983787537E-001
   1.950000040233135E-002
   6.019999980926514E-001
   4.986000061035156E-001
  -3.185999989509583E-001
   2.492000013589859E-001
  -7.699999958276749E-002
  -6.729999929666519E-002
  -8.996999859809876E-001
       -1.067899942398071
  -8.051999807357788E-001
       -1.256899952888489
       -1.783400058746338
       -2.093400001525879
       -1.644099950790405
       -1.299600005149841
  -4.108000099658966E-001
   3.629999980330467E-002
       -1.040599942207336
  -3.892000019550324E-001
  -2.991999983787537E-001
  -1.516000032424927E-001
   6.870000064373016E-002
  -3.130000084638596E-002
       -1.001399993896484
       -2.118799924850464
       -1.510699987411499
   1.652999967336655E-001
   8.910000324249268E-002
  -2.583999931812286E-001
   3.996999859809876E-001
  -2.971000075340271E-001
  -1.224000006914139E-001
  -2.270000055432320E-002
   7.347999811172485E-001
   7.921000123023987E-001
   4.587999880313873E-001
        1.107900023460388
        1.690199971199036
   3.815999925136566E-001
  -9.735000133514404E-001
  -3.341999948024750E-001
   7.226999998092651E-001
        1.103999972343445
  -4.386999905109406E-001
       -1.111700057983398
       -1.019799947738648
  -5.131999850273132E-001
  -1.711000055074692E-001
       -1.171700000762940
       -1.506199955940247
       -1.568500041961670
       -1.527500033378601
       -1.882300019264221
       -1.495399951934815
       -2.026400089263916
  -3.668999969959259E-001
   3.438999950885773E-001
  -5.022000074386597E-001
       -1.304299950599670
  -8.147000074386597E-001
  -6.057000160217285E-001
   4.984000027179718E-001
  -1.375000029802322E-001
  -9.890999794006348E-001
  -4.778000116348267E-001
       -1.410400032997131
       -1.523900032043457
       -1.324399948120117
       -1.828600049018860
       -1.487100005149841
       -1.491899967193604
       -1.801699995994568
       -2.068300008773804
       -1.654800057411194
       -1.025400042533875
  -6.348000168800354E-001
  -1.932000070810318E-001
   5.700000096112490E-003
   5.586000084877014E-001
   2.222999930381775E-001
   2.479999959468842E-001
   1.629000008106232E-001
       -1.068600058555603
  -7.623000144958496E-001
       -2.207200050354004
       -1.413499951362610
   2.987000048160553E-001
  -1.165999993681908E-001
  -2.030000090599060E-002
   4.318999946117401E-001
  -9.057000279426575E-001
       -1.017400026321411
  -7.243000268936157E-001
        1.008299946784973
   7.272999882698059E-001
        1.058200001716614
   7.257999777793884E-001
   7.792000174522400E-001
   8.187999725341797E-001
  -4.237999916076660E-001
   1.339000016450882E-001
  -3.560000061988831E-001
  -3.106000125408173E-001
  -5.134000182151794E-001
       -1.386500000953674
       -1.218799948692322
  -9.790999889373779E-001
       -1.173499941825867
       -1.473500013351440
       -2.636699914932251
       -2.537899971008301
       -1.534800052642822
       -1.910199999809265
       -2.378999948501587
       -2.246200084686279
       -1.320299983024597
  -3.524000048637390E-001
  -5.473999977111816E-001
  -4.239000082015991E-001
  -5.745000243186951E-001
  -9.007999897003174E-001
  -3.332000076770783E-001
  -3.458999991416931E-001
       -1.320399999618530
  -8.873999714851379E-001
       -1.543300032615662
       -1.102499961853027
       -1.697900056838989
       -1.625599980354309
       -1.853099942207336
       -2.169199943542481
       -2.151200056076050
       -2.256099939346314
       -1.475200057029724
       -1.054900050163269
  -7.473999857902527E-001
  -8.805000185966492E-001
  -1.564999967813492E-001
  -1.902000010013580E-001
  -6.035000085830689E-001
  -2.239000052213669E-001
   3.612999916076660E-001
   5.333999991416931E-001
  -7.064999938011169E-001
  -7.828000187873840E-001
   4.549999907612801E-002
        1.133999943733215
   9.703999757766724E-001
   5.109999775886536E-001
  -3.242000043392181E-001
  -9.071000218391419E-001
       -1.083299994468689
   6.814000010490418E-001
   2.125000059604645E-001
   6.523000001907349E-001
   3.887999951839447E-001
   8.579999953508377E-002
   1.155999973416328E-001
   5.770000070333481E-002
  -7.580000162124634E-002
   1.128000020980835E-001
  -5.390999913215637E-001
       -1.128000020980835
  -3.434000015258789E-001
       -1.826699972152710
       -1.353700041770935
       -1.171300053596497
       -1.012599945068359
       -1.022099971771240
       -1.999699950218201
       -2.479399919509888
       -1.825399994850159
       -2.187900066375732
       -2.338399887084961
       -2.786400079727173
       -2.596800088882446
       -1.495599985122681
       -1.174700021743774
  -8.604000210762024E-001
       -1.120800018310547
       -1.130499958992004
  -7.264999747276306E-001
  -7.189999818801880E-001
  -9.592999815940857E-001
  -1.014000028371811E-001
   3.345000147819519E-001
  -9.764999747276306E-001
       -1.129500031471252
  -8.827999830245972E-001
       -1.720299959182739
       -1.975800037384033
       -1.234599947929382
       -1.938799977302551
       -2.079999923706055
       -2.962500095367432
       -1.753800034523010
       -1.485800027847290
  -6.707000136375427E-001
  -7.750999927520752E-001
       -1.320799946784973
       -1.133200049400330
   4.350999891757965E-001
   5.723000168800354E-001
   7.320000231266022E-002
  -3.316000103950501E-001
   3.244999945163727E-001
        1.269199967384338
        1.357100009918213
   4.377000033855438E-001
   4.009999930858612E-001
  -6.409000158309937E-001
  -7.179999947547913E-001
       -1.104900002479553
   5.134999752044678E-001
   8.720000088214874E-002
  -4.219999909400940E-002
   3.810000047087669E-002
  -5.471000075340271E-001
  -4.207000136375427E-001
   1.244999989867210E-001
  -3.226999938488007E-001
   2.815999984741211E-001
  -5.299000144004822E-001
       -1.576799988746643
       -1.562999963760376
       -1.583600044250488
  -9.372000098228455E-001
  -8.770999908447266E-001
       -1.315799951553345
  -7.781000137329102E-001
       -1.720700025558472
  -6.456999778747559E-001
       -2.097199916839600
       -2.193900108337402
       -1.717100024223328
       -1.277300000190735
  -6.765999794006348E-001
       -1.518300056457520
       -1.758900046348572
       -1.478299975395203
       -1.559900045394898
       -1.378700017929077
  -5.325000286102295E-001
       -1.239799976348877
       -1.207900047302246
  -9.390000104904175E-001
       -1.075099945068359
       -1.030300021171570
       -2.093100070953369
       -1.613299965858460
  -9.998999834060669E-001
  -9.915000200271606E-001
       -1.327999949455261
       -1.427600026130676
       -1.705899953842163
       -2.145499944686890
       -1.555299997329712
       -1.692399978637695
       -1.319000005722046
       -1.296000003814697
  -9.947000145912170E-001
  -3.614999949932098E-001
       -1.099200010299683
   4.131000041961670E-001
   5.830000042915344E-001
   1.368000060319901E-001
        1.351500034332275
        2.143800020217896
        1.241500020027161
   4.341999888420105E-001
  -3.104000091552734E-001
       -1.119300007820129
  -1.155999973416328E-001
  -5.835000276565552E-001
  -8.234000205993652E-001
  -5.098999738693237E-001
  -3.700999915599823E-001
  -5.285999774932861E-001
  -2.265000045299530E-001
   6.065000295639038E-001
   3.456999957561493E-001
   2.610000036656857E-002
  -6.123999953269959E-001
  -5.228999853134155E-001
       -1.023000001907349
  -8.064000010490418E-001
       -1.356999993324280
  -1.932000070810318E-001
   1.102000027894974E-001
  -2.732999920845032E-001
  -9.661999940872192E-001
       -1.508700013160706
       -1.122099995613098
       -1.537999987602234
       -1.598600029945374
  -4.702999889850617E-001
  -9.753000140190125E-001
       -1.735800027847290
       -1.737699985504150
       -1.935199975967407
       -1.181800007820129
  -8.788999915122986E-001
       -1.456500053405762
  -7.397999763488770E-001
  -6.769999861717224E-002
       -1.018100023269653
       -1.323400020599365
       -1.108899950981140
       -2.273099899291992
       -1.860100030899048
       -1.546300053596497
       -1.313300013542175
       -1.557600021362305
       -1.161599993705750
  -8.524000048637390E-001
       -1.310899972915649
  -9.548000097274780E-001
  -8.946999907493591E-001
       -1.318799972534180
  -8.360999822616577E-001
       -1.538200020790100
  -9.289000034332275E-001
  -6.856999993324280E-001
   8.651999831199646E-001
        1.740000009536743
   2.727000117301941E-001
   6.754000186920166E-001
        1.079399943351746
  -3.260999917984009E-001
  -1.597000062465668E-001
  -4.189000129699707E-001
   1.990000009536743E-001
  -1.724999994039536E-001
  -9.207000136375427E-001
  -9.343000054359436E-001
  -4.800000041723251E-002
  -5.462999939918518E-001
  -7.491000294685364E-001
  -5.565000176429749E-001
   8.654000163078308E-001
   2.897000014781952E-001
  -6.326000094413757E-001
  -5.521000027656555E-001
  -9.035999774932861E-001
  -5.501000285148621E-001
  -2.976000010967255E-001
  -8.949999809265137E-001
   5.932999849319458E-001
   3.758000135421753E-001
   3.061999976634979E-001
  -6.582999825477600E-001
  -6.464999914169312E-001
  -9.718999862670898E-001
  -8.356000185012817E-001
       -1.081699967384338
  -7.883999943733215E-001
  -4.772000014781952E-001
   6.100000068545342E-002
  -8.752999901771545E-001
  -8.331999778747559E-001
       -1.267099976539612
       -1.031800031661987
  -7.838000059127808E-001
  -4.318999946117401E-001
   4.657000005245209E-001
  -7.900000363588333E-002
  -6.668000221252441E-001
  -6.474999785423279E-001
  -7.196999788284302E-001
       -1.188699960708618
       -1.077000021934509
  -8.381999731063843E-001
  -4.643999934196472E-001
  -5.202000141143799E-001
   2.736999988555908E-001
   1.965000033378601E-001
  -9.926999807357788E-001
  -6.873000264167786E-001
       -1.202499985694885
       -1.365700006484985
  -5.507000088691711E-001
  -3.366999924182892E-001
  -6.218000054359436E-001
   4.814000129699707E-001
   5.559999942779541E-001
        1.400799989700317
   7.372999787330627E-001
   1.792999953031540E-001
  -8.095999956130981E-001
   9.300000034272671E-003
  -7.069999724626541E-002
  -2.748999893665314E-001
  -9.501000046730042E-001
  -6.722999811172485E-001
       -1.212299942970276
  -5.189999938011169E-002
  -7.664999961853027E-001
  -3.871999979019165E-001
  -9.700000286102295E-002
  -1.155999973416328E-001
  -3.551000058650971E-001
   4.934999942779541E-001
   9.987999796867371E-001
   6.902999877929688E-001
  -1.024999991059303E-001
  -7.608000040054321E-001
  -3.989000022411346E-001
  -2.639000117778778E-001
   1.217999979853630E-001
  -2.561999857425690E-001
  -7.531999945640564E-001
  -6.880000233650208E-002
       -1.271100044250488
  -9.168000221252441E-001
   4.205000102519989E-001
  -6.507999897003174E-001
  -5.127000212669373E-001
       -1.482100009918213
  -8.511000275611877E-001
  -8.113999962806702E-001
  -9.327999949455261E-001
  -4.824000000953674E-001
  -6.970000267028809E-002
  -3.300999999046326E-001
   5.059999823570252E-001
  -2.136999964714050E-001
  -1.835999935865402E-001
  -3.860999941825867E-001
       -1.258299946784973
       -1.289399981498718
       -1.050099968910217
  -4.607000052928925E-001
   3.761999905109406E-001
   3.659999966621399E-001
   4.620999991893768E-001
  -3.057000041007996E-001
  -6.524999737739563E-001
       -1.073899984359741
       -1.501899957656860
       -1.508200049400330
       -1.220600008964539
       -1.091099977493286
  -1.049999967217445E-001
   6.097000241279602E-001
   6.575999855995178E-001
        1.028800010681152
   3.707000017166138E-001
  -1.368999928236008E-001
  -6.338999867439270E-001
  -3.319000005722046E-001
   4.800000041723251E-002
  -4.587999880313873E-001
  -5.286999940872192E-001
       -1.119099974632263
  -2.734000086784363E-001
   1.328999996185303E-001
  -6.685000061988831E-001
   7.838000059127808E-001
   2.648999989032745E-001
  -7.663999795913696E-001
       -1.150599956512451
   2.910000085830689E-001
   2.851999998092651E-001
        1.157899975776672
   8.154000043869019E-001
  -4.444999992847443E-001
  -8.414000272750855E-001
   5.510000139474869E-002
        1.104900002479553
   1.124000027775765E-001
   5.277000069618225E-001
   1.570000052452087E-001
  -2.208999991416931E-001
  -3.950000107288361E-001
  -1.767999976873398E-001
   1.700000092387199E-002
  -6.490000337362289E-002
  -3.287999927997589E-001
   9.690000116825104E-002
  -1.257999986410141E-001
  -4.187000095844269E-001
  -7.861999869346619E-001
   1.563999950885773E-001
   3.718999922275543E-001
   3.253999948501587E-001
   2.847000062465668E-001
   1.464000046253204E-001
  -3.364999890327454E-001
   2.155999988317490E-001
       -1.445000052452087
  -8.072999715805054E-001
  -6.190999746322632E-001
   2.037999927997589E-001
  -7.039999961853027E-002
   2.617999911308289E-001
       -1.468199968338013
       -1.661499977111816
       -2.577800035476685
       -2.547699928283691
       -1.657799959182739
       -1.458500027656555
  -8.205999732017517E-001
  -4.805999994277954E-001
   3.986000120639801E-001
        1.339200019836426
        1.437600016593933
   8.080999851226807E-001
   5.802999734878540E-001
   3.822000026702881E-001
  -3.594999909400940E-001
  -6.528000235557556E-001
   1.421000063419342E-001
  -7.982000112533569E-001
  -1.384000033140183E-001
   2.360000088810921E-002
  -2.000000029802322E-001
       -1.066300034523010
  -5.309000015258789E-001
  -4.833000004291534E-001
  -1.332000046968460E-001
   1.119999960064888E-002
   1.374000012874603E-001
  -7.639999687671661E-002
        1.700500011444092
   8.740000128746033E-001
  -3.698999881744385E-001
       -1.007899999618530
  -4.406999945640564E-001
   4.341000020503998E-001
   3.600000143051148E-001
   3.517000079154968E-001
   8.755999803543091E-001
        1.053599953651428
        1.021399974822998
   8.230999708175659E-001
        1.012500047683716
   5.723999738693237E-001
   9.307000041007996E-001
   6.416000127792358E-001
   6.470999717712402E-001
   6.753000020980835E-001
  -9.629999846220017E-002
  -9.499999880790710E-002
  -2.590000070631504E-002
   2.666999995708466E-001
   1.318999975919724E-001
   4.695000052452087E-001
   7.014999985694885E-001
  -4.413000047206879E-001
  -8.446999788284302E-001
       -1.178200006484985
  -9.205999970436096E-001
  -2.161999940872192E-001
  -6.250000000000000E-002
  -5.367000102996826E-001
       -1.324599981307983
       -1.922099947929382
       -2.245199918746948
       -1.747599959373474
  -2.587999999523163E-001
  -7.706000208854675E-001
       -1.043799996376038
  -3.357999920845032E-001
   7.822999954223633E-001
        1.572700023651123
        1.954399943351746
        2.006099939346314
   9.866999983787537E-001
   4.027999937534332E-001
   4.399999976158142E-003
  -5.005000233650208E-001
  -2.382999956607819E-001
       -1.008000016212463
  -8.863999843597412E-001
   2.140000015497208E-001
   4.271999895572662E-001
  -3.939999938011169E-001
  -4.384000003337860E-001
  -4.408000111579895E-001
   9.170000255107880E-002
   4.893000125885010E-001
   9.149000048637390E-001
   7.516000270843506E-001
   5.194000005722046E-001
   9.617000222206116E-001
  -5.349000096321106E-001
  -2.316000014543533E-001
  -1.006999984383583E-001
   6.053000092506409E-001
   8.550999760627747E-001
   6.701999902725220E-001
        1.912700057029724
        1.658100008964539
   3.923000097274780E-001
   2.276999950408936E-001
  -8.139999955892563E-002
        1.404299974441528
        1.929299950599670
        1.202900052070618
   7.411999702453613E-001
   5.529999732971191E-001
   4.898000061511993E-001
   5.153999924659729E-001
   7.240000367164612E-002
   4.674000144004822E-001
   6.349999904632568E-001
   8.928999900817871E-001
   4.981000125408173E-001
  -3.601000010967255E-001
  -2.786999940872192E-001
       -1.052000045776367
       -1.358899950981140
       -1.015699982643127
  -4.859999939799309E-002
  -2.847000062465668E-001
  -7.806000113487244E-001
       -1.276999950408936
       -1.792000055313110
       -1.675099968910217
  -7.049000263214111E-001
  -4.135000109672546E-001
  -8.019999861717224E-001
  -3.037000000476837E-001
   7.791000008583069E-001
   9.642999768257141E-001
        1.644799947738648
        1.262699961662293
   3.926999866962433E-001
   6.428999900817871E-001
   2.865999937057495E-001
  -5.376999974250794E-001
  -8.529000282287598E-001
       -1.401299953460693
       -1.266800045967102
   3.330000042915344E-001
   2.433000057935715E-001
   8.160000294446945E-002
        1.256299972534180
   6.712999939918518E-001
   7.190000265836716E-002
  -4.652000069618225E-001
   2.508000135421753E-001
   6.104000210762024E-001
        1.234699964523315
        1.014899969100952
   7.523000240325928E-001
  -1.089000031352043E-001
  -5.655999779701233E-001
  -3.440999984741211E-001
   9.394000172615051E-001
  -4.445999860763550E-001
   6.341999769210815E-001
   8.737000226974487E-001
   2.714000046253204E-001
   9.719999879598618E-002
  -1.958000063896179E-001
        1.296300053596497
        1.186900019645691
        1.258100032806397
   4.386000037193298E-001
   3.456000089645386E-001
   5.336999893188477E-001
   6.758000254631043E-001
   5.766999721527100E-001
   9.759999811649323E-002
   3.249000012874603E-001
   5.080999732017517E-001
   5.940999984741211E-001
  -1.616999953985214E-001
  -2.399999946355820E-001
  -9.606000185012817E-001
       -1.667700052261353
  -7.218999862670898E-001
  -2.714999914169312E-001
  -2.357999980449677E-001
  -2.265000045299530E-001
  -7.031999826431274E-001
       -1.222100019454956
  -9.111999869346619E-001
       -1.549999952316284
       -1.118800044059753
       -1.391000032424927
  -4.384000003337860E-001
   4.049000144004822E-001
   3.276999890804291E-001
   6.759999990463257E-001
        1.090999960899353
   6.980000138282776E-001
   3.524000048637390E-001
   5.253000259399414E-001
   6.790999770164490E-001
   2.205000072717667E-001
       -1.059599995613098
  -4.720000028610230E-001
   9.129999876022339E-001
   3.531000018119812E-001
   7.264000177383423E-001
        1.413699984550476
   3.700000047683716E-002
   2.797000110149384E-001
   3.623999953269959E-001
   2.495999932289124E-001
   6.657000184059143E-001
        1.163100004196167
        1.746000051498413
        1.623399972915649
        1.014600038528442
  -7.450000196695328E-002
  -4.404999911785126E-001
   6.446999907493591E-001
  -5.026000142097473E-001
   4.264000058174133E-001
   2.352000027894974E-001
  -1.410000026226044E-002
  -1.335999965667725E-001
        1.188099980354309
   9.043999910354614E-001
        1.546000003814697
   6.362000107765198E-001
   6.234999895095825E-001
   1.787000000476837E-001
   3.334999978542328E-001
   7.774000167846680E-001
   9.898999929428101E-001
   4.837000072002411E-001
   3.479999899864197E-001
   6.093999743461609E-001
  -2.542000114917755E-001
  -7.214999794960022E-001
   8.299999870359898E-003
  -8.949999809265137E-001
  -8.978999853134155E-001
   6.650000214576721E-001
  -3.084000051021576E-001
  -5.947999954223633E-001
  -4.740000069141388E-001
   2.020999938249588E-001
       -1.004699945449829
       -1.276000022888184
       -1.210100054740906
  -1.010000035166740E-001
  -4.422999918460846E-001
  -7.558000087738037E-001
  -4.174000024795532E-001
   2.547999918460846E-001
   7.210000157356262E-001
   9.542999863624573E-001
   5.202999711036682E-001
   7.940999865531921E-001
   4.986000061035156E-001
   5.584999918937683E-001
   7.990999817848206E-001
  -2.155999988317490E-001
   4.860999882221222E-001
   7.896999716758728E-001
        1.476300001144409
        1.217399954795837
   7.655000090599060E-001
   5.284000039100647E-001
  -4.232999980449677E-001
  -5.724999904632568E-001
  -3.476999998092651E-001
   9.605000019073486E-001
        1.985599994659424
        1.250499963760376
        1.449300050735474
        1.073699951171875
        1.114099979400635
   5.271999835968018E-001
   3.189999982714653E-002
  -1.958999931812286E-001
   4.221999943256378E-001
   3.840999901294708E-001
  -7.460000365972519E-002
  -3.418000042438507E-001
  -3.050999939441681E-001
   7.001000046730042E-001
   4.596000015735626E-001
   5.059999823570252E-001
   8.747000098228455E-001
   4.941999912261963E-001
        1.260800004005432
   9.984999895095825E-001
   4.979000091552734E-001
   2.721000015735626E-001
   3.050999939441681E-001
   2.295999974012375E-001
   3.914999961853027E-001
  -3.321999907493591E-001
  -5.421000123023987E-001
       -1.271700024604797
  -5.518000125885010E-001
  -3.528999984264374E-001
  -8.877999782562256E-001
  -7.653999924659729E-001
  -3.014000058174133E-001
   2.041999995708466E-001
       -1.190299987792969
  -8.410999774932861E-001
  -8.586999773979187E-001
  -1.982000023126602E-001
  -3.210999965667725E-001
  -2.734999954700470E-001
  -6.595000028610230E-001
   6.290000081062317E-001
   3.806000053882599E-001
        1.293699979782105
   2.311999946832657E-001
   3.517999947071075E-001
  -9.380000084638596E-002
  -2.486000061035156E-001
   1.899999938905239E-002
  -3.871000111103058E-001
   9.455000162124634E-001
   4.993000030517578E-001
        1.351400017738342
        1.141700029373169
   4.223999977111816E-001
  -1.520000025629997E-002
  -1.930000036954880E-001
  -8.539000153541565E-001
   4.219999909400940E-002
   8.468000292778015E-001
        1.129299998283386
   9.672999978065491E-001
        1.257799983024597
   4.896999895572662E-001
   2.053000032901764E-001
   3.801000118255615E-001
   1.380999982357025E-001
  -3.702999949455261E-001
  -1.458999961614609E-001
       -1.169399976730347
  -5.849999785423279E-001
  -8.784999847412109E-001
  -8.618999719619751E-001
       -1.136800050735474
   4.169000089168549E-001
  -4.404999911785126E-001
  -3.510000184178352E-002
   7.487000226974487E-001
        1.495900034904480
        1.185500025749207
   9.621999859809876E-001
   1.746000051498413E-001
   6.266000270843506E-001
   7.728000283241272E-001
   1.388999968767166E-001
   8.608999848365784E-001
  -5.418999791145325E-001
       -1.299999952316284
       -1.232100009918213
       -1.411100029945374
  -6.608999967575073E-001
  -3.801999986171722E-001
       -1.003100037574768
   5.188000202178955E-001
   8.298000097274780E-001
  -1.300000026822090E-002
  -5.205000042915344E-001
   3.999999910593033E-002
  -4.124000072479248E-001
  -8.852999806404114E-001
  -3.596999943256378E-001
   2.815000116825104E-001
  -6.239999830722809E-002
   5.580999851226807E-001
   9.329999983310700E-002
   2.809000015258789E-001
   3.727000057697296E-001
   3.379999846220017E-002
   5.599999800324440E-003
  -1.460000034421682E-002
        1.327999949455261
        1.373399972915649
        1.392899990081787
        1.123399972915649
  -1.632999926805496E-001
  -5.708000063896179E-001
  -5.666999816894531E-001
  -1.305000036954880E-001
   6.879000067710877E-001
        1.327600002288818
        1.293300032615662
        1.304900050163269
        1.218799948692322
  -7.199999876320362E-003
  -1.262000054121018E-001
  -3.799999877810478E-002
   2.648999989032745E-001
   1.386000066995621E-001
   2.449000030755997E-001
  -2.908000051975250E-001
  -6.827999949455261E-001
  -3.625000119209290E-001
  -1.431999951601028E-001
       -1.159700036048889
  -6.241000294685364E-001
  -1.036000028252602E-001
   5.541999936103821E-001
        1.202399969100952
        1.502300024032593
   9.287999868392944E-001
   8.690000325441361E-002
  -7.784000039100647E-001
  -2.872000038623810E-001
   3.544000089168549E-001
  -5.149000287055969E-001
  -3.192000091075897E-001
       -1.185799956321716
   2.662999927997589E-001
   9.149999916553497E-002
       -1.336899995803833
  -4.169000089168549E-001
  -8.576999902725220E-001
       -1.080999970436096
  -7.401000261306763E-001
  -8.969999849796295E-002
  -2.389000058174133E-001
  -4.217999875545502E-001
        1.243899941444397
  -2.356999963521957E-001
       -1.251299977302551
  -8.222000002861023E-001
        1.013599991798401
  -2.316000014543533E-001
  -2.091999948024750E-001
  -2.089000046253204E-001
  -4.733000099658966E-001
  -9.109999984502792E-002
  -1.049000024795532E-001
  -3.479000031948090E-001
       -1.116799950599670
   1.149000003933907E-001
        1.054100036621094
        1.347599983215332
  -3.910999894142151E-001
  -7.382000088691711E-001
  -4.973999857902527E-001
  -2.223999947309494E-001
  -5.288000106811523E-001
   8.209999650716782E-002
        1.127599954605103
        1.449200034141541
        1.558500051498413
   9.090999960899353E-001
   2.282000035047531E-001
   8.749999850988388E-002
  -8.980000019073486E-001
   4.259999841451645E-002
   5.131999850273132E-001
  -6.159999966621399E-002
   1.464000046253204E-001
   2.802999913692474E-001
  -5.770000219345093E-001
   1.407999992370606E-001
   2.749999985098839E-002
  -7.230000197887421E-002
   7.802000045776367E-001
        1.122400045394898
   8.115000128746033E-001
   6.506999731063843E-001
  -6.469999998807907E-002
  -3.569000065326691E-001
  -5.141000151634216E-001
  -4.571999907493591E-001
  -5.469999834895134E-002
  -5.327000021934509E-001
  -9.398999810218811E-001
       -1.068199992179871
       -1.031299948692322
       -1.101799964904785
       -1.246799945831299
       -1.289399981498718
  -5.056999921798706E-001
       -1.095299959182739
  -6.660000234842300E-002
       -1.059200048446655
   2.339999936521053E-002
   2.037000060081482E-001
   4.805999994277954E-001
   6.030000001192093E-002
  -3.619999885559082E-001
   2.806000113487244E-001
   3.979999944567680E-002
   1.176000013947487E-001
  -1.014000028371811E-001
  -5.009999871253967E-001
  -4.221999943256378E-001
  -6.991000175476074E-001
   1.983000040054321E-001
   2.838999927043915E-001
  -1.994999945163727E-001
   9.624000191688538E-001
   9.327999949455261E-001
        1.553599953651428
  -7.347000241279602E-001
       -1.582800030708313
  -5.724999904632568E-001
  -1.565999984741211E-001
  -2.201000005006790E-001
   3.249999880790710E-002
   5.073000192642212E-001
   7.681999802589417E-001
   7.100999951362610E-001
   3.039999902248383E-001
   2.567000091075897E-001
  -3.163999915122986E-001
  -8.669999837875366E-001
   8.166999816894531E-001
   8.252999782562256E-001
   2.399999946355820E-001
   8.049999922513962E-002
  -4.309999942779541E-002
   5.105000138282776E-001
   7.833999991416931E-001
        1.050600051879883
   7.031999826431274E-001
   3.242999911308289E-001
   5.910999774932861E-001
   4.399000108242035E-001
  -3.359999880194664E-002
  -5.267000198364258E-001
   2.102999985218048E-001
   1.351999938488007E-001
  -4.745000004768372E-001
  -6.844000220298767E-001
  -4.095000028610230E-001
  -4.519000053405762E-001
  -4.320000112056732E-001
  -6.014999747276306E-001
  -8.007000088691711E-001
  -9.940000176429749E-001
  -4.505999982357025E-001
  -8.116000294685364E-001
       -1.304399967193604
  -1.333999931812286E-001
  -2.642999887466431E-001
  -7.531999945640564E-001
  -3.179999887943268E-001
  -4.327000081539154E-001
   7.447000145912170E-001
   4.456999897956848E-001
   1.518999934196472E-001
  -1.616999953985214E-001
  -8.834999799728394E-001
  -6.826000213623047E-001
  -9.424999952316284E-001
       -1.174600005149841
  -3.240000009536743E-001
  -1.217999979853630E-001
   7.743999958038330E-001
   7.009000182151794E-001
   9.656999707221985E-001
        1.465899944305420
   5.796999931335449E-001
  -8.266000151634216E-001
       -1.208400011062622
  -5.424000024795532E-001
   2.276999950408936E-001
        1.606999993324280
        1.420699954032898
   4.981000125408173E-001
   2.730999886989594E-001
   2.953000068664551E-001
   1.322000026702881E-001
   1.010999977588654E-001
  -6.632999777793884E-001
  -1.632000058889389E-001
   6.064000129699707E-001
  -3.452999889850617E-001
  -2.908000051975250E-001
  -7.533000111579895E-001
       -1.145900011062622
   5.098000168800354E-001
   5.210999846458435E-001
   1.510999947786331E-001
  -6.109999865293503E-002
   7.980000227689743E-002
   2.163999974727631E-001
  -2.159000039100647E-001
  -5.681999921798706E-001
       -1.111799955368042
  -8.723000288009644E-001
  -4.160000085830689E-001
  -2.135999947786331E-001
   1.216999962925911E-001
   8.640000224113464E-002
   4.961000084877014E-001
  -5.409999936819077E-002
       -1.564399957656860
   4.514000117778778E-001
   1.533000022172928E-001
  -1.713999956846237E-001
  -7.063999772071838E-001
  -8.894000053405762E-001
       -2.103499889373779
       -2.052299976348877
       -1.006800055503845
  -5.189999938011169E-001
  -2.556999921798706E-001
   7.006999850273132E-001
   7.592999935150147E-001
   2.664000093936920E-001
  -5.971000194549561E-001
  -4.903999865055084E-001
  -7.171999812126160E-001
  -3.391000032424927E-001
   2.680999934673309E-001
   7.675999999046326E-001
   4.797999858856201E-001
   4.147000014781952E-001
   4.404999911785126E-001
        1.408100008964539
   9.233000278472900E-001
   6.757000088691711E-001
  -3.660000115633011E-002
  -2.089999988675118E-002
   3.542000055313110E-001
   8.051000237464905E-001
        1.376600027084351
        1.266000032424927
   7.842000126838684E-001
   1.941000074148178E-001
  -4.860000014305115E-001
   1.978999972343445E-001
  -4.778999984264374E-001
       -1.210000038146973
   9.200000204145908E-003
   1.230999976396561E-001
  -5.354999899864197E-001
       -1.397199988365173
  -9.218999743461609E-001
  -6.144999861717224E-001
  -2.285999953746796E-001
  -2.028000056743622E-001
  -3.377000093460083E-001
  -4.153999984264374E-001
   1.810999959707260E-001
  -3.199000060558319E-001
  -4.104000031948090E-001
  -5.180000066757202E-001
       -1.638700008392334
   9.040000289678574E-002
   6.061999797821045E-001
  -1.040000021457672E-001
   4.481000006198883E-001
   4.190000146627426E-002
   1.911000013351440E-001
  -7.854999899864197E-001
  -2.510000020265579E-002
   6.470000147819519E-001
   7.602999806404114E-001
   8.526999950408936E-001
  -4.699999839067459E-002
  -6.777999997138977E-001
       -1.107499957084656
       -1.090999960899353
  -6.348000168800354E-001
  -6.449999809265137E-001
  -5.982999801635742E-001
  -2.718999981880188E-001
   7.656000256538391E-001
   5.397999882698059E-001
  -3.172000050544739E-001
  -3.560999929904938E-001
       -1.021499991416931
       -1.110599994659424
  -5.278000235557556E-001
   9.343000054359436E-001
   8.174999952316284E-001
   2.531000077724457E-001
  -1.062000021338463E-001
        1.312700033187866
        1.751899957656860
        1.509899973869324
  -2.064999938011169E-001
   7.623999714851379E-001
        1.361199975013733
        1.400799989700317
   9.858999848365784E-001
   9.448000192642212E-001
   5.224999785423279E-001
   5.457999706268311E-001
   2.775000035762787E-001
   1.999999955296516E-002
  -2.723999917507172E-001
  -4.440000057220459E-001
   1.339999958872795E-002
   3.332000076770783E-001
       -1.244300007820129
       -1.258599996566773
       -1.127099990844727
  -4.041000008583069E-001
  -6.065000295639038E-001
  -6.991000175476074E-001
       -1.016700029373169
  -4.183999896049500E-001
  -4.336999952793121E-001
  -1.772000044584274E-001
  -9.452000260353088E-001
  -9.205999970436096E-001
  -5.320000052452087E-001
   9.139999747276306E-001
   8.472999930381775E-001
   4.596999883651733E-001
   1.683000028133392E-001
  -5.156999826431274E-001
  -7.822999954223633E-001
  -2.752999961376190E-001
   7.850000262260437E-002
   8.212000131607056E-001
   6.477000117301941E-001
   8.065999746322632E-001
   1.288000047206879E-001
  -4.736000001430512E-001
  -9.690000116825104E-002
  -8.609999716281891E-002
  -8.780000358819962E-002
   6.122000217437744E-001
  -3.559999912977219E-002
   5.770000070333481E-002
  -1.674000024795532E-001
   3.339999914169312E-001
  -7.450000047683716E-001
  -8.325999975204468E-001
  -8.090999722480774E-001
  -8.026999831199646E-001
       -1.389700055122376
   2.140000090003014E-002
  -2.705999910831451E-001
  -1.837999969720841E-001
  -4.018999934196472E-001
        1.578500032424927
        2.345900058746338
        2.088700056076050
        1.402799963951111
        1.082000017166138
        1.539399981498718
   8.284999728202820E-001
   9.194999933242798E-001
        1.158900022506714
        1.149799942970276
   6.419000029563904E-001
   8.600999712944031E-001
  -1.609999984502792E-001
   2.488999962806702E-001
   5.920000001788139E-002
   2.779000103473663E-001
   4.708000123500824E-001
  -7.577999830245972E-001
  -3.555999994277954E-001
  -2.125999927520752E-001
   3.993999958038330E-001
   1.333999931812286E-001
  -3.765000104904175E-001
  -3.170000016689301E-001
   4.092000126838684E-001
  -6.360000371932983E-002
   4.410000145435333E-002
       -1.133800029754639
  -7.752000093460083E-001
   4.268000125885010E-001
   1.130999997258186E-001
   2.996000051498413E-001
   3.409000039100647E-001
   8.760000020265579E-002
  -2.592000067234039E-001
   8.900000154972076E-002
   2.195000052452087E-001
  -3.846000134944916E-001
  -1.044000014662743E-001
  -4.345999956130981E-001
   1.448999941349030E-001
        1.118899941444397
  -1.485999971628189E-001
   5.838999748229981E-001
        1.195099949836731
   6.690000295639038E-001
        1.310999989509583
        1.182899951934815
   5.139999985694885E-001
   4.652999937534332E-001
  -5.911999940872192E-001
  -5.760999917984009E-001
       -1.156700015068054
  -9.401000142097473E-001
       -1.006700038909912
       -1.380599975585938
       -1.477800011634827
  -9.020000100135803E-001
  -8.356000185012817E-001
   5.187000036239624E-001
   8.167999982833862E-001
        1.379899978637695
        1.582299947738648
        2.151599884033203
   8.787000179290772E-001
   4.783999919891357E-001
  -1.689999923110008E-002
   1.196999996900559E-001
   6.956999897956848E-001
        1.289100050926209
   9.768000245094299E-001
   6.290000081062317E-001
   1.863999962806702E-001
   1.533000022172928E-001
  -3.382000029087067E-001
   7.231000065803528E-001
   3.941000103950501E-001
  -1.604000031948090E-001
   3.926999866962433E-001
  -3.535999953746796E-001
   4.533999860286713E-001
  -3.460000082850456E-002
   3.287000060081482E-001
   1.900000032037497E-003
   1.339000016450882E-001
  -3.323000073432922E-001
  -7.268000245094299E-001
  -6.445999741554260E-001
  -5.584999918937683E-001
  -2.682999968528748E-001
  -6.776999831199646E-001
  -6.168000102043152E-001
   3.574999868869782E-001
   7.935000061988831E-001
   9.808999896049500E-001
   6.814000010490418E-001
   3.283999860286713E-001
  -1.632000058889389E-001
  -5.813999772071838E-001
  -2.282000035047531E-001
  -9.420000016689301E-002
   1.106999963521957E-001
   7.300000190734863E-001
        1.402099967002869
        1.277899980545044
        1.228000044822693
        2.086199998855591
   4.745000004768372E-001
   4.684999883174896E-001
   6.495000123977661E-001
        1.021000027656555
   5.070000290870667E-001
  -4.077000021934509E-001
       -1.170500040054321
  -7.972999811172485E-001
       -1.243100047111511
       -1.256299972534180
       -1.368600010871887
  -7.680000364780426E-002
  -9.225999712944031E-001
        1.612400054931641
        1.677000045776367
        1.034999966621399
   6.883999705314636E-001
        1.430099964141846
   8.181999921798706E-001
   7.900000214576721E-001
   4.377999901771545E-001
   5.238000154495239E-001
   3.093000054359436E-001
   1.631000041961670E-001
  -3.932999968528748E-001
   8.521999716758728E-001
  -2.186000049114227E-001
  -5.059000253677368E-001
  -1.194000020623207E-001
  -5.113000273704529E-001
  -2.220000028610230E-001
   4.352999925613403E-001
   4.817999899387360E-001
  -8.120000362396240E-002
   9.955999851226807E-001
        1.771100044250488
        1.262699961662293
   7.634999752044678E-001
  -3.310999870300293E-001
  -1.512999981641769E-001
  -9.730000048875809E-002
   2.885999977588654E-001
   4.524999856948853E-001
  -1.176000013947487E-001
   1.909999921917915E-002
  -6.053000092506409E-001
   6.417000293731690E-001
        1.231299996376038
        1.081200003623962
   3.447999954223633E-001
   3.788999915122986E-001
   1.917999982833862E-001
   4.040000140666962E-001
  -2.177000045776367E-001
  -2.863000035285950E-001
   1.120999976992607E-001
   9.307000041007996E-001
        1.017099976539612
        1.251299977302551
        1.280400037765503
   6.140000224113464E-001
        1.036100029945374
   7.257000207901001E-001
  -2.060000002384186E-001
  -7.518000006675720E-001
       -1.044000029563904
       -1.729300022125244
       -2.290899991989136
       -2.200000047683716
       -2.336999893188477
       -1.799499988555908
       -1.341099977493286
       -1.776999950408936
        2.141599893569946
        2.134599924087524
        1.669499993324280
   6.808000206947327E-001
   6.794999837875366E-001
   3.208999931812286E-001
   1.182999983429909E-001
   7.759000062942505E-001
   2.478999942541122E-001
  -2.389999926090241E-001
   4.499999806284905E-003
  -1.149000003933907E-001
  -6.040000170469284E-002
   9.884999990463257E-001
  -5.359999835491180E-002
  -2.014999985694885E-001
  -5.458999872207642E-001
   5.507000088691711E-001
   1.670999974012375E-001
   7.353000044822693E-001
   6.165000200271606E-001
        1.230999946594238
   9.556999802589417E-001
        1.534100055694580
   3.806000053882599E-001
  -4.720000177621841E-002
   1.687999963760376E-001
   2.273000031709671E-001
   1.300000026822090E-002
  -5.698999762535095E-001
       -1.315600037574768
       -1.058599948883057
  -9.958000183105469E-001
   1.326999962329865E-001
        1.119600057601929
        1.070199966430664
   4.569999873638153E-001
   7.315999865531921E-001
   4.632999897003174E-001
  -4.151000082492828E-001
  -2.198999971151352E-001
   3.713000118732452E-001
   4.549999907612801E-002
  -5.453000068664551E-001
   7.878000140190125E-001
   1.642999947071075E-001
   5.795999765396118E-001
   5.062999725341797E-001
   8.313999772071838E-001
   5.026000142097473E-001
       -1.552999973297119
       -1.846099972724915
       -1.091699957847595
       -1.182800054550171
       -2.242300033569336
       -1.813199996948242
       -2.052500009536743
       -2.168699979782105
       -2.229500055313110
       -1.626199960708618
        1.322199940681458
        1.621799945831299
        1.299800038337708
   9.901999831199646E-001
   2.293000072240830E-001
   9.139999747276306E-002
   4.100000020116568E-003
   9.017000198364258E-001
  -1.237000003457069E-001
  -3.075000047683716E-001
   1.732999980449677E-001
  -5.241000056266785E-001
  -8.935999870300293E-001
   3.032000064849854E-001
  -4.208000004291534E-001
  -7.207000255584717E-001
   3.718000054359436E-001
  -4.855999946594238E-001
   4.873000085353851E-001
   1.103999987244606E-001
   4.677000045776367E-001
   8.780000209808350E-001
        1.059299945831299
        2.056799888610840
        1.687500000000000
        1.001099944114685
   7.811999917030335E-001
        1.078500032424927
        1.008999943733215
   7.100000232458115E-002
  -5.796999931335449E-001
  -6.847000122070313E-001
  -7.757999897003174E-001
   3.637000024318695E-001
   8.808000087738037E-001
   9.059000015258789E-001
   7.529000043869019E-001
   5.778999924659729E-001
   4.875999987125397E-001
   3.547999858856201E-001
   6.040999889373779E-001
   2.241999953985214E-001
  -2.917999923229218E-001
  -1.177000030875206E-001
   2.260999977588654E-001
  -1.397999972105026E-001
   5.930000171065331E-002
  -1.722999960184097E-001
  -2.800999879837036E-001
  -7.379000186920166E-001
  -4.167000055313110E-001
       -1.457900047302246
  -9.840999841690064E-001
       -1.340100049972534
       -1.904299974441528
       -1.851300001144409
       -2.154000043869019
       -2.028599977493286
       -2.049499988555908
       -2.061199903488159
   7.444000244140625E-001
   9.882000088691711E-001
   8.558999896049500E-001
   5.091000199317932E-001
   2.845999896526337E-001
   7.282999753952026E-001
        1.176800012588501
   8.021000027656555E-001
  -5.230000019073486E-001
  -3.054000139236450E-001
       -1.016700029373169
       -1.311100006103516
       -1.041000008583069
  -1.600000075995922E-002
  -1.576000005006790E-001
  -4.765999913215637E-001
  -3.133000135421753E-001
   1.450999975204468E-001
   2.538000047206879E-001
   2.019000053405762E-001
   7.024000287055969E-001
   9.140999913215637E-001
   9.853000044822693E-001
        2.019799947738648
        1.647300004959106
        1.359899997711182
   8.238000273704529E-001
   3.500000014901161E-002
   2.172999978065491E-001
   6.040000170469284E-002
  -4.239999949932098E-001
  -4.499999806284905E-003
  -1.176000013947487E-001
   5.116000175476074E-001
   2.008000016212463E-001
  -3.025999963283539E-001
   1.541000008583069E-001
   4.549999907612801E-002
   8.288999795913696E-001
   1.846999973058701E-001
   2.799000144004822E-001
   4.724999964237213E-001
  -1.200999990105629E-001
  -7.379999756813049E-001
   6.596000194549561E-001
   2.720000036060810E-002
  -5.328999757766724E-001
  -6.157000064849854E-001
  -8.572000265121460E-001
  -6.814000010490418E-001
  -3.887000083923340E-001
  -9.692000150680542E-001
       -1.728299975395203
       -1.782099962234497
       -1.949699997901917
       -2.201999902725220
       -1.742900013923645
  -8.962000012397766E-001
       -1.776000022888184
       -1.723500013351440
        1.075299978256226
        1.172099947929382
   7.554000020027161E-001
   3.560999929904938E-001
   5.060999989509583E-001
        1.784500002861023
        1.746500015258789
   8.245000243186951E-001
  -7.578999996185303E-001
  -3.738000094890595E-001
  -9.987999796867371E-001
  -8.072000145912170E-001
       -1.144299983978272
  -2.511000037193298E-001
  -3.124000132083893E-001
   2.477000057697296E-001
  -2.179999947547913E-001
   5.119000077247620E-001
   5.328000187873840E-001
        1.049399971961975
        1.643399953842163
        1.644299983978272
        2.194600105285645
        2.366400003433228
        1.521600008010864
   9.513999819755554E-001
   3.012999892234802E-001
   1.871999949216843E-001
   3.460000082850456E-002
  -1.339999958872795E-002
  -1.838999986648560E-001
  -2.657000124454498E-001
  -1.350000053644180E-001
   2.720000036060810E-002
  -1.313000023365021E-001
  -1.975000053644180E-001
  -1.894000023603439E-001
  -6.391000151634216E-001
  -1.557999998331070E-001
  -7.029999792575836E-002
   9.167000055313110E-001
  -1.439999975264072E-002
  -6.679000258445740E-001
   1.917999982833862E-001
   1.622000038623810E-001
   1.349000036716461E-001
   9.070000052452087E-001
   4.163999855518341E-001
   5.380000174045563E-002
   2.869999967515469E-002
  -3.598999977111816E-001
  -3.413000106811523E-001
       -1.233399987220764
       -1.677500009536743
       -2.391299962997437
       -2.697700023651123
  -9.541000127792358E-001
       -1.296599984169006
  -6.924999952316284E-001
       -1.177199959754944
   9.025999903678894E-001
        1.542400002479553
        1.460199952125549
        1.088899970054627
        1.728700041770935
        1.554100036621094
        1.340299963951111
   1.421000063419342E-001
  -4.287999868392944E-001
  -3.657999932765961E-001
  -7.364000082015991E-001
  -2.649999968707562E-002
  -2.599999904632568E-001
  -8.012999892234802E-001
   1.859000027179718E-001
   6.154000163078308E-001
   6.109999865293503E-002
  -1.638000011444092E-001
   7.548000216484070E-001
        1.857200026512146
        2.102200031280518
        1.211400032043457
        1.715700030326843
        1.542600035667419
        1.563500046730042
        1.674399971961975
   3.617999851703644E-001
  -4.158999919891357E-001
  -4.190999865531921E-001
       -1.457299947738648
  -9.398999810218811E-001
       -1.145400047302246
  -3.576000034809113E-001
  -9.642000198364258E-001
       -1.059900045394898
  -7.093999981880188E-001
       -1.281700015068054
  -8.464999794960022E-001
       -1.072800040245056
  -9.780000150203705E-002
   1.624999940395355E-001
  -1.105000004172325E-001
  -2.461999952793121E-001
  -3.339999914169312E-002
  -7.038000226020813E-001
  -2.001000046730042E-001
   4.034000039100647E-001
  -5.835000276565552E-001
  -5.189999938011169E-002
   1.808000057935715E-001
  -5.029999837279320E-002
   6.660000234842300E-002
  -7.354999780654907E-001
       -1.339300036430359
       -2.374000072479248
       -1.828299999237061
       -1.413699984550476
  -5.515999794006348E-001
  -9.768000245094299E-001
  -3.727000057697296E-001
        1.531000018119812
        1.349699974060059
   9.822999835014343E-001
        1.901299953460693
        1.842499971389771
        1.826699972152710
        1.967399954795837
   5.521000027656555E-001
   9.179999679327011E-002
  -6.219999864697456E-002
   3.287999927997589E-001
  -5.565999746322632E-001
  -1.644999980926514E-001
   1.102000027894974E-001
   6.599999964237213E-002
   8.849999904632568E-001
        1.198300004005432
        1.205999970436096
        1.080100059509277
        2.562900066375732
        1.659100055694580
        1.972599983215332
   9.726999998092651E-001
        1.034899950027466
   4.783999919891357E-001
   5.892999768257141E-001
   3.209999948740006E-002
       -1.067000031471252
       -1.243600010871887
  -5.034999847412109E-001
  -8.458999991416931E-001
       -1.424700021743774
       -1.339499950408936
       -1.546499967575073
       -2.367000102996826
       -1.677899956703186
       -1.114599943161011
       -1.617900013923645
  -7.351999878883362E-001
  -5.683000087738037E-001
  -7.358000278472900E-001
       -1.036999940872192
       -1.388200044631958
       -1.282699942588806
  -8.672999739646912E-001
  -3.736000061035156E-001
  -4.835000038146973E-001
   5.133000016212463E-001
   6.804999709129334E-001
   3.555000126361847E-001
   1.486999988555908E-001
   2.969999909400940E-001
  -5.375000238418579E-001
       -1.083799958229065
       -1.989400029182434
       -1.414100050926209
  -7.321000099182129E-001
       -1.144400000572205
       -1.406700015068054
  -7.074000239372253E-001
        1.174200057983398
   7.847999930381775E-001
   9.380000233650208E-001
        1.812800049781799
        2.113699913024902
        1.894299983978272
        1.416499972343445
   2.221000045537949E-001
  -5.409999936819077E-002
   9.287999868392944E-001
   4.433999955654144E-001
   8.579999953508377E-002
   1.221999973058701E-001
        1.325600028038025
   5.983999967575073E-001
   8.991000056266785E-001
   9.679999947547913E-001
        1.887099981307983
        1.923200011253357
        2.236799955368042
        1.797500014305115
        1.639400005340576
   7.466999888420105E-001
   6.304000020027161E-001
   2.809999883174896E-001
  -2.085999995470047E-001
  -7.928000092506409E-001
   2.628000080585480E-001
  -7.229999899864197E-001
  -2.709000110626221E-001
  -2.906000018119812E-001
       -1.333999991416931
       -2.064500093460083
       -1.908599972724915
       -2.131999969482422
       -1.856400012969971
       -1.965199947357178
  -8.851000070571899E-001
  -9.064000248908997E-001
       -1.754400014877319
       -1.788200020790100
       -1.731500029563904
  -9.642999768257141E-001
  -9.502000212669373E-001
  -7.318999767303467E-001
   9.300000034272671E-003
  -1.662999987602234E-001
  -4.347000122070313E-001
        1.020699977874756
   5.508999824523926E-001
   3.091000020503998E-001
   7.029999792575836E-002
       -1.307199954986572
       -1.177800059318543
       -1.017300009727478
  -9.625999927520752E-001
  -7.226999998092651E-001
       -1.243899941444397
       -1.021999955177307
  -7.882999777793884E-001
   6.834999918937683E-001
   3.066000044345856E-001
   6.123999953269959E-001
        1.080999970436096
   9.108999967575073E-001
        1.282699942588806
        1.005599975585938
   6.104999780654907E-001
   1.738000065088272E-001
   5.120000243186951E-001
   4.135999977588654E-001
   3.790000081062317E-001
   6.043999791145325E-001
        1.526999950408936
        1.269000053405762
        1.292799949645996
        1.710800051689148
        1.732599973678589
        1.451599955558777
        1.660699963569641
        1.346300005912781
        1.072600007057190
        1.224699974060059
        1.498000025749207
        1.055400013923645
  -5.522000193595886E-001
  -5.741000175476074E-001
  -7.081999778747559E-001
  -3.368000090122223E-001
  -2.587000131607056E-001
  -9.341999888420105E-001
       -1.877699971199036
       -2.273000001907349
       -2.081199884414673
       -2.121099948883057
       -1.596600055694580
       -2.250200033187866
       -2.059600114822388
       -1.311499953269959
       -2.265100002288818
       -2.253700017929077
       -1.991999983787537
       -2.136600017547607
       -1.431200027465820
   7.479999959468842E-002
   7.383000254631043E-001
   8.040000200271606E-001
   5.327000021934509E-001
        1.154899954795837
        1.791599988937378
   7.828000187873840E-001
   6.028000116348267E-001
  -8.190000057220459E-002
       -1.136800050735474
  -7.214999794960022E-001
  -7.113000154495239E-001
       -1.289499998092651
       -1.527699947357178
       -1.044299960136414
  -8.797000050544739E-001
   4.627999961376190E-001
   3.050000034272671E-002
   1.877000033855438E-001
   6.424999833106995E-001
   1.256999969482422E-001
   3.185999989509583E-001
  -9.359999746084213E-002
   1.465999931097031E-001
   6.441000103950501E-001
   8.202999830245972E-001
        1.317999958992004
        1.023800015449524
        1.369400024414063
        1.879400014877319
        1.039100050926209
        2.331199884414673
        2.819299936294556
        2.069999933242798
        2.132899999618530
        1.051699995994568
   8.787000179290772E-001
   3.722999989986420E-001
   6.230000257492065E-001
   2.524999976158142E-001
  -6.542000174522400E-001
  -3.844999969005585E-001
  -9.124000072479248E-001
  -6.468999981880188E-001
  -2.414000034332275E-001
  -5.339000225067139E-001
       -1.394600033760071
       -2.165199995040894
       -1.865300059318543
       -2.164999961853027
       -1.834200024604797
       -2.315700054168701
       -2.457099914550781
       -1.727800011634827
       -2.013700008392334
       -1.884699940681458
       -2.770499944686890
       -2.606800079345703
       -1.315000057220459
       -1.314000010490418
  -2.433999925851822E-001
        1.235399961471558
        1.198199987411499
   9.549000263214111E-001
   3.551999926567078E-001
        1.722900032997131
        2.062900066375732
        1.538400053977966
   5.792999863624573E-001
   4.751000106334686E-001
  -3.517999947071075E-001
   5.299999713897705E-001
  -2.413000017404556E-001
  -4.948000013828278E-001
  -8.486999869346619E-001
       -1.846899986267090
   3.944999873638153E-001
   6.697999835014343E-001
   5.640000104904175E-001
   6.450999975204468E-001
   2.436999976634979E-001
  -4.140000045299530E-001
  -8.280000090599060E-001
   2.437999993562698E-001
   5.019999742507935E-001
        1.622099995613098
   4.093999862670898E-001
        1.985200047492981
        1.947600007057190
        1.590399980545044
        1.243100047111511
        2.373100042343140
        2.190900087356567
        1.968099951744080
        1.732499957084656
        1.074699997901917
        1.058400034904480
   7.347999811172485E-001
  -3.106999993324280E-001
   1.094999983906746E-001
  -7.398999929428101E-001
       -1.207100033760071
  -9.679999947547913E-001
       -1.116500020027161
       -1.052199959754944
  -5.187000036239624E-001
       -1.256700038909912
       -1.711799979209900
       -2.076499938964844
       -2.357700109481812
       -2.783400058746338
       -2.437200069427490
       -2.201499938964844
       -2.266299962997437
       -1.894400000572205
       -1.412600040435791
       -1.824399948120117
       -1.154800057411194
       -1.049299955368042
  -4.837000072002411E-001
   8.324999809265137E-001
   8.263999819755554E-001
        1.448600053787231
   9.315000176429749E-001
   3.930999934673309E-001
        1.038200020790100
        1.685700058937073
        1.754299998283386
        1.588000059127808
   9.516999721527100E-001
   2.180000022053719E-002
  -5.008000135421753E-001
       -1.936900019645691
       -1.141999959945679
       -1.226300001144409
       -2.284499883651733
   4.408999979496002E-001
   1.863999962806702E-001
   3.269999921321869E-001
  -3.174999952316284E-001
  -3.689000010490418E-001
   6.610000133514404E-002
   1.453000009059906E-001
   8.496999740600586E-001
   1.658000051975250E-001
   1.071000024676323E-001
   3.517999947071075E-001
        1.201699972152710
        2.133100032806397
        2.016499996185303
        1.619300007820129
        1.899500012397766
        1.929499983787537
        1.450700044631958
        1.361500024795532
        1.792600035667419
   3.639999926090241E-001
   5.153999924659729E-001
  -2.703999876976013E-001
       -2.038399934768677
       -2.102299928665161
       -2.453399896621704
       -1.274000048637390
       -1.510800004005432
       -1.729200005531311
  -5.496000051498413E-001
       -1.670799970626831
       -1.782400012016296
       -2.380800008773804
       -2.206099987030029
       -1.262599945068359
       -1.751399993896484
       -2.038100004196167
       -1.730599999427795
  -4.120000004768372E-001
  -3.102000057697296E-001
  -8.119999766349793E-001
       -1.474599957466126
       -1.099900007247925
  -6.728000044822693E-001
  -9.799999743700028E-002
   3.143999874591827E-001
   9.653000235557556E-001
        1.117100000381470
   5.932999849319458E-001
   7.023000121116638E-001
        1.739400029182434
        1.143499970436096
        1.159500002861023
   9.075000286102295E-001
   9.114999771118164E-001
  -5.630999803543091E-001
       -1.742400050163269
       -1.794600009918213
  -3.476999998092651E-001
       -1.080800056457520
        1.133000016212463
   5.540000200271606E-001
   1.395000070333481E-001
   5.206000208854675E-001
  -1.156999990344048E-001
  -5.630000233650208E-001
   1.255999952554703E-001
   9.207999706268311E-001
        1.129099965095520
        1.228399991989136
  -2.499999944120646E-003
        1.273599982261658
        1.422600030899048
        2.032700061798096
        1.745499968528748
        2.409300088882446
        2.187999963760376
        1.284299969673157
   5.939000248908997E-001
  -1.017000004649162E-001
  -2.369000017642975E-001
   9.452999830245972E-001
  -1.821999996900559E-001
       -1.195999979972839
       -1.966300010681152
       -1.400500059127808
       -2.103300094604492
       -1.793400049209595
       -2.164499998092651
       -1.783599972724915
       -2.120899915695190
       -1.624600052833557
       -1.130699992179871
  -6.791999936103821E-001
  -6.740000247955322E-001
  -9.356999993324280E-001
       -1.086799979209900
  -7.164999842643738E-001
  -4.479999840259552E-002
       -1.089599967002869
  -1.642999947071075E-001
  -3.858000040054321E-001
  -7.918999791145325E-001
  -3.968999981880188E-001
  -5.734999775886536E-001
  -1.080000028014183E-001
   2.439000010490418E-001
  -1.632000058889389E-001
  -4.623999893665314E-001
  -2.361000031232834E-001
        1.067700028419495
        1.719099998474121
        1.977499961853027
        1.305899977684021
        1.030400037765503
  -4.226999878883362E-001
       -1.305400013923645
       -1.324599981307983
       -1.184100031852722
       -1.382400035858154
  -1.809999942779541E-001
  -2.474000006914139E-001
   2.257000058889389E-001
  -5.246999859809876E-001
   3.899999894201756E-003
  -7.720999717712402E-001
   6.338999867439270E-001
   7.857999801635742E-001
        1.457900047302246
        1.228999972343445
   2.099000066518784E-001
   7.023000121116638E-001
        1.192100048065186
        1.826900005340576
   9.653999805450440E-001
        1.839699983596802
        2.265300035476685
        1.795199990272522
   1.918999999761581E-001
   3.996999859809876E-001
   2.881999909877777E-001
   2.547000050544739E-001
  -2.773000001907349E-001
  -4.230000078678131E-001
       -1.196200013160706
       -1.489500045776367
       -1.267799973487854
       -1.369500041007996
       -2.203399896621704
       -2.185100078582764
       -2.080499887466431
       -2.175699949264526
       -1.616199970245361
       -1.743199944496155
       -1.480399966239929
       -1.109500050544739
       -1.210800051689148
  -5.583999752998352E-001
  -3.833999931812286E-001
       -1.060500025749207
  -9.393000006675720E-001
  -6.266999840736389E-001
       -1.164000034332275
  -2.310000061988831E-001
   1.018999963998795E-001
  -6.927999854087830E-001
  -7.145000100135803E-001
   3.404999971389771E-001
  -4.859999939799309E-002
   2.639999985694885E-002
   4.320000112056732E-001
   9.487000107765198E-001
        1.437500000000000
   4.598999917507172E-001
   3.612999916076660E-001
  -4.119000136852264E-001
       -1.602300047874451
       -2.009599924087524
  -5.914000272750855E-001
       -1.150599956512451
  -9.973999857902527E-001
  -2.624000012874603E-001
  -3.303000032901764E-001
       -1.281700015068054
  -8.773999810218811E-001
  -2.538000047206879E-001
   1.577000021934509E-001
        1.095700025558472
   7.943000197410584E-001
   2.470000088214874E-002
  -1.103999987244606E-001
  -1.342000067234039E-001
   1.147999987006187E-001
   6.187999844551086E-001
        1.407699942588806
        2.074100017547607
        1.565299987792969
   7.293999791145325E-001
  -1.915999948978424E-001
   8.049999922513962E-002
  -7.670000195503235E-002
   2.328999936580658E-001
  -8.816999793052673E-001
       -1.033499956130981
       -1.195199966430664
       -1.289399981498718
  -7.207999825477600E-001
       -1.407600045204163
       -2.333300113677979
       -3.002399921417236
       -2.696399927139282
       -3.322299957275391
       -2.407299995422363
       -1.505100011825562
       -1.413499951362610
       -2.117199897766113
       -2.036400079727173
  -9.524000287055969E-001
       -1.067700028419495
  -6.952999830245972E-001
  -2.001000046730042E-001
  -5.056999921798706E-001
       -1.131999969482422
  -2.009999938309193E-002
  -1.764000058174133E-001
  -1.039000004529953E-001
  -6.377000212669373E-001
  -1.001000031828880E-001
   2.675000131130219E-001
   6.970000267028809E-002
   6.424999833106995E-001
  -1.686999946832657E-001
   2.440000027418137E-001
   9.880000352859497E-002
   2.404000014066696E-001
  -4.230000078678131E-001
       -1.609799981117249
       -1.353099942207336
  -9.473999738693237E-001
   9.799999743700028E-002
       -1.124899983406067
  -6.455000042915344E-001
  -3.851000070571899E-001
  -5.630000233650208E-001
   2.360000014305115E-001
  -1.995999962091446E-001
  -1.507000029087067E-001
   5.633000135421753E-001
   3.337000012397766E-001
   8.409000039100647E-001
   4.447999894618988E-001
   5.774999856948853E-001
   8.955000042915344E-001
   6.286000013351440E-001
        1.142099976539612
        1.022400021553040
   8.605999946594238E-001
  -6.899999827146530E-002
  -1.905999928712845E-001
  -4.250000044703484E-002
   4.720000028610230E-001
   1.694000065326691E-001
       -1.507899999618530
       -1.018000006675720
       -1.124300003051758
       -1.527300000190735
       -1.476799964904785
       -2.185199975967407
       -2.309799909591675
       -2.053800106048584
       -1.692700028419495
       -2.032099962234497
       -2.130599975585938
       -2.020699977874756
       -2.182800054550171
       -1.740800023078919
       -1.820799946784973
       -1.885499954223633
       -1.147300004959106
       -1.171499967575073
  -7.803000211715698E-001
  -8.023999929428101E-001
       -1.043099999427795
  -3.341999948024750E-001
   3.500000014901161E-002
  -2.342000007629395E-001
  -6.970000267028809E-002
  -3.165000081062317E-001
   4.100000113248825E-002
       -1.068199992179871
   3.844999969005585E-001
   9.380000084638596E-002
   5.422999858856201E-001
  -4.370000064373016E-001
  -1.933999955654144E-001
  -8.255000114440918E-001
  -9.865999817848206E-001
       -1.664199948310852
  -6.786000132560730E-001
  -5.378999710083008E-001
       -1.018200039863586
  -9.858999848365784E-001
   3.055999875068665E-001
  -3.878999948501587E-001
   1.600000075995922E-002
   7.601000070571899E-001
   4.943000078201294E-001
   6.539000272750855E-001
   7.258999943733215E-001
   6.701999902725220E-001
   9.627000093460083E-001
   7.573999762535095E-001
   9.143999814987183E-001
        1.317000031471252
   5.868999958038330E-001
        1.403800010681152
   6.858999729156494E-001
  -1.178999990224838E-001
   6.110000014305115E-001
  -6.553000211715698E-001
  -4.702000021934509E-001
  -6.707999706268311E-001
  -8.895999789237976E-001
       -1.616400003433228
       -1.737200021743774
       -1.558899998664856
       -1.226400017738342
       -1.756800055503845
       -1.755800008773804
       -1.376399993896484
  -8.662999868392944E-001
  -4.950000047683716E-001
       -1.129400014877319
       -2.075000047683716
       -2.790699958801270
       -1.881899952888489
       -1.235599994659424
       -1.617400050163269
       -1.874400019645691
       -1.053699970245361
  -7.720000296831131E-002
  -3.052000105381012E-001
  -3.943000137805939E-001
  -7.182999849319458E-001
  -1.203000023961067E-001
   4.656000137329102E-001
  -5.357999801635742E-001
  -1.674000024795532E-001
  -3.894999921321869E-001
  -5.469999909400940E-001
   1.885000020265579E-001
        1.080100059509277
        1.072399973869324
   5.257999897003174E-001
  -4.589999839663506E-002
  -5.697000026702881E-001
  -5.806000232696533E-001
  -4.665000140666962E-001
  -5.677999854087830E-001
  -8.230999708175659E-001
  -5.932000279426575E-001
       -1.171700000762940
  -2.590000033378601E-001
   1.233000010251999E-001
  -5.648000240325928E-001
  -1.989999972283840E-002
        1.238499999046326
   4.675999879837036E-001
   3.878000080585480E-001
   7.486000061035156E-001
   2.572999894618988E-001
   7.366999983787537E-001
        1.048400044441223
   9.864000082015991E-001
        1.083099961280823
   5.835999846458435E-001
  -3.420000150799751E-002
  -6.079999804496765E-001
       -1.353800058364868
       -1.323300004005432
  -4.539000093936920E-001
  -7.128000259399414E-001
       -1.482100009918213
       -1.069399952888489
       -1.886700034141541
       -1.569300055503845
       -1.777799963951111
       -2.045300006866455
       -1.592599987983704
       -1.575700044631958
       -1.151700019836426
  -4.993999898433685E-001
       -1.688500046730042
       -1.243999958038330
       -1.904299974441528
       -1.695600032806397
       -1.419399976730347
       -1.204900026321411
  -9.391000270843506E-001
       -1.514099955558777
  -8.622000217437744E-001
   2.046999931335449E-001
   2.331999987363815E-001
   3.287999927997589E-001
   4.361000061035156E-001
  -7.729999721050263E-002
   1.473000049591065E-001
  -3.720000088214874E-001
  -8.453999757766724E-001
  -2.820999920368195E-001
  -4.900000058114529E-003
   9.600999951362610E-001
        1.270799994468689
   9.753000140190125E-001
   5.037999749183655E-001
   6.011999845504761E-001
  -1.370000001043081E-002
   1.490000039339066E-001
   2.999999932944775E-002
  -9.296000003814697E-001
  -3.519999980926514E-001
  -8.583999872207642E-001
       -1.052500009536743
  -2.425999939441681E-001
   3.524999916553497E-001
   7.118999958038330E-001
   5.641999840736389E-001
        1.034700036048889
        1.733999967575073
        1.097699999809265
   2.439000010490418E-001
   7.677000164985657E-001
        1.236199975013733
        1.322399973869324
   3.104999959468842E-001
  -3.660000115633011E-002
  -9.577000141143799E-001
  -7.796999812126160E-001
       -1.276800036430359
       -1.508000016212463
  -6.539999842643738E-001
  -6.948000192642212E-001
  -9.764999747276306E-001
       -2.089699983596802
       -1.915500044822693
       -1.143399953842163
       -2.082299947738648
  -9.915999770164490E-001
       -1.790300011634827
       -2.468400001525879
  -8.234000205993652E-001
  -3.438999950885773E-001
       -1.325399994850159
       -1.139199972152710
       -1.243999958038330
  -9.670000076293945E-001
       -1.510100007057190
  -8.076000213623047E-001
       -1.228000044822693
  -7.677999734878540E-001
  -9.714999794960022E-001
  -5.509999990463257E-001
  -8.586000204086304E-001
  -5.644999742507935E-001
   3.937000036239624E-001
   5.900000222027302E-003
  -4.656000137329102E-001
  -1.724999994039536E-001
  -9.205999970436096E-001
  -4.205000102519989E-001
  -4.451999962329865E-001
   2.289000004529953E-001
   5.770999789237976E-001
        1.455700039863586
        1.453600049018860
   7.246999740600586E-001
   5.562999844551086E-001
   4.650999903678894E-001
  -3.407999873161316E-001
       -1.097399950027466
  -4.553000032901764E-001
  -3.777999877929688E-001
   8.039999753236771E-002
   8.929999917745590E-002
   7.350000143051148E-001
   6.316999793052673E-001
   8.733999729156494E-001
        1.263599991798401
        1.654500007629395
        1.063199996948242
        1.284999966621399
   9.466000199317932E-001
        1.489599943161011
   2.146999984979630E-001
   5.700000002980232E-002
  -3.452000021934509E-001
  -8.266999721527100E-001
       -1.517699956893921
  -6.547999978065491E-001
       -1.078699946403503
  -9.598000049591065E-001
   2.242999970912933E-001
  -6.771000027656555E-001
       -1.169399976730347
  -5.766000151634216E-001
  -4.620000123977661E-001
  -6.003000140190125E-001
  -7.319999933242798E-001
  -8.604999780654907E-001
       -1.211400032043457
       -1.132799983024597
       -1.169600009918213
  -6.452999711036682E-001
  -8.260999917984009E-001
       -1.078199982643127
  -7.854999899864197E-001
       -1.213500022888184
  -8.169000148773193E-001
  -8.622000217437744E-001
  -9.092000126838684E-001
  -5.246000289916992E-001
  -1.406999975442886E-001
  -5.787000060081482E-001
       -1.039199948310852
  -6.699999794363976E-003
  -3.849999979138374E-002
   3.630000054836273E-001
   5.809999704360962E-001
   4.178000092506409E-001
  -1.630000025033951E-001
   6.780000030994415E-002
   3.201999962329865E-001
   8.228999972343445E-001
   8.648999929428101E-001
   9.438999891281128E-001
   6.980000138282776E-001
   6.198999881744385E-001
   6.452000141143799E-001
   3.447000086307526E-001
  -8.009999990463257E-002
  -2.096000015735626E-001
   3.747000098228455E-001
   4.663000106811523E-001
   9.100999832153320E-001
        1.680299997329712
        1.485200047492981
        1.258399963378906
        1.041300058364868
        1.162899971008301
  -2.178999930620194E-001
        1.059800028800964
   9.541000127792358E-001
   2.030999958515167E-001
   6.269999742507935E-001
   7.289999723434448E-002
       -1.197800040245056
       -1.422700047492981
  -6.288999915122986E-001
       -1.189700007438660
  -8.824999928474426E-001
  -6.546000242233276E-001
   5.699999928474426E-001
  -4.300000071525574E-001
  -3.635999858379364E-001
  -3.977000117301941E-001
  -2.635999917984009E-001
  -4.083000123500824E-001
  -3.154000043869019E-001
       -1.292600035667419
       -1.484300017356873
       -1.610100030899048
  -9.284999966621399E-001
  -5.453000068664551E-001
       -1.219400048255920
       -1.254199981689453
  -5.335000157356262E-001
  -3.025999963283539E-001
   6.560000032186508E-002
  -3.894000053405762E-001
  -4.361000061035156E-001
  -2.003999948501587E-001
  -2.849000096321106E-001
  -7.531999945640564E-001
       -1.774099946022034
  -7.127000093460083E-001
   3.982000052928925E-001
        1.119199991226196
   2.011999934911728E-001
   1.446000039577484E-001
   5.544999837875366E-001
  -3.479000031948090E-001
  -4.176000058650971E-001
  -1.310999989509583E-001
   2.721000015735626E-001
   3.379999995231628E-001
   4.427999854087830E-001
   5.963000059127808E-001
   5.886999964714050E-001
   7.461000084877014E-001
        1.312600016593933
   6.347000002861023E-001
  -2.888999879360199E-001
   9.618999958038330E-001
        1.198199987411499
        1.417700052261353
        2.080699920654297
        1.792700052261353
        2.040299892425537
        1.194499969482422
   4.379000067710877E-001
   2.097000032663345E-001
   4.027999937534332E-001
   1.216000020503998E-001
  -1.909999921917915E-002
  -9.308000206947327E-001
       -1.062500000000000
       -1.604200005531311
  -3.201000094413757E-001
  -9.782999753952026E-001
  -7.592999935150147E-001
  -9.363999962806702E-001
  -5.692999958992004E-001
       -1.134699940681458
  -1.037999987602234E-001
   3.039000034332275E-001
  -5.447999835014343E-001
  -7.179999947547913E-001
       -1.278599977493286
       -1.031100034713745
       -1.602200031280518
  -5.066999793052673E-001
       -1.127500057220459
       -1.339599967002869
       -1.573799967765808
  -3.242999911308289E-001
  -4.458999931812286E-001
  -4.769999906420708E-002
  -4.589999839663506E-002
       -1.059100031852722
  -5.090000033378601E-001
  -5.702999830245972E-001
  -3.725999891757965E-001
  -7.372999787330627E-001
  -9.510999917984009E-001
   7.951999902725220E-001
        1.117400050163269
        1.622699975967407
        1.467499971389771
        1.205199956893921
   2.153999954462051E-001
   1.513999998569489E-001
  -4.950999915599823E-001
  -2.829000055789948E-001
  -1.582999974489212E-001
   3.973999917507172E-001
        1.033499956130981
        1.222300052642822
        1.212299942970276
        1.835399985313416
        2.736099958419800
   4.742999970912933E-001
   2.754999995231628E-001
        1.228199958801270
        2.037199974060059
        2.136300086975098
        2.440000057220459
        1.732100009918213
        1.160799980163574
        1.170600056648254
   8.428999781608582E-001
   1.544999927282333E-001
  -1.483000069856644E-001
   1.176000013947487E-001
  -3.899999894201756E-003
  -3.840999901294708E-001
  -2.070000022649765E-001
  -8.095999956130981E-001
  -6.277999877929688E-001
  -7.196999788284302E-001
       -1.014400005340576
  -5.450000166893005E-001
  -2.745999991893768E-001
  -1.050999984145165E-001
  -4.700999855995178E-001
  -2.354000061750412E-001
  -5.116000175476074E-001
  -3.806999921798706E-001
       -1.063599944114685
       -1.767600059509277
       -1.027999997138977
  -4.061999917030335E-001
  -6.274999976158142E-001
  -5.281999707221985E-001
  -9.054999947547913E-001
   1.384000033140183E-001
   3.388999998569489E-001
  -6.268000006675720E-001
   5.689999833703041E-002
  -7.210999727249146E-001
  -9.472000002861023E-001
  -5.662999749183655E-001
  -4.929000139236450E-001
  -5.884000062942505E-001
  -6.396999955177307E-001
  -2.229999937117100E-002
   8.371999859809876E-001
        1.034999966621399
        1.580600023269653
   9.174000024795532E-001
        1.172999978065491
   2.788999974727631E-001
   5.909999832510948E-002
  -5.400000140070915E-002
  -9.502000212669373E-001
   4.830000177025795E-002
  -1.597000062465668E-001
   7.954000234603882E-001
        1.677299976348877
        2.117100000381470
        2.398900032043457
   9.722999930381775E-001
        1.083899974822998
        1.766299962997437
        2.459399938583374
        2.800699949264526
        3.582600116729736
        2.326699972152710
        1.863999962806702
        2.246099948883057
        1.441499948501587
   1.388999968767166E-001
  -7.100000046193600E-003
   2.111999988555908E-001
  -4.709999859333038E-001
  -5.302000045776367E-001
  -3.632000088691711E-001
  -7.493000030517578E-001
       -1.149199962615967
       -1.636199951171875
  -9.513000249862671E-001
  -9.743999838829041E-001
  -4.192999899387360E-001
   1.671999990940094E-001
  -4.832000136375427E-001
       -1.169899940490723
       -1.134899973869324
  -8.600999712944031E-001
       -1.034000039100647
       -2.006900072097778
       -1.555199980735779
  -9.876999855041504E-001
       -1.365900039672852
  -6.500999927520752E-001
  -1.111999973654747E-001
  -4.011000096797943E-001
  -6.353999972343445E-001
  -6.723999977111816E-001
  -8.949999809265137E-001
  -3.580000102519989E-001
       -1.632500052452087
  -4.977000057697296E-001
   1.270000040531158E-001
  -3.580999970436096E-001
  -7.371000051498413E-001
   1.260000020265579E-001
   3.314000070095062E-001
   4.515999853610992E-001
        1.798499941825867
        1.151700019836426
        1.425799965858460
        1.097000002861023
        1.064700007438660
  -4.419999942183495E-002
  -7.160000205039978E-001
  -8.664000034332275E-001
  -8.741000294685364E-001
   5.002999901771545E-001
        1.595000028610230
        1.207200050354004
        1.197900056838989
   8.679999709129334E-001
   7.425000071525574E-001
        1.706200003623962
        1.702999949455261
        2.189699888229370
        3.223099946975708
        2.466300010681152
        2.626499891281128
        2.607300043106079
        1.726899981498718
  -1.156999990344048E-001
  -6.366000175476074E-001
       -1.204800009727478
       -1.195000052452087
  -8.758000135421753E-001
       -1.289499998092651
  -7.570999860763550E-001
       -1.080399990081787
       -1.678900003433228
       -1.005100011825562
  -3.149000108242035E-001
   5.867999792098999E-001
   1.909999921917915E-002
  -2.790000140666962E-001
       -1.356999993324280
  -9.970999956130981E-001
  -7.695000171661377E-001
       -1.177299976348877
       -1.769500017166138
       -2.174900054931641
       -1.653100013732910
       -1.258999943733215
  -8.587999939918518E-001
  -8.287000060081482E-001
       -1.101899981498718
  -9.706000089645386E-001
  -9.246000051498413E-001
  -4.137000143527985E-001
  -7.853000164031982E-001
       -2.019799947738648
  -6.958000063896179E-001
  -5.924999713897705E-001
  -9.830000251531601E-002
  -6.090999841690064E-001
   2.610000036656857E-002
  -6.879000067710877E-001
   9.180999994277954E-001
        1.538499951362610
        1.221199989318848
        1.147699952125549
        1.111799955368042
        1.022799968719482
   3.599999938160181E-003
       -1.060600042343140
  -8.626000285148621E-001
       -1.178900003433228
   2.757000029087067E-001
        1.144000053405762
   9.929000139236450E-001
  -8.540000021457672E-002
   6.280000209808350E-001
   2.454999983310700E-001
   4.494999945163727E-001
        1.730999946594238
        1.754500031471252
        1.794000029563904
        1.695600032806397
        2.319600105285645
        2.122200012207031
        2.278500080108643
   2.290000021457672E-001
  -5.279999971389771E-001
  -9.356999993324280E-001
  -7.645000219345093E-001
       -1.107499957084656
       -1.216199994087219
       -1.427600026130676
       -1.357200026512146
       -1.155900001525879
       -1.661200046539307
       -1.346699953079224
  -8.342999815940857E-001
  -6.068999767303467E-001
  -4.052000045776367E-001
       -1.252300024032593
  -9.613000154495239E-001
  -8.151999711990356E-001
       -1.633599996566773
       -1.820600032806397
       -2.777899980545044
       -1.629899978637695
       -1.184200048446655
  -5.303000211715698E-001
  -5.587000250816345E-001
       -2.076299905776978
       -1.993100047111511
       -1.326300024986267
  -8.820000290870667E-001
  -3.222000002861023E-001
       -1.080100059509277
  -7.799999713897705E-001
  -3.666000068187714E-001
  -7.154999971389771E-001
  -4.781000018119812E-001
   1.297000050544739E-001
  -2.784000039100647E-001
   7.634000182151794E-001
        1.924800038337708
        2.104599952697754
   8.068000078201294E-001
   1.155000030994415E-001
   2.964000105857849E-001
   2.239999920129776E-002
  -6.764000058174133E-001
  -4.086999893188477E-001
   6.245999932289124E-001
   7.386999726295471E-001
   3.291000127792358E-001
   9.040000289678574E-002
   4.413999915122986E-001
   4.365999996662140E-001
        1.003399968147278
        1.481500029563904
        2.788500070571899
        2.367599964141846
        2.979799985885620
        2.059499979019165
        1.850399971008301
        1.834900021553040
        1.277099967002869
   2.002000063657761E-001
   1.169999968260527E-002
  -4.627000093460083E-001
       -1.059299945831299
       -1.314000010490418
  -8.058000206947327E-001
       -1.366000056266785
       -1.528300046920776
  -6.671000123023987E-001
       -1.222800016403198
       -1.203799962997437
  -9.164999723434448E-001
  -8.664000034332275E-001
  -9.955999851226807E-001
  -4.869000017642975E-001
       -1.142500042915344
  -6.266999840736389E-001
  -8.122000098228455E-001
       -1.733100056648254
       -2.497999906539917
       -2.291500091552734
       -1.837700009346008
  -6.222000122070313E-001
  -8.605999946594238E-001
       -2.018899917602539
       -2.165999889373779
       -1.619799971580505
       -1.252699971199036
       -1.346899986267090
       -1.018900036811829
  -9.628000259399414E-001
       -1.743999958038330
  -8.849999904632568E-001
  -6.880000233650208E-002
  -1.062999963760376E-001
   2.500000037252903E-002
   5.266000032424927E-001
        1.410099983215332
        1.592800021171570
   1.995999962091446E-001
  -2.241999953985214E-001
  -6.804999709129334E-001
  -5.479000210762024E-001
  -3.124000132083893E-001
   3.461999893188477E-001
        1.474400043487549
        1.439900040626526
        1.044100046157837
  -1.444000005722046E-001
  -1.644999980926514E-001
        1.081500053405762
        1.414600014686585
        2.192600011825562
        2.493499994277954
        2.084100008010864
        2.030499935150147
        1.059599995613098
        1.682100057601929
   8.887000083923340E-001
   9.217000007629395E-001
   1.494999974966049E-001
   1.518999934196472E-001
  -3.912999927997589E-001
  -9.893000125885010E-001
       -1.047299981117249
       -1.596500039100647
       -2.319700002670288
       -1.296800017356873
       -1.051300048828125
       -1.495000004768372
       -1.135900020599365
       -1.037199974060059
       -1.415899991989136
       -1.550600051879883
  -9.599000215530396E-001
       -1.954200029373169
       -1.136199951171875
       -1.531700015068054
       -1.564599990844727
       -2.758199930191040
       -2.296000003814697
       -1.505699992179871
       -1.508700013160706
       -1.241600036621094
       -2.411200046539307
       -2.226900100708008
       -1.476099967956543
       -1.632599949836731
       -1.339900016784668
       -1.261999964714050
  -6.732000112533569E-001
       -1.367900013923645
  -5.070999860763550E-001
   1.017000004649162E-001
  -1.036000028252602E-001
   1.225999966263771E-001
   2.030999958515167E-001
   7.279999852180481E-001
        1.318300008773804
   1.921000033617020E-001
  -7.196999788284302E-001
  -3.537999987602234E-001
  -9.800000116229057E-003
   7.980000227689743E-002
   2.542000114917755E-001
   7.829999923706055E-001
        1.817899942398071
        1.805699944496155
   2.962000072002411E-001
  -2.856999933719635E-001
   1.536000072956085E-001
   9.927999973297119E-001
        1.513399958610535
        1.805400013923645
        1.715000033378601
        1.329399943351746
        1.179499983787537
   8.752999901771545E-001
   1.379999984055758E-002
   1.694999933242798E-001
  -8.555999994277954E-001
       -1.185999989509583
       -1.161000013351440
       -1.695999979972839
       -1.759600043296814
       -1.021900057792664
       -1.781900048255920
       -1.415500044822693
  -9.316999912261963E-001
       -1.407299995422363
       -1.094799995422363
       -1.587100028991699
       -1.500399947166443
       -1.569499969482422
       -1.738399982452393
       -1.732200026512146
       -1.563199996948242
       -1.468600034713745
       -1.614199995994568
       -2.581599950790405
       -2.306799888610840
       -1.567000031471252
       -1.336599946022034
       -1.474599957466126
       -2.200900077819824
       -1.947100043296814
       -1.699699997901917
       -2.058399915695190
       -1.059100031852722
       -1.923499941825867
       -1.401000022888184
       -1.537700057029724
  -6.197000145912170E-001
   3.912000060081482E-001
  -3.844000101089478E-001
   3.100000023841858E-001
   4.494000077247620E-001
   2.251999974250794E-001
   6.067000031471252E-001
   1.825000047683716E-001
   1.579999923706055E-002
  -3.555999994277954E-001
  -5.555999875068665E-001
   9.539999812841415E-002
  -9.147999882698059E-001
  -1.420000009238720E-002
        1.091300010681152
   9.445999860763550E-001
   7.228000164031982E-001
  -5.210999846458435E-001
   4.918000102043152E-001
   3.005000054836273E-001
   7.893000245094299E-001
   6.715000271797180E-001
        1.025500059127808
        1.070700049400330
   8.871999979019165E-001
   9.556000232696533E-001
  -4.415999948978424E-001
  -9.939000010490418E-001
       -1.567199945449829
       -1.773100018501282
       -1.571900010108948
       -3.070399999618530
       -2.643399953842163
       -2.468199968338013
       -1.950500011444092
       -1.404800057411194
  -8.549000024795532E-001
  -8.242999911308289E-001
       -1.546800017356873
       -1.890400052070618
       -1.740700006484985
       -1.102300047874451
       -1.227399945259094
       -1.215700030326843
       -1.302899956703186
       -2.255599975585938
       -2.417299985885620
       -1.975499987602234
       -1.360100030899048
       -1.449100017547607
  -7.074000239372253E-001
  -7.365000247955322E-001
       -1.297399997711182
  -9.017000198364258E-001
  -9.372000098228455E-001
       -1.320000052452087
  -3.574000000953674E-001
  -7.653999924659729E-001
       -2.026700019836426
       -2.021300077438355
       -1.437800049781799
  -2.633999884128571E-001
  -3.860000148415566E-002
  -4.512999951839447E-001
  -3.416999876499176E-001
  -3.785000145435333E-001
  -7.429000139236450E-001
       -1.047899961471558
  -3.167000114917755E-001
  -6.791999936103821E-001
  -6.524999737739563E-001
  -8.661999702453613E-001
  -7.655000090599060E-001
  -6.650999784469605E-001
   7.330999970436096E-001
        1.077399969100952
   9.006000161170960E-001
   1.678999960422516E-001
   8.779000043869019E-001
   4.788999855518341E-001
  -2.060000002384186E-001
  -2.019000053405762E-001
   9.205999970436096E-001
        1.112499952316284
   9.933999776840210E-001
   9.725000262260437E-001
   2.115000039339066E-001
       -1.157899975776672
       -1.677299976348877
       -1.817600011825562
       -2.218800067901611
       -3.420500040054321
       -3.571599960327148
       -2.268800020217896
       -2.287800073623657
       -2.009799957275391
       -1.789399981498718
       -1.496500015258789
       -1.073300004005432
       -1.117599964141846
       -1.657600045204163
  -6.833000183105469E-001
  -6.460999846458435E-001
       -1.125300049781799
       -1.146700024604797
       -1.483899950981140
       -1.924999952316284
  -7.013999819755554E-001
  -4.925000071525574E-001
  -7.703999876976013E-001
  -3.208000063896179E-001
  -1.536999940872192E-001
  -2.958000004291534E-001
  -2.777000069618225E-001
  -3.379999995231628E-001
   6.150000169873238E-002
  -3.788000047206879E-001
  -9.074000120162964E-001
       -2.086299896240234
       -1.788499951362610
       -1.466500043869019
  -7.149999737739563E-001
  -5.799000263214111E-001
  -6.689000129699707E-001
  -7.773000001907349E-001
  -4.214999973773956E-001
   1.253000050783157E-001
  -2.940999865531921E-001
   2.551999986171722E-001
  -3.691999912261963E-001
  -4.293000102043152E-001
   5.006999969482422E-001
  -2.712000012397766E-001
  -1.108999997377396E-001
   4.643000066280365E-001
        1.096500039100647
   5.796999931335449E-001
   1.099999994039536E-003
        1.383599996566773
   7.756999731063843E-001
   5.774999856948853E-001
   3.467999994754791E-001
   5.910999774932861E-001
   5.163000226020813E-001
        1.356099963188171
   6.815000176429749E-001
  -3.425000011920929E-001
       -1.716500043869019
       -2.560899972915649
       -2.679800033569336
       -2.297100067138672
       -2.689699888229370
       -3.495500087738037
       -3.622200012207031
       -2.582499980926514
       -2.571000099182129
       -2.228399991989136
       -1.344799995422363
  -7.322000265121460E-001
       -1.676900029182434
  -9.815000295639038E-001
  -7.710999846458435E-001
  -4.156000018119812E-001
       -1.034100055694580
       -1.108000040054321
       -1.653300046920776
       -1.373700022697449
  -5.902000069618225E-001
  -9.886999726295471E-001
  -3.840000182390213E-002
   1.359000056982040E-001
   3.391000032424927E-001
   3.944000005722046E-001
   8.641999959945679E-001
  -4.914000034332275E-001
   2.204000055789948E-001
  -8.790000081062317E-001
  -6.475999951362610E-001
  -3.161000013351440E-001
  -7.990000247955322E-001
       -1.527500033378601
       -1.651800036430359
       -1.385800004005432
  -8.838999867439270E-001
   1.385000050067902E-001
  -1.820000074803829E-002
  -1.513999998569489E-001
   4.521999955177307E-001
   8.799999952316284E-002
   1.825000047683716E-001
  -9.508000016212463E-001
  -9.235000014305115E-001
   3.280999958515167E-001
   6.183000206947327E-001
   2.293999940156937E-001
  -1.290000043809414E-002
   1.074000000953674E-001
  -2.111999988555908E-001
        2.332600116729736
        1.078699946403503
        1.422299981117249
   8.597000241279602E-001
   9.878000020980835E-001
        1.192199945449829
   9.746000170707703E-001
   3.194999992847443E-001
  -1.263000071048737E-001
  -9.499999880790710E-001
       -1.672999978065491
       -2.447000026702881
       -2.522099971771240
       -3.752099990844727
       -4.112400054931641
       -3.660399913787842
       -3.295599937438965
       -3.194099903106690
       -2.385600090026856
       -1.796000003814697
       -1.734099984169006
       -1.804200053215027
  -2.030999958515167E-001
  -8.209999799728394E-001
       -1.474099993705750
       -1.460000038146973
       -1.300300002098084
  -7.907999753952026E-001
  -7.354999780654907E-001
  -3.982000052928925E-001
  -8.148000240325928E-001
  -4.758000075817108E-001
   2.422000020742416E-001
   7.344999909400940E-001
        1.447800040245056
        1.422999978065491
  -2.190999984741211E-001
  -4.100000113248825E-002
   1.844999939203262E-001
  -8.453999757766724E-001
  -9.075999855995178E-001
       -1.344799995422363
       -1.000399947166443
       -1.457700014114380
  -6.711000204086304E-001
  -6.916999816894531E-001
  -3.783999979496002E-001
   1.803999990224838E-001
   8.899999782443047E-003
   4.603999853134155E-001
  -1.727000027894974E-001
  -4.866999983787537E-001
       -1.031700015068054
  -9.172000288963318E-001
       -1.132799983024597
  -2.576000094413757E-001
   1.389999985694885E-001
  -6.425999999046326E-001
   8.506000041961670E-001
  -1.966000050306320E-001
        1.938599944114685
        1.390300035476685
        2.052900075912476
        1.292000055313110
        1.765599966049194
   8.169000148773193E-001
        1.045799970626831
        1.026200056076050
        1.213000059127808
  -6.521000266075134E-001
       -1.555600047111511
       -1.368299961090088
       -2.402800083160400
       -3.341900110244751
       -3.510799884796143
       -3.480799913406372
       -3.527899980545044
       -2.214799880981445
       -1.965000033378601
       -2.276999950408936
  -7.893000245094299E-001
       -1.348299980163574
       -1.287299990653992
  -9.538999795913696E-001
       -2.364599943161011
       -1.691900014877319
       -1.190899968147278
       -1.100100040435791
  -8.051000237464905E-001
  -6.617000102996826E-001
  -3.262000083923340E-001
   1.787000000476837E-001
  -4.431000053882599E-001
   6.492000222206116E-001
        1.945700049400330
        1.238999962806702
   6.021000146865845E-001
   1.079000011086464E-001
   1.098999977111816E-001
  -3.495999872684479E-001
  -1.389999967068434E-002
  -4.783999919891357E-001
  -8.917999863624573E-001
  -6.496000289916992E-001
  -2.076999992132187E-001
  -5.964000225067139E-001
       -1.283699989318848
       -1.059000015258789
   4.369999840855598E-002
  -3.269999846816063E-002
  -4.909999966621399E-001
       -1.051900029182434
       -1.576500058174133
       -1.688599944114685
       -1.806499958038330
  -4.253999888896942E-001
  -7.299999892711639E-002
   2.635000050067902E-001
  -5.379999876022339E-001
  -8.989999890327454E-001
        1.227399945259094
        1.347599983215332
   6.528000235557556E-001
        1.694100022315979
        1.171599984169006
        1.004199981689453
   5.292000174522400E-001
   3.542000055313110E-001
   5.163000226020813E-001
   1.907999962568283E-001
  -9.445999860763550E-001
       -1.639700055122376
       -2.288800001144409
       -2.811800003051758
       -2.507499933242798
       -2.633100032806397
       -3.011199951171875
       -1.801200032234192
       -1.802299976348877
       -1.850399971008301
       -1.825799942016602
       -1.727699995040894
       -1.055400013923645
       -1.524000048637390
       -1.328099966049194
       -1.897300004959106
  -9.074000120162964E-001
       -1.675300002098084
  -9.790999889373779E-001
       -1.302500009536743
  -8.515999913215637E-001
  -7.447000145912170E-001
  -3.129000067710877E-001
   2.349999994039536E-001
        1.941100001335144
        2.356899976730347
        1.353899955749512
   5.436999797821045E-001
   7.319999933242798E-001
   5.443999767303467E-001
  -5.895000100135803E-001
  -5.782999992370606E-001
       -1.144500017166138
       -1.069000005722046
       -1.939200043678284
       -1.747900009155273
       -1.506600022315979
       -1.706400036811829
       -1.280200004577637
  -2.433000057935715E-001
  -5.522000193595886E-001
  -7.414000034332275E-001
  -9.060000181198120E-001
       -1.569000005722046
       -2.157099962234497
       -1.096099972724915
       -1.107699990272522
  -7.167999744415283E-001
  -5.949000120162964E-001
  -8.126999735832214E-001
        1.102900028228760
        1.037799954414368
   9.726999998092651E-001
   6.313999891281128E-001
   6.897000074386597E-001
  -5.360999703407288E-001
  -2.460999935865402E-001
   6.011000275611877E-001
   8.022999763488770E-001
  -6.280000209808350E-001
       -1.688799977302551
       -1.312999963760376
       -1.534000039100647
  -9.146000146865845E-001
       -1.073899984359741
       -1.985700011253357
       -2.132800102233887
       -1.761000037193298
       -1.993999958038330
       -1.723999977111816
       -1.640799999237061
       -1.684000015258789
       -1.867799997329712
       -1.697800040245056
  -7.281000018119812E-001
  -8.313000202178955E-001
       -1.789800047874451
       -1.700899958610535
       -1.299000024795532
       -1.558300018310547
       -2.124599933624268
       -1.649799942970276
  -7.518000006675720E-001
   7.046999931335449E-001
        1.963000059127808
        2.076200008392334
        1.417400002479553
   7.300000190734863E-001
   8.816999793052673E-001
   5.457999706268311E-001
  -1.239999979734421E-001
  -5.762000083923340E-001
  -9.710999727249146E-001
       -1.781599998474121
       -1.346699953079224
       -1.671900033950806
       -2.095099925994873
       -1.463199973106384
  -7.964000105857849E-001
   2.167000025510788E-001
  -6.305000185966492E-001
  -8.046000003814697E-001
  -9.240999817848206E-001
       -1.810400009155273
       -1.581099987030029
       -1.634799957275391
       -1.414299964904785
  -3.515999913215637E-001
  -6.998000144958496E-001
  -3.540000021457672E-001
   5.220000073313713E-002
        1.340600013732910
   6.696000099182129E-001
   5.429000258445740E-001
   5.036000013351440E-001
   2.234999984502792E-001
  -5.070999860763550E-001
   4.767000079154968E-001
  -8.100000210106373E-003
  -5.799000263214111E-001
       -1.018700003623962
       -2.231699943542481
       -2.487200021743774
       -1.231600046157837
  -3.662999868392944E-001
  -9.933000206947327E-001
       -1.239899992942810
       -2.138099908828735
       -1.524600028991699
       -1.985100030899048
       -2.066999912261963
       -1.713500022888184
       -1.146600008010864
  -3.301999866962433E-001
  -5.375999808311462E-001
  -8.891000151634216E-001
  -4.702999889850617E-001
       -1.555600047111511
       -1.394000053405762
       -1.711500048637390
       -1.539399981498718
  -4.621999859809876E-001
  -2.903000116348267E-001
   2.196000069379807E-001
        1.087000012397766
        1.549499988555908
   5.317000150680542E-001
   1.493999958038330E-001
   3.842999935150147E-001
   1.891999989748001E-001
  -3.819000124931335E-001
  -7.979999780654907E-001
       -1.266100049018860
       -1.192499995231628
       -1.999099969863892
       -1.989899992942810
       -1.591799974441528
  -9.998000264167786E-001
       -1.104099988937378
       -1.069599986076355
  -4.555999934673309E-001
  -7.427999973297119E-001
  -4.860999882221222E-001
       -1.559100031852722
       -2.029900074005127
       -1.143800020217896
  -9.217000007629395E-001
  -7.038000226020813E-001
  -4.289000034332275E-001
  -3.601000010967255E-001
        1.028900027275085
   8.184000253677368E-001
   1.586000025272369E-001
   1.431999951601028E-001
   3.573000133037567E-001
   1.776999980211258E-001
   1.630000025033951E-001
  -1.177000030875206E-001
  -2.150000073015690E-002
  -5.482000112533569E-001
  -7.962999939918518E-001
       -1.273100018501282
       -1.537099957466126
       -1.605200052261353
       -1.362900018692017
  -8.208000063896179E-001
       -1.772699952125549
       -1.924000024795532
  -9.879999756813049E-001
       -1.051599979400635
       -1.951599955558777
       -1.603800058364868
  -1.288000047206879E-001
  -2.657000124454498E-001
  -5.859000086784363E-001
   9.660000354051590E-002
   1.284999996423721E-001
       -1.127599954605103
       -1.608199954032898
       -1.290099978446960
  -6.604999899864197E-001
  -7.950000166893005E-001
  -3.422999978065491E-001
   7.439000010490418E-001
   8.967999815940857E-001
        1.105100035667419
   4.307999908924103E-001
   6.863999962806702E-001
  -3.950000107288361E-001
  -1.199000030755997E-001
  -1.843000054359436E-001
       -1.067100048065186
       -1.006299972534180
       -1.113499999046326
       -2.061899900436401
       -2.701699972152710
       -2.406899929046631
       -1.722399950027466
  -5.375999808311462E-001
  -7.394000291824341E-001
  -7.084000110626221E-001
  -9.861999750137329E-001
  -9.848999977111816E-001
       -1.292600035667419
       -2.283200025558472
       -2.161000013351440
       -1.418099999427795
       -1.158499956130981
  -4.927000105381012E-001
   2.633999884128571E-001
   3.986000120639801E-001
   3.109999895095825E-001
   2.619999945163727E-001
   5.674999952316284E-001
  -1.381999999284744E-001
   8.139999955892563E-002
  -1.776999980211258E-001
   5.317000150680542E-001
   4.918000102043152E-001
  -5.547000169754028E-001
  -7.102000117301941E-001
  -6.534000039100647E-001
       -1.154600024223328
       -1.891700029373169
       -1.508299946784973
       -2.089900016784668
       -1.298699975013733
       -1.733999967575073
  -5.036000013351440E-001
       -1.754600048065186
       -1.420300006866455
  -5.598999857902527E-001
  -7.276999950408936E-001
  -3.039999902248383E-001
   2.453999966382980E-001
  -3.150000050663948E-002
  -1.528999954462051E-001
       -1.724300026893616
       -1.682500004768372
       -1.039999961853027
       -1.503900051116943
  -9.714000225067139E-001
  -7.407000064849854E-001
   5.232999920845032E-001
   5.929999947547913E-001
   4.020000100135803E-001
   5.331000089645386E-001
  -5.598999857902527E-001
  -5.235999822616577E-001
  -6.463999748229981E-001
  -4.216000139713287E-001
  -9.764000177383423E-001
       -1.006299972534180
  -9.840999841690064E-001
       -2.009599924087524
       -2.493499994277954
       -2.249300003051758
       -2.057600021362305
       -1.637599945068359
       -2.152899980545044
       -1.028599977493286
       -1.731500029563904
       -2.145600080490112
       -1.014299988746643
  -9.800000190734863E-001
       -1.952000021934509
       -1.259799957275391
  -7.574999928474426E-001
  -9.147999882698059E-001
  -9.043999910354614E-001
  -2.926000058650971E-001
  -3.705999851226807E-001
        1.139099955558777
   7.135999798774719E-001
   6.898000240325928E-001
  -2.275999933481216E-001
  -5.378999710083008E-001
   1.318999975919724E-001
   2.083999961614609E-001
  -5.065000057220459E-001
  -5.666000247001648E-001
       -1.677000045776367
       -1.625000000000000
       -2.129499912261963
       -1.609599947929382
  -7.518000006675720E-001
       -1.224300026893616
       -2.024899959564209
       -1.576500058174133
  -1.413999944925308E-001
  -4.634999930858612E-001
  -3.653999865055084E-001
       -1.108100056648254
  -5.382000207901001E-001
  -6.060000061988831E-001
  -5.092999935150147E-001
  -8.607000112533569E-001
       -1.607200026512146
  -6.373000144958496E-001
  -8.277999758720398E-001
  -8.942000269889832E-001
  -7.603999972343445E-001
   4.899999871850014E-002
  -1.244999989867210E-001
  -9.669999778270721E-002
   2.158000022172928E-001
   4.828000068664551E-001
  -5.572000145912170E-001
  -6.007999777793884E-001
       -1.106999993324280
  -9.021999835968018E-001
  -7.807000279426575E-001
       -1.640200018882752
       -1.117599964141846
       -1.237400054931641
       -1.026200056076050
       -1.943600058555603
       -2.042299985885620
       -1.781900048255920
       -2.059799909591675
       -1.553300023078919
       -2.043400049209595
       -1.667500019073486
       -1.352300047874451
  -6.783000230789185E-001
  -7.799000144004822E-001
  -4.548000097274780E-001
  -8.760000020265579E-002
  -4.981999993324280E-001
  -8.349999785423279E-002
   6.062999963760376E-001
   5.590000003576279E-002
        1.108899950981140
        1.297999978065491
   9.886999726295471E-001
   2.987000048160553E-001
   1.624000072479248E-001
  -7.750000059604645E-002
  -7.308999896049500E-001
  -7.254999876022339E-001
  -8.231999874114990E-001
  -2.030999958515167E-001
       -2.162899971008301
       -1.860100030899048
       -1.478399991989136
  -7.204999923706055E-001
       -1.212900042533875
       -1.433799982070923
       -1.318699955940247
  -4.419000148773193E-001
   1.599999959580600E-003
  -7.530999779701233E-001
  -1.546999961137772E-001
  -9.786000251770020E-001
       -1.239699959754944
       -1.042600035667419
       -2.152100086212158
       -1.274099946022034
       -1.016299962997437
  -9.776999950408936E-001
  -6.029999852180481E-001
  -3.908999860286713E-001
  -5.270000174641609E-002
  -4.600000008940697E-002
   1.204999983310700E-001
  -4.257999956607819E-001
  -1.187999993562698E-001
  -7.605000138282776E-001
   1.635999977588654E-001
   1.159999985247850E-002
  -7.702000141143799E-001
       -1.383200049400330
       -1.010100007057190
       -1.323600053787231
       -1.367200016975403
  -7.986999750137329E-001
       -1.569700002670288
       -1.628800034523010
  -7.121000289916992E-001
       -1.243199944496155
  -7.670999765396118E-001
       -1.949000000953674
       -1.906700015068054
       -1.484899997711182
  -3.018000125885010E-001
  -3.894000053405762E-001
  -4.632999897003174E-001
  -5.821999907493591E-001
  -5.667999982833862E-001
  -8.935999870300293E-001
   8.079000115394592E-001
   4.379999935626984E-001
        1.070199966430664
   8.118000030517578E-001
        1.120499968528748
   4.104999899864197E-001
  -2.770999968051910E-001
  -2.632000148296356E-001
   1.283999979496002E-001
  -2.872999906539917E-001
  -2.488999962806702E-001
       -1.455999970436096
       -2.062200069427490
       -2.829900026321411
       -2.560600042343140
  -2.614000141620636E-001
  -9.649000167846680E-001
       -1.116500020027161
       -1.259500026702881
  -8.611000180244446E-001
  -2.102999985218048E-001
  -8.368999958038330E-001
  -3.371999859809876E-001
  -6.801000237464905E-001
       -1.782500028610230
       -1.637400031089783
       -1.600200057029724
       -1.318400025367737
  -5.430999994277954E-001
  -8.884999752044678E-001
  -2.441000044345856E-001
  -1.335999965667725E-001
   8.290000259876251E-002
   6.175000071525574E-001
   5.598999857902527E-001
   2.811999917030335E-001
   7.487999796867371E-001
   6.960000097751617E-002
   2.055000066757202E-001
   5.932999849319458E-001
   2.280000038444996E-002
  -9.654999971389771E-001
  -9.793000221252441E-001
       -1.163900017738342
       -1.492699980735779
       -1.398800015449524
       -1.539999961853027
       -1.501700043678284
       -1.957299947738648
       -1.847499966621399
  -8.637999892234802E-001
  -9.707999825477600E-001
  -9.747999906539917E-001
  -5.562999844551086E-001
  -7.779999822378159E-002
   3.950999975204468E-001
   3.230000138282776E-001
  -8.683000206947327E-001
  -7.256000041961670E-001
  -8.557000160217285E-001
   6.379999965429306E-002
   8.060000091791153E-002
   4.350000023841858E-001
   7.329999804496765E-001
  -3.799999877810478E-002
  -6.679999828338623E-002
  -6.195999979972839E-001
  -2.317000031471252E-001
  -4.045999944210053E-001
  -2.836000025272369E-001
  -6.226000189781189E-001
       -1.782699942588806
       -2.021300077438355
       -2.669600009918213
       -2.553499937057495
       -2.067100048065186
       -1.555299997329712
       -1.348399996757507
  -8.475999832153320E-001
   6.254000067710877E-001
   7.053999900817871E-001
  -1.653999984264374E-001
  -9.710000157356262E-001
       -1.769000053405762
  -9.575999975204468E-001
  -3.215999901294708E-001
  -5.816000103950501E-001
       -1.458400011062622
       -1.100999951362610
   2.600000007078052E-003
  -1.679999940097332E-002
   3.732999861240387E-001
  -8.709999918937683E-002
  -2.687999904155731E-001
   4.826000034809113E-001
   9.125000238418579E-001
   1.599999959580600E-003
   3.677999973297119E-001
   2.483000010251999E-001
        1.237499952316284
  -3.869999945163727E-002
  -3.957999944686890E-001
       -1.098099946975708
       -1.516899943351746
       -1.547199964523315
       -1.327000021934509
       -1.072199940681458
   1.049999985843897E-002
  -7.793999910354614E-001
  -6.208999752998352E-001
  -4.500000178813934E-002
  -1.603000015020371E-001
  -5.512999892234802E-001
  -5.993999838829041E-001
  -4.384999871253967E-001
  -6.036000251770020E-001
   1.544000059366226E-001
  -1.972000002861023E-001
  -4.050999879837036E-001
       -1.695999979972839
  -3.443999886512756E-001
   1.185000017285347E-001
        1.457100033760071
        1.168900012969971
   2.374999970197678E-001
  -8.100000210106373E-003
  -1.597000062465668E-001
  -9.297999739646912E-001
       -1.411399960517883
       -1.149099946022034
       -1.371899962425232
       -2.206099987030029
       -1.897500038146973
       -2.107300043106079
       -1.915899991989136
       -1.793400049209595
       -1.440700054168701
       -1.633100032806397
  -6.733000278472900E-001
  -1.136000007390976E-001
   3.154000043869019E-001
       -1.215299963951111
       -1.678400039672852
       -1.805299997329712
  -8.298000097274780E-001
   2.539999969303608E-002
  -2.028000056743622E-001
  -6.019999831914902E-002
  -4.142999947071075E-001
   2.858999967575073E-001
   9.866999983787537E-001
  -2.380000054836273E-002
   4.850000143051148E-002
  -1.935999989509583E-001
   6.502000093460083E-001
   7.303000092506409E-001
        1.123800039291382
   4.056000113487244E-001
        1.158800005912781
        1.092200040817261
   6.328999996185303E-001
  -3.799999877810478E-002
  -8.996999859809876E-001
       -1.334499955177307
       -1.085700035095215
  -3.713999986648560E-001
  -2.199999988079071E-002
   2.399999946355820E-001
   2.333000004291534E-001
   6.686000227928162E-001
   7.912999987602234E-001
  -3.869999945163727E-001
  -8.820000290870667E-001
       -1.194200038909912
       -1.361600041389465
  -5.778999924659729E-001
  -3.919000029563904E-001
  -1.438000053167343E-001
  -2.468000054359436E-001
  -9.042000174522400E-001
  -4.776000082492828E-001
   4.891000092029572E-001
        1.348399996757507
   8.145999908447266E-001
   3.106999993324280E-001
  -2.037999927997589E-001
   5.465999841690064E-001
   1.567000001668930E-001
   5.935000181198120E-001
  -9.485999941825867E-001
  -3.431999981403351E-001
       -1.317399978637695
       -1.616199970245361
       -1.587800025939941
       -1.693500041961670
       -2.086499929428101
       -1.966799974441528
  -5.691000223159790E-001
   3.364999890327454E-001
   3.265999853610992E-001
  -5.647000074386597E-001
       -1.781599998474121
       -2.380300045013428
       -1.141000032424927
  -4.438000023365021E-001
  -3.321000039577484E-001
  -8.029999732971191E-001
  -9.836000204086304E-001
  -8.709999918937683E-002
  -1.989999972283840E-002
   5.649999901652336E-002
  -3.640000149607658E-002
   8.119999766349793E-001
   5.771999955177307E-001
   1.481000036001205E-001
        1.330500006675720
   8.432999849319458E-001
        1.014600038528442
        2.199700117111206
        1.158499956130981
   6.793000102043152E-001
   4.869000017642975E-001
  -4.273000061511993E-001
       -1.015699982643127
  -4.535000026226044E-001
  -5.547999739646912E-001
   4.214000105857849E-001
   9.110000133514404E-001
   5.019999742507935E-001
   7.106999754905701E-001
        1.284199953079224
   2.093999981880188E-001
  -4.108999967575073E-001
  -5.975000262260437E-001
       -1.057199954986572
  -7.088000178337097E-001
  -3.334000110626221E-001
  -2.933000028133392E-001
   3.716999888420105E-001
  -4.880999922752380E-001
   3.091999888420105E-001
   4.546999931335449E-001
   7.297000288963318E-001
   8.341000080108643E-001
   4.092999994754791E-001
  -4.296999871730804E-001
  -3.269999846816063E-002
   8.967000246047974E-001
  -2.419999986886978E-002
  -6.595000028610230E-001
  -4.988000094890595E-001
       -1.204699993133545
       -2.084399938583374
       -2.173799991607666
       -1.700700044631958
       -1.895400047302246
       -1.125000000000000
  -1.363999992609024E-001
  -3.928999900817871E-001
   3.824999928474426E-001
  -4.111999869346619E-001
  -7.390999794006348E-001
  -7.163000106811523E-001
  -1.368000060319901E-001
  -7.677999734878540E-001
  -8.834000229835510E-001
  -5.278000235557556E-001
  -4.715000092983246E-001
   3.009999915957451E-002
  -1.324999928474426E-001
   5.633000135421753E-001
   5.842000246047974E-001
   4.255999922752380E-001
   5.917000174522400E-001
        1.466699957847595
        1.035599946975708
        2.066299915313721
        1.549399971961975
   6.717000007629395E-001
        1.254799962043762
   5.794000029563904E-001
  -9.004999995231628E-001
  -6.313999891281128E-001
  -2.854999899864197E-001
   8.557000160217285E-001
        1.083099961280823
   6.190999746322632E-001
   2.592999935150147E-001
   7.713999748229981E-001
   1.656000018119812E-001
        1.201699972152710
  -1.564999967813492E-001
  -9.910000115633011E-002
  -4.124000072479248E-001
  -7.142999768257141E-001
  -8.187000155448914E-001
  -7.718999981880188E-001
  -6.717000007629395E-001
  -2.372000068426132E-001
  -3.278999924659729E-001
        1.286800026893616
   7.687000036239624E-001
   5.930000171065331E-002
   4.192999899387360E-001
  -2.782000005245209E-001
  -6.697999835014343E-001
   2.892999947071075E-001
  -9.089999794960022E-001
  -4.666999876499176E-001
   4.819000065326691E-001
  -7.721999883651733E-001
       -1.665500044822693
       -2.512000083923340
       -2.449100017547607
       -1.893800020217896
       -1.079300045967102
       -1.130399942398071
   3.950000181794167E-002
   5.202999711036682E-001
   5.910999774932861E-001
  -4.940000176429749E-002
   2.718999981880188E-001
   8.102999925613403E-001
  -2.300000004470348E-002
       -1.170600056648254
  -1.557999998331070E-001
   6.286000013351440E-001
   6.258999705314636E-001
   4.808000028133392E-001
   4.485000073909760E-001
   4.520000144839287E-002
   7.989000082015991E-001
        1.008100032806397
   9.124000072479248E-001
   3.244000077247620E-001
  -1.492999941110611E-001
   4.772999882698059E-001
   7.208999991416931E-001
   5.730000138282776E-001
        1.037799954414368
   5.426999926567078E-001
  -7.454000115394592E-001
   6.029000282287598E-001
        1.105499982833862
        1.532099962234497
        1.931300044059753
        1.929399967193604
   1.937000006437302E-001
  -2.691999971866608E-001
   5.886999964714050E-001
  -6.679999828338623E-002
  -2.349999994039536E-001
  -5.566999912261963E-001
  -5.798000097274780E-001
  -3.652999997138977E-001
  -2.069000005722046E-001
  -3.325000107288361E-001
   9.350000321865082E-002
   3.411999940872192E-001
  -5.286999940872192E-001
        1.291399955749512
   3.601999878883362E-001
   4.526999890804291E-001
   4.521000087261200E-001
  -4.259000122547150E-001
       -1.064900040626526
   2.078000009059906E-001
  -3.698000013828278E-001
   9.589999914169312E-002
  -4.384000003337860E-001
       -1.095299959182739
       -1.038599967956543
       -1.715700030326843
       -1.798099994659424
       -1.055500030517578
  -8.554999828338623E-001
  -8.353000283241272E-001
   3.713000118732452E-001
   8.259000182151794E-001
        1.390799999237061
   1.700000017881393E-001
   9.660000354051590E-002
   6.600999832153320E-001
   1.994999945163727E-001
  -6.789000034332275E-001
   6.739000082015991E-001
   8.580999970436096E-001
   2.131000012159348E-001
        1.184700012207031
   2.940000034868717E-002
        1.314900040626526
        1.440099954605103
        1.520699977874756
   1.981000006198883E-001
  -2.234999984502792E-001
   8.659999817609787E-002
   5.942999720573425E-001
   8.234999775886536E-001
   7.991999983787537E-001
        1.346899986267090
   6.079999804496765E-001
   9.017000198364258E-001
        1.344699978828430
        1.970900058746338
        1.961899995803833
        1.577100038528442
   7.265999913215637E-001
  -5.004000067710877E-001
  -6.352999806404114E-001
  -4.778000116348267E-001
       -1.238399982452393
  -8.865000009536743E-001
       -1.001700043678284
  -4.765999913215637E-001
  -9.505000114440918E-001
  -9.289000034332275E-001
   5.807999968528748E-001
   1.527000069618225E-001
   8.019000291824341E-001
   7.811999917030335E-001
   4.733999967575073E-001
  -1.301999986171722E-001
   2.759999968111515E-002
   3.790000081062317E-001
  -3.341999948024750E-001
  -3.337000012397766E-001
  -9.489999711513519E-002
  -6.406000256538391E-001
  -9.559000134468079E-001
  -2.834999859333038E-001
       -1.341599941253662
       -1.135900020599365
       -1.619300007820129
  -8.902000188827515E-001
  -3.761000037193298E-001
  -6.079000234603882E-001
  -3.524999916553497E-001
   3.388000130653381E-001
        1.724599957466126
        1.038599967956543
   9.850999712944031E-001
  -7.989999651908875E-002
  -3.950000181794167E-002
   1.629000008106232E-001
   4.153999984264374E-001
   8.626000285148621E-001
        1.103700041770935
        1.246000051498413
   5.145999789237976E-001
        1.490200042724609
        1.309999942779541
        1.618700027465820
   7.685999870300293E-001
   1.673000007867813E-001
  -1.794999986886978E-001
   4.444999992847443E-001
        1.164700031280518
   5.273000001907349E-001
   2.497999966144562E-001
   8.076999783515930E-001
   3.073000013828278E-001
        1.074100017547607
   4.359999895095825E-001
   4.995999932289124E-001
   8.371000289916992E-001
   1.243999972939491E-001
   5.153999924659729E-001
  -3.134000003337860E-001
  -8.123999834060669E-001
       -2.121299982070923
       -1.514999985694885
       -1.095100045204163
       -1.037400007247925
  -8.752999901771545E-001
       -1.248000025749207
  -6.751000285148621E-001
  -1.940000057220459E-001
   7.986999750137329E-001
        1.592000007629395
        1.300999999046326
   5.799000263214111E-001
   6.701999902725220E-001
   1.518000066280365E-001
   2.437999993562698E-001
  -8.432999849319458E-001
  -3.346000015735626E-001
  -7.580000162124634E-001
  -9.830999970436096E-001
  -7.215999960899353E-001
   2.439999952912331E-002
       -1.144299983978272
       -1.256700038909912
  -4.501000046730042E-001
   5.570000037550926E-002
   7.598999738693237E-001
   2.639000117778778E-001
  -1.207000017166138E-001
   8.865000009536743E-001
        1.377900004386902
        2.111000061035156
        1.571599960327148
   7.044000029563904E-001
  -4.593000113964081E-001
   1.830000057816505E-002
  -2.614000141620636E-001
   2.513000071048737E-001
   5.407000184059143E-001
   3.797999918460846E-001
   8.327000141143799E-001
        1.657099962234497
   9.265000224113464E-001
   9.735999703407288E-001
        1.013900041580200
   1.359000056982040E-001
  -5.274999737739563E-001
  -1.244999989867210E-001
        1.044100046157837
   8.409000039100647E-001
        1.245300054550171
   5.791000127792358E-001
  -1.790000051259995E-001
   4.812000095844269E-001
   7.709000110626221E-001
        1.319700002670288
        1.072700023651123
  -5.760999917984009E-001
   1.826000064611435E-001
  -1.093999966979027E-001
  -3.093000054359436E-001
       -2.081199884414673
       -2.298899888992310
       -1.766499996185303
       -1.680899977684021
       -1.214599967002869
       -1.072900056838989
  -4.293999969959259E-001
  -4.675000011920929E-001
   1.435000002384186E-001
   8.131999969482422E-001
        1.375800013542175
   3.337999880313873E-001
   3.208999931812286E-001
  -2.080000005662441E-002
  -8.299999870359898E-003
  -5.705999732017517E-001
       -1.350999951362610
       -1.308799982070923
  -9.939000010490418E-001
  -4.291999936103821E-001
  -4.560999870300293E-001
  -3.567999899387360E-001
  -4.309000074863434E-001
  -3.425000011920929E-001
   3.546999990940094E-001
   9.808999896049500E-001
   7.932000160217285E-001
   5.303999781608582E-001
   9.244999885559082E-001
   2.182999998331070E-001
   6.223000288009644E-001
   8.091999888420105E-001
   7.156999707221985E-001
   3.043999969959259E-001
   6.470000147819519E-001
  -3.030000068247318E-002
   5.497999787330627E-001
   5.220000073313713E-002
   8.615999817848206E-001
        1.352900028228760
        1.468099951744080
        1.438899993896484
        1.207700014114380
   3.086999952793121E-001
   6.129999831318855E-002
   4.749999940395355E-001
   2.378000020980835E-001
   7.871999740600586E-001
        1.175400018692017
        1.409100055694580
   7.725999951362610E-001
   9.225999712944031E-001
   2.985000014305115E-001
   1.550000011920929E-001
   5.124999880790710E-001
        1.202499985694885
   3.962999880313873E-001
   5.149999856948853E-001
   9.003000259399414E-001
   5.724999904632568E-001
  -5.246999859809876E-001
       -1.348799943923950
       -1.253299951553345
       -1.683599948883057
       -1.340899944305420
  -7.214999794960022E-001
  -8.399999737739563E-001
  -5.436999797821045E-001
   5.724999904632568E-001
   2.761999964714050E-001
        1.489099979400635
   6.492999792098999E-001
   2.915999889373779E-001
   3.503000140190125E-001
  -1.421000063419342E-001
  -7.760000228881836E-002
  -9.602000117301941E-001
  -7.483999729156494E-001
  -8.715000152587891E-001
  -5.231000185012817E-001
   3.551999926567078E-001
   4.968999922275543E-001
   9.660000354051590E-002
  -1.579999923706055E-002
   4.627000093460083E-001
   2.973999977111816E-001
   5.088999867439270E-001
        1.047899961471558
   6.869999766349793E-001
   6.717000007629395E-001
   3.917999863624573E-001
   3.700999915599823E-001
   7.098000049591065E-001
   3.759000003337860E-001
        1.050300002098084
   9.165999889373779E-001
        1.035899996757507
   4.124999940395355E-001
        1.069300055503845
        1.151700019836426
        1.981099963188171
        1.835800051689148
   5.388000011444092E-001
  -4.763999879360199E-001
   3.999999910593033E-002
   2.685999870300293E-001
   3.195999860763550E-001
   9.373000264167786E-001
        1.019299983978272
   6.488000154495239E-001
        1.085999965667725
   6.507999897003174E-001
  -3.494000136852264E-001
   6.553000211715698E-001
   7.520999908447266E-001
   4.115999937057495E-001
   1.517000049352646E-001
  -4.700999855995178E-001
  -5.928999781608582E-001
  -4.142000079154968E-001
  -8.788999915122986E-001
       -1.279700040817261
       -1.263900041580200
  -9.424999952316284E-001
       -2.161999940872192
       -1.162999987602234
  -4.022000133991242E-001
  -1.293999999761581E-001
   1.984000056982040E-001
   2.737999856472015E-001
   6.816999912261963E-001
   7.969999909400940E-001
   5.029999837279320E-002
  -2.570999860763550E-001
  -6.200000047683716E-001
   2.040000073611736E-002
  -5.644999742507935E-001
  -2.994000017642975E-001
  -7.447000145912170E-001
  -3.269000053405762E-001
  -2.847000062465668E-001
   2.969999909400940E-001
   8.108000159263611E-001
        1.181800007820129
   7.123000025749207E-001
   7.912999987602234E-001
   7.196000218391419E-001
   6.256999969482422E-001
        1.010499954223633
        1.170500040054321
   4.487000107765198E-001
        1.389299988746643
        1.750499963760376
        1.307700037956238
        1.381600022315979
        1.498600006103516
   6.917999982833862E-001
   8.607000112533569E-001
   8.004999756813049E-001
   4.823000133037567E-001
   8.091999888420105E-001
   2.843999862670898E-001
  -2.431000024080277E-001
  -2.506999969482422E-001
  -3.573000133037567E-001
   5.600000023841858E-001
   7.592999935150147E-001
   2.644999921321869E-001
   8.715000152587891E-001
        1.090499997138977
        1.104099988937378
   2.694000005722046E-001
  -7.128000259399414E-001
  -3.707999885082245E-001
   4.422999918460846E-001
   6.837000250816345E-001
  -1.247000023722649E-001
  -4.855000078678131E-001
  -9.420999884605408E-001
  -9.423000216484070E-001
  -6.830999851226807E-001
       -1.639199972152710
       -2.527199983596802
       -1.213000059127808
       -1.538900017738342
  -6.779000163078308E-001
  -4.776999950408936E-001
   4.088000059127808E-001
   3.900000080466270E-002
   5.100000184029341E-003
   2.612999975681305E-001
       -1.083699941635132
       -1.067100048065186
  -9.491999745368958E-001
  -9.703999757766724E-001
  -7.840000092983246E-002
   7.785000205039978E-001
  -3.723999857902527E-001
   1.559999957680702E-002
  -7.580000162124634E-002
   5.728999972343445E-001
   6.039000153541565E-001
        1.260400056838989
        1.086699962615967
        2.156100034713745
        1.754099965095520
        1.725100040435791
        1.760200023651123
   9.606000185012817E-001
   9.769999980926514E-001
   8.381999731063843E-001
   9.369999766349793E-001
        1.169700026512146
   8.281000256538391E-001
   4.774000048637390E-001
   9.783999919891357E-001
   9.041000008583069E-001
        1.084200024604797
   4.787000119686127E-001
   9.458000063896179E-001
   6.198999881744385E-001
        1.385400056838989
  -1.212000027298927E-001
   8.565999865531921E-001
        1.306399941444397
        1.084699988365173
        1.087200045585632
   5.705000162124634E-001
   7.339999824762344E-002
   1.731999963521957E-001
   4.113000035285950E-001
   1.783999949693680E-001
  -1.658000051975250E-001
  -5.031999945640564E-001
  -1.837999969720841E-001
   9.882000088691711E-001
  -1.808000057935715E-001
   3.982999920845032E-001
   1.830000057816505E-002
  -1.250000018626452E-002
   1.789999939501286E-002
       -1.441599965095520
       -1.693300008773804
       -1.445399999618530
  -9.570000320672989E-002
  -7.289999723434448E-002
  -9.362999796867371E-001
  -8.723000288009644E-001
  -5.805000066757202E-001
   3.143999874591827E-001
  -9.369999915361404E-002
       -1.671599984169006
       -1.435999989509583
       -1.534100055694580
       -1.360100030899048
  -9.822000265121460E-001
  -4.377000033855438E-001
  -5.008000135421753E-001
  -6.054999828338623E-001
  -2.567999958992004E-001
   1.747999936342239E-001
   9.366000294685364E-001
        1.258999943733215
        1.254500031471252
        2.382499933242798
        1.626500010490418
        2.506500005722046
        2.132499933242798
        1.298499941825867
   2.673999965190888E-001
        1.103999972343445
        1.396499991416931
   1.761000007390976E-001
        1.332999944686890
   3.896000087261200E-001
   4.695000052452087E-001
   8.334000110626221E-001
   3.285999894142151E-001
   1.049999985843897E-002
   5.554000139236450E-001
        1.227699995040894
        1.454200029373169
   6.050999760627747E-001
   7.304000258445740E-001
   7.364000082015991E-001
  -1.739999949932098E-001
   6.205000281333923E-001
  -2.217999994754791E-001
  -1.668999940156937E-001
  -4.277999997138977E-001
   5.814999938011169E-001
   7.710000276565552E-001
   6.347000002861023E-001
  -3.328999876976013E-001
   4.494000077247620E-001
        1.048799991607666
   9.366999864578247E-001
        1.037500023841858
   8.608000278472900E-001
   4.426999986171722E-001
   7.469999790191650E-002
  -3.865999877452850E-001
       -1.151499986648560
  -8.402000069618225E-001
  -9.707999825477600E-001
       -1.786000013351440
       -2.670900106430054
       -1.947399973869324
  -3.215000033378601E-001
  -5.159000158309937E-001
  -3.538999855518341E-001
       -2.009700059890747
       -1.956500053405762
       -2.429199934005737
       -1.539700031280518
       -1.081099987030029
       -1.121799945831299
  -3.510000109672546E-001
  -1.310999989509583E-001
  -2.559999935328960E-002
   3.765999972820282E-001
   4.264000058174133E-001
  -4.611999988555908E-001
        1.248900055885315
        2.242799997329712
        1.740599989891052
        1.043599963188171
        1.130200028419495
        1.393200039863586
   5.583999752998352E-001
        1.321099996566773
   4.824000000953674E-001
   8.672000169754028E-001
        1.363999962806702
   5.753999948501587E-001
   8.039000034332275E-001
   8.478000164031982E-001
   8.062999844551086E-001
  -9.149999916553497E-002
   8.539000153541565E-001
   6.933000087738037E-001
        1.177399992942810
        1.370499968528748
        1.048200011253357
        1.252300024032593
   4.490000009536743E-001
   2.331999987363815E-001
   5.777000188827515E-001
        1.160400032997131
        1.220900058746338
        1.821599960327148
        1.323400020599365
        1.217200040817261
   6.898000240325928E-001
   9.219999909400940E-001
        1.075000047683716
        1.825600028038025
        1.673400044441223
        1.132400035858154
        1.225600004196167
   8.648999929428101E-001
  -2.976999878883362E-001
       -1.347200036048889
  -9.742000102996826E-001
  -9.279999732971191E-001
       -1.554200053215027
       -2.178600072860718
       -1.930500030517578
       -2.044199943542481
       -1.232699990272522
  -5.964999794960022E-001
       -2.583400011062622
       -2.075200080871582
       -2.372100114822388
       -1.462800025939941
       -1.506600022315979
       -1.079499959945679
  -6.015999913215637E-001
   2.406000047922134E-001
   6.758000254631043E-001
   4.264999926090241E-001
   4.410000145435333E-002
   9.782000184059143E-001
   3.815000057220459E-001
        1.004699945449829
        1.787500023841858
        1.610299944877625
   7.937999963760376E-001
   5.669000148773193E-001
        1.137400031089783
        1.672299981117249
        1.428799986839294
        1.459100008010864
        1.848600029945374
   7.070999741554260E-001
   7.156999707221985E-001
        1.174299955368042
   7.954999804496765E-001
   4.968000054359436E-001
   2.556999921798706E-001
        1.069300055503845
   7.200999855995178E-001
        1.150300025939941
        1.103099942207336
        1.865700006484985
        1.108600020408630
        1.227100014686585
        1.427099943161011
        2.107100009918213
        2.656599998474121
        1.830899953842163
        2.199700117111206
        2.212500095367432
   8.960000276565552E-001
   7.394999861717224E-001
        1.082399964332581
        1.377300024032593
   1.031000018119812E-001
   3.540000021457672E-001
   3.648000061511993E-001
  -5.990000069141388E-002
       -1.261600017547607
       -2.142299890518189
       -2.016299962997437
       -2.338700056076050
       -2.584500074386597
       -2.323999881744385
       -2.130399942398071
       -2.684600114822388
       -1.853500008583069
  -7.082999944686890E-001
       -1.915599942207336
       -2.153300046920776
       -1.947700023651123
       -1.730499982833862
       -1.040599942207336
       -1.291100025177002
  -6.247000098228455E-001
  -4.607999920845032E-001
  -3.978999853134155E-001
  -3.591000139713287E-001
  -2.009999938309193E-002
  -1.856999993324280E-001
  -1.587000042200089E-001
  -3.180000185966492E-002
        1.191300034523010
        1.649999976158142
   2.538000047206879E-001
   3.653999865055084E-001
        1.399600028991699
        2.611399888992310
        1.679000020027161
        1.260400056838989
        2.375999927520752
        1.550899982452393
   7.275999784469605E-001
        1.183099985122681
   8.998000025749207E-001
   8.065000176429749E-001
        1.101400017738342
        1.054800033569336
   6.406999826431274E-001
   3.005000054836273E-001
   8.762999773025513E-001
        2.607300043106079
        2.114399909973145
        1.322499990463257
        1.516299962997437
        2.242300033569336
        2.401299953460693
        2.046700000762940
        2.786600112915039
        2.083800077438355
        1.521399974822998
        1.027099967002869
   3.885999917984009E-001
   4.280999898910523E-001
   4.320000112056732E-002
   5.914999842643738E-001
   1.067999973893166E-001
  -6.920999884605408E-001
       -1.625200033187866
       -2.273000001907349
       -1.968099951744080
       -2.845700025558472
       -2.885799884796143
       -3.197700023651123
       -2.355000019073486
       -2.609299898147583
       -1.441900014877319
  -4.126999974250794E-001
       -1.841599941253662
       -1.666300058364868
       -2.307499885559082
       -2.004400014877319
       -1.700700044631958
       -1.935999989509583
  -9.355999827384949E-001
  -6.822000145912170E-001
   2.320999950170517E-001
  -7.696999907493591E-001
  -6.926000118255615E-001
       -1.284800052642822
  -6.085000038146973E-001
  -8.170999884605408E-001
   3.601999878883362E-001
   4.932000041007996E-001
   2.802999913692474E-001
   7.268000245094299E-001
        1.246600031852722
        2.469599962234497
   7.566999793052673E-001
        2.177500009536743
        2.019299983978272
        1.184299945831299
   5.343999862670898E-001
   5.155000090599060E-001
   1.969999969005585E-001
   8.044000267982483E-001
   8.356000185012817E-001
   4.221000075340271E-001
   9.078000187873840E-001
        1.028300046920776
        1.430799961090088
        2.472500085830689
        2.328200101852417
        1.629600048065186
   4.830000102519989E-001
        1.655699968338013
        2.399600028991699
        2.120699882507324
        1.832000017166138
        1.570099949836731
   8.274999856948853E-001
   8.299999833106995E-001
   6.751000285148621E-001
   6.456999778747559E-001
   4.069999977946281E-002
  -6.927000284194946E-001
  -5.499999970197678E-003
  -7.821000218391419E-001
  -4.025000035762787E-001
  -6.281999945640564E-001
       -1.179299950599670
       -2.223299980163574
       -2.351900100708008
       -3.574899911880493
       -3.493200063705444
       -2.569700002670288
       -1.669899940490723
       -1.030900001525879
       -2.432399988174439
       -2.826200008392334
       -1.946900010108948
       -2.500600099563599
       -2.669100046157837
       -2.807499885559082
       -2.635900020599365
       -1.458899974822998
  -7.325999736785889E-001
       -1.024299979209900
       -1.139799952507019
       -1.347599983215332
       -1.460500001907349
       -1.278300046920776
  -9.695000052452087E-001
  -2.813000082969666E-001
  -5.835000276565552E-001
   1.036000028252602E-001
   7.717999815940857E-001
        1.424900054931641
   6.498000025749207E-001
        1.409700036048889
        2.417999982833862
        2.155900001525879
        1.635400056838989
   2.982000112533569E-001
  -2.964999973773956E-001
  -3.510000184178352E-002
   8.655999898910523E-001
        1.070000052452087
        1.709300041198731
        1.965999960899353
        1.192499995231628
        2.219500064849854
        2.281100034713745
        1.103500008583069
   4.510999917984009E-001
        1.549000024795532
        1.903900027275085
        2.204400062561035
        1.445299983024597
        1.595499992370606
   6.592000126838684E-001
   7.541999816894531E-001
   8.417000174522400E-001
   8.158000111579895E-001
  -7.970000058412552E-002
   3.833999931812286E-001
   2.133000046014786E-001
  -5.157999992370606E-001
  -9.642000198364258E-001
  -9.830999970436096E-001
       -1.180699944496155
       -1.691400051116943
       -2.356400012969971
       -3.272700071334839
       -2.976200103759766
       -1.905599951744080
       -2.036099910736084
       -1.155300021171570
       -2.079299926757813
       -2.068900108337402
       -2.351399898529053
       -2.979099988937378
       -2.291800022125244
       -2.049200057983398
       -2.124799966812134
       -1.543900012969971
       -1.277300000190735
       -2.119899988174439
       -2.158799886703491
       -2.304399967193604
       -1.948400020599365
  -9.243000149726868E-001
  -4.397999942302704E-001
  -5.379999876022339E-001
  -1.077999994158745E-001
  -6.424000263214111E-001
   1.976000070571899E-001
        1.380100011825562
   8.913999795913696E-001
   9.466000199317932E-001
        2.018899917602539
        2.452600002288818
        1.024799942970276
   2.581999897956848E-001
   8.234999775886536E-001
   5.127999782562256E-001
   7.074999809265137E-001
        1.005399942398071
        1.508399963378906
        1.751799941062927
        1.932700037956238
        2.618499994277954
        2.225399971008301
   5.630999803543091E-001
   5.874999761581421E-001
        1.031499981880188
        1.668300032615662
        1.834499955177307
        2.374700069427490
        1.589900016784668
        2.044500112533569
        1.405900001525879
        1.976400017738342
        1.420600056648254
        1.072000026702881
        1.251299977302551
   8.777999877929688E-001
  -4.284999966621399E-001
  -5.149000287055969E-001
  -8.021000027656555E-001
       -1.201599955558777
       -1.255100011825562
       -1.638200044631958
       -2.533799886703491
       -2.564699888229370
       -1.938199996948242
       -1.819100022315979
       -1.716899991035461
       -2.224299907684326
       -2.282099962234497
       -2.959599971771240
       -2.955499887466431
       -2.464600086212158
       -2.381400108337402
       -2.229099988937378
       -2.486599922180176
       -2.068300008773804
       -2.186800003051758
       -1.653599977493286
       -2.327600002288818
       -2.498600006103516
       -1.401800036430359
       -1.336199998855591
       -1.483700037002564
       -1.191200017929077
  -6.565999984741211E-001
   2.141000032424927E-001
   6.711999773979187E-001
   9.944000244140625E-001
        1.121600031852722
        1.456799983978272
        2.002000093460083
   9.508000016212463E-001
   6.000999808311462E-001
   2.054000049829483E-001
   7.713000178337097E-001
        1.047299981117249
        1.078899979591370
        1.952299952507019
        2.068000078201294
        2.204200029373169
        2.958800077438355
        1.945600032806397
        1.632599949836731
   7.799000144004822E-001
        1.207200050354004
        1.636500000953674
        2.496299982070923
        2.721600055694580
        2.348900079727173
        2.331700086593628
        1.740499973297119
        1.673499941825867
        1.705700039863586
        1.978299975395203
        1.299100041389465
        1.390400052070618
  -4.454999864101410E-001
  -2.705000042915344E-001
  -7.775999903678894E-001
  -7.792999744415283E-001
       -1.122799992561340
       -1.409700036048889
       -1.955800056457520
       -1.435299992561340
       -1.236899971961975
  -8.572999835014343E-001
  -8.072000145912170E-001
       -2.125000000000000
       -2.237900018692017
       -2.526000022888184
       -2.369299888610840
       -2.749300003051758
       -2.210099935531616
       -1.048099994659424
       -1.477800011634827
       -1.436300039291382
       -2.001800060272217
       -2.501399993896484
       -2.637000083923340
       -3.296299934387207
       -2.434499979019165
       -1.226300001144409
  -5.749999880790710E-001
       -1.141700029373169
  -6.661000251770020E-001
   1.370000001043081E-002
   4.020000100135803E-001
   7.480999827384949E-001
        1.015100002288818
   6.061000227928162E-001
        1.213199973106384
        1.032600045204163
   2.338999956846237E-001
   5.661000013351440E-001
        1.046100020408630
        1.216899991035461
        1.155500054359436
        1.733199954032898
        2.072099924087524
        2.860599994659424
        2.074300050735474
        1.314700007438660
        1.385100007057190
        1.159500002861023
        1.320399999618530
        1.584699988365173
        1.603899955749512
        2.189399957656860
        2.630800008773804
        1.732200026512146
        1.092000007629395
        2.644900083541870
        1.880100011825562
   4.582000076770783E-001
        1.130699992179871
        1.000599980354309
   9.470000118017197E-002
       -1.047500014305115
       -1.011299967765808
  -9.679999947547913E-001
       -1.026499986648560
  -9.847999811172485E-001
       -1.068600058555603
       -1.140300035476685
       -1.110800027847290
       -1.564100027084351
  -9.562000036239624E-001
