   7.922000288963318E-001
        1.133100032806397
   9.719999879598618E-002
  -6.530000269412994E-002
   4.952999949455261E-001
  -3.449999913573265E-002
   1.715999990701675E-001
  -5.189999938011169E-002
  -6.480000168085098E-002
   3.063000142574310E-001
   8.543000221252441E-001
   6.176999807357788E-001
   5.879999995231628E-001
  -2.596000134944916E-001
  -9.778000116348267E-001
       -1.125300049781799
  -9.355000257492065E-001
  -5.633999705314636E-001
  -8.440999984741211E-001
  -6.488000154495239E-001
  -5.469999909400940E-001
  -6.618000268936157E-001
  -7.652000188827515E-001
       -1.362300038337708
       -1.904199957847595
       -2.805200099945068
       -2.084000110626221
       -1.152400016784668
       -1.003299951553345
       -1.335800051689148
       -2.120899915695190
       -1.598799943923950
       -1.658699989318848
       -1.551699995994568
  -6.699000000953674E-001
  -8.110000193119049E-002
  -5.278000235557556E-001
   1.674000024795532E-001
  -7.059000134468079E-001
   6.920999884605408E-001
        1.131800055503845
   6.965000033378601E-001
   7.401999831199646E-001
   2.599999904632568E-001
        1.662999987602234
        2.154700040817261
        1.179900050163269
        1.315600037574768
   9.452000260353088E-001
  -8.100000210106373E-003
  -4.645000100135803E-001
       -1.342599987983704
  -5.436999797821045E-001
       -1.019199967384338
  -8.438000082969666E-001
  -4.374000132083893E-001
  -1.587000042200089E-001
  -8.479999750852585E-002
  -2.046000063419342E-001
  -2.850000001490116E-002
   1.791999936103821E-001
   6.668999791145325E-001
   2.163999974727631E-001
       -1.344499945640564
   5.827999711036682E-001
   3.222999870777130E-001
   4.820000007748604E-002
  -7.739999890327454E-002
   1.700000092387199E-002
   1.529999971389771E-001
  -3.819999843835831E-002
   2.133000046014786E-001
  -5.167999863624573E-001
  -6.854000091552734E-001
  -6.391999721527100E-001
       -1.579499959945679
       -1.219499945640564
       -1.137799978256226
       -1.654600024223328
       -1.199499964714050
  -2.111999988555908E-001
       -1.968999981880188
       -1.381600022315979
       -1.518000006675720
       -1.662999987602234
       -2.131599903106690
       -2.120599985122681
  -9.423999786376953E-001
       -1.671100020408630
       -1.751299977302551
       -2.239599943161011
       -1.200600028038025
  -9.792000055313110E-001
       -1.440099954605103
       -1.261800050735474
  -1.333000063896179E-001
  -8.950999975204468E-001
   2.960000000894070E-002
        1.053900003433228
        1.320899963378906
        2.381799936294556
        1.360000014305115
        1.171100020408630
        1.516700029373169
        1.375000000000000
   6.158000230789185E-001
   4.760000109672546E-002
   7.080000042915344E-001
   3.321999907493591E-001
   1.442999988794327E-001
  -4.742000102996826E-001
  -9.056000113487244E-001
       -1.060500025749207
  -9.197000265121460E-001
  -9.600999951362610E-001
  -6.442000269889832E-001
  -5.314000248908997E-001
  -3.653999865055084E-001
   5.013999938964844E-001
  -4.411999881267548E-001
   4.323999881744385E-001
  -2.506000101566315E-001
  -1.399999950081110E-003
  -1.234000027179718E-001
  -1.474999934434891E-001
   2.666999995708466E-001
  -2.536999881267548E-001
  -2.637000083923340E-001
   1.685999929904938E-001
   2.529999986290932E-002
   2.419999986886978E-002
  -2.540999948978424E-001
  -8.809000253677368E-001
       -1.161299943923950
       -2.500499963760376
       -2.067300081253052
       -1.458299994468689
       -1.394099950790405
       -1.950899958610535
       -1.575999975204468
       -1.070000052452087
       -1.607900023460388
       -1.291200041770935
       -1.006999969482422
       -1.830800056457520
       -1.634899973869324
       -2.074700117111206
       -1.583500027656555
  -9.538000226020813E-001
       -1.643000006675720
       -1.282400012016296
  -7.032999992370606E-001
  -6.862999796867371E-001
  -3.851999938488007E-001
  -4.939000010490418E-001
  -5.411000251770020E-001
  -3.640000149607658E-002
   1.499000042676926E-001
   6.201999783515930E-001
        1.560999989509583
        2.498800039291382
        2.004899978637695
        2.200500011444092
        1.728999972343445
        1.256100058555603
        1.435899972915649
   2.247000038623810E-001
   5.480999946594238E-001
   2.620000019669533E-002
  -9.700000286102295E-003
       -1.447199940681458
  -8.859000205993652E-001
       -1.744500041007996
       -1.199599981307983
  -4.955999851226807E-001
  -6.220999956130981E-001
  -7.515000104904175E-001
  -8.787999749183655E-001
   3.034000098705292E-001
   6.653000116348267E-001
  -7.169999927282333E-002
  -6.189000010490418E-001
   1.684000045061112E-001
   2.400000113993883E-003
  -1.297000050544739E-001
  -4.740000143647194E-002
   3.999999898951501E-004
  -4.722999930381775E-001
  -2.124000042676926E-001
   1.307999938726425E-001
  -4.140000045299530E-002
  -7.850000262260437E-002
       -1.190000057220459
       -2.141400098800659
       -2.355299949645996
       -2.701499938964844
       -1.867400050163269
  -9.097999930381775E-001
       -1.568199992179871
       -2.120100021362305
       -2.096800088882446
       -1.478600025177002
       -2.001499891281128
       -1.356600046157837
  -7.329000234603882E-001
       -1.239599943161011
       -2.085000038146973
       -1.289499998092651
       -1.434200048446655
       -1.293300032615662
  -8.798000216484070E-001
  -5.939000248908997E-001
  -4.890000075101852E-002
  -2.711000144481659E-001
   1.359000056982040E-001
   7.437999844551086E-001
   7.455999851226807E-001
        1.051599979400635
        1.013299942016602
        1.203400015830994
        1.452700018882752
        1.982499957084656
        2.481699943542481
        2.002099990844727
        1.780200004577637
        1.130399942398071
        1.122300028800964
   2.768999934196472E-001
  -3.580000102519989E-001
  -6.474999785423279E-001
       -1.701099991798401
       -2.044800043106079
       -1.324699997901917
  -7.999999797903001E-004
  -4.154999852180481E-001
  -2.675000131130219E-001
  -1.225999966263771E-001
  -8.945999741554260E-001
  -5.831999778747559E-001
  -7.512999773025513E-001
  -8.198000192642212E-001
       -1.168799996376038
  -6.717000007629395E-001
  -7.681999802589417E-001
   2.264000028371811E-001
   6.392999887466431E-001
   8.019000291824341E-001
  -4.699999932199717E-003
   1.853999942541122E-001
   1.167000010609627E-001
   4.541999995708466E-001
  -2.554999887943268E-001
       -1.578400015830994
       -3.321700096130371
       -2.469000101089478
       -1.122200012207031
       -1.238499999046326
       -2.125099897384644
       -3.012099981307983
       -1.980200052261353
       -1.424600005149841
       -1.764899969100952
       -2.442100048065186
       -1.127400040626526
       -1.191900014877319
       -1.263499975204468
       -2.242799997329712
       -1.221500039100647
  -9.890999794006348E-001
       -1.154299974441528
       -1.158699989318848
  -4.110000133514404E-001
   2.276999950408936E-001
   1.325999945402145E-001
   4.059000015258789E-001
        1.191799998283386
        1.107900023460388
   8.554000258445740E-001
        1.380300045013428
        1.862599968910217
        1.552000045776367
        1.528399944305420
        1.571499943733215
        2.037499904632568
        1.824699997901917
   1.562000066041946E-001
   3.307999968528748E-001
  -3.370999991893768E-001
       -1.328500032424927
       -1.221899986267090
  -7.429000139236450E-001
       -1.156999945640564
  -7.469000220298767E-001
  -2.565999925136566E-001
   6.710000038146973E-001
   6.284000277519226E-001
   1.379999965429306E-001
       -1.013800024986267
  -9.886000156402588E-001
  -5.738999843597412E-001
       -1.011399984359741
       -1.011999964714050
  -5.806000232696533E-001
  -2.520999908447266E-001
  -8.331999778747559E-001
   6.007999777793884E-001
   1.828999966382980E-001
   8.859000205993652E-001
   4.919999837875366E-002
  -6.078000068664551E-001
   2.038999944925308E-001
  -6.030000001192093E-002
       -1.175400018692017
       -1.505599975585938
  -6.833000183105469E-001
       -1.716300010681152
       -1.988800048828125
       -2.223500013351440
       -1.515900015830994
       -1.509400010108948
       -1.616700053215027
       -1.836500048637390
       -1.533800005912781
       -2.301399946212769
       -1.977699995040894
       -2.426300048828125
       -1.658400058746338
       -1.552700042724609
       -1.559900045394898
       -1.276999950408936
       -1.187700033187866
  -5.414999723434448E-001
  -4.690000042319298E-002
   3.510000184178352E-002
   6.988999843597412E-001
        1.257899999618530
   3.923999965190888E-001
        1.108700037002564
        2.164999961853027
        3.140100002288818
        1.460899949073792
        1.916700005531311
        2.440500020980835
        1.548599958419800
   3.680000007152557E-001
  -3.395999968051910E-001
   5.469999834895134E-002
  -5.389000177383423E-001
  -7.305999994277954E-001
  -5.453000068664551E-001
  -6.093999743461609E-001
  -9.478999972343445E-001
  -3.504999876022339E-001
   1.300000003539026E-003
   2.063000053167343E-001
  -2.720000147819519E-001
  -9.458000063896179E-001
       -1.302500009536743
       -1.432600021362305
  -6.827999949455261E-001
  -8.490999937057495E-001
  -9.624999761581421E-001
  -5.947999954223633E-001
   5.870000123977661E-001
  -4.949999973177910E-002
   1.300000003539026E-003
  -9.499999694526196E-003
  -1.438000053167343E-001
   6.830999851226807E-001
  -2.275000065565109E-001
   5.939000248908997E-001
   5.730000138282776E-002
  -4.489000141620636E-001
       -1.005399942398071
       -1.094599962234497
       -1.177700042724609
       -1.228000044822693
  -9.574000239372253E-001
  -5.522000193595886E-001
  -2.865999937057495E-001
  -9.674000144004822E-001
       -1.038400053977966
       -1.540300011634827
       -2.644599914550781
       -2.975500106811523
       -2.555700063705444
       -2.268199920654297
       -2.240700006484985
       -2.278700113296509
       -1.898100018501282
       -1.803699970245361
       -1.598500013351440
  -9.215000271797180E-001
  -5.191000103950501E-001
   7.120000123977661E-001
   8.529999852180481E-001
   3.091000020503998E-001
   3.091000020503998E-001
   5.669999718666077E-001
        1.179000020027161
        1.213000059127808
        1.662999987602234
        1.458199977874756
        1.606999993324280
        1.094799995422363
   1.949000060558319E-001
  -3.653999865055084E-001
       -1.451799988746643
  -8.776999711990356E-001
  -4.805999994277954E-001
  -7.326999902725220E-001
       -1.375800013542175
  -8.306999802589417E-001
  -3.934000134468079E-001
  -1.409000009298325E-001
  -5.691999793052673E-001
  -6.241000294685364E-001
       -1.436100006103516
  -7.621999979019165E-001
  -3.797000050544739E-001
       -1.261000037193298
  -5.841000080108643E-001
  -3.158000111579895E-001
   3.767000138759613E-001
   1.560000032186508E-001
   3.808000087738037E-001
   7.230000197887421E-002
  -4.810999929904938E-001
  -3.544000089168549E-001
  -3.513000011444092E-001
  -1.298000067472458E-001
  -7.429999858140945E-002
       -1.672099947929382
       -1.431399941444397
  -7.077000141143799E-001
  -8.862000107765198E-001
       -1.832900047302246
       -1.002599954605103
   2.935999929904938E-001
  -3.203999996185303E-001
  -3.982999920845032E-001
  -7.682999968528748E-001
  -9.354000091552734E-001
       -2.059900045394898
       -2.311100006103516
       -3.278199911117554
       -2.955899953842163
       -1.624300003051758
       -2.424400091171265
       -2.037300109863281
       -2.082000017166138
       -1.898900032043457
       -1.397400021553040
  -8.359000086784363E-001
  -2.449000030755997E-001
   4.575999975204468E-001
  -3.779999911785126E-002
   1.299999952316284E-001
  -4.228000044822693E-001
   2.545000016689301E-001
   1.513999998569489E-001
        1.283200025558472
        1.073199987411499
        1.567800045013428
   5.824000239372253E-001
   6.162999868392944E-001
   4.855999946594238E-001
   3.060000017285347E-002
   1.075000017881393E-001
  -3.822000026702881E-001
  -8.506000041961670E-001
  -8.148000240325928E-001
  -3.169000148773193E-001
        1.031700015068054
   6.564000248908997E-001
  -4.223000109195709E-001
  -4.625000059604645E-001
  -3.779000043869019E-001
  -7.692000269889832E-001
   2.228000015020371E-001
       -1.421100020408630
       -1.393900036811829
   2.903000116348267E-001
   8.219999819993973E-002
   3.774000108242035E-001
   4.760000109672546E-002
   3.133000135421753E-001
   2.070000022649765E-001
  -2.379000037908554E-001
  -8.482999801635742E-001
  -9.811000227928162E-001
  -7.360000163316727E-002
  -5.465999841690064E-001
       -1.258299946784973
  -9.118000268936157E-001
  -9.984999895095825E-001
       -1.963199973106384
  -8.514999747276306E-001
  -3.671999871730804E-001
  -8.489000201225281E-001
       -1.295199990272522
       -1.368399977684021
       -1.648399949073792
       -1.580800056457520
       -2.496700048446655
       -3.008899927139282
       -2.472300052642822
       -1.613399982452393
       -1.503399968147278
       -1.580600023269653
       -1.776100039482117
       -1.502200007438660
       -1.561200022697449
       -1.561599969863892
  -9.876999855041504E-001
  -7.096999883651733E-001
   8.229999989271164E-002
  -2.565000057220459E-001
   5.750000104308128E-002
  -6.639000177383423E-001
   3.874000012874603E-001
   5.000000074505806E-002
        1.592200040817261
        1.640799999237061
        1.034100055694580
   8.435000181198120E-001
   6.234999895095825E-001
   5.619999766349793E-001
  -2.500999867916107E-001
  -3.328999876976013E-001
       -1.018399953842163
  -6.222000122070313E-001
  -3.203999996185303E-001
  -1.940000057220459E-002
  -4.411999881267548E-001
   6.689999997615814E-002
  -3.573000133037567E-001
  -6.837999820709229E-001
       -1.018300056457520
  -4.259000122547150E-001
  -1.750999987125397E-001
  -6.521999835968018E-001
  -9.271000027656555E-001
  -3.686000108718872E-001
   2.345000058412552E-001
   2.863999903202057E-001
   5.142999887466431E-001
   1.685000061988831E-001
  -7.791000008583069E-001
       -1.377799987792969
  -2.924999892711639E-001
   4.859999939799309E-002
  -6.700000166893005E-001
       -1.951900005340576
  -8.386999964714050E-001
  -8.162000179290772E-001
  -8.019999861717224E-001
  -8.713999986648560E-001
       -1.162600040435791
       -1.501399993896484
       -2.317699909210205
       -1.333299994468689
       -1.090000033378601
       -1.304100036621094
       -1.981199979782105
       -2.095700025558472
       -2.108599901199341
       -1.999500036239624
       -1.719599962234497
       -1.223999977111816
       -1.341099977493286
       -1.894600033760071
       -2.659100055694580
       -1.931800007820129
       -1.203400015830994
  -7.253999710083008E-001
  -2.660999894142151E-001
  -3.359000086784363E-001
  -8.618999719619751E-001
  -9.340000152587891E-002
  -3.424000144004822E-001
   3.804000020027161E-001
   4.154999852180481E-001
   8.337000012397766E-001
        1.504699945449829
        1.294399976730347
   8.593000173568726E-001
  -3.772999942302704E-001
   2.171999961137772E-001
   2.149000018835068E-001
   4.476999938488007E-001
   6.849999725818634E-002
  -2.673000097274780E-001
  -3.382000029087067E-001
  -2.381000071763992E-001
   1.644999980926514E-001
   1.185000017285347E-001
  -6.011999845504761E-001
       -1.018499970436096
  -6.718000173568726E-001
  -1.093999966979027E-001
       -1.089800000190735
  -6.953999996185303E-001
   6.280999779701233E-001
   6.144000291824341E-001
   9.260000288486481E-002
   7.393000125885010E-001
   1.048000007867813E-001
  -4.724000096321106E-001
  -8.809999823570252E-001
       -1.301399946212769
  -2.739000022411346E-001
  -9.854000210762024E-001
  -9.290999770164490E-001
       -1.622200012207031
       -1.318899989128113
       -1.639899969100952
       -1.530699968338013
       -1.449599981307983
       -1.888000011444092
       -2.221800088882446
       -2.619899988174439
       -1.983999967575073
       -1.689100027084351
       -1.457000017166138
       -1.060199975967407
       -1.461300015449524
       -1.102900028228760
  -5.472000241279602E-001
       -1.336400032043457
       -1.929399967193604
       -1.733600020408630
       -2.328999996185303
       -2.349100112915039
       -1.597399950027466
  -4.864999949932098E-001
  -7.218000292778015E-001
  -5.746999979019165E-001
  -7.300999760627747E-001
  -4.097000062465668E-001
  -5.565999746322632E-001
   2.480999976396561E-001
   5.327000021934509E-001
        1.123999953269959
        1.550899982452393
        1.725200057029724
        1.771299958229065
        1.218899965286255
  -2.433000057935715E-001
   6.784999966621399E-001
   9.120000153779984E-002
  -6.523000001907349E-001
  -4.643999934196472E-001
  -4.993999898433685E-001
  -5.084999799728394E-001
  -1.736000031232834E-001
  -4.456000030040741E-001
  -9.775999784469605E-001
  -6.399999856948853E-001
  -9.505000114440918E-001
  -2.215999960899353E-001
   1.397999972105026E-001
  -4.893000125885010E-001
   4.070000052452087E-001
   9.320999979972839E-001
        1.200700044631958
   5.220999717712402E-001
  -3.860999941825867E-001
  -7.930000126361847E-002
  -1.435000002384186E-001
  -2.425000071525574E-001
  -1.787000000476837E-001
  -6.908000111579895E-001
       -1.404500007629395
       -1.934200048446655
       -1.685299992561340
       -2.287899971008301
       -2.627899885177612
       -1.586699962615967
       -1.901900053024292
       -2.334300041198731
       -2.472899913787842
       -2.607100009918213
       -1.690000057220459
  -5.705000162124634E-001
  -7.845000028610230E-001
  -9.730000048875809E-002
  -9.589999914169312E-002
   1.958000063896179E-001
       -1.092599987983704
       -1.133800029754639
       -2.781300067901611
       -2.501899957656860
       -2.307100057601929
       -1.358100056648254
  -1.979999989271164E-001
   1.529999971389771E-001
  -8.203999996185303E-001
       -1.393000006675720
       -1.371500015258789
  -5.950000286102295E-001
   4.007999897003174E-001
   2.468000054359436E-001
        1.032699942588806
        1.534899950027466
        1.300899982452393
   7.427999973297119E-001
   4.808999896049500E-001
  -6.279000043869019E-001
  -7.246000170707703E-001
  -5.903000235557556E-001
  -2.230000048875809E-001
   3.465999960899353E-001
   2.502999901771545E-001
   6.870000064373016E-002
   2.160000056028366E-001
   2.483000010251999E-001
  -7.673000097274780E-001
  -4.749999940395355E-001
  -9.240999817848206E-001
   1.559000015258789E-001
  -2.393999993801117E-001
   5.864999890327454E-001
   2.766000032424927E-001
   6.462000012397766E-001
   7.962999939918518E-001
   8.410000205039978E-001
  -1.684000045061112E-001
  -2.222999930381775E-001
   2.979999966919422E-002
  -7.154999971389771E-001
   1.633999943733215E-001
   3.628000020980835E-001
  -5.141000151634216E-001
       -1.048499941825867
       -1.791200041770935
       -1.935999989509583
       -1.558699965476990
       -1.219099998474121
       -1.320899963378906
       -1.670899987220764
       -2.497299909591675
       -1.848600029945374
       -1.019299983978272
   7.050000131130219E-002
  -2.178999930620194E-001
   3.136999905109406E-001
   2.179999947547913E-001
   5.550000071525574E-001
       -1.258700013160706
       -1.395499944686890
       -2.344000101089478
       -2.907900094985962
       -1.936699986457825
       -1.689200043678284
       -1.002400040626526
  -3.379999846220017E-002
       -1.537199974060059
       -1.327100038528442
  -6.254000067710877E-001
  -5.956000089645386E-001
        1.433599948883057
   2.795000076293945E-001
   8.812000155448914E-001
   4.386000037193298E-001
   8.628000020980835E-001
   2.782999873161316E-001
   3.041000068187714E-001
  -7.488999962806702E-001
   1.269000023603439E-001
  -5.849999934434891E-002
   2.275000065565109E-001
   4.253999888896942E-001
   6.776999831199646E-001
   4.479999840259552E-002
  -6.499999761581421E-002
  -5.659999847412109E-001
       -1.310700058937073
       -1.634299993515015
       -1.218199968338013
   4.034000039100647E-001
   7.106999754905701E-001
   4.781000018119812E-001
   9.920000284910202E-002
   4.587999880313873E-001
   1.714999973773956E-001
   4.785999953746796E-001
   6.337000131607056E-001
   1.439000070095062E-001
   7.932000160217285E-001
  -4.521999955177307E-001
  -1.953999996185303E-001
   5.558999776840210E-001
   1.640000045299530E-001
   2.344000041484833E-001
       -1.062100052833557
       -1.323099970817566
       -1.197900056838989
  -8.228999972343445E-001
  -8.461999893188477E-001
       -1.493600010871887
       -2.524100065231323
       -1.356899976730347
  -2.453999966382980E-001
  -2.269999980926514E-001
   4.704999923706055E-001
   2.971999943256378E-001
   4.081000089645386E-001
  -3.025000095367432E-001
  -5.195999741554260E-001
  -7.125999927520752E-001
       -1.437100052833557
       -2.783200025558472
       -1.994600057601929
       -1.136800050735474
       -1.377300024032593
       -1.388100028038025
       -1.013299942016602
       -1.151900053024292
  -4.072999954223633E-001
   3.319999873638153E-001
        1.320899963378906
   6.427000164985657E-001
   5.235999822616577E-001
  -2.062000036239624E-001
   4.814999997615814E-001
   2.028000056743622E-001
  -3.763999938964844E-001
   5.249999836087227E-002
   4.101999998092651E-001
        1.110000014305115
        1.159199953079224
   8.518999814987183E-001
        1.377500057220459
   5.942999720573425E-001
   5.099999904632568E-002
       -1.087299942970276
       -1.608800053596497
       -1.448600053787231
       -1.445099949836731
   2.065999954938889E-001
   5.213000178337097E-001
   5.641999840736389E-001
  -5.169999971985817E-002
   5.616000294685364E-001
   2.374999970197678E-001
   8.242999911308289E-001
   7.487999796867371E-001
   9.713000059127808E-001
        1.260900020599365
   6.696000099182129E-001
  -1.422999948263168E-001
  -5.550000071525574E-002
   2.196999937295914E-001
  -2.363000065088272E-001
       -1.028699994087219
       -1.727200031280518
  -9.305999875068665E-001
   1.041999980807304E-001
  -3.858000040054321E-001
  -7.232999801635742E-001
       -1.329300045967102
       -1.046000003814697
  -7.638000249862671E-001
   5.651000142097473E-001
  -1.769999973475933E-002
   5.139999836683273E-002
   9.690000116825104E-002
  -8.702999949455261E-001
       -1.500900030136108
  -6.603999733924866E-001
       -1.916900038719177
       -2.247200012207031
       -1.656200051307678
       -1.591500043869019
  -5.630999803543091E-001
  -4.189000129699707E-001
  -4.165000021457672E-001
   5.530999898910523E-001
  -1.626999974250794E-001
   9.071999788284302E-001
   3.964999914169312E-001
   7.032999992370606E-001
   4.948999881744385E-001
  -5.499999970197678E-003
  -4.824000000953674E-001
   2.520000040531158E-001
  -3.341000080108643E-001
   2.969999983906746E-002
   3.440999984741211E-001
        1.230000019073486
        1.665899991989136
        1.353199958801270
        1.796900033950806
        1.083299994468689
   5.570999979972839E-001
  -9.449999928474426E-001
       -1.327499985694885
       -1.145799994468689
  -6.284000277519226E-001
  -2.260000072419643E-002
  -1.888999938964844E-001
   4.614000022411346E-001
  -2.558999955654144E-001
  -4.146000146865845E-001
  -6.337000131607056E-001
   2.824000120162964E-001
   9.409999847412109E-001
   7.470999956130981E-001
        1.440099954605103
        1.665799975395203
        1.101799964904785
        1.374199986457825
   3.616000115871429E-001
   6.915000081062317E-001
   9.340000152587891E-002
  -2.063000053167343E-001
  -8.618999719619751E-001
   1.886000037193298E-001
  -4.002999961376190E-001
  -9.006000161170960E-001
  -9.929999709129334E-002
   1.222999989986420E-001
  -3.790000081062317E-002
   2.328999936580658E-001
  -5.620999932289124E-001
  -7.853999733924866E-001
  -8.493000268936157E-001
  -8.490999937057495E-001
       -1.449599981307983
  -8.565999865531921E-001
       -1.533100008964539
       -1.270799994468689
       -1.260599970817566
  -9.000999927520752E-001
  -4.704999923706055E-001
   4.450000077486038E-002
  -3.660000115633011E-002
   1.254000067710877E-001
   2.037000060081482E-001
   4.436999857425690E-001
   7.828999757766724E-001
   3.995000123977661E-001
  -2.490000054240227E-002
  -8.829999715089798E-002
  -6.866000294685364E-001
   2.169999927282333E-001
  -6.503000259399414E-001
  -9.179999679327011E-002
        1.034800052642822
        1.420300006866455
        1.426200032234192
        1.849300026893616
   7.922999858856201E-001
  -8.100000023841858E-002
   8.798999786376953E-001
   3.495000004768372E-001
  -3.176000118255615E-001
       -1.053300023078919
  -6.445999741554260E-001
        1.119400024414063
  -1.737000048160553E-001
   1.099999994039536E-001
  -2.381000071763992E-001
  -2.563000023365021E-001
  -2.994000017642975E-001
   7.224000096321106E-001
   8.598999977111816E-001
   5.572000145912170E-001
        1.406399965286255
        1.413400053977966
        1.313699960708618
        1.669100046157837
   5.900999903678894E-001
   6.452999711036682E-001
  -1.190000027418137E-002
   1.391000002622604E-001
   3.039999902248383E-001
  -4.645000100135803E-001
  -3.390000015497208E-002
   1.261000037193298E-001
  -1.284999996423721E-001
   5.564000010490418E-001
   8.716999888420105E-001
  -1.360999941825867E-001
  -9.462000131607056E-001
       -1.239099979400635
  -9.494000077247620E-001
  -9.528999924659729E-001
       -1.037899971008301
       -1.745100021362305
       -1.801800012588501
       -2.331599950790405
  -4.481999874114990E-001
       -1.416000008583069
  -8.860999941825867E-001
  -5.540999770164490E-001
  -7.807999849319458E-001
  -7.027000188827515E-001
  -2.795999944210053E-001
   3.346999883651733E-001
   5.975000262260437E-001
   5.669000148773193E-001
   6.869999766349793E-001
  -1.648000031709671E-001
   1.962999999523163E-001
   1.826000064611435E-001
  -6.290000081062317E-001
  -1.706999987363815E-001
        1.040099978446960
        1.078500032424927
        1.319100022315979
        1.529199957847595
        1.351099967956543
   5.828999876976013E-001
   1.811999976634979E-001
  -3.629999980330467E-002
  -5.121999979019165E-001
  -5.792999863624573E-001
  -5.084000229835510E-001
   1.929000020027161E-001
   2.118999958038330E-001
   3.826000094413757E-001
        1.349099993705750
   5.813999772071838E-001
   3.005000054836273E-001
   9.692999720573425E-001
        1.214900016784668
        1.302299976348877
        1.770699977874756
        1.291000008583069
        2.242100000381470
        1.705500006675720
        1.183300018310547
        1.059900045394898
        1.303400039672852
        1.314000010490418
   8.075000047683716E-001
   2.439999952912331E-002
   2.685000002384186E-001
   4.156000018119812E-001
   3.740999996662140E-001
   9.695000052452087E-001
   5.755000114440918E-001
  -4.722000062465668E-001
  -9.797000288963318E-001
  -9.128999710083008E-001
  -6.057999730110169E-001
  -2.542000114917755E-001
  -5.846999883651733E-001
  -8.549000024795532E-001
       -1.824000000953674
       -1.836599946022034
       -1.133200049400330
       -1.701500058174133
       -1.408100008964539
       -1.067700028419495
  -1.401000022888184E-001
  -2.444999963045120E-001
  -7.850000262260437E-002
  -1.339999958872795E-002
   1.252000033855438E-001
   1.348000019788742E-001
   2.903000116348267E-001
  -3.115000128746033E-001
  -1.488000005483627E-001
   6.725000143051148E-001
   2.847999930381775E-001
        1.233399987220764
        1.146999955177307
        1.056300044059753
   8.694999814033508E-001
        1.968500018119812
        1.895599961280823
   8.450999855995178E-001
  -5.649999901652336E-002
  -5.863999724388123E-001
  -1.419000029563904E-001
   2.673999965190888E-001
   7.350000143051148E-001
   2.400000113993883E-003
  -3.535000085830689E-001
        1.099499940872192
   6.653000116348267E-001
   8.027999997138977E-001
   5.922999978065491E-001
  -5.979999899864197E-002
        1.165799975395203
        2.251600027084351
        1.139999985694885
        2.089099884033203
        2.505500078201294
        2.478300094604492
   9.761999845504761E-001
   9.416999816894531E-001
   8.798999786376953E-001
   4.219000041484833E-001
   4.153999984264374E-001
   2.917000055313110E-001
  -5.350000038743019E-002
  -3.779999911785126E-002
   4.652000069618225E-001
   3.912000060081482E-001
   6.919000148773193E-001
   1.370999962091446E-001
  -8.640999794006348E-001
  -3.402000069618225E-001
  -7.501000165939331E-001
  -5.084000229835510E-001
       -1.105299949645996
  -5.156000256538391E-001
  -4.670999944210053E-001
  -4.573999941349030E-001
  -8.658000230789185E-001
       -1.089300036430359
       -1.622300028800964
  -9.024999737739563E-001
  -5.473999977111816E-001
  -4.803999960422516E-001
  -1.448999941349030E-001
   7.509999722242355E-002
  -1.799999922513962E-002
  -6.723999977111816E-001
   9.409999847412109E-002
  -1.005999967455864E-001
  -1.504999995231628E-001
   6.054000258445740E-001
   7.275000214576721E-001
        1.246899962425232
   8.425999879837036E-001
        1.127300024032593
   9.926000237464905E-001
        1.473500013351440
        1.903300046920776
   1.765999943017960E-001
  -1.036999970674515E-001
  -9.420000016689301E-002
   5.626000165939331E-001
        1.023800015449524
   8.270999789237976E-001
   3.508999943733215E-001
        1.316400051116943
        1.174399971961975
        1.035300016403198
        1.278300046920776
        1.187999963760376
        1.276100039482117
        1.837800025939941
        1.699499964714050
        2.391700029373169
        2.606499910354614
        2.299799919128418
        2.215600013732910
        1.295799970626831
   5.823000073432922E-001
  -2.770999968051910E-001
   4.086000025272369E-001
   9.179999679327011E-002
   4.647000133991242E-001
   5.084000229835510E-001
  -2.064000070095062E-001
  -5.037000179290772E-001
  -6.125000119209290E-001
  -5.385000109672546E-001
       -1.621199965476990
       -1.259799957275391
       -1.512899994850159
       -1.365100026130676
       -1.073400020599365
       -1.203799962997437
       -1.260400056838989
  -5.378000140190125E-001
  -8.298000097274780E-001
       -1.217900037765503
       -1.166399955749512
       -1.129500031471252
   4.760000109672546E-002
  -8.231999874114990E-001
       -1.118299961090088
       -1.069399952888489
       -1.077000021934509
  -6.087999939918518E-001
  -5.903000235557556E-001
  -1.048000007867813E-001
   1.440999954938889E-001
  -2.182999998331070E-001
   4.273999929428101E-001
   1.641999930143356E-001
   9.100999832153320E-001
        1.323099970817566
        1.317299962043762
        1.792700052261353
        1.566400051116943
        1.108899950981140
        1.069300055503845
   2.009999938309193E-002
   1.938000023365021E-001
   2.063000053167343E-001
   5.216000080108643E-001
   6.212000250816345E-001
   4.029000103473663E-001
        1.185600042343140
        1.515900015830994
        1.738499999046326
        1.316699981689453
        1.530799984931946
        1.138800024986267
        1.733600020408630
   7.034999728202820E-001
        1.628000020980835
        2.193599939346314
        2.232700109481812
        1.987300038337708
   8.945999741554260E-001
        1.431300044059753
   1.624000072479248E-001
   2.423000037670136E-001
  -1.149000003933907E-001
   3.064000010490418E-001
   1.641999930143356E-001
  -9.696000218391419E-001
       -1.617499947547913
  -7.116000056266785E-001
       -1.338899970054627
       -1.333199977874756
       -1.782999992370606
       -1.266899943351746
       -2.354000091552734
       -2.058900117874146
       -1.181499958038330
  -4.386000037193298E-001
  -2.389999926090241E-001
  -6.007999777793884E-001
       -1.518800020217896
       -1.711300015449524
  -9.501000046730042E-001
       -1.238700032234192
  -7.573000192642212E-001
  -9.883000254631043E-001
       -1.141999959945679
   6.570000201463699E-002
   3.558999896049500E-001
   4.850000143051148E-001
  -2.646000087261200E-001
   3.420000076293945E-001
  -5.702000260353088E-001
   1.398999989032745E-001
   2.289000004529953E-001
   7.050999999046326E-001
        1.626299977302551
        1.636100053787231
        1.971099972724915
        2.175299882888794
        1.589599967002869
   3.943000137805939E-001
  -3.729999959468842E-001
  -3.500000014901161E-002
   4.783999919891357E-001
  -9.250000119209290E-002
   5.189999938011169E-001
        1.316599965095520
        1.633800029754639
        1.561800003051758
        2.013600111007690
        1.584599971771240
        1.751600027084351
        1.781200051307678
        1.789100050926209
        1.425699949264526
        1.436200022697449
        2.424900054931641
        2.546600103378296
        1.437800049781799
        1.389400005340576
        1.251899957656860
   3.501000106334686E-001
   4.806999862194061E-001
   1.271000057458878E-001
   1.824000030755997E-001
  -4.966000020503998E-001
  -4.011000096797943E-001
       -1.690500020980835
       -1.316599965095520
  -6.492000222206116E-001
       -1.404600024223328
       -1.991000056266785
       -1.348199963569641
       -2.032799959182739
       -1.796000003814697
       -1.205600023269653
       -1.402300000190735
       -1.012300014495850
   1.923999935388565E-001
       -1.155099987983704
       -1.766399979591370
  -8.208000063896179E-001
  -9.720000028610230E-001
       -1.266899943351746
       -1.066799998283386
  -6.638000011444092E-001
  -9.751999974250794E-001
   3.980000019073486E-001
   5.695999860763550E-001
   6.629999727010727E-002
  -3.373999893665314E-001
   4.122999906539917E-001
  -2.673999965190888E-001
   2.998000085353851E-001
   8.637999892234802E-001
        1.004899978637695
   6.463999748229981E-001
        1.242300033569336
        1.515699982643127
        1.288699984550476
        1.651999950408936
   4.729000031948090E-001
   5.131999850273132E-001
   2.949000000953674E-001
   5.127000212669373E-001
  -4.066999852657318E-001
        1.759299993515015
        1.867200016975403
        1.577100038528442
        1.599900007247925
        1.277199983596802
        1.147899985313416
        1.463600039482117
        1.137300014495850
        1.574900031089783
        2.482899904251099
        1.873299956321716
        1.150799989700317
   4.228000044822693E-001
   2.605000138282776E-001
   5.849000215530396E-001
   2.263000011444092E-001
  -3.438000082969666E-001
  -3.641000092029572E-001
  -2.903999984264374E-001
  -5.976999998092651E-001
       -1.120599985122681
  -4.120999872684479E-001
  -4.332000017166138E-001
   1.499999966472387E-002
  -6.094999909400940E-001
  -9.387999773025513E-001
  -8.623999953269959E-001
       -1.982800006866455
       -1.723799943923950
       -1.187999963760376
  -5.975000262260437E-001
  -8.561999797821045E-001
  -6.141999959945679E-001
  -8.346999883651733E-001
       -1.661200046539307
       -1.185199975967407
  -1.319999992847443E-002
  -2.467000037431717E-001
   8.299999684095383E-002
  -1.528999954462051E-001
  -5.042999982833862E-001
   4.762000143527985E-001
   5.717999935150147E-001
   2.513000071048737E-001
   7.384999990463257E-001
   1.555999964475632E-001
   8.266999721527100E-001
   7.850000262260437E-001
   9.007999897003174E-001
   3.106999993324280E-001
        1.394799947738648
        1.237900018692017
        1.741899967193604
        1.769799947738648
        1.656999945640564
        1.094099998474121
   6.572999954223633E-001
  -5.579999834299088E-002
   1.334999948740006E-001
  -6.466000080108643E-001
        1.881399989128113
   5.478000044822693E-001
   5.807999968528748E-001
        1.157099962234497
   7.282000184059143E-001
        1.880300045013428
        1.772799968719482
        2.189199924468994
        2.371200084686279
        2.376399993896484
        1.364099979400635
        1.277199983596802
   6.970999836921692E-001
  -9.449999779462814E-002
   3.971000015735626E-001
   6.560999751091003E-001
  -3.370999991893768E-001
  -7.724999785423279E-001
  -4.930999875068665E-001
  -4.758999943733215E-001
  -7.702999711036682E-001
  -3.756999969482422E-001
   3.231999874114990E-001
  -2.874000072479248E-001
  -3.409999907016754E-001
  -9.194999933242798E-001
       -1.319700002670288
  -7.207000255584717E-001
       -1.058699965476990
  -2.592000067234039E-001
  -8.349999785423279E-001
       -1.074200034141541
  -8.955000042915344E-001
       -1.190400004386902
       -1.656000018119812
  -6.549000144004822E-001
  -4.907999932765961E-001
  -1.360000073909760E-001
  -5.651000142097473E-001
  -1.103999987244606E-001
  -4.911000132560730E-001
   1.930000036954880E-001
  -1.692000031471252E-001
   3.336000144481659E-001
        1.210399985313416
   5.012000203132629E-001
   5.224000215530396E-001
   7.677000164985657E-001
   4.077000021934509E-001
   1.519999951124191E-001
        1.046300053596497
        1.101799964904785
        1.673799991607666
        1.489099979400635
   5.756999850273132E-001
        1.212599992752075
   4.507000148296356E-001
        1.316300034523010
   8.869000077247620E-001
   5.099999904632568E-001
        1.511700034141541
   3.788999915122986E-001
   7.819999754428864E-002
   1.181999966502190E-001
   5.303999781608582E-001
   7.833999991416931E-001
        1.570000052452087
        2.253900051116943
        2.200000047683716
        1.895099997520447
        1.224300026893616
        1.070600032806397
  -2.318000048398972E-001
  -7.609999924898148E-002
   3.217999935150147E-001
  -1.888999938964844E-001
  -2.883999943733215E-001
  -7.099999785423279E-001
  -8.837000131607056E-001
  -7.473999857902527E-001
  -3.456000089645386E-001
  -4.990000128746033E-001
   5.275999903678894E-001
   5.767999887466431E-001
  -1.099999994039536E-003
   1.833000034093857E-001
  -9.609000086784363E-001
       -1.051100015640259
  -5.812000036239624E-001
   2.400999963283539E-001
  -8.870999813079834E-001
  -7.504000067710877E-001
  -4.571999907493591E-001
  -6.298999786376953E-001
       -1.029899954795837
  -9.955999851226807E-001
   3.440999984741211E-001
  -8.855000138282776E-001
  -2.851000130176544E-001
   9.769999980926514E-002
   1.315000057220459E-001
   3.531999886035919E-001
   3.621999919414520E-001
   9.603999853134155E-001
        1.455999970436096
   3.747000098228455E-001
   5.547999739646912E-001
   8.083999752998352E-001
   5.792000293731690E-001
        1.151200056076050
        1.290400028228760
   8.970999717712402E-001
        1.807199954986572
        1.572299957275391
        1.990100026130676
        1.653900027275085
        1.311800003051758
        1.698899984359741
   9.815999865531921E-001
   7.439000010490418E-001
        1.323799967765808
        1.078199982643127
        1.034100055694580
   4.602000117301941E-001
  -2.166000008583069E-001
   3.488000035285950E-001
   9.043999910354614E-001
        1.826300024986267
        1.990599989891052
   9.261000156402588E-001
        1.075999975204468
   9.990000128746033E-001
  -1.809999942779541E-001
   5.072000026702881E-001
  -1.604000031948090E-001
  -7.134000062942505E-001
  -1.427000015974045E-001
  -2.998000085353851E-001
  -2.082999944686890E-001
  -5.460000038146973E-001
  -3.048999905586243E-001
   5.909999832510948E-002
   6.445000171661377E-001
  -1.023999974131584E-001
   1.645999997854233E-001
   5.566999912261963E-001
  -3.185999989509583E-001
  -3.113000094890595E-001
       -1.072299957275391
  -8.589000105857849E-001
  -1.231999993324280E-001
   1.889999955892563E-001
   5.656999945640564E-001
   4.785999953746796E-001
  -2.319000065326691E-001
  -8.838000297546387E-001
  -9.146000146865845E-001
  -3.718999922275543E-001
       -1.191300034523010
  -7.648000121116638E-001
   1.769999973475933E-002
  -1.542000025510788E-001
   5.141000151634216E-001
        2.156500101089478
        1.863399982452393
   7.598000168800354E-001
   4.255000054836273E-001
   3.059000074863434E-001
   4.984999895095825E-001
        1.673599958419800
        1.217900037765503
   7.265999913215637E-001
        2.022200107574463
        2.299799919128418
        2.134599924087524
        1.648800015449524
        1.389600038528442
        1.815000057220459
        1.449100017547607
   8.021000027656555E-001
        1.478399991989136
   8.992000222206116E-001
        1.082499980926514
   5.871999859809876E-001
   3.003000020980835E-001
   2.138999998569489E-001
        1.687199950218201
        2.651000022888184
        2.724600076675415
        1.638000011444092
   5.544000267982483E-001
   4.532000124454498E-001
   2.799000144004822E-001
   6.098999977111816E-001
  -7.098000049591065E-001
   2.863999903202057E-001
   6.651999950408936E-001
   7.850000262260437E-001
   4.991999864578247E-001
  -5.328000187873840E-001
  -3.607999980449677E-001
   3.865000009536743E-001
  -1.764000058174133E-001
  -4.010000079870224E-002
   2.820000052452087E-001
  -4.711000025272369E-001
  -6.087999939918518E-001
   9.660000354051590E-002
  -4.763999879360199E-001
   1.942999958992004E-001
   3.912999927997589E-001
        1.074000000953674
   8.033999800682068E-001
   5.260000228881836E-001
  -3.084000051021576E-001
       -1.089599967002869
  -5.496000051498413E-001
  -2.275000065565109E-001
  -5.234000086784363E-001
  -4.483999907970429E-001
  -6.189000010490418E-001
   1.000000014901161E-001
   3.995000123977661E-001
        1.408200025558472
        1.384400010108948
        1.693199992179871
        1.324900031089783
   3.443999886512756E-001
        1.187000036239624
        1.547799944877625
        1.672000050544739
        1.265699982643127
        1.964800000190735
        2.244699954986572
   9.545999765396118E-001
        1.957999944686890
        1.507799983024597
        1.373600006103516
   8.277999758720398E-001
   3.598000109195709E-001
   7.943999767303467E-001
   6.049000024795532E-001
        1.138299942016602
   2.843999862670898E-001
  -7.930000126361847E-002
   9.832000136375427E-001
        1.526600003242493
        1.595999956130981
        2.857300043106079
        1.806300044059753
        1.201400041580200
        1.175600051879883
   1.448000073432922E-001
   7.304000258445740E-001
   5.616000294685364E-001
        1.614300012588501
   7.283999919891357E-001
   7.516000270843506E-001
   9.279999881982803E-002
   5.050000175833702E-002
  -5.929999947547913E-001
  -7.075999975204468E-001
  -7.888000011444092E-001
  -3.154000043869019E-001
  -5.672000050544739E-001
   1.636999994516373E-001
   5.533999800682068E-001
   3.519999980926514E-001
   8.120000362396240E-002
   1.651999950408936E-001
   7.971000075340271E-001
        1.521199941635132
        1.254500031471252
   6.503999829292297E-001
   2.994999885559082E-001
  -8.210999965667725E-001
       -1.653699994087219
  -4.663999974727631E-001
   2.250000089406967E-002
  -4.580999910831451E-001
  -2.298000007867813E-001
   2.078000009059906E-001
   4.280999898910523E-001
        1.488299965858460
        1.273900032043457
        1.200000047683716
        1.470800042152405
        1.389899969100952
        1.494199991226196
   8.120999932289124E-001
   7.588999867439270E-001
   7.091000080108643E-001
        1.129600048065186
        1.258299946784973
        1.794299960136414
        1.759999990463257
   6.826999783515930E-001
   9.151999950408936E-001
  -1.115000024437904E-001
        1.366999983787537
   6.661000251770020E-001
   4.560999870300293E-001
   2.099999925121665E-003
  -5.314000248908997E-001
   1.939000040292740E-001
   8.910999894142151E-001
        1.504999995231628
        2.298000097274780
        2.302000045776367
        1.747400045394898
        1.371099948883057
        1.303599953651428
        1.150699973106384
   8.309000134468079E-001
        1.159399986267090
   4.589000046253204E-001
   5.157999992370606E-001
   6.230999827384949E-001
   2.991999983787537E-001
   1.278000026941299E-001
  -3.093999922275543E-001
   1.174999997019768E-001
  -3.334999978542328E-001
   1.348000019788742E-001
   8.569999784231186E-002
   3.999999898951501E-004
  -7.745000123977661E-001
   4.084999859333038E-001
   3.100999891757965E-001
  -2.714999914169312E-001
        1.003000020980835
        1.493899941444397
        1.111199975013733
   4.846999943256378E-001
  -6.350000202655792E-002
  -7.103999853134155E-001
       -1.339499950408936
  -4.275000095367432E-001
  -1.762000024318695E-001
   4.792999923229218E-001
  -1.736000031232834E-001
  -1.999999949475750E-004
        1.381899952888489
        1.175300002098084
        1.588299989700317
        1.352399945259094
        1.841899991035461
        1.912400007247925
        1.536499977111816
   9.253000020980835E-001
   4.451999962329865E-001
   6.266000270843506E-001
   4.368999898433685E-001
   3.299999982118607E-002
   5.440999865531921E-001
        1.607300043106079
   7.333999872207642E-001
        1.787099957466126
   4.277999997138977E-001
  -7.169999927282333E-002
   4.780000075697899E-002
   2.999999932944775E-002
  -2.302999943494797E-001
   7.917000055313110E-001
   2.781000137329102E-001
   9.143000245094299E-001
   5.733000040054321E-001
        1.154399991035461
        1.439800024032593
        1.564000010490418
        1.228000044822693
        1.513700008392334
   7.605000138282776E-001
   2.060000002384186E-001
   3.495000004768372E-001
   6.126000285148621E-001
   8.730000257492065E-001
   3.018999993801117E-001
   1.322000026702881E-001
  -4.439999908208847E-002
  -4.982999861240387E-001
       -1.087700009346008
  -9.983000159263611E-001
  -8.816999793052673E-001
  -2.746999859809876E-001
   5.145000219345093E-001
   4.675000011920929E-001
   3.472999930381775E-001
  -4.086999893188477E-001
  -4.147999882698059E-001
  -3.538999855518341E-001
   6.280999779701233E-001
   2.108999937772751E-001
  -3.009999915957451E-002
  -2.743999958038330E-001
  -1.769999973475933E-002
   3.402999937534332E-001
  -1.508000046014786E-001
   3.348999917507172E-001
   9.337000250816345E-001
  -1.884000003337860E-001
   5.203999876976013E-001
        1.011999964714050
        1.943600058555603
        1.649199962615967
        1.700099945068359
        1.181900024414063
   9.302999973297119E-001
   9.466000199317932E-001
   5.134999752044678E-001
   7.728999853134155E-001
   7.664999961853027E-001
        1.297099947929382
   2.150000073015690E-002
  -2.274000048637390E-001
  -7.389999926090241E-002
        1.131399989128113
        1.790099978446960
        1.033400058746338
  -3.343000113964081E-001
   1.163000017404556E-001
  -6.078000068664551E-001
  -1.743000000715256E-001
   2.723000049591065E-001
        1.207399964332581
        1.454499959945679
   8.977000117301941E-001
        1.275300025939941
        1.260699987411499
        1.382200002670288
        1.532999992370606
        1.628999948501587
        1.444599986076355
   7.199999690055847E-002
   7.725999951362610E-001
        1.065500020980835
   9.593999981880188E-001
        1.016399979591370
   8.970999717712402E-001
   9.761000275611877E-001
   3.037999868392944E-001
       -1.116400003433228
       -1.316400051116943
       -1.185099959373474
   5.128999948501587E-001
  -3.500000014901161E-002
   2.522999942302704E-001
   2.999999932944775E-002
  -1.048000007867813E-001
  -4.505000114440918E-001
  -6.711999773979187E-001
       -1.024899959564209
   3.480000048875809E-002
  -3.309000134468079E-001
  -8.118000030517578E-001
  -1.730000041425228E-002
   3.700999915599823E-001
   6.988000273704529E-001
   9.521999955177307E-001
   5.665000081062317E-001
   8.916000127792358E-001
   5.856000185012817E-001
        1.350800037384033
        1.232100009918213
   6.547999978065491E-001
        1.185799956321716
        1.234699964523315
        1.322999954223633
        1.500800013542175
        1.144000053405762
        1.453799962997437
  -1.439999975264072E-002
   8.669000267982483E-001
  -1.803999990224838E-001
  -7.010000199079514E-002
   1.419000029563904E-001
   9.376000165939331E-001
   1.488000005483627E-001
  -2.172999978065491E-001
   6.230000033974648E-002
   3.312999904155731E-001
  -1.090000011026859E-002
   3.519000113010407E-001
   4.171999990940094E-001
   9.879999756813049E-001
        1.818899989128113
        1.799399971961975
        1.365800023078919
   8.755000233650208E-001
        1.021600008010864
        1.088199973106384
        1.828199982643127
        1.431599974632263
        1.056100010871887
        1.003100037574768
        2.011699914932251
        2.313999891281128
        2.255599975585938
        1.776299953460693
   9.505000114440918E-001
   2.869999967515469E-002
  -8.317999839782715E-001
  -6.692000031471252E-001
  -7.300000190734863E-001
  -2.431000024080277E-001
   1.553999930620194E-001
  -1.454000025987625E-001
  -2.662999927997589E-001
  -2.662000060081482E-001
   3.438000082969666E-001
  -2.230000048875809E-001
  -1.428000032901764E-001
  -8.100000210106373E-003
  -8.991000056266785E-001
       -1.128100037574768
       -1.199900031089783
  -1.093999966979027E-001
        1.363700032234192
   3.068000078201294E-001
  -6.780000030994415E-002
   1.005000025033951E-001
   9.542999863624573E-001
   1.341000050306320E-001
        1.624500036239624
        1.118899941444397
   9.979000091552734E-001
   7.616999745368958E-001
        1.160500049591065
        1.512099981307983
   9.704999923706055E-001
   9.060000181198120E-001
   8.852000236511231E-001
        1.156299948692322
   4.758999943733215E-001
  -2.022999972105026E-001
  -2.067999988794327E-001
  -5.120999813079834E-001
  -5.884000062942505E-001
       -1.341799974441528
  -6.121000051498413E-001
   3.057999908924103E-001
   2.069000005722046E-001
   9.398999810218811E-001
  -1.079000011086464E-001
   1.784999966621399E-001
   8.036999702453613E-001
        1.929299950599670
        1.533499956130981
        1.075500011444092
   9.592999815940857E-001
   9.585000276565552E-001
        1.689800024032593
        1.771100044250488
        1.264000058174133
        1.674499988555908
        1.720700025558472
        2.223400115966797
        1.937399983406067
        1.286100029945374
        1.375499963760376
  -2.513000071048737E-001
  -8.744000196456909E-001
  -2.193000018596649E-001
   9.899999946355820E-003
   9.836999773979187E-001
   8.626999855041504E-001
   4.298000037670136E-001
  -6.620000302791596E-002
   4.158000051975250E-001
   3.955000042915344E-001
  -2.442999929189682E-001
  -7.519999891519547E-002
   1.023000031709671E-001
       -1.211799979209900
  -1.467999964952469E-001
  -1.850000023841858E-001
   4.390999972820282E-001
   2.897000014781952E-001
   3.916999995708466E-001
   3.513999879360199E-001
   8.920999765396118E-001
        1.394199967384338
   8.650000095367432E-001
        1.438699960708618
        1.036399960517883
        1.261999964714050
   8.001999855041504E-001
        1.327600002288818
        1.512699961662293
   5.774000287055969E-001
   3.623000085353851E-001
        1.294399976730347
   7.311999797821045E-001
        1.185600042343140
   4.846999943256378E-001
  -2.356999963521957E-001
       -1.036000013351440
       -1.014400005340576
       -1.811599969863892
       -2.068399906158447
   1.225999966263771E-001
  -6.546000242233276E-001
   7.488999962806702E-001
   3.093000054359436E-001
   5.802999734878540E-001
   2.424000054597855E-001
   9.326000213623047E-001
        1.069499969482422
   7.716000080108643E-001
        1.158800005912781
   5.282999873161316E-001
   6.942999958992004E-001
        1.455000042915344
        1.275599956512451
        1.508100032806397
        1.392799973487854
        1.332700014114380
        1.633200049400330
        1.635400056838989
        1.360100030899048
   7.289000153541565E-001
   9.730000048875809E-002
  -7.545999884605408E-001
   2.298000007867813E-001
   7.795000076293945E-001
        1.390699982643127
   3.104999959468842E-001
   4.445999860763550E-001
   6.583999991416931E-001
   2.998999953269959E-001
   5.515000224113464E-001
   2.465000003576279E-001
  -1.359000056982040E-001
       -1.022400021553040
  -8.094999790191650E-001
  -7.479999959468842E-002
  -8.669999986886978E-002
   3.837999999523163E-001
   3.294000029563904E-001
        1.633599996566773
        2.026299953460693
        2.127099990844727
        2.131299972534180
        2.675499916076660
        2.264499902725220
        1.843199968338013
        1.404999971389771
        1.952399969100952
        1.547600030899048
   3.594999909400940E-001
   3.623999953269959E-001
   3.289000093936920E-001
   3.546999990940094E-001
  -1.266999989748001E-001
  -2.698000073432922E-001
  -3.433000147342682E-001
  -5.562999844551086E-001
       -1.417999982833862
       -2.046499967575073
       -1.189800024032593
   7.591000199317932E-001
  -4.526999890804291E-001
  -3.018999993801117E-001
  -4.720000028610230E-001
        1.156800031661987
   5.271000266075134E-001
   6.039999723434448E-001
   8.352000117301941E-001
        1.022600054740906
        1.199800014495850
   4.699999839067459E-002
   9.345999956130981E-001
        1.331599950790405
   7.005000114440918E-001
   7.437999844551086E-001
        1.175300002098084
        1.256899952888489
        1.090999960899353
        1.162299990653992
        1.359899997711182
   5.266000032424927E-001
       -1.117300033569336
  -9.542000293731690E-001
  -5.371000170707703E-001
   2.691999971866608E-001
   5.120000243186951E-001
   4.584999978542328E-001
  -3.424000144004822E-001
  -5.279999971389771E-001
  -2.019999921321869E-002
  -6.490000337362289E-002
       -1.056499958038330
  -4.399000108242035E-001
   2.594000101089478E-001
   1.548999994993210E-001
  -1.130999997258186E-001
   7.059000134468079E-001
  -3.688000142574310E-001
  -1.347000002861023E-001
   5.557000041007996E-001
        1.443799972534180
        1.563500046730042
        1.741199970245361
        1.406000018119812
        1.445399999618530
        1.983199954032898
        1.514500021934509
        2.112200021743774
   9.805999994277954E-001
        1.126899957656860
   3.657000064849854E-001
   3.303999900817871E-001
  -4.499000012874603E-001
  -5.056999921798706E-001
  -4.411000013351440E-001
  -7.195000052452087E-001
  -6.924999952316284E-001
  -9.516000151634216E-001
       -1.730499982833862
       -1.720000028610230
  -3.758000135421753E-001
  -8.277999758720398E-001
  -3.181000053882599E-001
  -6.116999983787537E-001
   1.824000030755997E-001
  -3.982999920845032E-001
   2.260000072419643E-002
   8.921999931335449E-001
   9.290999770164490E-001
   4.034999907016754E-001
   7.300000172108412E-003
   5.070000290870667E-001
   3.425000011920929E-001
   9.154999852180481E-001
   5.715000033378601E-001
        1.024299979209900
   5.080000162124634E-001
  -1.272999942302704E-001
        1.156000018119812
        1.186400055885315
        1.014799952507019
   1.541000008583069E-001
  -6.668999791145325E-001
  -1.915999948978424E-001
   1.792999953031540E-001
   3.914000093936920E-001
  -4.108999967575073E-001
  -7.843999862670898E-001
  -9.749999642372131E-002
   5.590000003576279E-002
  -2.763000130653381E-001
  -5.784000158309937E-001
  -4.420999884605408E-001
   5.878000259399414E-001
   2.962999939918518E-001
   5.351999998092651E-001
  -2.680000066757202E-001
  -3.844999969005585E-001
  -1.054999977350235E-001
   5.500000119209290E-001
   4.510999917984009E-001
   1.028999984264374E-001
   7.064999938011169E-001
        1.652199983596802
        1.503600001335144
        1.569800019264221
        1.386800050735474
        1.578699946403503
        1.240000009536743
   5.425999760627747E-001
  -3.664999902248383E-001
  -1.987999975681305E-001
   3.068000078201294E-001
   6.560000032186508E-002
   3.278000056743622E-001
  -1.641999930143356E-001
   9.030000120401382E-002
  -1.766999959945679E-001
       -1.027199983596802
       -1.511299967765808
  -4.713000059127808E-001
  -4.580000042915344E-001
  -2.703000009059906E-001
   1.665000021457672E-001
  -8.636000156402588E-001
   4.999999888241291E-003
   2.427999973297119E-001
   4.011999964714050E-001
   4.095000028610230E-001
   6.218000054359436E-001
   1.240999996662140E-001
   2.129999995231628E-001
   3.716000020503998E-001
  -7.880000025033951E-002
   7.369999885559082E-001
  -4.496999979019165E-001
  -2.347999960184097E-001
  -8.188999891281128E-001
   3.932000100612640E-001
        1.287199974060059
        1.058200001716614
   8.475000262260437E-001
   6.338000297546387E-001
   1.642999947071075E-001
   5.485000014305115E-001
        1.391000032424927
   1.089000031352043E-001
   1.039000004529953E-001
   2.761000096797943E-001
        1.272300004959106
   4.199000000953674E-001
  -5.289000272750855E-001
   1.106999963521957E-001
   6.000000284984708E-004
   6.675999760627747E-001
   7.897999882698059E-001
  -9.279999881982803E-002
   5.812000036239624E-001
   7.889999747276306E-001
        1.075000047683716
   3.623000085353851E-001
        1.244799971580505
   7.635999917984009E-001
   9.825000166893005E-001
        1.394999980926514
        2.473200082778931
        2.271899938583374
        2.115900039672852
        1.802199959754944
   9.793999791145325E-001
   4.287000000476837E-001
   2.567999958992004E-001
   4.659999907016754E-001
       -1.386600017547607
  -6.707000136375427E-001
  -8.019000291824341E-001
  -2.342000007629395E-001
       -1.092499971389771
  -6.324999928474426E-001
  -6.757000088691711E-001
  -4.523000121116638E-001
  -5.099999904632568E-001
  -1.027999967336655E-001
  -3.993999958038330E-001
  -8.957999944686890E-001
  -9.799000024795532E-001
  -7.524999976158142E-001
   4.271000027656555E-001
   5.580999851226807E-001
   6.247000098228455E-001
   1.372999995946884E-001
  -5.550000071525574E-002
  -2.982999980449677E-001
  -4.000000189989805E-003
  -2.099999934434891E-001
  -4.611000120639801E-001
  -6.833999752998352E-001
  -2.495999932289124E-001
   5.360999703407288E-001
   9.307000041007996E-001
        1.101699948310852
        1.209499955177307
        1.023499965667725
   5.766999721527100E-001
   9.870000183582306E-002
   4.036999940872192E-001
   4.451000094413757E-001
  -2.119999974966049E-001
   5.895000100135803E-001
        1.207000017166138
   6.521999835968018E-001
  -1.351000070571899E-001
   5.005000233650208E-001
   4.738999903202057E-001
        1.011700034141541
   6.392999887466431E-001
   6.743000149726868E-001
   5.898000001907349E-001
        1.287999987602234
        1.271600008010864
        1.406200051307678
        1.536100029945374
        1.146900057792664
        1.154999971389771
        2.351300001144409
        2.492399930953980
        1.891600012779236
        2.543699979782105
        1.416499972343445
        1.409299969673157
   1.601999998092651E-001
  -8.500000089406967E-002
  -2.743000090122223E-001
  -4.747000038623810E-001
  -6.836000084877014E-001
  -7.003999948501587E-001
  -4.241999983787537E-001
  -6.699000000953674E-001
  -1.189000010490418E-001
   2.497999966144562E-001
   1.133999973535538E-001
   1.750000007450581E-002
   2.730000019073486E-002
  -4.844999909400940E-001
  -7.293999791145325E-001
  -4.754000008106232E-001
  -5.030000209808350E-001
  -6.399999838322401E-003
  -4.122999906539917E-001
  -8.409000039100647E-001
       -1.101300001144409
   1.554999947547913E-001
       -1.213700056076050
       -1.002400040626526
  -1.174999997019768E-001
        1.173799991607666
        1.055199980735779
  -1.279999967664480E-002
   1.476999968290329E-001
   9.761000275611877E-001
   6.583999991416931E-001
   9.189000129699707E-001
   1.115000024437904E-001
   1.666000038385391E-001
  -3.420000076293945E-001
  -9.405999779701233E-001
  -2.732000052928925E-001
   1.800000071525574E-001
   7.569000124931335E-001
   7.318999767303467E-001
   4.964999854564667E-001
   2.378000020980835E-001
   5.641999840736389E-001
        1.471899986267090
   3.923000097274780E-001
   4.458999931812286E-001
   3.411000072956085E-001
   7.107999920845032E-001
   8.375999927520752E-001
        1.533699989318848
        2.359800100326538
        2.050699949264526
        1.714900016784668
        1.926399946212769
        1.782699942588806
        2.088200092315674
        2.522000074386597
        2.462800025939941
        2.108900070190430
   9.329000115394592E-001
   1.363999992609024E-001
  -4.300000071525574E-001
   9.939999878406525E-002
   1.208999976515770E-001
  -4.052999913692474E-001
  -5.882999897003174E-001
   1.939000040292740E-001
  -7.526000142097473E-001
  -2.043000012636185E-001
   1.577000021934509E-001
  -1.234000027179718E-001
   2.431000024080277E-001
   6.120000034570694E-002
       -1.609799981117249
  -7.603999972343445E-001
  -8.863000273704529E-001
       -1.249300003051758
       -1.612100005149841
  -8.230999708175659E-001
       -1.520300030708313
       -1.446900010108948
       -1.227800011634827
       -1.028300046920776
  -4.512999951839447E-001
   2.199999988079071E-003
   5.210000276565552E-001
   4.568000137805939E-001
   8.209999650716782E-002
  -5.054000020027161E-001
  -2.915999889373779E-001
   2.383999973535538E-001
   7.014999985694885E-001
   3.134000003337860E-001
  -1.222999989986420E-001
  -8.298000097274780E-001
  -4.507000148296356E-001
   1.509000062942505E-001
   3.544999957084656E-001
        1.024799942970276
   4.918999969959259E-001
   2.524000108242035E-001
   5.149999856948853E-001
   1.724999994039536E-001
   5.641999840736389E-001
   8.608999848365784E-001
   4.158000051975250E-001
        1.057500004768372
   5.537999868392944E-001
        1.417600035667419
        1.627500057220459
   8.070999979972839E-001
        1.687800049781799
        2.726999998092651
        3.024300098419190
        1.906900048255920
        2.135600090026856
        3.500000000000000
        2.548399925231934
        2.244299888610840
        1.267300009727478
        1.125599980354309
  -1.410000026226044E-002
   7.454000115394592E-001
   3.449999913573265E-002
  -5.778999924659729E-001
  -5.922999978065491E-001
  -5.073999762535095E-001
  -2.169000059366226E-001
       -1.116000056266785
  -1.363999992609024E-001
  -6.636999845504761E-001
   4.269999861717224E-001
   4.979000091552734E-001
  -3.384999930858612E-001
  -1.899999976158142E-001
  -9.018999934196472E-001
       -1.483399987220764
       -1.436499953269959
       -1.207700014114380
       -1.890200018882752
       -1.531700015068054
       -1.764400005340576
       -1.064599990844727
  -8.748000264167786E-001
   4.591000080108643E-001
  -4.833999872207642E-001
   7.888000011444092E-001
   7.171000242233276E-001
  -1.446000039577484E-001
  -4.945000112056732E-001
  -4.295000135898590E-001
   9.600000455975533E-003
  -8.209999650716782E-002
   9.560000151395798E-002
   2.357999980449677E-001
   2.154999971389771E-001
  -2.644999921321869E-001
   1.283999979496002E-001
   1.446000039577484E-001
   2.101999968290329E-001
   8.554999828338623E-001
   6.904000043869019E-001
   3.940000012516975E-002
   2.734999954700470E-001
  -2.741000056266785E-001
   3.312000036239624E-001
   9.954000115394592E-001
   8.305000066757202E-001
        1.029000043869019
        1.374899983406067
        1.195000052452087
        1.442199945449829
        2.611700057983398
        3.331899881362915
        2.596400022506714
        2.497600078582764
        2.905600070953369
        2.955699920654297
        2.709899902343750
        2.269000053405762
   5.590999722480774E-001
   1.509000062942505E-001
        1.119500041007996
        1.013200044631958
   3.390000015497208E-002
   2.052000015974045E-001
  -1.476999968290329E-001
   3.119999915361404E-002
  -5.929999947547913E-001
  -4.846000075340271E-001
  -2.736000120639801E-001
  -6.580000370740891E-002
  -3.750000000000000E-001
       -1.218299984931946
       -1.001399993896484
       -1.274199962615967
       -1.156299948692322
  -7.702999711036682E-001
  -7.423999905586243E-001
       -2.105200052261353
       -1.516800045967102
  -6.938999891281128E-001
  -7.638000249862671E-001
  -8.942000269889832E-001
   4.980000108480454E-002
   3.332999944686890E-001
   3.889999911189079E-002
  -1.710000038146973E-001
  -5.019999742507935E-001
  -1.289000064134598E-001
   6.687999963760376E-001
  -1.036999970674515E-001
   8.353000283241272E-001
   7.652000188827515E-001
   8.001000285148621E-001
   3.637999892234802E-001
   4.528000056743622E-001
   3.003000020980835E-001
   1.084000021219254E-001
   1.598999947309494E-001
  -2.020000070333481E-001
   5.447000265121460E-001
        1.030200004577637
   3.201000094413757E-001
  -8.919999748468399E-002
  -3.729999959468842E-001
  -2.522000074386597E-001
  -5.840000137686729E-002
   7.875999808311462E-001
   8.744999766349793E-001
   7.724999785423279E-001
   3.941999971866608E-001
        1.491799950599670
        2.873800039291382
        3.127300024032593
        3.240999937057495
        2.937900066375732
        2.591300010681152
        1.721099972724915
        1.865100026130676
   5.918999910354614E-001
   5.191000103950501E-001
        1.025500059127808
   9.334999918937683E-001
   6.999999750405550E-004
  -1.363999992609024E-001
  -5.379999876022339E-001
  -1.876000016927719E-001
       -1.095800042152405
  -4.228000044822693E-001
  -1.569000035524368E-001
   5.378000140190125E-001
  -3.208000063896179E-001
  -3.790000081062317E-002
       -1.774199962615967
       -2.583800077438355
       -1.909500002861023
  -6.840000152587891E-001
  -2.809000015258789E-001
       -1.701500058174133
       -1.623200058937073
       -1.445999979972839
  -6.367999911308289E-001
   4.950999915599823E-001
   1.958000063896179E-001
   6.039000153541565E-001
   5.012000203132629E-001
   5.922999978065491E-001
        1.225999951362610
  -1.018999963998795E-001
   9.936000108718872E-001
        1.227800011634827
   5.318999886512756E-001
        1.542899966239929
        1.121299982070923
        1.097599983215332
   2.978000044822693E-001
   7.599999755620956E-002
   2.858000099658966E-001
   5.892000198364258E-001
  -1.438000053167343E-001
        1.333600044250488
        1.170699954032898
   8.944000005722046E-001
   4.889000058174133E-001
   1.993000060319901E-001
   5.467000007629395E-001
       -1.167600035667419
   2.730000019073486E-002
   4.902999997138977E-001
   3.186999857425690E-001
   3.111999928951263E-001
        1.962399959564209
        2.904000043869019
        3.014699935913086
        3.294699907302856
        3.187000036239624
        1.651100039482117
        1.783400058746338
        2.427900075912476
        1.593199968338013
        1.844699978828430
   7.694000005722046E-001
   2.851999998092651E-001
   7.738999724388123E-001
  -6.280000209808350E-001
  -5.475999712944031E-001
       -1.434000015258789
       -1.715700030326843
       -1.371099948883057
   1.891999989748001E-001
   5.619000196456909E-001
   9.172000288963318E-001
  -3.289000093936920E-001
       -1.122799992561340
       -2.332099914550781
       -1.463899970054627
       -1.261199951171875
  -8.513000011444092E-001
  -9.973999857902527E-001
  -7.562000155448914E-001
  -6.595000028610230E-001
  -5.180000141263008E-002
   2.432000041007996E-001
   7.067999839782715E-001
   5.672000050544739E-001
   9.194999933242798E-001
   9.943000078201294E-001
   3.867999911308289E-001
  -1.203999966382980E-001
   7.135000228881836E-001
        1.338099956512451
   9.495999813079834E-001
        1.569499969482422
        1.461400032043457
   2.187999933958054E-001
   7.160999774932861E-001
   4.239000082015991E-001
   3.829999864101410E-001
   1.850000023841858E-001
   2.515999972820282E-001
   6.252999901771545E-001
        1.254699945449829
   9.394999742507935E-001
   3.289000093936920E-001
   2.569999992847443E-001
  -3.521000146865845E-001
  -3.040000051259995E-002
   2.915999889373779E-001
   4.264999926090241E-001
   2.786999940872192E-001
   8.891000151634216E-001
        2.465899944305420
        2.804500102996826
        3.315200090408325
        3.326600074768066
        2.345200061798096
        2.331099987030029
        2.449700117111206
        1.865800023078919
        1.635200023651123
        1.028900027275085
        1.064200043678284
   8.910000324249268E-002
  -4.792999923229218E-001
   2.331999987363815E-001
  -5.478000044822693E-001
       -1.229799985885620
       -1.092100024223328
  -6.809999942779541E-001
  -5.332000255584717E-001
  -4.311000108718872E-001
  -5.270000174641609E-002
   2.755999863147736E-001
  -5.170000195503235E-001
       -1.624899983406067
       -1.414700031280518
       -1.665400028228760
  -3.007999956607819E-001
  -1.931000053882599E-001
  -3.337999880313873E-001
       -1.045300006866455
  -7.584999799728394E-001
  -3.422000110149384E-001
   5.981000065803528E-001
   4.934999942779541E-001
  -1.851000040769577E-001
   6.607000231742859E-001
   9.711999893188477E-001
   2.786999940872192E-001
   4.401000142097473E-001
        1.262500047683716
        2.002099990844727
        2.043499946594238
        1.347800016403198
   3.228999972343445E-001
        1.135200023651123
   5.393999814987183E-001
  -3.700000001117587E-003
   2.836000025272369E-001
   1.618999987840653E-001
   5.094000101089478E-001
   8.406000137329102E-001
   9.064000248908997E-001
   5.950000286102295E-001
  -6.430000066757202E-002
  -1.495999991893768E-001
   6.491000056266785E-001
  -4.368999898433685E-001
  -4.512999951839447E-001
  -1.765999943017960E-001
        1.184900045394898
        3.105900049209595
        2.495899915695190
        3.040600061416626
        3.254899978637695
        2.261899948120117
        1.985499978065491
        1.866999983787537
        1.413900017738342
        1.115700006484985
   7.171999812126160E-001
   3.237999975681305E-001
   5.382999777793884E-001
  -1.613000035285950E-001
       -1.273800015449524
       -1.361099958419800
       -1.373700022697449
       -1.607800006866455
       -1.707499980926514
  -2.619999945163727E-001
   4.677999913692474E-001
   5.375999808311462E-001
   5.587000250816345E-001
   5.860000103712082E-002
  -4.679000079631805E-001
  -9.516000151634216E-001
       -1.607800006866455
       -1.667000055313110
       -1.765200018882752
  -9.537000060081482E-001
  -9.610000252723694E-001
  -6.875000000000000E-001
  -2.924000024795532E-001
   7.202000021934509E-001
  -1.378999948501587E-001
  -1.287000030279160E-001
  -4.479999840259552E-002
   4.323999881744385E-001
   2.739999890327454E-001
   7.220000028610230E-001
        1.004099965095520
        1.425500035285950
        1.862699985504150
        1.832900047302246
        1.048599958419800
   6.761000156402588E-001
  -1.061000004410744E-001
   1.116999983787537E-001
  -4.731000065803528E-001
  -9.380000084638596E-002
   2.076999992132187E-001
  -1.386999934911728E-001
   2.471999973058701E-001
   2.248000055551529E-001
  -1.658000051975250E-001
  -1.412999927997589E-001
  -4.149999916553497E-001
  -8.229999989271164E-002
   7.063000202178955E-001
   7.360000014305115E-001
        2.245800018310547
        2.496799945831299
        2.857000112533569
        3.324199914932251
        3.149499893188477
        1.880499958992004
        1.371299982070923
        1.811800003051758
        2.149499893188477
        1.292400002479553
        1.099599957466126
   5.266000032424927E-001
   4.462999999523163E-001
  -1.503999978303909E-001
       -1.500800013542175
       -1.707000017166138
       -1.958400011062622
       -1.219499945640564
  -9.997000098228455E-001
  -1.643999963998795E-001
   1.343999952077866E-001
   4.625999927520752E-001
   4.884000122547150E-001
        1.068500041961670
   1.606000065803528E-001
  -8.661999702453613E-001
       -2.061700105667114
       -1.362100005149841
  -9.807999730110169E-001
       -1.870100021362305
       -1.435799956321716
       -1.054499983787537
  -6.294999718666077E-001
  -8.119999766349793E-001
   4.980000108480454E-002
  -2.926999926567078E-001
  -7.925999760627747E-001
  -1.480000000447035E-002
   9.595999717712402E-001
        1.020499944686890
        1.502900004386902
        1.486099958419800
        2.491300106048584
        2.697999954223633
        2.316400051116943
        1.172600030899048
   3.251000046730042E-001
  -3.404999971389771E-001
  -7.180000096559525E-002
  -1.562999933958054E-001
  -5.049999952316284E-001
  -5.137000083923340E-001
   8.439999818801880E-002
  -1.125999987125397E-001
  -1.520000025629997E-002
   7.919999957084656E-002
   3.346000015735626E-001
   5.934000015258789E-001
        1.537299990653992
   7.960000038146973E-001
        1.684399962425232
        2.042099952697754
        1.994500041007996
        3.037600040435791
        1.654700040817261
        1.893100023269653
   6.578999757766724E-001
        1.185999989509583
   6.013000011444092E-001
        1.681300044059753
        1.303200006484985
   7.684000134468079E-001
   5.853000283241272E-001
  -2.370000034570694E-001
       -1.055799961090088
       -1.802000045776367
       -1.784399986267090
       -1.583999991416931
  -7.044000029563904E-001
  -1.429999992251396E-002
   1.260000020265579E-001
   5.917999744415283E-001
   7.131999731063843E-001
   2.829000055789948E-001
   2.917999923229218E-001
  -1.738999933004379E-001
       -1.750399947166443
       -1.378600001335144
       -1.281800031661987
       -1.641399979591370
  -9.915000200271606E-001
  -5.321999788284302E-001
  -9.588999748229981E-001
  -9.512000083923340E-001
  -7.821999788284302E-001
   3.064999878406525E-001
  -4.603999853134155E-001
   1.649000048637390E-001
        1.328199982643127
   9.689999818801880E-001
        1.225399971008301
        1.395799994468689
        2.577399969100952
        2.708400011062622
        1.715399980545044
        1.110599994659424
   3.492999970912933E-001
   1.445000022649765E-001
   6.913999915122986E-001
   4.711000025272369E-001
   3.389999866485596E-001
   2.630000114440918E-001
  -1.708000004291534E-001
   2.596000134944916E-001
        1.111500024795532
   4.781999886035919E-001
   4.156000018119812E-001
        1.130699992179871
        1.100100040435791
        1.736099958419800
        2.010999917984009
        1.442000031471252
        2.275199890136719
        2.156699895858765
        2.676399946212769
        1.253999948501587
  -2.840000092983246E-001
   2.400000020861626E-002
   3.073999881744385E-001
        1.229799985885620
   4.404000043869019E-001
  -7.569999992847443E-002
  -3.456999957561493E-001
  -8.075000047683716E-001
  -7.560999989509583E-001
       -1.237300038337708
  -8.535000085830689E-001
   3.889999911189079E-002
  -6.287000179290772E-001
  -1.887000054121018E-001
   8.353999853134155E-001
   9.193000197410584E-001
   2.140000015497208E-001
   3.890999853610992E-001
   2.449000030755997E-001
  -3.740000128746033E-001
       -1.078099966049194
       -1.258800029754639
       -1.496999979019165
       -1.045899987220764
  -6.578000187873840E-001
  -7.185000181198120E-001
       -1.041700005531311
       -1.047999978065491
   2.901000082492828E-001
   4.072000086307526E-001
   1.326999962329865E-001
        1.096899986267090
   5.058000087738037E-001
        2.045000076293945
   6.453999876976013E-001
        1.208500027656555
        1.545799970626831
        2.398999929428101
        2.157500028610230
        1.774199962615967
        1.469599962234497
   9.789000153541565E-001
   9.024000167846680E-001
   8.848999738693237E-001
   9.667000174522400E-001
        1.251500010490418
        2.072900056838989
        2.067100048065186
        1.518300056457520
        1.167099952697754
        1.628999948501587
   4.979000091552734E-001
   6.495000123977661E-001
        1.094499945640564
        1.106999993324280
        1.059499979019165
        1.989599943161011
        1.903100013732910
        3.341000080108643
        1.253100037574768
   5.487999916076660E-001
   3.041000068187714E-001
  -2.590000070631504E-002
   1.660999953746796E-001
   1.286000013351440E-001
   7.020000219345093E-001
  -4.422000050544739E-001
  -2.700000070035458E-003
       -1.219400048255920
       -1.036599993705750
  -5.918999910354614E-001
       -1.060099959373474
       -1.106799960136414
   3.555000126361847E-001
        1.174000024795532
   3.535000085830689E-001
   4.618999958038330E-001
   8.805999755859375E-001
   2.662999927997589E-001
  -5.231999754905701E-001
       -1.167299985885620
       -1.673599958419800
       -1.775099992752075
       -1.124500036239624
  -7.039999961853027E-002
  -2.223999947309494E-001
  -6.880999803543091E-001
  -6.509999930858612E-002
   4.618000090122223E-001
   5.583999752998352E-001
   3.562999963760376E-001
   2.410999983549118E-001
   4.020000100135803E-001
   9.994000196456909E-001
        1.608600020408630
        1.294499993324280
        1.906299948692322
        1.706699967384338
        1.945199966430664
        2.044800043106079
        1.859699964523315
        1.930899977684021
   9.157000184059143E-001
        1.116799950599670
        1.915599942207336
        1.436300039291382
        2.096899986267090
        1.508200049400330
        1.940700054168701
   8.180999755859375E-001
        1.143900036811829
        1.392400026321411
        1.536399960517883
   8.100000023841858E-001
   9.419999718666077E-001
   5.526000261306763E-001
        1.184700012207031
        1.375000000000000
        2.894700050354004
   4.670000076293945E-001
   8.402000069618225E-001
   1.934999972581863E-001
   4.487999975681305E-001
   5.600000172853470E-002
   5.409999936819077E-002
   3.267999887466431E-001
   8.299999870359898E-003
  -9.059999883174896E-002
  -5.170000195503235E-001
  -3.916999995708466E-001
       -1.039600014686585
       -1.394299983978272
  -4.174999892711639E-001
        1.473000049591065
   5.855000019073486E-001
        1.420500040054321
   8.716999888420105E-001
   6.559000015258789E-001
  -8.683999776840210E-001
  -8.963999748229981E-001
       -1.578999996185303
       -1.282600045204163
       -1.366899967193604
       -1.263800024986267
   1.213999986648560E-001
  -7.590000331401825E-002
  -1.573999971151352E-001
   2.594999969005585E-001
  -1.799999922513962E-002
  -1.000000014901161E-001
   7.832000255584717E-001
   3.736999928951263E-001
   5.072000026702881E-001
        1.589499950408936
        1.146000027656555
        1.942399978637695
        1.788100004196167
        1.065500020980835
        1.455899953842163
        1.706900000572205
        1.912799954414368
        1.337200045585632
        1.228999972343445
        1.454900026321411
        2.559000015258789
        2.190099954605103
        2.149899959564209
        1.680999994277954
        1.394500017166138
        1.351699948310852
   2.560999989509583E-001
        1.253600001335144
        1.603600025177002
   7.509999871253967E-001
        1.664899945259094
   9.661999940872192E-001
   7.616000175476074E-001
   6.704999804496765E-001
        1.356999993324280
   5.443999767303467E-001
        1.312899947166443
   6.546000242233276E-001
   1.462000012397766E-001
   2.732000052928925E-001
   8.647000193595886E-001
        1.292299985885620
   5.927000045776367E-001
  -1.397999972105026E-001
   3.916000127792358E-001
   2.926000058650971E-001
  -4.162999987602234E-001
  -2.057999968528748E-001
  -2.829000055789948E-001
        1.261600017547607
   7.828000187873840E-001
   6.197999715805054E-001
   7.649999856948853E-001
   6.938999891281128E-001
  -2.721000015735626E-001
       -1.172099947929382
  -1.165999993681908E-001
  -1.159000024199486E-001
       -1.000399947166443
  -5.376999974250794E-001
   6.430000066757202E-002
   8.424999713897705E-001
  -2.309999987483025E-002
  -8.032000064849854E-001
  -2.971000075340271E-001
   3.226000070571899E-001
   7.524999976158142E-001
   5.820000171661377E-001
   1.590999960899353E-001
   7.390000224113464E-001
        1.653699994087219
        1.666200041770935
        1.652199983596802
        1.211400032043457
        1.782199978828430
        1.552800059318543
        1.454399943351746
        1.846600055694580
        1.296800017356873
        1.820799946784973
        2.718199968338013
        2.174200057983398
        1.868700027465820
        1.159999966621399
   3.016999959945679E-001
   9.140999913215637E-001
   7.146999835968018E-001
   6.082999706268311E-001
   9.582999944686890E-001
   7.039999961853027E-001
        1.877300024032593
   7.641999721527100E-001
   2.113000005483627E-001
  -6.060000136494637E-002
   1.448000073432922E-001
   8.238999843597412E-001
        1.654099941253662
        1.383399963378906
   6.039999723434448E-001
   8.683000206947327E-001
        1.638000011444092
   6.488999724388123E-001
   4.449999928474426E-001
   6.676999926567078E-001
   2.390999943017960E-001
   4.431000053882599E-001
        1.095700025558472
  -1.965000033378601E-001
   2.020999938249588E-001
        1.230800032615662
        1.406800031661987
        1.126299977302551
   5.422000288963318E-001
  -2.759000062942505E-001
  -9.889999777078629E-002
       -1.045500040054321
  -3.345000147819519E-001
   3.555000126361847E-001
   4.081000089645386E-001
   2.246000021696091E-001
   5.360000133514404E-001
        1.300500035285950
   8.634999990463257E-001
   2.228000015020371E-001
  -4.323999881744385E-001
   8.611000180244446E-001
   2.060000002384186E-001
   7.490000128746033E-002
   3.054000139236450E-001
   7.536000013351440E-001
        1.199499964714050
        1.130499958992004
        1.096400022506714
   9.893000125885010E-001
   5.181999802589417E-001
        1.313099980354309
        1.989699959754944
        1.648499965667725
        1.691499948501587
        1.393800020217896
        1.630200028419495
        1.046300053596497
   8.791999816894531E-001
   5.169000029563904E-001
   9.922000169754028E-001
   9.232000112533569E-001
   4.250000119209290E-001
   1.631000041961670E-001
   1.150000020861626E-001
        1.135400056838989
        1.348399996757507
        1.274999976158142
   1.400000043213368E-002
  -1.590000092983246E-002
   5.519999861717224E-001
   7.871000170707703E-001
        1.892099976539612
   5.845000147819519E-001
   2.779000103473663E-001
        1.312600016593933
        2.189100027084351
        1.314100027084351
        1.414299964904785
   6.110000014305115E-001
   8.633999824523926E-001
   9.636999964714050E-001
   9.043999910354614E-001
        1.388000011444092
   9.038000106811523E-001
        1.367300033569336
        1.755800008773804
   4.839000105857849E-001
  -6.962000131607056E-001
  -4.479999840259552E-002
  -2.093999981880188E-001
  -3.343000113964081E-001
       -1.062600016593933
   6.646000146865845E-001
   1.033999994397163E-001
   4.810000061988831E-001
   4.429999887943268E-001
   7.820000052452087E-001
   8.403000235557556E-001
   3.089999966323376E-002
  -2.739000022411346E-001
  -4.569999873638153E-002
   1.226999983191490E-001
  -4.068000018596649E-001
  -2.813999950885773E-001
  -8.449999988079071E-002
        1.154199957847595
        1.570500016212463
        1.169199943542481
        1.449200034141541
        1.343000054359436
        1.447900056838989
        2.305500030517578
        1.202399969100952
        1.369300007820129
        1.171900033950806
        1.221500039100647
        1.182199954986572
   5.985000133514404E-001
        1.382799983024597
        1.796200037002564
        1.865300059318543
        1.067899942398071
   5.945000052452087E-001
        1.481699943542481
        1.668799996376038
        1.429800033569336
        1.114300012588501
        1.069599986076355
   4.271000027656555E-001
   7.315000295639038E-001
   9.652000069618225E-001
   8.317999839782715E-001
        1.203799962997437
   5.666999816894531E-001
  -2.642999887466431E-001
   7.049999833106995E-001
        1.691100001335144
   9.886000156402588E-001
   7.020999789237976E-001
        1.193500041961670
        1.158400058746338
        1.884600043296814
        1.746399998664856
        1.993199944496155
        1.179100036621094
   6.614999771118164E-001
  -9.474999904632568E-001
  -4.776999950408936E-001
  -5.509999990463257E-001
   1.412999927997589E-001
   6.480000168085098E-002
  -3.574000000953674E-001
   9.057999849319458E-001
  -2.989999949932098E-001
   6.830000132322311E-002
  -2.606000006198883E-001
  -1.785999983549118E-001
   4.611999988555908E-001
   9.139999747276306E-002
  -4.557000100612640E-001
  -5.457999706268311E-001
  -4.494000077247620E-001
  -1.642999947071075E-001
  -3.271999955177307E-001
  -9.810000061988831E-001
   5.970000103116036E-002
   5.947999954223633E-001
        1.234799981117249
        1.587000012397766
        1.729500055313110
   9.316999912261963E-001
        1.584300041198731
        1.389500021934509
        1.143499970436096
   4.176000058650971E-001
        1.233000040054321
   2.533999979496002E-001
  -6.445000171661377E-001
   5.139999985694885E-001
   7.509999871253967E-001
        1.233000040054321
        1.089699983596802
        2.175199985504150
        1.775699973106384
        1.907299995422363
   8.446999788284302E-001
        1.113999962806702
        1.289199948310852
        1.014799952507019
   9.926999807357788E-001
   2.378000020980835E-001
        1.108700037002564
   6.226999759674072E-001
   7.362999916076660E-001
   8.012999892234802E-001
   2.407000064849854E-001
   6.347000002861023E-001
   6.851999759674072E-001
        1.232699990272522
        1.324599981307983
        2.142800092697144
        1.941599965095520
        1.652300000190735
        1.397699952125549
        1.435199975967407
   5.985000133514404E-001
   2.078000009059906E-001
  -7.039999961853027E-001
  -3.149999976158142E-001
   1.964000016450882E-001
   2.246000021696091E-001
   7.930000126361847E-002
  -3.952000141143799E-001
  -3.691999912261963E-001
  -2.919999957084656E-001
   2.354999929666519E-001
   3.865999877452850E-001
  -4.674000144004822E-001
  -8.399999700486660E-003
  -2.917999923229218E-001
  -5.587000250816345E-001
   2.304999977350235E-001
   8.929999917745590E-002
        1.167400002479553
  -3.804000020027161E-001
       -1.639700055122376
  -4.708000123500824E-001
        1.517300009727478
   8.700000047683716E-001
        1.714300036430359
        1.823600053787231
        2.406500101089478
        1.650699973106384
        1.304800033569336
        1.163699984550476
        1.099200010299683
   5.055999755859375E-001
   8.018000125885010E-001
   1.952999979257584E-001
   7.924000024795532E-001
        1.860299944877625
        1.979599952697754
        2.241499900817871
        1.882799983024597
        2.415600061416626
        2.676500082015991
        2.260799884796143
   9.294000267982483E-001
        1.612800002098084
        1.363600015640259
        1.358800053596497
        1.628200054168701
        1.011700034141541
   8.751999735832214E-001
   9.908000230789185E-001
   4.147000014781952E-001
  -1.554999947547913E-001
   8.324000239372253E-001
   7.526999711990356E-001
        1.659199953079224
        2.177900075912476
        2.912499904632568
        1.705299973487854
        1.697299957275391
   7.724000215530396E-001
   6.093999743461609E-001
   7.361000180244446E-001
   4.736999869346619E-001
  -3.089999854564667E-001
  -5.444999933242798E-001
   4.972000122070313E-001
   2.644000053405762E-001
  -3.465000092983246E-001
   3.635999858379364E-001
  -1.880999952554703E-001
   4.199999943375588E-002
  -7.408999800682068E-001
  -2.312999963760376E-001
  -5.273000001907349E-001
  -4.286000132560730E-001
   8.510000258684158E-002
  -6.834999918937683E-001
   8.219999819993973E-002
   1.453000009059906E-001
  -8.456000089645386E-001
       -1.299800038337708
   2.229000031948090E-001
   4.672000110149384E-001
   8.719000220298767E-001
   7.123000025749207E-001
        1.873000025749207
        3.083800077438355
        2.286400079727173
        1.125900030136108
        1.709200024604797
   6.320000290870667E-001
   3.233999907970429E-001
   4.225000143051148E-001
   5.601999759674072E-001
   4.372000098228455E-001
        1.014000058174133
        1.215999960899353
        1.149999976158142
        2.062700033187866
        1.950199961662293
        1.939499974250794
        2.032200098037720
        2.244899988174439
        2.014199972152710
        1.107599973678589
        1.373100042343140
        1.046300053596497
        1.669100046157837
        1.440299987792969
        1.275699973106384
        1.689599990844727
        1.013299942016602
        1.537099957466126
        1.908699989318848
   8.783000111579895E-001
        1.469599962234497
        2.096499919891357
        2.387599945068359
        1.981099963188171
  -1.233000010251999E-001
  -2.166000008583069E-001
   5.964000225067139E-001
   7.943000197410584E-001
  -5.390999913215637E-001
  -1.329999975860119E-002
        1.079200029373169
   5.422000288963318E-001
   3.531999886035919E-001
  -1.412000060081482E-001
  -7.736999988555908E-001
  -1.173999980092049E-001
  -4.684000015258789E-001
  -8.968999981880188E-001
  -9.577000141143799E-001
       -1.213899970054627
  -8.781999945640564E-001
  -3.454000055789948E-001
  -7.670000195503235E-001
  -6.284000277519226E-001
  -7.592999935150147E-001
       -1.096500039100647
   3.716999888420105E-001
   6.184999942779541E-001
        1.711199998855591
   6.858000159263611E-001
        1.823500037193298
        2.235899925231934
        2.031100034713745
        1.044499993324280
        1.705800056457520
   9.948999881744385E-001
   5.177999734878540E-001
   7.200999855995178E-001
   7.501000165939331E-001
   2.173999994993210E-001
   1.465000063180924E-001
   6.840000152587891E-001
   6.219999790191650E-001
        1.803500056266785
        2.615000009536743
        2.014199972152710
        2.629899978637695
        1.996999979019165
        1.288200020790100
        1.665799975395203
        1.075399994850159
   5.756999850273132E-001
   8.368999958038330E-001
        1.353299975395203
   8.360000252723694E-001
        1.036200046539307
   3.485000133514404E-001
        1.293900012969971
        1.466799974441528
        1.642199993133545
        1.015100002288818
        1.065400004386902
        1.647699952125549
        1.947299957275391
   5.958999991416931E-001
   1.176000013947487E-001
  -1.028999984264374E-001
   8.673999905586243E-001
   8.000000379979610E-003
   2.745999991893768E-001
   7.692000269889832E-001
        1.201699972152710
   7.595000267028809E-001
  -6.079999804496765E-001
  -1.718000024557114E-001
  -3.079000115394592E-001
  -4.232999980449677E-001
   1.859000027179718E-001
  -2.185000032186508E-001
       -1.427899956703186
  -1.684000045061112E-001
  -6.840000301599503E-002
  -1.768999993801117E-001
  -2.304999977350235E-001
  -1.557999998331070E-001
  -5.680999755859375E-001
   1.569000035524368E-001
   6.958000063896179E-001
   4.478999972343445E-001
  -8.429999649524689E-002
   6.632000207901001E-001
        1.221600055694580
        1.770400047302246
        1.860100030899048
        2.255399942398071
        1.712900042533875
  -2.651999890804291E-001
  -4.632000029087067E-001
   3.596000075340271E-001
  -7.993000149726868E-001
       -1.106199979782105
   2.477999925613403E-001
        1.438500046730042
   9.092000126838684E-001
        1.359099984169006
        1.436200022697449
        2.142499923706055
        1.678599953651428
        1.763900041580200
        1.702700018882752
   7.519000172615051E-001
   1.562000066041946E-001
   6.590999960899353E-001
   6.241000294685364E-001
   7.379000186920166E-001
   7.044000029563904E-001
   4.607000052928925E-001
   5.480999946594238E-001
   4.456000030040741E-001
   6.506999731063843E-001
   5.940999984741211E-001
   5.060999989509583E-001
        1.645900011062622
        1.551699995994568
  -7.859999686479569E-002
  -5.169999971985817E-002
   2.019000053405762E-001
   3.517000079154968E-001
   7.574999928474426E-001
   1.254999935626984E-001
   6.647999882698059E-001
   7.612000107765198E-001
        1.097300052642822
   2.129999995231628E-001
  -3.145000040531158E-001
   2.083999961614609E-001
  -6.965000033378601E-001
  -6.945999860763550E-001
  -9.312000274658203E-001
       -1.243899941444397
  -5.095999836921692E-001
  -7.300000172108412E-003
  -5.533000230789185E-001
  -6.980999708175659E-001
   5.920000076293945E-001
   4.189000129699707E-001
   9.632999897003174E-001
   8.112999796867371E-001
  -4.796000123023987E-001
   2.689999938011169E-001
   6.651999950408936E-001
   8.388000130653381E-001
        1.464100003242493
   9.664999842643738E-001
   9.214000105857849E-001
   7.942000031471252E-001
  -3.971000015735626E-001
   3.181000053882599E-001
  -2.442999929189682E-001
  -1.512999981641769E-001
  -2.700000107288361E-001
   1.792999953031540E-001
   5.534999966621399E-001
        1.296399950981140
        1.377900004386902
        1.018100023269653
        1.368299961090088
   9.129999876022339E-001
        1.144299983978272
   4.812999963760376E-001
   7.473000288009644E-001
   1.315000057220459E-001
   6.168000102043152E-001
   7.871999740600586E-001
   6.342999935150147E-001
   8.610000014305115E-001
   4.492999911308289E-001
   4.549999907612801E-002
   4.711000025272369E-001
   1.337999999523163E-001
   4.517000019550324E-001
        1.069499969482422
        1.686699986457825
   9.794999957084656E-001
   5.436000227928162E-001
   3.583999872207642E-001
   8.115000128746033E-001
        1.325600028038025
        1.068699955940247
   6.039000153541565E-001
   3.397000133991242E-001
   7.584000229835510E-001
        1.077700018882752
   8.134999871253967E-001
  -3.355000019073486E-001
  -3.652999997138977E-001
   7.181000113487244E-001
  -8.120000362396240E-002
  -4.135999977588654E-001
   2.249000072479248E-001
  -2.978999912738800E-001
  -1.206000000238419E-001
  -1.832000017166138E-001
  -3.720000013709068E-002
   8.550000190734863E-001
   5.394999980926514E-001
   8.170999884605408E-001
        1.153900027275085
   6.603000164031982E-001
   5.861999988555908E-001
   1.500000059604645E-001
   5.794000029563904E-001
   7.419999837875366E-001
   8.917999863624573E-001
   7.692999839782715E-001
   7.500000298023224E-002
   5.009999871253967E-001
   5.296000242233276E-001
  -1.168999969959259E-001
   8.241999745368958E-001
   7.322000265121460E-001
   8.079000115394592E-001
   9.603999853134155E-001
        1.338199973106384
   6.348000168800354E-001
   8.894000053405762E-001
        1.345900058746338
   8.528000116348267E-001
        1.376600027084351
   8.628000020980835E-001
   3.901999890804291E-001
   7.136999964714050E-001
   6.327999830245972E-001
   5.802999734878540E-001
   2.161000072956085E-001
   1.978999972343445E-001
  -2.637000083923340E-001
  -3.431999981403351E-001
   1.958999931812286E-001
   5.195000171661377E-001
   5.530000105500221E-002
   3.480000048875809E-002
        1.700399994850159
        1.828099966049194
        1.215800046920776
   6.140999794006348E-001
   6.419000029563904E-001
        1.394199967384338
        1.620000004768372
   5.128999948501587E-001
   1.825000047683716E-001
        1.099499940872192
        1.308599948883057
   8.895999789237976E-001
  -3.260000050067902E-002
  -7.997000217437744E-001
  -2.248000055551529E-001
   1.621000021696091E-001
   4.072000086307526E-001
   1.020999997854233E-001
  -2.840000092983246E-001
   1.499999966472387E-002
  -1.564999967813492E-001
   6.317999958992004E-001
   6.420999765396118E-001
  -6.089999899268150E-002
   6.132000088691711E-001
   8.051000237464905E-001
   4.070000052452087E-001
   2.466000020503998E-001
   3.709999844431877E-002
   2.075999975204468E-001
   3.989000022411346E-001
        1.164999961853027
   8.513000011444092E-001
  -7.214000225067139E-001
  -1.679999977350235E-001
  -3.835999965667725E-001
   4.041999876499176E-001
   9.133999943733215E-001
   9.272999763488770E-001
        1.826900005340576
        1.560199975967407
   5.988000035285950E-001
  -3.481000065803528E-001
  -4.311000108718872E-001
   3.388000130653381E-001
        1.010699987411499
   9.196000099182129E-001
   5.214999914169312E-001
   7.293999791145325E-001
   2.921000123023987E-001
   7.332000136375427E-001
  -2.363000065088272E-001
  -2.076999992132187E-001
  -6.726999878883362E-001
  -8.812999725341797E-001
  -5.636000037193298E-001
   2.187999933958054E-001
  -1.511999964714050E-001
  -5.261999964714050E-001
  -2.511000037193298E-001
   8.127999901771545E-001
   9.441999793052673E-001
   5.936999917030335E-001
        1.273200035095215
        1.490000009536743
   8.119999766349793E-001
   9.733999967575073E-001
   4.587999880313873E-001
   4.027999937534332E-001
        1.225200057029724
        1.367300033569336
        1.448099970817566
  -2.205999940633774E-001
       -1.404000043869019
       -1.151399970054627
  -3.688000142574310E-001
   5.120999813079834E-001
  -1.473000049591065E-001
  -1.453000009059906E-001
  -6.721000075340271E-001
  -2.345000058412552E-001
   1.273999959230423E-001
   6.263999938964844E-001
   6.549999862909317E-002
   4.889999926090241E-001
  -1.712999939918518E-001
  -1.761000007390976E-001
  -2.545000016689301E-001
  -4.072999954223633E-001
   1.740999966859818E-001
   4.792000055313110E-001
   3.188999891281128E-001
  -1.378999948501587E-001
   1.070000045001507E-002
  -8.058999776840210E-001
   3.619999885559082E-001
   7.300000190734863E-001
        1.391100049018860
        1.939900040626526
        1.892899990081787
        1.542199969291687
   1.020000036805868E-002
  -4.684000015258789E-001
       -1.838099956512451
  -8.108000159263611E-001
  -7.700999975204468E-001
   1.541000008583069E-001
   2.720000147819519E-001
   9.573000073432922E-001
   3.296999931335449E-001
        1.009600043296814
   5.774999856948853E-001
   1.242000013589859E-001
  -3.080999851226807E-001
  -8.939999938011169E-001
  -7.131999731063843E-001
  -3.382000029087067E-001
   6.909999996423721E-002
   7.857999801635742E-001
  -7.199999876320362E-003
   3.027999997138977E-001
   3.569999933242798E-001
   8.385999798774719E-001
        1.911299943923950
        2.005800008773804
        1.408499956130981
        1.092499971389771
   3.628000020980835E-001
   8.263000249862671E-001
        1.018399953842163
   9.060000181198120E-001
   7.315000295639038E-001
  -5.303999781608582E-001
  -8.155999779701233E-001
       -1.694599986076355
  -4.352000057697296E-001
  -2.730000019073486E-002
   1.268000006675720E-001
  -1.180000007152557E-001
  -3.131999969482422E-001
  -5.087000131607056E-001
   3.950999975204468E-001
   2.547000050544739E-001
  -2.687000036239624E-001
  -2.193000018596649E-001
   3.720999956130981E-001
  -1.527999937534332E-001
   3.134000003337860E-001
   2.885999977588654E-001
   5.371000170707703E-001
   8.850000053644180E-002
   6.794999837875366E-001
   3.327000141143799E-001
   7.710000127553940E-002
  -2.003999948501587E-001
  -2.167000025510788E-001
   2.845999896526337E-001
   4.444999992847443E-001
   7.609000205993652E-001
        1.158800005912781
        1.272500038146973
   6.050999760627747E-001
  -4.758000075817108E-001
  -6.647999882698059E-001
       -1.186699986457825
  -8.361999988555908E-001
   5.290000140666962E-002
   7.655000090599060E-001
   6.917999982833862E-001
   6.317999958992004E-001
   4.796000123023987E-001
   4.363999962806702E-001
        1.315000057220459
   5.871000289916992E-001
  -1.092000007629395E-001
  -5.953999757766724E-001
  -8.633999824523926E-001
  -6.394000053405762E-001
  -5.508999824523926E-001
  -1.310000009834766E-002
  -6.769999861717224E-001
  -5.390999913215637E-001
   2.615999877452850E-001
   6.118999719619751E-001
        1.671900033950806
   7.225999832153320E-001
   7.014999985694885E-001
   4.322000145912170E-001
   5.449000000953674E-001
        1.069499969482422
        1.324399948120117
   5.486999750137329E-001
  -7.164999842643738E-001
  -9.243000149726868E-001
       -1.327700018882752
  -5.038999915122986E-001
  -4.074999988079071E-001
  -2.510000020265579E-002
   3.154000043869019E-001
  -5.816000103950501E-001
   9.619999676942825E-002
   6.689999997615814E-002
  -3.379000127315521E-001
   1.552000045776367E-001
  -4.329999908804894E-002
   7.533000111579895E-001
   5.533999800682068E-001
   5.846999883651733E-001
   2.082999944686890E-001
   3.319999873638153E-001
   8.047000169754028E-001
   3.578999936580658E-001
  -7.000000216066837E-003
  -4.846999943256378E-001
  -3.325000107288361E-001
  -4.999999888241291E-003
  -1.221999973058701E-001
   1.247999966144562E-001
   5.615000128746033E-001
        1.629999995231628
        1.194200038909912
   3.828999996185303E-001
  -7.577000260353088E-001
  -3.086999952793121E-001
  -5.307999849319458E-001
  -8.973000049591065E-001
   2.245000004768372E-001
   9.351000189781189E-001
  -2.950000017881393E-002
  -6.310999989509583E-001
  -5.669999867677689E-002
   4.451999962329865E-001
  -1.154000014066696E-001
   5.497000217437744E-001
   3.736000061035156E-001
       -1.175300002098084
       -1.582800030708313
  -9.708999991416931E-001
       -1.796300053596497
       -1.803799986839294
       -1.003900051116943
  -7.081999778747559E-001
   4.652000069618225E-001
        1.190000057220459
        1.152899980545044
   8.489000201225281E-001
        1.463000059127808
        1.356500029563904
   7.450000047683716E-001
        1.765300035476685
        2.097500085830689
        1.654899954795837
   7.324000000953674E-001
   1.340000033378601E-001
  -5.819000005722046E-001
   7.299999892711639E-002
   4.230000078678131E-001
   7.220000028610230E-001
   4.850000143051148E-002
  -1.875000000000000E-001
  -7.231000065803528E-001
  -6.331999897956848E-001
   6.889999657869339E-002
  -7.308999896049500E-001
  -3.801000118255615E-001
   1.415999978780747E-001
  -4.415000081062317E-001
   3.560999929904938E-001
  -1.215000003576279E-001
   3.413000106811523E-001
   3.073000013828278E-001
   5.404000282287598E-001
   7.150999903678894E-001
   5.302000045776367E-001
   7.220000028610230E-002
  -2.723000049591065E-001
  -5.307999849319458E-001
   1.959999948740006E-001
   9.939999878406525E-002
   6.675000190734863E-001
   4.749999940395355E-002
  -2.303999960422516E-001
  -1.562000066041946E-001
  -4.275000095367432E-001
  -9.516999721527100E-001
  -8.770999908447266E-001
   1.846999973058701E-001
   8.676000237464905E-001
  -4.717000126838684E-001
  -5.760999917984009E-001
       -1.120900034904480
  -3.957999944686890E-001
   8.609999716281891E-002
   4.744000136852264E-001
  -4.975000023841858E-001
  -2.610999941825867E-001
       -1.136600017547607
  -3.948999941349030E-001
       -1.299999952316284
       -1.179200053215027
  -1.615000069141388E-001
       -1.175699949264526
        1.875800013542175
   7.089999914169312E-001
        1.397099971771240
        1.738899946212769
        1.696499943733215
        1.536100029945374
        1.876199960708618
        1.519099950790405
        1.776399970054627
        1.783499956130981
   7.688999772071838E-001
   4.178999960422516E-001
   9.077000021934509E-001
        1.088000059127808
   3.215999901294708E-001
   7.696999907493591E-001
        1.309499979019165
  -1.080000028014183E-002
  -1.177000030875206E-001
  -2.655000090599060E-001
       -1.029099941253662
  -4.787999987602234E-001
  -1.296000033617020E-001
   6.281999945640564E-001
   8.126000165939331E-001
   3.370999991893768E-001
   6.556000113487244E-001
        1.308699965476990
   6.725000143051148E-001
        1.156200051307678
        1.524700045585632
        1.457100033760071
   6.207000017166138E-001
   5.286999940872192E-001
   5.180000141263008E-002
  -3.005999922752380E-001
   7.002999782562256E-001
  -1.823000013828278E-001
  -8.640000224113464E-002
   4.109999909996986E-002
  -2.671000063419342E-001
  -3.348000049591065E-001
  -6.219000220298767E-001
  -7.096999883651733E-001
   8.925999999046326E-001
        1.324900031089783
   9.019999951124191E-002
       -1.063699960708618
  -6.326000094413757E-001
  -4.970000088214874E-001
   2.736999988555908E-001
  -4.100000020116568E-003
  -4.077999889850617E-001
  -1.598999947309494E-001
  -8.070000261068344E-002
       -1.182399988174439
  -5.347999930381775E-001
       -1.241099953651428
  -9.800000190734863E-001
  -9.520000219345093E-001
        2.068900108337402
        1.259799957275391
        1.208999991416931
   8.762000203132629E-001
   7.950999736785889E-001
        1.021700024604797
        1.113600015640259
        1.403800010681152
        1.409199953079224
        1.605800032615662
        1.559900045394898
        1.168300032615662
        1.029700040817261
        1.167899966239929
   5.958999991416931E-001
   8.731999993324280E-001
        1.050500035285950
        1.260100007057190
   9.965999722480774E-001
   6.579999923706055E-001
  -1.369999945163727E-001
  -1.976000070571899E-001
  -4.481999874114990E-001
   3.179000020027161E-001
  -3.940000012516975E-002
        1.090299963951111
        1.442899942398071
   6.234999895095825E-001
   7.182999849319458E-001
   1.162000000476837E-001
   2.114000022411346E-001
        1.346300005912781
   9.954000115394592E-001
   5.957000255584717E-001
  -5.200000014156103E-003
  -5.174999833106995E-001
  -4.043999910354614E-001
  -2.563999891281128E-001
   7.555000185966492E-001
        1.210399985313416
   7.763000130653381E-001
   8.840000033378601E-001
   1.228000000119209E-001
   6.693000197410584E-001
   2.775999903678894E-001
   6.000000238418579E-001
   8.434000015258789E-001
  -2.619000077247620E-001
  -7.896999716758728E-001
  -5.586000084877014E-001
  -5.544000267982483E-001
  -3.037000000476837E-001
   3.492999970912933E-001
  -9.589999914169312E-001
  -8.004999756813049E-001
  -2.937999963760376E-001
  -5.832999944686890E-001
       -1.229300022125244
       -1.403900027275085
  -6.060000061988831E-001
        1.657199978828430
   7.594000101089478E-001
   8.896999955177307E-001
   9.248999953269959E-001
   7.045999765396118E-001
   4.011000096797943E-001
   4.088999927043915E-001
   8.679999709129334E-001
        1.001799941062927
   4.641000032424927E-001
   8.679999709129334E-001
        1.528499960899353
        1.190999984741211
   9.028999805450440E-001
   7.075999975204468E-001
        1.064900040626526
   8.834999799728394E-001
   3.436999917030335E-001
   7.624999880790710E-001
   4.499999880790710E-001
   8.758000135421753E-001
   5.417000055313110E-001
  -5.932999849319458E-001
  -9.600000083446503E-002
        1.245399951934815
   7.171000242233276E-001
   8.507999777793884E-001
   4.557000100612640E-001
   8.403999805450440E-001
   1.333999931812286E-001
   3.952000141143799E-001
   9.246000051498413E-001
   7.256000041961670E-001
   7.010000199079514E-002
  -6.639000177383423E-001
  -2.082999944686890E-001
   2.910999953746796E-001
  -4.699999932199717E-003
   4.715999960899353E-001
        1.510699987411499
   8.507999777793884E-001
   6.823999881744385E-001
   8.227999806404114E-001
   4.814999997615814E-001
   3.400000035762787E-001
   7.179999947547913E-001
   6.215000152587891E-001
   9.276000261306763E-001
  -8.094999790191650E-001
       -1.252699971199036
  -4.246999919414520E-001
       -1.226099967956543
  -4.774999916553497E-001
  -8.518999814987183E-001
  -6.301000118255615E-001
  -4.260999858379364E-001
       -1.010499954223633
       -1.353299975395203
  -4.207000136375427E-001
   1.797000020742416E-001
   1.763000041246414E-001
   3.255000114440918E-001
   2.879000008106232E-001
  -5.266000032424927E-001
   4.329999983310700E-001
   3.599999845027924E-002
   2.414000034332275E-001
  -5.519999936223030E-002
   3.400000045076013E-003
  -9.390000253915787E-002
        1.041000008583069
   4.986000061035156E-001
   3.400000045076013E-003
   7.577000260353088E-001
   8.079000115394592E-001
        1.450999975204468
        1.319900035858154
   2.477000057697296E-001
   2.270000055432320E-002
   2.870000004768372E-001
   1.791000068187714E-001
   2.470999956130981E-001
  -4.512999951839447E-001
   8.449999988079071E-002
  -6.669999659061432E-002
   3.653999865055084E-001
   9.850999712944031E-001
        1.298300027847290
        1.706099987030029
        1.501700043678284
   4.492000043392181E-001
   2.381000071763992E-001
        1.194800019264221
   3.375999927520752E-001
  -2.199999988079071E-001
  -2.294999957084656E-001
   2.939000129699707E-001
   8.700000047683716E-001
        1.146900057792664
   9.562000036239624E-001
   6.819999814033508E-001
   5.723000168800354E-001
   7.712000012397766E-001
        1.004899978637695
   1.812999993562698E-001
   3.928000032901764E-001
   6.930000185966492E-001
        1.098899960517883
   4.560000002384186E-001
  -3.542000055313110E-001
  -4.365999996662140E-001
   1.590000092983246E-002
  -2.442999929189682E-001
   2.838000059127808E-001
  -5.860999822616577E-001
  -5.764999985694885E-001
  -8.073999881744385E-001
  -1.009999960660934E-002
   3.143999874591827E-001
   7.702000141143799E-001
  -3.231000006198883E-001
   3.833000063896179E-001
   3.673000037670136E-001
   1.410000026226044E-001
   3.558000028133392E-001
  -4.487000107765198E-001
   1.247000023722649E-001
  -2.874000072479248E-001
   3.504999876022339E-001
   3.138999938964844E-001
   4.776000082492828E-001
   2.687999904155731E-001
   5.364000201225281E-001
   5.134000182151794E-001
   8.625000119209290E-001
   6.808000206947327E-001
   1.679999940097332E-002
  -4.950999915599823E-001
   2.610999941825867E-001
  -2.529999986290932E-002
   6.560000032186508E-002
   5.447000265121460E-001
  -1.820999979972839E-001
  -6.432999968528748E-001
   6.699999794363976E-003
   1.993000060319901E-001
   7.946000099182129E-001
   6.151000261306763E-001
        1.224300026893616
   3.481999933719635E-001
  -4.447000026702881E-001
  -9.758999943733215E-001
   7.328000068664551E-001
   7.761999964714050E-001
   6.161000132560730E-001
  -1.521999984979630E-001
  -9.600000455975533E-003
   7.350999712944031E-001
   3.819000124931335E-001
        1.013399958610535
   1.365000009536743E-001
   1.950000040233135E-002
   1.585000008344650E-001
   5.504999756813049E-001
  -4.066999852657318E-001
  -2.658999860286713E-001
   1.370000001043081E-002
   6.424000263214111E-001
   2.230000048875809E-001
        1.603700041770935
   4.490000009536743E-001
   5.142999887466431E-001
   3.253000080585480E-001
  -5.353000164031982E-001
  -1.689999997615814E-001
   5.407000184059143E-001
   4.521000087261200E-001
   1.125999987125397E-001
   9.258000254631043E-001
        1.096099972724915
       -1.192899942398071
  -5.770999789237976E-001
  -8.752999901771545E-001
   3.537999987602234E-001
        1.015699982643127
        1.200899958610535
  -6.195999979972839E-001
   5.127999782562256E-001
   5.616999864578247E-001
  -5.059999823570252E-001
  -2.655000090599060E-001
   2.772000133991242E-001
  -1.906999945640564E-001
   3.643000125885010E-001
   2.711000144481659E-001
   2.439000010490418E-001
  -3.628999888896942E-001
   7.360000163316727E-002
   1.860000044107437E-001
   6.050000190734863E-001
  -4.460000097751617E-001
  -3.693000078201294E-001
       -1.179200053215027
  -9.962999820709229E-001
  -2.973999977111816E-001
   4.336000084877014E-001
   3.526999950408936E-001
   1.289000064134598E-001
   3.240000084042549E-002
  -1.994999945163727E-001
  -7.421000003814697E-001
  -2.173999994993210E-001
   7.084000110626221E-001
  -1.465999931097031E-001
   1.526000052690506E-001
   1.631000041961670E-001
   1.234000027179718E-001
   4.203999936580658E-001
  -4.641000032424927E-001
  -8.240000158548355E-002
  -8.901000022888184E-001
  -8.245999813079834E-001
  -2.727999985218048E-001
   4.814000129699707E-001
   4.499000012874603E-001
   7.919999957084656E-002
   3.570000082254410E-002
  -1.107999980449677E-001
   6.363999843597412E-001
   2.732000052928925E-001
   3.876000046730042E-001
   8.276000022888184E-001
   6.089000105857849E-001
   3.167999982833862E-001
   1.909999921917915E-002
   2.842000126838684E-001
   6.736000180244446E-001
   3.012000024318695E-001
   8.289999961853027E-001
   8.720000088214874E-002
       -1.812600016593933
  -9.154000282287598E-001
  -7.398999929428101E-001
  -6.463999748229981E-001
   2.160000056028366E-002
        1.472200036048889
   5.554000139236450E-001
  -3.851000070571899E-001
  -2.490999996662140E-001
   1.184000000357628E-001
   2.453999966382980E-001
   3.614999949932098E-001
   1.439000070095062E-001
   3.709999918937683E-001
   1.946000009775162E-001
   5.806000232696533E-001
  -7.027000188827515E-001
  -3.758000135421753E-001
   4.005999863147736E-001
   5.583999752998352E-001
  -4.889000058174133E-001
       -1.621799945831299
       -1.632799983024597
  -7.516999840736389E-001
  -8.920000195503235E-001
  -3.691999912261963E-001
   2.198999971151352E-001
  -4.250000119209290E-001
  -3.982999920845032E-001
  -3.926999866962433E-001
  -7.146999835968018E-001
  -4.417999982833862E-001
   4.675999879837036E-001
   9.100000374019146E-003
  -5.795999765396118E-001
  -1.196999996900559E-001
   7.020000368356705E-002
   2.410999983549118E-001
   4.672000110149384E-001
   1.544000059366226E-001
  -5.881000161170960E-001
  -3.027000129222870E-001
   4.984000027179718E-001
   3.926999866962433E-001
   1.846999973058701E-001
  -3.560000061988831E-001
  -4.481000006198883E-001
  -3.519000113010407E-001
  -2.040999978780747E-001
   2.651000022888184E-001
   9.172000288963318E-001
   8.475999832153320E-001
   5.967000126838684E-001
  -3.680999875068665E-001
  -1.040999963879585E-001
  -3.899999894201756E-003
   9.139000177383423E-001
   9.199000000953674E-001
   7.203000187873840E-001
   9.398999810218811E-001
       -2.074300050735474
  -7.178000211715698E-001
  -7.346000075340271E-001
   2.892999947071075E-001
   1.642999947071075E-001
  -2.281000018119812E-001
   1.555999964475632E-001
  -4.100000020116568E-003
  -6.089999899268150E-002
  -3.740999996662140E-001
   7.199999690055847E-002
  -2.994000017642975E-001
   2.504000067710877E-001
  -3.176000118255615E-001
   6.026999950408936E-001
   3.459999859333038E-001
  -1.800000071525574E-001
  -6.873999834060669E-001
  -8.474000096321106E-001
  -4.593999981880188E-001
       -1.267600059509277
       -1.492100000381470
  -7.098000049591065E-001
       -1.345100045204163
       -1.787899971008301
       -1.529299974441528
       -1.330999970436096
  -5.026999711990356E-001
   1.030000001192093E-001
  -6.685000061988831E-001
  -8.083000183105469E-001
  -3.801000118255615E-001
  -1.273999959230423E-001
       -1.021499991416931
  -3.504999876022339E-001
       -1.377099990844727
       -1.294100046157837
  -7.937999963760376E-001
   2.073999941349030E-001
   1.194999963045120E-001
  -8.988999724388123E-001
       -1.150699973106384
  -4.729000031948090E-001
   3.248000144958496E-001
   7.657999992370606E-001
   4.571999907493591E-001
   3.754999935626984E-001
  -1.419000029563904E-001
  -3.145000040531158E-001
  -3.589000105857849E-001
   7.731000185012817E-001
        1.429800033569336
   7.615000009536743E-001
  -5.250999927520752E-001
   7.896000146865845E-001
   3.635999858379364E-001
   4.855999946594238E-001
   9.060000181198120E-001
   7.633000016212463E-001
   7.721999883651733E-001
       -2.284800052642822
       -1.380599975585938
  -8.152999877929688E-001
  -6.830000132322311E-002
   7.209999859333038E-002
   8.449999988079071E-002
   8.892999887466431E-001
   2.206999957561493E-001
   3.310000151395798E-002
   4.032999873161316E-001
   3.109000027179718E-001
   7.538999915122986E-001
   4.616999924182892E-001
   4.147000014781952E-001
   9.074000120162964E-001
   4.690000116825104E-001
   1.340000033378601E-001
  -2.579999864101410E-001
       -1.292400002479553
  -2.860000133514404E-001
       -1.144299983978272
  -7.624999880790710E-001
  -8.022999763488770E-001
       -1.149099946022034
       -1.432199954986572
       -1.393000006675720
  -8.991000056266785E-001
       -1.042999982833862
  -1.671999990940094E-001
       -1.813400030136108
  -7.208999991416931E-001
   1.608999967575073E-001
   9.664999842643738E-001
  -1.350000035017729E-002
  -2.013999968767166E-001
       -1.152400016784668
       -1.271199941635132
  -7.851999998092651E-001
   3.739999979734421E-002
  -7.645000219345093E-001
  -8.582000136375427E-001
  -5.918999910354614E-001
  -3.649999946355820E-002
        1.111899971961975
        1.655500054359436
        1.685400009155273
   8.219000101089478E-001
  -5.605999827384949E-001
  -5.271999835968018E-001
  -6.994000077247620E-001
  -5.225999951362610E-001
  -1.983000040054321E-001
        1.339300036430359
   7.129999995231628E-001
   5.651000142097473E-001
   5.069000124931335E-001
  -6.930000334978104E-002
   3.833000063896179E-001
   7.523000240325928E-001
   1.045000031590462E-001
       -1.874899983406067
       -1.498800039291382
       -1.583099961280823
   5.623000264167786E-001
  -1.130999997258186E-001
  -2.761000096797943E-001
   3.637000024318695E-001
   3.977000117301941E-001
   3.739999979734421E-002
        1.092499971389771
   9.772999882698059E-001
        1.128600001335144
        1.074599981307983
        1.205600023269653
   9.598000049591065E-001
        1.144999980926514
   4.833000004291534E-001
   3.345000147819519E-001
  -2.899999916553497E-002
  -7.415000200271606E-001
       -1.310400009155273
  -3.267999887466431E-001
       -1.590800046920776
  -3.533999919891357E-001
  -8.003000020980835E-001
  -7.523999810218811E-001
       -1.198500037193298
  -9.086999893188477E-001
  -3.513000011444092E-001
  -2.547000050544739E-001
  -3.506000041961670E-001
   6.682999730110169E-001
   9.189000129699707E-001
   6.762999892234802E-001
   3.844000101089478E-001
  -9.477999806404114E-001
       -1.318899989128113
  -2.240000069141388E-001
  -8.608000278472900E-001
  -8.755000233650208E-001
       -1.397199988365173
  -1.588999927043915E-001
   3.700000047683716E-002
   8.927000164985657E-001
        1.361199975013733
        1.512899994850159
        1.228099942207336
   2.759999930858612E-001
  -4.359000027179718E-001
       -1.133900046348572
  -3.244000077247620E-001
        1.129099965095520
   7.946000099182129E-001
   3.005000054836273E-001
   4.111000001430512E-001
  -4.390000179409981E-002
   1.699000000953674E-001
   3.204999864101410E-001
   3.982000052928925E-001
   3.441999852657318E-001
       -2.437000036239624
       -2.224800109863281
       -1.399099946022034
  -6.901999711990356E-001
   2.116000056266785E-001
   3.570000082254410E-002
  -6.337000131607056E-001
   3.977000117301941E-001
  -1.229999959468842E-002
  -3.282999992370606E-001
        1.215100049972534
        2.825799942016602
        2.002799987792969
   8.511000275611877E-001
   8.363999724388123E-001
        1.576799988746643
   9.909999966621399E-001
        1.147300004959106
  -6.168000102043152E-001
       -1.565400004386902
       -1.120900034904480
  -9.634000062942505E-001
  -3.165000081062317E-001
  -5.799999926239252E-003
   2.275999933481216E-001
  -1.142999976873398E-001
  -4.809999838471413E-002
   1.028999984264374E-001
  -1.794999986886978E-001
   7.484999895095825E-001
  -7.140000164508820E-002
   6.796000003814697E-001
        1.427999973297119
   7.791000008583069E-001
   2.449999935925007E-002
  -7.436000108718872E-001
  -2.319000065326691E-001
  -5.762000083923340E-001
  -2.863999903202057E-001
       -1.448600053787231
  -3.377000093460083E-001
   2.352000027894974E-001
   5.289000272750855E-001
        1.485000014305115
        1.854900002479553
        1.254500031471252
   1.023000031709671E-001
   8.389999717473984E-002
  -4.647000133991242E-001
  -3.679000139236450E-001
   6.549999862909317E-002
  -1.544000059366226E-001
   7.128000259399414E-001
   3.862999975681305E-001
   4.210000038146973E-001
   2.373999953269959E-001
   1.581999957561493E-001
  -8.429999649524689E-002
  -9.103999733924866E-001
  -2.308000028133392E-001
       -2.538300037384033
       -1.580100059509277
       -1.050899982452393
  -4.520000144839287E-002
   2.342000007629395E-001
  -1.827999949455261E-001
   2.316000014543533E-001
   3.777000010013580E-001
   4.115000069141388E-001
  -7.150000333786011E-002
        1.006500005722046
        2.141400098800659
        1.878299951553345
   6.710000038146973E-001
   5.758000016212463E-001
   6.258999705314636E-001
   5.995000004768372E-001
   6.330999732017517E-001
  -2.331999987363815E-001
  -5.130000114440918E-001
  -8.471999764442444E-001
  -8.109999895095825E-001
   7.750000059604645E-002
  -2.049999982118607E-001
   1.597000062465668E-001
   9.650000184774399E-002
  -2.170999944210053E-001
   8.917000293731690E-001
   3.489999845623970E-002
   2.675999999046326E-001
  -1.323000043630600E-001
   2.594000101089478E-001
        1.271100044250488
   6.504999995231628E-001
   4.424999952316284E-001
  -7.148000001907349E-001
  -5.299000144004822E-001
  -7.372999787330627E-001
  -9.187999963760376E-001
  -2.987000048160553E-001
  -5.372999906539917E-001
   8.134999871253967E-001
   7.074000239372253E-001
        1.079599976539612
   9.876000285148621E-001
        1.593000054359436
        1.024299979209900
   3.248000144958496E-001
  -9.592000246047974E-001
  -3.440000116825104E-001
       -1.105100035667419
  -9.365000128746033E-001
  -2.002999931573868E-001
  -1.190999969840050E-001
   9.922000169754028E-001
   7.761999964714050E-001
  -4.905999898910523E-001
  -9.735000133514404E-001
  -8.946999907493591E-001
  -8.485000133514404E-001
       -2.546099901199341
       -2.037699937820435
       -1.191799998283386
  -9.351000189781189E-001
   1.462000012397766E-001
   2.576999962329865E-001
  -6.923999786376953E-001
   2.639999985694885E-002
   4.903999865055084E-001
   1.607999950647354E-001
        1.311499953269959
        2.087300062179565
        1.232699990272522
        1.467100024223328
        1.198300004005432
        1.066699981689453
        1.004400014877319
        1.161299943923950
   6.650000214576721E-001
   7.397000193595886E-001
  -2.097000032663345E-001
   9.910000115633011E-002
   5.641000270843506E-001
  -1.501999944448471E-001
   2.840000092983246E-001
   8.698999881744385E-001
   7.318000197410584E-001
  -1.774999946355820E-001
   2.682999968528748E-001
   1.185000017285347E-001
  -8.000000119209290E-001
  -3.799999877810478E-002
   1.189000010490418E-001
  -1.608999967575073E-001
  -2.732000052928925E-001
  -6.499999761581421E-001
       -1.196900010108948
  -5.094000101089478E-001
  -5.339999869465828E-002
   7.032999992370606E-001
   2.761000096797943E-001
   5.328000187873840E-001
   8.693000078201294E-001
   3.345000147819519E-001
   1.358000040054321E-001
   4.801000058650971E-001
   8.453999757766724E-001
  -6.250000000000000E-002
  -9.458000063896179E-001
  -1.536999940872192E-001
  -6.414999961853027E-001
       -1.285400032997131
  -2.946999967098236E-001
  -1.225000023841858E-001
   2.702000141143799E-001
   2.856000065803528E-001
  -7.016000151634216E-001
  -9.100999832153320E-001
  -6.966000199317932E-001
  -7.644000053405762E-001
       -2.071599960327148
       -1.079300045967102
  -6.015999913215637E-001
  -1.335999965667725E-001
  -1.829999983310700E-001
  -1.600999981164932E-001
   1.680999994277954E-001
  -4.657999873161316E-001
   5.376999974250794E-001
   5.399000048637390E-001
   7.257000207901001E-001
        1.631299972534180
        2.204299926757813
        1.287500023841858
        1.004600048065186
        1.304700016975403
        2.249900102615356
        1.513399958610535
   5.297999978065491E-001
        1.559900045394898
        1.174000024795532
   4.492000043392181E-001
   2.232999950647354E-001
   3.271999955177307E-001
   8.708999752998352E-001
        1.252699971199036
   2.601999938488007E-001
   6.344000101089478E-001
  -4.431000053882599E-001
  -2.788999974727631E-001
  -7.975999712944031E-001
  -6.959000229835510E-001
  -2.355999946594238E-001
       -1.422700047492981
  -8.643000125885010E-001
  -2.240000069141388E-001
   2.211000025272369E-001
  -4.535999894142151E-001
   5.390999913215637E-001
   3.817000091075897E-001
  -2.969999909400940E-001
   4.514000117778778E-001
   9.484999775886536E-001
  -1.488000005483627E-001
  -1.009999960660934E-002
   5.727999806404114E-001
   4.474999904632568E-001
  -3.770999908447266E-001
  -7.429000139236450E-001
  -8.197000026702881E-001
  -1.230000033974648E-001
  -5.030000209808350E-001
   3.255999982357025E-001
   3.077999949455261E-001
   1.084000021219254E-001
  -3.138999938964844E-001
  -2.490999996662140E-001
  -2.676999866962433E-001
  -1.627999991178513E-001
   6.035000085830689E-001
  -4.045999944210053E-001
  -3.183000087738037E-001
  -1.296000033617020E-001
  -3.240000009536743E-001
  -8.787999749183655E-001
  -3.298999965190888E-001
   2.268999963998795E-001
  -3.799999877810478E-002
   1.125999987125397E-001
  -4.810000061988831E-001
   4.988999962806702E-001
        1.955899953842163
        2.893800020217896
        1.964100003242493
        1.535699963569641
        1.182999968528748
        1.064499974250794
   8.493000268936157E-001
  -3.713000118732452E-001
   2.224999964237213E-001
   8.702999949455261E-001
        1.154299974441528
   3.828000128269196E-001
   7.052999734878540E-001
   1.861000061035156E-001
  -6.490000337362289E-002
  -1.979999989271164E-001
  -3.628999888896942E-001
  -6.347000002861023E-001
   4.975000023841858E-001
  -4.925000071525574E-001
       -1.149600028991699
  -7.555000185966492E-001
  -7.063999772071838E-001
  -3.998000025749207E-001
   2.286999970674515E-001
  -5.050000175833702E-002
   5.145000219345093E-001
   8.840000033378601E-001
   1.128000020980835E-001
  -1.873999983072281E-001
  -1.603000015020371E-001
   8.739999681711197E-002
   2.098000049591065E-001
   7.498000264167786E-001
   3.508999943733215E-001
   4.036999940872192E-001
  -3.063000142574310E-001
  -1.064999997615814E-001
   4.995000064373016E-001
   4.815999865531921E-001
   2.037000060081482E-001
   4.584999978542328E-001
   1.587000042200089E-001
  -2.451999932527542E-001
  -1.565999984741211E-001
   1.195999979972839E-001
  -7.457000017166138E-001
  -7.864999771118164E-001
   4.733999967575073E-001
   7.465000152587891E-001
   4.891000092029572E-001
   8.219999819993973E-002
   6.699000000953674E-001
   3.120999932289124E-001
  -3.620000183582306E-002
   6.075000166893005E-001
   9.326000213623047E-001
   3.314999938011169E-001
   7.799999788403511E-003
        1.127500057220459
        2.010299921035767
        2.377700090408325
        2.488199949264526
        1.025200009346008
   1.449999958276749E-002
  -1.703000068664551E-001
   3.249000012874603E-001
  -1.500000059604645E-001
  -2.736000120639801E-001
  -1.567000001668930E-001
   5.799999833106995E-002
  -4.803000092506409E-001
  -4.663999974727631E-001
  -7.131999731063843E-001
  -8.133999705314636E-001
       -1.293599963188171
  -5.813000202178955E-001
   1.599999959580600E-003
  -5.155000090599060E-001
   9.120000153779984E-002
   1.986999958753586E-001
  -8.760000020265579E-002
  -6.387000083923340E-001
       -1.079100012779236
  -2.277999967336655E-001
  -3.064000010490418E-001
   1.982000023126602E-001
   4.665000140666962E-001
   7.350000143051148E-001
   5.943999886512756E-001
  -2.229999937117100E-002
   3.009999990463257E-001
   6.496000289916992E-001
   3.756999969482422E-001
   9.700000286102295E-003
  -5.759999901056290E-002
  -2.459000051021576E-001
   1.317999958992004E-001
   5.906000137329102E-001
   4.848000109195709E-001
   6.195999979972839E-001
  -1.520999968051910E-001
  -4.124000072479248E-001
  -4.982999861240387E-001
  -7.685999870300293E-001
  -2.340999990701675E-001
  -4.729999899864197E-001
  -6.000999808311462E-001
  -1.477999985218048E-001
   2.195000052452087E-001
   1.055999994277954E-001
   3.474000096321106E-001
   6.003999710083008E-001
   3.384000062942505E-001
   3.323999941349030E-001
   5.655000209808350E-001
   6.719999909400940E-001
   7.361999750137329E-001
  -7.599999755620956E-002
   3.194000124931335E-001
        1.020900011062622
        1.924200057983398
        1.244699954986572
   3.995000123977661E-001
  -6.826999783515930E-001
  -5.591999888420105E-001
  -2.547999918460846E-001
   1.168000027537346E-001
   5.762000083923340E-001
  -5.599999800324440E-003
  -5.152999758720398E-001
  -9.962999820709229E-001
       -1.200000047683716
  -3.303000032901764E-001
       -1.004699945449829
       -2.277600049972534
  -9.379000067710877E-001
  -1.368999928236008E-001
   7.447000145912170E-001
        1.231199979782105
   8.779000043869019E-001
   5.857999920845032E-001
  -8.334000110626221E-001
  -3.817999958992004E-001
  -4.040000140666962E-001
  -1.709000021219254E-001
  -1.182999983429909E-001
   9.600000455975533E-003
  -6.072000265121460E-001
   3.599999845027924E-002
   3.909999877214432E-002
        1.070399999618530
   8.464999794960022E-001
        1.060899972915649
   5.327000021934509E-001
   1.865999996662140E-001
   4.313000142574310E-001
   3.452999889850617E-001
   8.446999788284302E-001
   2.971999943256378E-001
   3.914000093936920E-001
   3.528000116348267E-001
   1.057000011205673E-001
   1.970999985933304E-001
  -2.587999999523163E-001
       -1.054200053215027
       -1.011700034141541
  -6.348000168800354E-001
   1.431999951601028E-001
        1.123600006103516
   6.503000259399414E-001
        1.135400056838989
        1.654199957847595
        1.291800022125244
        1.198300004005432
        1.639400005340576
   6.128000020980835E-001
   6.571000218391419E-001
   8.646000027656555E-001
   9.232000112533569E-001
   6.359999775886536E-001
        2.278599977493286
   8.414000272750855E-001
  -1.369999945163727E-001
  -8.115000128746033E-001
  -4.975999891757965E-001
  -4.160000085830689E-001
  -8.148999810218811E-001
  -6.850000023841858E-001
   2.632000148296356E-001
  -2.465000003576279E-001
  -4.198000133037567E-001
  -8.054999709129334E-001
       -1.038699984550476
       -1.664899945259094
       -1.188899993896484
  -1.368999928236008E-001
  -6.157000064849854E-001
   7.778000235557556E-001
        1.124600052833557
   9.889000058174133E-001
        1.271700024604797
  -4.305000007152557E-001
  -2.694000005722046E-001
  -2.723999917507172E-001
   4.792000055313110E-001
        1.014899969100952
   7.100000046193600E-003
  -5.662999749183655E-001
  -4.122000038623810E-001
  -1.037999987602234E-001
   6.499999761581421E-001
   3.890999853610992E-001
   1.564999967813492E-001
   7.475000023841858E-001
   5.465999841690064E-001
        1.156999945640564
   7.603999972343445E-001
        1.029099941253662
   3.054000139236450E-001
  -2.939000129699707E-001
  -8.938999772071838E-001
   5.590999722480774E-001
   5.335000157356262E-001
   2.520000040531158E-001
  -6.377999782562256E-001
  -9.128000140190125E-001
  -4.779999852180481E-001
   8.015999794006348E-001
   7.462000250816345E-001
   6.980000138282776E-001
   6.128000020980835E-001
        1.474900007247925
        1.174900054931641
        1.270599961280823
        1.143300056457520
   9.251999855041504E-001
   7.717000246047974E-001
   4.876999855041504E-001
   4.656000137329102E-001
  -5.590000003576279E-002
   7.402999997138977E-001
   5.539000034332275E-001
   2.630000114440918E-001
   9.430000185966492E-002
  -4.156000018119812E-001
  -7.681999802589417E-001
       -1.615100026130676
  -5.537999868392944E-001
  -1.781000047922134E-001
  -9.470000118017197E-002
  -7.767000198364258E-001
       -1.348600029945374
       -1.123600006103516
       -1.774899959564209
   1.790000051259995E-001
   2.377000004053116E-001
  -3.445000052452087E-001
   1.682000011205673E-001
   1.495999991893768E-001
        1.090499997138977
        1.069499969482422
  -1.086999997496605E-001
  -5.462999939918518E-001
  -2.363999933004379E-001
   2.660000026226044E-001
  -8.980000019073486E-002
   5.432000160217285E-001
   2.917000055313110E-001
   8.402000069618225E-001
   6.239999830722809E-002
   2.567999958992004E-001
   3.510999977588654E-001
  -3.050000071525574E-001
  -1.309999972581863E-001
   8.535000085830689E-001
   7.993999719619751E-001
   8.824999928474426E-001
   7.590000033378601E-001
   8.292000293731690E-001
  -2.056999951601028E-001
  -7.379999756813049E-001
   3.400000184774399E-002
   3.661000132560730E-001
  -8.177999854087830E-001
       -1.029999971389771
       -1.434999942779541
       -1.213000059127808
   3.558999896049500E-001
   8.191999793052673E-001
   6.150000095367432E-001
   9.707999825477600E-001
        1.824399948120117
   9.972000122070313E-001
        1.689900040626526
        1.020200014114380
  -2.046999931335449E-001
   6.190000101923943E-002
   1.328999996185303E-001
  -6.579999923706055E-001
  -2.014999985694885E-001
   1.493999958038330E-001
        1.441900014877319
        1.074800014495850
   7.642999887466431E-001
   8.039999753236771E-002
  -9.423999786376953E-001
       -1.287600040435791
       -1.866899967193604
       -1.262500047683716
   1.746000051498413E-001
  -9.926000237464905E-001
       -1.560299992561340
       -1.850299954414368
       -1.528200030326843
  -2.890000045299530E-001
   2.224999964237213E-001
  -2.549999952316284E-002
   2.799999900162220E-003
        1.051499962806702
        1.381999969482422
  -3.833999931812286E-001
  -1.208000034093857E-001
   7.871000170707703E-001
   4.573000073432922E-001
   3.425000011920929E-001
   7.882000207901001E-001
  -8.000000379979610E-003
   1.206000000238419E-001
   2.407000064849854E-001
   1.835999935865402E-001
   3.102000057697296E-001
   5.412999987602234E-001
  -2.549999952316284E-002
   4.939000010490418E-001
   8.903999924659729E-001
        1.473899960517883
   8.425999879837036E-001
   4.260999858379364E-001
   2.449000030755997E-001
  -2.860000133514404E-001
  -8.959000110626221E-001
  -6.597999930381775E-001
  -3.257000148296356E-001
       -1.694000005722046
       -1.498900055885315
       -1.421100020408630
       -1.287700057029724
   1.448999941349030E-001
   4.494999945163727E-001
        1.242699980735779
        1.068199992179871
   3.449000120162964E-001
   9.164000153541565E-001
        1.429200053215027
   6.315000057220459E-001
  -1.209999993443489E-001
   2.971000075340271E-001
   1.625999957323074E-001
   1.895000040531158E-001
        1.201300024986267
   7.792999744415283E-001
        1.063199996948242
        1.608100056648254
   3.794000148773193E-001
  -8.399999737739563E-001
       -1.404800057411194
  -6.471999883651733E-001
       -1.425199985504150
       -1.256100058555603
  -3.894999921321869E-001
       -1.020799994468689
       -1.512500047683716
       -1.338500022888184
       -1.288400053977966
  -5.953999757766724E-001
  -2.160000056028366E-001
  -2.991000115871429E-001
  -3.449000120162964E-001
        1.079399943351746
        1.179399967193604
   8.176000118255615E-001
   5.509999990463257E-001
        1.125300049781799
   2.678000032901764E-001
        1.128999948501587
        1.882300019264221
   6.626999974250794E-001
  -1.630000025033951E-002
  -2.786999940872192E-001
   6.430000066757202E-002
   2.931999862194061E-001
  -1.567000001668930E-001
   4.011000096797943E-001
   3.091000020503998E-001
   9.103999733924866E-001
   8.302999734878540E-001
   3.535999953746796E-001
   2.896000146865845E-001
  -3.643999993801117E-001
       -1.023000001907349
  -9.847000241279602E-001
       -1.059100031852722
       -1.448300004005432
       -2.003200054168701
       -2.323800086975098
       -1.963700056076050
       -1.450399994850159
   1.225000023841858E-001
   4.232000112533569E-001
   1.298000067472458E-001
   2.245000004768372E-001
   9.319999814033508E-002
        1.067199945449829
        1.303900003433228
        1.013100028038025
   7.700999975204468E-001
   9.937000274658203E-001
   7.677000164985657E-001
        2.024699926376343
        2.404799938201904
        1.015900015830994
   5.965999960899353E-001
   7.421000003814697E-001
   9.322000145912170E-001
  -8.150000125169754E-002
       -1.705199956893921
       -1.117100000381470
       -1.030500054359436
  -9.787999987602234E-001
  -9.377999901771545E-001
       -1.324200034141541
       -1.691100001335144
       -1.799499988555908
  -7.407000064849854E-001
  -9.822999835014343E-001
  -9.445000290870667E-001
  -3.224000036716461E-001
  -1.588000059127808E-001
   7.957999706268311E-001
        1.490700006484985
   6.259999871253967E-001
        1.269600033760071
        1.238499999046326
   8.450999855995178E-001
   9.089000225067139E-001
   6.383000016212463E-001
   8.884000182151794E-001
   9.909999966621399E-001
   1.516000032424927E-001
  -1.454000025987625E-001
  -3.894000053405762E-001
   2.680000066757202E-001
   5.507000088691711E-001
   3.215999901294708E-001
  -1.580999940633774E-001
   7.103000283241272E-001
   1.659000068902969E-001
  -8.108000159263611E-001
   2.869999967515469E-002
       -2.030299901962280
       -2.873399972915649
       -1.778699994087219
       -2.556699991226196
       -2.307699918746948
       -2.337500095367432
       -1.638499975204468
       -1.837499976158142
       -1.029000043869019
  -5.776000022888184E-001
  -1.847999989986420E-001
  -1.985000073909760E-001
   4.061999917030335E-001
        1.129899978637695
        1.181800007820129
   8.955000042915344E-001
        1.154800057411194
        1.307500004768372
        1.855100035667419
        2.255500078201294
        2.451299905776978
        1.662299990653992
   3.070999979972839E-001
  -7.516000270843506E-001
       -1.363600015640259
  -8.902999758720398E-001
       -1.422600030899048
       -1.538300037384033
  -6.432999968528748E-001
       -1.196499943733215
  -8.159000277519226E-001
       -1.110599994659424
       -2.449399948120117
  -9.919000267982483E-001
  -3.177999854087830E-001
  -7.329000234603882E-001
  -1.815000027418137E-001
   5.968000292778015E-001
   7.379999756813049E-001
        1.081400036811829
        1.261500000953674
        1.584699988365173
        1.024000048637390
   5.113000273704529E-001
   7.623000144958496E-001
   1.536999940872192E-001
        1.141299962997437
        1.851600050926209
   9.322999715805054E-001
   5.263000130653381E-001
  -1.805000007152557E-001
   8.195000290870667E-001
   6.600000262260437E-001
   1.058999970555306E-001
   8.420000225305557E-002
   3.220000118017197E-002
   8.295999765396118E-001
   4.879999905824661E-002
  -8.641999959945679E-001
       -1.609300017356873
       -2.329200029373169
       -2.732700109481812
       -2.656100034713745
       -2.982700109481812
       -2.532599925994873
       -2.647000074386597
       -1.214699983596802
  -9.711999893188477E-001
       -1.043699979782105
  -7.793999910354614E-001
  -1.633999943733215E-001
   7.470999956130981E-001
   2.975000143051148E-001
        1.176900029182434
        1.350299954414368
        1.167000055313110
        1.655799984931946
        2.501300096511841
        2.073999881744385
        2.550800085067749
        2.341099977493286
        2.167099952697754
   3.939000070095062E-001
  -6.762999892234802E-001
       -1.030400037765503
  -9.070000052452087E-001
       -2.182199954986572
       -1.127400040626526
  -5.205000042915344E-001
  -8.411999940872192E-001
  -9.654999971389771E-001
       -1.258800029754639
       -1.421499967575073
  -4.672999978065491E-001
   4.758000075817108E-001
       -1.015400052070618
  -3.375999927520752E-001
   2.334000021219254E-001
        1.278399944305420
   9.894000291824341E-001
        1.320899963378906
        1.308400034904480
        1.588400006294251
        1.527699947357178
        1.557600021362305
        1.232499957084656
        1.363999962806702
   1.764000058174133E-001
   4.691999852657318E-001
        1.324499964714050
   8.395000100135803E-001
   6.309999823570252E-001
        1.060199975967407
        1.002900004386902
   6.848000288009644E-001
   5.661000013351440E-001
   1.107999980449677E-001
  -3.544000089168549E-001
  -7.391999959945679E-001
       -1.355700016021729
       -1.835899949073792
       -2.036200046539307
       -2.145900011062622
       -3.080199956893921
       -2.028300046920776
       -2.254499912261963
       -1.572000026702881
       -1.608999967575073
       -1.922899961471558
  -4.496000111103058E-001
  -1.669999957084656E-002
        1.008000016212463
        1.065600037574768
        1.299299955368042
   6.621000170707703E-001
        1.538100004196167
        2.124300003051758
        2.177999973297119
        2.338299989700317
        2.153300046920776
        1.802800059318543
        1.533499956130981
   7.595999836921692E-001
   1.790000051259995E-001
  -7.221999764442444E-001
  -7.031999826431274E-001
       -1.124400019645691
   9.799999743700028E-002
  -1.368999928236008E-001
  -9.106000065803528E-001
       -1.738399982452393
       -1.219599962234497
  -9.440000057220459E-001
  -7.189000248908997E-001
   3.413000106811523E-001
  -1.696999967098236E-001
  -1.453000009059906E-001
   8.942999839782715E-001
        1.402899980545044
        1.743600010871887
        1.578899979591370
   8.575999736785889E-001
   8.324000239372253E-001
        1.328899979591370
        1.950700044631958
        1.160400032997131
   6.262999773025513E-001
  -1.457999944686890E-001
  -1.414999961853027E-001
   6.987000107765198E-001
   6.521999835968018E-001
   7.182999849319458E-001
   5.137000083923340E-001
        1.021299958229065
  -8.919999748468399E-002
  -7.310000061988831E-002
   1.137999966740608E-001
  -3.034000098705292E-001
       -1.077999949455261
       -1.328899979591370
       -1.294100046157837
       -1.362800002098084
       -1.292099952697754
       -1.931399941444397
       -1.817199945449829
       -2.291599988937378
  -7.907999753952026E-001
       -1.385800004005432
       -1.828099966049194
  -1.492000073194504E-001
   3.607999980449677E-001
   7.901999950408936E-001
        1.586099982261658
        1.491899967193604
        1.912899971008301
        2.250000000000000
        2.374599933624268
        2.703099966049194
        3.006299972534180
        1.798499941825867
        1.730299949645996
        2.357300043106079
        1.843099951744080
   5.339999794960022E-001
   2.069000005722046E-001
  -1.591999977827072E-001
  -7.760000228881836E-002
   6.972000002861023E-001
  -2.107000052928925E-001
       -1.880300045013428
       -1.844099998474121
       -1.102499961853027
  -8.974000215530396E-001
  -3.731999993324280E-001
  -3.549000024795532E-001
   2.456000000238419E-001
   5.041999816894531E-001
   5.832999944686890E-001
   9.582999944686890E-001
   9.588999748229981E-001
        1.174600005149841
   8.027999997138977E-001
   8.729000091552734E-001
   9.850000143051148E-001
   9.060999751091003E-001
        1.122900009155273
   8.596000075340271E-001
   7.318000197410584E-001
   3.064000010490418E-001
   2.547000050544739E-001
   1.393000036478043E-001
   2.565000057220459E-001
   1.528999954462051E-001
        1.253000020980835
  -2.831999957561493E-001
  -8.873999714851379E-001
  -2.143000066280365E-001
  -8.227999806404114E-001
       -1.545300006866455
       -1.758100032806397
       -1.697399973869324
  -7.789999842643738E-001
  -7.843000292778015E-001
  -9.854000210762024E-001
       -1.820000052452087
       -1.361600041389465
       -1.404500007629395
  -7.754999995231628E-001
       -1.725200057029724
   4.019999876618385E-002
   5.130000114440918E-001
        1.311400055885315
        1.961599946022034
        1.995900034904480
        2.018399953842163
        2.182899951934815
        2.925100088119507
        2.487099885940552
        2.578599929809570
        2.203700065612793
        2.136699914932251
        2.119600057601929
        1.852300047874451
        1.497799992561340
   7.642999887466431E-001
   1.923999935388565E-001
   6.863999962806702E-001
   7.002999782562256E-001
  -8.950000256299973E-002
       -1.039199948310852
       -1.761500000953674
       -1.803500056266785
       -1.460199952125549
       -1.220100045204163
       -1.011199951171875
  -5.533999800682068E-001
  -3.330000117421150E-002
  -1.300999969244003E-001
  -2.250000089406967E-002
   7.010999917984009E-001
   4.444999992847443E-001
        1.211599946022034
   5.687000155448914E-001
        1.107800006866455
   3.833999931812286E-001
        1.080199956893921
        1.132400035858154
   9.370999932289124E-001
   9.315999746322632E-001
   8.524000048637390E-001
        1.482699990272522
   3.801999986171722E-001
   1.948000043630600E-001
   3.486999869346619E-001
   2.691999971866608E-001
  -1.354999989271164E-001
  -3.714999854564667E-001
       -1.490200042724609
       -1.158200025558472
       -2.207000017166138
       -1.186300039291382
       -1.206400036811829
       -1.237400054931641
       -1.623000025749207
       -1.741099953651428
       -1.294800043106079
       -1.315899968147278
       -1.131199955940247
       -2.189599990844727
  -8.596000075340271E-001
   9.049999713897705E-001
        1.491999983787537
        2.681400060653687
        1.393499970436096
        1.757200002670288
        1.913900017738342
        2.364000082015991
        2.419199943542481
        2.331199884414673
        2.213399887084961
        2.330499887466431
        2.427000045776367
        2.321199893951416
        1.903699994087219
        1.560400009155273
        1.044100046157837
        1.157199978828430
   3.662000000476837E-001
  -3.429999947547913E-002
       -1.086400032043457
       -1.609300017356873
       -1.641399979591370
       -1.450899958610535
       -1.917400002479553
  -4.397000074386597E-001
  -2.017000019550324E-001
  -2.861000001430512E-001
  -7.713000178337097E-001
  -5.695000290870667E-001
  -8.169999718666077E-002
  -9.399999864399433E-003
        1.467599987983704
   5.777000188827515E-001
   7.771000266075134E-001
   8.927999734878540E-001
        1.886000037193298
        1.311300039291382
        1.659000039100647
        1.621899962425232
        1.560899972915649
   4.149999916553497E-001
   5.953000187873840E-001
   4.760000109672546E-001
  -2.342000007629395E-001
   3.909999877214432E-002
  -6.798999905586243E-001
  -4.135999977588654E-001
       -1.077299952507019
       -2.421299934387207
       -2.091700077056885
       -2.160300016403198
       -1.128399968147278
       -1.248399972915649
       -1.046700000762940
       -1.540300011634827
       -1.141000032424927
       -1.474599957466126
  -6.808000206947327E-001
       -1.238499999046326
  -1.859000027179718E-001
   4.047999978065491E-001
        1.543400049209595
        1.633100032806397
        1.922700047492981
        1.070399999618530
        1.529399991035461
        2.759799957275391
        3.071799993515015
        2.654400110244751
        2.295900106430054
        2.325599908828735
        2.143399953842163
        2.068099975585938
        2.561199903488159
        2.398400068283081
        1.684299945831299
   2.362000048160553E-001
   4.526000022888184E-001
  -4.619999974966049E-002
  -6.848000288009644E-001
  -9.315000176429749E-001
  -6.708999872207642E-001
  -9.291999936103821E-001
       -1.627099990844727
       -1.126399993896484
  -7.707999944686890E-001
  -3.059999942779541E-001
  -3.422000110149384E-001
  -3.343000113964081E-001
   6.430000066757202E-002
   1.336999982595444E-001
   2.763999998569489E-001
   7.153000235557556E-001
        1.243299961090088
   7.591000199317932E-001
   2.284999936819077E-001
   9.792000055313110E-001
        1.864599943161011
        1.813899993896484
   4.322000145912170E-001
   5.798000097274780E-001
  -2.011999934911728E-001
   1.018000021576881E-001
  -6.851000189781189E-001
  -9.851999878883362E-001
  -4.794999957084656E-001
  -9.952999949455261E-001
       -1.740000009536743
       -1.756100058555603
       -1.874300003051758
       -1.884899973869324
  -2.680000066757202E-001
  -6.134999990463257E-001
  -5.986999869346619E-001
       -1.005200028419495
       -1.305699944496155
       -1.401200056076050
  -8.957999944686890E-001
       -1.863700032234192
  -6.006000041961670E-001
  -1.412999927997589E-001
   4.839999973773956E-002
        1.492300033569336
        1.058599948883057
        1.248900055885315
        2.035500049591065
        2.581199884414673
        1.668400049209595
        2.198899984359741
        2.369999885559082
        2.149100065231323
        2.235500097274780
        1.985100030899048
        2.755399942398071
        3.089600086212158
        2.785700082778931
        2.115000009536743
  -2.010000050067902E-001
  -5.505999922752380E-001
  -8.849999904632568E-001
  -8.661000132560730E-001
  -1.481000036001205E-001
  -4.408000111579895E-001
       -1.212900042533875
  -6.600999832153320E-001
  -6.159999966621399E-001
  -5.895000100135803E-001
   3.239000141620636E-001
   6.315000057220459E-001
   1.581999957561493E-001
   6.625000238418579E-001
   9.347000122070313E-001
   7.588000297546387E-001
   7.508999705314636E-001
        1.273499965667725
        1.515699982643127
        1.212299942970276
        1.242400050163269
        1.007099986076355
   6.273999810218811E-001
   7.383999824523926E-001
  -3.422999978065491E-001
  -2.612000107765198E-001
  -7.638999819755554E-001
  -7.044000029563904E-001
  -7.971000075340271E-001
  -6.377000212669373E-001
  -6.768000125885010E-001
       -1.123100042343140
  -8.294000029563904E-001
  -7.350999712944031E-001
  -2.134000062942505E-001
  -4.842999875545502E-001
       -1.122300028800964
       -1.164100050926209
  -7.965000271797180E-001
  -9.441000223159790E-001
  -8.736000061035156E-001
       -1.805600047111511
  -2.720000147819519E-001
   4.293000102043152E-001
   4.248000085353851E-001
        1.576099991798401
        1.937999963760376
        2.068500041961670
        3.164400100708008
        2.546900033950806
        2.207000017166138
        2.837500095367432
        2.719000101089478
        2.243700027465820
        3.170399904251099
        2.986500024795532
        2.262799978256226
        2.655400037765503
        2.189599990844727
        1.694599986076355
   1.102000027894974E-001
  -2.090000063180924E-001
  -7.692000269889832E-001
  -5.001000165939331E-001
  -1.650999933481216E-001
  -2.459000051021576E-001
       -1.616999983787537
       -1.303500056266785
  -9.674999713897705E-001
       -1.016700029373169
  -1.840000003576279E-001
  -5.472999811172485E-001
   5.261999964714050E-001
   5.727999806404114E-001
        1.243700027465820
   9.362000226974487E-001
   7.821999788284302E-001
        1.036399960517883
   9.610000252723694E-001
        1.452100038528442
   7.531999945640564E-001
   9.120000004768372E-001
   9.603000283241272E-001
   1.138999983668327E-001
  -2.199999988079071E-002
  -1.889999955892563E-001
   3.999999910593033E-002
  -9.376999735832214E-001
       -1.545799970626831
       -1.021600008010864
  -3.034999966621399E-001
  -1.174999997019768E-001
   5.486999750137329E-001
  -8.004999756813049E-001
  -4.075999855995178E-001
  -2.171999961137772E-001
  -6.794000267982483E-001
  -5.767999887466431E-001
  -7.839999794960022E-001
  -9.865000247955322E-001
       -1.642600059509277
       -1.173200011253357
   3.111999928951263E-001
  -2.171999961137772E-001
  -3.018999993801117E-001
   9.046999812126160E-001
        1.731299996376038
        2.239399909973145
        3.091599941253662
        2.942899942398071
        3.512700080871582
        3.158200025558472
        3.227200031280518
        3.131500005722046
        3.100600004196167
        2.104399919509888
        1.676900029182434
        1.078699946403503
        1.075700044631958
   3.975000083446503E-001
   1.794999986886978E-001
   2.540999948978424E-001
  -8.701000213623047E-001
  -5.738000273704529E-001
  -5.232999920845032E-001
       -1.392300009727478
       -1.278800010681152
       -1.734400033950806
       -1.226500034332275
       -1.842000007629395
       -1.138100028038025
  -4.025000035762787E-001
   4.408000111579895E-001
   8.676999807357788E-001
        1.613600015640259
        2.015599966049194
        1.566200017929077
        1.015799999237061
        1.607699990272522
        1.430099964141846
        1.065000057220459
   9.477999806404114E-001
   2.962000072002411E-001
   8.068000078201294E-001
   4.867999851703644E-001
   4.643999934196472E-001
  -4.790999889373779E-001
       -1.173200011253357
  -5.231000185012817E-001
  -2.202000021934509E-001
  -9.260000288486481E-002
   9.780000150203705E-002
   1.268000006675720E-001
  -8.863000273704529E-001
  -5.049999952316284E-001
   8.039999753236771E-002
  -1.106000021100044E-001
   3.673000037670136E-001
   1.533000022172928E-001
  -3.673000037670136E-001
       -1.082800030708313
  -6.894999742507935E-001
   3.885000050067902E-001
   3.743000030517578E-001
   2.430000007152557E-001
   9.954000115394592E-001
        1.857800006866455
        2.475199937820435
        2.523099899291992
        3.470000028610230
        3.351300001144409
        2.844500064849854
        3.808599948883057
        2.988300085067749
        3.200000047683716
        1.589400053024292
        2.139699935913086
        1.266999959945679
   7.096999883651733E-001
   7.426999807357788E-001
   5.938000082969666E-001
  -1.890999972820282E-001
  -6.317999958992004E-001
  -1.855999976396561E-001
  -7.353000044822693E-001
       -1.248100042343140
       -1.337800025939941
  -8.852999806404114E-001
       -1.897600054740906
       -1.076200008392334
       -1.891700029373169
  -6.496999859809876E-001
   6.143000125885010E-001
   9.246000051498413E-001
        1.932899951934815
        2.119499921798706
        1.808599948883057
   5.849999785423279E-001
   9.333000183105469E-001
        1.391999959945679
        1.297899961471558
        1.372599959373474
        1.369300007820129
   1.612000018358231E-001
  -2.412000000476837E-001
       -1.049800038337708
       -1.349300026893616
       -1.146600008010864
       -1.480999946594238
       -1.269299983978272
  -7.638000249862671E-001
       -1.394400000572205
  -8.628000020980835E-001
       -1.369799971580505
       -1.139199972152710
  -6.263999938964844E-001
   2.257999926805496E-001
   6.826999783515930E-001
   2.469999939203262E-001
   1.288000047206879E-001
       -1.400300025939941
       -1.255900025367737
   1.843000054359436E-001
   8.526999950408936E-001
        1.536900043487549
        1.068600058555603
        1.674999952316284
        2.426800012588501
        2.542000055313110
        2.875200033187866
        2.330600023269653
        3.339900016784668
        3.243900060653687
        2.920500040054321
        2.292000055313110
        1.920199990272522
        1.280799984931946
        1.423300027847290
        1.073899984359741
   9.484000205993652E-001
   5.583999752998352E-001
   8.917999863624573E-001
   1.093999966979027E-001
   1.650000065565109E-001
  -7.211999893188477E-001
       -1.662400007247925
       -1.202200055122376
       -1.250599980354309
  -9.379000067710877E-001
       -1.398100018501282
       -1.440600037574768
       -1.478299975395203
  -3.596000075340271E-001
   3.578000068664551E-001
        1.465000033378601
        1.517699956893921
        2.071199893951416
        1.249799966812134
        1.148200035095215
        1.788800001144409
        1.845000028610230
   5.505999922752380E-001
   1.565999984741211E-001
   2.980999946594238E-001
   1.093000024557114E-001
  -9.136000275611877E-001
       -1.092800021171570
  -8.930000066757202E-001
       -1.149500012397766
       -2.332799911499023
       -2.239900112152100
       -1.953999996185303
       -2.298199892044067
       -2.032000064849854
       -1.080199956893921
  -1.526000052690506E-001
   7.929000258445740E-001
   9.588999748229981E-001
        1.220199942588806
  -4.417999982833862E-001
  -7.045999765396118E-001
       -1.207999944686890
  -4.419999942183495E-002
   8.069999814033508E-001
   9.398999810218811E-001
        1.521399974822998
        2.026999950408936
        2.319200038909912
        1.643100023269653
        1.575399994850159
        1.659399986267090
        2.638099908828735
        2.544300079345703
        2.889199972152710
        2.148600101470947
        2.035099983215332
        1.178699970245361
        1.437299966812134
        1.550500035285950
        2.178900003433228
   3.792000114917755E-001
        1.080100059509277
   6.183999776840210E-001
  -2.047999948263168E-001
       -1.015799999237061
  -9.230999946594238E-001
  -6.068000197410584E-001
       -1.504199981689453
  -8.740000128746033E-001
  -6.051999926567078E-001
       -1.030900001525879
       -1.396999955177307
   2.628999948501587E-001
   3.161000013351440E-001
        1.562100052833557
        1.447399973869324
        2.255000114440918
        1.865200042724609
        1.372400045394898
        1.239899992942810
        1.586599946022034
   6.769999861717224E-001
        1.076699972152710
   5.655000209808350E-001
        1.300799965858460
  -1.063999980688095E-001
  -7.559999823570252E-001
       -1.374600052833557
       -1.250000000000000
       -2.410799980163574
       -3.024399995803833
       -1.748200058937073
       -2.289000034332275
       -1.309900045394898
  -8.026000261306763E-001
   2.119999974966049E-001
        1.040599942207336
   7.976999878883362E-001
   5.450999736785889E-001
   1.071000024676323E-001
  -6.966999769210815E-001
  -8.421999812126160E-001
        1.212800025939941
   5.799999833106995E-001
        1.239400029182434
   9.800000190734863E-001
        1.266100049018860
        1.577900052070618
        1.212200045585632
        1.268100023269653
        1.548099994659424
        1.871099948883057
        2.469799995422363
        2.621200084686279
        1.669399976730347
   9.305999875068665E-001
        2.082299947738648
        1.763499975204468
        1.123299956321716
   7.675999999046326E-001
   2.034000009298325E-001
   7.814000248908997E-001
        1.123100042343140
  -9.889999777078629E-002
       -1.694200038909912
       -1.410899996757507
       -1.050099968910217
  -4.666999876499176E-001
  -9.896000027656555E-001
  -7.376000285148621E-001
       -1.141100049018860
       -1.106199979782105
  -5.774000287055969E-001
  -3.411999940872192E-001
   6.068000197410584E-001
        1.077100038528442
        1.579499959945679
        2.145900011062622
        2.030400037765503
   7.028999924659729E-001
   5.665000081062317E-001
   5.684999823570252E-001
   4.526000022888184E-001
   4.517000019550324E-001
   4.560999870300293E-001
  -1.678999960422516E-001
  -3.537999987602234E-001
       -1.018000006675720
       -1.149399995803833
       -1.594499945640564
       -1.009400010108948
  -9.052000045776367E-001
       -1.740599989891052
       -1.432000041007996
       -1.420199990272522
  -3.436999917030335E-001
   4.760000109672546E-002
   1.027000024914742E-001
  -3.540000021457672E-001
  -2.917999923229218E-001
   4.160000011324883E-002
   9.160000085830689E-002
        1.156599998474121
        1.071599960327148
        1.371600031852722
        1.103600025177002
        1.396100044250488
   8.396000266075134E-001
        1.094200015068054
        1.116500020027161
   6.284999847412109E-001
        1.122300028800964
   9.139999747276306E-001
        1.665899991989136
        1.458500027656555
        1.295400023460388
        1.370900034904480
        1.579399943351746
   8.941000103950501E-001
        1.152699947357178
   1.469999998807907E-001
   5.006999969482422E-001
        1.137500047683716
   3.282999992370606E-001
  -1.178999990224838E-001
  -9.456999897956848E-001
  -5.968000292778015E-001
  -6.570000052452087E-001
  -5.281000137329102E-001
       -1.506299972534180
       -1.197600007057190
  -5.792999863624573E-001
   1.597999930381775E-001
   7.368999719619751E-001
   4.390000179409981E-002
   1.864999979734421E-001
        1.548200011253357
        2.121500015258789
        1.499699950218201
   9.825000166893005E-001
   7.800000160932541E-002
  -3.350000083446503E-002
  -1.159999966621399E-001
   7.409999966621399E-001
   2.824000120162964E-001
   4.702000021934509E-001
   7.152000069618225E-001
   2.117000073194504E-001
  -2.931999862194061E-001
  -3.847000002861023E-001
  -8.960000276565552E-001
  -9.154999852180481E-001
       -1.456300020217896
       -1.198500037193298
  -8.413000106811523E-001
       -1.485700011253357
  -5.641000270843506E-001
  -2.759000062942505E-001
  -4.600000083446503E-001
   1.159000024199486E-001
   2.655000090599060E-001
  -3.574000000953674E-001
        1.272500038146973
   9.358000159263611E-001
   6.121000051498413E-001
   1.588999927043915E-001
   1.344999969005585E-001
   5.766000151634216E-001
   5.602999925613403E-001
   4.647000133991242E-001
        1.193699955940247
   9.180999994277954E-001
        1.581099987030029
   5.285000205039978E-001
   8.701999783515930E-001
   8.895999789237976E-001
        1.281200051307678
        1.574699997901917
        1.893599987030029
   6.255999803543091E-001
   4.474000036716461E-001
   9.323999881744385E-001
   5.764999985694885E-001
   7.845000028610230E-001
   6.807000041007996E-001
  -1.700000092387199E-002
   1.500000013038516E-003
   4.345000088214874E-001
  -5.986999869346619E-001
  -7.376999855041504E-001
       -1.093099951744080
  -6.869000196456909E-001
   5.529000163078308E-001
   6.279000043869019E-001
   3.727999925613403E-001
   6.449000239372253E-001
        1.362499952316284
        1.410599946975708
        1.047299981117249
   9.269999712705612E-002
  -5.133000016212463E-001
  -2.368000000715256E-001
  -1.502999961376190E-001
  -5.050000175833702E-002
   1.880999952554703E-001
   8.177999854087830E-001
   3.188999891281128E-001
   5.620999932289124E-001
  -8.558999896049500E-001
       -1.252400040626526
       -1.137799978256226
  -5.909000039100647E-001
  -7.515000104904175E-001
  -4.453000128269196E-001
  -7.889000177383423E-001
       -1.345199942588806
       -1.362800002098084
       -1.202600002288818
  -8.543000221252441E-001
       -1.142799973487854
  -6.226000189781189E-001
  -1.879999935626984E-001
   9.883000254631043E-001
   9.361000061035156E-001
        1.203400015830994
   2.018000036478043E-001
  -8.659999817609787E-002
   3.959999978542328E-002
   1.004000008106232E-001
  -6.312999725341797E-001
        1.259400010108948
   8.537999987602234E-001
   9.298999905586243E-001
        1.014000058174133
   2.226999998092651E-001
   5.023000240325928E-001
        1.676200032234192
        1.744300007820129
        1.419899940490723
        1.216500043869019
        1.610999941825867
   3.474999964237213E-001
        1.044199943542481
   7.427999973297119E-001
   4.356999993324280E-001
   2.809000015258789E-001
   6.076999902725220E-001
  -5.820000171661377E-002
  -6.345000267028809E-001
   2.899999963119626E-003
   4.451000094413757E-001
  -1.643999963998795E-001
   6.118999719619751E-001
   4.271999895572662E-001
        1.100299954414368
   4.591000080108643E-001
  -9.040000289678574E-002
   6.137999892234802E-001
   3.585999906063080E-001
   1.008000001311302E-001
   3.190999925136566E-001
   9.999999747378752E-005
       -1.248800039291382
  -7.786999940872192E-001
  -8.640000224113464E-002
        1.184900045394898
   5.576000213623047E-001
   3.224999904632568E-001
  -6.384000182151794E-001
       -1.030799984931946
  -8.996000289916992E-001
  -3.009999990463257E-001
  -4.239999949932098E-001
       -1.588799953460693
  -8.830999732017517E-001
       -1.077200055122376
       -1.371700048446655
       -1.709200024604797
       -1.202700018882752
  -6.560000181198120E-001
  -8.008999824523926E-001
  -4.948000013828278E-001
   4.850000143051148E-002
   5.360000133514404E-001
   9.857000112533569E-001
   5.645999908447266E-001
   1.571999937295914E-001
   2.896000146865845E-001
   7.382000088691711E-001
   3.562999963760376E-001
   7.285000085830689E-001
   7.326999902725220E-001
        1.054399967193604
  -1.295000016689301E-001
   6.804999709129334E-001
   7.087000012397766E-001
        1.106400012969971
        1.832700014114380
        1.633000016212463
   7.803000211715698E-001
        1.033900022506714
        1.854300022125244
        1.346400022506714
        1.309100031852722
   1.162000000476837E-001
   8.694999814033508E-001
        1.402199983596802
  -1.265999972820282E-001
  -4.767000079154968E-001
  -1.579999923706055E-002
  -8.460000157356262E-002
  -2.477999925613403E-001
  -2.050999999046326E-001
        1.047700047492981
        1.383800029754639
   9.312999844551086E-001
   5.231999754905701E-001
   1.886000037193298E-001
   4.670000076293945E-002
   3.325000107288361E-001
   4.135999977588654E-001
   1.689999923110008E-002
  -3.296999931335449E-001
  -2.542999982833862E-001
  -2.739000022411346E-001
   5.218999981880188E-001
   1.350000035017729E-002
   2.696999907493591E-001
  -8.259000182151794E-001
       -1.799399971961975
       -1.246000051498413
  -9.811999797821045E-001
  -4.636000096797943E-001
  -9.812999963760376E-001
       -1.240300059318543
       -1.796300053596497
       -1.771900057792664
       -2.437900066375732
       -1.401499986648560
  -8.580999970436096E-001
       -1.163100004196167
       -1.274299979209900
  -2.897999882698059E-001
  -1.310000009834766E-002
  -3.470999896526337E-001
  -3.504000008106232E-001
        1.180400013923645
   7.896000146865845E-001
   7.254999876022339E-001
   7.903000116348267E-001
   2.231000065803528E-001
   3.858999907970429E-001
  -4.704000055789948E-001
  -9.130000323057175E-002
   5.533000230789185E-001
        1.122400045394898
        1.095999956130981
        1.012400031089783
        1.473700046539307
        1.009500026702881
        1.286000013351440
        1.097100019454956
        1.686699986457825
   9.361000061035156E-001
   7.042000293731690E-001
        1.881700038909912
        1.232399940490723
   5.857999920845032E-001
   2.917999923229218E-001
   9.304999709129334E-001
   4.636000096797943E-001
  -4.369999840855598E-002
   9.205999970436096E-001
   8.187000155448914E-001
        1.294999957084656
   7.121999859809876E-001
        1.023300051689148
        1.301300048828125
   2.142000049352646E-001
  -3.510999977588654E-001
   6.829000115394592E-001
   6.316000223159790E-001
   2.569999918341637E-002
  -5.351999998092651E-001
   2.189999967813492E-001
   8.428999781608582E-001
   7.735000252723694E-001
   6.578000187873840E-001
  -7.240999937057495E-001
  -8.713999986648560E-001
       -1.174200057983398
       -1.479400038719177
       -1.237300038337708
   1.062000021338463E-001
       -1.112599968910217
       -1.406700015068054
       -1.337800025939941
       -1.930799961090088
       -1.321599960327148
  -2.894000113010407E-001
  -7.434999942779541E-001
  -3.199000060558319E-001
   3.587999939918518E-001
   8.340000361204147E-002
  -6.187000274658203E-001
  -3.899999894201756E-003
   5.507000088691711E-001
        1.350700020790100
  -1.669999957084656E-001
   5.612000226974487E-001
   5.645999908447266E-001
   1.678999960422516E-001
   6.489999890327454E-001
   8.859999775886536E-001
   6.686000227928162E-001
        1.319900035858154
   8.503999710083008E-001
   7.642999887466431E-001
   3.057999908924103E-001
        1.572800040245056
   7.609999775886536E-001
        1.846899986267090
        1.376999974250794
   6.568999886512756E-001
        1.110700011253357
        1.791399955749512
        2.096199989318848
        1.286800026893616
   9.725000262260437E-001
   2.854000031948090E-001
   4.036000072956085E-001
   5.012999773025513E-001
   9.440000057220459E-001
        1.383499979972839
   9.728000164031982E-001
   2.772000133991242E-001
   8.151000142097473E-001
        1.115700006484985
        1.014199972152710
   5.842000246047974E-001
   2.487999945878983E-001
   4.329000115394592E-001
   6.297000050544739E-001
   7.969999909400940E-001
  -5.950000137090683E-002
   3.869999945163727E-001
   2.229999937117100E-002
  -5.240000039339066E-002
  -7.854999899864197E-001
  -9.667000174522400E-001
       -1.651800036430359
  -8.754000067710877E-001
  -5.728999972343445E-001
  -1.852000057697296E-001
  -8.989999890327454E-001
  -9.042999744415283E-001
       -1.327000021934509
       -1.067100048065186
  -5.205000042915344E-001
  -1.501999944448471E-001
  -2.319000065326691E-001
   4.027999937534332E-001
  -1.618999987840653E-001
  -6.057000160217285E-001
  -9.490000009536743E-001
  -4.322000145912170E-001
   7.069999724626541E-002
   1.700000092387199E-002
   3.822000026702881E-001
  -2.539999969303608E-002
   7.178999781608582E-001
   4.011999964714050E-001
   4.573999941349030E-001
   3.856000006198883E-001
   6.090000271797180E-001
        1.618899941444397
        2.236000061035156
   7.375000119209290E-001
        1.318500041961670
        1.006999969482422
   8.870999813079834E-001
        1.349200010299683
        1.569100022315979
        2.001899957656860
        1.559499979019165
   9.478999972343445E-001
        1.370300054550171
        1.426900029182434
   9.621000289916992E-001
   2.252999991178513E-001
   6.880000233650208E-002
        1.076400041580200
   5.752000212669373E-001
        1.105299949645996
        1.162400007247925
   7.293000221252441E-001
   6.743999719619751E-001
   8.310999870300293E-001
   7.451000213623047E-001
   4.785999953746796E-001
   8.727999925613403E-001
   9.326999783515930E-001
        1.193400025367737
        1.181800007820129
        1.070600032806397
  -3.362999856472015E-001
  -2.193000018596649E-001
   1.372999995946884E-001
       -1.261999964714050
       -2.259999990463257
       -1.836599946022034
       -1.351300001144409
  -4.688000082969666E-001
       -1.087499976158142
  -6.004999876022339E-001
       -1.036399960517883
  -1.793999969959259E-001
   1.896000057458878E-001
   3.637999892234802E-001
        1.594400048255920
   6.392999887466431E-001
   8.903999924659729E-001
   1.679999940097332E-002
       -1.069100022315979
       -1.304399967193604
  -7.508000135421753E-001
   2.220000028610230E-001
   8.739999681711197E-002
  -3.790000081062317E-002
   1.077999994158745E-001
   1.393000036478043E-001
   4.627999961376190E-001
   7.092999815940857E-001
   5.570999979972839E-001
        1.321699976921082
        1.020799994468689
        2.461800098419190
        1.178599953651428
   7.886999845504761E-001
   4.602999985218048E-001
   8.102999925613403E-001
        1.359799981117249
        1.736400008201599
        1.180400013923645
        2.023400068283081
        1.148800015449524
   8.456000089645386E-001
   5.956000089645386E-001
   5.900999903678894E-001
        1.091099977493286
   4.350000023841858E-001
   6.276999711990356E-001
   2.101999968290329E-001
   9.764999747276306E-001
   9.470000267028809E-001
   6.628000140190125E-001
   4.916999936103821E-001
   8.370000123977661E-001
        1.112800002098084
        1.073199987411499
   7.070999741554260E-001
   2.116000056266785E-001
  -9.800000116229057E-003
   5.275999903678894E-001
   1.849000006914139E-001
  -1.631000041961670E-001
  -2.761999964714050E-001
  -9.790000319480896E-002
       -1.448799967765808
       -2.100399971008301
       -1.918400049209595
       -1.337599992752075
       -1.514899969100952
  -9.627000093460083E-001
       -1.204300045967102
  -9.293000102043152E-001
   4.800000041723251E-002
   5.137000083923340E-001
   3.831999897956848E-001
        1.158200025558472
        1.383999943733215
        1.887199997901917
   7.469999790191650E-002
  -4.878000020980835E-001
       -1.269199967384338
  -8.248999714851379E-001
  -4.611999988555908E-001
  -8.145999908447266E-001
  -4.936000108718872E-001
   2.723000049591065E-001
  -1.324999928474426E-001
  -8.850000053644180E-002
   4.269999861717224E-001
   7.318999767303467E-001
   8.086000084877014E-001
   3.192999958992004E-001
   8.008999824523926E-001
   4.149000048637390E-001
   8.264999985694885E-001
   8.234000205993652E-001
        1.212299942970276
        1.587599992752075
        1.480200052261353
        1.777699947357178
        1.979099988937378
   9.502000212669373E-001
   2.217999994754791E-001
       -1.265699982643127
   2.159000039100647E-001
   4.456000030040741E-001
        1.036599993705750
        1.407099962234497
   6.643000245094299E-001
        1.315999984741211
   7.166000008583069E-001
        1.361700057983398
   6.150000169873238E-002
        1.022500038146973
   8.633000254631043E-001
   9.986000061035156E-001
   2.935000061988831E-001
   3.603000044822693E-001
   4.032999873161316E-001
  -1.354999989271164E-001
  -2.594000101089478E-001
   5.150000005960465E-002
  -4.801000058650971E-001
  -8.100000023841858E-001
       -1.338500022888184
       -2.896800041198731
       -1.878000020980835
       -1.688599944114685
       -1.760499954223633
  -9.016000032424927E-001
  -3.989999890327454E-001
   1.793999969959259E-001
   5.001000165939331E-001
   9.042999744415283E-001
   7.886999845504761E-001
   9.118999838829041E-001
        1.456599950790405
        1.812700033187866
   2.926999926567078E-001
  -7.912999987602234E-001
       -1.137599945068359
       -1.089599967002869
       -1.243700027465820
  -1.207000017166138E-001
   8.969999849796295E-002
  -5.999999865889549E-002
   1.133999973535538E-001
  -1.370999962091446E-001
   3.777000010013580E-001
   2.167000025510788E-001
  -1.828999966382980E-001
   1.233000010251999E-001
   3.043000102043152E-001
   4.016999900341034E-001
        1.183400034904480
        1.901900053024292
        1.278800010681152
        1.591599941253662
        1.487300038337708
        1.447999954223633
   8.610000014305115E-001
   5.343999862670898E-001
  -7.160999774932861E-001
  -9.929999709129334E-001
  -8.917000293731690E-001
  -1.145000010728836E-001
  -5.541999936103821E-001
  -2.047999948263168E-001
   1.323000043630600E-001
   1.358000040054321E-001
   6.922000050544739E-001
        1.775900006294251
   9.891999959945679E-001
   7.283999919891357E-001
  -8.720000088214874E-002
  -2.142000049352646E-001
   3.704999983310700E-001
   5.629999935626984E-002
  -9.779000282287598E-001
  -7.329999804496765E-001
  -6.571999788284302E-001
   2.710000053048134E-002
  -1.272000074386597E-001
  -7.982000112533569E-001
       -1.600299954414368
       -1.766100049018860
       -1.648800015449524
  -8.705999851226807E-001
       -1.149399995803833
       -1.578999996185303
  -4.399999976158142E-002
   7.329999804496765E-001
   6.791999936103821E-001
        1.225000023841858
        1.467300057411194
        1.151600003242493
        1.340700030326843
        1.543900012969971
  -1.485999971628189E-001
  -9.190999865531921E-001
       -2.097500085830689
       -1.302399992942810
  -7.444999814033508E-001
   5.990000069141388E-002
  -2.300000051036477E-003
  -3.783999979496002E-001
   2.879999950528145E-002
       -1.465700030326843
       -1.148100018501282
       -1.723099946975708
  -3.964000046253204E-001
   4.131999909877777E-001
        1.223199963569641
        1.054399967193604
   7.411999702453613E-001
        1.246000051498413
        1.303900003433228
        1.300600051879883
        1.403399944305420
   7.548999786376953E-001
   4.780000075697899E-002
  -2.544000148773193E-001
       -1.307000041007996
       -1.660099983215332
       -1.555400013923645
       -1.291000008583069
  -6.290000081062317E-001
  -3.079000115394592E-001
   8.478000164031982E-001
   6.884999871253967E-001
        1.876799941062927
        1.537799954414368
        1.483299970626831
   4.016999900341034E-001
   5.271000266075134E-001
   1.501999944448471E-001
  -8.190000057220459E-002
  -2.108999937772751E-001
  -9.078999757766724E-001
  -8.471000194549561E-001
  -5.899999737739563E-001
   6.239999830722809E-002
  -7.689999788999558E-002
  -7.818999886512756E-001
       -1.487400054931641
       -1.950600028038025
  -8.769999742507935E-001
  -7.286999821662903E-001
  -7.621999979019165E-001
       -1.044000029563904
   1.435000002384186E-001
        1.097800016403198
        1.851300001144409
        1.273100018501282
        1.125100016593933
   2.881999909877777E-001
        1.531299948692322
        1.333299994468689
  -7.340999841690064E-001
  -9.653000235557556E-001
       -1.685199975967407
       -1.401800036430359
  -5.485000014305115E-001
  -1.054000034928322E-001
   4.776999950408936E-001
   5.964000225067139E-001
  -8.216000199317932E-001
       -1.908900022506714
       -2.444099903106690
       -1.852399945259094
  -7.329000234603882E-001
   9.329999983310700E-002
  -5.640000104904175E-002
   8.004999756813049E-001
   8.197000026702881E-001
  -1.520000025629997E-002
   5.000000000000000E-001
   1.215000003576279E-001
   4.776999950408936E-001
   4.120000004768372E-001
  -6.229000091552734E-001
  -9.943000078201294E-001
       -1.246999979019165
       -1.847499966621399
       -2.292700052261353
  -9.020000100135803E-001
   1.500000059604645E-001
  -3.691999912261963E-001
   2.980999946594238E-001
        1.536999940872192
        1.854200005531311
        1.812600016593933
        1.488399982452393
        1.646900057792664
   6.399999856948853E-001
  -6.927999854087830E-001
  -1.596000045537949E-001
  -4.982999861240387E-001
  -1.190999969840050E-001
   7.370000332593918E-002
  -6.344000101089478E-001
   5.501000285148621E-001
   4.659999907016754E-002
  -6.696000099182129E-001
  -8.389000296592712E-001
       -1.030200004577637
  -3.073000013828278E-001
   6.033999919891357E-001
  -9.042999744415283E-001
   5.363000035285950E-001
  -5.220000073313713E-002
        1.526200056076050
        1.309200048446655
   7.912999987602234E-001
   4.674000144004822E-001
   4.659000039100647E-001
        2.151400089263916
        1.314700007438660
  -7.131999731063843E-001
       -1.178300023078919
  -3.578999936580658E-001
       -1.093400001525879
  -9.713000059127808E-001
   1.562999933958054E-001
        1.049399971961975
   7.914999723434448E-001
  -9.828000068664551E-001
  -9.915000200271606E-001
  -5.661000013351440E-001
   3.000000142492354E-004
  -2.122000008821487E-001
   2.953999936580658E-001
  -1.618999987840653E-001
   2.114000022411346E-001
  -2.255000025033951E-001
  -3.467000126838684E-001
  -2.344000041484833E-001
  -3.506999909877777E-001
   5.533999800682068E-001
  -1.248999983072281E-001
   3.675999939441681E-001
       -1.488700032234192
       -1.972000002861023
       -1.985000014305115
       -1.638200044631958
       -1.422299981117249
  -2.295999974012375E-001
   3.229999914765358E-002
   8.439999818801880E-001
        1.363299965858460
        2.089099884033203
        2.547199964523315
        1.528499960899353
        1.571300029754639
   8.906000256538391E-001
       -1.019899964332581
       -1.197700023651123
  -1.940000057220459E-001
  -5.655999779701233E-001
  -4.929000139236450E-001
  -8.161000013351440E-001
   4.751999974250794E-001
   3.524000048637390E-001
  -2.651999890804291E-001
  -5.999999865889549E-002
  -6.988000273704529E-001
  -2.383999973535538E-001
   3.180000185966492E-002
        1.264099955558777
   8.874999880790710E-001
        2.208600044250488
   6.748999953269959E-001
        1.333600044250488
        1.253999948501587
   8.216000199317932E-001
   9.302999973297119E-001
        1.397199988365173
        2.001699924468994
  -7.699000239372253E-001
  -4.803000092506409E-001
  -7.343999743461609E-001
  -9.532999992370606E-001
  -9.488999843597412E-001
   2.319999970495701E-002
   8.185999989509583E-001
   9.860000014305115E-002
   3.666999936103821E-001
  -1.072999984025955E-001
  -1.014999970793724E-001
   5.209000110626221E-001
   7.627000212669373E-001
   1.020999997854233E-001
   1.099999994039536E-003
  -3.555999994277954E-001
   2.680999934673309E-001
   2.010000050067902E-001
  -5.101000070571899E-001
   3.003999888896942E-001
   4.460999965667725E-001
        1.087299942970276
  -1.242000013589859E-001
   3.190000057220459E-001
  -7.421000003814697E-001
       -1.093199968338013
       -1.314599990844727
  -4.984000027179718E-001
  -1.677999943494797E-001
  -2.348999977111816E-001
        1.112400054931641
        2.350100040435791
        1.177800059318543
        1.635699987411499
        1.355900049209595
        1.529299974441528
   4.458000063896179E-001
       -1.070000052452087
       -2.154999971389771
       -1.922600030899048
       -1.285799980163574
  -4.248000085353851E-001
  -4.629999995231628E-001
  -6.521000266075134E-001
  -7.001000046730042E-001
  -5.770999789237976E-001
  -5.504000186920166E-001
   2.869000136852264E-001
   5.253000259399414E-001
   4.589999914169312E-001
        1.358299970626831
        1.055999994277954
        1.274999976158142
        1.531700015068054
   7.656000256538391E-001
        1.330100059509277
   8.212000131607056E-001
        1.208500027656555
        1.616500020027161
        2.436899900436401
  -5.490000247955322E-001
  -8.978999853134155E-001
  -6.082000136375427E-001
  -6.244000196456909E-001
   1.512999981641769E-001
   4.864000082015991E-001
        1.261299967765808
        1.054299950599670
        1.623999953269959
        1.370200037956238
   3.691999912261963E-001
   2.899999916553497E-002
   7.181000113487244E-001
   8.690000176429749E-001
   8.073999881744385E-001
   3.034999966621399E-001
   8.532000184059143E-001
   2.231999933719635E-001
   8.120000362396240E-002
   9.490000009536743E-001
   4.557000100612640E-001
        1.092200040817261
   8.787000179290772E-001
   2.630000114440918E-001
  -7.634000182151794E-001
       -1.390699982643127
  -4.424999952316284E-001
  -7.867000102996826E-001
       -1.040500044822693
  -7.023000121116638E-001
   2.213000059127808E-001
   9.334999918937683E-001
   8.379999995231628E-001
   6.380000114440918E-001
   2.851000130176544E-001
   3.404999971389771E-001
   2.620000019669533E-002
  -9.113000035285950E-001
       -1.493399977684021
       -1.638200044631958
       -1.803400039672852
       -1.084599971771240
  -1.387999951839447E-001
  -4.239999949932098E-001
  -8.118000030517578E-001
  -9.750999808311462E-001
   2.572000026702881E-001
   4.377999901771545E-001
        1.008000016212463
   9.977999925613403E-001
   9.646000266075134E-001
   5.381000041961670E-001
        1.302000045776367
        1.024600028991699
   8.009999990463257E-001
   9.332000017166138E-001
   4.361000061035156E-001
        1.011999964714050
        1.188599944114685
        1.622799992561340
  -2.256000041961670E-001
  -4.171000123023987E-001
  -9.912999868392944E-001
  -5.012999773025513E-001
       -1.107399940490723
   1.836999952793121E-001
   9.765999913215637E-001
        1.771199941635132
        1.861500024795532
        2.319200038909912
   8.583999872207642E-001
   1.518000066280365E-001
   7.850000262260437E-001
        1.548200011253357
   9.452000260353088E-001
   9.451000094413757E-001
        1.135499954223633
   9.674999713897705E-001
        1.052399992942810
        1.673499941825867
   9.937999844551086E-001
   6.744999885559082E-001
   5.770999789237976E-001
        1.125499963760376
   2.354000061750412E-001
  -2.949000000953674E-001
  -2.396000027656555E-001
  -1.410000026226044E-002
       -1.024099946022034
  -6.384000182151794E-001
   4.014999866485596E-001
   8.586000204086304E-001
  -1.959999948740006E-001
  -5.806999802589417E-001
  -3.215000033378601E-001
   4.445999860763550E-001
  -3.982000052928925E-001
       -1.500399947166443
       -1.246000051498413
       -1.411999940872192
  -6.238999962806702E-001
  -3.235000073909760E-001
       -1.115499973297119
  -9.965000152587891E-001
  -1.896000057458878E-001
   2.318000048398972E-001
   7.067999839782715E-001
   6.808000206947327E-001
        1.098500013351440
   9.039999842643738E-001
   7.336000204086304E-001
   9.988999962806702E-001
        1.248700022697449
        1.566799998283386
        1.081599950790405
        1.065600037574768
   7.401999831199646E-001
        1.077100038528442
        1.434499979019165
        1.871500015258789
  -8.090999722480774E-001
  -2.388000041246414E-001
  -4.896000027656555E-001
  -3.404999971389771E-001
   5.130000039935112E-002
   5.117999911308289E-001
   6.848999857902527E-001
        1.080000042915344
        1.140100002288818
        1.728500008583069
        1.861899971961975
   7.483000159263611E-001
        1.016299962997437
   8.032000064849854E-001
   5.457999706268311E-001
        1.145499944686890
        1.089499950408936
        1.551499962806702
        1.144799947738648
        1.489799976348877
        1.493299961090088
        1.118199944496155
   5.098000168800354E-001
   7.591000199317932E-001
   6.270000338554382E-002
   3.285999894142151E-001
  -5.241000056266785E-001
  -4.314999878406525E-001
   6.514999866485596E-001
   1.020999997854233E-001
        1.493899941444397
  -2.322999984025955E-001
  -1.714999973773956E-001
  -7.843000292778015E-001
  -3.662999868392944E-001
  -1.169999968260527E-002
       -1.051900029182434
       -2.060300111770630
       -1.261999964714050
       -1.070000052452087
       -1.484300017356873
  -5.780000090599060E-001
       -1.290599942207336
  -7.979000210762024E-001
  -1.479000002145767E-001
   8.917999863624573E-001
   7.166000008583069E-001
        1.566599965095520
        1.216699957847595
        1.346199989318848
   5.601000189781189E-001
   5.192999839782715E-001
        1.153699994087219
        1.670600056648254
        1.761999964714050
   8.787999749183655E-001
        1.361700057983398
        1.485200047492981
        1.711699962615967
        1.463400006294251
       -1.102699995040894
  -8.522999882698059E-001
  -6.843000054359436E-001
   1.279000043869019E-001
   7.505000233650208E-001
   3.185000121593475E-001
  -3.150000050663948E-002
        1.261100053787231
        1.239899992942810
        1.815299987792969
        1.729699969291687
        1.381700038909912
   7.376000285148621E-001
   3.583000004291534E-001
   7.483999729156494E-001
  -6.220999956130981E-001
   2.615999877452850E-001
   7.290999889373779E-001
        1.435899972915649
        1.472200036048889
   8.428999781608582E-001
        1.223600029945374
        1.352200031280518
   9.700000286102295E-001
   2.373999953269959E-001
  -5.212000012397766E-001
  -6.912000179290772E-001
  -5.809000134468079E-001
   4.010000079870224E-002
   5.365999937057495E-001
   5.680999755859375E-001
  -7.052000164985657E-001
  -1.058999970555306E-001
  -1.464000046253204E-001
   5.720000267028809E-001
  -7.261999845504761E-001
       -1.320600032806397
       -2.237999916076660
  -8.992000222206116E-001
       -1.434299945831299
       -1.120599985122681
  -8.575999736785889E-001
  -5.142999887466431E-001
  -6.618000268936157E-001
   7.159999758005142E-002
   3.073999881744385E-001
   9.530000090599060E-001
        1.879999995231628
        1.245100021362305
        1.974599957466126
        1.125699996948242
   9.064999818801880E-001
        2.222700119018555
        1.686900019645691
        1.823899984359741
        1.358999967575073
   8.808000087738037E-001
   9.211999773979187E-001
        1.550999999046326
        1.585999965667725
       -1.326200008392334
  -4.325999915599823E-001
  -4.379999935626984E-001
   1.252000033855438E-001
  -5.066999793052673E-001
   1.055999994277954E-001
   1.534000039100647E-001
   1.717000007629395E-001
   9.182000160217285E-001
   7.702000141143799E-001
        1.082499980926514
        1.762199997901917
   8.072000145912170E-001
   6.457999944686890E-001
   8.982999920845032E-001
  -1.419000029563904E-001
   8.356999754905701E-001
   4.618999958038330E-001
        1.877799987792969
        1.400300025939941
        1.239699959754944
        1.196499943733215
        2.129100084304810
        1.483000040054321
   4.266999959945679E-001
  -2.583000063896179E-001
  -3.592000007629395E-001
  -4.158000051975250E-001
  -6.355999708175659E-001
   2.757000029087067E-001
   1.448999941349030E-001
  -3.418000042438507E-001
  -5.217999815940857E-001
       -1.195000052452087
  -3.671999871730804E-001
  -8.822000026702881E-001
       -1.520799994468689
       -1.125699996948242
       -1.216300010681152
       -1.325399994850159
  -4.190999865531921E-001
  -3.273999989032745E-001
  -5.105000138282776E-001
  -1.270000040531158E-001
   1.599999964237213E-001
   2.157000005245209E-001
   1.050999984145165E-001
        1.026000022888184
        1.639700055122376
        1.385400056838989
        1.741899967193604
        1.911900043487549
        1.266199946403503
        1.288300037384033
   6.362000107765198E-001
   8.629999756813049E-001
   3.828000128269196E-001
   2.122000008821487E-001
        1.756100058555603
        2.113500118255615
  -3.140999972820282E-001
   1.099999994039536E-002
   1.200000056996942E-003
   2.976000010967255E-001
   8.438000082969666E-001
   3.077000081539154E-001
   3.037999868392944E-001
   1.046999990940094E-001
        1.191900014877319
        1.184299945831299
   6.468999981880188E-001
        1.811499953269959
   1.306000053882599E-001
        1.408599972724915
   7.009000182151794E-001
   6.266999840736389E-001
   4.074000120162964E-001
   8.503000140190125E-001
        1.674299955368042
   8.838000297546387E-001
   7.275999784469605E-001
   2.973999977111816E-001
        1.292000055313110
        1.419299960136414
   6.389999985694885E-001
   9.910000115633011E-002
  -4.652999937534332E-001
  -1.275999993085861E-001
  -1.617999970912933E-001
  -2.212000042200089E-001
        1.033400058746338
   7.573000192642212E-001
  -7.954000234603882E-001
       -2.052299976348877
       -1.884099960327148
       -1.600999951362610
       -2.060699939727783
       -1.453699946403503
       -1.300600051879883
       -1.166599988937378
  -5.493000149726868E-001
       -1.242499947547913
       -1.150900006294251
  -7.560999989509583E-001
   6.617000102996826E-001
   5.846999883651733E-001
   8.661999702453613E-001
   8.314999938011169E-001
        1.038499951362610
        1.428599953651428
        1.312800049781799
        1.937899947166443
   2.809999883174896E-001
   7.617999911308289E-001
  -4.348999857902527E-001
  -3.795999884605408E-001
   6.979999691247940E-002
   3.752000033855438E-001
   3.440999984741211E-001
        1.142899990081787
  -4.598999917507172E-001
  -3.470999896526337E-001
  -1.172999963164330E-001
  -4.444999992847443E-001
  -4.824999868869782E-001
  -4.140000045299530E-002
   5.649999901652336E-002
   2.122000008821487E-001
   6.215999722480774E-001
        1.291000008583069
        1.011700034141541
        1.459699988365173
        1.198899984359741
   3.858000040054321E-001
  -4.255999922752380E-001
   4.553000032901764E-001
   9.006000161170960E-001
   5.924000144004822E-001
        1.383399963378906
   9.761999845504761E-001
        1.041900038719177
   2.673999965190888E-001
   8.960999846458435E-001
        1.328299999237061
   9.607999920845032E-001
   3.555999994277954E-001
  -3.179000020027161E-001
   1.260000001639128E-002
   4.812000095844269E-001
   3.467000126838684E-001
   4.546999931335449E-001
   2.038999944925308E-001
  -4.065999984741211E-001
       -1.300300002098084
       -2.045599937438965
       -1.870200037956238
       -1.649799942970276
       -1.881800055503845
  -6.906999945640564E-001
  -3.431999981403351E-001
  -7.513999938964844E-001
       -1.548900008201599
       -1.595000028610230
  -7.893000245094299E-001
  -4.713999927043915E-001
   5.899999737739563E-001
   1.307999938726425E-001
   5.078999996185303E-001
        1.129600048065186
        1.460600018501282
        1.353999972343445
        1.509099960327148
   5.806999802589417E-001
   6.733000278472900E-001
   4.296999871730804E-001
   4.390000104904175E-001
   4.415999948978424E-001
  -4.444999992847443E-001
   1.268000006675720E-001
   9.442999958992004E-001
   4.699999932199717E-003
  -6.589999794960022E-001
       -1.108700037002564
       -1.299000024795532
       -1.577499985694885
       -1.172399997711182
  -3.350000083446503E-001
   4.018000066280365E-001
   5.026000142097473E-001
   4.973999857902527E-001
   9.197999835014343E-001
        1.209499955177307
   9.456999897956848E-001
   7.455000281333923E-001
   1.747000068426132E-001
   8.967999815940857E-001
   4.541000127792358E-001
   2.326000034809113E-001
   7.185000181198120E-001
   4.948999881744385E-001
   8.249999880790710E-001
   7.443000078201294E-001
   8.391000032424927E-001
   9.810000061988831E-001
   4.941000044345856E-001
  -9.258000254631043E-001
  -1.467999964952469E-001
   2.944999933242798E-001
        1.209900021553040
   5.587000250816345E-001
   5.631999969482422E-001
   3.747000098228455E-001
  -5.487999916076660E-001
       -1.873200058937073
       -1.760599970817566
  -9.095000028610230E-001
       -1.050300002098084
  -9.477999806404114E-001
       -1.169399976730347
  -4.208000004291534E-001
       -1.242599964141846
       -1.072100043296814
  -2.535000145435333E-001
  -6.557999849319458E-001
       -1.158800005912781
       -1.264299988746643
       -1.184499979019165
  -3.089999966323376E-002
   4.099000096321106E-001
        1.066799998283386
        1.157099962234497
   3.323999941349030E-001
   1.281999945640564E-001
   9.567000269889832E-001
   6.899999976158142E-001
        1.257899999618530
        1.267300009727478
   2.370000034570694E-001
   1.263999938964844E-001
   5.960999727249146E-001
  -8.109999895095825E-001
  -1.079000011086464E-001
  -4.133000075817108E-001
  -9.301000237464905E-001
  -3.515999913215637E-001
  -6.050000190734863E-001
  -8.259999752044678E-002
  -1.617999970912933E-001
   2.154999971389771E-001
   8.855999708175659E-001
   6.266999840736389E-001
   3.510000109672546E-001
        1.269500017166138
        1.001500010490418
  -2.317000031471252E-001
   3.479999899864197E-001
   1.077999994158745E-001
  -1.132000014185906E-001
   3.352000117301941E-001
   8.669999986886978E-002
        1.069800019264221
        1.328600049018860
        1.269799947738648
   9.812999963760376E-001
   7.447000145912170E-001
  -1.867000013589859E-001
  -2.632000148296356E-001
  -8.200000040233135E-003
   9.470000118017197E-002
        1.116600036621094
        1.210800051689148
        1.021299958229065
  -7.135000228881836E-001
       -1.073699951171875
  -5.188999772071838E-001
  -9.074000120162964E-001
       -1.387699961662293
       -1.356899976730347
       -1.022600054740906
       -1.338500022888184
  -7.581999897956848E-001
  -8.177999854087830E-001
  -5.661000013351440E-001
  -3.102000057697296E-001
  -7.026000022888184E-001
       -1.708099961280823
       -1.231500029563904
  -6.700999736785889E-001
   2.693000137805939E-001
  -2.861999869346619E-001
   3.055000007152557E-001
   7.936000227928162E-001
   3.765999972820282E-001
   7.997000217437744E-001
        1.014000058174133
   9.036999940872192E-001
   8.820000290870667E-001
   7.249000072479248E-001
   4.395999908447266E-001
        1.302000045776367
  -5.605999827384949E-001
   4.019999876618385E-002
   3.770000115036964E-002
  -4.523000121116638E-001
  -4.959999918937683E-001
  -4.199000000953674E-001
       -1.266700029373169
  -3.285999894142151E-001
   9.250000119209290E-002
   1.492999941110611E-001
   1.425999999046326E-001
   8.991000056266785E-001
   3.560000061988831E-001
   3.955999910831451E-001
  -1.009000018239021E-001
   9.979000091552734E-001
  -8.104000091552734E-001
   5.909999832510948E-002
   2.202000021934509E-001
   3.546000123023987E-001
   7.944999933242798E-001
   3.788999915122986E-001
   3.032000064849854E-001
   5.917000174522400E-001
   5.493000149726868E-001
  -6.431000232696533E-001
       -1.402699947357178
   2.434999942779541E-001
  -7.096999883651733E-001
  -1.389999985694885E-001
   4.850000143051148E-002
  -1.499999966472387E-002
  -3.009999990463257E-001
       -1.337900042533875
       -1.911299943923950
       -1.637099981307983
       -1.883800029754639
       -1.508200049400330
       -2.274300098419190
       -1.902799963951111
       -1.504799962043762
  -7.328000068664551E-001
  -7.990000247955322E-001
       -1.066699981689453
       -1.433099985122681
       -1.422199964523315
  -3.100000089034438E-003
  -4.077000021934509E-001
   3.977000117301941E-001
  -4.776999950408936E-001
   2.430000007152557E-001
   9.085999727249146E-001
        1.180400013923645
   7.946000099182129E-001
        1.387699961662293
   6.176999807357788E-001
        1.358100056648254
        1.259400010108948
   8.312000036239624E-001
   3.880000114440918E-002
  -7.616000175476074E-001
       -1.248999953269959
  -3.537999987602234E-001
  -2.311999946832657E-001
  -2.754000127315521E-001
   1.057000011205673E-001
   6.800000369548798E-002
   2.337999939918518E-001
  -4.930999875068665E-001
   2.539999969303608E-002
   4.632999897003174E-001
        1.229200005531311
        1.146299958229065
   9.519000053405762E-001
   8.452000021934509E-001
   6.578000187873840E-001
   1.225000023841858E-001
   2.926999926567078E-001
   1.219999976456165E-002
        1.158200025558472
        1.084400057792664
  -1.861000061035156E-001
   2.560000121593475E-001
   2.797999978065491E-001
   1.288000047206879E-001
       -1.195399999618530
       -1.195600032806397
  -3.666999936103821E-001
  -2.910000085830689E-001
  -4.072999954223633E-001
   1.462000012397766E-001
  -8.468000292778015E-001
       -1.301300048828125
  -7.781999707221985E-001
       -1.082299947738648
       -2.299099922180176
       -2.167799949645996
       -1.804700016975403
       -2.993900060653687
       -1.904000043869019
       -1.938899993896484
       -2.154799938201904
       -1.324499964714050
       -2.731600046157837
       -1.860999941825867
       -1.349499940872192
  -4.392000138759613E-001
  -4.704999923706055E-001
  -4.814999997615814E-001
       -1.002599954605103
  -3.989000022411346E-001
   8.913000226020813E-001
   9.792000055313110E-001
   6.582000255584717E-001
   5.921000242233276E-001
   1.724999994039536E-001
   3.923000097274780E-001
   9.207999706268311E-001
   2.141000032424927E-001
   3.851999938488007E-001
  -5.124999880790710E-001
  -5.911999940872192E-001
  -9.081000089645386E-001
  -9.690999984741211E-001
  -4.061999917030335E-001
   1.356000006198883E-001
  -1.661999970674515E-001
   3.174000084400177E-001
   1.401000022888184E-001
   3.889000117778778E-001
   9.679999947547913E-001
   9.936000108718872E-001
        1.359099984169006
        1.459200024604797
   9.668999910354614E-001
   4.566000103950501E-001
   1.791999936103821E-001
  -7.544000148773193E-001
  -7.921000123023987E-001
        1.014500021934509
   7.175999879837036E-001
        1.038599967956543
   3.479000031948090E-001
   9.623000025749207E-001
   3.995999991893768E-001
  -3.578999936580658E-001
   1.562000066041946E-001
  -3.139999881386757E-002
  -7.370000332593918E-002
   5.547000169754028E-001
   5.949000120162964E-001
   5.688999891281128E-001
  -9.430000185966492E-001
       -1.391299962997437
       -2.026499986648560
       -2.424099922180176
       -1.821200013160706
       -1.345000028610230
       -2.267100095748901
       -2.212599992752075
       -2.270699977874756
       -2.392699956893921
       -1.974099993705750
       -2.368099927902222
       -2.001100063323975
       -1.473899960517883
  -4.806999862194061E-001
  -9.769999980926514E-002
  -7.684999704360962E-001
  -6.585000157356262E-001
       -1.073400020599365
   4.122000038623810E-001
  -2.074999958276749E-001
   3.111999928951263E-001
   2.671000063419342E-001
   6.342999935150147E-001
   8.026000261306763E-001
   2.175000011920929E-001
   7.646999955177307E-001
   7.180000096559525E-002
  -1.552000045776367E-001
  -2.703000009059906E-001
   1.914999932050705E-001
  -6.172000169754028E-001
  -5.220000073313713E-002
  -1.256999969482422E-001
  -3.244999945163727E-001
   3.999999898951501E-004
   2.480000071227551E-002
  -1.296000033617020E-001
   8.576999902725220E-001
        1.193400025367737
        1.604300022125244
        2.173700094223023
        1.301300048828125
  -2.207999974489212E-001
  -3.233000040054321E-001
  -7.720999717712402E-001
  -5.248000025749207E-001
  -2.876999974250794E-001
   2.563000023365021E-001
   8.716999888420105E-001
   3.030000030994415E-001
   6.485999822616577E-001
   7.867000102996826E-001
   2.073000073432922E-001
   6.330000162124634E-001
   9.183999896049500E-001
   5.382000207901001E-001
   1.966000050306320E-001
   7.562999725341797E-001
  -3.599999938160181E-003
  -2.444999963045120E-001
       -2.075000047683716
       -1.683599948883057
       -1.878399968147278
       -1.570399999618530
       -1.716599941253662
       -2.040699958801270
  -7.307999730110169E-001
       -1.577800035476685
       -1.805899977684021
       -2.059000015258789
       -1.854400038719177
       -1.988100051879883
  -9.610999822616577E-001
  -5.184999704360962E-001
   2.422000020742416E-001
  -5.059000253677368E-001
  -7.124999761581421E-001
       -1.049800038337708
       -1.264400005340576
  -3.014000058174133E-001
   3.003000020980835E-001
   5.455999970436096E-001
   6.855000257492065E-001
   5.250999927520752E-001
   1.088000014424324E-001
   2.705000042915344E-001
       -1.042700052261353
  -1.623000055551529E-001
   4.878999888896942E-001
  -2.775999903678894E-001
  -2.168000042438507E-001
  -1.862999945878983E-001
   3.650000095367432E-001
  -3.628000020980835E-001
   5.859000086784363E-001
  -5.640000104904175E-002
        1.172899961471558
   4.697000086307526E-001
   9.136999845504761E-001
        1.654000043869019
        1.164299964904785
   9.283000230789185E-001
  -6.251999735832214E-001
  -4.627999961376190E-001
       -1.087100028991699
  -6.672999858856201E-001
  -9.067000150680542E-001
  -3.185999989509583E-001
   5.579000115394592E-001
   5.784000158309937E-001
   3.596000075340271E-001
   1.791999936103821E-001
   1.766999959945679E-001
   6.432999968528748E-001
   6.287000179290772E-001
   7.041000127792358E-001
   4.839000105857849E-001
   5.066999793052673E-001
  -4.241999983787537E-001
  -3.939000070095062E-001
       -1.062500000000000
       -1.805600047111511
       -1.170199990272522
       -1.421399950981140
  -6.068000197410584E-001
  -3.693000078201294E-001
  -7.515000104904175E-001
       -1.610000014305115
       -1.362400054931641
       -1.327999949455261
  -7.182999849319458E-001
  -1.617999970912933E-001
  -5.332999825477600E-001
   6.322000026702881E-001
        1.031000018119812
  -2.552999854087830E-001
       -1.058200001716614
       -1.257400035858154
  -8.198000192642212E-001
   1.611000001430512E-001
   6.132000088691711E-001
   9.070000052452087E-001
   6.837000250816345E-001
   7.369999885559082E-001
   6.459999829530716E-002
  -4.832000136375427E-001
       -1.266600012779236
  -3.298999965190888E-001
   3.504000008106232E-001
   1.370000001043081E-002
  -5.156000256538391E-001
  -6.568999886512756E-001
   6.266999840736389E-001
   4.975000023841858E-001
   3.709999918937683E-001
   7.405999898910523E-001
   4.950999915599823E-001
   5.616000294685364E-001
   2.822999954223633E-001
        1.166599988937378
        1.763200044631958
        1.119899988174439
   1.407999992370606E-001
  -1.745000034570694E-001
  -6.049000024795532E-001
  -2.800000086426735E-002
  -2.353000044822693E-001
  -4.126000106334686E-001
        1.098500013351440
   3.425000011920929E-001
   9.185000061988831E-001
  -2.370000071823597E-002
        1.310899972915649
        1.476699948310852
        1.416200041770935
   4.068999886512756E-001
  -7.180000096559525E-002
   6.294000148773193E-001
   8.190000057220459E-001
   3.465999960899353E-001
   7.400000095367432E-002
  -9.431999921798706E-001
       -1.297799944877625
  -8.180000185966492E-001
  -6.294000148773193E-001
   3.991000056266785E-001
  -9.849999845027924E-002
  -5.909000039100647E-001
  -6.693999767303467E-001
  -8.712999820709229E-001
  -3.458999991416931E-001
  -7.970000058412552E-002
  -3.156999945640564E-001
   9.628999829292297E-001
   6.155999898910523E-001
  -5.559999868273735E-002
  -6.593999862670898E-001
       -1.663300037384033
       -1.720900058746338
  -4.799000024795532E-001
   1.284999996423721E-001
   5.892999768257141E-001
   9.466000199317932E-001
   6.316000223159790E-001
   9.690000116825104E-002
  -9.196000099182129E-001
       -1.637400031089783
   9.815000295639038E-001
  -2.169000059366226E-001
  -1.606000065803528E-001
  -3.391999900341034E-001
  -1.673000007867813E-001
  -2.267999947071075E-001
   3.860000148415566E-002
  -2.996999919414520E-001
   4.859999939799309E-002
  -3.544000089168549E-001
  -3.544999957084656E-001
   5.809000134468079E-001
        1.173499941825867
        1.692999958992004
   8.183000087738037E-001
   2.779999934136868E-002
   2.264000028371811E-001
   4.402000010013580E-001
   6.524000167846680E-001
  -1.885000020265579E-001
   5.256999731063843E-001
   5.587000250816345E-001
   7.868999838829041E-001
   6.259999871253967E-001
   5.629999935626984E-002
   7.128999829292297E-001
        1.559900045394898
        1.024000048637390
   1.238999962806702E-001
  -4.020000100135803E-001
  -9.619999676942825E-002
        1.521000027656555
   6.577000021934509E-001
   3.625999987125397E-001
  -4.733000099658966E-001
       -1.116099953651428
  -8.058000206947327E-001
  -3.662000000476837E-001
   2.222000062465668E-001
   2.109999954700470E-001
   9.222999811172485E-001
   5.113000273704529E-001
   5.959999933838844E-002
  -5.299000144004822E-001
   1.465000063180924E-001
   6.539999693632126E-002
   1.764000058174133E-001
  -6.693999767303467E-001
  -4.900000058114529E-003
  -2.838000059127808E-001
  -5.411999821662903E-001
  -9.132999777793884E-001
  -5.841000080108643E-001
   2.728999853134155E-001
  -7.186999917030335E-001
   5.260999798774719E-001
  -1.138999983668327E-001
  -9.650999903678894E-001
       -1.085500001907349
  -5.896000266075134E-001
   5.667999982833862E-001
  -7.199999876320362E-003
  -1.503999978303909E-001
  -1.368999928236008E-001
   1.720000058412552E-001
   2.387000024318695E-001
   1.342000067234039E-001
   1.221000030636787E-001
   3.950000181794167E-002
  -3.562000095844269E-001
   3.713000118732452E-001
   8.260999917984009E-001
        1.204800009727478
   9.765999913215637E-001
        1.063799977302551
   5.119999870657921E-002
   4.253000020980835E-001
  -5.457000136375427E-001
   7.736999988555908E-001
  -1.800000071525574E-001
   3.610000014305115E-001
   6.539999842643738E-001
   8.185999989509583E-001
   5.178999900817871E-001
  -3.754999935626984E-001
  -3.418000042438507E-001
   2.836000025272369E-001
   6.373000144958496E-001
   7.804999947547913E-001
   8.992000222206116E-001
        1.304299950599670
        1.974400043487549
   8.676999807357788E-001
  -5.684000253677368E-001
       -1.246500015258789
       -1.035500049591065
  -9.065999984741211E-001
   1.703000068664551E-001
   7.473000288009644E-001
   3.269000053405762E-001
   8.288000226020813E-001
   6.025999784469605E-001
  -8.743000030517578E-001
  -6.625999808311462E-001
  -5.189999938011169E-002
  -3.709999918937683E-001
  -9.089999794960022E-001
  -7.530000060796738E-002
  -3.679000139236450E-001
  -1.850000023841858E-001
   3.436999917030335E-001
  -2.558000087738037E-001
   5.988000035285950E-001
   1.142999976873398E-001
  -3.061999976634979E-001
   5.590999722480774E-001
  -7.731000185012817E-001
       -1.008800029754639
       -1.350000023841858
       -1.216199994087219
   6.711000204086304E-001
  -4.758999943733215E-001
  -2.739000022411346E-001
   2.605000138282776E-001
  -6.049999967217445E-002
   4.657000005245209E-001
  -5.993000268936157E-001
  -7.541000247001648E-001
       -1.144400000572205
  -5.303000211715698E-001
   5.234000086784363E-001
   1.237000003457069E-001
   8.540999889373779E-001
        1.018800020217896
   4.941999912261963E-001
  -3.050000071525574E-001
   4.639999940991402E-002
  -3.089999854564667E-001
   5.829999968409538E-002
   1.572999954223633E-001
   3.468999862670898E-001
   7.620999813079834E-001
   5.447000265121460E-001
   6.057999730110169E-001
   6.859999895095825E-002
   2.307000011205673E-001
   6.906999945640564E-001
   9.447000026702881E-001
   6.123999953269959E-001
        1.492400050163269
        1.191100001335144
   9.894999861717224E-001
   2.440000027418137E-001
   8.659999817609787E-002
  -6.058999896049500E-001
  -5.378000140190125E-001
  -2.151000052690506E-001
  -4.066999852657318E-001
   7.911000251770020E-001
   4.490000009536743E-001
  -1.278000026941299E-001
  -2.231000065803528E-001
       -1.839200019836426
       -1.970700025558472
       -1.339599967002869
  -4.113999903202057E-001
  -9.564999938011169E-001
  -8.909999728202820E-001
  -6.007999777793884E-001
   5.073000192642212E-001
        1.148100018501282
   7.106000185012817E-001
   8.709999918937683E-002
   1.070000007748604E-001
        1.117799997329712
        1.019700050354004
  -5.139999836683273E-002
  -8.023999929428101E-001
  -4.526999890804291E-001
       -1.108800053596497
  -2.010000050067902E-001
  -3.973999917507172E-001
  -2.001000046730042E-001
   6.721000075340271E-001
   4.947000145912170E-001
  -1.709000021219254E-001
  -1.009000018239021E-001
       -1.247799992561340
       -1.276399970054627
   5.350000038743019E-002
   2.658999860286713E-001
   8.076999783515930E-001
   2.268999963998795E-001
   4.941000044345856E-001
   1.225000023841858E-001
   3.504999876022339E-001
   3.037999868392944E-001
   5.590999722480774E-001
   3.637999892234802E-001
   6.509000062942505E-001
        1.519299983978272
        1.119799971580505
  -1.398999989032745E-001
  -2.830000035464764E-002
   2.624000012874603E-001
        1.100200057029724
        1.286100029945374
        1.141199946403503
   5.605000257492065E-001
        1.078400015830994
        1.507699966430664
   7.699999809265137E-001
   8.357999920845032E-001
   2.195000052452087E-001
  -5.274000167846680E-001
       -1.046499967575073
  -2.264000028371811E-001
  -3.016999959945679E-001
   1.985999941825867E-001
  -6.503000259399414E-001
  -3.104999959468842E-001
  -6.779000163078308E-001
       -1.052999973297119
       -1.802600026130676
       -1.403300046920776
  -7.598000168800354E-001
       -1.412700057029724
       -1.148900032043457
  -1.755000054836273E-001
   6.958000063896179E-001
   7.350000143051148E-001
   5.382999777793884E-001
   2.167000025510788E-001
  -4.986999928951263E-001
   1.524000018835068E-001
   4.427999854087830E-001
  -3.989000022411346E-001
  -9.057999849319458E-001
       -1.146199941635132
  -8.199999928474426E-001
   9.129999876022339E-001
   1.191999986767769E-001
   3.118000030517578E-001
  -3.835000097751617E-001
  -7.447999715805054E-001
   1.309999972581863E-001
   2.818999886512756E-001
  -6.744999885559082E-001
  -4.722000062465668E-001
   1.885000020265579E-001
   4.740000069141388E-001
        1.858700037002564
   8.744000196456909E-001
   1.324000060558319E-001
   9.071000218391419E-001
   7.646999955177307E-001
   2.966000139713287E-001
        1.266899943351746
   9.660000205039978E-001
   4.889000058174133E-001
  -2.349999919533730E-002
   8.320000022649765E-002
   3.529999852180481E-001
   7.134000062942505E-001
   2.940999865531921E-001
   6.820999979972839E-001
   1.274999976158142E-001
   8.783000111579895E-001
   9.205999970436096E-001
   5.236999988555908E-001
   3.287999927997589E-001
  -3.590000048279762E-002
        1.122200012207031
   8.906999826431274E-001
  -6.518999934196472E-001
  -5.472999811172485E-001
   2.450000047683716E-001
   1.976999938488007E-001
   5.070000141859055E-002
   1.076999977231026E-001
   8.129999786615372E-002
  -3.535000085830689E-001
  -7.010999917984009E-001
       -1.529500007629395
       -1.404199957847595
  -7.149999737739563E-001
  -7.174000144004822E-001
  -6.417000293731690E-001
  -3.589999973773956E-001
  -1.180000007152557E-001
  -2.759999968111515E-002
   6.211000084877014E-001
   2.125999927520752E-001
  -2.236000001430512E-001
  -5.670999884605408E-001
   6.069999933242798E-002
  -1.039000004529953E-001
  -5.339000225067139E-001
  -3.570000082254410E-002
  -1.312000006437302E-001
   3.632000088691711E-001
   3.427999913692474E-001
   4.596000015735626E-001
   4.864000082015991E-001
   2.833000123500824E-001
  -5.861999988555908E-001
   2.502999901771545E-001
  -2.944000065326691E-001
  -4.787000119686127E-001
   3.979999944567680E-002
  -1.979999989271164E-002
   9.531000256538391E-001
        1.240900039672852
   5.896000266075134E-001
   7.732999920845032E-001
        1.263599991798401
        1.621099948883057
        1.602800011634827
        1.140300035476685
   9.099000096321106E-001
   6.948000192642212E-001
  -1.922000050544739E-001
   2.633999884128571E-001
  -8.090999722480774E-001
  -8.899000287055969E-001
  -1.618999987840653E-001
  -8.560000061988831E-001
   2.951999902725220E-001
   1.115999966859818E-001
  -3.564999997615814E-001
  -2.804999947547913E-001
  -3.294999897480011E-001
   6.089999899268150E-002
   5.339000225067139E-001
  -8.428999781608582E-001
   2.003999948501587E-001
   5.041000247001648E-001
  -1.416999995708466E-001
  -1.063999980688095E-001
   1.137000024318695E-001
   2.260999977588654E-001
  -9.549999982118607E-002
       -1.148200035095215
       -2.233400106430054
       -1.447399973869324
       -1.414600014686585
       -1.252500057220459
  -7.845000028610230E-001
   3.978999853134155E-001
  -3.761000037193298E-001
   5.048999786376953E-001
        1.371399998664856
   9.862999916076660E-001
  -1.802999973297119E-001
   6.442999839782715E-001
   4.467000067234039E-001
   9.994999766349793E-001
        1.337100028991699
   3.257000148296356E-001
  -4.932999908924103E-001
  -8.727999925613403E-001
   8.649999648332596E-002
   2.276999950408936E-001
   3.122000098228455E-001
   5.850999951362610E-001
   5.127000212669373E-001
  -7.184000015258789E-001
   8.959999680519104E-002
  -4.010000079870224E-002
  -4.129999876022339E-002
   2.254000008106232E-001
   8.858000040054321E-001
        1.917000055313110
        1.191499948501587
        1.294700026512146
        1.262199997901917
        1.974900007247925
        2.175800085067749
        1.759199976921082
   5.497999787330627E-001
   5.532000064849854E-001
   2.504000067710877E-001
  -3.251000046730042E-001
  -7.799000144004822E-001
       -1.189100027084351
  -6.689999997615814E-002
        1.015400052070618
   2.190999984741211E-001
   4.603999853134155E-001
   7.620000094175339E-002
  -9.879999756813049E-001
       -2.176199913024902
       -1.181599974632263
  -5.102000236511231E-001
  -2.219999954104424E-002
   7.885000109672546E-001
   3.837999999523163E-001
   4.672000110149384E-001
   1.490000039339066E-001
   1.899999976158142E-001
  -2.113000005483627E-001
       -1.271600008010864
       -2.108799934387207
       -1.742799997329712
       -1.751500010490418
       -1.658100008964539
  -8.381000161170960E-001
  -4.666000008583069E-001
  -9.510999917984009E-001
  -2.811999917030335E-001
  -2.310999929904938E-001
   6.222000122070313E-001
   1.061000004410744E-001
   9.063000082969666E-001
   5.709999799728394E-001
   9.273999929428101E-001
   9.689000248908997E-001
   4.153999984264374E-001
   9.391000270843506E-001
   4.030000045895577E-002
  -3.979999944567680E-002
  -9.459999948740006E-002
  -5.496000051498413E-001
  -4.250000044703484E-002
   3.603999912738800E-001
   5.380000174045563E-002
  -3.989999890327454E-001
  -7.949000000953674E-001
  -1.623000055551529E-001
  -5.820999741554260E-001
  -5.820000171661377E-002
   6.306999921798706E-001
        2.186199903488159
        2.094899892807007
        1.446400046348572
        1.384899973869324
        2.296900033950806
        2.160599946975708
        1.488100051879883
   4.205999970436096E-001
  -8.060000091791153E-002
  -7.188000082969666E-001
       -1.159700036048889
  -1.516000032424927E-001
  -2.081000059843063E-001
  -1.606000065803528E-001
  -1.354999989271164E-001
        1.163400053977966
   9.186999797821045E-001
   1.319999992847443E-001
       -1.310700058937073
       -1.144700050354004
       -1.597300052642822
  -1.088000014424324E-001
   1.115999966859818E-001
        1.570500016212463
        1.294800043106079
   5.774000287055969E-001
   3.876000046730042E-001
  -8.398000001907349E-001
  -4.618000090122223E-001
  -9.876999855041504E-001
       -2.545399904251099
       -1.424700021743774
       -1.317299962043762
       -1.322800040245056
  -5.885000228881836E-001
  -2.407999932765961E-001
  -6.234999895095825E-001
       -1.045600056648254
  -5.913000106811523E-001
   1.084000021219254E-001
   4.392000138759613E-001
   7.671999931335449E-001
   7.890000194311142E-002
   7.630000114440918E-001
        1.188899993896484
        1.262099981307983
   7.021999955177307E-001
   5.615000128746033E-001
   4.068999886512756E-001
  -1.799999922513962E-002
   2.172999978065491E-001
   8.049999922513962E-002
  -2.248000055551529E-001
   6.344000101089478E-001
   1.783999949693680E-001
  -4.936000108718872E-001
   1.265999972820282E-001
   3.759999945759773E-002
   4.715999960899353E-001
   4.043000042438507E-001
   9.348999857902527E-001
        1.180600047111511
        1.860800027847290
        2.030800104141235
        1.839200019836426
        1.566100001335144
        1.230800032615662
   7.813000082969666E-001
   5.225999951362610E-001
  -5.370000004768372E-002
  -2.209999971091747E-002
   2.221000045537949E-001
   2.260000072419643E-002
   4.471000134944916E-001
   4.630999863147736E-001
        1.279999971389771
        1.230299949645996
  -2.991000115871429E-001
  -4.498000144958496E-001
       -1.033699989318848
       -1.456099987030029
  -7.466999888420105E-001
   7.613000273704529E-001
        1.654800057411194
        1.485800027847290
   2.551000118255615E-001
  -6.329999864101410E-002
  -7.710000127553940E-002
       -1.050799965858460
       -1.540099978446960
       -1.868700027465820
       -1.387899994850159
       -1.256100058555603
  -6.965000033378601E-001
  -2.594000101089478E-001
   7.129999995231628E-002
  -7.053999900817871E-001
  -4.607999920845032E-001
  -8.342999815940857E-001
  -5.849999934434891E-002
   4.025999903678894E-001
   2.797999978065491E-001
   1.678999960422516E-001
   6.707999706268311E-001
   8.543999791145325E-001
   6.521999835968018E-001
  -1.951999962329865E-001
   1.499999966472387E-002
        1.644600033760071
        1.570399999618530
   1.224000006914139E-001
   2.526000142097473E-001
   1.317999958992004E-001
   7.508999705314636E-001
        1.241600036621094
        1.159700036048889
        1.103700041770935
  -8.259999752044678E-002
  -8.049999922513962E-002
   4.348999857902527E-001
   5.121999979019165E-001
   7.797999978065491E-001
   9.957000017166138E-001
        1.353700041770935
        1.583799958229065
        1.488499999046326
        1.242300033569336
        1.286599993705750
   6.391999721527100E-001
        1.181399941444397
   4.914000034332275E-001
   2.881999909877777E-001
   8.139999955892563E-002
   8.368999958038330E-001
   7.383999824523926E-001
   5.978000164031982E-001
   9.473999738693237E-001
   6.689000129699707E-001
  -9.424999952316284E-001
  -8.652999997138977E-001
       -1.346699953079224
  -8.662999868392944E-001
  -3.779999911785126E-002
   4.726999998092651E-001
        1.101199984550476
   4.638000130653381E-001
  -6.529999971389771E-001
  -4.172999858856201E-001
       -1.141399979591370
  -8.460000157356262E-001
       -2.670000076293945
       -1.431800007820129
  -3.811999857425690E-001
  -7.451000213623047E-001
   8.590000122785568E-002
  -1.439999938011169E-001
  -2.931999862194061E-001
  -9.359999746084213E-002
   1.172000020742416E-001
        1.053599953651428
        1.009699940681458
   6.488000154495239E-001
  -2.808000147342682E-001
   4.447000026702881E-001
   2.451000064611435E-001
  -8.881999850273132E-001
  -8.190000057220459E-001
  -6.161000132560730E-001
        1.215100049972534
        1.636999964714050
        1.105200052261353
   9.904000163078308E-001
   8.752999901771545E-001
   9.247999787330627E-001
        1.484799981117249
        1.412199974060059
   9.405000209808350E-001
   5.409999936819077E-002
   4.693999886512756E-001
  -2.657999992370606E-001
   3.544999957084656E-001
  -5.138000249862671E-001
   1.456999927759171E-001
   6.428999900817871E-001
   5.672000050544739E-001
        1.759199976921082
        1.524899959564209
        1.418400049209595
        1.369400024414063
        1.353899955749512
        1.364599943161011
  -3.305000066757202E-001
   8.349999785423279E-002
        1.049700021743774
   6.395000219345093E-001
   2.881999909877777E-001
   7.218999862670898E-001
   4.866000115871429E-001
  -5.120999813079834E-001
       -1.025500059127808
       -1.213600039482117
       -1.042500019073486
   7.020000368356705E-002
  -3.427999913692474E-001
        1.156499981880188
   7.021999955177307E-001
   4.790999889373779E-001
  -3.458999991416931E-001
  -3.761000037193298E-001
  -8.687000274658203E-001
       -1.579399943351746
       -1.067499995231628
  -6.297000050544739E-001
  -8.758999705314636E-001
  -9.824000000953674E-001
  -3.009999990463257E-001
  -7.978000044822693E-001
  -3.242999911308289E-001
  -6.301000118255615E-001
   6.026999950408936E-001
   6.675999760627747E-001
   5.432000160217285E-001
   2.892999947071075E-001
   5.332000255584717E-001
   5.600000023841858E-001
  -6.865000128746033E-001
  -1.641000062227249E-001
  -5.975999832153320E-001
        1.119699954986572
        1.502900004386902
        1.194100022315979
        1.234099984169006
   8.335999846458435E-001
        1.368399977684021
   6.241000294685364E-001
   8.044000267982483E-001
        1.176900029182434
   7.674999833106995E-001
        1.137500047683716
  -2.734000086784363E-001
  -4.013999998569489E-001
  -4.889000058174133E-001
       -1.273100018501282
       -1.143700003623962
  -8.075000047683716E-001
   7.741000056266785E-001
   6.833999752998352E-001
        1.219200015068054
        1.353199958801270
        1.904700040817261
   3.984000086784363E-001
   3.526000082492828E-001
  -8.700000122189522E-003
  -7.819999754428864E-002
   1.964000016450882E-001
   6.310000270605087E-002
  -2.477999925613403E-001
  -7.961999773979187E-001
  -1.037999987602234E-001
  -7.588000297546387E-001
  -3.634000122547150E-001
  -8.274999856948853E-001
  -3.662000000476837E-001
   1.972000002861023E-001
   2.336000055074692E-001
   5.957999825477600E-001
   5.860999822616577E-001
   2.749999985098839E-002
  -5.110000073909760E-002
  -6.931999921798706E-001
       -1.055600047111511
  -1.852999925613403E-001
       -1.689299941062927
       -1.477300047874451
  -8.366000056266785E-001
  -4.040000140666962E-001
  -5.430999994277954E-001
  -4.181999862194061E-001
  -1.295000016689301E-001
   5.267000198364258E-001
   2.389000058174133E-001
  -3.052999973297119E-001
   7.919999957084656E-002
   3.028999865055084E-001
  -3.955000042915344E-001
   1.222999989986420E-001
   9.631000161170960E-001
  -4.801999926567078E-001
   1.430000066757202E-001
        1.177000045776367
   7.684000134468079E-001
   8.623999953269959E-001
   9.304999709129334E-001
        1.708699941635132
   8.601999878883362E-001
   9.222999811172485E-001
   9.228000044822693E-001
   7.231000065803528E-001
   4.361999928951263E-001
  -2.365999966859818E-001
       -1.085299968719482
  -2.720000036060810E-002
       -1.091699957847595
  -8.291000127792358E-001
  -1.086999997496605E-001
  -1.468999981880188E-001
   1.431999951601028E-001
   4.887999892234802E-001
        1.228399991989136
        1.012500047683716
   7.893000245094299E-001
  -6.629999727010727E-002
   8.550000190734863E-002
  -2.763000130653381E-001
  -1.799999922513962E-002
   3.452000021934509E-001
  -2.538000047206879E-001
  -2.303999960422516E-001
  -5.432999730110169E-001
  -1.779000014066696E-001
  -1.934999972581863E-001
       -1.051399946212769
  -7.529000043869019E-001
       -1.373100042343140
  -4.718999862670898E-001
   3.772000074386597E-001
  -3.999999910593033E-002
  -4.068999886512756E-001
  -1.799000054597855E-001
       -1.261999964714050
       -1.534000039100647
       -1.496299982070923
       -1.820700049400330
  -7.214000225067139E-001
       -1.050400018692017
  -5.788000226020813E-001
  -6.197000145912170E-001
  -9.302999973297119E-001
  -1.648000031709671E-001
  -9.130000323057175E-002
   7.656999826431274E-001
  -8.020000159740448E-002
  -2.539999969303608E-002
  -5.056999921798706E-001
  -8.823999762535095E-001
  -3.248000144958496E-001
  -1.730000041425228E-002
       -1.170699954032898
  -3.990000113844872E-002
   9.000999927520752E-001
   8.062000274658203E-001
        1.317600011825562
   4.365000128746033E-001
        1.590399980545044
        1.501299977302551
   8.424999713897705E-001
        1.741600036621094
   7.530999779701233E-001
   4.566999971866608E-001
   1.702000051736832E-001
  -1.691000014543533E-001
  -7.292000055313110E-001
       -1.151499986648560
  -1.993000060319901E-001
   1.427000015974045E-001
   9.359999746084213E-002
  -1.541000008583069E-001
        1.382799983024597
        1.113899946212769
   4.354000091552734E-001
   2.522999942302704E-001
   2.718000113964081E-001
   6.450999975204468E-001
   6.834999918937683E-001
   8.481000065803528E-001
        1.214499950408936
   4.593000113964081E-001
  -5.629999935626984E-002
  -6.298000216484070E-001
   1.499000042676926E-001
   4.551999866962433E-001
   1.441999971866608E-001
  -7.171999812126160E-001
  -6.219000220298767E-001
  -6.469999998807907E-002
  -2.734000086784363E-001
   2.601000070571899E-001
   3.298999965190888E-001
  -3.937000036239624E-001
  -8.998000025749207E-001
  -9.276999831199646E-001
  -7.437999844551086E-001
       -1.735399961471558
       -1.321499943733215
       -1.441200017929077
       -1.100000023841858
  -6.431000232696533E-001
  -8.589000105857849E-001
  -4.745999872684479E-001
  -3.213999867439270E-001
  -7.570999860763550E-001
  -1.159999966621399E-001
  -3.635999858379364E-001
  -3.727000057697296E-001
  -5.372999906539917E-001
  -6.022999882698059E-001
  -7.432000041007996E-001
       -1.181200027465820
  -1.419000029563904E-001
   3.691000044345856E-001
  -4.199999943375588E-002
        1.419299960136414
        1.118999958038330
        1.394400000572205
        1.179700016975403
        1.007300019264221
        1.814100027084351
        1.230999946594238
        1.113000035285950
        1.228000044822693
   4.765999913215637E-001
  -5.008999705314636E-001
  -6.732000112533569E-001
  -6.699999794363976E-003
  -6.350000202655792E-002
   4.862999916076660E-001
   6.790999770164490E-001
   6.300000101327896E-002
   4.498000144958496E-001
  -3.779999911785126E-002
  -5.254999995231628E-001
   2.481999993324280E-001
   5.602999925613403E-001
  -1.164999976754189E-001
  -3.189999982714653E-002
  -2.740000002086163E-002
   2.354999929666519E-001
   1.221000030636787E-001
   8.609999716281891E-002
   4.711000025272369E-001
   1.358000040054321E-001
  -3.989999890327454E-001
       -1.558799982070923
       -1.385699987411499
  -9.070000052452087E-001
   1.906999945640564E-001
   6.419000029563904E-001
   4.056999981403351E-001
   2.099000066518784E-001
  -8.195000290870667E-001
  -6.823999881744385E-001
       -1.288400053977966
       -1.320000052452087
       -1.456099987030029
       -1.098199963569641
       -1.059900045394898
   9.200000204145908E-003
  -8.446999788284302E-001
  -7.817999720573425E-001
  -2.592999935150147E-001
   4.923999905586243E-001
  -4.045999944210053E-001
   2.714999914169312E-001
  -5.572999715805054E-001
  -1.565999984741211E-001
   3.483000099658966E-001
  -4.930999875068665E-001
  -8.374000191688538E-001
        1.008399963378906
  -1.499999966472387E-002
   4.591999948024750E-001
   5.480999946594238E-001
   9.883000254631043E-001
        2.220400094985962
        1.975800037384033
        1.928900003433228
        2.225899934768677
        2.198800086975098
        2.077899932861328
        2.110699892044067
        1.882899999618530
   1.199000030755997E-001
  -2.034000009298325E-001
   1.644999980926514E-001
   3.170000016689301E-002
   1.691000014543533E-001
   4.986999928951263E-001
  -1.552000045776367E-001
       -1.040699958801270
  -9.290999770164490E-001
  -2.773000001907349E-001
   2.596000134944916E-001
   2.097000032663345E-001
  -3.467000126838684E-001
  -6.146000027656555E-001
  -4.237000048160553E-001
  -1.768999993801117E-001
   5.820000171661377E-002
        1.221199989318848
   1.893000006675720E-001
   4.149000048637390E-001
  -9.880000352859497E-002
       -1.247499942779541
       -1.443300008773804
  -7.656999826431274E-001
  -3.371999859809876E-001
  -2.140000090003014E-002
   1.564999967813492E-001
   3.565999865531921E-001
  -3.495000004768372E-001
  -2.063000053167343E-001
   2.282000035047531E-001
  -7.871999740600586E-001
  -8.483999967575073E-001
       -1.174600005149841
       -1.364300012588501
   1.280000060796738E-001
  -2.795000076293945E-001
  -2.809999883174896E-001
   6.284000277519226E-001
   2.596000134944916E-001
  -6.746000051498413E-001
  -4.270000010728836E-002
  -3.671000003814697E-001
   2.657999992370606E-001
        1.121899962425232
   2.146999984979630E-001
   4.521000087261200E-001
   5.175999999046326E-001
   1.634999960660934E-001
   6.836000084877014E-001
        1.023399949073792
        1.429200053215027
        2.244299888610840
        2.926800012588501
        3.505700111389160
        3.076699972152710
        2.368599891662598
        2.229099988937378
        2.340500116348267
        1.875000000000000
   3.278000056743622E-001
   3.668999969959259E-001
  -7.389999926090241E-002
  -2.597999870777130E-001
  -7.889000177383423E-001
   4.781000018119812E-001
   9.470000118017197E-002
   2.328000068664551E-001
  -1.949999928474426E-001
  -4.237999916076660E-001
  -2.256000041961670E-001
   3.537000119686127E-001
  -7.930000126361847E-002
  -2.716000080108643E-001
  -2.768000066280365E-001
  -1.739999949932098E-001
   8.312000036239624E-001
   5.942999720573425E-001
   2.497999966144562E-001
   5.163999795913696E-001
   2.352000027894974E-001
  -2.099999934434891E-001
  -4.600999951362610E-001
  -1.088000014424324E-001
  -1.779999956488609E-002
   3.799000084400177E-001
        1.338000059127808
   1.181000024080277E-001
  -3.876000046730042E-001
  -2.761999964714050E-001
  -1.856999993324280E-001
  -8.743000030517578E-001
  -2.511999905109406E-001
       -1.126799941062927
       -1.980599999427795
       -1.050699949264526
  -8.075000047683716E-001
  -5.350000262260437E-001
   3.000000142492354E-004
  -4.833999872207642E-001
  -9.300000220537186E-002
   3.871000111103058E-001
   9.611999988555908E-001
        1.162199974060059
        1.031499981880188
   4.198000133037567E-001
        1.015200018882752
   7.840000092983246E-002
   4.171000123023987E-001
   9.107000231742859E-001
        1.390300035476685
        2.503000020980835
        2.259000062942505
        2.432300090789795
        2.882699966430664
        3.244199991226196
        1.852300047874451
        3.095200061798096
        2.485300064086914
        1.238600015640259
   4.797999858856201E-001
   8.144000172615051E-001
   4.891000092029572E-001
  -7.544000148773193E-001
  -1.546999961137772E-001
  -2.500999867916107E-001
   6.406999826431274E-001
   9.071999788284302E-001
   4.690000042319298E-002
   1.105000004172325E-001
   2.743999958038330E-001
        1.060199975967407
  -2.588999867439270E-001
  -2.660000026226044E-001
  -3.546000123023987E-001
  -1.234999969601631E-001
   6.362000107765198E-001
   2.579999864101410E-001
   3.916000127792358E-001
   6.930999755859375E-001
   4.509999975562096E-002
   7.918999791145325E-001
  -1.964000016450882E-001
   3.655000030994415E-001
   9.666000008583069E-001
   2.603999972343445E-001
   5.899000167846680E-001
   1.999999949475750E-004
  -6.534000039100647E-001
  -5.566999912261963E-001
   1.237000003457069E-001
  -9.889999777078629E-002
  -2.231999933719635E-001
       -1.164899945259094
       -2.082900047302246
  -8.756999969482422E-001
  -6.525999903678894E-001
       -1.175999999046326
       -1.095700025558472
  -5.932999849319458E-001
  -2.592999935150147E-001
   5.479000210762024E-001
   3.788999915122986E-001
   9.764000177383423E-001
   3.569999933242798E-001
  -2.730999886989594E-001
   3.533999919891357E-001
        1.349499940872192
        1.631600022315979
        2.431400060653687
        1.399999976158142
        1.999199986457825
        3.320899963378906
        3.562000036239624
        4.062500000000000
        3.592099905014038
        2.393800020217896
        3.019599914550781
        3.279000043869019
        1.789899945259094
        1.190700054168701
   9.279000163078308E-001
   6.100999712944031E-001
   1.208000034093857E-001
  -6.115999817848206E-001
  -6.524999737739563E-001
   1.597000062465668E-001
  -8.510000258684158E-002
   6.379999965429306E-002
   5.321000218391419E-001
  -8.220999836921692E-001
   7.600000128149986E-003
  -4.318000078201294E-001
       -1.166200041770935
  -3.605000078678131E-001
   1.221000030636787E-001
   1.308999955654144E-001
   3.799999877810478E-002
   7.039999961853027E-002
  -7.451000213623047E-001
   1.670999974012375E-001
   4.330999851226807E-001
   2.779999934136868E-002
   1.412999927997589E-001
   3.592999875545502E-001
   3.321999907493591E-001
  -6.075999736785889E-001
  -4.717000126838684E-001
   1.405999958515167E-001
  -3.533000051975250E-001
   1.899999976158142E-001
  -5.550000071525574E-002
  -4.832000136375427E-001
       -1.090800046920776
       -1.109200000762940
  -8.701000213623047E-001
       -1.417899966239929
  -4.842000007629395E-001
  -2.694999873638153E-001
  -1.680999994277954E-001
   2.378000020980835E-001
   7.659000158309937E-001
   6.251999735832214E-001
   1.054999977350235E-001
        1.289499998092651
   1.641999930143356E-001
  -1.754000037908554E-001
