  -2.284000068902969E-001
  -2.160000056028366E-001
  -9.919999837875366E-001
       -1.108000040054321
  -4.873999953269959E-001
       -1.042099952697754
  -5.414000153541565E-001
   6.230999827384949E-001
   5.874999761581421E-001
        1.196200013160706
        1.419899940490723
   9.937999844551086E-001
  -1.342000067234039E-001
   5.873000025749207E-001
  -1.279000043869019E-001
   7.251999974250794E-001
   5.967000126838684E-001
        1.040899991989136
        1.146700024604797
   6.493999958038330E-001
        1.240499973297119
   1.442999988794327E-001
  -7.046999931335449E-001
  -8.313000202178955E-001
  -6.761000156402588E-001
  -4.910000041127205E-002
   5.900000035762787E-002
   1.172999963164330E-001
   1.747999936342239E-001
   5.449999868869782E-002
   3.926999866962433E-001
   5.451999902725220E-001
       -1.028800010681152
  -8.838000297546387E-001
  -5.374000072479248E-001
       -1.396700024604797
       -1.124600052833557
  -9.429000020027161E-001
  -5.139999836683273E-002
   6.284999847412109E-001
   8.654999732971191E-001
  -3.036000132560730E-001
   1.079000011086464E-001
   3.916000127792358E-001
  -3.463999927043915E-001
  -2.390999943017960E-001
  -2.973000109195709E-001
        1.108899950981140
   7.570000290870667E-001
        1.987100005149841
        1.441799998283386
        1.561300039291382
        1.738499999046326
        1.732100009918213
        1.743899941444397
        1.691599965095520
        2.176700115203857
        1.760900020599365
        1.214699983596802
        2.384999990463257
       -1.335299968719482
       -1.323500037193298
       -1.057100057601929
       -1.142099976539612
       -1.264500021934509
  -8.368999958038330E-001
       -1.194300055503845
   2.833000123500824E-001
   2.585000097751617E-001
   5.314000248908997E-001
   7.756999731063843E-001
   4.535000026226044E-001
  -1.110000014305115E-001
   5.180000141263008E-002
        1.188599944114685
        1.279299974441528
   5.573999881744385E-001
        1.442399978637695
        1.234400033950806
   4.255999922752380E-001
   8.776999711990356E-001
   1.541000008583069E-001
  -3.102000057697296E-001
       -1.393100023269653
       -1.162600040435791
  -2.125999927520752E-001
  -8.324000239372253E-001
  -1.530999988317490E-001
  -7.146000266075134E-001
   5.040000081062317E-001
   6.984000205993652E-001
   4.126000106334686E-001
   4.277000129222870E-001
  -5.741000175476074E-001
  -9.419999718666077E-001
       -2.038199901580811
       -1.830999970436096
       -1.189800024032593
  -4.478999972343445E-001
   8.324999809265137E-001
   5.597000122070313E-001
  -3.862999975681305E-001
       -1.180799961090088
   7.970000058412552E-002
   4.481999874114990E-001
   9.840999841690064E-001
   9.240000247955322E-001
   9.757999777793884E-001
        1.875000000000000
        1.760499954223633
        1.064299941062927
   9.824000000953674E-001
        1.703099966049194
   7.738000154495239E-001
   3.398000001907349E-001
        1.034299969673157
        1.299100041389465
        1.098399996757507
   3.772999942302704E-001
        1.525799989700317
       -1.530099987983704
       -1.038200020790100
       -1.432299971580505
       -1.439800024032593
  -9.925000071525574E-001
  -5.752999782562256E-001
  -3.407000005245209E-001
   1.820999979972839E-001
   4.614999890327454E-001
   8.116999864578247E-001
   9.595999717712402E-001
   8.050000071525574E-001
   3.759999871253967E-001
   9.083999991416931E-001
        1.182700037956238
        1.361099958419800
        1.384899973869324
        1.650599956512451
        1.408599972724915
   5.212000012397766E-001
  -1.740999966859818E-001
   1.968999952077866E-001
  -2.238000035285950E-001
       -1.446900010108948
       -1.216599941253662
       -1.817499995231628
       -1.539100050926209
       -1.239799976348877
  -7.894999980926514E-001
  -5.482000112533569E-001
  -2.048999965190888E-001
  -7.168999910354614E-001
   2.971000075340271E-001
   6.140000000596046E-002
       -1.191599965095520
       -1.414800047874451
       -1.408499956130981
  -8.306000232696533E-001
  -7.286000251770020E-001
   3.745999932289124E-001
   1.040000002831221E-002
  -7.849000096321106E-001
  -1.975000053644180E-001
   3.929999843239784E-002
   7.161999940872192E-001
   9.563000202178955E-001
        1.224400043487549
        1.462599992752075
        1.201799988746643
        1.079800009727478
   9.490000009536743E-001
  -5.522000193595886E-001
   8.949999809265137E-001
   6.814000010490418E-001
  -7.349999994039536E-002
   2.721999883651733E-001
        1.181300044059753
   8.643000125885010E-001
   6.776000261306763E-001
        1.212399959564209
  -7.645000219345093E-001
  -9.135000109672546E-001
  -9.947999715805054E-001
  -8.744000196456909E-001
       -1.290300011634827
       -1.085299968719482
  -3.799999877810478E-002
  -7.699999958276749E-003
   9.600000083446503E-002
  -5.414999723434448E-001
  -2.836999893188477E-001
   3.289000093936920E-001
   4.930000007152557E-002
        1.309900045394898
        1.043599963188171
        1.649600028991699
        1.821200013160706
        1.762699961662293
   9.611999988555908E-001
  -3.200000151991844E-002
  -4.526000022888184E-001
       -1.673900008201599
       -1.071499943733215
       -1.726199984550476
       -2.168999910354614
       -2.351099967956543
       -1.722100019454956
       -1.272099971771240
       -1.322700023651123
  -8.429999947547913E-001
  -7.731000185012817E-001
  -2.906000018119812E-001
   5.212000012397766E-001
   4.019999876618385E-002
  -5.245000123977661E-001
       -1.041800022125244
       -1.317600011825562
  -6.577000021934509E-001
  -5.407000184059143E-001
   8.839999884366989E-002
   4.972999989986420E-001
  -1.330000013113022E-001
  -4.989999905228615E-002
  -7.169999927282333E-002
  -9.920000284910202E-002
   6.265000104904175E-001
        1.058599948883057
        1.138800024986267
        1.608199954032898
   1.928000003099442E-001
  -1.955000013113022E-001
   8.619999885559082E-002
        1.133599996566773
        1.329699993133545
   4.524999856948853E-001
        1.222300052642822
        1.451900005340576
        1.385699987411499
        1.157299995422363
   7.325999736785889E-001
       -1.616199970245361
       -1.647600054740906
       -1.638599991798401
  -8.988000154495239E-001
       -2.431099891662598
       -1.538400053977966
       -1.274000048637390
  -9.506000280380249E-001
  -8.623999953269959E-001
  -7.759000062942505E-001
  -8.871999979019165E-001
  -5.959999933838844E-002
   1.988999992609024E-001
  -1.383000016212463E-001
        1.148699998855591
        1.208500027656555
        1.890200018882752
        1.627900004386902
   6.808999776840210E-001
   4.706000089645386E-001
  -3.303000032901764E-001
       -1.194900035858154
       -1.421599984169006
       -1.143800020217896
       -2.325900077819824
       -1.949399948120117
       -2.117000102996826
  -6.571999788284302E-001
  -7.106000185012817E-001
   3.944999873638153E-001
  -5.302000045776367E-001
  -6.258999705314636E-001
   5.139999985694885E-001
   3.095999956130981E-001
  -6.301000118255615E-001
  -9.778000116348267E-001
  -7.899000048637390E-001
       -1.066799998283386
       -1.042500019073486
   3.330999910831451E-001
  -1.068999990820885E-001
  -1.225999966263771E-001
  -8.560000360012054E-002
   3.853999972343445E-001
   1.347000002861023E-001
  -2.513000071048737E-001
   6.050000190734863E-001
   7.199000120162964E-001
   9.142000079154968E-001
   3.492999970912933E-001
  -7.983000278472900E-001
  -1.468999981880188E-001
   4.442999958992004E-001
   4.666999876499176E-001
        1.097599983215332
   9.338999986648560E-001
        1.530599951744080
        1.809100031852722
        1.760499954223633
   8.009999990463257E-001
       -1.761000037193298
       -2.557499885559082
       -1.700799942016602
       -1.529000043869019
       -2.083699941635132
       -1.695199966430664
       -1.794499993324280
       -1.909100055694580
       -1.322199940681458
  -8.452000021934509E-001
       -1.234300017356873
  -1.897999942302704E-001
   5.327000021934509E-001
   8.990000188350678E-002
   9.709999710321426E-002
        1.090499997138977
   3.441999852657318E-001
   5.490000173449516E-002
   2.176000028848648E-001
   2.476000040769577E-001
  -3.370000049471855E-002
   1.712000072002411E-001
  -3.589999973773956E-001
       -1.184800028800964
       -2.182600021362305
       -2.011899948120117
       -1.657500028610230
       -1.412199974060059
       -1.542500019073486
  -4.794000089168549E-001
  -9.093999862670898E-001
  -8.209000229835510E-001
  -5.224999785423279E-001
  -8.749999850988388E-002
  -2.957000136375427E-001
  -4.515999853610992E-001
       -1.558300018310547
  -9.093999862670898E-001
  -7.642999887466431E-001
  -2.842000126838684E-001
   2.705999910831451E-001
   3.030000068247318E-002
  -3.982999920845032E-001
  -8.806999921798706E-001
  -5.299999713897705E-001
  -4.691999852657318E-001
  -4.871000051498413E-001
   3.756000101566315E-001
   5.604000091552734E-001
   1.726000010967255E-001
   2.707000076770783E-001
  -5.784000158309937E-001
  -3.463000059127808E-001
   2.513999938964844E-001
   4.666999876499176E-001
   4.661999940872192E-001
   5.745999813079834E-001
        1.352800011634827
   8.270999789237976E-001
   2.168000042438507E-001
       -2.207900047302246
       -2.365000009536743
       -1.927399992942810
       -1.073500037193298
       -2.197099924087524
       -2.225699901580811
       -2.250699996948242
       -1.710100054740906
       -1.489099979400635
  -1.888999938964844E-001
  -3.319000005722046E-001
  -4.399999976158142E-002
  -3.210999965667725E-001
   7.620000094175339E-002
  -8.227999806404114E-001
  -5.990000069141388E-002
  -2.757000029087067E-001
   7.125999927520752E-001
   8.302000164985657E-001
        1.331500053405762
   9.642999768257141E-001
   9.247999787330627E-001
   8.269999921321869E-002
  -9.939000010490418E-001
       -1.476400017738342
       -1.898599982261658
       -1.556499958038330
  -5.368999838829041E-001
  -6.694999933242798E-001
  -7.659999728202820E-001
  -4.948999881744385E-001
  -8.751999735832214E-001
  -4.056000113487244E-001
  -5.770000219345093E-001
  -4.945999979972839E-001
  -8.528000116348267E-001
       -1.364799976348877
  -6.940000057220459E-001
   2.696999907493591E-001
   6.739000082015991E-001
   2.034000009298325E-001
  -5.270000174641609E-002
  -3.149000108242035E-001
   4.019999876618385E-002
       -1.445999979972839
  -9.101999998092651E-001
   2.922999858856201E-001
   8.187999725341797E-001
   5.436999797821045E-001
   7.548000216484070E-001
   1.444000005722046E-001
   4.447000026702881E-001
  -3.000999987125397E-001
        1.007300019264221
  -5.665000081062317E-001
  -9.616000056266785E-001
  -1.549999974668026E-002
   3.052999973297119E-001
  -3.007000088691711E-001
   1.089000031352043E-001
  -7.508000135421753E-001
       -1.308899998664856
       -1.760200023651123
       -1.760800004005432
       -1.302999973297119
       -1.955299973487854
       -1.506299972534180
       -2.003299951553345
       -1.684800028800964
  -2.109999954700470E-002
   4.959999918937683E-001
   2.865000069141388E-001
  -2.374999970197678E-001
   4.914999902248383E-001
  -6.639999896287918E-002
       -1.067199945449829
  -6.449999809265137E-001
   6.334000229835510E-001
   7.275999784469605E-001
   5.970000028610230E-001
        1.145699977874756
   6.869000196456909E-001
   5.184999704360962E-001
  -3.783000111579895E-001
       -1.041300058364868
  -7.732999920845032E-001
  -3.546000123023987E-001
  -9.731000065803528E-001
  -4.999999888241291E-003
  -3.233000040054321E-001
  -1.397999972105026E-001
  -8.019999861717224E-001
  -5.115000009536743E-001
       -1.428500056266785
  -4.972000122070313E-001
       -1.256100058555603
       -1.296200037002564
  -9.918000102043152E-001
  -6.075000166893005E-001
   3.258000016212463E-001
  -1.685999929904938E-001
  -4.860000014305115E-001
  -4.106999933719635E-001
  -3.790000081062317E-001
  -6.215000152587891E-001
  -7.078999876976013E-001
   6.808999776840210E-001
   9.355999827384949E-001
   1.440999954938889E-001
   4.343999922275543E-001
   7.929999828338623E-001
   4.541000127792358E-001
  -4.341000020503998E-001
  -2.428999990224838E-001
       -1.121700048446655
       -1.625100016593933
       -1.331699967384338
  -1.649000048637390E-001
   2.299000024795532E-001
   9.103999733924866E-001
       -1.718700051307678
       -1.622900009155273
       -1.920300006866455
       -1.751600027084351
       -1.826200008392334
       -1.737100005149841
       -1.900599956512451
       -2.441299915313721
       -1.355399966239929
  -9.962999820709229E-001
  -4.584999978542328E-001
  -2.193000018596649E-001
  -3.449999988079071E-001
   4.244000017642975E-001
   9.260000288486481E-002
  -4.020999968051910E-001
  -3.093000054359436E-001
   6.614000201225281E-001
   8.888999819755554E-001
   9.790999889373779E-001
        1.157899975776672
   2.678000032901764E-001
  -1.826999932527542E-001
  -9.315999746322632E-001
  -8.367000222206116E-001
       -1.026200056076050
       -1.079300045967102
  -5.447000265121460E-001
   8.618000149726868E-001
   8.205999732017517E-001
   1.713999956846237E-001
   7.354999780654907E-001
   8.213999867439270E-001
   4.487000107765198E-001
   1.712999939918518E-001
  -4.657000005245209E-001
  -9.460999965667725E-001
  -3.765000104904175E-001
   5.246000289916992E-001
   9.560000151395798E-002
  -9.735999703407288E-001
       -1.042799949645996
  -8.980000019073486E-001
  -1.756000071763992E-001
   1.448999941349030E-001
   7.527999877929688E-001
   3.521000146865845E-001
   6.553999781608582E-001
   8.770000189542770E-002
   2.536000013351440E-001
   9.663000106811523E-001
   1.738999933004379E-001
  -8.396999835968018E-001
  -8.718000054359436E-001
  -4.027999937534332E-001
       -1.274199962615967
       -1.369699954986572
       -1.321699976921082
   1.553999930620194E-001
   4.850000143051148E-002
       -3.069999933242798
       -2.415299892425537
       -2.712300062179565
       -2.198499917984009
       -2.556999921798706
       -2.313699960708618
       -2.400899887084961
       -2.112299919128418
       -1.722300052642822
       -1.537600040435791
  -2.456000000238419E-001
  -3.684000074863434E-001
  -2.743000090122223E-001
   4.208000004291534E-001
  -4.135999977588654E-001
   9.579999744892120E-002
   4.670000076293945E-002
   8.894000053405762E-001
        1.501799941062927
   7.293000221252441E-001
        1.292299985885620
   6.851999759674072E-001
   2.874000072479248E-001
  -6.248999834060669E-001
       -1.555999994277954
  -7.039999961853027E-001
       -1.015599966049194
  -1.154000014066696E-001
   3.515999913215637E-001
        1.252400040626526
        1.458299994468689
   6.930999755859375E-001
   7.836999893188477E-001
        1.273300051689148
   9.129999876022339E-001
  -7.819999754428864E-002
  -7.134000062942505E-001
  -8.005999922752380E-001
       -1.135900020599365
  -5.946999788284302E-001
  -4.332000017166138E-001
  -5.246999859809876E-001
  -2.031999975442886E-001
  -8.446999788284302E-001
  -1.127000004053116E-001
   7.598999738693237E-001
   5.336999893188477E-001
   2.336000055074692E-001
  -5.432000160217285E-001
   1.180000044405460E-002
   1.730999946594238E-001
  -8.560000360012054E-002
  -7.075999975204468E-001
  -4.591999948024750E-001
  -5.835000276565552E-001
       -1.945299983024597
       -1.349799990653992
  -5.285000205039978E-001
  -3.066000044345856E-001
   6.953999996185303E-001
       -3.661999940872192
       -2.391999959945679
       -2.949700117111206
       -3.122999906539917
       -2.534600019454956
       -1.811400055885315
       -2.266200065612793
       -2.119400024414063
       -1.889500021934509
  -5.353999733924866E-001
  -6.582999825477600E-001
  -4.589000046253204E-001
   2.177000045776367E-001
  -1.089000031352043E-001
  -3.898000121116638E-001
   1.729000061750412E-001
  -3.537999987602234E-001
   9.550999999046326E-001
        1.467000007629395
        1.316499948501587
        1.472300052642822
        1.114099979400635
   5.953999757766724E-001
  -8.862000107765198E-001
  -5.992000102996826E-001
  -4.986000061035156E-001
       -1.458600044250488
  -8.011000156402588E-001
  -4.589000046253204E-001
  -3.305999934673309E-001
        1.037299990653992
        1.726799964904785
   7.961999773979187E-001
        1.155500054359436
        1.162799954414368
   3.097000122070313E-001
  -6.974999904632568E-001
  -4.360000044107437E-002
   7.439000010490418E-001
  -1.620000004768372E-001
  -6.629999876022339E-001
  -9.453999996185303E-001
  -5.241000056266785E-001
   2.624999880790710E-001
   1.198000013828278E-001
  -1.988999992609024E-001
  -2.712000012397766E-001
   1.120000034570694E-001
  -7.070000171661377E-001
  -6.636999845504761E-001
       -1.012099981307983
  -8.084999918937683E-001
  -2.090999931097031E-001
  -2.840000018477440E-002
  -1.728000044822693E-001
       -1.016299962997437
  -9.578999876976013E-001
  -4.711999893188477E-001
   1.181999966502190E-001
   2.632000148296356E-001
       -1.804399967193604
       -2.491899967193604
       -2.436399936676025
       -2.675600051879883
       -2.785700082778931
       -2.115999937057495
       -1.488499999046326
  -8.876000046730042E-001
  -8.087999820709229E-001
   2.459999918937683E-002
   1.180000044405460E-002
  -9.210000187158585E-002
       -1.096199989318848
       -1.300199985504150
       -1.363000035285950
       -1.252300024032593
   7.590000331401825E-002
   5.181000232696533E-001
        1.133800029754639
        1.761299967765808
        1.513700008392334
        1.588000059127808
   9.973999857902527E-001
   7.602000236511231E-001
   8.669999986886978E-002
   3.607000112533569E-001
  -5.976999998092651E-001
  -7.052000164985657E-001
   2.750000059604645E-001
   6.999999750405550E-004
   5.525000095367432E-001
        1.115900039672852
   9.075000286102295E-001
   3.470000028610230E-001
  -7.060000300407410E-002
  -1.077999994158745E-001
  -8.139999955892563E-002
  -9.409999847412109E-001
  -2.730000019073486E-001
  -2.356999963521957E-001
  -4.401000142097473E-001
  -3.944000005722046E-001
   1.624999940395355E-001
        1.092100024223328
   7.434999942779541E-001
   9.685000181198120E-001
   2.635000050067902E-001
  -5.838000178337097E-001
       -1.183699965476990
       -1.108800053596497
  -7.756999731063843E-001
       -1.287700057029724
   2.646999955177307E-001
   7.030000090599060E-001
  -4.109999909996986E-002
  -3.804000020027161E-001
  -3.319000005722046E-001
   3.095000088214874E-001
   2.703999876976013E-001
   2.540999948978424E-001
       -1.208199977874756
       -1.662199974060059
       -1.628000020980835
       -2.856600046157837
       -2.252300024032593
       -1.518800020217896
       -1.321400046348572
  -7.951999902725220E-001
  -1.666000038385391E-001
   4.894999861717224E-001
  -5.564000010490418E-001
  -6.250000000000000E-001
       -1.800799965858460
       -1.951799988746643
  -6.427999734878540E-001
  -3.537999987602234E-001
  -6.589999794960022E-001
  -3.345000147819519E-001
   3.781000077724457E-001
   7.598000168800354E-001
        1.505599975585938
        1.871500015258789
        1.970999956130981
        1.093899965286255
   8.988999724388123E-001
   4.790999889373779E-001
   6.183000206947327E-001
   3.607000112533569E-001
   4.083999991416931E-001
        1.701099991798401
        1.218099951744080
        1.029199957847595
  -5.641000270843506E-001
  -6.470999717712402E-001
  -5.465000271797180E-001
       -1.055799961090088
  -2.517000138759613E-001
  -4.185999929904938E-001
   4.984999895095825E-001
  -2.583000063896179E-001
   3.869999945163727E-002
   5.853000283241272E-001
   6.959999799728394E-001
   5.939999818801880E-001
   6.728000044822693E-001
  -4.542999863624573E-001
  -2.924999892711639E-001
  -5.274000167846680E-001
       -1.903800010681152
  -9.575999975204468E-001
       -1.230599999427795
  -6.274999976158142E-001
   3.673000037670136E-001
   2.303999960422516E-001
  -6.413999795913696E-001
  -3.659000098705292E-001
  -2.818999886512756E-001
   1.966000050306320E-001
   5.012000203132629E-001
   8.525000214576721E-001
  -5.863999724388123E-001
  -5.892000198364258E-001
       -1.384799957275391
       -2.027199983596802
       -1.975100040435791
       -2.192500114440918
       -2.032999992370606
       -1.731500029563904
  -4.453000128269196E-001
  -3.747999966144562E-001
       -1.202800035476685
  -6.679999828338623E-001
       -1.161700010299683
       -1.459900021553040
  -6.126999855041504E-001
  -3.785000145435333E-001
  -5.404000282287598E-001
  -4.244000017642975E-001
   6.105999946594238E-001
        1.194700002670288
        2.155800104141235
        2.036099910736084
        1.743600010871887
        1.918799996376038
        1.931599974632263
        1.463400006294251
        1.231600046157837
   1.133999973535538E-001
        1.394199967384338
   9.341999888420105E-001
   8.206999897956848E-001
   9.128999710083008E-001
  -4.002999961376190E-001
  -2.078000009059906E-001
  -4.034000039100647E-001
  -8.837000131607056E-001
  -4.921999871730804E-001
       -1.034399986267090
   1.587000042200089E-001
   5.012999773025513E-001
   4.806999862194061E-001
   5.206000208854675E-001
   1.606000065803528E-001
   9.686999917030335E-001
   1.300000026822090E-002
       -1.083099961280823
  -8.891999721527100E-001
  -6.685000061988831E-001
       -1.401999950408936
       -1.450299978256226
       -1.822199940681458
  -9.409000277519226E-001
  -9.754999876022339E-001
       -1.013100028038025
  -4.925000071525574E-001
  -7.558000087738037E-001
   4.079000055789948E-001
  -1.099999994039536E-002
   9.260000288486481E-002
   4.952000081539154E-001
  -6.230000033974648E-002
  -7.243000268936157E-001
  -6.140999794006348E-001
       -1.633700013160706
       -2.418200016021729
       -1.524399995803833
       -2.389499902725220
       -1.702800035476685
       -1.253800034523010
       -1.522699952125549
  -8.851000070571899E-001
  -2.106000036001205E-001
  -1.004000008106232E-001
  -5.464000105857849E-001
  -6.999999750405550E-004
  -1.798000037670136E-001
   5.100000184029341E-003
   2.633000016212463E-001
   9.061999917030335E-001
        1.542000055313110
        2.587399959564209
        2.869999885559082
        2.660200119018555
        2.190099954605103
        2.746700048446655
        2.890300035476685
        1.063500046730042
        1.932299971580505
   9.765999913215637E-001
   5.508000254631043E-001
   3.106000125408173E-001
   4.535999894142151E-001
  -8.380000293254852E-002
  -2.899999963119626E-003
       -1.436200022697449
       -1.245800018310547
  -9.387999773025513E-001
       -1.049399971961975
   3.590000048279762E-002
   6.988000273704529E-001
        1.074800014495850
   6.482999920845032E-001
        1.516800045967102
   6.636999845504761E-001
   4.208999872207642E-001
   4.830000102519989E-001
  -4.002999961376190E-001
  -8.629000186920166E-001
       -1.026800036430359
  -2.177000045776367E-001
       -1.359899997711182
       -1.674700021743774
       -1.115000009536743
  -9.686999917030335E-001
       -1.035899996757507
  -8.481000065803528E-001
  -5.562000274658203E-001
  -2.833999991416931E-001
   4.235000014305115E-001
  -2.810000069439411E-002
   6.310000270605087E-002
  -8.029999732971191E-001
  -1.184000000357628E-001
  -6.474999785423279E-001
       -1.574499964714050
       -1.604300022125244
       -2.297199964523315
       -1.934800028800964
  -4.456000030040741E-001
  -8.921999931335449E-001
  -8.047999739646912E-001
   5.559999868273735E-002
   4.045000076293945E-001
   6.960000097751617E-002
   4.019999876618385E-002
   3.404000103473663E-001
   1.379999965429306E-001
   3.046999871730804E-001
        1.578199982643127
        2.153599977493286
        1.984400033950806
        2.394399881362915
        3.059999942779541
        2.343600034713745
        2.533900022506714
        2.854199886322022
        2.127399921417236
        1.316799998283386
   1.159999985247850E-002
   6.360000371932983E-002
   7.731999754905701E-001
   7.623000144958496E-001
   2.790000140666962E-001
  -6.615999937057495E-001
       -1.167400002479553
       -1.153200030326843
  -1.533000022172928E-001
  -7.418000102043152E-001
   1.580000072717667E-001
   4.875000119209290E-001
   8.478000164031982E-001
        1.280200004577637
        1.366999983787537
   3.713000118732452E-001
   2.025000005960465E-001
   3.851000070571899E-001
   5.863999724388123E-001
  -7.829999923706055E-002
  -5.702000260353088E-001
       -1.378399968147278
       -1.449100017547607
       -2.219599962234497
       -1.595800042152405
       -1.305600047111511
       -1.084400057792664
   4.203999936580658E-001
   2.509000003337860E-001
  -7.140000164508820E-002
   4.546999931335449E-001
   2.544000148773193E-001
   8.690000325441361E-002
  -2.544000148773193E-001
  -2.822999954223633E-001
       -1.367200016975403
       -2.202699899673462
       -1.648399949073792
  -3.714999854564667E-001
  -7.785000205039978E-001
   1.869000047445297E-001
  -3.810000047087669E-002
  -4.919999837875366E-002
  -2.425000071525574E-001
   6.030000001192093E-002
   1.691000014543533E-001
   1.472000032663345E-001
   1.705999970436096E-001
  -4.007000029087067E-001
   4.151999950408936E-001
   9.923999905586243E-001
        1.462800025939941
        1.254099965095520
        1.605800032615662
        2.244199991226196
        1.828199982643127
        1.154600024223328
        1.712499976158142
        1.539399981498718
        1.275900006294251
   6.521999835968018E-001
   4.273999929428101E-001
   3.729000091552734E-001
  -4.088999927043915E-001
   6.759999692440033E-002
   2.398000061511993E-001
   3.519999980926514E-002
  -5.713999867439270E-001
  -3.079000115394592E-001
  -5.680999755859375E-001
   4.360000044107437E-002
   2.732000052928925E-001
  -2.768999934196472E-001
  -1.070000007748604E-001
   6.258999705314636E-001
  -2.193000018596649E-001
  -1.791000068187714E-001
   5.181999802589417E-001
   7.663000226020813E-001
   1.456000059843063E-001
  -6.845999956130981E-001
  -8.245999813079834E-001
       -1.851799964904785
       -1.088199973106384
  -8.734999895095825E-001
       -1.334499955177307
       -1.663699984550476
  -9.121000170707703E-001
  -7.609999924898148E-002
   9.239999949932098E-002
   2.425000071525574E-001
  -2.799000144004822E-001
  -3.370999991893768E-001
  -7.067000269889832E-001
  -9.876999855041504E-001
  -8.471000194549561E-001
       -1.434900045394898
       -1.197800040245056
  -7.828000187873840E-001
  -5.135999917984009E-001
  -2.379000037908554E-001
   1.159999985247850E-002
   2.790000140666962E-001
  -2.375999987125397E-001
  -9.645000100135803E-001
  -4.711000025272369E-001
   3.118000030517578E-001
   3.504999876022339E-001
   7.325999736785889E-001
   4.593999981880188E-001
   8.738999962806702E-001
   9.121999740600586E-001
   4.884999990463257E-001
        1.136999964714050
        1.429900050163269
        1.483100056648254
        1.156999945640564
        1.687999963760376
        1.849099993705750
        1.872499942779541
        1.304600000381470
  -9.120000153779984E-002
  -7.860999703407288E-001
   2.484000027179718E-001
        1.238899946212769
   6.409000158309937E-001
   1.582999974489212E-001
   5.482000112533569E-001
   4.377000033855438E-001
   6.279999762773514E-002
  -2.531999945640564E-001
       -1.017199993133545
  -4.801000058650971E-001
  -8.727999925613403E-001
  -7.570000290870667E-001
       -1.097699999809265
  -8.842999935150147E-001
  -6.087999939918518E-001
  -3.578000068664551E-001
  -4.955999851226807E-001
  -4.699999988079071E-001
  -3.291000127792358E-001
  -1.642999947071075E-001
  -6.934999823570252E-001
       -1.218099951744080
  -7.901999950408936E-001
  -6.108999848365784E-001
   1.437000036239624E-001
  -5.895000100135803E-001
  -1.597000062465668E-001
   2.513999938964844E-001
  -4.679000079631805E-001
       -1.454300045967102
       -1.895900011062622
       -1.370399951934815
  -9.556000232696533E-001
       -1.220000028610230
       -1.382599949836731
  -5.022000074386597E-001
  -1.033999994397163E-001
  -3.650999963283539E-001
   1.671999990940094E-001
  -4.899999871850014E-002
  -1.493999958038330E-001
  -2.159000039100647E-001
  -8.309999853372574E-002
  -2.800000086426735E-002
   3.310999870300293E-001
   8.495000004768372E-001
   3.808000087738037E-001
   9.489999711513519E-002
   8.058999776840210E-001
        1.259199976921082
        1.391999959945679
        1.345399975776672
        1.606199979782105
        1.774000048637390
   9.107999801635742E-001
        2.312500000000000
        2.454999923706055
        1.089800000190735
   1.455000042915344E-001
  -3.591000139713287E-001
   6.330999732017517E-001
        1.291700005531311
   5.968000292778015E-001
   1.616999953985214E-001
   2.294999957084656E-001
   4.108999967575073E-001
   2.469000071287155E-001
  -2.859999984502792E-002
  -2.214999943971634E-001
       -1.306300044059753
       -1.777400016784668
       -1.085199952125549
       -1.286800026893616
       -1.138800024986267
       -1.072199940681458
  -6.212000250816345E-001
  -8.831999897956848E-001
       -1.253299951553345
       -1.326099991798401
       -1.296800017356873
       -1.632200002670288
       -1.057299971580505
  -5.248000025749207E-001
  -5.065000057220459E-001
  -1.772000044584274E-001
  -6.399999856948853E-001
  -6.503000259399414E-001
  -5.310000106692314E-002
  -6.755999922752380E-001
       -1.944800019264221
       -2.023299932479858
       -1.927000045776367
  -8.949999809265137E-001
       -1.397799968719482
  -3.720000088214874E-001
  -4.964999854564667E-001
  -4.456999897956848E-001
  -9.212999939918518E-001
   3.390000015497208E-002
  -1.603000015020371E-001
  -4.711000025272369E-001
   2.177000045776367E-001
  -2.890000045299530E-001
  -2.044000029563904E-001
  -9.473000168800354E-001
  -4.117999970912933E-001
   1.559999957680702E-002
  -3.034000098705292E-001
        1.066300034523010
        1.285099983215332
        1.250000000000000
        1.256100058555603
        1.264199972152710
   5.067999958992004E-001
        1.439700007438660
        2.329099893569946
        2.242700099945068
        1.660500049591065
   8.309000134468079E-001
  -1.049999967217445E-001
   4.724000096321106E-001
   4.395000040531158E-001
   3.867000043392181E-001
  -8.489999920129776E-002
   3.650999963283539E-001
   2.246000021696091E-001
   1.810999959707260E-001
  -5.300999879837036E-001
  -9.671000242233276E-001
       -1.551499962806702
       -2.018699884414673
       -2.168699979782105
       -2.163700103759766
       -1.669399976730347
       -1.460899949073792
       -1.185400009155273
       -1.233399987220764
       -1.098000049591065
  -5.663999915122986E-001
       -1.069800019264221
       -1.146700024604797
       -1.108700037002564
  -6.391999721527100E-001
  -9.640000015497208E-002
  -1.349000036716461E-001
   2.229999937117100E-002
  -8.216999769210815E-001
  -8.179999887943268E-002
  -7.545999884605408E-001
       -1.324100017547607
       -1.605299949645996
  -9.969999790191650E-001
       -1.596199989318848
       -1.567499995231628
  -6.728000044822693E-001
  -6.126000285148621E-001
   4.160999953746796E-001
  -6.456000208854675E-001
  -2.838000059127808E-001
  -2.822999954223633E-001
  -4.318999946117401E-001
   3.907000124454498E-001
   2.635000050067902E-001
  -4.059999883174896E-001
       -1.486299991607666
       -1.607900023460388
       -1.101699948310852
  -4.368000030517578E-001
   3.932000100612640E-001
        1.083199977874756
        1.113199949264526
   3.472999930381775E-001
   3.788999915122986E-001
        1.281900048255920
        1.969699978828430
        2.358099937438965
        2.250299930572510
        1.404399991035461
        1.749199986457825
   6.671000123023987E-001
        1.028800010681152
  -6.197999715805054E-001
  -2.757999897003174E-001
  -6.047000288963318E-001
  -5.763999819755554E-001
  -3.145000040531158E-001
  -1.160999983549118E-001
  -3.179999887943268E-001
  -7.239999771118164E-001
       -1.484599947929382
       -2.414599895477295
       -2.318399906158447
       -2.115900039672852
       -2.567100048065186
       -1.872699975967407
       -1.475600004196167
       -1.448500037193298
       -1.468500018119812
       -2.017400026321411
       -2.345900058746338
       -1.723899960517883
  -7.878000140190125E-001
  -6.794000267982483E-001
       -1.166399955749512
  -3.377000093460083E-001
       -1.116999983787537
  -7.900000363588333E-002
   8.799999952316284E-002
  -5.877000093460083E-001
  -7.531999945640564E-001
  -6.725999712944031E-001
       -1.201200008392334
       -1.387799978256226
  -4.638000130653381E-001
  -5.042999982833862E-001
  -6.033999919891357E-001
  -5.217000246047974E-001
       -1.114300012588501
       -1.243000030517578
  -9.466000199317932E-001
  -8.974000215530396E-001
   2.083999961614609E-001
  -5.763000249862671E-001
       -1.013900041580200
       -1.097300052642822
       -1.437500000000000
       -1.794499993324280
  -6.134999990463257E-001
  -2.815999984741211E-001
   4.785999953746796E-001
  -3.355999886989594E-001
   1.600000075995922E-002
   2.673999965190888E-001
        1.571699976921082
        1.754099965095520
        2.425600051879883
        2.164000034332275
        1.685199975967407
        1.509199976921082
   4.652999937534332E-001
   2.545000016689301E-001
  -5.281000137329102E-001
  -1.894000023603439E-001
  -7.885000109672546E-001
       -1.035799980163574
  -9.232000112533569E-001
  -9.208999872207642E-001
       -1.200000047683716
  -5.314000248908997E-001
       -1.159700036048889
       -1.863499999046326
       -1.579300045967102
       -1.880399942398071
       -1.586400032043457
       -1.444399952888489
       -1.319900035858154
       -1.823500037193298
       -2.040100097656250
       -2.402899980545044
       -2.349600076675415
       -1.731400012969971
  -6.570000052452087E-001
  -1.512999981641769E-001
  -7.773000001907349E-001
  -3.490000069141388E-001
       -1.407799959182739
  -4.742000102996826E-001
       -1.455500006675720
       -1.095700025558472
  -5.216000080108643E-001
  -6.643000245094299E-001
       -1.456200003623962
       -1.021999955177307
  -9.782999753952026E-001
       -1.422999978065491
       -1.098899960517883
  -6.341000199317932E-001
       -1.053799986839294
       -1.882099986076355
       -1.601699948310852
  -6.370000243186951E-001
  -3.675000071525574E-001
  -8.015999794006348E-001
       -1.106299996376038
  -9.095000028610230E-001
  -8.641999959945679E-001
  -7.924000024795532E-001
  -2.396000027656555E-001
  -5.180000141263008E-002
  -1.262000054121018E-001
  -6.480000168085098E-002
   8.370000123977661E-001
   9.089999794960022E-001
        1.702299952507019
        1.884899973869324
        1.731299996376038
        1.445099949836731
   9.021999835968018E-001
   8.852999806404114E-001
   3.427000045776367E-001
  -7.364000082015991E-001
  -6.617000102996826E-001
  -8.869000077247620E-001
  -1.327999979257584E-001
  -5.424000024795532E-001
  -5.687999725341797E-001
  -6.416000127792358E-001
  -3.350999951362610E-001
  -8.506000041961670E-001
  -9.018999934196472E-001
       -1.893200039863586
       -1.963299989700317
       -1.107599973678589
       -1.304299950599670
       -1.842200040817261
       -1.619899988174439
       -2.229000091552734
       -1.840000033378601
       -2.000999927520752
       -2.264400005340576
       -2.398799896240234
       -1.049100041389465
  -9.750999808311462E-001
       -1.701099991798401
       -2.320899963378906
       -2.161499977111816
       -1.228000044822693
       -1.962399959564209
       -2.515899896621704
  -2.831000089645386E-001
       -1.064599990844727
       -1.348299980163574
  -9.120000004768372E-001
       -1.173300027847290
       -1.695700049400330
       -2.190500020980835
       -2.304800033569336
       -2.222100019454956
       -2.516499996185303
       -3.041300058364868
       -1.496000051498413
  -6.524999737739563E-001
       -1.160899996757507
       -1.566900014877319
       -1.229599952697754
       -1.055799961090088
  -1.629000008106232E-001
   2.056999951601028E-001
   7.605000138282776E-001
  -1.577000021934509E-001
   2.784999907016754E-001
   9.110000133514404E-001
        1.456099987030029
        1.594300031661987
        1.710000038146973
        2.228499889373779
        1.035799980163574
   1.093000024557114E-001
   3.989999890327454E-001
  -2.581999897956848E-001
       -1.523399949073792
  -6.710000038146973E-001
  -9.629999995231628E-001
       -1.263200044631958
  -8.205999732017517E-001
  -9.329999983310700E-002
  -4.221000075340271E-001
  -5.332999825477600E-001
       -1.518900036811829
       -1.447299957275391
       -1.398200035095215
       -1.043799996376038
       -1.157299995422363
       -1.078799962997437
       -1.543300032615662
  -8.215000033378601E-001
       -2.740099906921387
       -1.899299979209900
       -2.176899909973145
       -1.746399998664856
       -1.786299943923950
  -9.979000091552734E-001
       -1.450099945068359
       -1.084400057792664
       -1.973399996757507
       -2.156599998474121
       -1.588899970054627
       -1.501299977302551
       -1.968199968338013
  -6.201999783515930E-001
  -3.079000115394592E-001
       -1.018300056457520
  -7.669000029563904E-001
       -1.039000034332275
       -1.283300042152405
       -1.665099978446960
       -2.207600116729736
       -2.713099956512451
       -2.211499929428101
       -3.340100049972534
       -2.059000015258789
       -1.732100009918213
  -8.835999965667725E-001
       -1.667199969291687
       -1.315899968147278
       -1.212700009346008
  -2.524000108242035E-001
   2.133000046014786E-001
        1.197000026702881
  -2.921000123023987E-001
  -8.202999830245972E-001
   4.329999983310700E-001
   9.103000164031982E-001
        1.660099983215332
        1.683599948883057
        1.763100028038025
   6.309999823570252E-001
  -1.159999966621399E-001
  -1.873999983072281E-001
  -4.494999945163727E-001
       -1.182999968528748
       -1.429999947547913
   1.719000041484833E-001
  -9.075000286102295E-001
       -1.440700054168701
       -1.524999976158142
  -9.423999786376953E-001
       -1.353399991989136
  -2.750000059604645E-001
  -1.992000043392181E-001
  -7.527999877929688E-001
  -7.052000164985657E-001
       -1.462700009346008
       -1.640799999237061
       -1.192700028419495
       -1.303599953651428
       -2.272700071334839
       -1.652400016784668
       -1.697800040245056
       -1.495800018310547
       -1.203899979591370
  -4.056000113487244E-001
       -1.186499953269959
       -1.813799977302551
  -9.480000138282776E-001
  -9.124000072479248E-001
       -1.059200048446655
  -9.517999887466431E-001
       -1.046800017356873
   1.324000060558319E-001
  -3.885000050067902E-001
  -8.483999967575073E-001
  -6.557999849319458E-001
       -1.570700049400330
       -1.128999948501587
       -1.741700053215027
       -2.423700094223023
       -3.268699884414673
       -3.512700080871582
       -2.897099971771240
       -2.007699966430664
       -1.691900014877319
       -2.181699991226196
       -1.415099978446960
       -1.181200027465820
       -1.037500023841858
  -3.231000006198883E-001
   2.417999953031540E-001
  -1.648000031709671E-001
  -7.493000030517578E-001
  -3.759999945759773E-002
  -1.337999999523163E-001
   7.899000048637390E-001
        1.292000055313110
        1.571499943733215
   4.893999993801117E-001
   5.070999860763550E-001
  -5.702999830245972E-001
  -6.732000112533569E-001
       -1.497799992561340
       -2.060699939727783
       -1.999600052833557
  -7.422000169754028E-001
  -1.252000033855438E-001
  -2.610999941825867E-001
       -1.483199954032898
  -8.446000218391419E-001
  -9.441000223159790E-001
       -1.098099946975708
  -2.603000104427338E-001
  -5.090000107884407E-002
   4.780000075697899E-002
       -1.314700007438660
       -1.681800007820129
       -1.094200015068054
       -1.083899974822998
       -1.162999987602234
  -5.256000161170960E-001
       -1.096300005912781
  -9.440000057220459E-001
  -6.101999878883362E-001
  -5.508999824523926E-001
       -1.008700013160706
       -1.069599986076355
  -4.476999938488007E-001
       -1.238100051879883
       -1.614500045776367
  -9.298999905586243E-001
  -5.606999993324280E-001
   6.355999708175659E-001
   5.670999884605408E-001
   2.994999885559082E-001
  -2.366999983787537E-001
       -1.109599947929382
  -6.442999839782715E-001
       -1.135400056838989
       -1.719099998474121
       -2.773799896240234
       -3.091200113296509
       -2.461400032043457
       -1.719300031661987
       -1.734500050544739
       -1.210100054740906
       -1.349200010299683
       -1.146999955177307
  -7.627999782562256E-001
  -8.129000067710877E-001
  -6.060000136494637E-002
  -3.673999905586243E-001
   4.349999874830246E-002
   2.850000001490116E-002
  -7.789000272750855E-001
  -3.143000006675720E-001
   4.005999863147736E-001
   4.100000020116568E-003
   2.799000144004822E-001
   2.349999919533730E-002
       -1.378100037574768
  -9.380999803543091E-001
       -1.073899984359741
       -1.523300051689148
       -1.248299956321716
  -9.991000294685364E-001
  -2.460999935865402E-001
       -1.044899940490723
       -1.167899966239929
  -2.397000044584274E-001
  -4.124000072479248E-001
  -8.798999786376953E-001
  -5.325000286102295E-001
  -8.524000048637390E-001
   8.150000125169754E-002
  -7.376999855041504E-001
       -1.085199952125549
       -1.421399950981140
  -8.625000119209290E-001
  -5.533000230789185E-001
  -4.749000072479248E-001
  -2.282000035047531E-001
  -4.050999879837036E-001
  -7.117999792098999E-001
  -1.779000014066696E-001
  -7.610999941825867E-001
  -6.092000007629395E-001
  -3.736000061035156E-001
  -8.250000327825546E-002
       -1.278399944305420
       -1.389999985694885
  -5.914000272750855E-001
   5.734999775886536E-001
        1.267899990081787
   7.752000093460083E-001
  -6.887000203132629E-001
  -8.263000249862671E-001
       -1.177500009536743
       -1.321200013160706
       -1.758700013160706
       -3.235399961471558
       -2.148900032043457
       -1.139700055122376
  -8.661000132560730E-001
  -9.341999888420105E-001
  -9.556000232696533E-001
  -3.398999869823456E-001
   3.452000021934509E-001
  -4.711999893188477E-001
  -3.321999907493591E-001
  -6.050999760627747E-001
       -1.007799983024597
  -6.350000202655792E-002
  -3.382000029087067E-001
  -8.102999925613403E-001
  -3.890999853610992E-001
  -8.224999904632568E-001
  -7.078999876976013E-001
       -1.249300003051758
       -1.378900051116943
  -1.683000028133392E-001
  -8.665999770164490E-001
       -1.127900004386902
       -1.524600028991699
  -8.381999731063843E-001
  -5.706999897956848E-001
  -4.776999950408936E-001
  -7.540000081062317E-001
  -7.584999799728394E-001
  -4.390000104904175E-001
  -6.886000037193298E-001
  -2.300000041723251E-001
  -3.125000000000000E-001
       -1.119500041007996
   4.020000100135803E-001
   3.246000111103058E-001
  -6.945999860763550E-001
       -1.556300044059753
  -2.377000004053116E-001
       -1.011999964714050
  -5.102999806404114E-001
  -3.531999886035919E-001
  -2.790000140666962E-001
  -4.880000054836273E-001
  -7.082999944686890E-001
  -3.441999852657318E-001
   6.729999929666519E-002
   2.851999998092651E-001
  -8.205000162124634E-001
       -1.024399995803833
  -3.616999983787537E-001
  -1.297000050544739E-001
        2.083899974822998
        1.329699993133545
   4.323999881744385E-001
  -1.508000046014786E-001
  -7.069000005722046E-001
       -1.109799981117249
       -1.277400016784668
       -1.311100006103516
       -1.961300015449524
       -1.561699986457825
       -1.606099963188171
  -3.980999886989594E-001
  -5.074999928474426E-001
  -3.553000092506409E-001
   2.520000040531158E-001
  -4.138000011444092E-001
       -2.067300081253052
       -1.438799977302551
       -1.195299983024597
       -1.422000050544739
       -1.682199954986572
  -9.685000181198120E-001
  -4.614999890327454E-001
  -5.773000121116638E-001
       -1.024999976158142
       -1.551499962806702
       -1.512799978256226
  -7.932999730110169E-001
       -1.063500046730042
  -8.576999902725220E-001
       -1.552999973297119
       -1.245200037956238
       -1.155799984931946
  -2.894000113010407E-001
  -1.840000040829182E-002
  -3.136999905109406E-001
       -1.132500052452087
  -3.971999883651733E-001
   2.806000113487244E-001
   1.989999972283840E-002
  -7.020000368356705E-002
   3.754000067710877E-001
  -4.675000011920929E-001
  -4.056000113487244E-001
  -8.779000043869019E-001
  -8.970000147819519E-001
  -2.833000123500824E-001
  -2.786999940872192E-001
   6.578999757766724E-001
   1.894000023603439E-001
  -9.326999783515930E-001
  -4.814999997615814E-001
  -6.754000186920166E-001
  -5.238000154495239E-001
  -1.394000053405762E-001
  -3.813999891281128E-001
   2.129999920725822E-002
  -4.149000048637390E-001
  -7.156999707221985E-001
   3.675999939441681E-001
        1.613000035285950
   9.674999713897705E-001
   3.670000135898590E-001
   3.977000117301941E-001
  -2.490999996662140E-001
  -7.519999891519547E-002
  -6.087999939918518E-001
  -6.620000004768372E-001
       -1.671300053596497
  -8.424000144004822E-001
       -1.377099990844727
  -9.976999759674072E-001
  -7.354999780654907E-001
  -9.456999897956848E-001
  -5.188000202178955E-001
  -8.259999752044678E-001
       -2.234899997711182
       -1.572100043296814
       -2.292999982833862
       -1.684700012207031
       -2.428600072860718
       -1.677199959754944
       -1.802399992942810
       -1.622499942779541
       -1.832599997520447
       -1.671599984169006
       -1.633499979972839
       -1.493199944496155
       -1.348399996757507
  -4.395999908447266E-001
  -8.812999725341797E-001
       -1.162199974060059
       -1.666700005531311
  -3.095000088214874E-001
  -7.030000090599060E-001
       -1.349499940872192
  -8.500000238418579E-001
  -4.839999973773956E-002
   3.280000016093254E-002
   3.910000026226044E-001
        1.241700053215027
        1.633499979972839
   9.659000039100647E-001
  -1.641000062227249E-001
  -3.048999905586243E-001
  -6.916000247001648E-001
       -1.013299942016602
   2.585999965667725E-001
   6.140000000596046E-002
   6.466000080108643E-001
  -5.954999923706055E-001
  -5.209000110626221E-001
  -2.495000064373016E-001
   1.750999987125397E-001
  -6.579999923706055E-001
  -6.930999755859375E-001
  -8.001999855041504E-001
  -9.445999860763550E-001
   5.443000197410584E-001
  -1.229999959468842E-002
   6.783000230789185E-001
        1.391899943351746
        1.187600016593933
   3.767000138759613E-001
   7.628999948501587E-001
   8.633000254631043E-001
   3.774999976158142E-001
       -1.317199945449829
  -7.372999787330627E-001
  -1.764999926090241E-001
  -2.976000010967255E-001
  -4.851999878883362E-001
  -5.109999775886536E-001
  -6.790999770164490E-001
  -2.829999923706055E-001
       -1.454499959945679
       -2.113600015640259
       -2.023600101470947
       -2.277699947357178
       -2.319200038909912
       -2.286900043487549
       -2.673399925231934
       -2.105099916458130
       -1.871899962425232
       -1.418699979782105
  -8.618000149726868E-001
       -1.458199977874756
       -2.087800025939941
       -1.017600059509277
  -5.037999749183655E-001
   3.740000128746033E-001
  -7.764000296592712E-001
       -1.442899942398071
  -9.186999797821045E-001
  -6.219999790191650E-001
  -4.029000103473663E-001
       -1.108399987220764
   1.764000058174133E-001
        1.501799941062927
        1.271900057792664
        1.403800010681152
        2.236999988555908
        1.324300050735474
        1.530300021171570
   4.839999973773956E-001
  -2.150000073015690E-002
  -6.183000206947327E-001
   2.700000070035458E-003
   3.240000084042549E-002
   4.878999888896942E-001
   1.018000021576881E-001
  -2.527000010013580E-001
  -2.109999954700470E-001
  -1.040999963879585E-001
   9.925000071525574E-001
   8.292000293731690E-001
  -4.156999886035919E-001
  -1.480000000447035E-002
   5.278000235557556E-001
   5.573999881744385E-001
   2.275999933481216E-001
        1.428799986839294
        1.497799992561340
   7.098000049591065E-001
   6.866999864578247E-001
   5.259000062942505E-001
   2.071000039577484E-001
  -2.829000055789948E-001
  -6.334999799728394E-001
  -3.077999949455261E-001
  -6.049000024795532E-001
  -3.811999857425690E-001
   1.360000018030405E-002
  -2.540000081062317E-001
  -2.117999941110611E-001
  -6.389999985694885E-001
  -7.307999730110169E-001
       -2.028300046920776
       -2.378999948501587
       -2.575599908828735
       -2.542599916458130
       -2.633899927139282
       -1.747699975967407
       -1.702100038528442
       -1.439599990844727
  -9.787999987602234E-001
       -1.275200009346008
       -1.259799957275391
  -6.664999723434448E-001
  -6.991000175476074E-001
   1.624000072479248E-001
  -2.973999977111816E-001
   2.050000056624413E-002
  -5.444999933242798E-001
  -8.929999917745590E-002
  -7.289000153541565E-001
  -4.835999906063080E-001
   7.886000275611877E-001
   4.232999980449677E-001
        1.562899947166443
        1.309000015258789
        2.071500062942505
        1.865700006484985
        1.442299962043762
   6.759999990463257E-001
   6.970000267028809E-002
  -2.450000047683716E-001
  -1.410000026226044E-002
   2.143000066280365E-001
  -4.406000077724457E-001
  -7.990000247955322E-001
  -4.853999912738800E-001
   2.252999991178513E-001
  -3.321000039577484E-001
   9.725999832153320E-001
   8.226000070571899E-001
   1.895000040531158E-001
  -1.101000010967255E-001
   4.158999919891357E-001
   8.471000194549561E-001
  -1.146000027656555E-001
        1.321900010108948
   7.832000255584717E-001
   1.808999925851822E-001
   6.269000172615051E-001
   5.569999814033508E-001
   5.156999826431274E-001
   5.813000202178955E-001
  -1.058000028133392E-001
  -3.130000084638596E-002
  -5.853000283241272E-001
  -6.401000022888184E-001
  -1.230999976396561E-001
   2.080000042915344E-001
   5.206000208854675E-001
  -3.298999965190888E-001
  -8.975999951362610E-001
       -1.413200020790100
       -1.823099970817566
       -1.662600040435791
       -1.728700041770935
       -1.614099979400635
       -1.395099997520447
       -1.217200040817261
       -1.785599946975708
       -1.429999947547913
       -1.141700029373169
       -1.427299976348877
  -2.861999869346619E-001
  -3.697000145912170E-001
   4.871999919414520E-001
   5.795999765396118E-001
   5.878999829292297E-001
   6.600000262260437E-001
   1.397999972105026E-001
   1.264999955892563E-001
  -1.116999983787537E-001
   2.759000062942505E-001
   9.760000109672546E-001
   8.877000212669373E-001
        1.417799949645996
        1.905799984931946
        1.808799982070923
        1.835199952125549
        1.378399968147278
        1.276600003242493
        1.524500012397766
   3.052999973297119E-001
   7.602999806404114E-001
   4.479999840259552E-002
  -5.260999798774719E-001
  -9.993000030517578E-001
  -6.912000179290772E-001
   2.012999951839447E-001
   8.008999824523926E-001
        1.322399973869324
   4.587999880313873E-001
   2.096000015735626E-001
   5.188999772071838E-001
   5.389999970793724E-002
  -6.374999880790710E-001
   9.488999843597412E-001
   6.704000234603882E-001
   4.264999926090241E-001
        1.015799999237061
  -8.429999649524689E-002
  -1.218999996781349E-001
   4.824999868869782E-001
       -1.041800022125244
   5.730000138282776E-002
  -1.237000003457069E-001
   2.349999919533730E-002
  -5.279999971389771E-001
   2.608000040054321E-001
  -1.630000025033951E-001
  -5.554999709129334E-001
  -1.590000092983246E-002
  -6.511999964714050E-001
  -6.499000191688538E-001
       -1.086599946022034
       -1.273399949073792
       -1.530900001525879
       -1.915699958801270
       -2.336800098419190
       -2.155100107192993
       -2.079400062561035
       -1.554299950599670
       -1.804200053215027
  -9.109999984502792E-002
  -4.833999872207642E-001
  -3.251999914646149E-001
   3.119999915361404E-002
   4.566999971866608E-001
        1.387799978256226
   6.829000115394592E-001
   4.979000091552734E-001
   1.194999963045120E-001
   1.048000007867813E-001
   6.148999929428101E-001
   6.215999722480774E-001
        1.478899955749512
   9.161999821662903E-001
        1.279999971389771
        2.140899896621704
        1.574300050735474
        1.464800000190735
        1.234799981117249
        1.394700050354004
  -1.272000074386597E-001
  -9.415000081062317E-001
  -8.829999715089798E-002
  -6.898000240325928E-001
  -3.537999987602234E-001
  -3.587000072002411E-001
   3.179999887943268E-001
        1.091799974441528
   7.635999917984009E-001
  -1.550000011920929E-001
  -6.622999906539917E-001
   1.225000023841858E-001
   1.343999952077866E-001
  -1.190000027418137E-002
   6.661999821662903E-001
   3.127000033855438E-001
   4.284000098705292E-001
  -4.232000112533569E-001
  -5.239999890327454E-001
  -8.730000257492065E-002
  -2.748000025749207E-001
  -6.230000033974648E-002
  -7.613999843597412E-001
  -2.791000008583069E-001
  -2.700000107288361E-001
  -6.137999892234802E-001
  -2.132000029087067E-001
       -1.515200018882752
  -8.240000009536743E-001
   1.209999993443489E-002
  -2.879999950528145E-002
  -3.504000008106232E-001
       -1.125200033187866
  -7.167999744415283E-001
       -1.008999943733215
       -1.859300017356873
       -1.385699987411499
       -1.570799946784973
       -1.922199964523315
       -1.125699996948242
  -2.381000071763992E-001
  -3.768000006675720E-001
  -7.311999797821045E-001
  -9.721000194549561E-001
   1.442999988794327E-001
  -1.298999935388565E-001
   5.842999815940857E-001
   4.878999888896942E-001
  -6.125000119209290E-001
  -6.108999848365784E-001
   2.547999918460846E-001
        1.003299951553345
        1.702900052070618
        1.019199967384338
        1.030699968338013
        1.571599960327148
        1.736400008201599
        1.058500051498413
        1.162600040435791
        1.364099979400635
   7.488999962806702E-001
  -3.113999962806702E-001
  -7.600000128149986E-003
   1.278000026941299E-001
   3.040000051259995E-002
   4.697000086307526E-001
  -1.730000041425228E-002
  -2.545999884605408E-001
  -4.343000054359436E-001
  -4.809999838471413E-002
  -4.160000085830689E-001
  -5.088000297546387E-001
   9.899999946355820E-002
  -5.493999719619751E-001
   2.768000066280365E-001
   2.887000143527985E-001
  -3.111999928951263E-001
  -9.631999731063843E-001
  -7.318000197410584E-001
       -1.370800018310547
  -6.480000168085098E-002
  -3.565999865531921E-001
  -7.620000243186951E-001
   2.549000084400177E-001
  -3.998000025749207E-001
   1.316000074148178E-001
  -1.202000007033348E-001
       -1.478800058364868
       -1.240700006484985
  -6.403999924659729E-001
   4.013999998569489E-001
  -2.275999933481216E-001
  -6.035000085830689E-001
  -8.899000287055969E-001
  -8.355000019073486E-001
       -1.009899973869324
       -1.663800001144409
       -1.497699975967407
       -1.630699992179871
       -1.697199940681458
       -1.075399994850159
  -5.875999927520752E-001
  -1.375000029802322E-001
   2.576999962329865E-001
  -5.550000071525574E-002
   1.812999993562698E-001
   6.032000184059143E-001
  -6.449999660253525E-002
  -3.979999944567680E-002
   2.343000024557114E-001
  -1.630000025033951E-002
   2.143000066280365E-001
        1.436200022697449
        1.599099993705750
        1.123900055885315
        1.402899980545044
        1.727800011634827
   3.905999958515167E-001
   7.304000258445740E-001
        1.313699960708618
        1.069800019264221
   6.737999916076660E-001
   7.002000212669373E-001
  -3.790000081062317E-002
   3.291000127792358E-001
   8.479999750852585E-002
  -3.616000115871429E-001
  -6.198999881744385E-001
  -9.375000000000000E-001
       -1.611099958419800
  -4.866000115871429E-001
  -5.884000062942505E-001
  -5.999000072479248E-001
  -6.306999921798706E-001
  -8.343999981880188E-001
  -2.063000053167343E-001
  -4.111999869346619E-001
  -9.480000138282776E-001
  -6.858000159263611E-001
  -7.069000005722046E-001
  -7.534000277519226E-001
  -5.077000260353088E-001
       -1.033599972724915
  -3.461000025272369E-001
  -2.372000068426132E-001
   3.603000044822693E-001
  -5.499999970197678E-003
  -6.528999805450440E-001
       -1.243299961090088
       -1.760900020599365
  -5.123999714851379E-001
  -5.304999947547913E-001
  -8.974000215530396E-001
       -1.060299992561340
  -3.704999983310700E-001
  -5.181000232696533E-001
       -1.050099968910217
       -1.908100008964539
       -2.531199932098389
       -1.901200056076050
       -1.348000049591065
       -1.259400010108948
  -5.756999850273132E-001
  -1.562999933958054E-001
  -2.759999930858612E-001
   1.871999949216843E-001
   5.629000067710877E-001
  -4.787999987602234E-001
   5.544000267982483E-001
   2.037999927997589E-001
   2.698999941349030E-001
        1.029899954795837
        1.659399986267090
        1.773499965667725
        1.440500020980835
        1.186300039291382
        1.346300005912781
        1.148100018501282
        1.309599995613098
   8.912000060081482E-001
   9.951000213623047E-001
        1.336400032043457
        1.118899941444397
   3.260000050067902E-001
   7.055000066757202E-001
  -1.307000070810318E-001
  -4.140000045299530E-001
  -2.293000072240830E-001
  -5.716999769210815E-001
  -1.090000011026859E-002
  -3.377000093460083E-001
  -9.900000095367432E-001
  -4.108000099658966E-001
  -8.760000020265579E-002
   3.341000080108643E-001
  -5.401999950408936E-001
  -4.120000079274178E-002
  -8.903999924659729E-001
       -1.781800031661987
       -1.052800059318543
  -2.037999927997589E-001
  -3.269999846816063E-002
  -5.001000165939331E-001
  -7.157999873161316E-001
   3.664000034332275E-001
  -2.511999905109406E-001
   1.243999972939491E-001
  -8.048999905586243E-001
       -1.747300028800964
       -2.359400033950806
       -1.338799953460693
       -1.004199981689453
  -9.193000197410584E-001
  -9.682999849319458E-001
  -2.442000061273575E-001
  -6.129000186920166E-001
  -9.818000197410584E-001
       -1.494099974632263
       -2.635099887847900
       -1.983500003814697
       -1.223299980163574
  -5.508999824523926E-001
   5.559999868273735E-002
  -7.906000018119812E-001
  -2.632000148296356E-001
  -5.432000160217285E-001
   4.853999912738800E-001
  -4.225000143051148E-001
  -2.406000047922134E-001
  -7.498999834060669E-001
   3.429000079631805E-001
        1.081500053405762
        1.588999986648560
        1.343700051307678
   5.615000128746033E-001
   4.374000132083893E-001
  -4.210000112652779E-002
        1.182899951934815
        1.417099952697754
        1.334400057792664
        1.385499954223633
   7.534000277519226E-001
   5.942999720573425E-001
   9.024000167846680E-001
   9.415000081062317E-001
  -4.102999866008759E-001
  -1.497000008821487E-001
   4.566999971866608E-001
  -4.984000027179718E-001
  -5.389999970793724E-002
   8.497999906539917E-001
  -6.671000123023987E-001
        1.234599947929382
   8.787999749183655E-001
   1.880999952554703E-001
  -1.979999989271164E-001
   1.835999935865402E-001
  -6.251999735832214E-001
  -4.180000126361847E-001
       -1.023800015449524
   1.837999969720841E-001
   5.419999957084656E-001
  -6.079999804496765E-001
       -1.118100047111511
  -9.239000082015991E-001
  -7.566000223159790E-001
  -7.633000016212463E-001
  -2.443999946117401E-001
       -1.190000057220459
       -2.031399965286255
       -2.182100057601929
       -1.437899947166443
       -1.157299995422363
       -1.249300003051758
  -5.579000115394592E-001
  -7.458999752998352E-001
       -1.833400011062622
       -2.502099990844727
       -2.270600080490112
       -2.416100025177002
       -2.162100076675415
       -1.400799989700317
  -6.733000278472900E-001
       -1.450500011444092
  -8.155999779701233E-001
       -1.099799990653992
  -2.926999926567078E-001
   2.088000029325485E-001
   4.065000116825104E-001
   1.995999962091446E-001
        1.195999979972839
   9.491999745368958E-001
        1.149000048637390
        1.245200037956238
        1.136199951171875
   7.211999893188477E-001
   9.200999736785889E-001
        2.299999952316284
        1.254299998283386
        1.562100052833557
   7.337999939918518E-001
   3.070000112056732E-001
        1.887199997901917
        1.006199955940247
        1.068899989128113
   3.817000091075897E-001
   1.753000020980835E-001
   5.149999856948853E-001
   1.281999945640564E-001
   2.018000036478043E-001
   4.780000075697899E-002
  -9.531000256538391E-001
        1.218099951744080
   7.712000012397766E-001
   7.364000082015991E-001
  -3.603999912738800E-001
  -6.552000045776367E-001
  -4.625000059604645E-001
  -3.066999912261963E-001
   4.380000010132790E-002
  -3.574000000953674E-001
  -1.819999963045120E-001
       -1.095700025558472
       -1.597699999809265
       -1.964499950408936
       -2.311899900436401
       -1.927999973297119
       -1.899500012397766
  -6.952999830245972E-001
       -1.759199976921082
       -1.608000040054321
  -8.353999853134155E-001
       -1.416300058364868
       -1.627799987792969
       -1.613100051879883
       -1.357599973678589
       -1.579399943351746
       -1.679800033569336
       -1.349900007247925
       -1.998700022697449
       -1.311400055885315
       -1.259199976921082
       -1.283300042152405
  -4.794000089168549E-001
       -1.453299999237061
       -1.321400046348572
       -1.570899963378906
  -1.773000061511993E-001
   5.200000107288361E-002
   6.844000220298767E-001
   6.061999797821045E-001
   5.192000269889832E-001
   2.184000015258789E-001
        1.007099986076355
   1.180000007152557E-001
   3.996999859809876E-001
        1.221799969673157
        1.908200025558472
        1.768200039863586
        1.179999947547913
        1.169100046157837
        1.304999947547913
        1.538300037384033
        1.832000017166138
        1.491999983787537
   7.017999887466431E-001
   4.047999978065491E-001
  -2.006999999284744E-001
   8.458999991416931E-001
   4.411000013351440E-001
  -5.108000040054321E-001
  -9.521999955177307E-001
        1.575000047683716
   9.887999892234802E-001
   6.988999843597412E-001
  -5.454000234603882E-001
       -1.066499948501587
  -8.219999819993973E-002
   5.444999933242798E-001
  -1.059999968856573E-002
  -2.329999953508377E-001
  -9.372000098228455E-001
  -9.836000204086304E-001
       -1.987200021743774
       -2.070100069046021
       -2.937999963760376
       -1.575899958610535
       -1.482200026512146
  -9.032999873161316E-001
  -5.393999814987183E-001
  -9.922999739646912E-001
       -1.021999955177307
       -1.174999952316284
       -1.986500024795532
       -1.791100025177002
       -1.558099985122681
       -1.566300034523010
       -2.132999897003174
       -1.380499958992004
       -1.201400041580200
  -8.554999828338623E-001
       -1.078600049018860
       -1.709900021553040
       -1.335899949073792
       -1.506500005722046
       -2.094799995422363
       -1.790899991989136
  -8.210999965667725E-001
  -4.950999915599823E-001
       -1.026100039482117
       -1.061300039291382
  -1.049999985843897E-002
  -3.517000079154968E-001
   3.989000022411346E-001
   4.940000176429749E-002
   5.408999919891357E-001
        1.217100024223328
   9.685000181198120E-001
        1.601300001144409
        2.048000097274780
        1.370000004768372
   8.073999881744385E-001
   7.759000062942505E-001
   9.997000098228455E-001
        1.027199983596802
   4.736999869346619E-001
   1.610000059008598E-002
  -6.370000243186951E-001
   3.519999980926514E-002
  -1.297000050544739E-001
  -6.061999797821045E-001
       -1.209800004959106
        1.096400022506714
        1.100600004196167
   3.246000111103058E-001
  -7.379000186920166E-001
  -5.218999981880188E-001
   8.110000193119049E-002
   6.966000199317932E-001
   8.389999866485596E-001
  -1.600999981164932E-001
   2.854999899864197E-001
  -4.891000092029572E-001
       -2.045300006866455
       -1.614899992942810
       -1.784600019454956
       -1.383299946784973
  -4.869000017642975E-001
  -3.528000116348267E-001
  -6.764000058174133E-001
  -6.223000288009644E-001
  -1.361999958753586E-001
       -1.688099980354309
       -1.819200038909912
       -2.148000001907349
       -1.924200057983398
       -1.345800042152405
       -1.508399963378906
       -1.701500058174133
  -7.562000155448914E-001
  -6.776999831199646E-001
  -8.812999725341797E-001
       -1.502200007438660
       -1.436599969863892
  -7.109000086784363E-001
       -1.350499987602234
       -1.007500052452087
  -9.074000120162964E-001
  -5.471000075340271E-001
  -7.666000127792358E-001
       -1.293499946594238
       -1.076099991798401
   2.309999987483025E-002
  -3.979999944567680E-002
   8.709999918937683E-002
  -5.270000174641609E-002
   2.992999851703644E-001
   8.004000186920166E-001
   8.902999758720398E-001
        1.100499987602234
   5.461000204086304E-001
   7.185999751091003E-001
   8.330000191926956E-002
        1.074200034141541
   7.590000033378601E-001
   2.599999904632568E-001
   2.283000051975250E-001
  -5.109999775886536E-001
  -6.865000128746033E-001
       -1.143700003623962
  -3.944000005722046E-001
       -1.249400019645691
        1.521499991416931
        1.080000042915344
   2.040999978780747E-001
  -7.469000220298767E-001
   3.479000031948090E-001
   7.426000237464905E-001
        1.091899991035461
        1.285699963569641
   2.213000059127808E-001
   3.610000014305115E-001
  -5.249999761581421E-001
  -3.506999909877777E-001
  -6.801000237464905E-001
  -4.492000043392181E-001
  -8.683999776840210E-001
  -5.750000104308128E-002
  -8.145999908447266E-001
  -8.849999904632568E-001
  -2.407000064849854E-001
       -1.230000019073486
       -2.154200077056885
       -2.392699956893921
       -2.242000102996826
       -2.244499921798706
       -2.187400102615356
       -1.279399991035461
       -1.709699988365173
  -7.049000263214111E-001
  -7.773000001907349E-001
  -9.684000015258789E-001
  -8.586999773979187E-001
       -2.132600069046021
       -1.237300038337708
  -7.813000082969666E-001
  -8.375999927520752E-001
  -4.969999939203262E-002
  -3.521000146865845E-001
       -1.178599953651428
       -1.116400003433228
  -2.795999944210053E-001
  -3.143999874591827E-001
  -4.625000059604645E-001
  -3.727000057697296E-001
  -2.642000019550324E-001
  -2.053000032901764E-001
  -2.782999873161316E-001
  -1.545999944210053E-001
  -1.615000069141388E-001
       -1.111199975013733
  -2.293999940156937E-001
   4.899999871850014E-002
   3.174999952316284E-001
   2.131000012159348E-001
  -5.891000032424927E-001
   7.106999754905701E-001
  -1.195999979972839E-001
  -7.250999808311462E-001
  -7.989000082015991E-001
   1.211000010371208E-001
   7.185000181198120E-001
   9.674999713897705E-001
   8.458999991416931E-001
   9.139999747276306E-002
  -2.319999933242798E-001
   7.006999850273132E-001
        1.235100030899048
   6.380000114440918E-001
   8.324999809265137E-001
   9.940000176429749E-001
  -5.906000137329102E-001
  -7.511000037193298E-001
  -4.681000113487244E-001
  -5.139999836683273E-002
  -1.049000024795532E-001
   1.341000050306320E-001
  -6.279000043869019E-001
  -6.953999996185303E-001
       -1.026999950408936
  -2.766999900341034E-001
       -2.018599987030029
       -2.007800102233887
       -2.518500089645386
       -2.460599899291992
       -2.658299922943115
       -2.214900016784668
       -1.269099950790405
       -1.996899962425232
       -1.893499970436096
       -1.858700037002564
       -1.521800041198731
       -1.323899984359741
  -9.470999836921692E-001
  -1.062000021338463E-001
   4.442999958992004E-001
   3.030000030994415E-001
   2.123000025749207E-001
  -5.649999901652336E-002
       -1.264199972152710
       -1.097100019454956
  -2.953000068664551E-001
   3.257000148296356E-001
  -4.110000133514404E-001
  -6.425999999046326E-001
       -1.242100000381470
       -1.317399978637695
   7.274000048637390E-001
  -2.334000021219254E-001
  -7.017999887466431E-001
  -3.686000108718872E-001
  -3.190999925136566E-001
  -1.149000003933907E-001
   1.879000067710877E-001
  -3.596000075340271E-001
  -3.524999916553497E-001
  -8.909000158309937E-001
  -3.397000133991242E-001
  -3.704000115394592E-001
   2.029999941587448E-001
   5.816000103950501E-001
   6.593000292778015E-001
   2.890000045299530E-001
   5.317000150680542E-001
   5.483999848365784E-001
   4.889000058174133E-001
        1.378800034523010
   9.792000055313110E-001
   4.393000006675720E-001
   1.287000030279160E-001
  -6.657000184059143E-001
  -1.500999927520752E-001
  -7.419999688863754E-002
  -9.114000201225281E-001
       -1.160599946975708
       -1.511000037193298
  -4.171999990940094E-001
       -1.265300035476685
       -1.697800040245056
       -1.586599946022034
       -1.368899941444397
       -1.692100048065186
       -1.891399979591370
       -2.178200006484985
       -2.774800062179565
       -2.576400041580200
       -3.213299989700317
       -2.197900056838989
       -1.450399994850159
       -1.630200028419495
       -2.086600065231323
       -1.655900001525879
       -1.644899964332581
  -2.679999917745590E-002
   4.501000046730042E-001
   9.487000107765198E-001
   5.881999731063843E-001
   4.846999943256378E-001
   4.469999969005585E-001
   1.506000012159348E-001
   2.800000011920929E-001
   3.826000094413757E-001
   8.980000019073486E-002
  -2.815999984741211E-001
  -7.608000040054321E-001
       -1.657400012016296
       -1.149299979209900
   1.177000030875206E-001
  -8.519999682903290E-002
  -3.677000105381012E-001
  -3.720000013709068E-002
  -7.128000259399414E-001
  -3.628999888896942E-001
  -5.529999732971191E-001
       -1.179200053215027
  -7.867000102996826E-001
       -1.179499983787537
  -7.954999804496765E-001
   1.932999938726425E-001
   2.649999856948853E-001
        1.215700030326843
   3.684999942779541E-001
   6.740999817848206E-001
   6.146000027656555E-001
   6.977000236511231E-001
   4.700999855995178E-001
   5.210999846458435E-001
   3.467999994754791E-001
   8.406000137329102E-001
  -7.186999917030335E-001
  -5.332000255584717E-001
   1.198000013828278E-001
   5.637999773025513E-001
   1.845999956130981E-001
  -4.844000041484833E-001
  -2.861000001430512E-001
       -1.512500047683716
       -1.838899970054627
       -2.137399911880493
       -1.912099957466126
       -1.739300012588501
       -1.838000059127808
       -1.823799967765808
       -2.157700061798096
       -2.446700096130371
       -2.334500074386597
       -2.422899961471558
       -2.158900022506714
       -2.208300113677979
       -1.778900027275085
       -1.460600018501282
       -1.374199986457825
  -8.842999935150147E-001
  -6.746000051498413E-001
   2.162999957799912E-001
        1.442899942398071
        1.134999990463257
   6.743999719619751E-001
   6.955999732017517E-001
   9.240999817848206E-001
        1.147799968719482
   7.427999973297119E-001
  -1.776999980211258E-001
  -1.412000060081482E-001
       -1.567600011825562
       -1.023000001907349
  -6.976000070571899E-001
   4.778999984264374E-001
  -6.071000099182129E-001
       -1.129600048065186
  -2.621999979019165E-001
   2.899000048637390E-001
  -1.027000024914742E-001
  -7.962999939918518E-001
  -4.097000062465668E-001
  -2.732000052928925E-001
  -7.274000048637390E-001
  -6.863999962806702E-001
  -3.741999864578247E-001
   8.679999709129334E-001
  -4.919999837875366E-002
   2.308000028133392E-001
   4.113000035285950E-001
  -4.800000227987766E-003
   1.296000033617020E-001
  -3.325000107288361E-001
  -8.040999770164490E-001
  -7.135999798774719E-001
  -2.462999969720841E-001
  -8.895999789237976E-001
  -4.370999932289124E-001
  -3.226999938488007E-001
   8.290000259876251E-002
   2.228000015020371E-001
  -4.129000008106232E-001
  -1.643999963998795E-001
  -5.896000266075134E-001
       -1.999799966812134
       -1.978500008583069
       -1.373200058937073
       -1.231699943542481
       -2.247900009155273
  -7.796000242233276E-001
       -2.232500076293945
       -2.747200012207031
       -2.512700080871582
       -2.477200031280518
       -2.126699924468994
       -1.992499947547913
       -1.734699964523315
       -1.070199966430664
       -1.066200017929077
  -4.781999886035919E-001
   4.318000078201294E-001
        1.075999975204468
        1.493399977684021
   6.802999973297119E-001
   7.918000221252441E-001
   6.596999764442444E-001
   6.568999886512756E-001
        1.359799981117249
   6.762999892234802E-001
   1.722999960184097E-001
  -6.120000034570694E-002
  -3.093999922275543E-001
   3.829999864101410E-001
   5.982999801635742E-001
   3.052000105381012E-001
   5.292999744415283E-001
  -5.960000157356262E-001
  -3.783000111579895E-001
   1.140000019222498E-002
  -5.292000174522400E-001
  -1.459999978542328E-001
   1.913000047206879E-001
   3.806000053882599E-001
  -2.605000138282776E-001
   2.662999927997589E-001
  -6.549999862909317E-002
        1.207499980926514
  -3.600000143051148E-001
  -3.772000074386597E-001
   5.410000085830689E-001
  -3.189999982714653E-002
        1.090600013732910
   3.664999902248383E-001
  -6.703000068664551E-001
  -2.107000052928925E-001
  -3.894000053405762E-001
  -1.280999928712845E-001
  -3.680999875068665E-001
  -9.404000043869019E-001
       -1.248100042343140
  -5.536000132560730E-001
  -2.849999964237213E-001
   3.242000043392181E-001
  -7.505999803543091E-001
       -1.005100011825562
       -1.640900015830994
       -1.417700052261353
       -1.280900001525879
       -2.148499965667725
       -2.014300107955933
       -1.512500047683716
       -2.563100099563599
       -2.162100076675415
       -2.338399887084961
       -2.774199962615967
       -2.265199899673462
       -1.311800003051758
       -1.242599964141846
  -5.777999758720398E-001
  -1.040999963879585E-001
   3.725000023841858E-001
        1.172199964523315
        1.600600004196167
        1.434200048446655
   5.827999711036682E-001
   1.199000030755997E-001
        1.064900040626526
   8.887000083923340E-001
   6.290000081062317E-001
   4.654999971389771E-001
   8.877999782562256E-001
   1.939000040292740E-001
   3.846000134944916E-001
  -1.429999992251396E-002
   4.866000115871429E-001
   5.250999927520752E-001
   3.738000094890595E-001
   1.020000036805868E-002
  -8.819000124931335E-001
  -5.318999886512756E-001
  -2.456000000238419E-001
   4.401000142097473E-001
   6.886000037193298E-001
   9.648000001907349E-001
   7.645999789237976E-001
   4.932000041007996E-001
   9.424999952316284E-001
  -1.375000029802322E-001
   4.479999840259552E-002
  -2.196999937295914E-001
  -5.749999880790710E-001
   2.520000003278256E-002
   6.498000025749207E-001
  -4.420999884605408E-001
  -5.878000259399414E-001
  -4.176999926567078E-001
  -6.434999704360962E-001
   1.586000025272369E-001
  -3.217000067234039E-001
  -8.532000184059143E-001
       -1.210299968719482
  -9.725000262260437E-001
  -6.254000067710877E-001
       -1.049999952316284
       -1.128100037574768
       -1.789600014686585
       -1.459200024604797
       -1.837200045585632
       -2.700200080871582
       -2.729899883270264
       -2.907599925994873
       -2.686199903488159
       -2.469599962234497
       -2.365600109100342
       -2.725500106811523
       -3.121000051498413
       -1.051399946212769
       -1.466599941253662
       -1.185700058937073
  -5.440000072121620E-002
   2.736999988555908E-001
        1.617699980735779
        1.277400016784668
        1.567299962043762
   3.151000142097473E-001
   6.506000161170960E-001
  -1.699000000953674E-001
   8.379999995231628E-001
  -8.234999775886536E-001
   3.697000145912170E-001
   3.616999983787537E-001
   3.429000079631805E-001
   1.169999986886978E-001
  -1.014000028371811E-001
   3.953000009059906E-001
   1.729999929666519E-001
   9.808999896049500E-001
  -3.659000098705292E-001
  -8.671000003814697E-001
  -7.854999899864197E-001
  -1.915999948978424E-001
  -4.980000108480454E-002
   8.521999716758728E-001
   4.973999857902527E-001
  -7.800000160932541E-002
   4.887999892234802E-001
   8.104000091552734E-001
   6.941000223159790E-001
  -6.046000123023987E-001
   5.130000039935112E-002
       -1.110000014305115
  -2.022999972105026E-001
   3.159999847412109E-002
   5.920000001788139E-002
  -8.374000191688538E-001
  -5.279999971389771E-001
  -6.732000112533569E-001
  -4.162000119686127E-001
   8.079999685287476E-002
       -1.072299957275391
       -1.159800052642822
  -8.220000267028809E-001
  -7.117000222206116E-001
       -1.967200040817261
       -2.198600053787231
       -2.851799964904785
       -1.657699942588806
       -1.674399971961975
       -2.406699895858765
       -2.864000082015991
       -3.176500082015991
       -2.736599922180176
       -2.766599893569946
       -2.672499895095825
       -2.498899936676025
       -1.808300018310547
       -1.553400039672852
       -1.065799951553345
   7.134000062942505E-001
   7.362999916076660E-001
   5.138000249862671E-001
   1.776999980211258E-001
   8.618999719619751E-001
   8.343999981880188E-001
   2.617000043392181E-001
   7.192000150680542E-001
        1.030500054359436
   9.618999958038330E-001
   3.833000063896179E-001
  -3.350000083446503E-002
  -1.272999942302704E-001
   7.949999719858170E-002
   1.730999946594238E-001
   5.375000238418579E-001
   6.603000164031982E-001
        1.127400040626526
        1.217399954795837
   1.788000017404556E-001
   1.037999987602234E-001
  -4.650000035762787E-001
  -1.600000075995922E-002
  -1.493999958038330E-001
  -2.178999930620194E-001
   1.724999994039536E-001
       -1.082700014114380
  -6.219999864697456E-002
   3.953999876976013E-001
   7.109999656677246E-002
  -6.245999932289124E-001
   3.732999861240387E-001
   3.599999938160181E-003
   4.000000189989805E-003
  -2.184000015258789E-001
   4.550000131130219E-001
  -2.960000000894070E-002
   2.800000011920929E-001
  -6.509999930858612E-002
  -2.113000005483627E-001
  -6.639999896287918E-002
  -6.122000217437744E-001
  -7.724000215530396E-001
  -5.271999835968018E-001
  -2.660999894142151E-001
       -1.986999988555908
       -2.579699993133545
       -2.368200063705444
       -2.073600053787231
       -2.193399906158447
       -1.449100017547607
       -2.166300058364868
       -2.097700119018555
       -1.700299978256226
       -1.951699972152710
       -2.507899999618530
       -2.083800077438355
       -2.107700109481812
       -1.211699962615967
  -6.967999935150147E-001
  -2.329999953508377E-001
   6.596999764442444E-001
   2.845000028610230E-001
   1.240000035613775E-002
  -4.785000085830689E-001
   2.212000042200089E-001
  -8.708999752998352E-001
   4.562000036239624E-001
   6.506999731063843E-001
   1.740000024437904E-002
  -5.839999914169312E-001
  -8.799999952316284E-001
  -4.986000061035156E-001
   4.481999874114990E-001
  -8.370000123977661E-002
   8.479999750852585E-002
   2.910999953746796E-001
   2.513999938964844E-001
   4.532000124454498E-001
   1.019999980926514E-001
  -4.672999978065491E-001
  -1.474999934434891E-001
  -4.699999839067459E-002
       -1.734500050544739
  -8.510000109672546E-001
  -9.635999798774719E-001
       -1.217700004577637
       -1.502900004386902
  -6.549000144004822E-001
  -3.086000084877014E-001
   1.774999946355820E-001
   2.784000039100647E-001
   3.098999857902527E-001
   1.253000050783157E-001
  -7.100000046193600E-003
  -1.554999947547913E-001
  -3.364999890327454E-001
  -3.127000033855438E-001
   2.565999925136566E-001
   6.175000071525574E-001
  -5.672000050544739E-001
   2.639999985694885E-002
   7.699000239372253E-001
   2.182999998331070E-001
  -7.049999833106995E-001
       -1.696099996566773
       -2.704600095748901
       -2.317500114440918
       -2.107500076293945
       -2.118999958038330
       -1.255399942398071
  -9.740999937057495E-001
  -6.413999795913696E-001
       -1.241899967193604
       -2.379800081253052
       -2.036299943923950
       -1.009999990463257
       -2.120899915695190
       -2.207299947738648
  -9.340000152587891E-001
  -1.339000016450882E-001
   5.964000225067139E-001
   4.805000126361847E-001
   1.881999969482422E-001
       -1.508299946784973
  -9.143999814987183E-001
  -7.562999725341797E-001
   1.520999968051910E-001
  -1.697999984025955E-001
  -4.018000066280365E-001
       -1.085899949073792
       -1.188300013542175
  -2.122000008821487E-001
  -5.056999921798706E-001
  -5.795999765396118E-001
  -9.419999718666077E-001
  -1.406999975442886E-001
  -2.053000032901764E-001
  -9.164000153541565E-001
   1.829999983310700E-001
  -2.011999934911728E-001
  -2.340999990701675E-001
       -1.073300004005432
       -1.689200043678284
       -1.184200048446655
  -8.294000029563904E-001
       -1.207200050354004
       -1.592000007629395
       -1.179900050163269
  -6.787999868392944E-001
       -1.288699984550476
   3.228999972343445E-001
        1.189100027084351
   5.794000029563904E-001
  -2.908000051975250E-001
  -1.599999964237213E-001
  -3.625000119209290E-001
   5.472000241279602E-001
   5.181000232696533E-001
   1.721999943256378E-001
   9.707000255584717E-001
        1.599499940872192
   9.305999875068665E-001
  -3.982999920845032E-001
  -5.722000002861023E-001
       -1.563199996948242
       -2.609200000762940
       -2.456599950790405
       -1.953999996185303
       -2.276599884033203
  -4.819000065326691E-001
  -2.757999897003174E-001
  -2.899999916553497E-001
  -4.369999840855598E-002
       -1.302099943161011
       -1.730299949645996
       -1.664999961853027
       -1.954300045967102
       -2.184499979019165
  -9.409999847412109E-001
  -8.849999904632568E-001
   2.185000032186508E-001
   4.948000013828278E-001
  -4.679999873042107E-002
  -9.315000176429749E-001
  -9.678000211715698E-001
  -5.519999861717224E-001
  -1.878000050783157E-001
  -7.907000184059143E-001
       -1.277899980545044
       -1.579499959945679
       -1.178400039672852
  -6.159999966621399E-001
       -1.204900026321411
       -1.117400050163269
   4.760000109672546E-002
  -8.070000261068344E-002
  -9.681000113487244E-001
  -4.683000147342682E-001
  -4.859999939799309E-002
  -3.460000082850456E-002
  -3.000999987125397E-001
       -1.329900026321411
       -1.351699948310852
       -1.603199958801270
  -8.306999802589417E-001
       -1.004299998283386
       -1.717200040817261
       -1.344799995422363
       -1.521000027656555
       -1.497699975967407
        1.255200028419495
        1.072700023651123
   1.058000028133392E-001
   2.773000001907349E-001
   1.701000034809113E-001
  -1.660999953746796E-001
   1.335999965667725E-001
   9.894000291824341E-001
   6.474999785423279E-001
   7.430999875068665E-001
        1.080500006675720
   7.361999750137329E-001
   9.473999738693237E-001
  -5.658000111579895E-001
  -7.552000284194946E-001
       -1.967399954795837
       -1.685400009155273
       -1.532400012016296
       -1.369099974632263
  -4.598000049591065E-001
  -4.347000122070313E-001
   7.649999856948853E-002
   1.576000005006790E-001
  -7.967000007629395E-001
  -9.966999888420105E-001
       -1.500699996948242
       -1.395099997520447
       -1.722900032997131
       -1.116199970245361
  -5.065000057220459E-001
   3.862999975681305E-001
   6.467999815940857E-001
   5.514000058174133E-001
  -3.391999900341034E-001
  -7.900000214576721E-001
       -1.139700055122376
  -5.778999924659729E-001
  -3.878999948501587E-001
  -5.325000286102295E-001
       -1.245200037956238
       -1.403599977493286
  -7.597000002861023E-001
       -1.118100047111511
       -1.039899945259094
  -4.964999854564667E-001
  -7.500000298023224E-002
  -2.603000104427338E-001
   2.889999933540821E-002
  -7.462999820709229E-001
  -2.872999906539917E-001
  -4.781000018119812E-001
  -7.792000174522400E-001
       -1.184299945831299
       -1.049999952316284
       -1.582700014114380
  -2.205000072717667E-001
  -7.500000000000000E-001
  -7.161999940872192E-001
  -6.022999882698059E-001
       -1.180999994277954
   7.358999848365784E-001
   5.558000206947327E-001
   1.889999955892563E-002
  -4.546999931335449E-001
   4.050000011920929E-001
  -2.723000049591065E-001
  -8.919999748468399E-002
  -1.262000054121018E-001
  -1.224000006914139E-001
  -3.720000088214874E-001
   1.773000061511993E-001
   9.394999742507935E-001
   7.617999911308289E-001
   7.836999893188477E-001
  -8.822000026702881E-001
       -1.591500043869019
       -2.054600000381470
       -1.993700027465820
       -1.248700022697449
  -7.141000032424927E-001
   1.917999982833862E-001
  -1.519999951124191E-001
  -5.278000235557556E-001
       -1.082499980926514
  -1.500000059604645E-001
       -1.241000056266785
       -1.058300018310547
       -1.428400039672852
  -7.595999836921692E-001
       -1.687999963760376
       -1.211300015449524
  -5.080000162124634E-001
  -6.761000156402588E-001
  -3.720000088214874E-001
  -8.590999841690064E-001
  -6.873000264167786E-001
  -7.950000166893005E-001
  -3.662999868392944E-001
   2.619999945163727E-001
  -5.295000076293945E-001
  -8.676000237464905E-001
       -1.292999982833862
       -1.062600016593933
  -5.454000234603882E-001
  -6.510999798774719E-001
   3.386999964714050E-001
   2.513000071048737E-001
   1.555999964475632E-001
   4.459999874234200E-002
  -1.010999977588654E-001
  -3.327000141143799E-001
  -6.976000070571899E-001
       -1.774700045585632
       -1.162799954414368
  -6.657000184059143E-001
  -3.246000111103058E-001
   2.549999952316284E-002
   2.392999976873398E-001
       -1.181800007820129
  -3.506999909877777E-001
   8.169000148773193E-001
   4.402999877929688E-001
   8.799999952316284E-003
  -5.921999812126160E-001
  -4.140000045299530E-002
       -1.056900024414063
       -1.185799956321716
  -5.590999722480774E-001
  -4.796999990940094E-001
  -8.151000142097473E-001
  -3.093000054359436E-001
   2.851999998092651E-001
   9.876000285148621E-001
  -2.264000028371811E-001
  -2.567000091075897E-001
  -8.679999709129334E-001
       -1.640300035476685
       -1.387099981307983
       -1.952299952507019
       -1.249699950218201
  -8.371000289916992E-001
  -9.412999749183655E-001
       -1.164999961853027
   1.700000022538006E-003
  -5.737000107765198E-001
  -5.950999855995178E-001
   7.590000331401825E-002
   1.448000073432922E-001
   2.164999991655350E-001
       -1.155599951744080
       -1.753800034523010
  -7.168999910354614E-001
  -5.625000000000000E-001
  -6.407999992370606E-001
   1.140000000596046E-001
  -1.799000054597855E-001
  -4.634000062942505E-001
  -2.416000068187714E-001
  -3.434000015258789E-001
  -1.731999963521957E-001
  -4.305000007152557E-001
   1.111999973654747E-001
       -1.440999984741211
  -9.465000033378601E-001
  -5.870000123977661E-001
  -3.959999978542328E-001
   4.600000083446503E-001
   3.959000110626221E-001
   2.213000059127808E-001
   5.206999778747559E-001
   2.182999998331070E-001
  -7.965999841690064E-001
  -5.166000127792358E-001
  -4.991999864578247E-001
  -2.563999891281128E-001
  -1.404999941587448E-001
   1.233000010251999E-001
  -2.830000035464764E-002
  -1.993000060319901E-001
   9.179999828338623E-001
   5.899999737739563E-001
  -2.646999955177307E-001
   1.081999987363815E-001
   4.472000002861023E-001
  -5.705000162124634E-001
   3.109000027179718E-001
  -6.182000041007996E-001
       -1.016100049018860
  -1.319999992847443E-002
  -1.938000023365021E-001
  -9.650000184774399E-002
   5.486999750137329E-001
   2.732999920845032E-001
  -2.671000063419342E-001
  -8.012999892234802E-001
  -7.220000028610230E-001
       -1.751299977302551
       -1.813300013542175
       -1.818400025367737
       -1.018700003623962
  -3.564999997615814E-001
  -4.354999959468842E-001
  -4.521999955177307E-001
  -3.979999944567680E-002
   1.070000007748604E-001
   1.483999937772751E-001
  -4.661000072956085E-001
   2.836000025272369E-001
  -7.411000132560730E-001
       -1.497300028800964
  -3.621000051498413E-001
  -7.124999761581421E-001
  -1.632000058889389E-001
  -2.445999979972839E-001
   7.135999798774719E-001
   4.210999906063080E-001
  -5.006999969482422E-001
  -6.272000074386597E-001
  -4.357999861240387E-001
   2.445999979972839E-001
   1.976999938488007E-001
  -2.730999886989594E-001
  -3.995000123977661E-001
  -9.854000210762024E-001
  -8.339999914169312E-001
       -1.260400056838989
  -2.064000070095062E-001
   2.580000087618828E-002
  -2.748999893665314E-001
       -1.048599958419800
  -7.282000184059143E-001
  -3.240000084042549E-002
  -6.409999728202820E-002
       -1.638000011444092
  -4.377999901771545E-001
  -1.231999993324280E-001
   2.951999902725220E-001
  -3.380999863147736E-001
  -4.821000099182129E-001
   7.272999882698059E-001
        1.026200056076050
   5.442000031471252E-001
   1.123000010848045E-001
   2.031999975442886E-001
   2.624000012874603E-001
   2.175000011920929E-001
  -1.557999998331070E-001
  -4.304000139236450E-001
   6.040000170469284E-002
  -2.175000011920929E-001
  -6.467000246047974E-001
       -1.000000000000000
   2.432000041007996E-001
  -4.674000144004822E-001
       -1.419700026512146
       -1.264299988746643
       -1.862599968910217
       -1.373200058937073
       -1.409899950027466
       -1.835199952125549
  -9.090999960899353E-001
       -1.200000047683716
  -7.153999805450440E-001
  -5.684999823570252E-001
       -1.106400012969971
  -7.975999712944031E-001
   3.350000083446503E-002
  -3.397000133991242E-001
  -8.612999916076660E-001
  -7.986999750137329E-001
  -5.260000228881836E-001
       -1.122200012207031
  -3.896000087261200E-001
  -7.999999821186066E-002
   5.738000273704529E-001
   2.215999960899353E-001
  -6.626999974250794E-001
   3.443999886512756E-001
  -3.795000016689301E-001
  -3.646000027656555E-001
  -9.200000204145908E-003
  -1.724999994039536E-001
  -5.191000103950501E-001
       -1.009099960327148
  -5.417000055313110E-001
  -7.427999973297119E-001
  -7.799999713897705E-001
  -2.579999864101410E-001
  -3.402999937534332E-001
   1.898999959230423E-001
   9.070000052452087E-002
   5.212000012397766E-001
  -5.241000056266785E-001
  -5.746999979019165E-001
  -7.500000000000000E-001
   1.913000047206879E-001
   1.677999943494797E-001
   3.979999944567680E-002
  -5.840000137686729E-002
   3.253999948501587E-001
        1.136600017547607
   6.183000206947327E-001
   5.127000212669373E-001
  -7.020000368356705E-002
  -4.717000126838684E-001
   7.152000069618225E-001
   5.328999757766724E-001
  -6.194999814033508E-001
   2.384999990463257E-001
  -4.354000091552734E-001
  -6.007000207901001E-001
       -1.067899942398071
       -1.020400047302246
       -1.124400019645691
       -2.108000040054321
       -1.647799968719482
       -2.055399894714356
  -2.273000031709671E-001
       -1.293200016021729
  -9.478999972343445E-001
       -1.775699973106384
       -1.183799982070923
       -1.230000019073486
       -1.491099953651428
       -1.048099994659424
       -1.164499998092651
  -4.106000065803528E-001
       -1.020400047302246
       -1.131000041961670
  -3.982000052928925E-001
  -1.111999973654747E-001
   1.508000046014786E-001
  -1.460999995470047E-001
   1.868000030517578E-001
  -2.470999956130981E-001
  -4.072999954223633E-001
  -7.163000106811523E-001
  -9.294999837875366E-001
  -5.679000020027161E-001
  -2.633000016212463E-001
  -1.741999983787537E-001
   1.539999991655350E-002
       -1.198300004005432
       -1.336899995803833
  -7.904999852180481E-001
  -5.202000141143799E-001
  -6.901000142097473E-001
  -2.811000049114227E-001
  -4.941999912261963E-001
  -4.388000071048737E-001
  -2.685999870300293E-001
   2.414000034332275E-001
   3.310000151395798E-002
  -7.292000055313110E-001
   1.640000008046627E-002
   9.304000139236450E-001
  -1.957000046968460E-001
   4.867999851703644E-001
   1.040000002831221E-002
   3.659999966621399E-001
        1.710899949073792
        1.050099968910217
        1.513800024986267
   3.713000118732452E-001
   5.656999945640564E-001
   2.328000068664551E-001
   7.444999814033508E-001
   6.413999795913696E-001
  -1.247000023722649E-001
  -5.490000173449516E-002
  -3.912999927997589E-001
       -1.011500000953674
  -8.820000290870667E-001
       -1.880200028419495
       -2.485399961471558
       -1.199200034141541
       -1.093000054359436
  -8.034999966621399E-001
       -1.606500029563904
  -8.579000234603882E-001
       -1.559000015258789
       -1.491099953651428
       -2.213599920272827
       -1.706500053405762
  -8.170999884605408E-001
       -1.554999947547913
  -8.306000232696533E-001
       -1.067999958992004
  -9.153000116348267E-001
  -8.111000061035156E-001
   2.632000148296356E-001
  -3.768000006675720E-001
  -1.393000036478043E-001
  -5.184000134468079E-001
  -6.043000221252441E-001
   4.230000078678131E-002
  -7.692999839782715E-001
  -3.086999952793121E-001
  -9.218999743461609E-001
  -6.818000078201294E-001
  -7.828000187873840E-001
  -5.605000257492065E-001
  -9.168999791145325E-001
  -9.714000225067139E-001
   1.449999958276749E-002
  -1.533000022172928E-001
  -7.835000157356262E-001
  -8.359000086784363E-001
       -1.023699998855591
  -5.206000208854675E-001
   5.770000070333481E-002
  -2.569999918341637E-002
  -1.278000026941299E-001
       -1.076300024986267
   2.572999894618988E-001
   5.695000290870667E-001
  -7.680000364780426E-002
  -5.213999748229981E-001
        1.082800030708313
   4.054999947547913E-001
        1.607499957084656
        1.784700036048889
   8.245000243186951E-001
   3.898000121116638E-001
   7.150999903678894E-001
   5.993999838829041E-001
        1.003499984741211
  -1.879999972879887E-002
  -2.494000047445297E-001
   3.208999931812286E-001
  -2.856000065803528E-001
  -7.653999924659729E-001
       -1.719799995422363
       -1.722900032997131
       -1.675899982452393
  -7.024000287055969E-001
       -1.185400009155273
  -2.689999938011169E-001
  -5.264000296592712E-001
       -1.138800024986267
       -1.138700008392334
  -9.089999794960022E-001
       -2.328999996185303
       -1.733000040054321
  -9.951999783515930E-001
  -9.107000231742859E-001
       -1.818600058555603
       -1.357900023460388
       -1.337900042533875
   1.536000072956085E-001
  -1.500999927520752E-001
  -9.767000079154968E-001
  -3.732999861240387E-001
  -6.298000216484070E-001
  -9.559999704360962E-001
  -3.975000083446503E-001
  -5.036000013351440E-001
  -8.105000257492065E-001
       -1.485999941825867
       -1.607200026512146
       -1.343500018119812
       -1.355200052261353
  -7.419000267982483E-001
  -3.962000012397766E-001
  -1.659999936819077E-001
   5.679000020027161E-001
  -8.324000239372253E-001
       -1.461699962615967
       -1.806399941444397
       -1.459400057792664
  -4.645999968051910E-001
   6.705999970436096E-001
   1.918999999761581E-001
   7.261000275611877E-001
   5.776000022888184E-001
   8.718000054359436E-001
   6.521000266075134E-001
        1.343799948692322
   7.509999871253967E-001
   5.274000167846680E-001
   7.641000151634216E-001
        1.535899996757507
   5.349000096321106E-001
   3.055999875068665E-001
        1.500200033187866
   2.642999887466431E-001
  -1.307000070810318E-001
   3.359999954700470E-001
   2.362000048160553E-001
   1.891999989748001E-001
  -6.791999936103821E-001
  -3.756000101566315E-001
       -1.155400037765503
       -1.252799987792969
  -9.915000200271606E-001
   1.209999993443489E-002
  -5.261999964714050E-001
  -1.187999993562698E-001
  -8.916000127792358E-001
       -1.197900056838989
       -1.291200041770935
  -9.599000215530396E-001
  -6.086000204086304E-001
       -1.060700058937073
       -1.554200053215027
  -9.715999960899353E-001
       -1.004199981689453
       -1.583899974822998
  -9.739999771118164E-001
  -6.374999880790710E-001
  -6.683999896049500E-001
  -6.237999796867371E-001
  -9.772999882698059E-001
       -1.266499996185303
       -1.046499967575073
   4.280000180006027E-002
  -1.059999968856573E-002
       -1.309599995613098
  -8.077999949455261E-001
       -1.390900015830994
       -1.317600011825562
       -1.625200033187866
  -9.434999823570252E-001
  -3.384000062942505E-001
  -5.152000188827515E-001
   4.379999935626984E-001
  -2.763999998569489E-001
       -1.711699962615967
       -2.205300092697144
  -7.282999753952026E-001
       -1.015300035476685
   1.270000040531158E-001
   4.399000108242035E-001
   8.134999871253967E-001
   4.410000145435333E-001
   9.024000167846680E-001
        1.018100023269653
   3.084999918937683E-001
   2.393999993801117E-001
   5.023999810218811E-001
   7.918000221252441E-001
        1.154600024223328
   2.646000087261200E-001
   4.000999927520752E-001
   6.780999898910523E-001
   7.459999918937683E-001
   5.098000168800354E-001
   5.802999734878540E-001
   9.690000116825104E-002
   1.425999999046326E-001
  -3.023000061511993E-001
  -4.065999984741211E-001
  -7.014999985694885E-001
   2.078000009059906E-001
  -3.935999870300293E-001
  -5.414999723434448E-001
  -5.942000150680542E-001
  -7.756000161170960E-001
  -7.696999907493591E-001
  -5.939999818801880E-001
  -5.070999860763550E-001
  -4.126000106334686E-001
  -6.256999969482422E-001
       -1.332800030708313
       -1.330600023269653
  -9.470999836921692E-001
       -1.051900029182434
  -4.988999962806702E-001
  -9.605000019073486E-001
       -1.051499962806702
       -1.359500050544739
       -1.332800030708313
  -9.207000136375427E-001
  -9.047999978065491E-001
  -5.615000128746033E-001
   5.343000292778015E-001
   4.800000227987766E-003
   7.090000063180924E-002
  -1.252000033855438E-001
       -1.695799946784973
       -1.684499979019165
       -1.773800015449524
       -1.494799971580505
  -5.699999928474426E-001
   4.399999976158142E-003
   5.370000004768372E-002
  -1.039000004529953E-001
       -1.111099958419800
       -1.087599992752075
  -6.913999915122986E-001
  -4.591999948024750E-001
   6.460000276565552E-001
   7.875999808311462E-001
        1.362900018692017
        1.270400047302246
        1.344099998474121
   9.690999984741211E-001
   8.679999709129334E-001
        1.044000029563904
   6.545000076293945E-001
   2.215999960899353E-001
   8.309999853372574E-002
  -2.597999870777130E-001
  -4.616999924182892E-001
        1.075199961662293
   8.726999759674072E-001
  -3.950000181794167E-002
   5.848000049591065E-001
        1.068099975585938
   5.205000042915344E-001
  -6.596999764442444E-001
  -5.213000178337097E-001
  -5.532000064849854E-001
  -4.870000109076500E-002
  -4.018999934196472E-001
  -7.958999872207642E-001
       -1.020099997520447
       -1.083799958229065
  -1.808999925851822E-001
   2.930000126361847E-001
   4.440999925136566E-001
   4.674000144004822E-001
   5.235000252723694E-001
   7.630000263452530E-002
  -1.277000010013580E-001
  -4.137000143527985E-001
  -8.266999721527100E-001
       -1.264199972152710
  -9.998999834060669E-001
       -2.101799964904785
       -2.079900026321411
       -1.886399984359741
       -1.690700054168701
  -9.706000089645386E-001
  -4.760000109672546E-001
   4.823000133037567E-001
  -2.349999994039536E-001
  -2.331999987363815E-001
  -2.808000147342682E-001
  -7.089999914169312E-001
  -4.490999877452850E-001
  -8.730000257492065E-001
       -1.016499996185303
       -1.742100000381470
  -6.549000144004822E-001
       -1.127300024032593
  -2.985999882221222E-001
       -1.014500021934509
       -1.039299964904785
  -7.199999876320362E-003
   3.838999867439270E-001
   5.131999850273132E-001
   7.788000106811523E-001
   8.194000124931335E-001
   5.430999994277954E-001
        1.426699995994568
        1.813899993896484
        1.537799954414368
   9.761000275611877E-001
   1.351000070571899E-001
   5.447000265121460E-001
  -6.033999919891357E-001
       -1.114899992942810
  -5.361999869346619E-001
   5.526999831199646E-001
   9.929999709129334E-001
   2.554000020027161E-001
  -1.208999976515770E-001
  -3.452000021934509E-001
   4.158999919891357E-001
  -6.844999790191650E-001
       -1.105100035667419
  -5.626999735832214E-001
  -4.275999963283539E-001
  -3.422999978065491E-001
       -1.096300005912781
       -2.103899955749512
  -3.885000050067902E-001
   3.923999965190888E-001
   5.827000141143799E-001
   1.962999999523163E-001
   7.220000028610230E-002
   4.122999906539917E-001
  -8.219999819993973E-002
  -6.049999967217445E-002
  -1.164999976754189E-001
       -1.242699980735779
       -1.556399941444397
       -1.714400053024292
       -2.121799945831299
       -1.789000034332275
       -2.018199920654297
       -2.726000070571899
       -2.173199892044067
  -6.283000111579895E-001
  -1.627999991178513E-001
  -1.040000002831221E-002
  -2.910000085830689E-001
  -1.754000037908554E-001
  -1.582999974489212E-001
  -1.754000037908554E-001
  -8.276000022888184E-001
  -5.996999740600586E-001
       -1.363800048828125
  -6.836000084877014E-001
  -3.289999961853027E-001
  -3.858000040054321E-001
  -8.340000361204147E-002
       -1.124699950218201
  -8.108999729156494E-001
  -8.450000286102295E-001
  -6.373999714851379E-001
  -9.693999886512756E-001
  -7.270000129938126E-002
   8.162999749183655E-001
        1.529099941253662
        1.114500045776367
        1.418900012969971
        1.723700046539307
   6.600999832153320E-001
  -2.101999968290329E-001
  -4.040000140666962E-001
  -9.014999866485596E-001
  -6.543999910354614E-001
  -3.282999992370606E-001
   3.571999967098236E-001
   5.685999989509583E-001
   1.794999986886978E-001
  -5.299999844282866E-003
  -3.224000036716461E-001
       -1.184499979019165
  -9.050999879837036E-001
  -5.464000105857849E-001
  -6.481999754905701E-001
       -1.085800051689148
  -3.109999895095825E-001
  -3.409999907016754E-001
  -1.099999994039536E-003
   2.982000112533569E-001
   3.003999888896942E-001
   4.289000034332275E-001
   2.415000051259995E-001
   3.648000061511993E-001
   1.209999993443489E-001
   2.011999934911728E-001
   3.860000148415566E-002
  -7.085999846458435E-001
       -1.096400022506714
       -1.783200025558472
       -1.803500056266785
       -2.208100080490112
       -1.998600006103516
       -1.695600032806397
       -1.836799979209900
       -1.227499961853027
   7.750000059604645E-002
   1.504999995231628E-001
  -1.481000036001205E-001
  -7.196999788284302E-001
       -1.048900008201599
  -7.128999829292297E-001
  -7.637000083923340E-001
  -8.694000244140625E-001
       -1.457499980926514
       -1.422399997711182
       -1.409399986267090
       -1.299800038337708
       -1.183400034904480
       -1.212499976158142
  -9.812999963760376E-001
       -1.102300047874451
  -7.917000055313110E-001
  -6.730999946594238E-001
  -5.029999837279320E-002
   9.933999776840210E-001
        1.216500043869019
        1.506899952888489
        1.850999951362610
        2.101599931716919
        1.557700037956238
  -3.544000089168549E-001
  -8.460000157356262E-002
  -7.014999985694885E-001
  -7.169999927282333E-002
  -1.445000022649765E-001
   6.582999825477600E-001
   7.770000100135803E-001
   8.363999724388123E-001
  -3.646000027656555E-001
       -1.028599977493286
       -1.429700016975403
       -1.541399955749512
       -1.240900039672852
       -1.330199956893921
  -9.404000043869019E-001
  -4.225000143051148E-001
  -7.389000058174133E-001
   5.539999902248383E-002
   5.084000229835510E-001
   4.363000094890595E-001
  -2.413000017404556E-001
   2.761000096797943E-001
  -1.881999969482422E-001
   3.759000003337860E-001
  -3.488999903202057E-001
  -8.586000204086304E-001
  -6.528000235557556E-001
       -1.050799965858460
  -3.743999898433685E-001
       -1.584400057792664
       -1.397699952125549
       -1.717000007629395
       -1.244899988174439
  -7.534999847412109E-001
  -7.520999908447266E-001
  -6.334999799728394E-001
  -4.481000006198883E-001
  -1.811999976634979E-001
  -7.785000205039978E-001
       -1.418300032615662
  -9.904000163078308E-001
  -5.324000120162964E-001
   8.709999918937683E-002
       -1.023000001907349
       -1.796499967575073
       -1.358299970626831
       -1.379999995231628
       -1.397600054740906
       -1.508100032806397
       -1.473600029945374
       -1.284199953079224
  -2.070000022649765E-002
   5.494999885559082E-001
        1.097499966621399
        2.225300073623657
        2.141700029373169
        1.955199956893921
        2.878700017929077
        2.182699918746948
        1.898300051689148
  -8.571000099182129E-001
  -4.740000069141388E-001
   7.090000063180924E-002
  -3.736000061035156E-001
  -3.486000001430512E-001
   1.181999966502190E-001
   7.904999852180481E-001
   5.155000090599060E-001
   9.549999982118607E-002
       -1.180299997329712
       -1.151499986648560
       -1.042899966239929
  -2.773999869823456E-001
  -7.504000067710877E-001
  -8.144999742507935E-001
  -4.600000083446503E-001
  -5.368000268936157E-001
   1.420000046491623E-001
   4.302000105381012E-001
   2.396000027656555E-001
   1.085999980568886E-001
   2.885999977588654E-001
   5.964999794960022E-001
   5.335999727249146E-001
  -1.798000037670136E-001
   2.894999980926514E-001
   3.989000022411346E-001
  -4.066999852657318E-001
  -3.601000010967255E-001
       -1.476400017738342
  -8.325999975204468E-001
  -4.855999946594238E-001
  -7.337999939918518E-001
  -5.715000033378601E-001
  -7.828000187873840E-001
   4.300000146031380E-003
  -5.655000209808350E-001
  -6.430000066757202E-001
       -1.079900026321411
       -2.134500026702881
  -8.611999750137329E-001
   8.669999986886978E-002
   2.337999939918518E-001
  -7.457000017166138E-001
  -2.802999913692474E-001
       -1.197600007057190
  -8.464000225067139E-001
  -7.459999918937683E-001
  -5.428000092506409E-001
  -5.386000275611877E-001
  -3.497000038623810E-001
   1.410000026226044E-002
  -1.854999959468842E-001
   6.628999710083008E-001
        1.071900010108948
        3.021399974822998
        3.300600051879883
        2.472700119018555
        1.901100039482117
        2.063899993896484
  -7.289000153541565E-001
  -7.002999782562256E-001
   7.429999858140945E-002
   2.125000059604645E-001
  -1.089000031352043E-001
   7.190999984741211E-001
   7.738000154495239E-001
   4.241000115871429E-001
   1.820000074803829E-002
  -4.704000055789948E-001
  -5.141999721527100E-001
  -6.531999707221985E-001
  -2.477999925613403E-001
  -2.126999944448471E-001
   1.580000072717667E-001
   3.264000117778778E-001
   8.959999680519104E-002
   8.629999756813049E-001
   8.723000288009644E-001
   7.199000120162964E-001
   5.012000203132629E-001
   9.301999807357788E-001
   1.875000000000000E-001
  -3.898999989032745E-001
   5.128999948501587E-001
   8.248999714851379E-001
   7.929999828338623E-001
  -1.194000020623207E-001
   5.389999970793724E-002
  -5.606999993324280E-001
       -1.068899989128113
       -1.326500058174133
  -5.823000073432922E-001
  -8.173000216484070E-001
       -1.136800050735474
  -7.082999944686890E-001
  -9.769999980926514E-001
       -1.100399971008301
       -1.329100012779236
       -1.402799963951111
       -1.907999992370606
  -5.498999953269959E-001
  -4.205999970436096E-001
  -4.657999873161316E-001
  -2.766000032424927E-001
  -5.386999845504761E-001
  -7.218999862670898E-001
  -8.917000293731690E-001
  -9.600000455975533E-003
  -3.283999860286713E-001
   7.850000262260437E-002
  -7.114999890327454E-001
   1.370999962091446E-001
   6.502000093460083E-001
        1.643800020217896
        2.981899976730347
        3.076600074768066
        1.947900056838989
        2.005100011825562
        2.158799886703491
   6.545000076293945E-001
   7.559999823570252E-001
  -2.779999971389771E-001
   5.058000087738037E-001
   3.635999858379364E-001
   7.871000170707703E-001
   6.036000251770020E-001
   2.940000034868717E-002
  -6.876000165939331E-001
  -3.889000117778778E-001
  -9.124000072479248E-001
  -2.763000130653381E-001
   4.830000102519989E-001
  -1.983000040054321E-001
   3.497000038623810E-001
   7.742999792098999E-001
   9.287999868392944E-001
        1.323899984359741
        1.603999972343445
        1.138100028038025
   1.858000010251999E-001
   1.800999939441681E-001
   5.930000171065331E-002
   1.912000030279160E-001
   3.973000049591065E-001
   4.596000015735626E-001
   2.730999886989594E-001
  -3.944000005722046E-001
  -2.011000066995621E-001
  -5.666999816894531E-001
       -1.294600009918213
  -6.753000020980835E-001
  -9.197000265121460E-001
  -7.447000145912170E-001
  -9.228000044822693E-001
       -1.703500032424927
       -1.520400047302246
  -9.495000243186951E-001
       -1.612800002098084
       -1.951900005340576
       -1.703199982643127
       -1.061699986457825
  -2.741000056266785E-001
  -3.754999935626984E-001
  -3.682999908924103E-001
  -1.841000020503998E-001
       -1.115100026130676
  -4.898999929428101E-001
  -8.406000137329102E-001
  -5.649999901652336E-002
   8.068000078201294E-001
  -3.425999879837036E-001
   8.399000167846680E-001
   8.691999912261963E-001
        1.922199964523315
        2.262300014495850
        2.286299943923950
        1.863499999046326
        1.883599996566773
        1.101899981498718
        1.438699960708618
   2.953000068664551E-001
   5.795000195503235E-001
   4.591000080108643E-001
   3.716999888420105E-001
        1.095499992370606
        1.437800049781799
   5.582000017166138E-001
  -1.339999958872795E-002
   6.930999755859375E-001
   1.330000013113022E-001
   3.635999858379364E-001
        1.041399955749512
   3.479000031948090E-001
   7.922000288963318E-001
        1.634899973869324
        1.268200039863586
        1.231400012969971
        2.315599918365479
        1.876999974250794
   8.363000154495239E-001
   3.203000128269196E-001
  -8.835999965667725E-001
   3.934000134468079E-001
   1.115999966859818E-001
  -7.387999892234802E-001
  -8.432000279426575E-001
       -1.001299977302551
  -5.899999737739563E-001
  -4.614000022411346E-001
  -8.636000156402588E-001
  -8.181999921798706E-001
       -1.041200041770935
  -4.377999901771545E-001
  -7.046999931335449E-001
       -1.361099958419800
  -8.973000049591065E-001
  -3.253000080585480E-001
  -6.575999855995178E-001
       -1.431200027465820
  -9.469000101089478E-001
   4.600000008940697E-002
  -1.521999984979630E-001
       -1.552500009536743
       -1.119199991226196
  -3.851999938488007E-001
  -1.999999949475750E-004
  -4.557999968528748E-001
  -2.005999982357025E-001
        1.001199960708618
   6.171000003814697E-001
   5.903000235557556E-001
   5.827999711036682E-001
   2.011000066995621E-001
   6.927000284194946E-001
        1.926800012588501
        1.414800047874451
   6.348000168800354E-001
   9.182000160217285E-001
        1.348899960517883
        1.549999952316284
   5.827999711036682E-001
        1.021900057792664
  -3.930000066757202E-001
        1.178900003433228
        1.641800045967102
        1.589900016784668
        1.842700004577637
        1.561900019645691
        1.116400003433228
        1.058200001716614
   2.369000017642975E-001
        1.054700016975403
   9.632999897003174E-001
   7.461000084877014E-001
        1.441100001335144
   6.140000224113464E-001
        1.225100040435791
   8.852000236511231E-001
   9.758999943733215E-001
   7.886999845504761E-001
  -3.231000006198883E-001
       -1.023699998855591
   6.984000205993652E-001
   8.260999917984009E-001
  -3.610999882221222E-001
   1.609999984502792E-001
   2.284999936819077E-001
  -2.019000053405762E-001
   2.870999872684479E-001
  -2.273000031709671E-001
   2.600000053644180E-002
   5.482000112533569E-001
  -1.140000000596046E-001
  -5.044000148773193E-001
       -1.265400052070618
  -9.714999794960022E-001
       -1.034399986267090
       -1.725700020790100
       -1.245700001716614
       -1.004699945449829
  -6.477000117301941E-001
  -3.190000057220459E-001
       -1.753000020980835
  -8.208000063896179E-001
  -3.582000136375427E-001
  -3.158999979496002E-001
  -8.062999844551086E-001
   4.232000112533569E-001
   3.000000026077032E-003
   6.856999993324280E-001
   8.739999681711197E-002
   7.443000078201294E-001
   1.647000014781952E-001
   7.069000005722046E-001
   9.049999713897705E-001
   3.630999922752380E-001
   5.975999832153320E-001
   1.550000011920929E-001
   9.460999965667725E-001
   5.123999714851379E-001
   9.452999830245972E-001
        1.205100059509277
        1.394199967384338
        1.040400028228760
        1.766299962997437
   9.880999922752380E-001
        1.950700044631958
        1.407699942588806
        1.877500057220459
   5.293999910354614E-001
   1.151999980211258E-001
   6.620000302791596E-002
   2.879999876022339E-001
  -5.462999939918518E-001
   1.420000046491623E-001
   1.551000028848648E-001
   6.125000119209290E-001
        1.178400039672852
  -1.774999946355820E-001
  -3.799999952316284E-001
  -4.959000051021576E-001
       -1.193600058555603
   2.052000015974045E-001
   2.793999910354614E-001
  -5.869999900460243E-002
   6.974999904632568E-001
  -5.741999745368958E-001
  -4.147999882698059E-001
        1.172799944877625
   1.543000042438507E-001
  -2.114000022411346E-001
   2.917000055313110E-001
   4.828000068664551E-001
  -5.687000155448914E-001
       -1.621899962425232
       -1.079300045967102
       -1.124799966812134
       -1.321799993515015
       -1.004099965095520
       -1.779600024223328
       -1.632699966430664
  -5.389999747276306E-001
  -4.557000100612640E-001
  -2.451999932527542E-001
  -7.150999903678894E-001
  -5.832999944686890E-001
       -1.182399988174439
   8.799999952316284E-003
  -3.727999925613403E-001
   5.055999755859375E-001
  -9.300000220537186E-002
   2.020000070333481E-001
   3.629999980330467E-002
        1.006800055503845
   3.601999878883362E-001
  -3.770999908447266E-001
  -1.430999934673309E-001
  -2.449999935925007E-002
   6.450999975204468E-001
        1.525599956512451
        1.853199958801270
        1.248600006103516
        1.491700053215027
        1.070099949836731
   9.527999758720398E-001
   8.697000145912170E-001
        1.187999963760376
        1.521600008010864
   4.972999989986420E-001
   6.292999982833862E-001
   4.729999974370003E-002
  -1.976999938488007E-001
  -6.577000021934509E-001
       -1.155900001525879
  -2.772000133991242E-001
  -3.790000081062317E-002
  -8.860000222921372E-002
   6.949999928474426E-002
  -1.234000027179718E-001
  -5.285999774932861E-001
  -1.782000064849854E-001
  -2.314999997615814E-001
       -1.033200025558472
  -2.462999969720841E-001
   3.758000135421753E-001
   6.446999907493591E-001
  -2.752999961376190E-001
   5.623999834060669E-001
   9.828000068664551E-001
   6.444000005722046E-001
        1.044399976730347
   3.813000023365021E-001
   3.629999980330467E-002
  -7.746999859809876E-001
  -8.163999915122986E-001
  -5.249000191688538E-001
  -2.859999984502792E-002
  -1.607999950647354E-001
       -1.487300038337708
       -1.805600047111511
       -1.306399941444397
  -6.115000247955322E-001
   4.878000020980835E-001
   9.362999796867371E-001
  -3.501999974250794E-001
  -5.741000175476074E-001
  -2.948000133037567E-001
  -3.860000073909760E-001
   3.397000133991242E-001
   9.688000082969666E-001
  -2.126999944448471E-001
   5.101000070571899E-001
  -1.079000011086464E-001
   2.440000027418137E-001
  -8.033000230789185E-001
       -1.728800058364868
       -1.458099961280823
  -5.974000096321106E-001
   6.500999927520752E-001
        1.636500000953674
        1.940400004386902
        1.150300025939941
        1.609300017356873
        2.732800006866455
        2.275899887084961
        1.579300045967102
   2.842999994754791E-001
   9.944999814033508E-001
   2.682000100612640E-001
  -6.409999728202820E-001
  -4.289999902248383E-001
  -1.176000013947487E-001
  -6.288999915122986E-001
  -7.700999975204468E-001
  -4.907999932765961E-001
  -1.481000036001205E-001
  -5.799999833106995E-002
   1.950999945402145E-001
   4.961000084877014E-001
   2.472999989986420E-001
   2.363999933004379E-001
  -1.099999994039536E-003
  -4.625000059604645E-001
  -6.529999971389771E-001
  -6.060000061988831E-001
   5.630999803543091E-001
   4.377000033855438E-001
   9.014000296592712E-001
   9.756000041961670E-001
   7.030000090599060E-001
        1.890499949455261
   9.000999927520752E-001
  -3.330000117421150E-002
       -1.383399963378906
       -1.348000049591065
  -1.395000070333481E-001
   5.910999774932861E-001
   4.860999882221222E-001
  -3.452999889850617E-001
   1.009999960660934E-002
   1.207000017166138E-001
   2.445999979972839E-001
   9.302999973297119E-001
   3.743999898433685E-001
  -5.106999874114990E-001
  -2.740000002086163E-002
  -1.054000034928322E-001
  -4.142999947071075E-001
  -7.053999900817871E-001
  -3.758000135421753E-001
   3.461999893188477E-001
   1.469999998807907E-001
  -1.429999992251396E-002
   4.251999855041504E-001
  -4.812999963760376E-001
  -8.170999884605408E-001
  -2.590000033378601E-001
  -5.063999891281128E-001
   6.567999720573425E-001
        1.080800056457520
        1.485599994659424
        1.552600026130676
        1.929100036621094
        2.497600078582764
        1.916599988937378
        2.254199981689453
        1.465499997138977
   4.551999866962433E-001
  -4.578000009059906E-001
  -3.255999982357025E-001
  -3.759999945759773E-002
   5.399000048637390E-001
   3.222999870777130E-001
  -2.388000041246414E-001
  -3.894999921321869E-001
   6.349999904632568E-001
   2.859999984502792E-002
  -2.094999998807907E-001
  -2.444999963045120E-001
   3.732999861240387E-001
   6.588000059127808E-001
   9.286000132560730E-001
   3.578000068664551E-001
  -3.899999894201756E-003
   5.541999936103821E-001
        1.423799991607666
        1.265499949455261
   5.666000247001648E-001
        1.382500052452087
        2.061700105667114
        1.257300019264221
  -2.859999984502792E-002
       -1.044000029563904
       -1.116500020027161
  -6.129999756813049E-001
   2.107000052928925E-001
   9.799999743700028E-002
  -9.390000253915787E-002
   1.968999952077866E-001
   4.639999940991402E-002
  -9.039999842643738E-001
   3.801999986171722E-001
   3.389999866485596E-001
   2.585000097751617E-001
  -3.779999911785126E-002
  -1.458999961614609E-001
  -5.347999930381775E-001
  -6.168000102043152E-001
  -4.054000079631805E-001
  -1.885000020265579E-001
   7.810000330209732E-002
  -1.840000040829182E-002
   4.031000137329102E-001
        1.031800031661987
  -4.533999860286713E-001
       -1.181300044059753
  -6.327000260353088E-001
  -1.950000040233135E-002
   1.714999973773956E-001
   2.659999951720238E-002
   3.341000080108643E-001
        1.537400007247925
        1.920600056648254
        1.991899967193604
        2.502099990844727
        2.245199918746948
   5.921999812126160E-001
  -4.999000132083893E-001
  -5.024999976158142E-001
  -7.760000228881836E-002
   9.937000274658203E-001
   3.206000030040741E-001
   4.736999869346619E-001
  -3.054000139236450E-001
  -1.993999928236008E-001
   6.888999938964844E-001
   7.081000208854675E-001
   3.519999980926514E-001
   3.400000184774399E-002
   9.151999950408936E-001
   8.769000172615051E-001
        1.319499969482422
   8.931999802589417E-001
   3.767000138759613E-001
   4.934000074863434E-001
        1.023699998855591
        1.082200050354004
   9.832999706268311E-001
        1.109500050544739
   9.832000136375427E-001
   5.773000121116638E-001
   2.319999970495701E-002
  -9.858999848365784E-001
  -9.010999798774719E-001
       -1.318899989128113
  -5.620999932289124E-001
  -4.898000061511993E-001
  -6.789000034332275E-001
   3.510999977588654E-001
  -3.003999888896942E-001
   1.084000021219254E-001
  -3.790999948978424E-001
   1.217999979853630E-001
  -3.246999979019165E-001
  -3.759999871253967E-001
   2.698999941349030E-001
  -4.075999855995178E-001
  -1.317999958992004E-001
   5.386000275611877E-001
   8.468000292778015E-001
   2.836000025272369E-001
   4.154999852180481E-001
  -3.104999959468842E-001
  -1.255999952554703E-001
   6.620000302791596E-002
  -9.894999861717224E-001
       -1.331300020217896
       -1.325999975204468
  -7.950999736785889E-001
   2.980000078678131E-001
        1.406499981880188
        2.033799886703491
        1.552199959754944
        1.744099974632263
        1.508100032806397
   6.815999746322632E-001
   2.578000128269196E-001
  -4.893999993801117E-001
  -4.194999933242798E-001
  -3.300999999046326E-001
   7.056000232696533E-001
   2.730000019073486E-001
   3.183999955654144E-001
   4.029000103473663E-001
   1.319999992847443E-001
   7.138000130653381E-001
   5.784000158309937E-001
   4.329999908804894E-002
        1.265599966049194
        2.065399885177612
        2.082400083541870
        1.715299963951111
   8.941000103950501E-001
  -5.840000137686729E-002
  -8.269999921321869E-002
        1.139400005340576
        1.982499957084656
        1.196099996566773
   8.281999826431274E-001
  -2.231000065803528E-001
  -1.481000036001205E-001
  -3.492999970912933E-001
       -1.477599978446960
  -9.110000133514404E-001
  -7.501000165939331E-001
  -6.693000197410584E-001
       -1.079200029373169
  -7.372999787330627E-001
  -2.478999942541122E-001
  -2.628999948501587E-001
   1.063999980688095E-001
   2.680999934673309E-001
   5.842000246047974E-001
   2.772000133991242E-001
  -6.973999738693237E-001
   6.025999784469605E-001
  -6.093000173568726E-001
  -8.091999888420105E-001
  -8.073999881744385E-001
   3.860999941825867E-001
   7.444000244140625E-001
  -7.169999927282333E-002
  -5.869999900460243E-002
   2.691999971866608E-001
   2.529999986290932E-002
  -7.795000076293945E-001
  -8.391000032424927E-001
       -1.235100030899048
  -9.481999874114990E-001
   5.321999788284302E-001
   6.345000267028809E-001
        1.616500020027161
        1.444300055503845
        1.175300002098084
   6.205000281333923E-001
   8.659999817609787E-002
   3.862000107765198E-001
        1.020099997520447
   1.216000020503998E-001
  -4.142999947071075E-001
        1.048200011253357
   6.212000250816345E-001
   6.506999731063843E-001
   1.483999937772751E-001
   7.354000210762024E-001
   5.493999719619751E-001
   9.678999781608582E-001
        1.564000010490418
        1.123800039291382
        1.709200024604797
        1.831799983978272
   9.769999980926514E-001
        1.049900054931641
   3.598000109195709E-001
   4.591000080108643E-001
   9.115999937057495E-001
   9.161999821662903E-001
   9.829000234603882E-001
   4.199999943375588E-002
  -6.577000021934509E-001
  -1.815000027418137E-001
  -3.792999982833862E-001
       -1.341199994087219
       -1.642899990081787
       -1.775200009346008
       -1.370100021362305
       -1.510499954223633
       -1.540699958801270
       -1.162999987602234
   7.199999690055847E-002
   6.172000169754028E-001
   8.679000139236450E-001
   6.808999776840210E-001
   7.502999901771545E-001
   2.887000143527985E-001
   4.031000137329102E-001
  -9.201999902725220E-001
  -1.268000006675720E-001
  -8.331000208854675E-001
   9.480000287294388E-002
   4.984000027179718E-001
   4.083999991416931E-001
  -1.476999968290329E-001
  -4.410000145435333E-002
   1.993000060319901E-001
  -7.850000262260437E-001
       -1.813099980354309
       -1.415500044822693
  -8.953999876976013E-001
   9.261000156402588E-001
   9.448000192642212E-001
        1.149000048637390
        2.419800043106079
        2.062299966812134
        1.616799950599670
   9.598000049591065E-001
   2.646999955177307E-001
   5.564000010490418E-001
   5.779999867081642E-002
   2.370000071823597E-002
   5.054000020027161E-001
   3.950000181794167E-002
  -1.694000065326691E-001
  -4.610000178217888E-002
   3.215999901294708E-001
   6.173999905586243E-001
   6.599000096321106E-001
   4.138999879360199E-001
   8.694999814033508E-001
   2.430000007152557E-001
        1.940500020980835
        1.765200018882752
        1.901499986648560
        1.725999951362610
        1.526800036430359
        1.331400036811829
   8.768000006675720E-001
   7.127000093460083E-001
   2.946000099182129E-001
  -4.379000067710877E-001
  -8.651999831199646E-001
  -6.161999702453613E-001
  -5.965999960899353E-001
       -1.424600005149841
       -1.679399967193604
       -1.741099953651428
       -1.187000036239624
  -1.923999935388565E-001
  -2.001000046730042E-001
   4.469000101089478E-001
  -9.300000034272671E-003
   4.584000110626221E-001
   6.139000058174133E-001
        1.201400041580200
   4.349999874830246E-002
   2.107000052928925E-001
       -1.057899951934815
  -6.553999781608582E-001
  -5.364000201225281E-001
  -2.454999983310700E-001
   4.691999852657318E-001
   1.548999994993210E-001
  -2.080000042915344E-001
   2.736000120639801E-001
   3.489999845623970E-002
       -1.154299974441528
       -1.573400020599365
       -1.994300007820129
       -1.424700021743774
  -3.986000120639801E-001
        1.076699972152710
        1.778699994087219
        2.382999897003174
        2.654900074005127
        1.664800047874451
   1.606999933719635E-001
   6.310000270605087E-002
   2.583000063896179E-001
   5.511000156402588E-001
  -3.390000015497208E-002
   2.628999948501587E-001
  -5.899000167846680E-001
  -3.391000032424927E-001
  -3.880999982357025E-001
   2.353000044822693E-001
   2.716000080108643E-001
   3.219999969005585E-001
        1.194399952888489
   3.544000089168549E-001
   6.011000275611877E-001
   9.803000092506409E-001
   9.757999777793884E-001
        2.045500040054321
        1.960100054740906
        1.244799971580505
   8.636999726295471E-001
   1.844999939203262E-001
   4.751999974250794E-001
   3.371999859809876E-001
  -1.362999975681305E-001
  -5.218999981880188E-001
  -4.041999876499176E-001
       -1.484400033950806
       -1.081300020217896
       -1.747499942779541
       -1.742900013923645
  -2.321999967098236E-001
  -2.667999863624573E-001
  -1.464000046253204E-001
   4.817000031471252E-001
   2.171999961137772E-001
   9.839999675750732E-002
   5.408999919891357E-001
        1.539100050926209
   6.373000144958496E-001
  -1.951999962329865E-001
  -4.805999994277954E-001
  -8.879999816417694E-002
  -7.337999939918518E-001
   1.186000034213066E-001
   4.514000117778778E-001
  -1.379999965429306E-001
  -9.160000085830689E-001
  -4.551999866962433E-001
  -1.632999926805496E-001
  -7.289999723434448E-001
       -1.088899970054627
       -1.340499997138977
       -1.365900039672852
   7.835999727249146E-001
        1.240900039672852
        2.072099924087524
        2.940099954605103
        1.810999989509583
        1.466099977493286
   9.632999897003174E-001
   3.731999993324280E-001
  -6.657999753952026E-001
  -5.475999712944031E-001
  -4.837000072002411E-001
       -1.305999994277954
  -7.154999971389771E-001
  -1.489999983459711E-002
  -4.902000129222870E-001
  -5.178999900817871E-001
   5.817000269889832E-001
        1.906800031661987
        1.310999989509583
   3.488000035285950E-001
   2.917000055313110E-001
   1.712000072002411E-001
        1.763200044631958
        2.668699979782105
        2.868400096893311
        1.259500026702881
  -2.635000050067902E-001
   3.869999945163727E-001
   3.005000054836273E-001
  -2.001000046730042E-001
   9.309999644756317E-002
  -3.046999871730804E-001
  -4.733999967575073E-001
       -1.347800016403198
       -1.118499994277954
  -5.825999975204468E-001
       -1.215199947357178
  -4.083000123500824E-001
   4.459999874234200E-002
  -2.408999949693680E-001
  -1.418000012636185E-001
        1.015400052070618
   9.793000221252441E-001
        1.079900026321411
        1.356400012969971
   4.808000028133392E-001
   3.088000118732452E-001
  -2.287999987602234E-001
   1.702000051736832E-001
  -2.158000022172928E-001
   2.433000057935715E-001
   1.066000014543533E-001
   3.350000083446503E-002
   1.999999955296516E-002
       -1.133000016212463
  -8.429999649524689E-002
  -3.292999863624573E-001
  -5.317000150680542E-001
  -7.703999876976013E-001
  -6.460999846458435E-001
  -5.587000250816345E-001
   9.021000266075134E-001
        1.866199970245361
        1.088400006294251
        1.505300045013428
        1.809900045394898
        1.695399999618530
   2.310000061988831E-001
  -5.299999713897705E-001
  -5.480999946594238E-001
  -3.495000004768372E-001
  -9.675999879837036E-001
  -8.605999946594238E-001
       -1.107599973678589
  -4.147999882698059E-001
   3.190000057220459E-001
   7.473999857902527E-001
        1.463099956512451
        1.231099963188171
   3.283999860286713E-001
   3.547999858856201E-001
   3.977000117301941E-001
        1.749099969863892
        2.007999897003174
        1.832499980926514
   4.000000059604645E-001
  -1.826000064611435E-001
  -3.649999946355820E-002
  -8.560000360012054E-002
  -5.213000178337097E-001
   4.870000109076500E-002
   7.869999855756760E-002
  -4.038999974727631E-001
  -4.571000039577484E-001
       -1.171100020408630
  -6.751999855041504E-001
  -3.693000078201294E-001
  -3.828000128269196E-001
  -5.429000258445740E-001
  -3.434000015258789E-001
  -6.437000036239624E-001
   2.897000014781952E-001
   4.630999863147736E-001
        1.407099962234497
   6.772000193595886E-001
   8.022000193595886E-001
   7.408000230789185E-001
   3.271000087261200E-001
  -1.816000044345856E-001
  -1.915999948978424E-001
  -1.395000070333481E-001
  -9.284999966621399E-001
  -1.109999977052212E-002
       -1.166100025177002
       -1.177600026130676
  -4.381000101566315E-001
   4.999999888241291E-003
   3.650999963283539E-001
   3.567999899387360E-001
  -5.800999999046326E-001
  -8.751999735832214E-001
   2.465000003576279E-001
   3.393999934196472E-001
   6.884999871253967E-001
        1.932100057601929
        1.997799992561340
        1.366999983787537
  -2.023999989032745E-001
  -5.299000144004822E-001
   8.190000057220459E-002
   1.028999984264374E-001
  -4.736000001430512E-001
       -1.073699951171875
  -8.937000036239624E-001
  -1.783999949693680E-001
   5.529999732971191E-001
   9.530000090599060E-001
        1.336699962615967
   9.494000077247620E-001
  -3.700000001117587E-003
        1.080800056457520
   3.855000138282776E-001
        1.947999954223633
        1.139600038528442
   6.417000293731690E-001
   6.876999735832214E-001
   2.614000141620636E-001
   1.768999993801117E-001
   3.230000138282776E-001
   5.210999846458435E-001
  -2.189999967813492E-001
   1.913000047206879E-001
   2.210000008344650E-001
  -2.850000001490116E-002
  -2.953999936580658E-001
  -6.097999811172485E-001
  -5.916000008583069E-001
  -8.460999727249146E-001
  -8.963000178337097E-001
  -8.367999792098999E-001
  -6.754999756813049E-001
  -9.499999880790710E-002
   7.141000032424927E-001
        1.071099996566773
        1.876899957656860
        1.102499961853027
        1.156100034713745
   2.937000095844269E-001
  -4.370000064373016E-001
       -1.791599988937378
  -7.555000185966492E-001
  -8.235999941825867E-001
  -9.579999744892120E-002
  -7.935000061988831E-001
  -8.417999744415283E-001
  -7.067999839782715E-001
  -2.322999984025955E-001
   4.395999908447266E-001
   4.542999863624573E-001
   1.449999958276749E-001
  -3.470000028610230E-001
  -5.379999876022339E-001
   5.570000037550926E-002
   3.953000009059906E-001
   8.725000023841858E-001
        1.668599963188171
        1.271000027656555
   4.011000096797943E-001
  -2.169999927282333E-001
       -1.386299967765808
       -1.169600009918213
  -6.662999987602234E-001
  -3.319000005722046E-001
       -1.104400038719177
  -5.397999882698059E-001
   4.776999950408936E-001
   8.004999756813049E-001
   2.345000058412552E-001
  -4.846000075340271E-001
  -2.827000021934509E-001
   3.341999948024750E-001
   1.626999974250794E-001
   9.459000229835510E-001
        1.800400018692017
   8.835999965667725E-001
   5.730999708175659E-001
        1.064299941062927
   5.514000058174133E-001
   9.499999694526196E-003
  -6.025000214576721E-001
  -3.109999932348728E-002
  -2.691000103950501E-001
  -6.530000269412994E-002
  -1.787000000476837E-001
  -1.833000034093857E-001
  -6.315000057220459E-001
  -1.351000070571899E-001
  -6.599999964237213E-003
  -6.991999745368958E-001
  -4.142999947071075E-001
  -7.585999965667725E-001
   7.131999731063843E-001
   1.837999969720841E-001
   9.042000174522400E-001
        1.646600008010864
        1.981299996376038
        1.042400002479553
   1.759999990463257E-001
   1.240000035613775E-002
       -1.058699965476990
  -6.337000131607056E-001
  -7.720999717712402E-001
   9.600000083446503E-002
  -4.934999942779541E-001
       -1.329200029373169
       -1.519099950790405
  -8.184000253677368E-001
  -6.567999720573425E-001
   9.006000161170960E-001
   5.196999907493591E-001
  -3.240000009536743E-001
  -1.293999999761581E-001
   1.062999963760376E-001
   7.079999893903732E-002
   2.926000058650971E-001
   1.986999958753586E-001
        1.289499998092651
   7.563999891281128E-001
   4.126000106334686E-001
  -7.642999887466431E-001
  -3.210000097751617E-001
  -5.407999753952026E-001
  -4.557000100612640E-001
       -1.113899946212769
  -6.173999905586243E-001
   5.702000260353088E-001
   1.020999997854233E-001
   1.651999950408936E-001
  -3.847999870777130E-001
   9.709999710321426E-002
   3.869999945163727E-001
   1.045999974012375E-001
        1.269400000572205
        1.420199990272522
        1.345399975776672
  -2.208999991416931E-001
   2.268999963998795E-001
  -2.166000008583069E-001
  -1.352999955415726E-001
  -3.131999969482422E-001
  -1.068999990820885E-001
   3.416999876499176E-001
   4.436999857425690E-001
  -2.486000061035156E-001
  -8.612999916076660E-001
  -2.129999995231628E-001
   1.950000040233135E-002
  -2.018000036478043E-001
   1.310000009834766E-002
  -4.580999910831451E-001
  -6.100999712944031E-001
   9.089999645948410E-002
  -3.443999886512756E-001
   2.490000054240227E-002
   1.449999958276749E-002
   6.632000207901001E-001
        1.412500023841858
   9.855999946594238E-001
   2.754999995231628E-001
  -1.481000036001205E-001
  -9.700000286102295E-003
   1.454000025987625E-001
   3.420000076293945E-001
   5.501000285148621E-001
  -7.322000265121460E-001
  -9.539999961853027E-001
  -2.462999969720841E-001
   3.233000040054321E-001
        1.950899958610535
        1.047799944877625
  -2.357999980449677E-001
   2.883999943733215E-001
   1.953999996185303E-001
   5.217000246047974E-001
  -7.332000136375427E-001
   3.828000128269196E-001
   8.496999740600586E-001
   3.820999860763550E-001
   2.381000071763992E-001
       -1.097300052642822
       -1.077700018882752
       -1.116199970245361
  -7.753999829292297E-001
   2.752999961376190E-001
   2.827000021934509E-001
   1.111000031232834E-001
  -2.669999897480011E-001
  -3.698000013828278E-001
   7.259999960660934E-002
  -2.467000037431717E-001
   1.290000043809414E-002
   3.282000124454498E-001
   4.147999882698059E-001
   9.805999994277954E-001
        1.474300026893616
   1.357000023126602E-001
   2.333000004291534E-001
  -8.517000079154968E-001
       -1.056499958038330
  -3.145000040531158E-001
  -3.853999972343445E-001
   6.003000140190125E-001
  -3.740000128746033E-001
  -3.307000100612640E-001
  -3.725000023841858E-001
  -1.305000036954880E-001
  -7.142000198364258E-001
       -1.082900047302246
  -6.754000186920166E-001
  -8.679000139236450E-001
       -1.482900023460388
  -8.698999881744385E-001
  -7.864000201225281E-001
  -8.694000244140625E-001
  -6.800000369548798E-002
   8.867999911308289E-001
        1.524500012397766
   7.160000205039978E-001
   5.771999955177307E-001
   4.180999994277954E-001
   8.260999917984009E-001
  -1.163000017404556E-001
  -2.000000094994903E-003
   1.767999976873398E-001
  -5.540000200271606E-001
  -4.564999938011169E-001
   5.228999853134155E-001
   4.365000128746033E-001
   6.489999890327454E-001
  -6.419999897480011E-002
  -8.327000141143799E-001
  -3.470999896526337E-001
   6.250000000000000E-001
   2.494000047445297E-001
  -7.414000034332275E-001
  -9.640000015497208E-002
   1.279999967664480E-002
   2.237000018358231E-001
       -1.172700047492981
       -1.048499941825867
  -8.181999921798706E-001
  -4.568000137805939E-001
  -2.434999942779541E-001
   2.955999970436096E-001
        1.039399981498718
   3.197000026702881E-001
  -3.856999874114990E-001
  -6.769000291824341E-001
  -1.264999955892563E-001
   5.150000005960465E-002
  -1.799999969080091E-003
   2.433000057935715E-001
  -3.257000148296356E-001
   3.495000004768372E-001
   8.537999987602234E-001
  -8.586999773979187E-001
  -1.488000005483627E-001
  -7.652999758720398E-001
  -3.030999898910523E-001
  -3.269999846816063E-002
   2.664000093936920E-001
   3.504000008106232E-001
  -6.819999963045120E-002
  -5.106999874114990E-001
  -4.783999919891357E-001
   5.059000253677368E-001
  -8.526999950408936E-001
       -1.041300058364868
       -1.016700029373169
  -2.026000022888184E-001
  -3.109000027179718E-001
  -8.288000226020813E-001
       -1.138200044631958
       -1.178699970245361
  -4.433999955654144E-001
   1.897000074386597E-001
  -4.699999932199717E-003
   6.958000063896179E-001
   4.369999840855598E-002
  -4.356000125408173E-001
  -4.760999977588654E-001
  -1.823000013828278E-001
  -3.524000048637390E-001
   6.327000260353088E-001
  -4.020999968051910E-001
  -6.990000009536743E-001
   1.662999987602234E-001
  -4.451000094413757E-001
  -4.778999984264374E-001
  -1.838999986648560E-001
  -8.845000267028809E-001
   2.709000110626221E-001
   2.640999853610992E-001
   1.093999966979027E-001
  -4.799000024795532E-001
   2.626999914646149E-001
  -2.659999951720238E-002
  -4.032999873161316E-001
       -1.301100015640259
       -1.294999957084656
  -6.783999800682068E-001
   4.255000054836273E-001
   5.083000063896179E-001
   5.688999891281128E-001
   4.684999883174896E-001
   2.009000033140183E-001
  -8.084999918937683E-001
  -5.375999808311462E-001
   3.519999980926514E-001
   4.891999959945679E-001
   3.240000009536743E-001
  -6.230000033974648E-002
  -8.228999972343445E-001
  -9.359999746084213E-002
   7.235999703407288E-001
       -1.023000001907349
       -1.431599974632263
       -1.098299980163574
   1.877000033855438E-001
  -3.758000135421753E-001
  -1.090999990701675E-001
   6.995999813079834E-001
   3.239000141620636E-001
   3.533999919891357E-001
   3.298999965190888E-001
   2.176000028848648E-001
  -4.747999906539917E-001
  -7.800999879837036E-001
  -4.005999863147736E-001
  -2.693000137805939E-001
   4.783999919891357E-001
  -9.697999954223633E-001
  -7.177000045776367E-001
  -1.745000034570694E-001
  -2.413000017404556E-001
  -1.973000019788742E-001
   5.710000172257423E-002
  -5.044999718666077E-001
  -5.579000115394592E-001
  -6.945999860763550E-001
  -4.253000020980835E-001
  -7.831000089645386E-001
  -5.630999803543091E-001
   1.124999970197678E-001
   9.329000115394592E-001
   4.212999939918518E-001
   1.612000018358231E-001
  -1.256999969482422E-001
  -1.208999976515770E-001
  -8.780000358819962E-002
  -8.959999680519104E-002
  -5.256000161170960E-001
   3.711000084877014E-001
   9.024000167846680E-001
   1.435000002384186E-001
  -2.655999958515167E-001
   7.326999902725220E-001
   5.037999749183655E-001
  -1.048000007867813E-001
  -9.039000272750855E-001
  -6.625999808311462E-001
  -1.011999994516373E-001
   3.240000009536743E-001
   5.579000115394592E-001
   6.269000172615051E-001
  -1.103999987244606E-001
   1.332000046968460E-001
  -6.205000281333923E-001
  -1.393000036478043E-001
   6.328999996185303E-001
   1.592999994754791E-001
  -3.921999931335449E-001
   1.423999965190888E-001
  -7.914999723434448E-001
  -7.469000220298767E-001
  -8.418999910354614E-001
       -1.065500020980835
  -2.273000031709671E-001
   3.298999965190888E-001
  -3.177999854087830E-001
  -4.169000089168549E-001
   2.526000142097473E-001
  -1.733999997377396E-001
  -6.750000268220902E-002
   2.592999935150147E-001
   9.579999744892120E-002
  -3.650000095367432E-001
  -5.407000184059143E-001
  -3.395999968051910E-001
  -4.774999916553497E-001
  -4.684000015258789E-001
  -6.280999779701233E-001
       -1.162199974060059
   6.159999966621399E-002
  -8.144000172615051E-001
  -2.224999964237213E-001
   5.719999969005585E-002
  -9.122999906539917E-001
       -1.138599991798401
  -8.108999729156494E-001
  -2.565999925136566E-001
  -1.656000018119812E-001
  -2.239000052213669E-001
  -8.460000157356262E-002
   5.720000267028809E-001
        1.405300021171570
  -4.140000045299530E-001
   3.461000025272369E-001
  -5.936999917030335E-001
       -1.224499940872192
   4.736000001430512E-001
   7.869999855756760E-002
   4.320000112056732E-001
   3.393999934196472E-001
  -4.156000018119812E-001
   1.920000091195107E-002
  -6.729999929666519E-002
   3.438000082969666E-001
  -3.131999969482422E-001
  -1.984000056982040E-001
  -6.019999831914902E-002
        1.344099998474121
        1.018800020217896
   1.597999930381775E-001
   4.824000000953674E-001
  -1.431999951601028E-001
  -5.609999969601631E-002
   7.899999618530273E-003
   7.400000095367432E-001
        1.069100022315979
  -2.872999906539917E-001
   7.669000029563904E-001
   1.475999951362610E-001
  -1.331000030040741E-001
  -5.001999735832214E-001
  -5.454000234603882E-001
  -2.782000005245209E-001
   1.447000056505203E-001
  -2.400999963283539E-001
  -1.941999942064285E-001
  -3.700000001117587E-003
  -5.471000075340271E-001
  -7.193999886512756E-001
   3.910999894142151E-001
  -1.328999996185303E-001
  -4.765999913215637E-001
  -6.909999996423721E-002
  -8.240000158548355E-002
   3.007000088691711E-001
   4.339999854564667E-001
  -2.483000010251999E-001
  -3.361999988555908E-001
  -5.503000020980835E-001
  -1.291999965906143E-001
  -6.493999958038330E-001
  -1.661999970674515E-001
  -4.754000008106232E-001
  -5.917999744415283E-001
  -9.391000270843506E-001
  -4.927000105381012E-001
  -7.515000104904175E-001
  -3.091999888420105E-001
  -1.177999973297119E-001
   1.458999961614609E-001
   4.402999877929688E-001
   9.308999776840210E-001
   1.588999927043915E-001
   4.092000126838684E-001
  -8.360000252723694E-001
       -1.470199942588806
   5.454999804496765E-001
  -1.703000068664551E-001
  -5.091999769210815E-001
  -4.544000029563904E-001
  -7.623000144958496E-001
  -7.651000022888184E-001
   2.215999960899353E-001
   4.702000021934509E-001
   4.505999982357025E-001
   9.480999708175659E-001
        1.184200048446655
        1.939000010490418
   9.925000071525574E-001
  -3.571999967098236E-001
   3.027000129222870E-001
  -1.659999974071980E-002
   1.682000011205673E-001
  -2.933000028133392E-001
  -3.504000008106232E-001
   4.930000007152557E-001
  -7.469999790191650E-001
   1.040000021457672E-001
  -1.076999977231026E-001
  -1.527000069618225E-001
   4.320000112056732E-002
  -4.350999891757965E-001
       -1.204200029373169
  -8.130999803543091E-001
       -1.048300027847290
  -8.302000164985657E-001
  -3.477999866008759E-001
  -5.505999922752380E-001
  -7.195000052452087E-001
   2.851999998092651E-001
   1.694999933242798E-001
  -1.080999970436096E-001
   6.399999838322401E-003
   4.138999879360199E-001
   1.871999949216843E-001
   3.625999987125397E-001
  -5.130000039935112E-002
  -3.431999981403351E-001
  -2.133000046014786E-001
  -1.190999969840050E-001
  -1.159999985247850E-002
  -4.187999963760376E-001
  -2.311999946832657E-001
  -8.402000069618225E-001
       -1.371899962425232
       -1.291599988937378
  -4.277000129222870E-001
   3.209999948740006E-002
  -5.572000145912170E-001
  -6.419999897480011E-002
   6.280000209808350E-001
   9.550999999046326E-001
   4.415999948978424E-001
  -2.969000041484833E-001
       -1.397199988365173
       -1.844099998474121
   6.046000123023987E-001
  -5.785999894142151E-001
       -1.407899975776672
  -6.687999963760376E-001
  -9.147999882698059E-001
  -4.329999983310700E-001
  -6.541000008583069E-001
   2.800999879837036E-001
        1.392699956893921
   5.031999945640564E-001
        1.056399941444397
   5.206000208854675E-001
   1.307999938726425E-001
  -4.578000009059906E-001
  -4.722999930381775E-001
  -4.436999857425690E-001
       -1.062500000000000
  -3.021000027656555E-001
  -4.656000137329102E-001
       -1.142199993133545
  -7.379000186920166E-001
       -1.227300047874451
       -1.101500034332275
  -3.066999912261963E-001
   1.894000023603439E-001
  -3.077000081539154E-001
  -9.225000143051148E-001
  -7.370000332593918E-002
  -4.370999932289124E-001
   7.300000172108412E-003
  -1.501999944448471E-001
       -1.220900058746338
  -1.599999964237213E-001
  -3.050000071525574E-001
   3.716000020503998E-001
        1.066200017929077
   3.876000046730042E-001
  -3.549000024795532E-001
   2.292000055313110E-001
   1.061000004410744E-001
   2.140000090003014E-002
   2.035000026226044E-001
   2.633999884128571E-001
   2.026000022888184E-001
   4.706999957561493E-001
  -4.293000102043152E-001
  -7.746999859809876E-001
       -1.395200014114380
       -1.457700014114380
  -8.968999981880188E-001
       -1.181300044059753
       -1.262099981307983
  -5.817999839782715E-001
  -5.159000158309937E-001
   4.930000007152557E-001
        1.029399991035461
   6.212000250816345E-001
  -3.873000144958496E-001
  -6.740999817848206E-001
  -5.370000004768372E-001
   4.039999842643738E-002
   4.648999869823456E-001
  -5.279999971389771E-001
   3.068999946117401E-001
   1.612000018358231E-001
   7.890000194311142E-002
   6.018000245094299E-001
        1.390699982643127
   6.909999847412109E-001
   6.553000211715698E-001
   5.695000290870667E-001
   2.168000042438507E-001
   3.830000013113022E-002
   3.407000005245209E-001
   7.100000046193600E-003
       -1.297600030899048
       -1.023800015449524
   9.880000352859497E-002
  -7.968999743461609E-001
  -6.621000170707703E-001
  -8.644999861717224E-001
  -5.550000071525574E-001
  -9.343000054359436E-001
  -3.896000087261200E-001
   2.016000002622604E-001
   5.566999912261963E-001
   5.353000164031982E-001
   7.789000272750855E-001
  -1.133000031113625E-001
  -8.689000010490418E-001
       -1.082700014114380
  -5.252000093460083E-001
  -1.480000000447035E-002
  -8.094999790191650E-001
  -4.961000084877014E-001
   5.375999808311462E-001
  -1.793999969959259E-001
   3.371999859809876E-001
   4.882000088691711E-001
        1.450299978256226
   7.530999779701233E-001
   3.034999966621399E-001
   7.960000038146973E-001
   3.118999898433685E-001
       -1.189000010490418
       -1.180799961090088
  -8.996000289916992E-001
  -5.848000049591065E-001
  -2.825999855995178E-001
  -8.281999826431274E-001
  -3.923000097274780E-001
       -1.304999947547913
       -1.266499996185303
   1.398999989032745E-001
   5.443000197410584E-001
   8.719999790191650E-001
        1.036999940872192
  -6.292999982833862E-001
  -2.129999995231628E-001
       -1.072299957275391
   1.798000037670136E-001
   1.319999992847443E-001
   2.198999971151352E-001
   5.479999780654907E-001
   2.657000124454498E-001
   9.750999808311462E-001
   7.181000113487244E-001
        1.416399955749512
   3.984999954700470E-001
   3.770000115036964E-002
  -2.213000059127808E-001
  -6.175000071525574E-001
  -2.960000038146973E-001
   6.547999978065491E-001
  -2.153999954462051E-001
  -1.590999960899353E-001
  -5.860000103712082E-002
  -3.289999961853027E-001
  -2.206999957561493E-001
  -8.280000090599060E-001
  -5.386999845504761E-001
  -2.741000056266785E-001
  -4.368000030517578E-001
  -5.774999856948853E-001
  -1.456000059843063E-001
   6.575999855995178E-001
   9.844999909400940E-001
   4.239999875426292E-002
  -4.548999965190888E-001
       -1.133800029754639
       -1.661599993705750
       -1.033699989318848
  -9.254000186920166E-001
  -5.163999795913696E-001
  -2.908999919891357E-001
  -4.934000074863434E-001
  -4.785000085830689E-001
   1.879999935626984E-001
        1.531700015068054
        1.111400008201599
   9.587000012397766E-001
   9.893000125885010E-001
   3.131000101566315E-001
  -6.599999964237213E-003
  -6.601999998092651E-001
  -7.391999959945679E-001
  -7.803000211715698E-001
  -5.830000042915344E-001
  -2.743999958038330E-001
  -3.840000182390213E-002
       -1.056499958038330
  -6.772999763488770E-001
  -7.207000255584717E-001
  -3.693000078201294E-001
   3.208999931812286E-001
  -3.815999925136566E-001
  -4.966000020503998E-001
  -5.606999993324280E-001
       -1.289499998092651
       -1.500699996948242
   6.348000168800354E-001
   4.086999893188477E-001
  -2.030999958515167E-001
  -4.237000048160553E-001
   2.836999893188477E-001
  -1.812999993562698E-001
  -5.249999836087227E-002
   6.815999746322632E-001
  -5.279999971389771E-002
   1.081999987363815E-001
  -7.545999884605408E-001
  -7.810000330209732E-002
  -1.172000020742416E-001
       -1.014199972152710
  -8.205999732017517E-001
  -6.639999896287918E-002
  -2.439000010490418E-001
  -4.246999919414520E-001
  -3.287999927997589E-001
  -4.530999958515167E-001
  -1.884000003337860E-001
   8.935999870300293E-001
  -4.589999839663506E-002
  -1.797000020742416E-001
  -6.089000105857849E-001
  -6.726999878883362E-001
   3.530000150203705E-002
   5.527999997138977E-001
   1.230999976396561E-001
       -1.053400039672852
       -2.038199901580811
       -1.455600023269653
  -6.341999769210815E-001
  -1.207000017166138E-001
  -2.398999929428101E-001
   2.727999985218048E-001
   2.437999993562698E-001
        1.187700033187866
        1.265900015830994
   2.204000055789948E-001
   3.073000013828278E-001
   5.968999862670898E-001
   3.309000134468079E-001
  -2.653999924659729E-001
  -6.324999928474426E-001
  -9.300000034272671E-003
  -8.472999930381775E-001
       -1.118399977684021
  -9.656999707221985E-001
  -6.876999735832214E-001
  -3.118000030517578E-001
  -2.506999969482422E-001
  -1.474000066518784E-001
  -1.932000070810318E-001
   4.857999980449677E-001
       -1.188699960708618
       -1.132200002670288
       -1.095100045204163
  -8.267999887466431E-001
       -1.339599967002869
   3.939999938011169E-001
   8.424000144004822E-001
   4.524999856948853E-001
  -4.560000002384186E-001
  -7.365999817848206E-001
  -8.910999894142151E-001
  -6.033999919891357E-001
  -8.755999803543091E-001
  -6.759999990463257E-001
  -3.828000128269196E-001
  -1.523000001907349E-001
  -6.507999897003174E-001
  -8.755000233650208E-001
       -1.088799953460693
       -1.520599961280823
  -3.174000084400177E-001
  -7.330999970436096E-001
  -3.914000093936920E-001
   7.066000103950501E-001
  -9.024999737739563E-001
   4.966000020503998E-001
   6.168000102043152E-001
   5.116999745368958E-001
   2.373999953269959E-001
  -4.072999954223633E-001
  -6.312000155448914E-001
   3.000000026077032E-003
  -4.357999861240387E-001
   1.818999946117401E-001
       -1.027600049972534
       -1.736199975013733
  -6.363000273704529E-001
  -4.235000014305115E-001
  -3.661000132560730E-001
  -2.468000054359436E-001
   4.850000143051148E-002
   3.847000002861023E-001
        1.248499989509583
   4.621999859809876E-001
   5.978000164031982E-001
   4.146000146865845E-001
   4.237999916076660E-001
   1.583999991416931E-001
   2.600000053644180E-002
   2.520000003278256E-002
   3.273999989032745E-001
  -2.746999859809876E-001
       -1.201699972152710
  -9.756000041961670E-001
       -1.450500011444092
       -1.008499979972839
  -7.257999777793884E-001
   1.348000019788742E-001
   5.239999890327454E-001
  -2.987999916076660E-001
       -1.193799972534180
  -2.414000034332275E-001
       -1.121600031852722
       -1.266700029373169
       -1.507699966430664
   3.666000068187714E-001
   3.104000091552734E-001
   4.560000002384186E-001
   2.302999943494797E-001
  -7.184000015258789E-001
  -5.493000149726868E-001
  -2.136999964714050E-001
  -4.269999861717224E-001
       -1.320000052452087
  -8.438000082969666E-001
  -5.333999991416931E-001
  -4.156000018119812E-001
  -8.022999763488770E-001
  -1.149000003933907E-001
  -4.790999889373779E-001
  -6.003000140190125E-001
  -2.168000042438507E-001
   2.188999950885773E-001
  -3.206999897956848E-001
  -5.389999970793724E-002
   1.076999977231026E-001
   8.034999966621399E-001
  -2.236000001430512E-001
   9.298999905586243E-001
   5.101000070571899E-001
  -3.752000033855438E-001
   2.960000038146973E-001
        1.212000012397766
   7.215999960899353E-001
  -9.989999979734421E-002
  -5.827999711036682E-001
  -9.372000098228455E-001
   1.621000021696091E-001
   2.879999876022339E-001
   1.101000010967255E-001
   9.089999794960022E-001
   5.170000195503235E-001
   8.133999705314636E-001
   4.611000120639801E-001
   5.447999835014343E-001
   4.979999959468842E-001
   5.964000225067139E-001
        1.371500015258789
   5.767999887466431E-001
   8.850000053644180E-002
   5.479000210762024E-001
   4.550999999046326E-001
  -3.553000092506409E-001
  -1.749999970197678E-001
   4.890000075101852E-002
  -8.210999965667725E-001
  -8.587999939918518E-001
  -6.927999854087830E-001
  -5.296000242233276E-001
   1.482000052928925E-001
  -1.934999972581863E-001
  -7.512000203132629E-001
  -6.592000126838684E-001
       -1.319800019264221
  -6.376000046730042E-001
  -3.752000033855438E-001
  -1.806000024080277E-001
   5.934000015258789E-001
   2.502000033855438E-001
   5.169999971985817E-002
  -3.810999989509583E-001
  -1.190000027418137E-001
  -1.931000053882599E-001
  -9.679999947547913E-002
  -3.607000112533569E-001
  -6.014000177383423E-001
  -2.096000015735626E-001
  -6.220999956130981E-001
   4.406000077724457E-001
  -2.005999982357025E-001
   3.546000123023987E-001
  -3.319999873638153E-001
   4.596999883651733E-001
  -4.100000113248825E-002
   1.329999975860119E-002
   6.018000245094299E-001
   4.683000147342682E-001
   4.607999920845032E-001
  -3.199999928474426E-001
  -1.226999983191490E-001
   2.892999947071075E-001
        1.536999940872192
        1.582800030708313
   7.890999913215637E-001
   4.404999911785126E-001
   3.921999931335449E-001
  -2.597000002861023E-001
  -5.620999932289124E-001
  -2.793000042438507E-001
   5.242999792098999E-001
   2.043000012636185E-001
   7.419999837875366E-001
   4.859000146389008E-001
        1.287600040435791
   4.345999956130981E-001
  -1.884000003337860E-001
   1.439999975264072E-002
   1.852000057697296E-001
   4.898000061511993E-001
   2.417999953031540E-001
   4.905000030994415E-001
   6.776000261306763E-001
   9.430000185966492E-002
   7.354999780654907E-001
   3.826000094413757E-001
   3.339999914169312E-002
  -4.377000033855438E-001
  -6.672000288963318E-001
  -1.202000007033348E-001
   6.699999794363976E-003
   5.261999964714050E-001
   9.440000355243683E-002
   3.097000122070313E-001
   1.191999986767769E-001
  -2.644000053405762E-001
  -7.268999814987183E-001
  -9.988999962806702E-001
  -1.710000075399876E-002
  -3.777999877929688E-001
   6.093999743461609E-001
        1.018399953842163
   8.036000132560730E-001
   7.540000230073929E-002
  -5.508999824523926E-001
  -3.142000138759613E-001
  -6.543999910354614E-001
  -3.027999997138977E-001
   6.047999858856201E-001
   3.212999999523163E-001
   5.651000142097473E-001
  -1.886000037193298E-001
   7.230000197887421E-002
        1.145900011062622
   4.893999993801117E-001
   8.050000071525574E-001
   7.810999751091003E-001
   3.772000074386597E-001
  -8.859000205993652E-001
  -6.894000172615051E-001
  -1.625999957323074E-001
        1.243600010871887
        1.404099941253662
        1.635699987411499
        1.321200013160706
        1.202700018882752
        1.176599979400635
   1.499000042676926E-001
   3.299999982118607E-003
   1.689999997615814E-001
   7.505999803543091E-001
   8.895999789237976E-001
  -2.515999972820282E-001
  -4.304000139236450E-001
  -1.678999960422516E-001
  -4.025000035762787E-001
  -7.529000043869019E-001
  -6.250000000000000E-001
  -6.309999823570252E-001
   1.891999989748001E-001
   6.176000237464905E-001
        1.488999962806702
   2.437999993562698E-001
  -8.269999921321869E-002
   6.606000065803528E-001
  -7.242000102996826E-001
  -9.840999841690064E-001
  -8.341000080108643E-001
  -3.802999854087830E-001
   5.830000042915344E-001
   6.176999807357788E-001
   7.925999760627747E-001
   2.885999977588654E-001
  -4.329999983310700E-001
   1.001999974250794E-001
  -1.898999959230423E-001
  -3.783999979496002E-001
  -4.379999935626984E-001
   6.356999874114990E-001
        1.650099992752075
        1.304700016975403
        1.066499948501587
        1.070600032806397
  -5.239999890327454E-001
  -4.226000010967255E-001
  -3.260000050067902E-001
  -5.275999903678894E-001
  -5.601999759674072E-001
   6.916000247001648E-001
   2.633000016212463E-001
  -3.093999922275543E-001
  -4.228000044822693E-001
  -3.285999894142151E-001
   8.567000031471252E-001
   8.467000126838684E-001
        1.279399991035461
  -4.343999922275543E-001
   5.930000171065331E-002
  -6.269000172615051E-001
       -1.166900038719177
  -2.698000073432922E-001
   7.566999793052673E-001
        1.844599962234497
        1.690299987792969
        1.223299980163574
   7.491999864578247E-001
        1.250100016593933
   4.964999854564667E-001
   1.782999932765961E-001
  -1.367000043392181E-001
   3.860999941825867E-001
  -2.870000004768372E-001
  -3.450999855995178E-001
  -2.937000095844269E-001
       -1.308200001716614
  -6.381000280380249E-001
  -5.357999801635742E-001
  -6.593999862670898E-001
   5.119999870657921E-002
   6.807000041007996E-001
   1.176000013947487E-001
   3.632000088691711E-001
  -4.726000130176544E-001
  -7.125999927520752E-001
  -4.262000024318695E-001
  -9.415000081062317E-001
       -1.190000057220459
       -1.352200031280518
  -4.501000046730042E-001
   8.580999970436096E-001
   4.708000123500824E-001
   3.874000012874603E-001
  -1.250000000000000E-001
  -3.359999954700470E-001
   5.020000040531158E-002
   1.386000066995621E-001
  -2.395000010728836E-001
   4.833999872207642E-001
   6.133000254631043E-001
        1.261600017547607
   4.512999951839447E-001
  -2.666000127792358E-001
   2.421000003814697E-001
       -1.448099970817566
  -6.858000159263611E-001
  -5.274000167846680E-001
  -6.549999862909317E-002
  -2.081999927759171E-001
   8.100000023841858E-002
  -4.989999905228615E-002
  -8.088999986648560E-001
       -1.104599952697754
  -1.476999968290329E-001
   8.919000029563904E-001
        1.306499958038330
   8.001999855041504E-001
   2.304999977350235E-001
       -1.047199964523315
  -3.269000053405762E-001
  -1.896000057458878E-001
  -8.744999766349793E-001
   3.970000147819519E-002
   6.460999846458435E-001
   5.964999794960022E-001
   6.712999939918518E-001
   3.998999893665314E-001
        1.455199956893921
   9.064000248908997E-001
  -3.610000014305115E-002
   1.039000004529953E-001
   1.604000031948090E-001
   1.152999997138977E-001
  -5.929999947547913E-001
  -9.858000278472900E-001
  -5.832999944686890E-001
       -1.182999968528748
  -7.408000230789185E-001
   2.850000001490116E-002
   3.143000006675720E-001
   7.287999987602234E-001
   3.427999913692474E-001
  -4.537000060081482E-001
  -5.672000050544739E-001
  -8.086000084877014E-001
   2.267999947071075E-001
       -1.269099950790405
       -1.600800037384033
  -7.466999888420105E-001
  -8.909999728202820E-001
   2.377000004053116E-001
  -4.941999912261963E-001
   2.173999994993210E-001
  -2.370000034570694E-001
  -7.192999720573425E-001
  -4.406000077724457E-001
  -6.173999905586243E-001
  -3.745000064373016E-001
  -1.186000034213066E-001
   5.896000266075134E-001
  -5.771999955177307E-001
   3.718000054359436E-001
  -7.574999928474426E-001
       -1.150300025939941
       -1.604599952697754
  -6.901999711990356E-001
  -2.277999967336655E-001
   4.165000021457672E-001
   1.099999994039536E-003
  -3.840000182390213E-002
  -8.628000020980835E-001
  -5.519999861717224E-001
  -2.949999868869782E-001
  -5.209000110626221E-001
   5.443999767303467E-001
   5.450999736785889E-001
   3.138999938964844E-001
  -3.200000151991844E-002
  -3.644999861717224E-001
   4.943999946117401E-001
   6.281999945640564E-001
  -4.611000120639801E-001
   1.102999970316887E-001
   6.915000081062317E-001
   1.031000018119812E-001
   6.837999820709229E-001
   1.465999931097031E-001
   8.626000285148621E-001
   7.781000137329102E-001
   5.386000275611877E-001
   3.579999879002571E-002
        1.152699947357178
  -1.904000043869019E-001
  -2.897000014781952E-001
  -5.965999960899353E-001
  -8.009999990463257E-002
  -7.739999890327454E-001
  -7.129999995231628E-001
  -4.830999970436096E-001
  -4.289999976754189E-002
   1.629000008106232E-001
  -3.953999876976013E-001
   4.529999941587448E-002
  -4.898000061511993E-001
  -1.366000026464462E-001
  -9.761999845504761E-001
  -6.710000038146973E-001
  -9.200999736785889E-001
       -1.020099997520447
       -1.013800024986267
  -4.848000109195709E-001
  -4.298000037670136E-001
  -8.525000214576721E-001
  -5.532000064849854E-001
  -9.984999895095825E-001
       -1.194900035858154
   3.206999897956848E-001
  -6.539999842643738E-001
  -8.235999941825867E-001
  -5.074999928474426E-001
  -6.790000200271606E-001
  -1.729000061750412E-001
       -1.473099946975708
       -1.240000009536743
  -7.516999840736389E-001
       -1.162500023841858
  -6.794999837875366E-001
  -2.335000038146973E-001
  -5.195000171661377E-001
       -1.591300010681152
       -1.450799942016602
       -1.482900023460388
  -7.304999828338623E-001
  -8.378999829292297E-001
  -1.020000036805868E-002
   8.240000158548355E-002
  -1.094999983906746E-001
   9.089000225067139E-001
   9.861000180244446E-001
   1.555999964475632E-001
   7.584000229835510E-001
   3.634000122547150E-001
   5.449999868869782E-002
  -1.273999959230423E-001
   3.488000035285950E-001
        1.365100026130676
  -1.168999969959259E-001
   8.262000083923340E-001
        1.378299951553345
   8.393999934196472E-001
  -2.621000111103058E-001
  -7.400000095367432E-002
  -7.419000267982483E-001
  -5.419999957084656E-001
  -5.367000102996826E-001
   1.623000055551529E-001
  -1.442999988794327E-001
       -1.110499978065491
       -1.564100027084351
  -8.478000164031982E-001
  -9.941999912261963E-001
       -1.371399998664856
  -2.399999946355820E-001
  -4.430000111460686E-002
  -4.846000075340271E-001
       -1.002300024032593
  -8.838999867439270E-001
       -1.063899993896484
       -1.274600028991699
  -7.792999744415283E-001
       -1.113600015640259
  -6.769999861717224E-001
  -3.919000029563904E-001
       -1.421700000762940
       -1.236099958419800
  -9.408000111579895E-001
  -6.255000233650208E-001
   8.027999997138977E-001
   3.948999941349030E-001
   1.659999936819077E-001
  -3.009999990463257E-001
  -8.445000052452087E-001
       -1.225800037384033
       -1.381999969482422
       -1.034800052642822
  -7.925999760627747E-001
       -1.252500057220459
  -6.488000154495239E-001
  -7.774999737739563E-001
       -2.473299980163574
       -2.147700071334839
       -1.557299971580505
       -1.099499940872192
  -7.299000024795532E-001
  -2.372000068426132E-001
  -6.186000108718872E-001
  -6.101999878883362E-001
   4.571000039577484E-001
   2.655000090599060E-001
  -5.889999866485596E-002
   7.081999778747559E-001
   9.660000205039978E-001
   7.523999810218811E-001
  -1.086999997496605E-001
   8.340000361204147E-002
   5.460000038146973E-002
   4.214000105857849E-001
   7.142000198364258E-001
        1.515499949455261
        1.557299971580505
        1.256199955940247
   1.037999987602234E-001
  -4.429000020027161E-001
  -3.709000051021576E-001
  -1.768999993801117E-001
  -3.501000106334686E-001
       -1.146900057792664
  -9.684000015258789E-001
       -1.537400007247925
       -1.358999967575073
       -1.309999942779541
  -4.609000086784363E-001
  -1.568000018596649E-001
  -1.686999946832657E-001
  -6.958000063896179E-001
  -8.726000189781189E-001
  -8.543000221252441E-001
       -1.334400057792664
       -1.524099946022034
  -2.806000113487244E-001
  -6.804000139236450E-001
  -8.445000052452087E-001
  -4.361000061035156E-001
       -1.326900005340576
       -1.218899965286255
       -1.804499983787537
       -1.374899983406067
        1.376799941062927
        1.435899972915649
        1.089100003242493
   2.168000042438507E-001
       -1.332800030708313
  -2.759000062942505E-001
  -1.899999976158142E-001
  -7.468000054359436E-001
       -1.326900005340576
  -9.514999985694885E-001
  -9.871000051498413E-001
       -2.043100118637085
       -3.371999979019165
       -2.590600013732910
       -1.671100020408630
       -1.516000032424927
       -1.456300020217896
       -1.612599968910217
  -6.937999725341797E-001
  -2.833999991416931E-001
  -4.278999865055084E-001
       -1.200700044631958
  -5.802000164985657E-001
   3.901999890804291E-001
   5.579000115394592E-001
   3.885000050067902E-001
  -7.465000152587891E-001
  -6.790000200271606E-001
   2.041999995708466E-001
   4.938000142574310E-001
   7.660000026226044E-002
   6.219000220298767E-001
        1.401000022888184
        1.082900047302246
   2.633999884128571E-001
   2.712999880313873E-001
  -6.530000269412994E-002
  -3.842999935150147E-001
  -3.833000063896179E-001
       -1.155200004577637
       -1.571799993515015
       -1.299100041389465
       -1.480200052261353
       -1.188099980354309
  -1.987999975681305E-001
   3.504999876022339E-001
  -6.765000224113464E-001
       -1.673599958419800
       -2.073699951171875
       -1.120900034904480
  -5.501999855041504E-001
       -1.530300021171570
       -1.134999990463257
  -2.354999929666519E-001
       -1.162999987602234
       -1.293499946594238
       -1.538699984550476
       -1.950799942016602
       -2.131299972534180
       -1.500900030136108
        1.850299954414368
        1.525699973106384
   5.764999985694885E-001
   5.281000137329102E-001
   6.438999772071838E-001
   2.587000131607056E-001
   8.500000089406967E-002
   1.119000017642975E-001
       -1.035300016403198
  -7.463999986648560E-001
       -2.589799880981445
       -3.675800085067749
       -2.747299909591675
       -2.459000110626221
       -1.914600014686585
  -7.048000097274780E-001
  -6.284999847412109E-001
       -1.861400008201599
       -1.110399961471558
  -4.142000079154968E-001
  -6.373000144958496E-001
       -1.472000002861023
  -9.061999917030335E-001
   3.030000068247318E-002
  -8.633999824523926E-001
  -5.444999933242798E-001
       -1.477699995040894
  -6.319000124931335E-001
   4.792000055313110E-001
   3.181000053882599E-001
  -7.465000152587891E-001
  -3.648000061511993E-001
  -1.145000010728836E-001
  -4.390000179409981E-002
   4.616999924182892E-001
        1.092700004577637
   8.233000040054321E-001
  -8.661000132560730E-001
  -7.925000190734863E-001
  -3.718999922275543E-001
       -1.399099946022034
       -1.022500038146973
  -6.991999745368958E-001
  -1.380999982357025E-001
  -3.659999966621399E-001
   2.635999917984009E-001
  -8.916000127792358E-001
  -8.016999959945679E-001
       -1.577000021934509
       -1.401299953460693
  -4.113999903202057E-001
  -3.106999993324280E-001
   1.414999961853027E-001
  -3.158999979496002E-001
       -1.203799962997437
  -4.749000072479248E-001
       -1.423900008201599
       -1.394799947738648
       -1.996999979019165
  -5.101000070571899E-001
        1.651299953460693
        1.710199952125549
   2.705000042915344E-001
   3.488999903202057E-001
   5.011000037193298E-001
   3.759000003337860E-001
  -1.480000019073486E-001
  -2.996000051498413E-001
  -2.973000109195709E-001
       -1.162299990653992
       -1.819200038909912
       -2.021899938583374
       -2.315500020980835
       -2.024300098419190
       -1.602300047874451
       -2.200500011444092
       -1.623999953269959
       -1.403800010681152
       -2.151200056076050
  -8.629999756813049E-001
   8.999999612569809E-003
  -7.178000211715698E-001
       -1.148000001907349
  -6.212999820709229E-001
  -8.350999951362610E-001
       -1.440799951553345
       -1.594499945640564
  -8.859000205993652E-001
  -6.043000221252441E-001
   1.237000003457069E-001
  -6.601999998092651E-001
  -8.952999711036682E-001
  -9.588000178337097E-001
  -6.650999784469605E-001
   7.243999838829041E-001
   4.819000065326691E-001
   3.091000020503998E-001
  -7.832000255584717E-001
  -4.153000116348267E-001
  -5.332999825477600E-001
  -8.672999739646912E-001
  -7.021999955177307E-001
  -4.981999993324280E-001
   3.749000132083893E-001
   1.024999991059303E-001
  -1.538999974727631E-001
  -1.697999984025955E-001
   6.223999857902527E-001
  -4.361000061035156E-001
  -4.729999974370003E-002
       -1.580000042915344
  -1.589999943971634E-001
   1.606999933719635E-001
  -9.139999747276306E-002
  -9.362000226974487E-001
   2.360000088810921E-002
  -4.589000046253204E-001
  -8.718000054359436E-001
       -1.307500004768372
  -3.899999856948853E-001
        1.160199999809265
        2.076400041580200
        1.212000012397766
   3.995000123977661E-001
  -3.774999976158142E-001
  -5.119999870657921E-002
   2.605000138282776E-001
   2.324000000953674E-001
  -8.828999996185303E-001
  -4.677999913692474E-001
  -6.945999860763550E-001
       -1.187700033187866
       -2.120899915695190
       -1.759699940681458
       -2.007400035858154
       -1.725800037384033
       -1.499500036239624
       -1.767600059509277
       -1.580700039863586
       -1.137400031089783
       -1.064399957656860
  -7.038999795913696E-001
       -1.085199952125549
  -4.627999961376190E-001
  -8.098000288009644E-001
       -1.534800052642822
       -2.354799985885620
       -1.236299991607666
       -1.113999962806702
  -7.523000240325928E-001
       -1.368299961090088
       -1.505800008773804
  -9.782999753952026E-001
  -9.984999895095825E-001
   1.328999996185303E-001
  -5.044999718666077E-001
  -4.961999952793121E-001
  -1.222999989986420E-001
  -2.759000062942505E-001
  -5.550000071525574E-001
  -5.771999955177307E-001
  -4.072000086307526E-001
  -1.937000006437302E-001
  -8.439000248908997E-001
  -3.072000145912170E-001
  -6.468999981880188E-001
  -4.832000136375427E-001
  -2.921000123023987E-001
  -7.829999923706055E-001
  -3.693000078201294E-001
   3.950000181794167E-002
   4.289999976754189E-002
  -1.920000016689301E-001
   6.204000115394592E-001
   5.243999958038330E-001
   5.679000020027161E-001
   6.076999902725220E-001
   2.766999900341034E-001
   2.964999973773956E-001
   3.831000030040741E-001
        1.573099970817566
        1.337900042533875
   8.873999714851379E-001
  -1.640000008046627E-002
  -2.349999994039536E-001
   1.585000008344650E-001
   3.260000050067902E-002
  -1.054999977350235E-001
  -9.417999982833862E-001
       -1.200000047683716
  -4.392000138759613E-001
  -6.830000281333923E-001
  -9.735999703407288E-001
       -1.115399956703186
       -1.358199954032898
       -2.388299942016602
       -1.565099954605103
       -1.153200030326843
       -1.259199976921082
       -1.945199966430664
       -1.856699943542481
       -1.573699951171875
       -1.445799946784973
   2.026000022888184E-001
  -1.150000020861626E-001
  -1.286000013351440E-001
  -7.271000146865845E-001
       -1.464599967002869
       -1.148699998855591
       -1.526800036430359
       -1.524299979209900
       -1.675799965858460
       -1.787600040435791
       -1.486799955368042
  -5.866000056266785E-001
  -5.849000215530396E-001
  -7.136999964714050E-001
   5.892999768257141E-001
        1.367300033569336
  -1.071999967098236E-001
  -6.692000031471252E-001
  -4.871000051498413E-001
  -2.361000031232834E-001
  -2.675000131130219E-001
  -6.651999950408936E-001
  -6.072999835014343E-001
  -7.526999711990356E-001
  -6.230000033974648E-002
  -3.605999946594238E-001
   3.929999843239784E-002
  -8.699999749660492E-002
   5.828999876976013E-001
  -6.580000370740891E-002
   9.567999839782715E-001
        1.082599997520447
        1.077999949455261
        1.641299962997437
        1.529000043869019
        1.329900026321411
   7.361999750137329E-001
        1.648699998855591
        1.150900006294251
        1.155200004577637
   6.549999862909317E-002
  -6.801999807357788E-001
   3.644999861717224E-001
       -1.406200051307678
       -1.045400023460388
  -2.152000069618225E-001
  -7.386999726295471E-001
  -1.955000013113022E-001
  -7.384999990463257E-001
  -8.986999988555908E-001
  -1.474000066518784E-001
  -9.476000070571899E-001
       -2.262099981307983
       -1.435400009155273
  -4.307000041007996E-001
  -9.746999740600586E-001
       -1.805899977684021
       -1.875100016593933
       -2.420500040054321
       -1.860299944877625
  -5.974000096321106E-001
   5.770000070333481E-002
  -5.807999968528748E-001
  -5.157999992370606E-001
  -5.381000041961670E-001
  -5.460000038146973E-001
  -9.043999910354614E-001
  -9.204000234603882E-001
       -1.517699956893921
       -2.082000017166138
       -1.969900012016296
       -1.755399942398071
       -1.395200014114380
  -7.294999957084656E-001
  -8.420000225305557E-002
   5.600000023841858E-001
   2.120999991893768E-001
       -1.294299960136414
  -9.947000145912170E-001
  -7.178000211715698E-001
  -3.695000112056732E-001
  -8.878999948501587E-001
       -1.468999981880188
       -1.386899948120117
  -3.189999982714653E-002
  -5.250999927520752E-001
   1.310999989509583E-001
   5.358999967575073E-001
   4.991999864578247E-001
   4.995999932289124E-001
   7.574999928474426E-001
   7.811999917030335E-001
        1.281200051307678
        1.751199960708618
        2.080399990081787
        1.407299995422363
        1.058799982070923
   7.925999760627747E-001
   8.479999899864197E-001
   6.438999772071838E-001
  -1.314000040292740E-001
  -8.866999745368958E-001
       -1.015799999237061
       -1.827999949455261
       -1.786000013351440
       -1.377900004386902
       -1.386999964714050
  -4.950999915599823E-001
  -6.669999957084656E-001
  -3.165999948978424E-001
  -2.513000071048737E-001
  -8.478999733924866E-001
       -1.395400047302246
       -1.150200009346008
  -4.451000094413757E-001
       -1.092800021171570
       -1.531800031661987
       -1.971400022506714
       -2.016400098800659
       -1.654299974441528
       -1.814100027084351
  -3.930000066757202E-001
  -1.724999994039536E-001
  -6.625000238418579E-001
  -3.512000143527985E-001
  -1.030000019818544E-002
  -2.154999971389771E-001
  -6.444000005722046E-001
  -6.294999718666077E-001
  -5.491999983787537E-001
       -1.767899990081787
       -1.485599994659424
       -1.552899956703186
       -1.051699995994568
  -3.889000117778778E-001
   5.192000269889832E-001
   3.226000070571899E-001
  -5.515999794006348E-001
  -4.074000120162964E-001
  -7.297999858856201E-001
   6.200000178068876E-003
  -9.684000015258789E-001
       -1.214200019836426
       -1.777099967002869
  -2.340999990701675E-001
  -2.275000065565109E-001
  -6.170000135898590E-002
  -9.100000374019146E-003
   7.932999730110169E-001
        1.683300018310547
        1.482100009918213
        1.997799992561340
        1.174999952316284
        1.263900041580200
        1.534700036048889
   5.889999866485596E-001
   9.114999771118164E-001
   2.561999857425690E-001
  -4.740999937057495E-001
   9.449999779462814E-002
  -3.555999994277954E-001
       -1.305299997329712
  -7.868000268936157E-001
       -1.620000004768372
       -1.999300003051758
       -1.396299958229065
       -1.322700023651123
       -1.366099953651428
       -1.641600012779236
       -1.191300034523010
       -1.279000043869019
       -1.893000006675720
       -2.084399938583374
       -1.548400044441223
  -5.091999769210815E-001
  -7.480000257492065E-001
       -1.758100032806397
       -1.709900021553040
       -2.094000101089478
       -1.307700037956238
       -1.091500043869019
  -1.721999943256378E-001
  -9.728000164031982E-001
  -7.171999812126160E-001
  -4.774000048637390E-001
  -9.550999999046326E-001
  -2.869000136852264E-001
  -3.567999899387360E-001
  -3.104000091552734E-001
  -9.537000060081482E-001
       -1.184900045394898
  -8.805000185966492E-001
  -4.293000102043152E-001
  -8.917000293731690E-001
  -9.968000054359436E-001
  -5.302000045776367E-001
  -1.001999974250794E-001
   5.098000168800354E-001
  -1.057000011205673E-001
  -5.371000170707703E-001
  -5.932000279426575E-001
  -3.950999975204468E-001
       -1.769799947738648
       -1.598799943923950
  -9.393000006675720E-001
       -1.589499950408936
  -6.269000172615051E-001
   6.556000113487244E-001
        1.204599976539612
        2.291399955749512
        1.436300039291382
        1.566300034523010
        1.720499992370606
        1.168099999427795
        1.308799982070923
   6.705999970436096E-001
   8.920000195503235E-001
  -5.314000248908997E-001
   1.269999984651804E-002
  -6.532999873161316E-001
   2.119999937713146E-002
       -1.088099956512451
  -9.014000296592712E-001
       -1.857200026512146
       -1.294299960136414
       -1.036900043487549
       -1.844900012016296
       -1.379099965095520
       -2.028599977493286
       -1.008399963378906
       -1.727599978446960
       -1.781599998474121
       -1.741199970245361
       -1.397300004959106
  -1.243000030517578E-001
  -1.929000020027161E-001
       -1.758800029754639
       -1.710600018501282
       -1.050199985504150
       -1.803099989891052
  -5.885000228881836E-001
  -2.912000119686127E-001
  -5.034000277519226E-001
  -1.779999956488609E-002
  -9.495999813079834E-001
       -1.230700016021729
       -1.635100007057190
  -8.535000085830689E-001
  -7.906000018119812E-001
       -1.526700019836426
  -7.782999873161316E-001
  -7.767999768257141E-001
       -1.228999972343445
  -8.162999749183655E-001
  -8.877000212669373E-001
  -3.242000043392181E-001
  -6.661999821662903E-001
   1.068999990820885E-001
   3.068000078201294E-001
  -5.552999973297119E-001
       -1.112300038337708
       -1.021600008010864
       -1.097399950027466
       -1.330199956893921
  -1.851000040769577E-001
  -2.619999945163727E-001
   9.060999751091003E-001
   5.309000015258789E-001
        1.523399949073792
        1.605100035667419
        1.612100005149841
        1.553500056266785
        1.333400011062622
        1.151499986648560
   6.428999900817871E-001
   1.579999923706055E-002
   2.517000138759613E-001
  -3.819999992847443E-001
       -1.011399984359741
  -1.962999999523163E-001
  -2.374999970197678E-001
       -1.285500049591065
       -1.503900051116943
       -1.809800028800964
       -1.526399970054627
       -1.329399943351746
       -1.160300016403198
       -2.269799947738648
       -1.314499974250794
  -7.778999805450440E-001
       -1.086199998855591
       -1.582000017166138
       -2.635900020599365
       -1.008900046348572
   5.499999970197678E-002
  -6.674000024795532E-001
       -1.162500023841858
  -7.839999794960022E-001
  -8.779000043869019E-001
       -1.508299946784973
  -5.000000074505806E-002
  -2.044000029563904E-001
  -7.954999804496765E-001
  -1.942999958992004E-001
  -6.338000297546387E-001
       -2.323199987411499
       -2.282799959182739
       -1.844300031661987
       -1.708600044250488
  -3.641000092029572E-001
  -2.651999890804291E-001
       -1.348099946975708
       -1.144999980926514
  -4.997999966144562E-001
  -8.532999753952026E-001
  -5.695000290870667E-001
  -5.792000293731690E-001
  -5.275999903678894E-001
   9.790000319480896E-002
  -2.483000010251999E-001
       -1.220700025558472
  -5.859000086784363E-001
       -1.118600010871887
  -4.800000227987766E-003
  -5.359999835491180E-002
  -2.319000065326691E-001
  -4.088000059127808E-001
   4.271000027656555E-001
   4.650999903678894E-001
   8.902000188827515E-001
   5.568000078201294E-001
        1.891399979591370
        1.701500058174133
   4.625999927520752E-001
  -1.850000023841858E-002
   5.924999713897705E-001
   8.166000247001648E-001
  -2.524000108242035E-001
  -1.412999927997589E-001
   1.999999955296516E-002
  -4.943000078201294E-001
       -1.729699969291687
       -2.398000001907349
       -1.949599981307983
       -1.950600028038025
       -1.876399993896484
       -1.953799962997437
       -1.809399962425232
  -4.456999897956848E-001
   1.851000040769577E-001
  -8.213000297546387E-001
  -6.184999942779541E-001
       -1.073899984359741
       -1.072499990463257
  -6.363000273704529E-001
   2.669999934732914E-002
  -8.130999803543091E-001
  -7.874000072479248E-001
  -7.348999977111816E-001
       -1.112900018692017
   1.714999973773956E-001
  -3.546000123023987E-001
  -1.199999973177910E-001
  -1.920000016689301E-001
  -7.965000271797180E-001
       -1.935500025749207
       -2.428900003433228
       -2.612999916076660
       -1.478000044822693
  -4.740999937057495E-001
   1.028999984264374E-001
  -6.026999950408936E-001
       -1.277300000190735
  -8.338999748229981E-001
  -8.112999796867371E-001
       -1.067800045013428
       -1.194599986076355
       -1.651200056076050
  -6.881999969482422E-001
  -9.164999723434448E-001
       -1.000900030136108
  -6.771000027656555E-001
   1.580000072717667E-001
   5.806000232696533E-001
   9.717000126838684E-001
   5.180000066757202E-001
  -4.463999867439270E-001
   2.879999876022339E-001
   4.135000109672546E-001
   5.407000184059143E-001
  -2.037000060081482E-001
   8.601999878883362E-001
   3.840999901294708E-001
   1.750999987125397E-001
  -9.635999798774719E-001
   8.000000379979610E-003
   8.939999938011169E-001
  -1.994999945163727E-001
  -3.644999861717224E-001
  -4.979000091552734E-001
  -4.280000030994415E-001
       -1.581200003623962
       -1.893000006675720
       -2.645299911499023
       -2.158900022506714
       -1.543599963188171
       -1.033599972724915
  -4.460999965667725E-001
  -3.959999978542328E-002
   7.663999795913696E-001
   4.029999971389771E-001
   3.842999935150147E-001
  -6.183999776840210E-001
   1.632000058889389E-001
   3.077999949455261E-001
  -6.424999833106995E-001
   7.249999791383743E-002
  -5.112000107765198E-001
  -4.016999900341034E-001
  -2.572000026702881E-001
  -6.801000237464905E-001
   8.749999850988388E-002
   4.372000098228455E-001
   7.670000195503235E-002
       -1.079399943351746
       -1.592599987983704
       -1.682999968528748
       -1.649700045585632
       -1.126600027084351
  -1.145000010728836E-001
  -5.982999801635742E-001
       -1.046900033950806
       -1.064399957656860
  -7.410000264644623E-002
       -1.335600018501282
       -1.368700027465820
       -1.278100013732910
  -6.984000205993652E-001
       -1.011299967765808
       -1.562000036239624
  -9.545999765396118E-001
       -1.590100049972534
  -3.163999915122986E-001
   5.906999707221985E-001
   7.419999837875366E-001
   3.050000034272671E-002
  -7.020000368356705E-002
  -5.698999762535095E-001
  -9.067000150680542E-001
  -2.703000009059906E-001
   4.467999935150147E-001
   9.307000041007996E-001
   4.830000177025795E-002
  -1.255999952554703E-001
  -4.318000078201294E-001
   4.710000008344650E-002
   2.249000072479248E-001
   3.267999887466431E-001
   5.835999846458435E-001
  -9.190000295639038E-001
       -1.132099986076355
       -1.508800029754639
       -1.416599988937378
       -1.818099975585938
       -2.173399925231934
       -2.723700046539307
       -1.826300024986267
  -9.269000291824341E-001
   8.699999749660492E-002
   1.860000044107437E-001
   2.352000027894974E-001
   1.746000051498413E-001
  -3.339999914169312E-002
   5.245000123977661E-001
   7.064999938011169E-001
   9.889999777078629E-002
  -4.735000133514404E-001
   1.842000037431717E-001
  -5.320000052452087E-001
  -2.906999886035919E-001
  -3.734999895095825E-001
  -9.593999981880188E-001
  -1.277000010013580E-001
   4.873999953269959E-001
  -6.539999693632126E-002
  -6.999999880790710E-001
       -1.313300013542175
       -1.231699943542481
       -1.708199977874756
   1.799999969080091E-003
  -4.129999876022339E-001
  -9.496999979019165E-001
   1.253000050783157E-001
  -6.773999929428101E-001
  -7.842000126838684E-001
       -1.238000035285950
  -7.389000058174133E-001
       -1.296200037002564
  -9.797999858856201E-001
       -1.059499979019165
   1.277000010013580E-001
  -2.901000082492828E-001
  -2.962000072002411E-001
  -7.140000164508820E-002
  -1.041999980807304E-001
   7.310000061988831E-002
  -7.470999956130981E-001
       -1.110100030899048
  -7.419999837875366E-001
  -8.116999864578247E-001
  -1.493999958038330E-001
   5.900000222027302E-003
   2.319000065326691E-001
   1.057000011205673E-001
  -7.009000182151794E-001
  -5.615000128746033E-001
  -3.883999884128571E-001
  -3.134999871253967E-001
   1.550000011920929E-001
  -6.462000012397766E-001
  -4.686000049114227E-001
  -5.830000042915344E-001
       -1.223399996757507
       -1.543099999427795
       -1.671399950981140
       -2.403700113296509
       -2.100500106811523
  -5.846999883651733E-001
   8.281999826431274E-001
   7.727000117301941E-001
  -3.869000077247620E-001
   2.291000038385391E-001
  -1.112999990582466E-001
   5.719999969005585E-002
   2.682000100612640E-001
   5.651000142097473E-001
  -3.521000146865845E-001
  -2.222999930381775E-001
   1.988999992609024E-001
  -9.709999710321426E-002
  -2.581000030040741E-001
   8.479999750852585E-002
   5.692999958992004E-001
   7.322000265121460E-001
   2.937999963760376E-001
  -2.454999983310700E-001
  -4.524999856948853E-001
  -8.932999968528748E-001
       -1.694900035858154
       -1.842700004577637
   3.500000014901161E-002
   2.869999967515469E-002
   3.659999966621399E-001
   3.291000127792358E-001
  -5.159999728202820E-001
  -2.664999961853027E-001
  -7.580000162124634E-001
       -1.494099974632263
  -5.170000195503235E-001
       -1.226600050926209
  -6.111999750137329E-001
   2.894000113010407E-001
   1.149000003933907E-001
  -3.921999931335449E-001
  -9.000000357627869E-002
   2.723000049591065E-001
   5.049999952316284E-001
   3.688000142574310E-001
  -1.951999962329865E-001
  -1.196999996900559E-001
   6.920000165700913E-002
  -8.215000033378601E-001
  -8.967000246047974E-001
  -6.417000293731690E-001
       -1.141299962997437
  -8.611000180244446E-001
       -1.357399940490723
  -1.655000001192093E-001
  -2.433999925851822E-001
  -4.370000064373016E-001
  -6.899999920278788E-003
  -3.327000141143799E-001
       -1.210600018501282
       -1.006100058555603
       -1.206200003623962
       -1.625100016593933
  -7.537999749183655E-001
  -1.470000017434359E-002
   2.935999929904938E-001
   5.683000087738037E-001
   8.929999917745590E-002
   1.624999940395355E-001
  -8.500000238418579E-001
  -3.840000182390213E-002
  -5.310999751091003E-001
  -6.987000107765198E-001
  -2.090000063180924E-001
   2.025000005960465E-001
  -3.481999933719635E-001
  -2.387000024318695E-001
       -1.079200029373169
  -8.398000001907349E-001
  -7.796999812126160E-001
  -4.544000029563904E-001
  -3.163999915122986E-001
  -3.368999958038330E-001
  -6.207000017166138E-001
       -1.106400012969971
  -8.783000111579895E-001
  -7.414000034332275E-001
  -2.953000068664551E-001
   4.451999962329865E-001
   9.265000224113464E-001
   4.156000018119812E-001
   8.716999888420105E-001
   1.850000023841858E-002
  -9.660999774932861E-001
       -1.209200024604797
       -1.400200009346008
  -9.997000098228455E-001
  -8.217999935150147E-001
   4.341999888420105E-001
  -3.800000064074993E-003
  -8.094999790191650E-001
   1.146999970078468E-001
   5.924000144004822E-001
        1.413800001144409
        1.443600058555603
   7.580000162124634E-001
   2.755999863147736E-001
   3.826000094413757E-001
  -1.604000031948090E-001
  -5.291000008583069E-001
  -6.417000293731690E-001
       -1.521700024604797
  -2.716000080108643E-001
       -1.270400047302246
  -4.365000128746033E-001
  -9.002000093460083E-001
  -8.939999938011169E-001
  -8.217999935150147E-001
  -8.794999718666077E-001
  -4.765999913215637E-001
       -1.397799968719482
       -1.428099989891052
       -1.151100039482117
  -3.370000123977661E-001
   3.355000019073486E-001
  -3.646999895572662E-001
   8.316000103950501E-001
   5.240000039339066E-002
  -2.966000139713287E-001
  -4.530000090599060E-001
  -4.560999870300293E-001
   1.305000036954880E-001
   3.066999912261963E-001
   3.189999982714653E-002
  -3.704000115394592E-001
       -1.270300030708313
  -9.821000099182129E-001
       -1.164700031280518
       -1.205199956893921
  -5.195999741554260E-001
       -1.203199982643127
   8.579999953508377E-002
  -3.579999879002571E-002
  -9.071000218391419E-001
  -9.085000157356262E-001
       -1.026100039482117
   6.832000017166138E-001
   3.957000076770783E-001
   8.123000264167786E-001
   7.317000031471252E-001
   5.220999717712402E-001
   6.072999835014343E-001
   5.958999991416931E-001
  -9.824000000953674E-001
       -1.315099954605103
       -1.484500050544739
       -1.177399992942810
  -6.583999991416931E-001
  -4.325999915599823E-001
   1.071000024676323E-001
       -1.023300051689148
  -3.307999968528748E-001
   9.588999748229981E-001
        1.584200024604797
        1.703899979591370
        1.361700057983398
        1.118399977684021
   5.874999761581421E-001
   3.258000016212463E-001
   5.091000199317932E-001
   5.611000061035156E-001
  -1.431999951601028E-001
   2.716000080108643E-001
  -3.445999920368195E-001
  -2.842000126838684E-001
  -9.904999732971191E-001
  -2.648000121116638E-001
  -5.113999843597412E-001
  -6.208000183105469E-001
  -2.459000051021576E-001
       -1.679900050163269
  -6.883000135421753E-001
  -3.323999941349030E-001
   3.824000060558319E-001
   3.899999856948853E-001
  -3.391000032424927E-001
  -5.174999833106995E-001
  -3.152000010013580E-001
  -6.448000073432922E-001
  -7.699999809265137E-001
   9.640000015497208E-002
   5.590000003576279E-002
  -1.090999990701675E-001
  -1.755000054836273E-001
   1.603000015020371E-001
  -5.956000089645386E-001
       -1.445099949836731
       -1.104799985885620
       -1.484500050544739
       -1.012199997901917
  -6.147999763488770E-001
  -9.277999997138977E-001
  -2.304999977350235E-001
  -2.333000004291534E-001
  -6.050000190734863E-001
  -2.173999994993210E-001
   4.219999909400940E-001
        1.155300021171570
   8.007000088691711E-001
   7.078999876976013E-001
   8.855999708175659E-001
   4.478000104427338E-001
  -6.923999786376953E-001
       -1.149600028991699
       -1.325000047683716
       -1.308300018310547
       -1.577700018882752
  -6.624000072479248E-001
  -8.815000057220459E-001
  -4.408000111579895E-001
       -1.242499947547913
   1.821999996900559E-001
   1.535000056028366E-001
   9.527000188827515E-001
        1.575299978256226
        1.836599946022034
        1.355399966239929
        1.244099974632263
   3.379000127315521E-001
   6.833000183105469E-001
   9.422000050544739E-001
   6.295999884605408E-001
  -8.070000261068344E-002
   2.671000063419342E-001
  -8.270999789237976E-001
  -5.519999861717224E-001
  -2.260000072419643E-002
  -2.257999926805496E-001
       -1.064599990844727
  -4.408000111579895E-001
       -1.276900053024292
  -6.888999938964844E-001
  -3.120000064373016E-001
   2.330999970436096E-001
   5.440000072121620E-002
   4.277000129222870E-001
   3.725000023841858E-001
   1.207000017166138E-001
   3.971000015735626E-001
   1.771000027656555E-001
  -2.220000028610230E-001
   1.886000037193298E-001
  -3.179999887943268E-001
  -2.486999928951263E-001
  -2.696999907493591E-001
  -1.342000067234039E-001
  -8.411999940872192E-001
       -2.059600114822388
       -2.112699985504150
       -1.739400029182434
       -1.253299951553345
  -8.303999900817871E-001
  -1.792999953031540E-001
   4.963000118732452E-001
   4.277999997138977E-001
   4.580000042915344E-001
        1.081599950790405
   5.645999908447266E-001
   3.695000112056732E-001
   3.806999921798706E-001
   4.433999955654144E-001
   4.223000109195709E-001
   4.451000094413757E-001
  -4.966000020503998E-001
       -1.012199997901917
       -1.402600049972534
       -1.306399941444397
       -1.217399954795837
       -1.318699955940247
       -1.500499963760376
   8.399999700486660E-003
  -1.926999986171722E-001
   5.787000060081482E-001
   9.616000056266785E-001
        1.453699946403503
        1.309599995613098
        1.405500054359436
   9.121999740600586E-001
   4.397999942302704E-001
        1.271800041198731
   6.601999998092651E-001
   3.447999954223633E-001
   4.095999896526337E-001
   2.083999961614609E-001
  -7.523000240325928E-001
       -1.202499985694885
  -3.720999956130981E-001
  -4.013000130653381E-001
  -8.928999900817871E-001
  -3.314000070095062E-001
  -9.271000027656555E-001
       -1.599499940872192
  -7.624999880790710E-001
  -7.332000136375427E-001
  -9.700999855995178E-001
   3.257000148296356E-001
   6.007999777793884E-001
   7.530000209808350E-001
   6.474999785423279E-001
   6.944000124931335E-001
   3.966999948024750E-001
   3.395999968051910E-001
  -1.817999929189682E-001
  -8.920999765396118E-001
  -8.288999795913696E-001
  -5.648999810218811E-001
  -9.544000029563904E-001
       -1.268100023269653
       -1.938599944114685
       -2.182699918746948
       -2.033200025558472
       -1.260300040245056
   9.089999645948410E-002
   9.807999730110169E-001
        1.558500051498413
        1.367699980735779
   1.020999997854233E-001
  -1.074000000953674E-001
   5.230000019073486E-001
   7.603999972343445E-001
   6.852999925613403E-001
  -1.367000043392181E-001
  -3.562000095844269E-001
  -4.295000135898590E-001
  -7.534000277519226E-001
  -5.117999911308289E-001
  -3.955000042915344E-001
  -9.140999913215637E-001
  -5.461000204086304E-001
       -1.039199948310852
  -6.998999714851379E-001
   2.910000085830689E-002
   3.456000089645386E-001
   7.121000289916992E-001
        1.318500041961670
        1.696099996566773
   7.804999947547913E-001
        1.270799994468689
   6.796000003814697E-001
   5.430999994277954E-001
   2.538000047206879E-001
  -2.067999988794327E-001
   7.490000128746033E-002
   5.292000174522400E-001
       -1.347399950027466
       -1.813300013542175
  -6.568999886512756E-001
       -1.116600036621094
       -1.298300027847290
  -9.800999760627747E-001
  -6.869000196456909E-001
       -1.249300003051758
  -9.581999778747559E-001
       -1.211799979209900
  -6.559000015258789E-001
  -2.105000019073486E-001
  -1.864999979734421E-001
  -7.400000002235174E-003
  -2.576999962329865E-001
  -1.107999980449677E-001
  -2.847999930381775E-001
  -6.732000112533569E-001
  -2.184000015258789E-001
  -1.383000016212463E-001
  -2.971000075340271E-001
   3.889999911189079E-002
  -3.795000016689301E-001
       -1.122900009155273
  -7.989000082015991E-001
       -1.511299967765808
  -8.944000005722046E-001
   1.996999979019165E-001
   1.743000000715256E-001
   3.535999953746796E-001
        1.034000039100647
   7.735999822616577E-001
   8.755000233650208E-001
   9.614999890327454E-001
   9.419000148773193E-001
   7.892000079154968E-001
   5.386000275611877E-001
   5.330000072717667E-002
   1.262000054121018E-001
       -1.272699952125549
       -1.105599999427795
       -1.226400017738342
  -6.075000166893005E-001
       -1.700500011444092
  -1.634999960660934E-001
  -1.062999963760376E-001
       -1.196499943733215
  -6.183999776840210E-001
   7.169999927282333E-002
   1.697999984025955E-001
   4.167000055313110E-001
   7.484999895095825E-001
   4.548999965190888E-001
        1.212900042533875
   4.259999990463257E-001
  -8.514000177383423E-001
  -4.586000144481659E-001
  -6.172000169754028E-001
   1.102000027894974E-001
   3.165000081062317E-001
       -1.757200002670288
       -2.030299901962280
       -1.630499958992004
       -1.461899995803833
       -1.481699943542481
  -8.141000270843506E-001
       -1.310899972915649
       -1.075299978256226
       -1.538499951362610
       -2.480200052261353
       -1.871299982070923
  -7.868000268936157E-001
  -6.280999779701233E-001
       -1.461099982261658
   3.140000104904175E-001
   1.004000008106232E-001
   8.630000054836273E-002
   1.967000067234039E-001
   7.032999992370606E-001
   6.348999738693237E-001
   6.935999989509583E-001
        1.059800028800964
   8.432999849319458E-001
   2.335000038146973E-001
  -3.379000127315521E-001
       -1.166800022125244
  -7.267000079154968E-001
  -1.519999951124191E-001
  -2.642000019550324E-001
  -8.382999897003174E-001
  -6.759999692440033E-002
   4.691999852657318E-001
        1.651100039482117
   7.365000247955322E-001
        1.155500054359436
   5.555999875068665E-001
   7.967000007629395E-001
   5.509999990463257E-001
  -4.320000112056732E-001
  -9.519000053405762E-001
       -1.123399972915649
       -1.354200005531311
  -2.626999914646149E-001
  -4.672000110149384E-001
  -2.206999957561493E-001
  -3.838999867439270E-001
  -7.925000190734863E-001
  -6.833000183105469E-001
       -1.038800001144409
  -8.436999917030335E-001
  -7.229999899864197E-001
  -6.475999951362610E-001
   1.186999976634979E-001
  -4.582999944686890E-001
  -2.424000054597855E-001
  -3.433000147342682E-001
  -1.260000001639128E-002
  -3.695999979972839E-001
       -1.004099965095520
   2.561999857425690E-001
       -2.351599931716919
       -1.888299942016602
       -2.636899948120117
       -2.577500104904175
  -8.953999876976013E-001
  -4.968999922275543E-001
       -1.629500031471252
       -1.709699988365173
       -1.966300010681152
       -1.418599963188171
  -5.633999705314636E-001
       -1.315700054168701
       -1.344300031661987
       -1.280699968338013
   4.176000058650971E-001
   3.835999965667725E-001
   7.983000278472900E-001
   8.393999934196472E-001
   6.646000146865845E-001
   2.240000069141388E-001
   5.090000033378601E-001
   4.875999987125397E-001
   4.280999898910523E-001
  -1.217999979853630E-001
  -3.761000037193298E-001
  -3.673999905586243E-001
  -3.382000029087067E-001
  -4.074000120162964E-001
  -7.526000142097473E-001
  -7.174999713897705E-001
  -7.258999943733215E-001
   2.976000010967255E-001
   9.377999901771545E-001
        1.168099999427795
   3.398999869823456E-001
   5.288000106811523E-001
  -4.439999908208847E-002
  -4.322000145912170E-001
  -5.849000215530396E-001
  -4.584000110626221E-001
  -8.497999906539917E-001
       -1.143900036811829
  -6.310999989509583E-001
   1.722999960184097E-001
  -1.588999927043915E-001
       -1.073500037193298
       -1.492799997329712
       -1.342100024223328
       -1.907600045204163
       -1.492400050163269
       -1.084400057792664
  -9.758999943733215E-001
  -7.003999948501587E-001
  -5.827999711036682E-001
  -6.506999731063843E-001
  -5.619000196456909E-001
  -7.082999944686890E-001
  -9.362999796867371E-001
   5.722000002861023E-001
   2.596000134944916E-001
       -2.634700059890747
       -2.747499942779541
       -2.584000110626221
       -1.967100024223328
       -1.656000018119812
       -1.594900012016296
       -1.700600028038025
       -1.703899979591370
       -1.585000038146973
  -9.670000076293945E-001
   6.419999897480011E-002
       -1.108199954032898
       -1.502900004386902
  -8.592000007629395E-001
   1.137999966740608E-001
  -1.448000073432922E-001
   1.430000066757202E-001
        1.227100014686585
   3.201000094413757E-001
   7.259999960660934E-002
   7.990000247955322E-001
        1.290599942207336
        1.072399973869324
   6.662999987602234E-001
  -1.171000003814697E-001
  -9.175999760627747E-001
  -3.779999911785126E-001
  -8.328999876976013E-001
  -4.162000119686127E-001
  -4.751999974250794E-001
  -6.815000176429749E-001
  -4.069999977946281E-002
   5.935000181198120E-001
   5.315999984741211E-001
   9.423000216484070E-001
   8.379999995231628E-001
  -3.752999901771545E-001
   4.399999976158142E-003
  -5.160999894142151E-001
       -1.208299994468689
  -4.090999960899353E-001
  -2.633000016212463E-001
  -4.582000076770783E-001
  -6.901000142097473E-001
  -9.264000058174133E-001
       -1.892799973487854
       -1.638000011444092
       -1.436800003051758
       -1.600700020790100
       -1.160899996757507
  -5.884000062942505E-001
       -1.442800045013428
       -1.815199971199036
       -1.244500041007996
       -1.555500030517578
       -1.419700026512146
       -1.590700030326843
  -6.816999912261963E-001
  -3.269999921321869E-001
   8.229999989271164E-002
       -1.985399961471558
       -2.150799989700317
       -2.713599920272827
       -2.829400062561035
       -1.609899997711182
       -1.902699947357178
       -1.570700049400330
  -9.182000160217285E-001
  -7.145000100135803E-001
  -8.879999816417694E-002
  -1.606000065803528E-001
       -1.071799993515015
  -3.052000105381012E-001
  -2.245000004768372E-001
   3.630000054836273E-001
  -4.133000075817108E-001
  -1.401000022888184E-001
   2.966000139713287E-001
   7.714999914169312E-001
   4.063999950885773E-001
   3.203999996185303E-001
        1.283900022506714
        2.446300029754639
   5.554000139236450E-001
   9.839999675750732E-002
  -1.317999958992004E-001
  -4.041999876499176E-001
  -2.422000020742416E-001
  -4.176999926567078E-001
   3.130000084638596E-002
   4.014999866485596E-001
   4.226999878883362E-001
   4.470000043511391E-002
        1.119199991226196
   7.817000150680542E-001
   1.915999948978424E-001
  -5.602999925613403E-001
  -4.133999943733215E-001
  -7.559000253677368E-001
       -1.262899994850159
  -9.776999950408936E-001
   4.589999839663506E-002
   6.035000085830689E-001
  -3.479000031948090E-001
  -4.095999896526337E-001
  -7.702999711036682E-001
       -1.877900004386902
       -1.519500017166138
       -2.000600099563599
       -1.932899951934815
       -1.557199954986572
       -2.085400104522705
       -1.874699950218201
       -1.137500047683716
       -2.168499946594238
       -1.050999999046326
       -1.376299977302551
       -1.551399946212769
  -9.710000157356262E-001
  -4.013000130653381E-001
       -1.509600043296814
       -1.474699974060059
       -1.520300030708313
       -1.601799964904785
       -1.253299951553345
       -1.308599948883057
       -1.936699986457825
  -7.164000272750855E-001
       -1.533699989318848
  -6.826999783515930E-001
   1.186999976634979E-001
  -2.435999959707260E-001
  -6.136999726295471E-001
   2.644000053405762E-001
  -2.730000019073486E-002
  -2.396000027656555E-001
  -5.687999725341797E-001
   1.794999986886978E-001
   2.399999946355820E-001
   3.829999864101410E-001
   4.814000129699707E-001
        1.615599989891052
        1.908100008964539
   9.617999792098999E-001
   9.253000020980835E-001
   1.500000059604645E-001
   3.190000057220459E-001
  -2.040000073611736E-002
  -4.589999839663506E-002
  -9.080000221729279E-002
  -3.089999966323376E-002
   2.258999943733215E-001
   5.744000077247620E-001
        1.054800033569336
   3.713999986648560E-001
   8.820000290870667E-002
   8.299999684095383E-002
       -1.486199975013733
       -1.078299999237061
       -1.271900057792664
  -7.358999848365784E-001
  -2.386000007390976E-001
   6.994000077247620E-001
  -2.127999961376190E-001
       -1.225299954414368
       -1.329599976539612
       -1.976300001144409
       -2.158999919891357
       -2.702899932861328
       -1.488899946212769
  -8.669999837875366E-001
       -1.378100037574768
       -1.465899944305420
       -1.861899971961975
       -2.061899900436401
       -1.194700002670288
  -6.288999915122986E-001
  -4.923999905586243E-001
  -2.707999944686890E-001
   1.627999991178513E-001
  -2.085999995470047E-001
  -4.113999903202057E-001
  -4.763000011444092E-001
  -2.885999977588654E-001
   4.499999806284905E-003
       -1.368700027465820
       -1.483899950981140
  -5.697000026702881E-001
  -7.937999963760376E-001
   9.910000115633011E-002
        1.315799951553345
   6.098999977111816E-001
   4.855999946594238E-001
   9.080000221729279E-002
   4.610000178217888E-002
   3.698999881744385E-001
   9.624999761581421E-001
   6.622999906539917E-001
        1.013599991798401
        1.507599949836731
        2.657200098037720
        2.265799999237061
        1.740200042724609
        1.233999967575073
   5.083000063896179E-001
  -6.348999738693237E-001
  -1.679999977350235E-001
  -3.016000092029572E-001
  -8.501999974250794E-001
  -3.528000116348267E-001
   5.447000265121460E-001
  -1.414999961853027E-001
   6.502000093460083E-001
   4.744000136852264E-001
   3.790000081062317E-001
   5.004000067710877E-001
   2.498999983072281E-001
  -4.735000133514404E-001
   1.624000072479248E-001
   1.548999994993210E-001
  -7.081999778747559E-001
  -1.033999994397163E-001
  -3.393000066280365E-001
       -1.499699950218201
       -2.483599901199341
       -2.131500005722046
       -1.928500056266785
       -2.636499881744385
       -2.239000082015991
       -1.435600042343140
       -1.100200057029724
       -1.481899976730347
       -1.974400043487549
       -1.342599987983704
  -9.574999809265137E-001
  -2.768000066280365E-001
  -2.504999935626984E-001
  -4.178999960422516E-001
  -2.208999991416931E-001
   7.470999956130981E-001
  -7.429999858140945E-002
   3.098999857902527E-001
   3.072000145912170E-001
   5.319999903440476E-002
  -9.279999881982803E-002
  -3.163000047206879E-001
  -5.752000212669373E-001
  -5.832999944686890E-001
  -4.420000016689301E-001
  -5.490000173449516E-002
   2.354000061750412E-001
        1.570700049400330
   3.452999889850617E-001
  -3.145000040531158E-001
       -1.003299951553345
  -4.264999926090241E-001
        1.164299964904785
        1.235900044441223
   9.114000201225281E-001
        1.820399999618530
        2.713200092315674
        2.292000055313110
        1.265499949455261
        1.225200057029724
   7.999999797903001E-004
  -4.041000008583069E-001
  -1.262000054121018E-001
  -4.641000032424927E-001
  -9.611999988555908E-001
  -5.080999732017517E-001
   4.419000148773193E-001
  -8.060000091791153E-002
        1.079100012779236
   3.441999852657318E-001
   5.329999923706055E-001
  -3.303999900817871E-001
   4.727999866008759E-001
   6.618999838829041E-001
   6.650000065565109E-002
  -1.850000023841858E-001
  -9.810000061988831E-001
   6.589999794960022E-002
  -5.600000023841858E-001
       -1.724499940872192
       -2.109499931335449
       -2.308700084686279
       -1.322800040245056
       -2.359200000762940
       -2.328200101852417
       -1.924999952316284
       -2.112200021743774
       -1.300799965858460
       -1.510800004005432
  -9.789999723434448E-001
  -7.348999977111816E-001
        1.049100041389465
        1.239699959754944
   7.042999863624573E-001
   2.370000034570694E-001
        1.088700056076050
   1.229999959468842E-002
   6.780000030994415E-002
   1.592999994754791E-001
   3.253000080585480E-001
   5.659999847412109E-001
   9.304000139236450E-001
   2.962999939918518E-001
   3.907000124454498E-001
   4.541000127792358E-001
  -5.519999936223030E-002
   5.084999799728394E-001
   4.023999869823456E-001
   2.240000069141388E-001
   1.464000046253204E-001
  -6.061000227928162E-001
  -5.993000268936157E-001
   5.633000135421753E-001
   9.395999908447266E-001
        1.516800045967102
   4.625999927520752E-001
        1.895099997520447
        1.078699946403503
        1.016600012779236
   8.076000213623047E-001
  -1.125999987125397E-001
  -9.489999711513519E-002
  -9.652000069618225E-001
       -1.036399960517883
  -5.274999737739563E-001
   1.342000067234039E-001
   1.290999948978424E-001
        1.001600027084351
   8.701000213623047E-001
   9.381999969482422E-001
   6.080999970436096E-001
        1.325199961662293
   7.473000288009644E-001
   3.070999979972839E-001
  -2.463999986648560E-001
   7.947000265121460E-001
        1.073899984359741
   6.549999862909317E-002
       -1.354699969291687
  -7.268000245094299E-001
       -1.021999955177307
  -5.845000147819519E-001
  -6.941999793052673E-001
       -1.377099990844727
       -1.726899981498718
       -1.688099980354309
       -1.288100004196167
       -1.188199996948242
       -1.625000000000000
  -3.833000063896179E-001
  -1.544000059366226E-001
   4.740000069141388E-001
   6.632999777793884E-001
        1.032500028610230
   4.018999934196472E-001
   6.463999748229981E-001
   2.380000054836273E-001
   8.780000209808350E-001
   3.366000056266785E-001
   3.212000131607056E-001
  -1.897000074386597E-001
   8.704000115394592E-001
   4.957000017166138E-001
  -7.090000063180924E-002
   6.999999880790710E-001
  -2.020000070333481E-001
  -3.982000052928925E-001
   1.693000048398972E-001
   6.129999831318855E-002
   7.670000195503235E-001
   1.984000056982040E-001
  -5.960000157356262E-001
   4.740999937057495E-001
        1.043200016021729
        1.474300026893616
   8.661999702453613E-001
   5.997999906539917E-001
   5.731999874114990E-001
   9.377999901771545E-001
   1.216999962925911E-001
  -1.435000002384186E-001
  -4.180999994277954E-001
  -6.640999913215637E-001
  -3.601000010967255E-001
   3.050000034272671E-002
   8.037999868392944E-001
   9.108999967575073E-001
   9.513000249862671E-001
   4.460000097751617E-001
   4.313000142574310E-001
   2.721000015735626E-001
   1.916999965906143E-001
   4.580000042915344E-001
        1.079200029373169
        1.001399993896484
        1.239500045776367
   3.892000019550324E-001
  -3.240000084042549E-002
  -7.350999712944031E-001
  -1.536000072956085E-001
  -2.639999985694885E-001
  -5.605000257492065E-001
  -9.993000030517578E-001
  -3.923999965190888E-001
   4.190000146627426E-002
       -1.428900003433228
  -7.673000097274780E-001
       -1.171000003814697
       -1.774799942970276
       -1.249400019645691
  -1.870000064373016E-001
  -3.339000046253204E-001
   6.775000095367432E-001
   4.623000025749207E-001
   3.916999995708466E-001
  -3.946000039577484E-001
       -1.164199948310852
   6.459999829530716E-002
   3.192999958992004E-001
   8.486999869346619E-001
   3.503000140190125E-001
   6.107000112533569E-001
   5.292999744415283E-001
  -1.315000057220459E-001
  -5.810000002384186E-002
  -2.979999966919422E-002
  -7.912999987602234E-001
  -4.298000037670136E-001
   4.930000007152557E-002
   7.590000331401825E-002
   7.570999860763550E-001
   1.293999999761581E-001
  -1.793999969959259E-001
   3.939000070095062E-001
        1.044800043106079
        1.367400050163269
   8.777999877929688E-001
        1.065299987792969
   5.746999979019165E-001
   3.113000094890595E-001
   7.386999726295471E-001
  -8.400999903678894E-001
   2.716000080108643E-001
  -2.527999877929688E-001
   6.164000034332275E-001
        1.007699966430664
        1.282899975776672
   9.329000115394592E-001
   4.753000140190125E-001
   1.572999954223633E-001
   7.620000243186951E-001
   6.445000171661377E-001
        1.020599961280823
        2.163199901580811
   7.684999704360962E-001
   5.677000284194946E-001
  -2.075999975204468E-001
   5.490999817848206E-001
  -5.166000127792358E-001
   2.887000143527985E-001
  -1.918999999761581E-001
  -2.089000046253204E-001
  -5.447999835014343E-001
   1.759999990463257E-002
   7.909999787807465E-002
   2.842000126838684E-001
  -6.381000280380249E-001
       -2.473599910736084
       -1.901900053024292
       -1.584599971771240
       -1.720800042152405
       -1.558599948883057
  -6.899999827146530E-002
  -6.239999830722809E-002
   4.882000088691711E-001
   4.713000059127808E-001
  -8.306999802589417E-001
   3.619999885559082E-001
   2.987000048160553E-001
        1.027199983596802
   4.005999863147736E-001
   8.198999762535095E-001
   8.108000159263611E-001
   1.488000005483627E-001
   9.998999834060669E-001
   4.542999863624573E-001
  -3.188000023365021E-001
  -7.169999927282333E-002
       -1.112499952316284
       -1.062999963760376
   8.892999887466431E-001
   8.680000156164169E-002
   4.185999929904938E-001
  -2.400000020861626E-002
   2.372999936342239E-001
        1.288300037384033
   9.952999949455261E-001
        1.440199971199036
        1.814800024032593
   9.674000144004822E-001
   2.325000017881393E-001
   1.263999938964844E-001
   5.127000212669373E-001
   4.882999956607819E-001
   5.139999985694885E-001
   8.424999713897705E-001
   8.209999799728394E-001
   8.752999901771545E-001
   2.876000106334686E-001
   7.878000140190125E-001
   4.952999949455261E-001
   9.610000252723694E-001
        1.294399976730347
   2.910000085830689E-001
        1.136500000953674
        1.292000055313110
   5.098999738693237E-001
   3.790999948978424E-001
        1.092100024223328
   4.429999887943268E-001
   8.532000184059143E-001
        1.423499941825867
   5.175999999046326E-001
   8.008999824523926E-001
  -3.781999945640564E-001
   1.917999982833862E-001
       -1.222699999809265
       -2.378400087356567
       -2.056799888610840
       -1.399399995803833
       -2.475899934768677
       -1.187899947166443
  -7.613000273704529E-001
   2.173999994993210E-001
        1.053500056266785
   9.100000262260437E-001
  -4.147000014781952E-001
   3.662999868392944E-001
   4.769000113010407E-001
  -1.501999944448471E-001
        1.158100008964539
   3.515999913215637E-001
   8.021000027656555E-001
   3.325999975204468E-001
   3.267999887466431E-001
   5.339999794960022E-001
  -9.501000046730042E-001
  -4.102999866008759E-001
  -4.947000145912170E-001
   2.084999978542328E-001
   2.339999973773956E-001
   6.845999956130981E-001
   9.437000155448914E-001
   4.936000108718872E-001
        1.091199994087219
        1.898800015449524
        1.366299986839294
        1.325999975204468
        1.438799977302551
   7.936999797821045E-001
   1.509999930858612E-001
        1.316400051116943
        1.726300001144409
        1.486600041389465
        1.325099945068359
        1.534100055694580
        1.363199949264526
   9.815000295639038E-001
        1.075199961662293
  -1.518999934196472E-001
  -2.962000072002411E-001
   4.806999862194061E-001
   8.029000163078308E-001
        1.352499961853027
   8.384000062942505E-001
   8.126999735832214E-001
        1.220800042152405
   8.216999769210815E-001
   9.835000038146973E-001
        1.493499994277954
        1.145699977874756
        2.644999980926514
        1.340899944305420
   8.863000273704529E-001
  -9.160000085830689E-002
  -4.670999944210053E-001
  -4.178000092506409E-001
       -1.450000047683716
       -2.264699935913086
       -2.010400056838989
       -2.546499967575073
       -2.818599939346314
       -1.463600039482117
  -3.474000096321106E-001
   7.229999899864197E-001
  -2.016000002622604E-001
  -2.010000050067902E-001
  -5.658000111579895E-001
  -2.345999926328659E-001
   4.447999894618988E-001
   6.128000020980835E-001
        1.018000006675720
   7.657999992370606E-001
        1.470100045204163
   2.176000028848648E-001
   6.195999979972839E-001
  -9.709999710321426E-002
  -1.058999970555306E-001
   9.799999743700028E-002
  -2.063000053167343E-001
  -5.620999932289124E-001
   4.530999958515167E-001
        1.023800015449524
        1.010300040245056
   1.268000006675720E-001
        1.894700050354004
        1.142400026321411
        1.934599995613098
   4.189000129699707E-001
        1.322499990463257
        2.232000112533569
        2.116400003433228
        1.545199990272522
        1.477800011634827
        1.315999984741211
        1.353500008583069
   7.177000045776367E-001
   3.098999857902527E-001
   4.032999873161316E-001
   2.257999926805496E-001
  -1.542000025510788E-001
  -4.462000131607056E-001
  -1.449999958276749E-001
   7.350000143051148E-001
   8.686000108718872E-001
        1.080800056457520
   9.713000059127808E-001
        1.083299994468689
   8.321999907493591E-001
        1.655699968338013
        1.623999953269959
        1.367799997329712
   5.328999757766724E-001
   3.319999873638153E-001
  -5.750000104308128E-002
  -2.430000007152557E-001
  -8.734999895095825E-001
       -1.631100058555603
       -2.098700046539307
       -2.380800008773804
       -1.951200008392334
       -2.432699918746948
       -1.947900056838989
  -8.514000177383423E-001
  -5.252000093460083E-001
  -4.629000127315521E-001
  -6.953999996185303E-001
  -9.621999859809876E-001
  -7.889999747276306E-001
  -1.724999994039536E-001
   9.860000014305115E-002
   5.884000062942505E-001
   5.767999887466431E-001
   3.474000096321106E-001
   9.650999903678894E-001
   7.045000195503235E-001
   6.080999970436096E-001
   4.354000091552734E-001
  -5.029999837279320E-002
  -5.307000279426575E-001
  -9.592000246047974E-001
   9.214000105857849E-001
        1.673799991607666
   9.067999720573425E-001
   3.995999991893768E-001
   1.984000056982040E-001
   7.213000059127808E-001
   7.590000033378601E-001
        1.353700041770935
        1.481999993324280
        2.013900041580200
        2.165999889373779
        2.082299947738648
        1.482300043106079
   8.242999911308289E-001
        1.007300019264221
        1.540699958801270
        1.133499979972839
   5.371999740600586E-001
  -1.159999966621399E-001
  -3.991999924182892E-001
   4.699999839067459E-002
   8.386999964714050E-001
   8.036000132560730E-001
        1.017699956893921
        1.090999960899353
        1.126799941062927
        1.160799980163574
   6.718000173568726E-001
   3.208000063896179E-001
        2.260900020599365
   2.773999869823456E-001
   1.479000002145767E-001
  -2.709000110626221E-001
  -2.935999929904938E-001
       -1.293900012969971
  -8.385999798774719E-001
       -1.673900008201599
       -2.204200029373169
       -1.667299985885620
       -2.252599954605103
       -2.414400100708008
       -2.052700042724609
       -1.523300051689148
       -1.063799977302551
       -1.723399996757507
  -6.420999765396118E-001
       -1.079300045967102
       -1.026000022888184
  -6.405000090599060E-001
  -3.851999938488007E-001
  -3.323000073432922E-001
  -5.146999955177307E-001
  -1.393000036478043E-001
   4.329000115394592E-001
   5.766000151634216E-001
   2.743000090122223E-001
  -1.141000017523766E-001
   1.465000063180924E-001
  -4.803999960422516E-001
   1.437000036239624E-001
   8.323000073432922E-001
   2.547000050544739E-001
   4.821999967098236E-001
   7.009000182151794E-001
   3.359000086784363E-001
        1.065199971199036
   3.650000095367432E-001
        1.011800050735474
        1.627900004386902
        2.367599964141846
        2.567399978637695
        1.118700027465820
        1.018399953842163
        1.210299968719482
   7.986000180244446E-001
   6.628000140190125E-001
   2.057999968528748E-001
   5.934000015258789E-001
   4.384000003337860E-001
   2.831000089645386E-001
  -3.802999854087830E-001
  -2.258999943733215E-001
   1.570000052452087E-001
  -1.358000040054321E-001
   2.063000053167343E-001
   5.465999841690064E-001
   7.455000281333923E-001
   1.067999973893166E-001
        1.189800024032593
   9.322999715805054E-001
   2.326000034809113E-001
  -1.396999955177307E-001
  -7.692999839782715E-001
       -1.288400053977966
  -9.886999726295471E-001
  -7.878999710083008E-001
       -1.295699954032898
       -1.023499965667725
       -1.406900048255920
       -1.187100052833557
       -1.991199970245361
       -1.928400039672852
       -1.524000048637390
       -1.535400032997131
       -1.586099982261658
       -1.069200038909912
       -1.164000034332275
  -7.445999979972839E-001
  -7.943000197410584E-001
  -4.801999926567078E-001
  -1.208999976515770E-001
  -7.462999820709229E-001
  -2.869999967515469E-002
   3.460000082850456E-002
   3.889000117778778E-001
   5.803999900817871E-001
   6.169000267982483E-001
   6.104999780654907E-001
   9.160000085830689E-002
  -3.629999980330467E-002
   6.618999838829041E-001
   5.692999958992004E-001
        1.163800001144409
        1.460999965667725
   5.056999921798706E-001
   1.644999980926514E-001
   5.595999956130981E-001
        1.191300034523010
        1.601199984550476
        2.516099929809570
        1.554399967193604
        1.942399978637695
        1.297299981117249
        1.188799977302551
        1.230700016021729
   2.019999921321869E-002
   2.752999961376190E-001
   4.216000139713287E-001
   2.829999923706055E-001
   3.754000067710877E-001
   8.855999708175659E-001
   8.519999682903290E-002
  -2.002999931573868E-001
  -2.372999936342239E-001
   4.363000094890595E-001
   1.300999969244003E-001
   3.822999894618988E-001
        1.165300011634827
        1.003800034523010
   9.131000041961670E-001
  -4.029999971389771E-001
  -6.039999723434448E-001
  -3.939999938011169E-001
       -1.116199970245361
  -6.053000092506409E-001
  -5.291000008583069E-001
  -1.392000019550324E-001
  -2.687000036239624E-001
       -1.280900001525879
  -3.723999857902527E-001
       -1.111600041389465
  -8.255000114440918E-001
       -1.411000013351440
       -1.154199957847595
       -1.270599961280823
  -2.581000030040741E-001
       -1.048099994659424
       -1.332499980926514
       -1.034299969673157
  -9.040000289678574E-002
  -2.675000131130219E-001
  -9.575999975204468E-001
       -1.144700050354004
  -3.649999946355820E-002
   2.319999933242798E-001
   4.717000126838684E-001
   3.440999984741211E-001
   6.771000027656555E-001
   8.180999755859375E-001
   9.538999795913696E-001
   9.452000260353088E-001
        1.101400017738342
        1.572900056838989
        1.182299971580505
   4.584999978542328E-001
        1.014500021934509
        1.366799950599670
        1.569300055503845
        1.632099986076355
        1.658699989318848
        1.191499948501587
   8.952000141143799E-001
        1.683200001716614
        1.030900001525879
   3.508999943733215E-001
   8.241999745368958E-001
  -1.520000025629997E-002
  -5.809000134468079E-001
  -5.241000056266785E-001
  -2.322999984025955E-001
   7.598000168800354E-001
   6.843000054359436E-001
  -1.536000072956085E-001
   6.360000371932983E-002
        1.046700000762940
   3.314000070095062E-001
   5.181999802589417E-001
   8.453000187873840E-001
        1.002300024032593
   6.072000265121460E-001
  -8.673999905586243E-001
       -1.391299962997437
  -2.273000031709671E-001
  -4.183999896049500E-001
   2.343000024557114E-001
        1.278900027275085
  -1.597999930381775E-001
  -9.669999778270721E-002
  -5.063999891281128E-001
  -7.975000143051148E-001
  -8.144000172615051E-001
  -3.765999972820282E-001
  -7.664999961853027E-001
       -1.229099988937378
       -1.193199992179871
  -1.712999939918518E-001
  -9.585999846458435E-001
  -4.165999889373779E-001
  -6.815999746322632E-001
  -5.672000050544739E-001
  -5.451999902725220E-001
       -1.464499950408936
       -1.572900056838989
  -1.909999996423721E-001
   4.474999904632568E-001
   9.505000114440918E-001
   7.440000176429749E-001
   4.169999957084656E-001
   8.446999788284302E-001
        1.149700045585632
   6.658999919891357E-001
        1.259299993515015
        1.046399950981140
        1.128499984741211
   1.708000004291534E-001
   4.399999976158142E-001
   3.249999880790710E-001
   4.830000177025795E-002
   9.319999814033508E-002
        1.076799988746643
        1.000399947166443
   2.345999926328659E-001
        1.410199999809265
   7.835999727249146E-001
  -2.266999930143356E-001
  -9.122999906539917E-001
  -1.554999947547913E-001
  -5.212000012397766E-001
  -3.682000041007996E-001
  -3.808999955654144E-001
  -1.128999963402748E-001
   3.905999958515167E-001
   8.305000066757202E-001
   7.869999855756760E-002
   4.627999961376190E-001
   4.289999902248383E-001
   6.385999917984009E-001
   7.009999752044678E-001
  -1.318999975919724E-001
  -2.090000063180924E-001
  -6.564999818801880E-001
  -8.313000202178955E-001
  -2.345999926328659E-001
   6.430000066757202E-002
  -3.127000033855438E-001
  -8.259999752044678E-002
   9.390000253915787E-002
       -1.347399950027466
       -1.825700044631958
  -8.349999785423279E-001
  -1.651999950408936E-001
   3.280000016093254E-002
  -5.037999749183655E-001
   9.969999641180039E-002
   2.879000008106232E-001
  -2.838000059127808E-001
       -1.335700035095215
  -5.988000035285950E-001
       -1.057100057601929
       -1.136899948120117
       -1.010699987411499
       -1.458299994468689
       -1.963700056076050
       -1.139000058174133
   8.879999816417694E-002
   7.645000219345093E-001
   8.896999955177307E-001
   5.047000050544739E-001
   4.893999993801117E-001
   3.887000083923340E-001
   8.446999788284302E-001
   7.943999767303467E-001
   6.417999863624573E-001
   5.077000260353088E-001
   3.596999943256378E-001
  -2.413000017404556E-001
  -6.790999770164490E-001
  -9.847999811172485E-001
  -8.098000288009644E-001
  -1.976999938488007E-001
  -4.411000013351440E-001
  -5.070000290870667E-001
        1.391000032424927
   2.969999909400940E-001
   2.757000029087067E-001
   2.098000049591065E-001
   1.907999962568283E-001
  -4.239000082015991E-001
  -1.568000018596649E-001
   9.077000021934509E-001
  -2.513999938964844E-001
   8.240000158548355E-002
  -3.016000092029572E-001
  -4.201999902725220E-001
  -8.889999985694885E-002
   6.399999838322401E-003
   3.989999890327454E-001
   7.315999865531921E-001
  -4.573000073432922E-001
  -8.072999715805054E-001
       -1.424100041389465
  -7.180000096559525E-002
  -5.256999731063843E-001
  -3.546999990940094E-001
  -3.364999890327454E-001
  -9.415000081062317E-001
  -6.144000291824341E-001
  -7.742999792098999E-001
       -1.421000003814697
       -1.625900030136108
   5.331000089645386E-001
   7.919999957084656E-002
  -1.264999955892563E-001
   3.998999893665314E-001
   9.474999904632568E-001
  -5.838000178337097E-001
  -9.020000100135803E-001
       -1.117499947547913
       -1.422199964523315
       -1.656800031661987
       -1.297500014305115
  -6.994000077247620E-001
       -1.737599968910217
       -1.225999951362610
  -6.759999692440033E-002
   1.924999952316284E-001
   6.356999874114990E-001
   5.666000247001648E-001
   3.319999948143959E-002
   4.162000119686127E-001
        1.262199997901917
   3.285000026226044E-001
  -1.483999937772751E-001
   6.025000214576721E-001
   5.372999906539917E-001
   2.508000135421753E-001
  -8.240000009536743E-001
  -9.552000164985657E-001
  -9.844999909400940E-001
       -1.493499994277954
       -1.416499972343445
       -1.419499993324280
  -1.655000001192093E-001
  -4.487999975681305E-001
  -8.320000022649765E-002
   3.039999902248383E-001
  -1.757999956607819E-001
  -7.405999898910523E-001
  -9.473999738693237E-001
   4.192000031471252E-001
  -5.345000028610230E-001
  -5.181999802589417E-001
  -3.310999870300293E-001
  -6.300000101327896E-002
  -3.456999957561493E-001
   1.436000019311905E-001
  -2.639999985694885E-002
  -2.693000137805939E-001
       -1.458899974822998
       -1.003299951553345
  -3.819000124931335E-001
  -3.384000062942505E-001
  -6.618999838829041E-001
  -9.042000174522400E-001
  -2.099999934434891E-001
       -1.031000018119812
       -1.240100026130676
  -6.080999970436096E-001
  -4.670999944210053E-001
  -6.219000220298767E-001
   4.237999916076660E-001
   3.510000109672546E-001
  -1.412000060081482E-001
   6.651999950408936E-001
        1.049299955368042
       -1.438500046730042
       -1.475100040435791
  -8.549000024795532E-001
  -9.710999727249146E-001
       -1.557800054550171
       -1.020400047302246
  -6.887999773025513E-001
  -6.693000197410584E-001
  -3.623000085353851E-001
  -3.244999945163727E-001
   1.370999962091446E-001
  -4.320000112056732E-002
  -1.198000013828278E-001
  -6.620000302791596E-002
   4.879999905824661E-002
   5.099999904632568E-002
  -3.797999918460846E-001
   5.881999731063843E-001
   3.594000041484833E-001
   6.934999823570252E-001
   1.660999953746796E-001
  -1.754000037908554E-001
  -7.457000017166138E-001
       -1.845000028610230
       -1.823199987411499
       -1.900599956512451
  -8.956999778747559E-001
  -9.003000259399414E-001
   4.889999926090241E-001
  -4.050000011920929E-002
   4.569999873638153E-002
  -3.898999989032745E-001
  -2.991999983787537E-001
  -7.260000109672546E-001
  -4.830000177025795E-002
  -1.354999989271164E-001
  -9.879999756813049E-001
  -7.218000292778015E-001
   2.150000073015690E-002
  -2.808000147342682E-001
   1.989999972283840E-002
   2.353000044822693E-001
  -5.178999900817871E-001
  -3.388000130653381E-001
  -6.319999694824219E-002
  -1.527000069618225E-001
       -1.043400049209595
       -1.285099983215332
  -8.673999905586243E-001
  -8.657000064849854E-001
       -1.157500028610230
       -1.562899947166443
       -1.271000027656555
   4.519999921321869E-001
  -3.860000148415566E-002
   2.150000035762787E-001
   6.316999793052673E-001
        1.032199978828430
   1.403000056743622E-001
   3.287999927997589E-001
  -9.981999993324280E-001
       -1.297099947929382
  -7.196999788284302E-001
  -3.120000064373016E-001
  -2.219000011682510E-001
  -7.723000049591065E-001
  -2.782999873161316E-001
  -2.419999986886978E-001
  -7.013000249862671E-001
  -5.789999961853027E-001
  -2.666999995708466E-001
  -9.060000181198120E-001
       -1.134600043296814
   2.000000029802322E-001
  -5.174999833106995E-001
  -1.289000064134598E-001
  -4.557999968528748E-001
  -1.176000013947487E-001
  -5.110999941825867E-001
  -1.342000067234039E-001
   2.772000133991242E-001
   2.407999932765961E-001
  -4.577000141143799E-001
  -7.694000005722046E-001
       -1.559700012207031
  -8.950999975204468E-001
       -1.530200004577637
  -9.726999998092651E-001
  -6.312000155448914E-001
  -6.790999770164490E-001
  -2.250999957323074E-001
  -9.740000218153000E-002
  -1.997999995946884E-001
  -4.839000105857849E-001
  -1.999999955296516E-002
   5.970000103116036E-002
   4.419999942183495E-002
   4.526999890804291E-001
   8.396999835968018E-001
   3.409999907016754E-001
  -2.127999961376190E-001
  -2.424000054597855E-001
  -6.334999799728394E-001
  -1.579000055789948E-001
  -4.248000085353851E-001
   2.294999957084656E-001
  -9.496999979019165E-001
  -6.753000020980835E-001
  -8.313999772071838E-001
   1.269000023603439E-001
  -9.266999959945679E-001
  -9.692000150680542E-001
       -1.468899965286255
       -1.033900022506714
  -4.119000136852264E-001
  -3.815999925136566E-001
   6.190000176429749E-001
        1.226400017738342
   6.715999841690064E-001
   6.552000045776367E-001
  -4.413999915122986E-001
  -5.510000139474869E-002
  -2.421000003814697E-001
   9.000000357627869E-002
  -3.345000147819519E-001
   6.608999967575073E-001
   8.094000220298767E-001
   7.394999861717224E-001
  -8.306999802589417E-001
       -1.127300024032593
  -8.917999863624573E-001
       -1.487900018692017
       -1.651299953460693
  -9.797999858856201E-001
       -1.449100017547607
  -2.718000113964081E-001
  -4.801999926567078E-001
  -4.693999886512756E-001
  -1.324000060558319E-001
  -9.210000187158585E-002
   3.955999910831451E-001
   6.258000135421753E-001
  -2.608000040054321E-001
  -2.529999986290932E-002
       -1.035500049591065
  -8.991000056266785E-001
  -6.495000123977661E-001
  -2.784000039100647E-001
  -7.800000160932541E-002
   5.728999972343445E-001
  -2.587000131607056E-001
  -4.973999857902527E-001
   5.838999748229981E-001
   4.629000127315521E-001
   4.691999852657318E-001
   1.747999936342239E-001
   4.080000147223473E-002
  -4.481999874114990E-001
   3.300999999046326E-001
  -1.911000013351440E-001
  -4.979000091552734E-001
  -4.918999969959259E-001
  -5.070000290870667E-001
  -3.819999843835831E-002
  -1.068999990820885E-001
   5.698999762535095E-001
  -3.865999877452850E-001
       -1.078899979591370
   1.703000068664551E-001
   1.546999961137772E-001
   1.929000020027161E-001
  -5.798000097274780E-001
       -1.743100047111511
  -7.968999743461609E-001
  -1.615000069141388E-001
   2.495000064373016E-001
  -2.930000051856041E-002
   9.934999942779541E-001
        1.415699958801270
  -8.299999870359898E-003
        1.071499943733215
   8.684999942779541E-001
   9.480000138282776E-001
   8.650000095367432E-001
   9.800999760627747E-001
        1.396800041198731
   5.169000029563904E-001
   4.092999994754791E-001
  -8.040000200271606E-001
  -6.966999769210815E-001
  -2.433000057935715E-001
  -4.918000102043152E-001
       -1.231400012969971
  -8.398000001907349E-001
  -9.308000206947327E-001
  -5.806000232696533E-001
       -1.152400016784668
  -3.671000003814697E-001
   9.631000161170960E-001
   8.319000005722046E-001
   7.354999780654907E-001
        1.288900017738342
   6.471999883651733E-001
   2.333000004291534E-001
  -1.643999963998795E-001
   1.129999980330467E-001
  -6.366000175476074E-001
  -4.133999943733215E-001
  -9.847000241279602E-001
  -6.834999918937683E-001
   3.535999953746796E-001
   3.890999853610992E-001
   7.254999876022339E-001
   8.829999715089798E-002
   4.758999943733215E-001
   5.318999886512756E-001
   7.321000099182129E-001
   6.762999892234802E-001
  -1.470000017434359E-002
   4.614000022411346E-001
   2.222000062465668E-001
  -7.329999804496765E-001
  -2.788999974727631E-001
  -8.080999851226807E-001
  -7.400000095367432E-001
  -5.376999974250794E-001
  -9.882000088691711E-001
  -1.572999954223633E-001
   1.450999975204468E-001
   4.713999927043915E-001
   4.909000098705292E-001
   2.260999977588654E-001
  -7.768999934196472E-001
  -1.537999957799912E-001
   5.460000038146973E-001
   7.350999712944031E-001
  -6.390000134706497E-002
  -3.134999871253967E-001
   6.847000122070313E-001
  -1.031000018119812E-001
        1.326599955558777
        1.484200000762940
   6.086000204086304E-001
        1.298599958419800
        2.043900012969971
        1.046399950981140
        1.192100048065186
   4.952999949455261E-001
  -1.700000017881393E-001
  -2.439999952912331E-002
  -4.577000141143799E-001
       -1.547600030899048
       -1.719099998474121
       -1.628700017929077
       -1.573300004005432
  -9.237999916076660E-001
  -5.573999881744385E-001
   7.259999960660934E-002
   8.789999783039093E-002
   1.483999937772751E-001
        1.255699992179871
   9.909999966621399E-001
   7.875000238418579E-001
   8.215000033378601E-001
   3.276000022888184E-001
  -5.598999857902527E-001
  -2.249999940395355E-001
   4.100000020116568E-003
  -2.072000056505203E-001
  -2.596000134944916E-001
   7.953000068664551E-001
   7.541999816894531E-001
   1.976000070571899E-001
   2.585999965667725E-001
   2.992999851703644E-001
   6.937999725341797E-001
        1.156599998474121
        1.085600018501282
   3.558999896049500E-001
        1.323899984359741
   7.410000264644623E-002
  -5.970000103116036E-002
  -5.885000228881836E-001
       -1.130800008773804
  -3.210999965667725E-001
   3.377999961376190E-001
  -2.234999984502792E-001
  -2.188999950885773E-001
  -9.430999755859375E-001
   7.020000368356705E-002
  -6.419000029563904E-001
   2.309999987483025E-002
   2.827999889850617E-001
   4.074000120162964E-001
   9.210000187158585E-002
   2.547999918460846E-001
   5.534999966621399E-001
  -1.207000017166138E-001
   2.660999894142151E-001
  -1.718000024557114E-001
