   5.785999894142151E-001
  -4.999000132083893E-001
  -3.950000181794167E-002
  -4.149999916553497E-001
  -7.591000199317932E-001
  -2.671000063419342E-001
  -7.379000186920166E-001
       -1.166900038719177
       -1.050099968910217
       -2.104500055313110
  -6.826999783515930E-001
       -1.598000049591065
       -1.182100057601929
  -6.019999980926514E-001
  -4.454999864101410E-001
   1.585000008344650E-001
  -8.699999749660492E-002
  -6.704000234603882E-001
   8.799999952316284E-003
   7.402999997138977E-001
  -1.942999958992004E-001
   1.712000072002411E-001
  -4.781000018119812E-001
  -2.653999924659729E-001
   1.050999984145165E-001
   3.280999958515167E-001
  -3.842999935150147E-001
   1.588000059127808E-001
  -4.708000123500824E-001
       -1.145400047302246
  -4.431999921798706E-001
   1.425999999046326E-001
   7.700999975204468E-001
   8.787000179290772E-001
        1.829499959945679
        1.441100001335144
   3.964999914169312E-001
   4.672999978065491E-001
  -5.795999765396118E-001
  -4.052000045776367E-001
  -5.700000002980232E-002
       -1.086599946022034
  -9.162999987602234E-001
  -7.157999873161316E-001
  -5.661000013351440E-001
       -1.010499954223633
  -7.588000297546387E-001
  -9.805999994277954E-001
       -1.605599999427795
       -1.308300018310547
  -5.817000269889832E-001
  -4.627000093460083E-001
       -1.117799997329712
       -1.228600025177002
       -1.327000021934509
  -7.189999818801880E-001
   9.619999676942825E-002
   2.872000038623810E-001
   7.370000332593918E-002
  -3.280000016093254E-002
        1.125499963760376
   9.050999879837036E-001
   2.897000014781952E-001
  -4.217999875545502E-001
  -5.005000233650208E-001
   9.650000184774399E-002
  -2.223999947309494E-001
       -1.276100039482117
       -1.077700018882752
       -1.712599992752075
       -1.469900012016296
  -9.783999919891357E-001
  -9.150999784469605E-001
  -5.113999843597412E-001
  -4.564999938011169E-001
  -4.090999960899353E-001
  -4.532000124454498E-001
  -3.005000054836273E-001
   5.979999899864197E-002
        1.598299980163574
        1.379299998283386
        1.115399956703186
  -1.606999933719635E-001
  -1.086999997496605E-001
   2.989999949932098E-002
   4.047000110149384E-001
   6.953999996185303E-001
  -1.264999955892563E-001
  -3.521000146865845E-001
  -5.874999761581421E-001
  -8.511000275611877E-001
  -8.510000258684158E-002
   5.575000047683716E-001
   4.887000024318695E-001
   2.131000012159348E-001
   4.036000072956085E-001
  -5.834000110626221E-001
  -3.576999902725220E-001
  -9.950000047683716E-002
  -7.707999944686890E-001
       -1.274099946022034
       -1.773399949073792
       -1.428200006484985
       -1.585899949073792
       -1.264099955558777
       -1.433200001716614
       -1.380399942398071
  -9.320999979972839E-001
       -1.463700056076050
       -1.044000029563904
  -6.746000051498413E-001
       -1.050799965858460
  -8.503999710083008E-001
       -1.051499962806702
  -8.902000188827515E-001
       -1.306399941444397
   2.189999967813492E-001
   2.172999978065491E-001
   5.128999948501587E-001
  -5.299999844282866E-003
   9.337999820709229E-001
        1.021000027656555
  -1.401000022888184E-001
  -3.510000184178352E-002
   3.409999981522560E-002
  -6.669999659061432E-002
   1.265999972820282E-001
  -8.503000140190125E-001
       -1.090299963951111
       -1.564499974250794
  -6.762999892234802E-001
       -1.023800015449524
  -8.140000104904175E-001
  -5.417000055313110E-001
  -4.223000109195709E-001
   1.629000008106232E-001
  -6.190000101923943E-002
   3.447000086307526E-001
   7.136999964714050E-001
   8.596000075340271E-001
   5.728999972343445E-001
   9.200000166893005E-001
   2.840000092983246E-001
   9.764999747276306E-001
   1.520000025629997E-002
   8.604000210762024E-001
   7.645000219345093E-001
  -4.900000058114529E-003
   2.389999926090241E-001
   1.045999974012375E-001
   2.194000035524368E-001
   6.814000010490418E-001
   8.280000090599060E-001
   5.673000216484070E-001
   2.329999953508377E-001
  -3.853999972343445E-001
  -6.520000100135803E-001
   3.732999861240387E-001
   1.185000017285347E-001
  -6.353999972343445E-001
       -1.739099979400635
       -1.462100028991699
       -1.690199971199036
       -2.255500078201294
       -2.203599929809570
       -2.129800081253052
       -1.833099961280823
  -8.040000200271606E-001
  -5.910999774932861E-001
  -5.310999751091003E-001
  -9.279000163078308E-001
  -3.503000140190125E-001
  -5.523999929428101E-001
       -1.196699976921082
  -6.330000162124634E-001
  -7.343999743461609E-001
   1.151999980211258E-001
  -6.520000100135803E-002
   2.856999933719635E-001
   9.042000174522400E-001
  -3.707000017166138E-001
  -1.289000064134598E-001
  -2.163999974727631E-001
   2.073999941349030E-001
  -5.473999977111816E-001
   2.615999877452850E-001
  -3.325999975204468E-001
  -2.741000056266785E-001
  -6.848999857902527E-001
       -1.697399973869324
       -1.197100043296814
       -1.399399995803833
       -1.150099992752075
  -5.899000167846680E-001
  -7.050000131130219E-002
  -4.582000076770783E-001
  -9.610000252723694E-002
  -1.439999938011169E-001
   4.100000020116568E-003
   6.021000146865845E-001
   6.520000100135803E-002
   3.203999996185303E-001
   2.393999993801117E-001
   9.243000149726868E-001
   6.369999796152115E-002
   6.258999705314636E-001
   6.973000168800354E-001
   2.951000034809113E-001
   5.320000052452087E-001
  -3.379999846220017E-002
   1.702000051736832E-001
   5.794000029563904E-001
   6.597999930381775E-001
   6.671000123023987E-001
   4.149000048637390E-001
  -3.889999985694885E-001
  -5.164999961853027E-001
   3.188000023365021E-001
  -8.916000127792358E-001
  -4.165000021457672E-001
  -9.805999994277954E-001
  -8.672999739646912E-001
  -9.649000167846680E-001
       -1.821900010108948
       -1.851799964904785
       -1.684999942779541
       -1.657099962234497
  -3.454000055789948E-001
   1.226999983191490E-001
  -2.802000045776367E-001
  -7.663999795913696E-001
  -9.071999788284302E-001
  -9.355000257492065E-001
  -6.079000234603882E-001
  -4.620999991893768E-001
  -6.360999941825867E-001
  -4.907000064849854E-001
  -1.070000045001507E-002
   4.790999889373779E-001
   6.845999956130981E-001
  -3.079999983310700E-002
  -4.187999963760376E-001
  -3.643000125885010E-001
  -2.824999988079071E-001
  -1.757999956607819E-001
  -7.664999961853027E-001
   2.049999982118607E-001
  -8.271999955177307E-001
   6.409999728202820E-002
  -5.347999930381775E-001
  -6.850000023841858E-001
  -8.820000290870667E-002
  -4.523000121116638E-001
  -9.107000231742859E-001
       -1.284700036048889
  -3.303000032901764E-001
  -9.677000045776367E-001
  -7.389999926090241E-002
   1.282999962568283E-001
  -7.709000110626221E-001
  -3.149999976158142E-001
   2.049999982118607E-001
   2.436999976634979E-001
   8.184000253677368E-001
   5.746999979019165E-001
   6.158000230789185E-001
   6.941000223159790E-001
   8.896999955177307E-001
        1.188300013542175
   7.527999877929688E-001
   3.932999968528748E-001
   3.267999887466431E-001
   5.601000189781189E-001
   2.055000066757202E-001
   3.607000112533569E-001
   7.128999829292297E-001
   7.954000234603882E-001
   3.709999844431877E-002
  -4.927999973297119E-001
  -4.077000021934509E-001
   2.110999971628189E-001
  -7.600000128149986E-003
   4.625999927520752E-001
  -2.764999866485596E-001
       -1.399700045585632
  -5.943999886512756E-001
  -4.589999839663506E-002
   6.143000125885010E-001
   5.171999931335449E-001
   6.539999693632126E-002
  -1.658000051975250E-001
  -5.318999886512756E-001
       -1.453600049018860
  -8.799999952316284E-001
  -2.705999910831451E-001
  -1.141000017523766E-001
  -2.705000042915344E-001
  -5.404999852180481E-001
   5.135999917984009E-001
   4.562999904155731E-001
  -2.001000046730042E-001
  -4.339999854564667E-001
   6.140000224113464E-001
   1.250000000000000E-001
  -3.440000116825104E-001
  -5.689999833703041E-002
   4.735000133514404E-001
   4.535000026226044E-001
  -3.278999924659729E-001
  -6.779000163078308E-001
  -4.573000073432922E-001
       -1.347499966621399
  -2.195000052452087E-001
  -7.307000160217285E-001
       -1.512699961662293
       -2.032999992370606
       -1.566400051116943
  -5.350999832153320E-001
   1.572999954223633E-001
   3.102000057697296E-001
  -3.853999972343445E-001
   3.009000122547150E-001
  -2.608000040054321E-001
   3.169000148773193E-001
  -9.610000252723694E-002
  -2.818000018596649E-001
   1.975000053644180E-001
   9.768999814987183E-001
   9.646000266075134E-001
   5.212000012397766E-001
   5.073000192642212E-001
        1.552700042724609
        1.269000053405762
   4.508999884128571E-001
  -2.714999914169312E-001
        1.263299942016602
   9.846000075340271E-001
  -9.250000119209290E-002
  -8.568999767303467E-001
  -5.336999893188477E-001
   4.636000096797943E-001
   2.122000008821487E-001
        1.019500017166138
   4.268999993801117E-001
  -3.684000074863434E-001
       -1.003299951553345
  -2.143999934196472E-001
  -5.605999827384949E-001
  -3.346999883651733E-001
  -2.795999944210053E-001
  -5.335999727249146E-001
       -1.505300045013428
  -8.787000179290772E-001
  -5.600000023841858E-001
  -2.705000042915344E-001
  -2.897999882698059E-001
  -5.411000251770020E-001
  -2.838000059127808E-001
   5.699999928474426E-001
   2.815999984741211E-001
   9.650000184774399E-002
   4.857999980449677E-001
   7.459999918937683E-001
   3.353999853134155E-001
  -3.630000054836273E-001
  -3.497000038623810E-001
  -3.669999912381172E-002
   1.864999979734421E-001
  -2.813000082969666E-001
  -3.729999959468842E-001
  -3.357000052928925E-001
  -4.959000051021576E-001
  -4.246000051498413E-001
       -1.196499943733215
       -1.223700046539307
       -1.025599956512451
       -1.342200040817261
  -7.888000011444092E-001
  -3.467000126838684E-001
   5.848000049591065E-001
   4.347999989986420E-001
  -9.300000034272671E-003
  -2.046000063419342E-001
  -2.892999947071075E-001
   4.490000009536743E-001
  -2.230000048875809E-001
  -1.040000002831221E-002
  -5.319999903440476E-002
   4.002999961376190E-001
   5.271000266075134E-001
        1.330600023269653
        1.637799978256226
        1.730999946594238
        2.116699934005737
        1.421000003814697
   9.488999843597412E-001
   5.741000175476074E-001
  -2.336000055074692E-001
  -6.553999781608582E-001
  -2.231999933719635E-001
       -1.358999967575073
       -1.175699949264526
   6.236000061035156E-001
  -3.400000184774399E-002
  -8.453000187873840E-001
  -9.911999702453613E-001
       -1.352499961853027
  -6.557999849319458E-001
  -7.881000041961670E-001
   3.454000055789948E-001
  -1.213999986648560E-001
       -1.060999989509583
  -7.785000205039978E-001
   5.455999970436096E-001
   4.505999982357025E-001
   6.556000113487244E-001
   3.953999876976013E-001
   6.243000030517578E-001
   2.867000102996826E-001
        1.337200045585632
  -3.977000117301941E-001
  -8.070000261068344E-002
   1.787000000476837E-001
        1.016199946403503
   2.349999994039536E-001
  -6.851000189781189E-001
  -3.353999853134155E-001
   3.795000016689301E-001
   8.956999778747559E-001
   7.314000129699707E-001
  -1.715999990701675E-001
  -3.109000027179718E-001
  -5.936999917030335E-001
  -9.164999723434448E-001
       -1.038699984550476
  -8.088999986648560E-001
  -5.964000225067139E-001
  -5.677999854087830E-001
   3.239000141620636E-001
   2.324000000953674E-001
  -3.485000133514404E-001
  -5.748999714851379E-001
       -1.307199954986572
   2.770000100135803E-001
  -5.359999835491180E-002
   2.366999983787537E-001
   3.664000034332275E-001
  -2.153999954462051E-001
   2.256000041961670E-001
   7.649999856948853E-001
   9.902999997138977E-001
        1.371799945831299
   5.576999783515930E-001
        1.047099947929382
        1.347399950027466
   8.615000247955322E-001
   6.018999814987183E-001
   5.626999735832214E-001
  -8.200000226497650E-002
  -3.810000121593475E-001
       -1.321900010108948
       -1.140400052070618
       -1.538499951362610
  -7.702000141143799E-001
  -5.267000198364258E-001
       -1.544999957084656
  -5.414000153541565E-001
  -5.254999995231628E-001
   2.980000078678131E-001
   2.081000059843063E-001
   2.890999913215637E-001
        1.046700000762940
        1.182500004768372
        1.412199974060059
        1.341199994087219
        1.332100033760071
   6.036000251770020E-001
   5.098999738693237E-001
   3.944999873638153E-001
   9.351000189781189E-001
   1.433999985456467E-001
   8.200000226497650E-002
   8.820000290870667E-002
   2.210000008344650E-001
   6.179999932646751E-002
  -3.910999894142151E-001
  -6.014999747276306E-001
   1.879999935626984E-001
   4.756999909877777E-001
  -2.759000062942505E-001
  -5.339999869465828E-002
   6.004999876022339E-001
  -1.500000013038516E-003
  -8.288999795913696E-001
       -1.399799942970276
       -1.195799946784973
       -1.095199942588806
  -5.859000086784363E-001
  -1.967000067234039E-001
   7.926999926567078E-001
  -1.393000036478043E-001
  -3.652000129222870E-001
       -1.215299963951111
  -5.127000212669373E-001
  -2.002999931573868E-001
   2.786000072956085E-001
   1.651999950408936E-001
  -2.406000047922134E-001
  -1.458999961614609E-001
   6.047999858856201E-001
   8.931999802589417E-001
   7.430999875068665E-001
   4.329999983310700E-001
        1.513499975204468
        1.022400021553040
        1.164499998092651
        1.181699991226196
   7.706999778747559E-001
  -1.031000018119812E-001
  -2.892999947071075E-001
  -4.878000020980835E-001
  -9.861000180244446E-001
       -1.254400014877319
       -1.324699997901917
  -3.770000115036964E-002
       -1.334900021553040
  -5.102000236511231E-001
  -2.459000051021576E-001
  -3.941000103950501E-001
  -8.938000202178955E-001
   2.154999971389771E-001
        1.431200027465820
        1.129099965095520
        2.084599971771240
        1.759299993515015
        1.856600046157837
        1.819900035858154
   8.999000191688538E-001
   8.123999834060669E-001
        1.411100029945374
   8.012999892234802E-001
   8.065000176429749E-001
  -6.219999864697456E-002
  -3.984000086784363E-001
   5.052999854087830E-001
   1.769999973475933E-002
       -1.013599991798401
   1.389999967068434E-002
  -4.612999856472015E-001
  -5.349000096321106E-001
  -1.625999957323074E-001
   8.374999761581421E-001
   4.359000027179718E-001
   5.210999846458435E-001
  -5.235999822616577E-001
  -5.598000288009644E-001
  -7.100999951362610E-001
  -6.328999996185303E-001
  -1.735000014305115E-001
  -1.539999991655350E-001
   7.300000172108412E-003
  -2.678000032901764E-001
  -6.147000193595886E-001
       -1.010800004005432
   6.019999831914902E-002
        1.111099958419800
        1.258100032806397
   1.234999969601631E-001
   9.047999978065491E-001
        1.144099950790405
        1.075199961662293
        1.185199975967407
   8.623999953269959E-001
        1.153200030326843
   3.463999927043915E-001
   6.111999750137329E-001
   6.367999911308289E-001
   4.970000088214874E-001
   2.328000068664551E-001
   1.500000059604645E-001
   3.269999846816063E-002
       -1.228000044822693
       -1.878200054168701
       -2.065299987792969
       -1.244099974632263
       -1.295199990272522
  -6.449999809265137E-001
  -6.191999912261963E-001
  -6.491000056266785E-001
  -9.782000184059143E-001
  -5.738000273704529E-001
   3.174999952316284E-001
        1.783100008964539
        2.125099897384644
        1.326699972152710
        1.647500038146973
   2.876999974250794E-001
   4.799999892711639E-001
   8.888999819755554E-001
        1.608600020408630
        1.103999972343445
   3.513000011444092E-001
  -7.748000025749207E-001
  -3.463000059127808E-001
  -9.780000150203705E-002
  -9.244999885559082E-001
  -3.946999907493591E-001
  -2.275999933481216E-001
  -2.069000005722046E-001
   1.500000013038516E-003
   5.558000206947327E-001
        1.262699961662293
  -2.513000071048737E-001
  -8.990000188350678E-002
  -1.143999993801117E-001
       -1.191300034523010
       -2.018500089645386
  -7.889999747276306E-001
  -1.380999982357025E-001
  -8.867999911308289E-001
  -7.638999819755554E-001
       -1.375900030136108
  -9.244999885559082E-001
  -9.899999946355820E-003
   6.979999691247940E-002
   5.052999854087830E-001
   9.095000028610230E-001
   6.025999784469605E-001
        1.150099992752075
        1.752799987792969
        2.265599966049194
        1.665899991989136
        1.544800043106079
        1.764999985694885
   2.240000069141388E-001
   2.705000042915344E-001
   1.587000042200089E-001
   1.420000009238720E-002
  -3.560000061988831E-001
  -3.673999905586243E-001
  -5.285999774932861E-001
  -6.490000337362289E-002
  -8.169000148773193E-001
       -1.989099979400635
  -8.044999837875366E-001
       -1.527899980545044
  -8.666999936103821E-001
  -9.560999870300293E-001
       -1.280300021171570
  -4.011000096797943E-001
   6.414999961853027E-001
        1.147699952125549
        1.330899953842163
        1.227200031280518
        1.740300059318543
        1.137699961662293
   9.880999922752380E-001
   4.320999979972839E-001
   5.824000239372253E-001
   8.355000019073486E-001
   4.234000146389008E-001
   5.475999712944031E-001
   2.526000142097473E-001
  -3.296000063419342E-001
  -3.244999945163727E-001
   4.907999932765961E-001
  -2.667999863624573E-001
  -2.466000020503998E-001
   2.782999873161316E-001
  -5.771999955177307E-001
   1.821999996900559E-001
   1.552000045776367E-001
       -1.052600026130676
  -3.878999948501587E-001
       -1.123700022697449
       -1.414999961853027
       -1.475100040435791
  -7.200000286102295E-001
       -1.515799999237061
  -8.407999873161316E-001
  -9.437000155448914E-001
  -5.909000039100647E-001
  -3.018999993801117E-001
  -1.732999980449677E-001
  -4.278999865055084E-001
  -5.820000171661377E-001
   7.512999773025513E-001
   5.320000052452087E-001
   9.348999857902527E-001
        1.110000014305115
        1.187999963760376
        1.059900045394898
        1.134999990463257
   3.138000071048737E-001
  -9.380000084638596E-002
  -5.077999830245972E-001
  -2.549999952316284E-002
  -1.647000014781952E-001
  -5.999999865889549E-002
  -4.519000053405762E-001
  -8.385999798774719E-001
  -8.400999903678894E-001
  -6.725999712944031E-001
  -8.436999917030335E-001
  -3.330000042915344E-001
  -6.231999993324280E-001
  -5.224999785423279E-001
  -8.569999784231186E-002
  -5.820000171661377E-001
   3.639000058174133E-001
        1.179900050163269
        1.301699995994568
        1.333500027656555
        2.041300058364868
        1.576699972152710
        1.477499961853027
   6.942999958992004E-001
        1.200999975204468
   3.156999945640564E-001
   7.978000044822693E-001
  -8.479999750852585E-002
   1.616999953985214E-001
  -5.720999836921692E-001
  -9.449999779462814E-002
  -3.353999853134155E-001
  -2.761000096797943E-001
   5.303999781608582E-001
   6.754999756813049E-001
   2.531999945640564E-001
   2.624999880790710E-001
   4.390999972820282E-001
  -2.791999876499176E-001
   2.073000073432922E-001
  -1.643999963998795E-001
  -5.695999860763550E-001
  -8.733000159263611E-001
       -1.057199954986572
       -1.039199948310852
       -1.583899974822998
  -9.639000296592712E-001
  -2.023999989032745E-001
  -2.851999998092651E-001
   5.579999834299088E-002
  -3.980000019073486E-001
  -4.632000029087067E-001
  -4.476000070571899E-001
   2.040999978780747E-001
        1.856500029563904
   9.416999816894531E-001
   8.690999746322632E-001
   7.785000205039978E-001
   8.442000150680542E-001
   8.883000016212463E-001
   9.146000146865845E-001
   5.702000260353088E-001
   3.546999990940094E-001
  -1.092000007629395E-001
  -1.956000030040741E-001
  -7.458000183105469E-001
  -7.246000170707703E-001
   1.244999989867210E-001
  -3.063000142574310E-001
  -7.286000251770020E-001
  -9.840000271797180E-001
  -4.056000113487244E-001
  -4.474000036716461E-001
  -6.096000075340271E-001
  -2.940999865531921E-001
   2.750000059604645E-001
   4.460999965667725E-001
   8.819000124931335E-001
        1.280300021171570
        2.154799938201904
        2.874900102615356
        2.373500108718872
   8.331999778747559E-001
   8.026999831199646E-001
   2.196000069379807E-001
   7.233999967575073E-001
        1.290300011634827
   5.979999899864197E-002
   5.414000153541565E-001
   4.165000021457672E-001
   6.685000061988831E-001
   4.251999855041504E-001
        1.177899956703186
        1.043300032615662
        1.301300048828125
   4.481999874114990E-001
   9.093000292778015E-001
   2.617999911308289E-001
  -5.637000203132629E-001
  -1.488000005483627E-001
   6.699999794363976E-003
  -3.474999964237213E-001
  -8.572999835014343E-001
  -3.483999967575073E-001
  -8.672999739646912E-001
  -6.930999755859375E-001
  -9.287999868392944E-001
  -9.204000234603882E-001
  -6.407999992370606E-001
  -4.045999944210053E-001
  -6.564000248908997E-001
       -1.116299986839294
   4.230999946594238E-001
        1.050400018692017
        2.027600049972534
   6.141999959945679E-001
   2.608000040054321E-001
        1.802899956703186
   8.615999817848206E-001
   2.329999953508377E-001
   3.001999855041504E-001
   5.562999844551086E-001
  -5.365999937057495E-001
  -2.291000038385391E-001
  -2.029999941587448E-001
   2.940000034868717E-002
  -1.652999967336655E-001
   2.892000079154968E-001
   4.738999903202057E-001
  -4.162000119686127E-001
  -7.091000080108643E-001
  -7.688000202178955E-001
       -1.352100014686585
       -1.689299941062927
   4.147999882698059E-001
  -1.483999937772751E-001
  -2.039999961853027E-001
  -2.234999984502792E-001
   9.629999995231628E-001
        2.380300045013428
        2.848099946975708
        1.907400012016296
        1.791499972343445
   3.542999923229218E-001
        1.132799983024597
   1.840000003576279E-001
   8.192999958992004E-001
   3.300000131130219E-001
   9.873999953269959E-001
   2.885999977588654E-001
   9.035000205039978E-001
        1.052899956703186
        1.619699954986572
        1.098600029945374
   8.510000109672546E-001
  -8.720000088214874E-002
   2.545000016689301E-001
   1.471000015735626E-001
  -3.020000085234642E-002
  -6.199999898672104E-002
  -6.197000145912170E-001
  -3.503000140190125E-001
   7.310000061988831E-001
   5.119000077247620E-001
   2.558000087738037E-001
  -3.057999908924103E-001
   7.899999618530273E-003
  -6.693000197410584E-001
       -1.103999972343445
  -9.442999958992004E-001
   6.660000234842300E-002
  -1.429999992251396E-002
   2.444999963045120E-001
   7.172999978065491E-001
        1.242900013923645
        1.235200047492981
   7.702999711036682E-001
   7.702999711036682E-001
        1.102399945259094
  -3.680999875068665E-001
  -3.416999876499176E-001
       -1.073699951171875
  -8.120000362396240E-002
   3.979999944567680E-002
   5.066000223159790E-001
  -1.070000045001507E-002
   2.144999951124191E-001
        1.168799996376038
   6.747999787330627E-001
   2.795000076293945E-001
  -1.099999994039536E-003
  -5.882999897003174E-001
       -1.072000026702881
       -1.923300027847290
  -4.289999976754189E-002
   1.729000061750412E-001
   4.275000095367432E-001
  -4.686000049114227E-001
   6.499999761581421E-001
        1.774799942970276
        2.407799959182739
        2.460599899291992
   9.581000208854675E-001
        1.233800053596497
        1.208500027656555
   5.296999812126160E-001
        1.309100031852722
   7.569000124931335E-001
        1.584200024604797
   4.735000133514404E-001
        1.161800026893616
   5.925999879837036E-001
        1.482399940490723
   8.119000196456909E-001
   3.504000008106232E-001
  -2.246000021696091E-001
  -7.440999746322632E-001
   1.312000006437302E-001
   2.308000028133392E-001
   4.539999961853027E-001
  -2.552999854087830E-001
  -7.487999796867371E-001
   4.370000064373016E-001
   2.610000073909760E-001
   5.920000076293945E-001
   6.740999817848206E-001
  -6.194000244140625E-001
  -9.636999964714050E-001
       -1.205000042915344
       -1.023300051689148
  -5.160000175237656E-002
   2.720000036060810E-002
   8.959999680519104E-002
        1.052000045776367
   5.709999799728394E-001
   7.700999975204468E-001
   8.406999707221985E-001
   2.330999970436096E-001
   2.953999936580658E-001
   2.989999949932098E-002
  -5.026000142097473E-001
       -1.186599969863892
  -1.208999976515770E-001
  -2.240000069141388E-001
   3.219999969005585E-001
   5.978999733924866E-001
  -2.275000065565109E-001
  -3.262000083923340E-001
  -7.159999758005142E-002
  -1.703000068664551E-001
  -4.584000110626221E-001
       -1.185199975967407
  -5.252000093460083E-001
  -1.661999970674515E-001
  -5.389000177383423E-001
  -7.739999890327454E-002
   7.839999794960022E-001
   1.710000038146973E-001
   2.712999880313873E-001
        1.679999947547913
        1.924100041389465
        1.084900021553040
   3.271999955177307E-001
   7.330999970436096E-001
   9.354000091552734E-001
        1.429000020027161
        1.448500037193298
   4.796000123023987E-001
        1.175899982452393
   6.389999985694885E-001
   9.409999847412109E-001
        1.101600050926209
   5.394999980926514E-001
   3.418000042438507E-001
  -5.798000097274780E-001
  -3.249999880790710E-001
  -6.114000082015991E-001
   2.005999982357025E-001
   4.291999936103821E-001
   6.554999947547913E-001
   1.684000045061112E-001
   4.065999984741211E-001
   4.535000026226044E-001
   8.280000090599060E-002
   2.615000009536743E-001
   2.829999923706055E-001
  -3.334000110626221E-001
  -1.798000037670136E-001
  -1.588999927043915E-001
       -1.470000028610230
  -8.977000117301941E-001
  -2.879000008106232E-001
   1.368999928236008E-001
   7.782999873161316E-001
   8.032000064849854E-001
   5.834000110626221E-001
   5.400000140070915E-003
   9.136000275611877E-001
   2.237000018358231E-001
   4.509999975562096E-002
  -7.975000143051148E-001
       -1.054299950599670
  -3.458000123500824E-001
   2.011999934911728E-001
   3.862999975681305E-001
   1.406999975442886E-001
  -5.483000278472900E-001
  -9.337999820709229E-001
  -8.119999766349793E-001
  -2.413000017404556E-001
   1.470000017434359E-002
  -4.691999852657318E-001
  -6.924999952316284E-001
  -5.928999781608582E-001
  -1.852999925613403E-001
   1.397999972105026E-001
  -9.697999954223633E-001
  -4.941000044345856E-001
   6.490000337362289E-002
        1.157099962234497
        1.174900054931641
        1.068400025367737
   2.257000058889389E-001
  -2.378000020980835E-001
   8.378000259399414E-001
        1.203400015830994
   7.383000254631043E-001
        1.049999952316284
        1.163900017738342
   3.375000059604645E-001
        1.301599979400635
        1.656599998474121
   2.338999956846237E-001
   2.401999980211258E-001
  -4.814999997615814E-001
  -5.449000000953674E-001
  -5.776000022888184E-001
  -4.259999841451645E-002
   7.462999820709229E-001
        1.250100016593933
   1.097000017762184E-001
   1.088000014424324E-001
       -1.039700031280518
  -7.238000035285950E-001
  -6.980000138282776E-001
  -2.400000113993883E-003
   4.004000127315521E-001
  -1.920000091195107E-002
   1.900999993085861E-001
       -1.047600030899048
  -9.186999797821045E-001
  -8.837000131607056E-001
   8.850000053644180E-002
        1.179800033569336
   7.965999841690064E-001
   5.681999921798706E-001
   2.449999935925007E-002
  -3.167000114917755E-001
   1.248999983072281E-001
        1.041499972343445
   1.532000005245209E-001
  -5.787000060081482E-001
  -1.930000074207783E-002
  -4.377000033855438E-001
   4.447999894618988E-001
  -1.379999984055758E-002
   2.723000049591065E-001
  -4.619999974966049E-002
  -6.582999825477600E-001
  -7.585999965667725E-001
       -1.149799942970276
       -1.441599965095520
  -9.807999730110169E-001
       -1.534299969673157
  -5.964000225067139E-001
  -6.539999693632126E-002
  -6.449999809265137E-001
  -7.705000042915344E-001
   7.109999656677246E-002
   1.888999938964844E-001
   7.498000264167786E-001
        1.151600003242493
   8.817999958992004E-001
   2.870999872684479E-001
        1.204399943351746
   7.667000293731690E-001
   8.356999754905701E-001
        1.588899970054627
   9.132999777793884E-001
   2.356999963521957E-001
   5.004000067710877E-001
   5.457000136375427E-001
   5.547000169754028E-001
  -4.269999861717224E-001
  -4.108000099658966E-001
   8.700000122189522E-003
   3.643000125885010E-001
        1.623900055885315
   8.356000185012817E-001
   3.359999954700470E-001
  -3.391000032424927E-001
  -6.521999835968018E-001
  -4.196000099182129E-001
       -1.200899958610535
  -2.651999890804291E-001
   2.480999976396561E-001
   2.106000036001205E-001
   2.768999934196472E-001
  -1.001000031828880E-001
       -1.248399972915649
  -9.343000054359436E-001
   9.064999818801880E-001
   7.078999876976013E-001
        1.074800014495850
        1.273800015449524
   7.946000099182129E-001
   1.133999973535538E-001
  -2.851999998092651E-001
   2.502000033855438E-001
   7.739999890327454E-001
  -6.033999919891357E-001
  -2.019000053405762E-001
       -1.193500041961670
  -5.536000132560730E-001
   4.957999885082245E-001
  -3.616000115871429E-001
  -1.305000036954880E-001
   2.023999989032745E-001
  -1.185000017285347E-001
   5.619999766349793E-001
  -8.605999946594238E-001
  -6.880000233650208E-001
  -7.199999876320362E-003
  -8.493999838829041E-001
       -1.465299963951111
  -8.259999752044678E-001
  -5.570999979972839E-001
  -7.936999797821045E-001
  -6.789000034332275E-001
   2.711000144481659E-001
   6.786999702453613E-001
   2.010000050067902E-001
  -7.523000240325928E-001
  -4.490999877452850E-001
   1.627999991178513E-001
   8.414999842643738E-001
   6.991999745368958E-001
   6.158000230789185E-001
   4.404000043869019E-001
   8.110000193119049E-002
   6.155999898910523E-001
  -1.539999991655350E-002
   2.023999989032745E-001
  -1.098000034689903E-001
  -3.474000096321106E-001
   2.770000100135803E-001
   5.037999749183655E-001
   8.651000261306763E-001
        1.234699964523315
  -1.631000041961670E-001
  -8.417000174522400E-001
  -6.606000065803528E-001
       -1.070700049400330
       -1.977300047874451
       -1.273000001907349
  -5.927000045776367E-001
  -9.409999847412109E-002
   7.864000201225281E-001
  -6.733999848365784E-001
  -9.524999856948853E-001
  -6.348999738693237E-001
   5.816000103950501E-001
   6.462000012397766E-001
        1.026900053024292
        1.560500025749207
   2.994999885559082E-001
  -7.882999777793884E-001
  -6.701999902725220E-001
  -1.410000026226044E-001
  -5.232999920845032E-001
   2.099999925121665E-003
       -1.167099952697754
       -1.350900053977966
  -3.299999982118607E-003
   4.253999888896942E-001
   1.334999948740006E-001
   6.323000192642212E-001
   3.865999877452850E-001
   4.129999876022339E-001
   1.098999977111816E-001
  -4.194999933242798E-001
  -2.867000102996826E-001
  -6.079000234603882E-001
       -1.200000047683716
       -1.090199947357178
  -3.810999989509583E-001
  -5.160999894142151E-001
  -5.782999992370606E-001
  -2.669000029563904E-001
  -2.481999993324280E-001
   1.726000010967255E-001
   8.808000087738037E-001
  -3.177999854087830E-001
  -4.866999983787537E-001
   8.468000292778015E-001
   3.576999902725220E-001
  -9.200000204145908E-003
        1.253999948501587
   3.819000124931335E-001
   2.159000039100647E-001
   6.033999919891357E-001
   2.827999889850617E-001
   7.447999715805054E-001
   5.475999712944031E-001
  -2.854999899864197E-001
   8.799999952316284E-002
   6.718999743461609E-001
   6.399000287055969E-001
  -1.124000027775765E-001
  -6.452999711036682E-001
  -5.753999948501587E-001
  -5.565000176429749E-001
       -1.662299990653992
       -1.790300011634827
       -1.946499943733215
       -1.472699999809265
  -4.395999908447266E-001
  -8.669999837875366E-001
  -1.501999944448471E-001
  -2.412000000476837E-001
  -2.567999958992004E-001
   4.023000001907349E-001
   8.637999892234802E-001
   5.209000110626221E-001
   9.075999855995178E-001
   8.069000244140625E-001
  -1.339999958872795E-002
   2.899999916553497E-002
  -7.729999721050263E-002
   2.392999976873398E-001
  -4.433999955654144E-001
       -1.477599978446960
       -1.422500014305115
  -4.120999872684479E-001
   3.217000067234039E-001
        1.101199984550476
   6.008999943733215E-001
   8.116999864578247E-001
   4.715000092983246E-001
       -1.131999969482422
  -9.146999716758728E-001
  -1.913000047206879E-001
       -1.326699972152710
  -4.160000085830689E-001
  -8.443999886512756E-001
  -9.720000028610230E-001
       -1.816699981689453
       -1.124300003051758
  -6.485999822616577E-001
  -6.300000101327896E-002
  -9.934999942779541E-001
   3.488000035285950E-001
   3.025999963283539E-001
  -4.350999891757965E-001
   3.840000182390213E-002
   1.665000021457672E-001
   3.736999928951263E-001
   1.987999975681305E-001
   3.262999951839447E-001
   5.744000077247620E-001
   7.633000016212463E-001
   9.944999814033508E-001
   6.219000220298767E-001
        1.285300016403198
   6.356999874114990E-001
        1.012199997901917
   5.669999718666077E-001
   3.113999962806702E-001
  -2.109999954700470E-002
  -5.622000098228455E-001
  -7.225000262260437E-001
  -6.409000158309937E-001
       -1.319499969482422
       -1.335199952125549
       -1.973500013351440
       -2.215399980545044
       -1.527600049972534
       -1.101300001144409
  -5.385000109672546E-001
   2.838000059127808E-001
   1.932000070810318E-001
  -2.666999995708466E-001
   5.131000280380249E-001
   9.627000093460083E-001
   7.911000251770020E-001
   5.069000124931335E-001
   1.319999992847443E-001
  -2.782000005245209E-001
   1.333000063896179E-001
  -3.880000114440918E-002
   8.248999714851379E-001
  -6.699999794363976E-003
  -7.524999976158142E-001
  -3.154999911785126E-001
   7.311000227928162E-001
   7.347999811172485E-001
   8.195999860763550E-001
   7.052999734878540E-001
   2.027000039815903E-001
  -9.060000181198120E-001
  -8.321999907493591E-001
  -7.919999957084656E-002
   3.066000044345856E-001
  -1.508000046014786E-001
  -2.915000021457672E-001
  -6.291999816894531E-001
       -1.190500020980835
  -3.930999934673309E-001
  -5.267999768257141E-001
   4.399999976158142E-003
  -4.875000119209290E-001
   1.137999966740608E-001
   4.126000106334686E-001
   2.145999968051910E-001
   8.669999986886978E-002
  -2.393999993801117E-001
  -2.651999890804291E-001
   4.893000125885010E-001
   3.427999913692474E-001
   9.272999763488770E-001
        1.398499965667725
   6.647999882698059E-001
   6.413000226020813E-001
   8.810999989509583E-001
   7.904000282287598E-001
   5.838000178337097E-001
   4.814000129699707E-001
  -2.592000067234039E-001
   2.002999931573868E-001
   4.605000019073486E-001
  -7.159999758005142E-002
  -7.785999774932861E-001
       -1.512300014495850
       -2.266299962997437
       -2.467799901962280
       -1.314299941062927
       -1.449900031089783
       -1.747300028800964
  -1.772000044584274E-001
   3.847999870777130E-001
  -6.292999982833862E-001
   1.808000057935715E-001
   6.220999956130981E-001
   8.758999705314636E-001
   3.659999966621399E-001
   6.771000027656555E-001
   2.309000045061112E-001
   3.007000088691711E-001
   3.515999913215637E-001
   5.141999721527100E-001
        1.425600051879883
   2.727999985218048E-001
  -1.280999928712845E-001
  -1.713999956846237E-001
   3.862000107765198E-001
  -6.079999804496765E-001
   2.580000087618828E-002
   5.882999897003174E-001
   5.194000005722046E-001
  -7.869999855756760E-002
   1.328999996185303E-001
   8.665000200271606E-001
   9.638000130653381E-001
   3.986000120639801E-001
  -2.996000051498413E-001
  -6.261000037193298E-001
  -6.470999717712402E-001
  -8.190000057220459E-001
       -1.067299962043762
   1.351000070571899E-001
  -9.472000002861023E-001
   3.194999992847443E-001
   8.119000196456909E-001
   6.468999981880188E-001
   5.212000012397766E-001
        1.384999990463257
   4.860999882221222E-001
  -1.449999958276749E-001
  -1.870999932289124E-001
   9.373000264167786E-001
        1.672299981117249
   3.131000101566315E-001
   7.024000287055969E-001
   9.870000183582306E-002
   1.045999974012375E-001
   5.709999799728394E-001
   4.133000075817108E-001
   3.869999945163727E-001
   3.901999890804291E-001
  -6.243000030517578E-001
  -3.603000044822693E-001
       -1.181699991226196
       -1.363100051879883
       -1.603700041770935
       -1.283200025558472
       -1.357200026512146
       -1.425600051879883
       -1.351099967956543
       -1.100999951362610
   5.451999902725220E-001
        1.064900040626526
        1.147099971771240
        1.187299966812134
        1.171599984169006
        1.378399968147278
   5.525000095367432E-001
   2.709000110626221E-001
        1.693500041961670
        1.172199964523315
   9.280999898910523E-001
   5.167999863624573E-001
   5.130000039935112E-002
  -5.891000032424927E-001
  -3.109999932348728E-002
  -9.898999929428101E-001
       -1.338400006294251
  -7.416999936103821E-001
   4.733999967575073E-001
  -1.411000043153763E-001
   1.868000030517578E-001
   4.925000071525574E-001
   7.804999947547913E-001
        1.498600006103516
  -3.113999962806702E-001
  -2.190999984741211E-001
  -4.995999932289124E-001
  -5.076000094413757E-001
  -7.879999876022339E-001
       -1.222900032997131
  -2.782999873161316E-001
   9.399999678134918E-002
   8.073999881744385E-001
        1.309999942779541
   7.208999991416931E-001
   3.233000040054321E-001
        1.022899985313416
        1.383299946784973
  -6.500999927520752E-001
   2.330999970436096E-001
   2.955999970436096E-001
   3.986999988555908E-001
   3.481999933719635E-001
   4.277999997138977E-001
  -4.715999960899353E-001
   6.628999710083008E-001
        1.251099944114685
        1.168499946594238
   2.816999852657318E-001
  -1.004000008106232E-001
  -5.892999768257141E-001
  -9.902999997138977E-001
  -5.630999803543091E-001
  -7.968999743461609E-001
       -1.633200049400330
       -1.516399979591370
       -1.562399983406067
       -1.457499980926514
       -1.307100057601929
  -7.518000006675720E-001
   7.580000162124634E-002
        1.383900046348572
   3.127000033855438E-001
   3.777999877929688E-001
        1.710000038146973
        1.304499983787537
        1.392600059509277
        1.458999991416931
        1.642899990081787
        1.594300031661987
   9.599999785423279E-001
   3.343000113964081E-001
  -5.379999876022339E-001
  -8.608999848365784E-001
       -1.109899997711182
  -7.429999709129334E-001
  -6.769000291824341E-001
  -2.906000018119812E-001
  -1.941999942064285E-001
  -2.349999994039536E-001
   6.424999833106995E-001
        1.167500019073486
        1.290500044822693
        1.261700034141541
   9.799999743700028E-002
  -3.940000012516975E-002
   1.105000004172325E-001
  -7.609000205993652E-001
  -8.532000184059143E-001
  -5.318999886512756E-001
   1.962999999523163E-001
   3.851000070571899E-001
   7.372000217437744E-001
   7.035999894142151E-001
        1.575299978256226
        1.012099981307983
        1.108700037002564
   4.927999973297119E-001
  -3.977999985218048E-001
  -2.303999960422516E-001
   1.206000000238419E-001
  -5.440000072121620E-002
  -4.013000130653381E-001
   1.861000061035156E-001
   3.650999963283539E-001
   5.983999967575073E-001
        1.056499958038330
   8.748999834060669E-001
        1.036999940872192
   1.979999989271164E-001
  -8.740000128746033E-001
  -5.688999891281128E-001
  -3.246000111103058E-001
       -1.251700043678284
       -1.965999960899353
  -9.280999898910523E-001
       -1.133399963378906
       -1.457900047302246
       -1.837700009346008
       -1.535300016403198
  -9.275000095367432E-001
  -1.949000060558319E-001
  -1.062999963760376E-001
   4.672000110149384E-001
        1.305899977684021
        2.198100090026856
        1.703899979591370
        1.616999983787537
        1.238399982452393
   7.922000288963318E-001
   7.045999765396118E-001
  -1.545999944210053E-001
  -3.851999938488007E-001
       -1.057899951934815
       -1.534600019454956
       -1.214200019836426
  -5.864999890327454E-001
   6.970000267028809E-002
  -1.808999925851822E-001
  -5.167999863624573E-001
   4.975000023841858E-001
        1.281999945640564
        1.393900036811829
   8.428999781608582E-001
   6.872000098228455E-001
  -1.509000062942505E-001
  -5.869999900460243E-002
  -6.503000259399414E-001
  -8.461999893188477E-001
  -7.048000097274780E-001
  -3.206999897956848E-001
  -5.648000240325928E-001
  -4.406999945640564E-001
   3.579999879002571E-002
   4.607999920845032E-001
   9.552999734878540E-001
   9.081000089645386E-001
   9.333000183105469E-001
   5.472999811172485E-001
  -1.846999973058701E-001
   5.407999753952026E-001
  -1.284999996423721E-001
  -2.286999970674515E-001
  -7.580000162124634E-002
  -3.578999936580658E-001
  -8.240000158548355E-002
   5.346999764442444E-001
   8.396000266075134E-001
   4.740999937057495E-001
   7.746000289916992E-001
  -2.874999940395355E-001
  -1.406999975442886E-001
   2.881999909877777E-001
  -4.199999868869782E-001
  -8.611999750137329E-001
  -4.268000125885010E-001
       -1.501199960708618
       -1.538300037384033
       -1.795600056648254
       -1.856899976730347
       -1.014199972152710
   1.539999991655350E-002
  -8.016999959945679E-001
  -4.963000118732452E-001
        1.148499965667725
        1.599900007247925
        2.518599987030029
        1.990100026130676
        1.634699940681458
   6.327999830245972E-001
   2.578000128269196E-001
   1.990000009536743E-001
  -1.528999954462051E-001
  -8.575000166893005E-001
       -1.399099946022034
       -1.310799956321716
  -1.781000047922134E-001
  -2.485000044107437E-001
   4.467999935150147E-001
   6.956999897956848E-001
        1.263299942016602
        2.289900064468384
        2.431600093841553
        1.508100032806397
   7.287999987602234E-001
  -9.910000115633011E-002
  -1.099999994039536E-003
   1.238000020384789E-001
  -3.346999883651733E-001
  -9.886000156402588E-001
  -9.822999835014343E-001
  -7.505999803543091E-001
       -1.324399948120117
  -7.487000226974487E-001
   3.750000000000000E-001
   2.581000030040741E-001
   7.189000248908997E-001
   4.088000059127808E-001
   7.720000147819519E-001
   6.712999939918518E-001
   5.002999901771545E-001
  -4.419000148773193E-001
  -4.835000038146973E-001
  -6.220999956130981E-001
  -6.366999745368958E-001
   2.005999982357025E-001
   9.714999794960022E-001
        1.032899975776672
        1.371099948883057
   5.548999905586243E-001
  -2.360000088810921E-002
   1.380999982357025E-001
   8.339999914169312E-001
   5.066999793052673E-001
  -2.565000057220459E-001
  -3.876000046730042E-001
  -6.617000102996826E-001
  -1.424999982118607E-001
       -1.129299998283386
  -3.046000003814697E-001
  -3.889000117778778E-001
  -4.501000046730042E-001
       -1.174399971961975
  -1.968999952077866E-001
   3.626999855041504E-001
        1.168499946594238
        1.534000039100647
        1.050899982452393
   5.264000296592712E-001
   5.521000027656555E-001
   8.212000131607056E-001
   4.154999852180481E-001
  -7.146000266075134E-001
       -1.792400002479553
       -1.477300047874451
       -1.059499979019165
  -1.199000030755997E-001
   6.194000244140625E-001
   3.700000047683716E-001
   5.238000154495239E-001
        1.163400053977966
   8.671000003814697E-001
        1.051900029182434
   3.660000115633011E-002
   9.046000242233276E-001
   6.401000022888184E-001
   7.411999702453613E-001
  -2.128999978303909E-001
  -2.515999972820282E-001
  -8.012999892234802E-001
  -4.499000012874603E-001
  -1.468999981880188E-001
  -2.437999993562698E-001
   3.682999908924103E-001
   5.540999770164490E-001
   5.530000105500221E-002
   7.270000129938126E-002
   1.476999968290329E-001
   2.251999974250794E-001
   1.588000059127808E-001
   1.001999974250794E-001
  -1.656000018119812E-001
  -7.975000143051148E-001
   1.769999973475933E-002
  -5.049999952316284E-001
   5.640000104904175E-002
   5.605999827384949E-001
   9.171000123023987E-001
        1.055899977684021
  -3.436999917030335E-001
   8.529999852180481E-002
   5.974000096321106E-001
   3.054000139236450E-001
  -7.746999859809876E-001
  -2.930000126361847E-001
       -1.221600055694580
       -1.352900028228760
       -1.243399977684021
  -8.167999982833862E-001
  -5.856000185012817E-001
  -4.363000094890595E-001
  -4.063000082969666E-001
  -5.142999887466431E-001
       -1.152699947357178
  -9.592000246047974E-001
  -2.184000015258789E-001
   8.036000132560730E-001
   7.193999886512756E-001
   8.889999985694885E-002
   3.377999961376190E-001
        1.132099986076355
  -5.688999891281128E-001
       -1.136999964714050
  -7.246999740600586E-001
  -6.909999996423721E-002
  -1.403000056743622E-001
  -2.937999963760376E-001
   1.900999993085861E-001
   4.876999855041504E-001
   3.867000043392181E-001
   3.689999878406525E-001
   3.345000147819519E-001
   9.315000176429749E-001
   5.300999879837036E-001
   5.462999939918518E-001
   3.896000087261200E-001
   3.422999978065491E-001
  -4.683000147342682E-001
  -3.377000093460083E-001
  -4.805000126361847E-001
  -2.518999874591827E-001
  -8.640999794006348E-001
   8.398000001907349E-001
  -2.879999950528145E-002
   3.072000145912170E-001
   3.474999964237213E-001
   1.530000008642674E-002
   3.458000123500824E-001
  -1.658000051975250E-001
   1.720999926328659E-001
   3.240000084042549E-002
  -4.873000085353851E-001
  -6.243000030517578E-001
  -6.186000108718872E-001
  -1.890999972820282E-001
  -3.278000056743622E-001
   8.460000157356262E-001
        1.059000015258789
   7.960000038146973E-001
  -4.131999909877777E-001
   2.518999874591827E-001
  -6.737999916076660E-001
   4.911000132560730E-001
  -7.178999781608582E-001
       -1.147199988365173
       -1.083999991416931
       -2.024600028991699
       -1.360700011253357
  -5.604000091552734E-001
  -5.338000059127808E-001
  -4.900999963283539E-001
  -5.306000113487244E-001
       -1.195000052452087
       -1.380599975585938
       -1.838500022888184
  -4.077999889850617E-001
       -1.052999973297119
  -1.634999960660934E-001
  -2.108000069856644E-001
  -8.420000076293945E-001
  -8.162999749183655E-001
  -3.316000103950501E-001
  -8.716999888420105E-001
  -5.062000155448914E-001
  -2.213999927043915E-001
  -1.914000064134598E-001
  -2.196999937295914E-001
   8.093000054359436E-001
   7.886000275611877E-001
        1.485200047492981
   4.291999936103821E-001
        1.000100016593933
   8.025000095367432E-001
  -3.089999966323376E-002
   1.238999962806702E-001
  -2.094999998807907E-001
  -5.582000017166138E-001
       -1.818300008773804
       -1.266999959945679
       -1.246600031852722
       -1.332100033760071
       -1.083699941635132
  -1.970999985933304E-001
  -4.981999993324280E-001
  -6.440000236034393E-002
   1.339999958872795E-002
  -6.399999856948853E-001
  -6.118000149726868E-001
   2.998999953269959E-001
  -3.774000108242035E-001
  -7.360000163316727E-002
  -4.675000011920929E-001
  -2.047999948263168E-001
   9.359999746084213E-002
   1.799999922513962E-002
   3.470000028610230E-001
  -8.510000258684158E-002
   4.045999944210053E-001
  -4.458999931812286E-001
  -5.436000227928162E-001
  -6.707999706268311E-001
  -3.697000145912170E-001
  -9.417999982833862E-001
  -8.622999787330627E-001
       -1.254299998283386
       -1.061900019645691
  -2.210000008344650E-001
       -1.049600005149841
   4.300000146031380E-003
   4.476000070571899E-001
  -1.284999996423721E-001
  -5.284000039100647E-001
       -1.154099941253662
       -1.412400007247925
       -1.879299998283386
       -1.683500051498413
  -7.276999950408936E-001
  -8.156999945640564E-001
  -7.088000178337097E-001
  -4.607000052928925E-001
  -9.003000259399414E-001
   1.000000047497451E-003
       -1.602800011634827
  -4.693999886512756E-001
  -2.529999911785126E-001
        1.252900004386902
   5.429000258445740E-001
  -1.893000006675720E-001
   4.560999870300293E-001
        1.421900033950806
        1.108500003814697
        1.314800024032593
   3.375000059604645E-001
  -9.225999712944031E-001
  -8.727999925613403E-001
       -1.414000034332275
       -1.334599971771240
       -1.557199954986572
       -1.039700031280518
       -1.134199976921082
       -1.900599956512451
  -7.954999804496765E-001
  -7.930000126361847E-002
  -8.452000021934509E-001
  -9.009000062942505E-001
  -7.868999838829041E-001
  -8.489000201225281E-001
       -1.276800036430359
  -5.285000205039978E-001
  -8.381000161170960E-001
  -2.239000052213669E-001
  -4.803999960422516E-001
   2.707000076770783E-001
  -1.599999959580600E-003
   4.248000085353851E-001
   5.947999954223633E-001
  -5.350999832153320E-001
   2.694999873638153E-001
   1.088000014424324E-001
   5.044000148773193E-001
  -7.125999927520752E-001
  -4.101999998092651E-001
  -6.334999799728394E-001
  -7.526999711990356E-001
  -9.046999812126160E-001
  -5.350000038743019E-002
   2.346999943256378E-001
   3.887000083923340E-001
   1.473000049591065E-001
   5.972999930381775E-001
   4.369999840855598E-002
   5.475000143051148E-001
  -9.828000068664551E-001
       -1.504199981689453
  -7.850000262260437E-002
  -3.000999987125397E-001
   1.233000010251999E-001
   2.108000069856644E-001
  -7.129999995231628E-002
  -5.825999975204468E-001
  -5.817999839782715E-001
  -5.554999709129334E-001
       -1.791000008583069
  -3.743999898433685E-001
  -4.693999886512756E-001
   2.181999981403351E-001
   3.716999888420105E-001
   9.290000200271606E-001
   1.733999997377396E-001
   6.252999901771545E-001
        1.604200005531311
        1.729200005531311
        1.133599996566773
       -1.511399984359741
       -1.135900020599365
  -9.876999855041504E-001
       -1.200600028038025
       -1.533699989318848
       -1.554499983787537
       -1.398000001907349
       -1.694900035858154
       -1.216099977493286
  -3.456000089645386E-001
  -9.670000076293945E-001
  -2.038999944925308E-001
  -8.730000257492065E-002
       -1.030200004577637
       -1.221500039100647
       -1.711400032043457
       -1.060299992561340
  -4.178999960422516E-001
  -8.260999917984009E-001
  -6.377000212669373E-001
  -7.714999914169312E-001
   1.632000058889389E-001
  -4.404999911785126E-001
  -7.781999707221985E-001
   8.429999649524689E-002
   3.300999999046326E-001
   8.127999901771545E-001
   3.319999948143959E-002
   5.245000123977661E-001
  -7.680000364780426E-002
  -4.309999942779541E-002
  -3.628000020980835E-001
  -2.639000117778778E-001
   5.386999845504761E-001
        1.115599989891052
        1.109099984169006
   6.944000124931335E-001
   2.393999993801117E-001
   4.711000025272369E-001
  -6.850000023841858E-001
  -9.071999788284302E-001
  -1.679999940097332E-002
   2.161999940872192E-001
  -1.475999951362610E-001
  -1.431999951601028E-001
  -3.007999956607819E-001
       -1.169899940490723
  -5.530000105500221E-002
       -1.472200036048889
       -1.513700008392334
  -8.828999996185303E-001
  -7.732999920845032E-001
  -2.451000064611435E-001
   5.935999751091003E-001
   3.914000093936920E-001
   4.959999918937683E-001
   1.775999963283539E-001
   1.758999973535538E-001
        1.080100059509277
  -5.246999859809876E-001
       -1.658400058746338
       -2.025799989700317
       -1.194200038909912
       -1.065600037574768
  -8.628000020980835E-001
  -8.398000001907349E-001
  -8.565999865531921E-001
       -1.387300014495850
       -1.737599968910217
  -8.399000167846680E-001
  -1.084000021219254E-001
   9.649000167846680E-001
   7.391999959945679E-001
  -1.925999969244003E-001
       -1.435099959373474
       -1.371199965476990
  -4.787999987602234E-001
       -1.012599945068359
       -1.680899977684021
  -7.035999894142151E-001
       -1.157899975776672
  -9.707000255584717E-001
  -4.999000132083893E-001
  -7.777000069618225E-001
   7.484999895095825E-001
   1.111000031232834E-001
   7.315999865531921E-001
        1.131199955940247
   4.934999942779541E-001
  -1.941000074148178E-001
  -2.544000148773193E-001
  -5.267999768257141E-001
  -1.171000003814697E-001
   3.903999924659729E-001
        1.011299967765808
        1.112699985504150
        1.400599956512451
   8.452000021934509E-001
   9.527999758720398E-001
   6.529999971389771E-001
   3.445999920368195E-001
   9.420999884605408E-001
        1.133000016212463
   9.455999732017517E-001
   5.871000289916992E-001
  -1.324000060558319E-001
       -1.426800012588501
  -4.347000122070313E-001
  -5.742999911308289E-001
  -8.086000084877014E-001
  -8.669999837875366E-001
  -6.657999753952026E-001
   4.234000146389008E-001
   2.822999954223633E-001
  -3.075999915599823E-001
   4.384000003337860E-001
  -2.124000042676926E-001
   6.500000134110451E-003
   2.293999940156937E-001
       -1.240700006484985
       -1.663400053977966
       -2.289299964904785
       -1.156200051307678
  -5.070000290870667E-001
   7.859999686479569E-002
  -9.787999987602234E-001
       -1.189399957656860
       -1.706300020217896
       -2.212500095367432
       -1.035899996757507
  -1.070000007748604E-001
   9.653999805450440E-001
   2.957000136375427E-001
  -2.353000044822693E-001
       -1.511500000953674
       -2.150199890136719
  -5.963000059127808E-001
  -6.536999940872192E-001
       -1.035799980163574
  -7.979000210762024E-001
       -1.643800020217896
       -1.424800038337708
  -7.487000226974487E-001
   6.398000121116638E-001
   8.848000168800354E-001
   3.939000070095062E-001
   9.277999997138977E-001
   6.402000188827515E-001
        1.085500001907349
   3.316999971866608E-001
   5.400000140070915E-003
   5.241000056266785E-001
  -3.808000087738037E-001
  -4.966999888420105E-001
   4.327000081539154E-001
        1.409700036048889
   9.660999774932861E-001
        1.158499956130981
        1.741500020027161
   8.036000132560730E-001
   4.444000124931335E-001
   8.108000159263611E-001
        1.433400034904480
        1.118100047111511
        1.242699980735779
   4.408999979496002E-001
  -5.127000212669373E-001
  -6.790000200271606E-002
  -1.500000059604645E-001
   2.397000044584274E-001
  -1.230000033974648E-001
   2.969999983906746E-002
   4.787000119686127E-001
        1.163699984550476
   9.729999899864197E-001
   1.230999976396561E-001
   3.057999908924103E-001
   6.830999851226807E-001
   5.680999755859375E-001
   2.169000059366226E-001
  -5.996999740600586E-001
  -4.654999971389771E-001
   2.834999859333038E-001
  -4.562000036239624E-001
   9.019999951124191E-002
  -6.272000074386597E-001
  -5.504000186920166E-001
       -1.210100054740906
       -1.702800035476685
  -1.880999952554703E-001
   9.950000047683716E-002
   6.140000224113464E-001
   5.194000005722046E-001
  -8.424999713897705E-001
       -1.674200057983398
       -2.378099918365479
       -1.849499940872192
       -2.187799930572510
       -1.720199942588806
       -1.500800013542175
       -1.714499950408936
       -1.431100010871887
  -4.433999955654144E-001
        1.168799996376038
   8.579000234603882E-001
        1.090299963951111
        1.764600038528442
   9.951000213623047E-001
   4.677999913692474E-001
   5.924999713897705E-001
   8.049999922513962E-002
  -7.279000282287598E-001
   3.339999914169312E-002
   8.630000054836273E-002
        1.037500023841858
        1.341099977493286
        1.155300021171570
        1.374500036239624
        1.452499985694885
   9.707999825477600E-001
   5.947999954223633E-001
   3.544999957084656E-001
   4.063000082969666E-001
        1.345100045204163
  -1.298000067472458E-001
  -1.564999967813492E-001
  -8.967999815940857E-001
   2.117000073194504E-001
        1.164899945259094
   8.780999779701233E-001
   4.999999888241291E-003
  -1.685999929904938E-001
   3.849999979138374E-002
   1.801999956369400E-001
   5.019999742507935E-001
   9.973000288009644E-001
   2.851999998092651E-001
   3.258000016212463E-001
   5.871999859809876E-001
   6.223000288009644E-001
   1.805000007152557E-001
  -5.681999921798706E-001
   8.200000040233135E-003
  -6.719999760389328E-002
  -5.138999819755554E-001
   4.630000144243240E-002
  -4.779999852180481E-001
  -1.825000047683716E-001
   4.988000094890595E-001
  -2.064999938011169E-001
   1.000000047497451E-003
   1.485999971628189E-001
  -7.534999847412109E-001
       -1.009600043296814
       -1.740200042724609
       -2.223000049591065
       -1.430699944496155
       -2.082000017166138
       -1.666399955749512
       -1.775599956512451
       -1.258000016212463
  -4.891000092029572E-001
   3.709999918937683E-001
   3.048000037670136E-001
  -2.004999965429306E-001
   9.843999743461609E-001
   7.411999702453613E-001
   6.963000297546387E-001
   1.309999972581863E-001
  -2.001000046730042E-001
  -1.155000030994415E-001
  -2.064000070095062E-001
  -4.402999877929688E-001
  -6.589999794960022E-002
   7.210000157356262E-001
        1.547899961471558
        1.436800003051758
        1.787999987602234
        1.412700057029724
        1.355000019073486
   6.036000251770020E-001
   8.206999897956848E-001
   9.664000272750855E-001
   1.788000017404556E-001
   3.210999965667725E-001
   1.059999968856573E-002
  -3.434000015258789E-001
   3.705999851226807E-001
        2.030299901962280
   5.239999890327454E-001
   5.000000074505806E-002
   3.009999990463257E-001
  -4.419000148773193E-001
   7.814000248908997E-001
   6.493999958038330E-001
        1.297600030899048
   9.753999710083008E-001
   7.882000207901001E-001
   6.381000280380249E-001
   5.422000288963318E-001
   9.891999959945679E-001
   7.796999812126160E-001
  -4.413000047206879E-001
  -4.575999975204468E-001
   2.583999931812286E-001
        1.173200011253357
  -2.542999982833862E-001
   2.594000101089478E-001
   3.300999999046326E-001
   3.684000074863434E-001
  -1.865999996662140E-001
  -2.979999966919422E-002
       -1.053500056266785
       -1.197900056838989
       -1.417099952697754
       -1.018599987030029
  -4.674000144004822E-001
  -7.560999989509583E-001
       -1.436499953269959
  -9.239000082015991E-001
  -6.105999946594238E-001
  -2.777000069618225E-001
   3.999999910593033E-002
  -1.176000013947487E-001
  -1.981000006198883E-001
  -6.977999806404114E-001
   1.015999987721443E-001
  -2.278999984264374E-001
  -3.391999900341034E-001
   3.750000149011612E-002
  -6.973999738693237E-001
   2.300000051036477E-003
  -3.007000088691711E-001
       -1.010499954223633
   3.903999924659729E-001
   5.594999790191650E-001
        1.631899952888489
        1.163100004196167
   7.953000068664551E-001
   4.404999911785126E-001
        1.150500059127808
   7.689999938011169E-001
   3.799999877810478E-002
  -1.660999953746796E-001
   7.200999855995178E-001
   8.467000126838684E-001
   1.191999986767769E-001
  -2.522999942302704E-001
   9.668999910354614E-001
   3.355999886989594E-001
   4.876999855041504E-001
   4.751000106334686E-001
   6.499999761581421E-001
        1.013299942016602
   5.174000263214111E-001
   9.840000271797180E-001
        1.024700045585632
        1.180400013923645
   7.810000181198120E-001
   7.720000147819519E-001
   9.981999993324280E-001
  -8.299999684095383E-002
       -1.259199976921082
       -1.184399962425232
  -1.538999974727631E-001
        1.015400052070618
  -8.439999818801880E-002
  -2.603999972343445E-001
   1.587000042200089E-001
  -7.358999848365784E-001
  -7.142999768257141E-001
  -6.916999816894531E-001
  -4.960000142455101E-002
  -9.887999892234802E-001
       -1.828400015830994
   3.458999991416931E-001
        1.660799980163574
   8.830000162124634E-001
   4.630999863147736E-001
  -6.313999891281128E-001
       -1.265699982643127
  -1.204999983310700E-001
   2.860000133514404E-001
  -2.620000019669533E-002
  -6.299999952316284E-001
       -1.320799946784973
  -2.484000027179718E-001
  -1.567000001668930E-001
  -5.771999955177307E-001
  -1.749999970197678E-001
  -3.655000030994415E-001
  -1.569999940693378E-002
  -5.816000103950501E-001
   9.100000374019146E-003
   6.582000255584717E-001
   4.250999987125397E-001
        1.224099993705750
   7.135999798774719E-001
   4.738999903202057E-001
        1.090800046920776
   5.444999933242798E-001
   4.336999952793121E-001
  -4.634000062942505E-001
  -7.899999618530273E-003
   2.506999969482422E-001
   7.987999916076660E-001
        1.074399948120117
   5.400000214576721E-001
   5.446000099182129E-001
   6.510000228881836E-001
   6.441000103950501E-001
   4.113999903202057E-001
   8.959999680519104E-002
   2.976000010967255E-001
   8.797000050544739E-001
        1.111400008201599
   8.927000164985657E-001
   7.706000208854675E-001
   7.939000129699707E-001
  -1.852999925613403E-001
   1.762000024318695E-001
   5.189999938011169E-002
       -1.261999964714050
       -1.069100022315979
  -4.945999979972839E-001
  -1.480000000447035E-002
   3.186999857425690E-001
   1.600000075995922E-002
   9.096999764442444E-001
  -6.179999932646751E-002
   4.499999806284905E-003
  -1.239999979734421E-001
  -5.648000240325928E-001
  -8.361999988555908E-001
       -1.462700009346008
        1.108199954032898
        1.086699962615967
        2.002000093460083
   5.206000208854675E-001
  -5.296000242233276E-001
       -1.051599979400635
  -5.155000090599060E-001
  -1.659999974071980E-002
  -6.915000081062317E-001
       -1.307999968528748
       -1.971400022506714
       -1.325500011444092
  -4.151999950408936E-001
  -4.936000108718872E-001
  -5.662999749183655E-001
  -3.585000038146973E-001
       -1.223999977111816
  -4.587000012397766E-001
  -5.781000256538391E-001
   5.590000152587891E-001
   1.266999989748001E-001
  -2.249999940395355E-001
   1.806000024080277E-001
  -1.518000066280365E-001
  -2.700000070035458E-002
   3.901999890804291E-001
  -2.639000117778778E-001
  -4.851999878883362E-001
   6.790999770164490E-001
   2.256000041961670E-001
   3.984000086784363E-001
        1.435700058937073
   8.432999849319458E-001
        1.047899961471558
   3.641000092029572E-001
  -1.972000002861023E-001
   2.439000010490418E-001
   3.668999969959259E-001
   5.314999818801880E-001
   3.522999882698059E-001
   1.783999949693680E-001
   7.149000167846680E-001
   2.748000025749207E-001
  -1.618999987840653E-001
  -8.370000123977661E-002
  -6.747000217437744E-001
       -1.511500000953674
       -1.224799990653992
       -1.509899973869324
  -8.183000087738037E-001
  -8.223000168800354E-001
  -2.610999941825867E-001
   5.296000242233276E-001
        1.686100006103516
   3.632000088691711E-001
  -5.464000105857849E-001
   3.865000009536743E-001
  -4.318000078201294E-001
       -1.505699992179871
       -1.187100052833557
        1.476899981498718
        1.542799949645996
        1.133200049400330
   1.195999979972839E-001
   1.380999982357025E-001
  -9.391000270843506E-001
  -7.572000026702881E-001
  -2.164999991655350E-001
  -1.412000060081482E-001
       -1.079900026321411
       -2.058099985122681
  -9.692999720573425E-001
       -1.743100047111511
  -8.210999965667725E-001
       -1.000399947166443
  -7.954999804496765E-001
  -5.810999870300293E-001
       -1.101199984550476
  -9.359999895095825E-001
   1.274999976158142E-001
   7.078999876976013E-001
   4.959999918937683E-001
   5.770000070333481E-002
  -7.779999822378159E-002
  -3.086999952793121E-001
  -1.109999977052212E-002
   2.769999951124191E-002
  -3.309000134468079E-001
   3.709999844431877E-002
   2.240000069141388E-001
   7.299000024795532E-001
   7.100999951362610E-001
   5.371999740600586E-001
   6.485000252723694E-001
   3.738999962806702E-001
  -2.711000144481659E-001
  -2.488999962806702E-001
  -6.611999869346619E-001
   3.158000111579895E-001
   2.440000027418137E-001
   3.718999922275543E-001
   8.888999819755554E-001
  -3.000000026077032E-003
  -8.903999924659729E-001
  -9.587000012397766E-001
  -9.358000159263611E-001
  -6.352999806404114E-001
  -6.577000021934509E-001
  -9.824000000953674E-001
  -2.513999938964844E-001
  -9.017999768257141E-001
       -1.195500016212463
       -1.049900054931641
   7.732999920845032E-001
  -4.291000068187714E-001
  -3.772000074386597E-001
   1.680999994277954E-001
  -3.655000030994415E-001
  -8.263000249862671E-001
  -5.479000210762024E-001
        1.726300001144409
        1.170300006866455
        1.300600051879883
   9.553999900817871E-001
   2.439000010490418E-001
   1.278000026941299E-001
  -5.622000098228455E-001
  -7.732999920845032E-001
  -9.161000251770020E-001
  -3.251999914646149E-001
  -9.142000079154968E-001
       -1.234899997711182
       -1.322100043296814
  -7.344999909400940E-001
  -8.159000277519226E-001
  -1.631000041961670E-001
  -4.016000032424927E-001
       -1.071400046348572
  -8.838999867439270E-001
   7.869999855756760E-002
   3.980000019073486E-001
  -4.672000110149384E-001
  -4.230000078678131E-001
  -2.919999957084656E-001
  -5.882999897003174E-001
  -1.679999940097332E-002
  -4.530999958515167E-001
  -3.287000060081482E-001
  -1.454000025987625E-001
   7.380999922752380E-001
   8.148999810218811E-001
   9.889999777078629E-002
   1.533000022172928E-001
   5.317000150680542E-001
   2.460999935865402E-001
   3.504000008106232E-001
  -6.989999860525131E-002
   2.775999903678894E-001
   9.052000045776367E-001
   5.507000088691711E-001
   7.296000123023987E-001
   9.040000289678574E-002
  -2.248000055551529E-001
  -8.256000280380249E-001
       -1.429600000381470
  -7.761999964714050E-001
  -2.202000021934509E-001
  -3.869000077247620E-001
       -1.617499947547913
       -1.664600014686585
       -1.264899969100952
  -4.241000115871429E-001
   1.491000056266785E-001
   1.451999992132187E-001
  -4.097999930381775E-001
  -6.689000129699707E-001
  -4.282000064849854E-001
   5.188999772071838E-001
  -4.756000041961670E-001
  -3.488000035285950E-001
        1.737499952316284
        1.281800031661987
        1.611199975013733
        1.696099996566773
   9.836999773979187E-001
   1.363999992609024E-001
   1.484999954700470E-001
  -9.083999991416931E-001
  -8.776000142097473E-001
  -4.424999952316284E-001
  -6.547999978065491E-001
  -6.783999800682068E-001
  -3.763999938964844E-001
  -5.856999754905701E-001
  -3.226000070571899E-001
  -9.332000017166138E-001
  -6.669999659061432E-002
       -1.271700024604797
       -1.056399941444397
  -3.725999891757965E-001
  -2.655999958515167E-001
  -2.761000096797943E-001
       -1.113299965858460
  -9.714999794960022E-001
  -9.666000008583069E-001
  -7.689999788999558E-002
  -6.862999796867371E-001
   1.039000004529953E-001
  -1.440999954938889E-001
   9.172000288963318E-001
   5.867000222206116E-001
  -5.340999960899353E-001
       -1.110800027847290
  -2.009000033140183E-001
   1.660999953746796E-001
  -3.345000147819519E-001
   5.259000062942505E-001
  -4.171000123023987E-001
   1.036999970674515E-001
  -4.072999954223633E-001
   5.116999745368958E-001
   1.982000023126602E-001
  -4.235999882221222E-001
       -1.651900053024292
  -3.655000030994415E-001
  -6.532999873161316E-001
  -6.700999736785889E-001
  -6.593999862670898E-001
       -1.343600034713745
       -2.037199974060059
       -1.213299989700317
  -5.636000037193298E-001
  -6.306999921798706E-001
  -5.188000202178955E-001
  -9.447000026702881E-001
  -2.705000042915344E-001
   6.560000181198120E-001
        1.352200031280518
   5.206000208854675E-001
  -1.673000007867813E-001
        1.717599987983704
        2.308399915695190
        2.349800109863281
        1.688899993896484
        1.311499953269959
   7.940999865531921E-001
   5.148000121116638E-001
  -2.400000113993883E-003
        1.373100042343140
   1.328999996185303E-001
   2.143000066280365E-001
   4.300000146031380E-003
  -4.106000065803528E-001
  -4.909000098705292E-001
  -3.625000119209290E-001
  -2.205000072717667E-001
  -1.132000014185906E-001
   3.629999980330467E-002
  -5.633000135421753E-001
  -7.257000207901001E-001
       -1.259500026702881
  -7.233999967575073E-001
  -9.652000069618225E-001
  -8.798000216484070E-001
  -2.850000001490116E-002
   5.845000147819519E-001
   1.669999957084656E-001
   5.299999713897705E-001
        1.185099959373474
   9.793999791145325E-001
   3.898999989032745E-001
   2.063000053167343E-001
  -5.787000060081482E-001
  -6.510000228881836E-001
   7.146000266075134E-001
   8.507999777793884E-001
  -5.499999970197678E-002
  -2.885000109672546E-001
   4.289999976754189E-002
  -8.183000087738037E-001
   1.381999999284744E-001
  -1.812999993562698E-001
  -4.902999997138977E-001
       -1.175899982452393
  -7.580000162124634E-002
  -1.299999952316284E-001
  -6.320000290870667E-001
       -1.435799956321716
       -1.116799950599670
       -1.690500020980835
  -8.560000061988831E-001
       -1.133200049400330
       -1.175500035285950
  -7.620999813079834E-001
  -6.000999808311462E-001
  -6.509999930858612E-002
   2.549999952316284E-002
   2.768000066280365E-001
  -6.636000275611877E-001
  -8.109999895095825E-001
        1.363100051879883
        2.015100002288818
        2.567399978637695
        2.074700117111206
        1.706799983978272
   8.583999872207642E-001
   5.385000109672546E-001
   3.982999920845032E-001
        1.316799998283386
   7.402999997138977E-001
   6.407999992370606E-001
  -2.590999901294708E-001
   7.980000227689743E-002
   4.207000136375427E-001
  -3.510000109672546E-001
  -3.689000010490418E-001
       -1.139700055122376
  -8.439999818801880E-001
  -2.910999953746796E-001
  -5.546000003814697E-001
  -8.450000286102295E-001
  -4.054000079631805E-001
       -1.035400032997131
   5.040000006556511E-002
   4.119000136852264E-001
        1.025300025939941
   6.632999777793884E-001
   7.832000255584717E-001
        1.140900015830994
   5.170000195503235E-001
        1.352100014686585
   5.511999726295471E-001
  -3.693000078201294E-001
  -5.593000054359436E-001
   6.840000152587891E-001
        1.023900032043457
   3.048999905586243E-001
   8.259999752044678E-002
   7.379000186920166E-001
   1.185000017285347E-001
  -1.533000022172928E-001
  -3.118000030517578E-001
  -8.787999749183655E-001
  -2.381000071763992E-001
  -1.224000006914139E-001
   2.721000015735626E-001
   4.890000075101852E-002
  -2.029000073671341E-001
  -7.282000184059143E-001
  -7.745000123977661E-001
  -7.024999856948853E-001
  -3.458999991416931E-001
  -4.934000074863434E-001
  -6.033999919891357E-001
  -2.897000014781952E-001
  -3.831000030040741E-001
   3.982000052928925E-001
  -2.012999951839447E-001
  -3.384999930858612E-001
  -4.519999921321869E-001
        1.303200006484985
        1.929299950599670
        2.609899997711182
        2.772500038146973
        2.433500051498413
        1.285199999809265
   4.785000085830689E-001
        1.161999940872192
        1.721899986267090
   7.541000247001648E-001
  -6.103000044822693E-001
  -7.839000225067139E-001
  -3.352999985218048E-001
   3.059000074863434E-001
   7.300000172108412E-003
  -5.548999905586243E-001
       -1.277400016784668
  -6.937999725341797E-001
  -9.760000109672546E-001
  -2.937000095844269E-001
  -6.376000046730042E-001
  -8.248999714851379E-001
  -8.410000056028366E-002
   1.502999961376190E-001
   8.579999953508377E-002
   9.118000268936157E-001
   9.390000104904175E-001
        1.194399952888489
        1.315600037574768
        1.648900032043457
        1.148399949073792
   8.219000101089478E-001
  -1.610000059008598E-002
   4.460000097751617E-001
   6.624000072479248E-001
   5.480999946594238E-001
   7.760999798774719E-001
  -3.139999881386757E-002
       -1.210700035095215
       -1.242200016975403
       -1.222200036048889
  -4.339999854564667E-001
  -3.946999907493591E-001
  -5.950000137090683E-002
   7.968999743461609E-001
   8.768000006675720E-001
   7.261999845504761E-001
   6.966999769210815E-001
   3.574999868869782E-001
   1.418000012636185E-001
  -1.987999975681305E-001
  -3.269999921321869E-001
  -9.241999983787537E-001
  -4.713999927043915E-001
   4.270000010728836E-002
  -2.759000062942505E-001
   5.618000030517578E-001
   2.969000041484833E-001
  -2.944000065326691E-001
  -3.851999938488007E-001
        1.210199952125549
        1.208699941635132
        1.929900050163269
        1.931100010871887
        2.105499982833862
        2.598200082778931
        2.296000003814697
        1.124899983406067
        1.421399950981140
        1.461400032043457
  -7.320000231266022E-002
  -2.329999953508377E-001
  -1.678999960422516E-001
   1.528999954462051E-001
  -8.198000192642212E-001
  -5.819000005722046E-001
  -7.874000072479248E-001
  -7.735999822616577E-001
       -1.677600026130676
       -1.099200010299683
  -8.234000205993652E-001
       -1.174600005149841
  -4.824000000953674E-001
   3.587999939918518E-001
        1.130499958992004
        1.071300029754639
   7.160999774932861E-001
   9.539999961853027E-001
   9.828000068664551E-001
        1.868700027465820
        1.155799984931946
   1.036999970674515E-001
  -1.591999977827072E-001
   1.230000033974648E-001
   4.661999940872192E-001
        1.000000000000000
   6.987000107765198E-001
  -3.986000120639801E-001
       -1.670600056648254
       -2.636899948120117
  -9.746999740600586E-001
  -6.714000105857849E-001
  -6.815000176429749E-001
  -3.517000079154968E-001
  -3.925000131130219E-001
   6.468999981880188E-001
   2.097000032663345E-001
   9.661999940872192E-001
        1.257099986076355
   8.399999700486660E-003
  -5.943999886512756E-001
  -9.939999878406525E-002
  -9.041000008583069E-001
  -1.444000005722046E-001
  -2.441000044345856E-001
  -1.093000024557114E-001
  -3.524999916553497E-001
   2.782000005245209E-001
       -1.164199948310852
  -6.581000089645386E-001
   9.866999983787537E-001
        1.043200016021729
        2.213000059127808
        2.035200119018555
        2.676300048828125
        2.973999977111816
        2.708400011062622
        1.204599976539612
        1.233600020408630
   9.377999901771545E-001
  -1.351999938488007E-001
   1.632000058889389E-001
   7.127000093460083E-001
   6.703000068664551E-001
   1.295000016689301E-001
  -8.393999934196472E-001
  -9.950000047683716E-001
  -8.271999955177307E-001
       -1.890699982643127
       -1.805299997329712
       -1.600900053977966
       -1.256800055503845
  -8.665000200271606E-001
   2.984000146389008E-001
   7.833999991416931E-001
        1.154399991035461
   6.054999828338623E-001
   6.949999928474426E-002
   8.345999717712402E-001
   1.595000028610230E-001
   2.316000014543533E-001
  -4.201999902725220E-001
  -8.314999938011169E-001
   3.486999869346619E-001
   1.686999946832657E-001
   4.178999960422516E-001
  -4.740000143647194E-002
  -8.137999773025513E-001
  -7.067999839782715E-001
       -1.389099955558777
  -8.863000273704529E-001
  -6.475999951362610E-001
       -1.268499970436096
  -1.806000024080277E-001
   2.761000096797943E-001
   6.172000169754028E-001
   5.375999808311462E-001
        1.675500035285950
   8.697999715805054E-001
   4.329999983310700E-001
  -9.857000112533569E-001
  -8.622000217437744E-001
  -7.481999993324280E-001
   3.842999935150147E-001
   6.820999979972839E-001
   2.030000090599060E-002
   7.930000126361847E-002
   3.359999880194664E-002
  -5.146999955177307E-001
  -5.360999703407288E-001
        1.483199954032898
        1.382400035858154
        1.418200016021729
        2.125799894332886
        2.703200101852417
        2.650000095367432
        2.312900066375732
        1.867900013923645
  -7.320000231266022E-002
   2.324000000953674E-001
   3.089999854564667E-001
  -5.970000103116036E-002
  -2.329999953508377E-002
   1.297000050544739E-001
  -7.458999752998352E-001
       -1.309000015258789
       -1.232900023460388
       -1.175600051879883
       -1.058400034904480
       -1.026100039482117
       -1.609599947929382
       -1.307100057601929
  -3.109999895095825E-001
   5.453000068664551E-001
   2.673000097274780E-001
   3.558000028133392E-001
  -6.000000238418579E-001
  -5.411999821662903E-001
  -9.669999778270721E-002
  -5.462999939918518E-001
  -5.771999955177307E-001
  -3.718999922275543E-001
       -1.074399948120117
   2.099999925121665E-003
   2.119999937713146E-002
   1.803999990224838E-001
  -8.086000084877014E-001
  -9.423999786376953E-001
  -8.733999729156494E-001
       -1.117200016975403
  -3.549000024795532E-001
  -3.488999903202057E-001
       -1.227900028228760
  -5.740000009536743E-001
   1.247000023722649E-001
   3.303000032901764E-001
   9.577999711036682E-001
   9.038000106811523E-001
  -4.893000125885010E-001
  -7.882999777793884E-001
  -2.646000087261200E-001
       -1.082900047302246
  -3.009000122547150E-001
  -1.331000030040741E-001
   4.598999917507172E-001
   5.846999883651733E-001
   6.434000134468079E-001
   8.100000023841858E-002
   3.327000141143799E-001
   6.377999782562256E-001
        1.310500025749207
   9.904999732971191E-001
        2.345499992370606
        2.306900024414063
        3.288700103759766
        2.415800094604492
        2.696599960327148
        1.520400047302246
  -4.526000022888184E-001
  -1.000000014901161E-001
  -1.981000006198883E-001
  -4.117999970912933E-001
  -3.413000106811523E-001
  -7.196999788284302E-001
       -1.411000013351440
       -1.194499969482422
       -1.295400023460388
  -7.131000161170960E-001
       -1.295300006866455
       -1.196300029754639
       -1.408100008964539
  -8.493000268936157E-001
  -3.730000182986260E-002
  -7.850000262260437E-002
  -1.895000040531158E-001
  -5.942999720573425E-001
  -3.944999873638153E-001
   3.040000051259995E-002
  -2.617000043392181E-001
  -1.921000033617020E-001
       -1.072900056838989
  -6.643999814987183E-001
       -1.091699957847595
  -6.735000014305115E-001
  -7.907999753952026E-001
  -7.215999960899353E-001
  -8.547999858856201E-001
  -1.005999967455864E-001
   1.298000067472458E-001
  -9.738000035285950E-001
       -1.104500055313110
  -1.900999993085861E-001
  -2.090999931097031E-001
   6.798999905586243E-001
   5.795999765396118E-001
   3.761999905109406E-001
   3.109999932348728E-002
   2.085999995470047E-001
  -2.991000115871429E-001
  -6.269000172615051E-001
   1.908999979496002E-001
   9.489999711513519E-002
   2.829000055789948E-001
   2.222999930381775E-001
   4.180999994277954E-001
        1.213299989700317
        1.379699945449829
   4.830999970436096E-001
  -9.399999864399433E-003
   9.958000183105469E-001
        1.418499946594238
        1.330100059509277
        3.024399995803833
        2.124700069427490
        2.380300045013428
        2.484899997711182
        1.571099996566773
        1.009699940681458
   5.139999836683273E-002
  -2.390999943017960E-001
  -1.838999986648560E-001
  -4.722000062465668E-001
  -2.038999944925308E-001
       -1.196300029754639
       -1.045199990272522
  -5.044000148773193E-001
       -1.449900031089783
       -2.123899936676025
       -1.498999953269959
  -7.741000056266785E-001
  -5.062000155448914E-001
  -7.228000164031982E-001
  -3.637999892234802E-001
  -5.759999901056290E-002
   2.842999994754791E-001
   6.409000158309937E-001
        1.670099973678589
   8.621000051498413E-001
   1.033999994397163E-001
  -7.781000137329102E-001
       -1.446900010108948
       -1.282099962234497
       -1.292500019073486
  -7.914000153541565E-001
  -5.631999969482422E-001
  -8.019000291824341E-001
  -3.591000139713287E-001
  -4.520000144839287E-002
   7.623999714851379E-001
   4.961999952793121E-001
   1.290000043809414E-002
  -8.536000251770020E-001
   9.910000115633011E-002
   5.619999766349793E-001
   6.699000000953674E-001
   4.528999924659729E-001
   2.302999943494797E-001
   1.947000026702881E-001
   6.729999929666519E-002
   3.680000007152557E-001
        1.432399988174439
   8.704000115394592E-001
   3.264999985694885E-001
   4.968999922275543E-001
        1.004999995231628
   5.268999934196472E-001
        1.201799988746643
   4.415000081062317E-001
   4.029999971389771E-001
  -1.810000091791153E-002
        1.267500042915344
        1.218899965286255
        2.007200002670288
        2.449700117111206
        2.016700029373169
        1.734799981117249
        1.630900025367737
        1.953699946403503
   7.488999962806702E-001
   3.093000054359436E-001
  -3.570000082254410E-002
   2.231000065803528E-001
   2.644000053405762E-001
  -6.905000209808350E-001
  -3.867999911308289E-001
  -8.589000105857849E-001
       -1.492699980735779
       -1.349599957466126
       -1.207800030708313
  -7.253999710083008E-001
  -3.610000014305115E-002
   1.164000034332275E-001
  -5.074999928474426E-001
  -5.370000004768372E-002
   9.330999851226807E-001
        2.162699937820435
        1.681200027465820
   8.647000193595886E-001
   1.254000067710877E-001
   1.226999983191490E-001
       -1.092800021171570
       -1.686699986457825
  -8.409000039100647E-001
  -8.787999749183655E-001
       -2.541500091552734
       -1.790300011634827
  -2.524000108242035E-001
  -3.698999881744385E-001
  -2.136999964714050E-001
  -4.124999940395355E-001
  -1.706999987363815E-001
   2.910000085830689E-002
   4.266999959945679E-001
   3.299999982118607E-002
   2.054000049829483E-001
   3.165000081062317E-001
   1.105000004172325E-001
  -5.123999714851379E-001
   2.009999938309193E-002
   6.179999709129334E-001
        1.743000030517578
        1.301599979400635
   4.278999865055084E-001
   4.462999999523163E-001
        1.119600057601929
        1.024700045585632
   1.921000033617020E-001
   5.981000065803528E-001
  -1.932000070810318E-001
   2.390999943017960E-001
        1.037400007247925
   3.722000122070313E-001
   9.894999861717224E-001
        1.726799964904785
        1.278100013732910
        1.129699945449829
        1.635699987411499
        2.014600038528442
   7.976999878883362E-001
   7.218000292778015E-001
   1.630000025033951E-002
   6.152999997138977E-001
  -5.597000122070313E-001
  -7.924000024795532E-001
  -1.404000073671341E-001
  -6.463000178337097E-001
  -7.954000234603882E-001
       -1.274700045585632
  -5.235999822616577E-001
  -7.479999959468842E-002
   1.062000021338463E-001
  -2.560999989509583E-001
  -4.799999892711639E-001
   5.899000167846680E-001
   8.679999709129334E-001
        1.786900043487549
        1.194399952888489
   9.901999831199646E-001
        1.002699971199036
  -1.863999962806702E-001
  -7.038999795913696E-001
  -9.435999989509583E-001
       -1.879099965095520
       -2.277899980545044
       -1.943099975585938
  -9.491999745368958E-001
  -9.318000078201294E-001
  -3.420000076293945E-001
   5.803999900817871E-001
   3.449999988079071E-001
  -6.794000267982483E-001
  -6.759999990463257E-001
   6.539999693632126E-002
   5.236999988555908E-001
   4.526000022888184E-001
   2.734000086784363E-001
   6.226000189781189E-001
   8.059999942779541E-001
  -7.760000228881836E-002
   7.652000188827515E-001
   8.281000256538391E-001
   4.404999911785126E-001
   6.387000083923340E-001
   5.680000185966492E-001
   1.404999941587448E-001
  -4.609000086784363E-001
   2.011000066995621E-001
   1.885000020265579E-001
  -3.966999948024750E-001
   5.576000213623047E-001
   3.650999963283539E-001
   2.468000054359436E-001
  -2.707000076770783E-001
   8.133000135421753E-001
        1.014799952507019
        1.563899993896484
        1.583400011062622
        1.927199959754944
        1.679499983787537
        1.005800008773804
        1.132500052452087
   6.445999741554260E-001
  -1.119999960064888E-002
   9.160000085830689E-002
  -4.393999874591827E-001
  -5.077000260353088E-001
  -4.291999936103821E-001
  -4.311000108718872E-001
  -7.289999723434448E-001
  -7.303000092506409E-001
  -4.756999909877777E-001
  -1.989999972283840E-002
  -5.600000023841858E-001
  -2.815000116825104E-001
        1.057299971580505
   4.239999949932098E-001
   7.387999892234802E-001
   7.555999755859375E-001
  -1.990000009536743E-001
   1.942999958992004E-001
  -3.061000108718872E-001
  -8.671000003814697E-001
       -1.226999998092651
       -1.964599967002869
       -2.073199987411499
       -1.413100004196167
  -4.244999885559082E-001
  -6.736999750137329E-001
   3.513000011444092E-001
        1.390599966049194
   3.332000076770783E-001
   3.786999881267548E-001
   4.763999879360199E-001
   8.253999948501587E-001
   8.592000007629395E-001
   6.341999769210815E-001
   2.233999967575073E-001
   6.280999779701233E-001
  -1.580000072717667E-001
   3.822000026702881E-001
   5.332000255584717E-001
   3.463000059127808E-001
   8.345999717712402E-001
  -3.567000031471252E-001
  -3.573000133037567E-001
  -7.667999863624573E-001
  -4.846000075340271E-001
   6.270000338554382E-002
   7.190000265836716E-002
   8.341000080108643E-001
  -3.143999874591827E-001
  -5.499999970197678E-002
   1.001000031828880E-001
   2.109999954700470E-002
   5.792999863624573E-001
        1.470999956130981
        2.336199998855591
        1.469699978828430
        1.064299941062927
        1.514099955558777
   7.182000279426575E-001
   2.951000034809113E-001
   7.186999917030335E-001
  -1.513999998569489E-001
   0.000000000000000E+000
  -3.332000076770783E-001
  -1.568000018596649E-001
  -2.050999999046326E-001
   2.057999968528748E-001
  -8.471999764442444E-001
  -7.369999885559082E-001
  -9.589999914169312E-001
  -7.361000180244446E-001
   1.224000006914139E-001
        1.330299973487854
   5.048000216484070E-001
  -7.919999957084656E-002
   2.154999971389771E-001
  -4.086000025272369E-001
  -5.209999904036522E-002
  -5.770000070333481E-002
  -9.289000034332275E-001
       -1.494699954986572
       -1.449900031089783
       -1.153900027275085
  -8.853999972343445E-001
  -6.305999755859375E-001
  -3.977999985218048E-001
   3.930999934673309E-001
   7.850000262260437E-001
        1.659100055694580
        1.515799999237061
   7.498000264167786E-001
        1.560500025749207
        2.014100074768066
        1.574599981307983
        1.027699947357178
   1.272999942302704E-001
  -1.313000023365021E-001
   4.061999917030335E-001
  -7.333999872207642E-001
  -6.970999836921692E-001
   8.320999741554260E-001
   7.129999995231628E-002
  -7.544000148773193E-001
  -5.580999851226807E-001
   5.124999880790710E-001
   5.304999947547913E-001
   6.597999930381775E-001
   7.975000143051148E-001
  -6.938999891281128E-001
  -1.697999984025955E-001
   2.840000018477440E-002
   3.786000013351440E-001
   9.168000221252441E-001
        1.200899958610535
        1.382300019264221
   7.433000206947327E-001
   9.588000178337097E-001
   8.425999879837036E-001
   7.875999808311462E-001
   9.595999717712402E-001
   6.700999736785889E-001
   7.853000164031982E-001
   4.417000114917755E-001
  -7.917000055313110E-001
  -7.010999917984009E-001
  -5.379999876022339E-001
  -4.282000064849854E-001
  -3.052999973297119E-001
  -1.009999960660934E-002
  -6.800000369548798E-002
   6.580000370740891E-002
   5.329999923706055E-001
        1.625300049781799
   7.429999709129334E-001
   1.480000019073486E-001
  -5.100000184029341E-003
   3.043000102043152E-001
  -1.774999946355820E-001
  -9.883000254631043E-001
  -5.504999756813049E-001
       -1.301599979400635
  -7.136999964714050E-001
       -1.134999990463257
  -7.257999777793884E-001
  -3.043999969959259E-001
  -4.390000179409981E-002
  -3.082999885082245E-001
   7.296000123023987E-001
        2.094899892807007
        1.669199943542481
        2.112299919128418
        2.395400047302246
        2.436800003051758
        1.439499974250794
        1.600100040435791
   3.095999956130981E-001
   5.989999771118164E-001
  -3.853000104427338E-001
  -4.683000147342682E-001
  -3.625000119209290E-001
   7.230000197887421E-002
  -2.073999941349030E-001
       -1.166599988937378
   2.291000038385391E-001
   5.279999971389771E-002
  -4.271000027656555E-001
   7.750000059604645E-002
   4.837000072002411E-001
  -7.169999927282333E-002
   4.438999891281128E-001
   5.171999931335449E-001
   5.785999894142151E-001
   7.642999887466431E-001
        2.017100095748901
        1.854799985885620
        1.486500024795532
        1.672799944877625
   7.899000048637390E-001
   2.694000005722046E-001
   9.894000291824341E-001
   7.347000241279602E-001
   7.944999933242798E-001
  -3.197999894618988E-001
  -3.995000123977661E-001
       -1.035500049591065
       -1.171100020408630
  -9.800000190734863E-001
       -1.200600028038025
  -6.744999885559082E-001
  -6.477000117301941E-001
   1.052000001072884E-001
   6.223000288009644E-001
   9.648000001907349E-001
        1.132400035858154
        1.232599973678589
   8.999999845400453E-004
  -4.702000021934509E-001
  -1.921000033617020E-001
  -7.013999819755554E-001
  -8.116000294685364E-001
  -8.503999710083008E-001
  -7.996000051498413E-001
  -6.337000131607056E-001
  -5.314000248908997E-001
   1.048000007867813E-001
   6.270000338554382E-002
   2.675999999046326E-001
   5.030000209808350E-001
        1.056900024414063
        1.403900027275085
        2.671600103378296
        2.874700069427490
        3.026200056076050
        2.141400098800659
        1.590899944305420
   2.989000082015991E-001
   8.981999754905701E-001
   6.099999882280827E-003
  -2.025000005960465E-001
   4.643999934196472E-001
  -1.710000038146973E-001
   3.134999871253967E-001
   1.621000021696091E-001
  -3.190000057220459E-001
   1.486999988555908E-001
   3.815999925136566E-001
   1.394000053405762E-001
        1.088700056076050
   6.302000284194946E-001
   1.182999983429909E-001
        1.318699955940247
        1.445899963378906
        1.388299942016602
        1.822199940681458
        2.175600051879883
        2.380700111389160
        1.095800042152405
   4.715999960899353E-001
   8.461999893188477E-001
   7.448999881744385E-001
       -1.321699976921082
       -1.041599988937378
  -8.733000159263611E-001
       -1.319100022315979
  -8.450000286102295E-001
       -1.320700049400330
       -1.557399988174439
       -1.644299983978272
       -1.059200048446655
  -9.836999773979187E-001
  -6.432999968528748E-001
  -5.803999900817871E-001
        1.347800016403198
   7.691000103950501E-001
  -4.549999907612801E-002
  -5.669999718666077E-001
       -1.323899984359741
  -9.678999781608582E-001
  -6.032999753952026E-001
       -1.505699992179871
       -1.899299979209900
       -1.004500031471252
  -3.052000105381012E-001
   4.219999909400940E-002
   5.194000005722046E-001
   1.517000049352646E-001
   5.515000224113464E-001
        1.039199948310852
   4.785000085830689E-001
        1.566200017929077
        1.349300026893616
        1.943500041961670
        2.482599973678589
        2.953700065612793
        2.425800085067749
   7.332999706268311E-001
   6.560000181198120E-001
   6.399999856948853E-001
   6.755999922752380E-001
   8.106999993324280E-001
   4.911000132560730E-001
   8.327000141143799E-001
   5.803999900817871E-001
   4.519000053405762E-001
        1.263900041580200
   1.976000070571899E-001
   8.849999904632568E-001
        1.460899949073792
   5.442000031471252E-001
   2.154999971389771E-001
   7.195000052452087E-001
        1.385400056838989
        1.852699995040894
        2.262000083923340
        1.970399975776672
        1.766499996185303
   6.807000041007996E-001
   2.904999852180481E-001
  -4.469999969005585E-001
  -8.593999743461609E-001
       -1.850299954414368
       -1.525599956512451
  -4.762000143527985E-001
  -9.851999878883362E-001
  -7.609999775886536E-001
       -1.888399958610535
       -2.564399957656860
       -2.755800008773804
       -1.572700023651123
       -1.420600056648254
  -4.675999879837036E-001
  -3.181000053882599E-001
   1.345999985933304E-001
   5.698000192642212E-001
   1.297000050544739E-001
   1.036000028252602E-001
  -7.034000158309937E-001
  -6.996999979019165E-001
       -1.289199948310852
       -1.417199969291687
       -1.417899966239929
       -1.321699976921082
  -1.731999963521957E-001
   1.243999972939491E-001
   2.746999859809876E-001
   8.299999870359898E-003
   9.186000227928162E-001
        1.358700037002564
        1.517199993133545
        1.759400010108948
        1.425300002098084
        1.317499995231628
        1.489899992942810
   9.994000196456909E-001
        1.764999985694885
        1.146399974822998
        1.700000047683716
        1.307399988174439
        1.701900005340576
        1.257699966430664
   7.375000119209290E-001
        1.197199940681458
        1.030200004577637
   4.774000048637390E-001
   6.141999959945679E-001
   6.168000102043152E-001
        1.108600020408630
   8.629000186920166E-001
        1.287899971008301
  -6.949999928474426E-002
   3.061000108718872E-001
        1.246500015258789
        1.653300046920776
        1.462000012397766
        1.574100017547607
        1.942100048065186
        1.156200051307678
   5.515000224113464E-001
  -1.536999940872192E-001
       -1.002699971199036
       -1.151200056076050
       -1.024600028991699
  -5.683000087738037E-001
  -6.387000083923340E-001
  -7.192000150680542E-001
  -9.350000023841858E-001
       -2.008500099182129
       -1.809299945831299
  -5.709999799728394E-001
       -1.328699946403503
  -6.987000107765198E-001
   2.788999974727631E-001
  -3.061000108718872E-001
  -1.701000034809113E-001
   4.647000133991242E-001
  -4.370000064373016E-001
  -5.878999829292297E-001
       -1.629799962043762
  -8.033999800682068E-001
  -5.501000285148621E-001
       -1.400200009346008
       -1.666599988937378
  -7.232000231742859E-001
   1.040000002831221E-002
  -2.757999897003174E-001
   7.892000079154968E-001
   7.836999893188477E-001
        1.373900055885315
        2.022799968719482
        1.528699994087219
        1.409700036048889
        1.746399998664856
   7.483000159263611E-001
        2.022099971771240
        1.893300056457520
        1.821699976921082
        2.311300039291382
        2.137099981307983
   8.094000220298767E-001
        1.816499948501587
        1.240900039672852
        1.754299998283386
   6.815000176429749E-001
  -6.384999752044678E-001
   2.870999872684479E-001
        1.310899972915649
   5.891000032424927E-001
   4.550999999046326E-001
   6.855000257492065E-001
   2.308000028133392E-001
   7.544000148773193E-001
   8.799999952316284E-001
        1.081200003623962
        1.172799944877625
        1.849599957466126
        1.766499996185303
        1.338700056076050
        1.106799960136414
  -3.579999879002571E-002
       -1.574800014495850
       -1.737900018692017
       -1.400900006294251
  -3.519999980926514E-001
  -8.510000258684158E-002
  -6.503999829292297E-001
  -9.359999895095825E-001
       -1.651700019836426
       -1.604500055313110
  -8.719000220298767E-001
  -6.899999976158142E-001
  -4.379999935626984E-001
   1.826000064611435E-001
  -5.483999848365784E-001
  -3.626999855041504E-001
  -1.554999947547913E-001
  -6.130999922752380E-001
   7.029999792575836E-002
   1.500999927520752E-001
  -5.008000135421753E-001
  -9.860000014305115E-001
  -7.581999897956848E-001
       -1.122900009155273
  -9.182999730110169E-001
  -5.167999863624573E-001
   4.828999936580658E-001
   5.877000093460083E-001
   5.575000047683716E-001
        1.139799952507019
        1.286100029945374
        1.200099945068359
        1.313500046730042
        2.124099969863892
        1.475999951362610
        1.705100059509277
        1.585500001907349
        1.761299967765808
        2.329799890518189
        1.321200013160706
   8.141999840736389E-001
   7.062000036239624E-001
   8.909000158309937E-001
        1.686300039291382
   3.860000073909760E-001
   6.651999950408936E-001
   2.381000071763992E-001
   4.564999938011169E-001
        1.138700008392334
   1.884000003337860E-001
  -9.169999957084656E-001
   1.200000010430813E-002
  -3.025000095367432E-001
   6.995000243186951E-001
   5.397999882698059E-001
   2.082999944686890E-001
        1.058599948883057
        2.332600116729736
        1.379999995231628
   4.259000122547150E-001
   5.296000242233276E-001
  -5.338000059127808E-001
       -1.061699986457825
       -1.595800042152405
  -4.343999922275543E-001
  -1.027000024914742E-001
  -2.718000113964081E-001
  -1.934999972581863E-001
  -8.022000193595886E-001
  -1.856999993324280E-001
  -5.881999731063843E-001
       -1.101199984550476
       -1.238100051879883
  -3.801999986171722E-001
  -2.134000062942505E-001
  -3.756000101566315E-001
  -2.587999999523163E-001
  -6.593000292778015E-001
  -8.969999849796295E-002
  -6.169000267982483E-001
  -8.172000050544739E-001
       -1.209200024604797
       -1.350100040435791
       -1.436200022697449
  -1.849000006914139E-001
  -4.914999902248383E-001
  -4.327000081539154E-001
   8.414999842643738E-001
        1.488600015640259
        1.117400050163269
        1.244699954986572
        1.434599995613098
        1.388100028038025
        1.310299992561340
        1.916800022125244
        1.849099993705750
        1.990000009536743
        1.663499951362610
        1.838299989700317
        1.866299986839294
   5.264999866485596E-001
   9.638000130653381E-001
   1.492000073194504E-001
   2.594000101089478E-001
   5.814999938011169E-001
        1.524199962615967
  -2.160000056028366E-002
   8.298000097274780E-001
   2.563999891281128E-001
   4.625000059604645E-001
   3.469999879598618E-002
        1.190700054168701
   8.770999908447266E-001
   6.316999793052673E-001
  -3.596999943256378E-001
  -1.574999988079071E-001
        1.282999992370606
        1.655900001525879
        1.268599987030029
   4.688999950885773E-001
   7.328000068664551E-001
   2.982999980449677E-001
  -2.561999857425690E-001
  -2.545999884605408E-001
  -6.775000095367432E-001
  -8.395000100135803E-001
  -5.613999962806702E-001
  -1.939000040292740E-001
   2.151000052690506E-001
  -2.081000059843063E-001
       -1.304499983787537
       -1.023800015449524
       -1.054700016975403
  -7.128999829292297E-001
  -8.725000023841858E-001
  -1.124000027775765E-001
  -9.189999848604202E-002
       -1.423699975013733
  -6.482999920845032E-001
       -1.275599956512451
       -1.462900042533875
       -1.610100030899048
       -1.352900028228760
       -1.251999974250794
   6.800000369548798E-002
   2.020000070333481E-001
  -5.059999972581863E-002
        1.194100022315979
        1.323600053787231
        1.135599970817566
   7.731999754905701E-001
        1.134600043296814
        1.532400012016296
        1.205100059509277
        1.341599941253662
        1.559999942779541
        1.975200057029724
        1.842200040817261
        1.827700018882752
        2.170799970626831
        1.136800050735474
   5.079999938607216E-002
   4.862999916076660E-001
   3.653999865055084E-001
   8.914999961853027E-001
        1.327200055122376
        1.011899948120117
   8.582999706268311E-001
   9.269999861717224E-001
   8.847000002861023E-001
   5.469999834895134E-002
        1.240700006484985
   8.342000246047974E-001
   2.998999953269959E-001
  -9.780000150203705E-002
   1.632000058889389E-001
   6.600000262260437E-001
   9.828000068664551E-001
   5.335000157356262E-001
  -1.290999948978424E-001
   3.299999982118607E-002
   1.480000019073486E-001
   1.869999989867210E-002
   4.535000026226044E-001
  -2.851999998092651E-001
       -1.228899955749512
       -1.615300059318543
       -1.263399958610535
  -6.046000123023987E-001
  -3.718999922275543E-001
  -8.719000220298767E-001
       -1.362100005149841
  -9.940999746322632E-001
  -7.609999924898148E-002
  -4.661999940872192E-001
  -3.799999877810478E-002
  -6.499999761581421E-002
  -3.987999856472015E-001
  -7.447000145912170E-001
       -1.672099947929382
       -1.002099990844727
       -1.123299956321716
  -5.454999804496765E-001
  -4.470000043511391E-002
   5.978999733924866E-001
   3.853999972343445E-001
   7.569999992847443E-002
        1.132799983024597
        1.311599969863892
        1.136399984359741
        1.821499943733215
        1.389799952507019
        1.748399972915649
        2.228300094604492
        1.404500007629395
        1.822000026702881
        1.945500016212463
        2.522500038146973
        2.262099981307983
        1.864699959754944
        1.197399973869324
   7.128000259399414E-001
   9.144999980926514E-001
   9.329999983310700E-002
  -1.689999923110008E-002
   5.056999921798706E-001
   6.647999882698059E-001
   8.029999732971191E-001
   9.376999735832214E-001
        1.137099981307983
   2.030000090599060E-002
   2.217999994754791E-001
   5.357000231742859E-001
   5.199000239372253E-001
        1.575099945068359
   6.248999834060669E-001
   1.217999979853630E-001
   2.716999948024750E-001
   8.327000141143799E-001
   1.951999962329865E-001
   7.689999788999558E-002
   4.810000061988831E-001
   1.640000045299530E-001
  -1.028999984264374E-001
  -5.310000181198120E-001
       -1.219599962234497
  -5.935000181198120E-001
  -8.963000178337097E-001
  -4.677000045776367E-001
  -1.777999997138977E-001
  -1.465000063180924E-001
  -8.379999995231628E-001
  -4.169999957084656E-001
   2.368000000715256E-001
   1.103999987244606E-001
   6.352999806404114E-001
   1.752000004053116E-001
  -1.530000008642674E-002
  -7.196000218391419E-001
       -1.245499968528748
  -9.517999887466431E-001
  -7.429999858140945E-002
       -1.002799987792969
   1.377999931573868E-001
   3.330000117421150E-002
  -8.280000090599060E-002
   1.400000043213368E-002
   6.632999777793884E-001
        1.209699988365173
        1.533200025558472
   9.973000288009644E-001
   8.766999840736389E-001
   8.723999857902527E-001
        1.636800050735474
        1.903300046920776
        2.147200107574463
        1.233500003814697
   5.647000074386597E-001
        1.073300004005432
   4.686000049114227E-001
   8.622000217437744E-001
   7.030000090599060E-001
   4.210000112652779E-002
  -4.460000097751617E-001
   3.704000115394592E-001
   8.503000140190125E-001
   9.430999755859375E-001
        1.175300002098084
   7.613999843597412E-001
   6.718999743461609E-001
   3.310000151395798E-002
  -4.900000058114529E-003
  -3.115999996662140E-001
   2.296999990940094E-001
   5.134000182151794E-001
  -6.859999895095825E-002
  -6.521000266075134E-001
  -2.148000001907349E-001
   2.547000050544739E-001
  -7.566999793052673E-001
   4.036000072956085E-001
   4.792000055313110E-001
   6.784999966621399E-001
  -3.499000072479248E-001
  -7.534999847412109E-001
  -3.619000017642975E-001
  -4.004000127315521E-001
  -4.693000018596649E-001
  -3.445000052452087E-001
   9.960000216960907E-002
  -1.703000068664551E-001
  -1.330000013113022E-001
   4.005999863147736E-001
  -7.100000046193600E-003
        1.773300051689148
        1.559800028800964
   7.455999851226807E-001
   8.226000070571899E-001
       -1.053099989891052
       -1.463099956512451
       -1.483199954032898
  -6.345000267028809E-001
  -3.592000007629395E-001
  -6.549999713897705E-001
  -8.856999874114990E-001
       -1.074900031089783
  -2.579999864101410E-001
  -1.399999950081110E-003
   4.891999959945679E-001
        1.257599949836731
   5.267999768257141E-001
   8.964999914169312E-001
   3.885999917984009E-001
   3.558999896049500E-001
   9.941999912261963E-001
        1.245700001716614
   9.666000008583069E-001
   2.597000002861023E-001
   1.632000058889389E-001
  -1.209999993443489E-001
   6.104999780654907E-001
  -2.720000036060810E-002
   1.328999996185303E-001
   3.192000091075897E-001
  -8.299999684095383E-002
   2.576000094413757E-001
        1.341199994087219
   9.754999876022339E-001
   8.271999955177307E-001
   6.669999957084656E-001
  -6.254000067710877E-001
  -3.689999878406525E-002
  -2.903000116348267E-001
   2.177000045776367E-001
  -5.240000039339066E-002
   1.009999960660934E-002
  -2.651999890804291E-001
  -6.876000165939331E-001
  -8.018000125885010E-001
  -8.547000288963318E-001
  -5.242999792098999E-001
   6.875000000000000E-001
  -6.000000052154064E-003
  -1.950999945402145E-001
  -7.050000131130219E-002
  -6.147000193595886E-001
  -3.068999946117401E-001
  -4.489000141620636E-001
   5.817999839782715E-001
   2.667999863624573E-001
  -9.200999736785889E-001
  -4.489000141620636E-001
        1.417099952697754
        2.078099966049194
        1.868299961090088
        1.842399954795837
   8.511999845504761E-001
   3.400999903678894E-001
  -4.582000076770783E-001
  -3.195999860763550E-001
  -9.452999830245972E-001
  -4.778000116348267E-001
       -1.118499994277954
       -1.306100010871887
  -7.997000217437744E-001
  -6.294999718666077E-001
  -2.782000005245209E-001
  -2.581000030040741E-001
        1.463600039482117
        1.089300036430359
        1.459200024604797
        1.300600051879883
        1.250300049781799
   2.480999976396561E-001
   5.324000120162964E-001
   2.671000063419342E-001
   4.521000087261200E-001
  -9.100999832153320E-001
  -2.581999897956848E-001
  -4.968000054359436E-001
  -2.460999935865402E-001
  -1.656000018119812E-001
       -1.055500030517578
   6.772000193595886E-001
   5.986999869346619E-001
   2.226999998092651E-001
   9.667000174522400E-001
        1.147400021553040
        1.003200054168701
   9.480000138282776E-001
  -3.222999870777130E-001
   2.128999978303909E-001
  -6.202999949455261E-001
   6.301000118255615E-001
   2.287999987602234E-001
  -4.147000014781952E-001
  -7.904999852180481E-001
       -1.444700002670288
  -8.248999714851379E-001
  -3.959999978542328E-002
  -3.662000000476837E-001
       -1.568199992179871
   1.752000004053116E-001
  -5.106999874114990E-001
  -3.860000073909760E-001
  -3.874000012874603E-001
       -1.082700014114380
  -1.280999928712845E-001
  -1.576000005006790E-001
   6.276999711990356E-001
  -1.343999952077866E-001
  -4.521000087261200E-001
        1.203099966049194
   9.049999713897705E-001
        1.450999975204468
        1.301300048828125
   2.073000073432922E-001
  -8.179999887943268E-002
  -5.446000099182129E-001
       -1.222499966621399
  -9.483000040054321E-001
       -1.219499945640564
       -2.044600009918213
       -1.416300058364868
  -4.108999967575073E-001
  -9.329999983310700E-002
   7.796000242233276E-001
   8.507000207901001E-001
        1.281599998474121
   7.324000000953674E-001
        1.733800053596497
   8.482999801635742E-001
   4.619999974966049E-002
   1.343999952077866E-001
   2.804999947547913E-001
  -3.170000016689301E-002
  -2.639000117778778E-001
  -6.060000136494637E-002
  -3.925999999046326E-001
       -1.047000050544739
       -1.016399979591370
  -9.749999642372131E-002
  -2.479999959468842E-001
   7.202000021934509E-001
   4.950999915599823E-001
   9.726999998092651E-001
   5.564000010490418E-001
        1.890900015830994
        1.568199992179871
        1.415899991989136
   1.712999939918518E-001
   8.012999892234802E-001
   7.276999950408936E-001
   3.136000037193298E-001
   7.235000133514404E-001
   2.863999903202057E-001
  -6.610999703407288E-001
       -1.857800006866455
  -8.493999838829041E-001
       -1.135599970817566
       -1.404800057411194
       -1.169000029563904
  -5.976999998092651E-001
  -5.012000203132629E-001
  -9.883000254631043E-001
       -1.035199999809265
       -1.325099945068359
  -7.901999950408936E-001
   4.544000029563904E-001
  -7.469999790191650E-002
   4.966000020503998E-001
  -3.406000137329102E-001
   2.117999941110611E-001
   8.356000185012817E-001
   7.483999729156494E-001
   4.438999891281128E-001
  -4.794999957084656E-001
   7.259999960660934E-002
  -4.905999898910523E-001
       -1.161100029945374
       -2.328399896621704
       -2.046999931335449
       -1.765100002288818
       -1.108399987220764
  -6.482999920845032E-001
   1.243999972939491E-001
   5.684999823570252E-001
   9.046999812126160E-001
   4.595000147819519E-001
   4.949999973177910E-002
   1.159999966621399E-001
   4.809999838471413E-002
  -2.181999981403351E-001
  -2.662000060081482E-001
  -2.809000015258789E-001
  -6.251000165939331E-001
       -1.254500031471252
  -7.106999754905701E-001
  -5.863000154495239E-001
  -7.750999927520752E-001
  -2.948000133037567E-001
   9.950000047683716E-002
  -8.303999900817871E-001
  -4.800000041723251E-002
   1.046999990940094E-001
   5.432999730110169E-001
   4.368999898433685E-001
        1.291300058364868
        1.186900019645691
        1.357900023460388
        1.227399945259094
   8.633999824523926E-001
        1.073400020599365
   4.099999964237213E-001
   2.106000036001205E-001
   1.718000024557114E-001
  -7.310000061988831E-002
  -3.510000109672546E-001
  -6.015999913215637E-001
   1.368000060319901E-001
  -2.786000072956085E-001
  -6.931999921798706E-001
  -4.975999891757965E-001
   4.368999898433685E-001
  -5.796999931335449E-001
  -4.465000033378601E-001
  -6.122000217437744E-001
  -8.305000066757202E-001
  -2.769999951124191E-002
   8.884000182151794E-001
  -3.052000105381012E-001
   1.341000050306320E-001
  -2.820000052452087E-002
  -2.666000127792358E-001
   2.034000009298325E-001
  -1.058000028133392E-001
   1.598999947309494E-001
   5.166000127792358E-001
   4.517000019550324E-001
  -9.341999888420105E-001
       -1.860200047492981
       -1.840399980545044
       -2.122600078582764
  -9.496999979019165E-001
  -2.256000041961670E-001
  -1.247999966144562E-001
  -4.129999876022339E-001
   3.249999880790710E-001
   1.564999967813492E-001
   4.289999976754189E-002
   3.470999896526337E-001
  -2.743000090122223E-001
  -7.293999791145325E-001
  -2.605000138282776E-001
  -2.768000066280365E-001
       -1.138200044631958
       -1.715999960899353
       -1.134600043296814
       -1.876399993896484
       -1.494400024414063
       -1.096899986267090
  -2.978999912738800E-001
  -6.399000287055969E-001
  -2.858000099658966E-001
  -3.759000003337860E-001
  -5.293999910354614E-001
   1.005999967455864E-001
   6.330999732017517E-001
        1.145099997520447
        1.054100036621094
   2.380000054836273E-001
  -2.696999907493591E-001
   8.277999758720398E-001
   6.425999999046326E-001
   3.084999918937683E-001
        1.069399952888489
   8.145999908447266E-001
   5.084999799728394E-001
   7.889000177383423E-001
   7.366999983787537E-001
   2.806999981403351E-001
  -4.620000123977661E-001
  -9.251000285148621E-001
  -3.461999893188477E-001
  -3.585999906063080E-001
   2.028000056743622E-001
  -1.835000067949295E-001
  -5.799999926239252E-003
  -2.700000107288361E-001
   2.053000032901764E-001
  -9.075999855995178E-001
   4.413999915122986E-001
   2.630000114440918E-001
  -2.353000044822693E-001
  -7.458000183105469E-001
  -4.553000032901764E-001
  -5.928999781608582E-001
  -6.700000166893005E-002
   8.396000266075134E-001
  -4.255999922752380E-001
       -1.419499993324280
       -1.121199965476990
       -1.300300002098084
       -1.215499997138977
  -9.911000132560730E-001
       -1.477300047874451
       -1.168699979782105
  -5.705999732017517E-001
   2.128999978303909E-001
   1.146000027656555E-001
   2.836000025272369E-001
   5.509999990463257E-001
  -3.402999937534332E-001
  -8.385000228881836E-001
  -6.177999973297119E-001
       -1.512099981307983
       -1.937100052833557
       -1.442800045013428
       -1.898399949073792
       -1.454599976539612
       -1.055099964141846
  -8.924000263214111E-001
  -2.633000016212463E-001
  -8.446999788284302E-001
       -1.286800026893616
  -7.721999883651733E-001
   1.651999950408936E-001
   7.032999992370606E-001
        1.056300044059753
   5.485000014305115E-001
        1.220100045204163
   3.425000011920929E-001
   9.639999866485596E-001
   4.467999935150147E-001
   4.670999944210053E-001
   5.414000153541565E-001
   8.629999756813049E-001
   9.771999716758728E-001
   8.241999745368958E-001
   4.652999937534332E-001
   1.340000033378601E-001
  -2.099000066518784E-001
  -8.740000128746033E-001
  -3.019999861717224E-001
   2.213000059127808E-001
  -1.808000057935715E-001
   3.727999925613403E-001
   5.753999948501587E-001
  -7.199999690055847E-002
  -8.870000243186951E-001
       -1.683500051498413
       -1.118800044059753
  -2.150000035762787E-001
  -7.663000226020813E-001
  -7.469999790191650E-002
  -9.167000055313110E-001
       -1.248200058937073
  -4.402999877929688E-001
   4.036000072956085E-001
  -9.728000164031982E-001
       -1.153499960899353
       -1.434900045394898
       -1.021199941635132
       -1.415799975395203
       -1.306300044059753
       -1.715100049972534
       -1.562600016593933
       -1.211400032043457
  -5.108000040054321E-001
  -2.793999910354614E-001
  -3.404000103473663E-001
  -6.729999929666519E-002
  -8.055999875068665E-001
       -1.288400053977966
  -8.828999996185303E-001
       -1.068099975585938
  -8.672000169754028E-001
       -1.011000037193298
  -6.830000281333923E-001
       -1.132099986076355
       -1.187800049781799
  -2.238000035285950E-001
  -7.484999895095825E-001
       -1.000100016593933
       -1.648100018501282
  -6.251000165939331E-001
  -1.876000016927719E-001
  -2.197999954223633E-001
   4.774999916553497E-001
   8.686000108718872E-001
   5.677999854087830E-001
   3.709000051021576E-001
   8.758000135421753E-001
   8.446000218391419E-001
   6.359999775886536E-001
   6.327999830245972E-001
   6.040999889373779E-001
        1.224799990653992
   4.578000009059906E-001
   5.543000102043152E-001
   8.519999682903290E-002
   7.210999727249146E-001
   5.299999844282866E-003
        1.031200051307678
   7.957000136375427E-001
   3.973000049591065E-001
   2.788000106811523E-001
  -5.314999818801880E-001
       -1.064100027084351
       -1.364500045776367
       -1.140699982643127
       -1.780699968338013
       -1.565899968147278
       -1.638000011444092
  -3.709999918937683E-001
  -5.928000211715698E-001
  -5.497999787330627E-001
   5.689999833703041E-002
  -1.757999956607819E-001
  -6.006000041961670E-001
       -1.496399998664856
  -6.060000061988831E-001
  -2.308000028133392E-001
  -3.844000101089478E-001
  -8.450000286102295E-001
       -2.042099952697754
       -2.597199916839600
       -1.230499982833862
  -5.383999943733215E-001
  -6.431000232696533E-001
  -2.430000007152557E-001
  -9.204000234603882E-001
  -9.884999990463257E-001
       -1.776299953460693
       -1.561400055885315
       -1.416900038719177
       -1.572299957275391
       -1.419600009918213
  -3.950000107288361E-001
  -4.889999926090241E-001
       -1.391499996185303
  -6.466000080108643E-001
  -6.205999851226807E-001
  -9.417999982833862E-001
  -3.930000066757202E-001
   3.420000076293945E-001
   6.794000267982483E-001
  -5.869999900460243E-002
   2.982999980449677E-001
   5.314999818801880E-001
   1.878000050783157E-001
  -1.184000000357628E-001
   4.800000041723251E-002
   5.396999716758728E-001
   5.612999796867371E-001
   3.488000035285950E-001
   8.902000188827515E-001
   6.887999773025513E-001
   3.212000131607056E-001
  -2.797000110149384E-001
   4.199999868869782E-001
  -2.462999969720841E-001
   9.390000253915787E-002
   4.630999863147736E-001
   5.001999735832214E-001
   5.604000091552734E-001
   1.063999980688095E-001
  -9.571999907493591E-001
       -1.619199991226196
       -1.874099969863892
       -2.335999965667725
       -1.577900052070618
       -1.425799965858460
       -1.856400012969971
       -1.080000042915344
  -6.790000200271606E-001
  -6.040999889373779E-001
  -5.461999773979187E-001
  -5.189999938011169E-002
  -4.280999898910523E-001
  -5.582000017166138E-001
  -5.929999947547913E-001
  -1.701000034809113E-001
  -3.745000064373016E-001
       -1.384699940681458
       -1.804900050163269
  -6.868000030517578E-001
       -1.261299967765808
       -1.487699985504150
  -9.047999978065491E-001
  -4.260999858379364E-001
  -6.139000058174133E-001
  -9.745000004768372E-001
       -1.420199990272522
       -1.610499978065491
       -1.477800011634827
       -1.629099965095520
       -1.699599981307983
       -1.352599978446960
       -1.756100058555603
  -9.699000120162964E-001
  -1.111000031232834E-001
  -9.857000112533569E-001
       -1.645499944686890
   2.298000007867813E-001
   9.042000174522400E-001
   6.804999709129334E-001
        1.161599993705750
   8.687999844551086E-001
   9.124000072479248E-001
   9.939999878406525E-002
   8.205000162124634E-001
        1.280099987983704
   1.429000049829483E-001
   3.048000037670136E-001
   3.402999937534332E-001
   5.195999741554260E-001
   3.391000032424927E-001
   6.043999791145325E-001
   2.381999939680100E-001
   6.403999924659729E-001
  -3.379000127315521E-001
  -8.590000122785568E-002
  -6.606000065803528E-001
   4.587999880313873E-001
  -6.999999750405550E-004
  -2.802999913692474E-001
  -7.565000057220459E-001
  -8.988999724388123E-001
       -2.765000104904175
       -2.362400054931641
       -2.780200004577637
       -1.803900003433228
       -1.555699944496155
       -1.702999949455261
       -1.223799943923950
  -7.742999792098999E-001
  -6.539000272750855E-001
  -4.068000018596649E-001
  -4.080000147223473E-002
  -8.026000261306763E-001
  -3.255999982357025E-001
   2.089999988675118E-002
  -1.273999959230423E-001
       -1.008700013160706
       -1.087299942970276
       -1.962700009346008
       -1.937899947166443
       -1.722699999809265
  -4.298999905586243E-001
  -5.325999855995178E-001
  -6.895999908447266E-001
  -7.002999782562256E-001
       -1.498999953269959
  -8.490999937057495E-001
  -9.484999775886536E-001
       -2.251800060272217
       -1.557600021362305
       -1.005300045013428
       -1.216500043869019
       -1.125800013542175
  -8.083000183105469E-001
  -7.825999855995178E-001
  -5.493999719619751E-001
  -3.486999869346619E-001
  -2.920000068843365E-002
  -1.412000060081482E-001
        1.167799949645996
        1.159399986267090
        1.178699970245361
        1.571200013160706
   7.224000096321106E-001
        1.398399949073792
        1.003200054168701
   2.055000066757202E-001
   3.282999992370606E-001
   6.068999767303467E-001
  -4.072000086307526E-001
  -3.070000112056732E-001
   1.884000003337860E-001
   8.049999922513962E-002
  -6.115999817848206E-001
  -2.012999951839447E-001
  -8.270000219345093E-001
   7.609999924898148E-002
   6.495000123977661E-001
  -2.419999986886978E-002
  -7.943999767303467E-001
       -1.586899995803833
       -1.947000026702881
       -2.354599952697754
       -2.039499998092651
       -2.431299924850464
       -1.442399978637695
       -1.708099961280823
       -1.414600014686585
       -1.527099967002869
  -5.138999819755554E-001
   2.815000116825104E-001
  -1.420000009238720E-002
  -5.123000144958496E-001
  -2.633999884128571E-001
  -1.629000008106232E-001
  -5.990999937057495E-001
  -8.792999982833862E-001
       -1.268599987030029
       -1.422000050544739
       -1.702600002288818
       -1.824300050735474
  -8.750000000000000E-001
       -1.124199986457825
       -1.326200008392334
       -1.663100004196167
       -1.262099981307983
       -1.050400018692017
       -1.556300044059753
       -1.542799949645996
       -1.640200018882752
       -1.329200029373169
  -1.555999964475632E-001
  -3.668999969959259E-001
  -3.060000017285347E-002
  -9.790000319480896E-002
  -7.580000162124634E-002
  -4.639999940991402E-002
   4.708000123500824E-001
   5.505999922752380E-001
  -1.500000013038516E-003
   7.617999911308289E-001
   8.715999722480774E-001
        1.102599978446960
   6.190000176429749E-001
   8.841999769210815E-001
        1.414000034332275
        1.425199985504150
   7.685999870300293E-001
   3.248000144958496E-001
   5.268999934196472E-001
  -5.845000147819519E-001
   7.368999719619751E-001
   8.302999734878540E-001
   1.547999978065491E-001
  -9.839999675750732E-002
   1.640000008046627E-002
   2.334000021219254E-001
   4.210000038146973E-001
   5.156999826431274E-001
   9.089999645948410E-002
       -1.530799984931946
       -1.527699947357178
       -1.514199972152710
       -1.742400050163269
       -2.024100065231323
       -1.807100057601929
       -1.099200010299683
       -1.503700017929077
  -9.099000096321106E-001
  -7.567999958992004E-001
   7.754999995231628E-001
  -9.860000014305115E-001
  -4.009999930858612E-001
  -3.361999988555908E-001
       -1.041300058364868
  -2.310999929904938E-001
  -4.957000017166138E-001
  -6.697000265121460E-001
       -1.211300015449524
       -2.319099903106690
       -2.019700050354004
       -2.745500087738037
       -1.961699962615967
       -1.422600030899048
       -1.376399993896484
  -8.553000092506409E-001
  -8.022999763488770E-001
  -6.837999820709229E-001
  -6.894999742507935E-001
  -5.744000077247620E-001
  -2.842999994754791E-001
  -3.373999893665314E-001
   2.759000062942505E-001
   5.856999754905701E-001
  -2.342000007629395E-001
  -9.826999902725220E-001
  -4.178999960422516E-001
  -3.481999933719635E-001
  -4.890000075101852E-002
   2.114000022411346E-001
   1.400000005960465E-001
   5.860000103712082E-002
   6.607000231742859E-001
        2.297100067138672
        1.535300016403198
   9.866999983787537E-001
        1.473399996757507
        1.414800047874451
   8.859000205993652E-001
        1.142199993133545
        1.001000046730042
        1.575799942016602
   6.632999777793884E-001
   4.031000137329102E-001
   6.198999881744385E-001
   4.990000128746033E-001
   2.755999863147736E-001
   8.919999748468399E-002
  -1.762000024318695E-001
  -1.649999991059303E-002
  -7.595999836921692E-001
  -9.171000123023987E-001
       -1.417199969291687
       -1.137699961662293
  -5.378999710083008E-001
   3.359999880194664E-002
  -7.271000146865845E-001
  -4.905999898910523E-001
   4.320000112056732E-002
  -9.060999751091003E-001
   4.485999941825867E-001
   8.126000165939331E-001
   2.052000015974045E-001
  -1.803999990224838E-001
  -8.500000461935997E-003
  -4.808000028133392E-001
  -1.224000006914139E-001
  -8.892999887466431E-001
  -9.179000258445740E-001
       -1.202700018882752
       -2.697799921035767
       -2.624700069427490
       -2.770200014114380
       -1.613199949264526
  -7.214999794960022E-001
       -1.338500022888184
       -1.435099959373474
       -2.033400058746338
       -1.034299969673157
       -1.059299945831299
   2.567000091075897E-001
   1.246000006794930E-001
   7.270000129938126E-002
  -4.900000058114529E-003
   3.917999863624573E-001
  -3.743000030517578E-001
  -8.969999849796295E-002
  -2.358999997377396E-001
  -7.476999759674072E-001
  -6.302999854087830E-001
   1.233000010251999E-001
       -1.028699994087219
        1.030900001525879
        1.310700058937073
   9.588999748229981E-001
   9.811999797821045E-001
        1.331400036811829
        1.581300020217896
        1.709300041198731
        2.521199941635132
        2.001499891281128
        1.945600032806397
        1.527300000190735
   8.248999714851379E-001
   3.481999933719635E-001
  -2.486999928951263E-001
   6.043000221252441E-001
   3.113999962806702E-001
   4.047999978065491E-001
        1.311400055885315
   1.106999963521957E-001
  -8.640999794006348E-001
  -5.407000184059143E-001
  -2.720000147819519E-001
   5.835000276565552E-001
   9.516999721527100E-001
   4.462000131607056E-001
   1.457999944686890E-001
   4.336999952793121E-001
   8.845000267028809E-001
   7.710999846458435E-001
   6.796000003814697E-001
   6.911000013351440E-001
  -9.499999880790710E-002
  -2.397000044584274E-001
  -6.848999857902527E-001
  -4.997000098228455E-001
  -4.857000112533569E-001
  -9.605000019073486E-001
       -2.133300065994263
       -2.320100069046021
       -2.633199930191040
       -1.827999949455261
       -2.358599901199341
       -1.367300033569336
  -6.165000200271606E-001
       -1.023800015449524
  -8.942000269889832E-001
       -1.311300039291382
       -1.148599982261658
   2.696999907493591E-001
  -2.340999990701675E-001
  -8.691999912261963E-001
  -7.799999713897705E-001
  -4.217000007629395E-001
  -2.360000014305115E-001
  -5.169000029563904E-001
  -4.471000134944916E-001
  -9.276999831199646E-001
  -5.245000123977661E-001
       -1.046300053596497
       -1.024399995803833
        1.636999964714050
        1.718600034713745
        1.547799944877625
        1.366099953651428
        1.027999997138977
        1.704499959945679
        2.600800037384033
        2.481199979782105
        1.937999963760376
        2.782299995422363
        1.387099981307983
   9.858999848365784E-001
        1.618100047111511
   9.057999849319458E-001
   9.843999743461609E-001
   6.378999948501587E-001
        1.192800045013428
   6.474999785423279E-001
        1.010100007057190
   4.754999876022339E-001
   7.286000251770020E-001
   7.537999749183655E-001
   7.276999950408936E-001
        1.103700041770935
   4.133000075817108E-001
   6.248000264167786E-001
   5.501000285148621E-001
        1.419700026512146
        1.285500049591065
        1.916399955749512
        1.282400012016296
   5.616999864578247E-001
   7.970000058412552E-002
  -1.553999930620194E-001
  -4.972999989986420E-001
  -6.779000163078308E-001
  -6.450999975204468E-001
       -1.530099987983704
       -1.373399972915649
       -1.762400031089783
       -2.010900020599365
       -1.942700028419495
       -1.411000013351440
  -8.407999873161316E-001
       -1.462700009346008
       -1.465600013732910
       -1.638599991798401
  -7.465000152587891E-001
       -1.174200057983398
       -1.105000019073486
       -1.378299951553345
       -1.193099975585938
       -1.148300051689148
       -1.229099988937378
  -7.251999974250794E-001
       -1.255200028419495
       -1.621700048446655
  -4.481999874114990E-001
  -3.404999971389771E-001
  -1.268000006675720E-001
   5.712000131607056E-001
   6.773999929428101E-001
        1.474799990653992
        2.113899946212769
        1.521499991416931
        1.026399970054627
        1.878200054168701
        2.595599889755249
        2.700000047683716
        2.491199970245361
        1.403499960899353
   7.253999710083008E-001
        1.779700040817261
        1.686400055885315
        1.759600043296814
        1.367300033569336
   9.595000147819519E-001
   8.741000294685364E-001
   7.113000154495239E-001
        1.581099987030029
        1.356899976730347
        1.212399959564209
        1.637699961662293
   9.649000167846680E-001
        1.120399951934815
   8.956000208854675E-001
  -2.193000018596649E-001
   3.819999992847443E-001
        1.340999960899353
        2.051800012588501
   7.914999723434448E-001
  -4.641999900341034E-001
  -2.559999935328960E-002
   4.510999917984009E-001
   4.287999868392944E-001
  -5.066000223159790E-001
       -1.343500018119812
       -2.172399997711182
       -1.508100032806397
       -1.665699958801270
       -2.367000102996826
       -1.297099947929382
  -9.714000225067139E-001
       -1.271600008010864
       -1.300199985504150
       -1.655300021171570
       -1.805899977684021
       -1.438799977302551
       -1.066599965095520
       -1.319900035858154
  -7.585999965667725E-001
  -7.968999743461609E-001
  -9.765999913215637E-001
  -4.447000026702881E-001
       -1.282099962234497
       -1.221799969673157
       -1.002400040626526
  -4.828000068664551E-001
  -4.555000066757202E-001
   7.069999724626541E-002
  -1.005000025033951E-001
   5.644999742507935E-001
        1.098199963569641
        1.228999972343445
        1.141499996185303
        1.471300005912781
        1.267099976539612
        2.139499902725220
        2.567399978637695
        2.937599897384644
        1.561499953269959
        1.733299970626831
        1.740800023078919
        1.725100040435791
        2.081799983978272
        1.526200056076050
        1.391299962997437
        1.452900052070618
        1.575399994850159
        1.774199962615967
        1.975999951362610
        1.750800013542175
        1.043599963188171
   9.223999977111816E-001
   6.991000175476074E-001
   1.956000030040741E-001
        1.185600042343140
   3.682000041007996E-001
        1.498499989509583
        1.269199967384338
   6.133999824523926E-001
  -6.823999881744385E-001
  -2.129999920725822E-002
   7.764000296592712E-001
  -6.586999893188477E-001
  -7.070000171661377E-001
       -1.080800056457520
  -8.842999935150147E-001
       -1.404000043869019
       -1.720499992370606
       -2.519700050354004
       -1.282099962234497
       -1.051200032234192
       -1.591199994087219
       -1.285400032997131
  -9.667000174522400E-001
  -9.272000193595886E-001
       -1.269600033760071
       -1.498900055885315
       -1.186499953269959
  -5.243999958038330E-001
  -9.118999838829041E-001
  -7.870000004768372E-001
   2.922999858856201E-001
  -7.516000270843506E-001
       -1.168200016021729
       -1.721500039100647
  -4.866000115871429E-001
   5.903000235557556E-001
  -6.327000260353088E-001
   1.150000002235174E-002
   8.044000267982483E-001
        1.186100006103516
        1.945299983024597
        2.066099882125855
        2.112400054931641
        2.715800046920776
        3.017100095748901
        2.973999977111816
        1.279899954795837
        1.427000045776367
        1.602200031280518
        1.957000017166138
        1.930600047111511
        1.600000023841858
        2.539499998092651
        1.183400034904480
        1.894099950790405
        2.354000091552734
        2.512000083923340
        1.608600020408630
        1.050600051879883
   3.503000140190125E-001
        1.041499972343445
   7.003999948501587E-001
   6.021999716758728E-001
        1.168699979782105
        1.398300051689148
   7.118999958038330E-001
        1.292500019073486
   4.587000012397766E-001
  -4.013000130653381E-001
  -4.284000098705292E-001
  -1.076999977231026E-001
  -5.317999720573425E-001
  -3.675000071525574E-001
       -1.405300021171570
       -1.202100038528442
       -1.468700051307678
       -1.156499981880188
       -2.171799898147583
  -3.862000107765198E-001
   8.820000290870667E-002
       -1.050099968910217
       -1.101899981498718
       -1.049399971961975
  -3.738000094890595E-001
       -1.492400050163269
  -6.348000168800354E-001
  -7.179999947547913E-001
  -5.533999800682068E-001
  -3.851000070571899E-001
  -4.916999936103821E-001
  -1.332000046968460E-001
  -3.655000030994415E-001
  -3.700000047683716E-002
  -4.356000125408173E-001
  -3.990000113844872E-002
  -4.047000110149384E-001
       -1.725000023841858
   5.510000139474869E-002
   9.666000008583069E-001
        1.107100009918213
        1.250800013542175
        1.323799967765808
        1.428200006484985
        1.618700027465820
        2.313499927520752
        2.404200077056885
        1.877099990844727
        1.735499978065491
        1.513000011444092
        1.615100026130676
        1.341799974441528
        1.384400010108948
        1.144099950790405
        1.628200054168701
        2.130899906158447
        2.345400094985962
        2.551899909973145
        1.811400055885315
        1.054900050163269
        1.004699945449829
   9.537000060081482E-001
   9.708999991416931E-001
        1.903100013732910
        1.243899941444397
        1.659500002861023
        1.628299951553345
   8.094000220298767E-001
   2.439000010490418E-001
  -7.842000126838684E-001
  -8.525000214576721E-001
  -3.389999866485596E-001
  -4.564999938011169E-001
  -8.691999912261963E-001
       -1.676200032234192
       -1.617599964141846
       -1.044899940490723
  -3.808000087738037E-001
  -2.784999907016754E-001
   1.199000030755997E-001
   4.056999981403351E-001
   6.161000132560730E-001
   1.564999967813492E-001
   1.238000020384789E-001
   2.529999986290932E-002
       -1.218400001525879
       -1.042500019073486
       -1.416499972343445
  -3.052999973297119E-001
       -1.073799967765808
  -4.366999864578247E-001
  -9.743000268936157E-001
  -4.180000126361847E-001
  -5.100000184029341E-003
   5.550000071525574E-002
  -1.960999965667725E-001
  -4.844000041484833E-001
  -8.055999875068665E-001
   9.667999744415283E-001
        1.006800055503845
   8.009999990463257E-001
        1.750900030136108
        1.073699951171875
        1.386999964714050
        1.564299941062927
        1.584900021553040
        1.499400019645691
        1.480700016021729
   9.927999973297119E-001
        1.172799944877625
   3.294000029563904E-001
   4.469999969005585E-001
   6.054000258445740E-001
   6.378999948501587E-001
        1.087100028991699
        1.052099943161011
        2.361099958419800
        3.206899881362915
        2.516999959945679
        1.804600000381470
   8.447999954223633E-001
   7.688000202178955E-001
        1.047600030899048
        1.317000031471252
        1.295699954032898
        1.641199946403503
        1.790199995040894
   6.338999867439270E-001
   3.379000127315521E-001
  -2.268999963998795E-001
  -5.593000054359436E-001
       -1.189900040626526
       -1.146199941635132
       -1.525799989700317
       -2.044899940490723
       -1.409000039100647
  -3.671999871730804E-001
   4.408999979496002E-001
   5.127000212669373E-001
   5.088999867439270E-001
  -4.047000110149384E-001
   2.497999966144562E-001
   1.817999929189682E-001
   9.686999917030335E-001
   2.630000002682209E-002
  -8.607000112533569E-001
  -3.186999857425690E-001
       -1.187500000000000
  -6.100999712944031E-001
       -1.006899952888489
   2.859999984502792E-002
  -2.511999905109406E-001
  -2.041999995708466E-001
  -9.600000455975533E-003
  -5.651999711990356E-001
  -3.991999924182892E-001
  -3.853999972343445E-001
  -8.417000174522400E-001
   9.614999890327454E-001
   7.688999772071838E-001
        1.986400008201599
        1.395099997520447
        2.171499967575073
        1.672899961471558
        1.569700002670288
   6.672999858856201E-001
        1.238700032234192
        1.745800018310547
   2.333000004291534E-001
   4.462999999523163E-001
   3.889999911189079E-002
   1.695999950170517E-001
  -3.314000070095062E-001
   1.093000024557114E-001
        1.278800010681152
        1.815199971199036
        1.576200008392334
        2.767499923706055
        2.393100023269653
        1.987800002098084
        1.723199963569641
        1.270799994468689
        1.442600011825562
        1.486400008201599
   8.596000075340271E-001
        1.545099973678589
        1.692100048065186
   6.531000137329102E-001
        1.076599955558777
  -2.448000013828278E-001
  -5.820999741554260E-001
       -1.398399949073792
       -1.473299980163574
       -1.123800039291382
       -1.189000010490418
       -1.426900029182434
  -5.133000016212463E-001
  -6.840000152587891E-001
   7.769999653100967E-002
   5.228000283241272E-001
  -3.750999867916107E-001
   7.110000252723694E-001
   8.049999922513962E-002
   5.090000107884407E-002
   2.285999953746796E-001
  -6.823999881744385E-001
   3.206999897956848E-001
  -1.280999928712845E-001
  -3.639999926090241E-001
  -1.653999984264374E-001
   5.080000162124634E-001
   6.405000090599060E-001
  -5.299999844282866E-003
  -7.602999806404114E-001
       -1.057100057601929
       -1.310400009155273
       -1.416599988937378
       -1.158100008964539
  -1.101000010967255E-001
   8.501999974250794E-001
        1.193300008773804
        1.646499991416931
        1.035099983215332
   7.562000155448914E-001
   7.615000009536743E-001
   7.487999796867371E-001
   3.366999924182892E-001
   8.375999927520752E-001
   3.438999950885773E-001
  -1.299999952316284E-001
  -7.087000012397766E-001
  -7.111999988555908E-001
       -1.142400026321411
  -5.303999781608582E-001
   9.029999971389771E-001
        1.405200004577637
        1.458199977874756
        1.301300048828125
        2.116800069808960
        1.923900008201599
        1.918400049209595
        1.009899973869324
        1.432100057601929
   2.870999872684479E-001
   3.679000139236450E-001
        1.358600020408630
        1.849300026893616
        1.195600032806397
   1.042999997735024E-001
   3.282999992370606E-001
  -2.081000059843063E-001
  -5.918999910354614E-001
       -1.254699945449829
       -1.375699996948242
       -1.757200002670288
  -7.405999898910523E-001
  -5.813999772071838E-001
   1.462000012397766E-001
   1.614000052213669E-001
   6.164000034332275E-001
   3.050000034272671E-002
   2.682999968528748E-001
   4.979000091552734E-001
   7.452999949455261E-001
   7.089999914169312E-001
   1.445000022649765E-001
   5.735999941825867E-001
   2.624999880790710E-001
   4.309999942779541E-002
  -7.590000331401825E-002
   1.193000003695488E-001
   1.057000011205673E-001
   1.024999991059303E-001
  -3.558999896049500E-001
  -5.350999832153320E-001
  -8.848999738693237E-001
       -1.378700017929077
       -1.180199980735779
  -8.187000155448914E-001
  -2.749999985098839E-002
   8.866000175476074E-001
        1.103099942207336
   3.929999843239784E-002
  -4.675999879837036E-001
   3.150000050663948E-002
   8.276000022888184E-001
   1.864999979734421E-001
   7.067999839782715E-001
   8.346999883651733E-001
   2.999999932944775E-002
  -6.049000024795532E-001
  -8.968999981880188E-001
  -1.955000013113022E-001
  -6.801000237464905E-001
   2.590000070631504E-002
   8.799999952316284E-001
   2.462999969720841E-001
        1.094200015068054
   1.791000068187714E-001
        1.105499982833862
        1.448600053787231
        2.149399995803833
   5.993999838829041E-001
   4.609999954700470E-001
   5.164999961853027E-001
        1.495599985122681
        1.706099987030029
        1.135800004005432
        1.058400034904480
   6.251000165939331E-001
  -1.682000011205673E-001
  -1.590999960899353E-001
       -1.402099967002869
       -2.055299997329712
       -1.698300004005432
       -1.531000018119812
   5.420000106096268E-002
  -2.876000106334686E-001
  -1.617999970912933E-001
  -1.983000040054321E-001
  -6.266000270843506E-001
   4.360000044107437E-002
   2.185000032186508E-001
        1.130200028419495
   4.056999981403351E-001
   3.639999926090241E-001
   1.585000008344650E-001
   9.914000034332275E-001
   2.295999974012375E-001
  -5.504000186920166E-001
  -6.859999895095825E-002
   2.170000039041042E-002
  -8.533999919891357E-001
  -8.145999908447266E-001
  -4.571999907493591E-001
  -9.981999993324280E-001
  -7.045000195503235E-001
  -7.487999796867371E-001
   3.186999857425690E-001
   3.849999979138374E-002
   8.070999979972839E-001
   7.214000225067139E-001
  -4.050999879837036E-001
  -4.950000047683716E-001
   3.140000104904175E-001
  -5.630000233650208E-001
   5.744000077247620E-001
   9.099999815225601E-002
   9.165999889373779E-001
  -2.173999994993210E-001
  -7.829999923706055E-002
  -3.686000108718872E-001
  -9.562000036239624E-001
  -6.376000046730042E-001
   1.621000021696091E-001
  -4.404999911785126E-001
   7.976999878883362E-001
        1.070399999618530
        1.045400023460388
   6.205000281333923E-001
   9.513000249862671E-001
        1.616999983787537
   7.662000060081482E-001
   7.534999847412109E-001
        1.104599952697754
        1.277400016784668
        1.281299948692322
        1.788599967956543
        1.721099972724915
   3.607999980449677E-001
   8.899999856948853E-001
   5.202000141143799E-001
  -6.172999739646912E-001
  -9.909999966621399E-001
  -4.555999934673309E-001
  -7.268999814987183E-001
  -1.442999988794327E-001
       -1.180099964141846
       -1.904000043869019
  -7.109000086784363E-001
  -3.867999911308289E-001
   4.305999875068665E-001
   2.152000069618225E-001
   3.623999953269959E-001
   3.583999872207642E-001
  -1.930000036954880E-001
  -1.171000003814697E-001
   2.433000057935715E-001
   9.480000287294388E-002
  -1.941999942064285E-001
  -4.990999996662140E-001
  -8.790000081062317E-001
  -7.872999906539917E-001
  -7.657999992370606E-001
  -7.817999720573425E-001
  -1.607999950647354E-001
  -1.674000024795532E-001
       -1.193400025367737
  -4.259000122547150E-001
   5.842000246047974E-001
   4.724999964237213E-001
   7.591000199317932E-001
  -1.500999927520752E-001
  -7.918999791145325E-001
  -3.971999883651733E-001
   2.894999980926514E-001
   6.248000264167786E-001
  -2.810000069439411E-002
   4.724999964237213E-001
  -6.132000088691711E-001
  -6.243000030517578E-001
   2.343000024557114E-001
   1.233000010251999E-001
  -3.754999935626984E-001
  -6.129999831318855E-002
  -6.995000243186951E-001
  -1.271000057458878E-001
   8.762000203132629E-001
        1.413800001144409
        1.474200010299683
        1.387599945068359
        1.469099998474121
        1.394500017166138
        1.305699944496155
        1.695799946784973
        1.895400047302246
        2.269799947738648
        2.075999975204468
   8.784000277519226E-001
   9.850000143051148E-001
        1.206300020217896
        1.355399966239929
   6.836000084877014E-001
   3.280000016093254E-002
   2.628000080585480E-001
   6.022999882698059E-001
  -2.610999941825867E-001
       -1.167000055313110
       -1.635400056838989
  -5.105000138282776E-001
   1.220000013709068E-001
   4.354000091552734E-001
        1.095000028610230
   4.302999973297119E-001
  -1.489999983459711E-002
   2.955999970436096E-001
   7.175999879837036E-001
   3.115999996662140E-001
  -3.156999945640564E-001
  -2.371000051498413E-001
  -7.817000150680542E-001
  -6.911000013351440E-001
       -1.056200027465820
       -1.101099967956543
  -1.312000006437302E-001
  -1.572999954223633E-001
       -1.064000010490418
  -7.039999961853027E-001
  -5.047000050544739E-001
  -6.236000061035156E-001
   4.214000105857849E-001
  -3.617999851703644E-001
  -1.860000006854534E-002
  -9.380000084638596E-002
  -5.195000171661377E-001
   4.433000087738037E-001
   5.810000002384186E-002
  -5.240000039339066E-002
   2.824999988079071E-001
  -9.402999877929688E-001
  -5.805000066757202E-001
  -8.313000202178955E-001
   1.724999994039536E-001
  -2.099000066518784E-001
  -2.301000058650971E-001
  -3.953999876976013E-001
   4.916999936103821E-001
        1.252599954605103
        1.922500014305115
        1.522799968719482
   6.883000135421753E-001
  -3.427999913692474E-001
   9.168000221252441E-001
        1.494099974632263
        1.880499958992004
        1.907799959182739
        1.974300026893616
        2.192199945449829
        1.319700002670288
        1.563400030136108
        2.497499942779541
        1.890499949455261
        2.188699960708618
        1.472800016403198
   8.162000179290772E-001
        1.738999962806702
   1.447000056505203E-001
  -3.819999992847443E-001
  -8.489999771118164E-001
  -3.629999980330467E-002
   1.590999960899353E-001
  -4.900999963283539E-001
   7.132999897003174E-001
  -2.872999906539917E-001
   4.293000102043152E-001
        1.414499998092651
   8.044999837875366E-001
   3.456000089645386E-001
   5.939999967813492E-002
  -4.199999868869782E-001
       -1.075500011444092
  -6.437000036239624E-001
  -3.255000114440918E-001
  -9.918000102043152E-001
  -3.312000036239624E-001
  -1.228000000119209E-001
  -5.850999951362610E-001
   2.292000055313110E-001
       -1.662400007247925
       -1.666200041770935
       -1.259099960327148
  -4.781000018119812E-001
  -6.356999874114990E-001
  -3.617999851703644E-001
  -2.334000021219254E-001
  -1.416999995708466E-001
  -2.405000030994415E-001
   2.213999927043915E-001
       -1.163900017738342
  -4.788999855518341E-001
       -1.003499984741211
       -1.057399988174439
  -1.829999983310700E-001
   1.321000009775162E-001
   9.160000085830689E-002
  -1.102999970316887E-001
   1.435000002384186E-001
        1.535199999809265
        1.378200054168701
   5.009999871253967E-001
   8.730999827384949E-001
   5.540000200271606E-001
   9.434999823570252E-001
   6.779000163078308E-001
        1.052700042724609
        1.798300027847290
        2.328099966049194
        1.871999979019165
        1.128299951553345
        1.580600023269653
        2.378499984741211
        1.313500046730042
        1.877200007438660
        2.790299892425537
        1.858700037002564
   7.645000219345093E-001
   9.215000271797180E-001
  -9.200999736785889E-001
   4.456999897956848E-001
   7.792000174522400E-001
   4.503999948501587E-001
  -3.621999919414520E-001
   9.600000083446503E-002
   7.379999756813049E-002
   9.308999776840210E-001
        1.297099947929382
        1.363700032234192
   3.646999895572662E-001
   1.562000066041946E-001
  -4.771000146865845E-001
  -7.768999934196472E-001
       -1.158200025558472
  -3.100000023841858E-001
  -4.806999862194061E-001
  -2.246000021696091E-001
  -7.548000216484070E-001
   1.204999983310700E-001
  -2.390999943017960E-001
  -1.710000075399876E-002
  -3.440000116825104E-002
  -4.153000116348267E-001
  -2.975000143051148E-001
   1.036999970674515E-001
   1.974000036716461E-001
  -1.932000070810318E-001
  -4.138999879360199E-001
  -5.637999773025513E-001
  -4.749999940395355E-002
  -6.765000224113464E-001
       -1.421000003814697
       -1.393499970436096
       -1.187199950218201
  -2.720000036060810E-002
   1.255999952554703E-001
   6.939999759197235E-002
  -4.510999917984009E-001
  -5.338000059127808E-001
   4.724000096321106E-001
        1.203099966049194
   6.916000247001648E-001
   4.075999855995178E-001
   5.349000096321106E-001
   3.801000118255615E-001
        1.020900011062622
        1.048699975013733
        2.118700027465820
        2.155299901962280
        2.061700105667114
   9.957000017166138E-001
   7.847999930381775E-001
        1.255800008773804
        1.672399997711182
        1.890799999237061
        1.869300007820129
        1.660599946975708
        1.782500028610230
   4.783000051975250E-001
   2.933999896049500E-001
        1.050300002098084
   5.217999815940857E-001
   2.687999904155731E-001
  -5.260000005364418E-002
  -1.323000043630600E-001
  -3.167999982833862E-001
  -3.802999854087830E-001
  -3.352000117301941E-001
   7.408999800682068E-001
   4.169000089168549E-001
   2.190999984741211E-001
   3.163000047206879E-001
  -8.518000245094299E-001
  -6.244000196456909E-001
  -5.784000158309937E-001
   4.129999876022339E-001
        1.125000000000000
   4.485999941825867E-001
   4.230000078678131E-002
   1.168000027537346E-001
   3.680000007152557E-001
   5.310999751091003E-001
   3.980000019073486E-001
   6.219000220298767E-001
  -1.400000005960465E-001
  -5.778999924659729E-001
       -1.117200016975403
  -7.871000170707703E-001
       -1.097200036048889
  -7.752000093460083E-001
       -1.595900058746338
       -1.460500001907349
       -1.064700007438660
  -6.244000196456909E-001
   5.878999829292297E-001
   1.518000066280365E-001
   6.949999928474426E-002
  -7.275000214576721E-001
   4.370000064373016E-001
  -1.118000000715256E-001
  -1.097000017762184E-001
  -7.100000232458115E-002
  -8.543000221252441E-001
   7.637000083923340E-001
        1.384400010108948
        2.028000116348267
        1.845499992370606
        1.655699968338013
        2.165899991989136
   8.723000288009644E-001
   4.548999965190888E-001
   4.870000109076500E-002
   7.283999919891357E-001
        1.116299986839294
        1.534000039100647
        1.739400029182434
        1.404899954795837
        2.112299919128418
        1.511899948120117
        1.168799996376038
        1.656000018119812
        1.500100016593933
   5.389000177383423E-001
   2.588999867439270E-001
  -3.014000058174133E-001
  -9.660999774932861E-001
  -5.673000216484070E-001
  -4.138999879360199E-001
  -2.221000045537949E-001
   2.740000002086163E-002
   7.125999927520752E-001
   6.028000116348267E-001
  -2.721999883651733E-001
  -9.955999851226807E-001
  -6.552000045776367E-001
   4.535999894142151E-001
  -8.120000362396240E-002
   1.171000003814697E-001
  -1.661999970674515E-001
  -9.059999883174896E-002
   1.643999963998795E-001
   8.450000286102295E-001
   5.212000012397766E-001
   8.536000251770020E-001
  -6.589999794960022E-002
       -1.625699996948242
       -1.349099993705750
       -1.641499996185303
       -1.608399987220764
       -1.194900035858154
  -5.809999704360962E-001
  -6.445999741554260E-001
  -1.704999953508377E-001
   1.942999958992004E-001
   5.869999900460243E-002
   2.506999969482422E-001
  -4.733999967575073E-001
  -7.146999835968018E-001
  -5.572999715805054E-001
  -5.260999798774719E-001
  -7.810000181198120E-001
  -5.469999909400940E-001
  -3.080999851226807E-001
   4.077000021934509E-001
        1.653200030326843
        2.904000043869019
        1.733000040054321
        1.633499979972839
   7.967000007629395E-001
        1.144999980926514
   5.498999953269959E-001
  -8.359999954700470E-002
   9.639000296592712E-001
        1.083799958229065
        1.902899980545044
        1.555099964141846
        1.216699957847595
        1.553400039672852
        1.795400023460388
   9.017999768257141E-001
        1.274700045585632
        1.661700010299683
   5.967000126838684E-001
   7.754999995231628E-001
   1.899999976158142E-001
  -3.420999944210053E-001
  -9.539999812841415E-002
   9.839999675750732E-002
  -2.138999998569489E-001
   8.726999759674072E-001
        1.836699962615967
        1.023300051689148
   8.510000258684158E-002
  -6.597999930381775E-001
       -1.016499996185303
  -1.488000005483627E-001
   9.300000220537186E-002
   3.280000090599060E-001
   9.480999708175659E-001
        1.307000041007996
   6.445999741554260E-001
   6.812999844551086E-001
   4.654000103473663E-001
   4.360000044107437E-002
  -6.656000018119812E-001
       -1.171000003814697
       -1.596500039100647
  -5.760999917984009E-001
  -8.323000073432922E-001
  -6.316000223159790E-001
  -3.156000077724457E-001
  -3.327000141143799E-001
  -2.413000017404556E-001
  -2.942999899387360E-001
  -5.388000011444092E-001
  -3.590000048279762E-002
  -2.433999925851822E-001
  -8.751999735832214E-001
       -1.038599967956543
  -9.613999724388123E-001
  -3.738000094890595E-001
   9.420000016689301E-002
   8.485999703407288E-001
   7.452999949455261E-001
        1.281100034713745
        2.171299934387207
        2.245399951934815
   9.875000119209290E-001
   7.200999855995178E-001
   5.224000215530396E-001
   4.397000074386597E-001
   3.955999910831451E-001
   2.222000062465668E-001
   6.549999713897705E-001
   8.758000135421753E-001
        1.407199978828430
        1.358299970626831
        1.495200037956238
        1.025200009346008
   5.873000025749207E-001
  -3.100999891757965E-001
   1.970999985933304E-001
   5.586000084877014E-001
   6.545000076293945E-001
   3.953999876976013E-001
  -3.300999999046326E-001
  -6.939999759197235E-002
  -8.014000058174133E-001
   1.735000014305115E-001
        1.498900055885315
        1.379299998283386
        1.001700043678284
   8.219000101089478E-001
   3.510000184178352E-002
  -7.164999842643738E-001
  -2.029999941587448E-001
  -4.430000111460686E-002
   6.195999979972839E-001
        1.451900005340576
        1.270300030708313
   2.676999866962433E-001
   7.207999825477600E-001
   5.092999935150147E-001
   1.240999996662140E-001
  -7.455000281333923E-001
       -1.015799999237061
       -1.108500003814697
       -1.221600055694580
       -1.167099952697754
       -1.049299955368042
  -6.236000061035156E-001
   5.759999901056290E-002
  -2.797999978065491E-001
  -2.319999933242798E-001
   3.357999920845032E-001
  -6.161999702453613E-001
  -6.514000296592712E-001
       -1.328099966049194
       -1.438300013542175
       -2.024699926376343
  -2.804000079631805E-001
        1.122300028800964
   3.274999856948853E-001
        1.116799950599670
        1.434100031852722
        1.425300002098084
        1.598999977111816
        1.228099942207336
   7.588999867439270E-001
   6.367999911308289E-001
   8.719999790191650E-001
   9.254000186920166E-001
   5.083000063896179E-001
   4.325000047683716E-001
   6.272000074386597E-001
        1.054800033569336
        1.069499969482422
   9.718999862670898E-001
   4.196999967098236E-001
  -3.463000059127808E-001
  -6.298000216484070E-001
  -3.330999910831451E-001
   4.472999870777130E-001
   7.912999987602234E-001
  -5.236999988555908E-001
   2.474000006914139E-001
   6.419999897480011E-002
  -4.126999974250794E-001
        1.107300043106079
        1.323699951171875
        1.666000008583069
        1.179299950599670
  -9.910000115633011E-002
   3.880000114440918E-002
       -1.291800022125244
  -9.175999760627747E-001
  -5.938000082969666E-001
   6.359999775886536E-001
   9.628000259399414E-001
   8.554000258445740E-001
   2.888000011444092E-001
   3.747999966144562E-001
   3.319000005722046E-001
  -1.415999978780747E-001
  -1.045999974012375E-001
  -9.592000246047974E-001
       -1.167000055313110
  -9.103000164031982E-001
       -1.258700013160706
       -1.552199959754944
  -8.259999752044678E-002
   2.818000018596649E-001
   4.880999922752380E-001
  -4.963999986648560E-001
  -5.382000207901001E-001
       -1.147799968719482
       -1.932500004768372
       -1.543499946594238
       -2.063199996948242
       -1.554999947547913
  -8.036000132560730E-001
   4.693000018596649E-001
   1.189000010490418E-001
   3.102999925613403E-001
   9.840000271797180E-001
   7.174000144004822E-001
   6.607999801635742E-001
        1.150200009346008
   7.132999897003174E-001
        1.556300044059753
        1.566400051116943
        1.240599989891052
   5.522000193595886E-001
   8.694000244140625E-001
        1.209499955177307
        1.031999945640564
   1.092000007629395E-001
   4.011000096797943E-001
   2.393999993801117E-001
   1.303000003099442E-001
  -9.909999966621399E-001
  -6.721000075340271E-001
   2.554999887943268E-001
        1.180299997329712
   2.888000011444092E-001
   1.353999972343445E-001
   1.844999939203262E-001
   2.330999970436096E-001
        1.084300041198731
        1.213000059127808
   9.689999818801880E-001
   6.486999988555908E-001
   5.227000117301941E-001
   5.353999733924866E-001
  -1.066000014543533E-001
  -2.859999984502792E-002
   6.234999895095825E-001
   4.505000114440918E-001
        1.312000036239624
        1.146299958229065
  -2.382999956607819E-001
  -2.740000002086163E-002
   2.202000021934509E-001
   5.680000036954880E-002
   9.700000286102295E-002
  -6.075000166893005E-001
  -1.159000024199486E-001
   1.427000015974045E-001
  -6.585000157356262E-001
  -5.522000193595886E-001
  -8.745999932289124E-001
  -4.397999942302704E-001
  -8.860000222921372E-002
  -6.945000290870667E-001
       -1.521100044250488
       -1.063699960708618
       -1.217800021171570
       -2.315099954605103
       -2.938800096511841
       -1.572199940681458
  -7.401999831199646E-001
  -7.261000275611877E-001
  -2.754000127315521E-001
  -9.805999994277954E-001
  -8.417000174522400E-001
  -6.365000009536743E-001
        1.088799953460693
        1.009699940681458
        1.188599944114685
        1.406599998474121
        1.191499948501587
   7.139000296592712E-001
   3.709000051021576E-001
        1.023699998855591
        1.026100039482117
   3.217999935150147E-001
  -2.204000055789948E-001
  -3.077999949455261E-001
   2.439000010490418E-001
   3.000000026077032E-003
  -7.249999791383743E-002
  -6.489999890327454E-001
   5.959999933838844E-002
   5.521000027656555E-001
   3.600000143051148E-001
   8.600000292062759E-002
   8.305000066757202E-001
   9.900000095367432E-001
        1.885200023651123
        2.101900100708008
        1.513299942016602
        1.164499998092651
   5.486999750137329E-001
   5.394999980926514E-001
  -2.850000001490116E-002
   1.720999926328659E-001
  -1.176000013947487E-001
   4.426999986171722E-001
   1.781000047922134E-001
   4.540000110864639E-002
  -3.540999889373779E-001
  -1.832000017166138E-001
   4.546000063419342E-001
   1.420000046491623E-001
   1.369999945163727E-001
   9.520000219345093E-001
  -2.060000002384186E-001
   7.896000146865845E-001
  -4.916999936103821E-001
       -1.322499990463257
       -1.095999956130981
  -5.048000216484070E-001
  -1.394000053405762E-001
  -1.476999968290329E-001
       -1.577200055122376
       -1.294000029563904
  -4.092000126838684E-001
       -1.409199953079224
       -1.832299947738648
       -1.030099987983704
  -8.780000209808350E-001
  -8.686000108718872E-001
       -1.429900050163269
       -1.364199995994568
  -3.781999945640564E-001
   2.984000146389008E-001
   8.664000034332275E-001
        1.285300016403198
        1.189100027084351
        1.079800009727478
   2.425999939441681E-001
   1.799000054597855E-001
   1.019999980926514E-001
        1.148699998855591
        2.130199909210205
   1.010000035166740E-001
  -3.057000041007996E-001
   3.244999945163727E-001
   7.250999808311462E-001
   5.260000228881836E-001
  -3.840000182390213E-002
  -9.103000164031982E-001
   1.738000065088272E-001
   3.391999900341034E-001
   6.632999777793884E-001
   2.400999963283539E-001
   3.147999942302704E-001
   5.899999737739563E-001
        1.852100014686585
        2.725300073623657
        1.888599991798401
        1.145599961280823
        1.041599988937378
   9.807999730110169E-001
  -2.329999953508377E-002
  -6.859999895095825E-002
  -7.387999892234802E-001
  -6.054000258445740E-001
  -4.972000122070313E-001
   8.884999752044678E-001
   5.127000212669373E-001
   1.084000021219254E-001
  -4.156999886035919E-001
   7.509999722242355E-002
  -1.050999984145165E-001
   4.837999939918518E-001
   7.774000167846680E-001
        1.012099981307983
   2.119999974966049E-001
       -1.311499953269959
  -9.819999933242798E-001
       -1.123900055885315
  -6.100000068545342E-002
  -2.809000015258789E-001
       -1.083299994468689
       -1.057100057601929
  -7.791000008583069E-001
  -4.144999980926514E-001
       -1.755499958992004
       -1.925099968910217
       -1.883800029754639
       -1.649000048637390
       -1.664199948310852
       -1.152999997138977
   1.738999933004379E-001
        1.584599971771240
        1.668900012969971
        1.399399995803833
        1.881100058555603
   9.373999834060669E-001
   2.746999859809876E-001
  -3.447999954223633E-001
   2.348999977111816E-001
   6.265000104904175E-001
        1.039199948310852
  -3.759999945759773E-002
  -2.190999984741211E-001
   1.480000000447035E-002
   2.919999957084656E-001
  -5.778999924659729E-001
   5.770000070333481E-002
   5.231000185012817E-001
   3.553000092506409E-001
  -2.700000070035458E-003
   1.636999994516373E-001
        1.035099983215332
   8.119999766349793E-001
        1.007200002670288
        2.525399923324585
        2.515300035476685
        2.549900054931641
        1.634699940681458
        1.037600040435791
        1.078899979591370
   2.903000116348267E-001
  -3.082000017166138E-001
  -4.069999977946281E-002
   1.845999956130981E-001
  -5.027999877929688E-001
  -4.580000042915344E-001
   2.500000037252903E-002
  -4.828999936580658E-001
  -7.318000197410584E-001
  -8.190000057220459E-002
   4.264000058174133E-001
   8.381999731063843E-001
        1.125699996948242
   5.910000205039978E-001
  -2.370000071823597E-002
       -1.158699989318848
       -1.759899973869324
  -7.172999978065491E-001
  -2.055000066757202E-001
  -4.178000092506409E-001
  -9.082999825477600E-001
  -6.583999991416931E-001
       -1.113100051879883
  -4.523999989032745E-001
       -1.304700016975403
       -2.059799909591675
       -2.057100057601929
       -1.862499952316284
       -2.254899978637695
       -1.858800053596497
   3.679000139236450E-001
        1.457999944686890
        2.198600053787231
        2.387200117111206
        1.199699997901917
   4.334999918937683E-001
  -5.329999923706055E-001
  -6.019999831914902E-002
  -7.379999756813049E-002
        1.122099995613098
   6.233000159263611E-001
  -1.176000013947487E-001
   2.693000137805939E-001
   3.235999941825867E-001
  -2.707999944686890E-001
  -4.621999859809876E-001
   9.189999848604202E-002
   4.386000037193298E-001
   2.531999945640564E-001
   8.702999949455261E-001
   6.905000209808350E-001
        1.294600009918213
        1.668699979782105
   5.630000233650208E-001
        1.665599942207336
        2.358299970626831
        1.754400014877319
        1.167099952697754
        1.343199968338013
   7.928000092506409E-001
  -1.773999929428101E-001
  -5.771999955177307E-001
  -4.300999939441681E-001
   5.846999883651733E-001
  -7.247999906539917E-001
  -5.351999998092651E-001
       -1.026700019836426
  -4.963999986648560E-001
  -5.879999995231628E-001
  -6.844999790191650E-001
  -1.017000004649162E-001
   6.837000250816345E-001
   2.921000123023987E-001
  -1.940000057220459E-001
   2.720000036060810E-002
       -1.147099971771240
       -1.016800045967102
  -1.616999953985214E-001
  -1.930000036954880E-001
  -3.610000014305115E-002
  -2.251999974250794E-001
       -1.298599958419800
  -8.722000122070313E-001
       -1.134600043296814
       -1.200999975204468
       -2.169600009918213
       -1.673599958419800
       -1.470499992370606
       -1.879099965095520
  -9.351999759674072E-001
   2.240999937057495E-001
   3.203999996185303E-001
   7.864999771118164E-001
        1.122300028800964
        2.008599996566773
   7.570999860763550E-001
  -4.444999992847443E-001
  -6.351000070571899E-001
  -5.674999952316284E-001
   5.557000041007996E-001
   1.256999969482422E-001
   3.215000033378601E-001
  -1.257999986410141E-001
  -1.695999950170517E-001
  -2.400000020861626E-002
  -2.374999970197678E-001
   7.069000005722046E-001
        1.019199967384338
        1.341400027275085
        1.113199949264526
   9.273999929428101E-001
   6.126000285148621E-001
   8.884999752044678E-001
        1.283400058746338
        1.660599946975708
        2.075500011444092
        1.356299996376038
        1.077100038528442
        1.016499996185303
   2.899999963119626E-003
  -9.298999905586243E-001
  -8.131999969482422E-001
       -1.067999958992004
       -1.003999948501587
       -1.023499965667725
       -1.543099999427795
       -1.519600033760071
       -1.466099977493286
       -1.167700052261353
  -5.749999880790710E-001
   1.861999928951263E-001
  -1.626999974250794E-001
  -8.302999734878540E-001
  -1.151999980211258E-001
   2.360000088810921E-002
  -1.745000034570694E-001
   3.860000148415566E-002
  -2.942999899387360E-001
   4.828000068664551E-001
  -9.269999712705612E-002
  -2.998000085353851E-001
  -8.065999746322632E-001
  -3.612000048160553E-001
  -5.787000060081482E-001
  -7.960000038146973E-001
       -1.828500032424927
       -1.562299966812134
       -1.933099985122681
       -1.556300044059753
       -1.023000001907349
  -6.694999933242798E-001
   5.554999709129334E-001
        1.150300025939941
        1.636000037193298
   2.820999920368195E-001
   3.255999982357025E-001
  -5.458999872207642E-001
       -1.186200022697449
  -9.383000135421753E-001
  -2.777999937534332E-001
   4.584999978542328E-001
  -1.112999990582466E-001
   4.555000066757202E-001
   4.803000092506409E-001
  -4.645999968051910E-001
  -1.358000040054321E-001
        1.337399959564209
        1.911000013351440
        1.111500024795532
   8.106999993324280E-001
        1.274399995803833
        1.160699963569641
   7.200000286102295E-001
   9.776999950408936E-001
        1.190999984741211
        2.164499998092651
        1.185700058937073
   4.528000056743622E-001
   1.728000044822693E-001
   1.879999935626984E-001
       -1.052299976348877
  -6.463999748229981E-001
       -1.186699986457825
  -7.499999832361937E-003
       -1.519700050354004
       -1.410400032997131
  -1.905000060796738E-001
  -1.947000026702881E-001
  -2.477000057697296E-001
  -4.749999940395355E-001
   7.450000196695328E-002
  -6.161000132560730E-001
  -7.515000104904175E-001
  -2.693000137805939E-001
   2.056999951601028E-001
   2.002000063657761E-001
  -5.626000165939331E-001
  -1.571000069379807E-001
  -3.489999845623970E-002
  -2.510000020265579E-002
   6.019999831914902E-002
   3.282000124454498E-001
  -4.636000096797943E-001
   4.199999850243330E-003
  -3.941999971866608E-001
  -9.463999867439270E-001
       -1.212299942970276
       -1.064700007438660
  -7.301999926567078E-001
  -8.037999868392944E-001
  -3.118999898433685E-001
        1.205100059509277
   8.183000087738037E-001
   7.035999894142151E-001
   4.072999954223633E-001
   2.524999976158142E-001
   6.040999889373779E-001
  -8.702999949455261E-001
       -1.115399956703186
   4.549999907612801E-002
   6.650000065565109E-002
   5.181000232696533E-001
   7.599999904632568E-001
   1.789000034332275E-001
  -6.466000080108643E-001
   1.250000000000000E-001
   9.480000138282776E-001
        1.112499952316284
        1.478000044822693
        1.698699951171875
        2.151099920272827
        1.380800008773804
        1.149700045585632
        1.007200002670288
   4.778999984264374E-001
        1.351500034332275
   8.109999895095825E-001
  -3.093000054359436E-001
   1.028999984264374E-001
  -4.541000127792358E-001
  -7.639999985694885E-001
  -9.592999815940857E-001
  -4.237000048160553E-001
       -1.557399988174439
       -1.722499966621399
       -1.488299965858460
   6.158000230789185E-001
   5.099999904632568E-002
  -2.549999952316284E-002
  -3.373999893665314E-001
  -5.853999853134155E-001
       -1.156599998474121
       -1.121099948883057
  -1.476999968290329E-001
       -1.028300046920776
  -8.435999751091003E-001
  -5.824000239372253E-001
  -5.396999716758728E-001
       -1.087200045585632
  -1.670999974012375E-001
  -1.700000022538006E-003
  -4.711000025272369E-001
   3.379999846220017E-002
   4.469999969005585E-001
  -4.262999892234802E-001
       -1.264400005340576
       -1.642300009727478
       -1.139899969100952
  -7.993000149726868E-001
  -8.809000253677368E-001
   4.569999873638153E-001
        1.031299948692322
        1.156499981880188
   7.095000147819519E-001
   4.208000004291534E-001
   1.181000024080277E-001
  -4.138999879360199E-001
  -3.664000034332275E-001
  -4.690999984741211E-001
  -8.820000290870667E-002
   1.989999972283840E-002
  -4.690000042319298E-002
   3.515999913215637E-001
   1.500000013038516E-003
  -9.070000052452087E-002
   6.105999946594238E-001
   1.671999990940094E-001
   3.718999922275543E-001
        1.048799991607666
        1.542000055313110
        1.612200021743774
        1.440799951553345
        1.523900032043457
   8.230000138282776E-001
   6.539999842643738E-001
   5.192999839782715E-001
        1.115499973297119
  -1.058000028133392E-001
  -7.002999782562256E-001
   3.235000073909760E-001
  -7.584000229835510E-001
  -3.183000087738037E-001
  -5.544999837875366E-001
       -1.349799990653992
  -9.179000258445740E-001
       -1.307100057601929
   5.119000077247620E-001
   5.195999741554260E-001
   6.559000015258789E-001
   9.865999817848206E-001
   2.366999983787537E-001
  -8.029000163078308E-001
  -8.762999773025513E-001
  -1.314000040292740E-001
  -1.949000060558319E-001
  -8.515999913215637E-001
  -9.451000094413757E-001
       -1.329100012779236
       -1.560899972915649
  -9.957000017166138E-001
  -4.600000008940697E-002
  -4.289999976754189E-002
   4.699999839067459E-002
   1.269000023603439E-001
       -1.042799949645996
       -1.909299969673157
       -1.940899968147278
       -1.668300032615662
   3.467000126838684E-001
   5.700000002980232E-002
   4.903999865055084E-001
   5.309000015258789E-001
        1.131199955940247
        1.273900032043457
   1.890999972820282E-001
  -7.819999754428864E-002
  -1.724999994039536E-001
  -1.431999951601028E-001
   1.975000053644180E-001
  -7.460000365972519E-002
  -5.950999855995178E-001
  -3.341000080108643E-001
  -1.096000000834465E-001
  -4.100000020116568E-003
   3.587999939918518E-001
   3.693000078201294E-001
   6.226999759674072E-001
   6.452999711036682E-001
        1.473999977111816
        1.459499955177307
        2.136399984359741
        2.016499996185303
        1.476300001144409
        1.739500045776367
        1.271700024604797
        1.297999978065491
   6.424000263214111E-001
   2.440000027418137E-001
  -6.210000067949295E-002
  -8.633999824523926E-001
  -9.071000218391419E-001
  -2.163999974727631E-001
  -4.907000064849854E-001
  -8.989999890327454E-001
       -1.244699954986572
       -1.097800016403198
  -5.869999900460243E-002
  -8.235999941825867E-001
  -6.719999760389328E-002
   7.850999832153320E-001
        1.009199976921082
   4.329999908804894E-002
   1.844000071287155E-001
  -2.371000051498413E-001
       -1.220600008964539
       -1.411200046539307
       -1.057100057601929
       -1.456400036811829
  -7.946000099182129E-001
       -1.424299955368042
       -1.027799963951111
       -1.251399993896484
       -1.029000043869019
       -1.545899987220764
       -2.029200077056885
       -1.877900004386902
       -1.412199974060059
  -1.570000052452087E-001
   3.688000142574310E-001
   3.560000061988831E-001
   2.381999939680100E-001
   3.750999867916107E-001
   3.219000101089478E-001
   7.911999821662903E-001
   9.753000140190125E-001
   1.999000012874603E-001
   3.855000138282776E-001
   7.238000035285950E-001
   4.679999947547913E-001
   9.531999826431274E-001
   7.909999787807465E-002
   7.505000233650208E-001
   1.761000007390976E-001
  -6.270000338554382E-002
  -3.959000110626221E-001
  -1.221000030636787E-001
   5.095999836921692E-001
   9.700000286102295E-002
   5.378999710083008E-001
        1.291599988937378
        1.677800059318543
        1.610700011253357
        2.546099901199341
        1.567399978637695
        1.144899964332581
        1.123299956321716
   8.194000124931335E-001
  -2.919999957084656E-001
  -6.349999904632568E-001
  -4.338000118732452E-001
  -5.480999946594238E-001
  -7.211999893188477E-001
  -8.436999917030335E-001
  -3.282000124454498E-001
  -3.939999938011169E-001
  -6.629999727010727E-002
  -1.895000040531158E-001
   8.739999681711197E-002
  -3.456999957561493E-001
  -7.720000296831131E-002
  -3.079999983310700E-002
  -4.943999946117401E-001
       -1.633499979972839
  -6.894999742507935E-001
  -7.168999910354614E-001
       -1.550999999046326
       -1.190899968147278
  -9.149000048637390E-001
  -5.321000218391419E-001
  -2.748999893665314E-001
  -9.196000099182129E-001
       -1.096799969673157
  -9.135000109672546E-001
  -7.871000170707703E-001
       -1.972499966621399
       -2.262700080871582
       -1.856600046157837
  -4.893000125885010E-001
   7.559999823570252E-002
   1.639000028371811E-001
   2.842000126838684E-001
   6.887000203132629E-001
   6.972000002861023E-001
   9.685000181198120E-001
   2.849000096321106E-001
  -2.384999990463257E-001
   1.383000016212463E-001
   1.429000049829483E-001
        1.191599965095520
        1.134899973869324
   2.574999928474426E-001
   2.660000026226044E-001
        1.080199956893921
   7.365999817848206E-001
   4.535000026226044E-001
   7.228000164031982E-001
        1.028399944305420
        1.153599977493286
   5.419999957084656E-001
   7.218999862670898E-001
        1.856199979782105
        2.011300086975098
        1.514500021934509
        1.862200021743774
        1.563599944114685
   8.783000111579895E-001
   4.183999896049500E-001
   3.217000067234039E-001
  -7.609999924898148E-002
  -3.025999963283539E-001
  -7.691000103950501E-001
  -3.652999997138977E-001
  -4.993999898433685E-001
   1.942999958992004E-001
  -5.400000140070915E-002
  -1.155000030994415E-001
  -3.655000030994415E-001
   2.772000133991242E-001
   3.000000026077032E-003
   1.928000003099442E-001
   5.290000140666962E-002
  -9.014999866485596E-001
       -1.441799998283386
       -1.240700006484985
       -1.387500047683716
       -1.313400030136108
  -7.990000247955322E-001
  -8.203999996185303E-001
  -7.655000090599060E-001
   6.657999753952026E-001
   3.562000095844269E-001
       -1.216300010681152
  -9.617000222206116E-001
       -1.374899983406067
       -1.781200051307678
       -2.146199941635132
       -1.919000029563904
       -1.422799944877625
  -5.832999944686890E-001
   5.880000069737434E-002
   3.862000107765198E-001
   3.463999927043915E-001
   7.480000257492065E-001
        1.562000036239624
   4.013000130653381E-001
  -9.179999679327011E-002
  -1.221999973058701E-001
   1.368999928236008E-001
   5.149999856948853E-001
   6.239999830722809E-002
        1.021499991416931
        1.147400021553040
        1.716300010681152
        1.023000001907349
   1.493999958038330E-001
   9.625999927520752E-001
   6.037999987602234E-001
   7.815999984741211E-001
   8.708999752998352E-001
   9.050999879837036E-001
        1.474499940872192
        1.699800014495850
        1.194300055503845
        1.315600037574768
        1.838899970054627
        1.412199974060059
        1.136399984359741
        1.222800016403198
   4.806999862194061E-001
  -2.890000045299530E-001
  -7.437000274658203E-001
   1.106999963521957E-001
  -7.299999892711639E-002
  -2.617999911308289E-001
  -5.600000023841858E-001
       -1.012300014495850
  -7.845000028610230E-001
  -1.181999966502190E-001
  -7.563999891281128E-001
   8.090999722480774E-001
   9.645000100135803E-001
  -4.514000117778778E-001
  -2.764999866485596E-001
       -1.200099945068359
       -1.765100002288818
       -1.108199954032898
       -1.517899990081787
   4.140000045299530E-002
   1.513999998569489E-001
        1.397600054740906
   8.367000222206116E-001
   3.826999962329865E-001
  -6.277999877929688E-001
       -1.304600000381470
       -1.598399996757507
  -5.436000227928162E-001
  -7.045999765396118E-001
   5.189999938011169E-002
   3.838999867439270E-001
  -4.318999946117401E-001
   6.582000255584717E-001
        1.249699950218201
        1.200299978256226
        1.306300044059753
   5.828999876976013E-001
   3.130000084638596E-002
   1.341000050306320E-001
  -7.773000001907349E-001
   1.450999975204468E-001
   7.300000172108412E-003
  -2.856000065803528E-001
   3.431000113487244E-001
        1.082700014114380
        1.164700031280518
  -8.150000125169754E-002
   1.090999990701675E-001
  -1.158000007271767E-001
   9.950000047683716E-002
   1.899999976158142E-001
        1.059599995613098
        1.888100028038025
        1.097699999809265
   6.717000007629395E-001
        1.253800034523010
        1.866400003433228
        1.453500032424927
   8.309999704360962E-001
   6.158000230789185E-001
  -2.166000008583069E-001
  -4.027999937534332E-001
   2.144999951124191E-001
  -1.708000004291534E-001
  -2.076999992132187E-001
   6.970000267028809E-002
   9.901000261306763E-001
  -6.759999692440033E-002
  -1.159000024199486E-001
   5.437999963760376E-001
   7.728999853134155E-001
   6.187000274658203E-001
   6.603999733924866E-001
  -2.025000005960465E-001
       -1.172199964523315
  -8.636000156402588E-001
       -1.043499946594238
  -7.053999900817871E-001
  -5.137000083923340E-001
   3.249999880790710E-001
   5.898000001907349E-001
   9.516000151634216E-001
   8.371999859809876E-001
   2.437999993562698E-001
   5.310000106692314E-002
       -1.388800024986267
  -4.591999948024750E-001
  -4.307999908924103E-001
  -2.123000025749207E-001
   7.159000039100647E-001
   4.717999994754791E-001
   2.190000005066395E-002
   2.465000003576279E-001
        1.093999981880188
   9.077000021934509E-001
   1.379999965429306E-001
   2.639000117778778E-001
       -1.096500039100647
  -8.205999732017517E-001
  -8.337000012397766E-001
  -8.780999779701233E-001
  -4.510999917984009E-001
       -1.209800004959106
  -3.921000063419342E-001
  -5.400000140070915E-003
  -5.360999703407288E-001
  -4.756000041961670E-001
  -8.493000268936157E-001
  -4.092000126838684E-001
  -5.928999781608582E-001
  -7.270000129938126E-002
  -6.539999693632126E-002
   8.403000235557556E-001
  -2.009999938309193E-002
        1.109599947929382
        1.682899951934815
        1.665400028228760
        1.474499940872192
        1.200199961662293
   7.947999835014343E-001
  -1.005999967455864E-001
  -5.133000016212463E-001
  -4.350999891757965E-001
  -1.773999929428101E-001
  -1.773000061511993E-001
   4.620000123977661E-001
   6.987000107765198E-001
  -1.207000017166138E-001
   5.409999936819077E-002
  -3.815000057220459E-001
   6.520000100135803E-001
   7.267000079154968E-001
   3.679000139236450E-001
  -3.318000137805939E-001
  -9.684000015258789E-001
  -2.978999912738800E-001
  -2.062000036239624E-001
  -8.478000164031982E-001
   6.509999930858612E-002
  -2.251999974250794E-001
   3.952000141143799E-001
        1.245599985122681
        1.009500026702881
   4.366999864578247E-001
  -9.383999705314636E-001
       -1.091099977493286
  -7.929999828338623E-001
  -3.794000148773193E-001
  -7.670000195503235E-001
   2.416000068187714E-001
   7.230000197887421E-002
  -1.108999997377396E-001
  -4.957000017166138E-001
   7.857999801635742E-001
   6.068999767303467E-001
  -2.400999963283539E-001
  -8.317000269889832E-001
       -1.830399990081787
       -1.719300031661987
       -1.573400020599365
       -1.670400023460388
  -9.941999912261963E-001
       -1.302600026130676
       -1.229200005531311
       -1.000900030136108
       -1.736600041389465
  -7.245000004768372E-001
       -1.465800046920776
  -5.242000222206116E-001
  -9.415000081062317E-001
  -5.805000066757202E-001
  -4.270000010728836E-002
  -1.263999938964844E-001
   3.400999903678894E-001
        1.336699962615967
        1.374899983406067
        1.182100057601929
        1.150200009346008
   8.539000153541565E-001
   2.098000049591065E-001
  -1.817999929189682E-001
  -7.174000144004822E-001
  -6.697999835014343E-001
  -3.664000034332275E-001
       -1.075999975204468
   2.750000059604645E-001
   8.880000114440918E-001
   1.485999971628189E-001
   4.665000140666962E-001
  -1.416999995708466E-001
  -7.748000025749207E-001
  -3.824999928474426E-001
   3.138999938964844E-001
   5.181000232696533E-001
  -5.910000205039978E-001
  -1.561000049114227E-001
  -9.165999889373779E-001
  -7.440000027418137E-002
   6.970999836921692E-001
   2.081000059843063E-001
   7.075999975204468E-001
   5.091999769210815E-001
        1.767500042915344
        1.156900048255920
  -4.122000038623810E-001
       -1.460399985313416
  -5.867999792098999E-001
  -7.817999720573425E-001
  -4.199999943375588E-002
  -5.073999762535095E-001
  -1.032000035047531E-001
  -5.264000296592712E-001
  -7.329999655485153E-002
  -3.079000115394592E-001
       -1.003700017929077
  -8.932999968528748E-001
       -1.279899954795837
       -1.668400049209595
       -1.429999947547913
       -2.169399976730347
       -1.702499985694885
       -2.403899908065796
       -1.500599980354309
       -1.415300011634827
       -1.625599980354309
       -1.702600002288818
       -1.606999993324280
       -2.063999891281128
       -1.437299966812134
  -8.985999822616577E-001
  -6.891000270843506E-001
  -4.945000112056732E-001
   8.658000230789185E-001
   9.308999776840210E-001
        1.270799994468689
        1.949399948120117
        1.397099971771240
        1.357300043106079
   8.294000029563904E-001
   4.430000111460686E-002
  -1.361999958753586E-001
  -2.118999958038330E-001
   1.208000034093857E-001
  -2.296999990940094E-001
  -5.065000057220459E-001
  -4.600000102072954E-003
   6.827999949455261E-001
        1.283100008964539
       -1.044999957084656
  -2.004999965429306E-001
       -1.111899971961975
  -3.824999928474426E-001
   2.285999953746796E-001
  -4.553999900817871E-001
  -8.131999969482422E-001
       -1.009600043296814
       -1.039800047874451
  -5.590000152587891E-001
   4.950999915599823E-001
   1.500000059604645E-001
   3.456000089645386E-001
        1.147799968719482
   2.679999917745590E-002
   3.097999989986420E-001
   2.802000045776367E-001
       -1.020699977874756
       -1.003000020980835
  -7.846999764442444E-001
   8.410000205039978E-001
   1.763000041246414E-001
  -2.766000032424927E-001
   5.249999836087227E-002
   2.378000020980835E-001
  -4.975000023841858E-001
  -9.433000087738037E-001
  -4.368000030517578E-001
  -5.576999783515930E-001
  -5.235999822616577E-001
       -1.720900058746338
       -1.554200053215027
       -1.380100011825562
       -1.331599950790405
       -1.641600012779236
       -2.837899923324585
       -1.601300001144409
       -2.303299903869629
       -1.976600050926209
       -2.127000093460083
       -1.685199975967407
  -3.847000002861023E-001
  -6.233999729156494E-001
        1.044700026512146
   4.803999960422516E-001
        1.301100015640259
        1.646900057792664
        1.302099943161011
        1.977399945259094
        1.716500043869019
   7.602999806404114E-001
   7.991999983787537E-001
  -4.686000049114227E-001
  -5.539000034332275E-001
  -5.327000021934509E-001
  -5.906000137329102E-001
  -4.144000113010407E-001
   1.042999997735024E-001
   6.873000264167786E-001
        1.295500040054321
  -2.579999864101410E-001
  -2.680999934673309E-001
       -1.248499989509583
  -3.763999938964844E-001
  -5.519999936223030E-002
   9.910000115633011E-002
  -1.213999986648560E-001
  -8.338999748229981E-001
       -1.500200033187866
       -1.174000024795532
  -2.142000049352646E-001
  -1.979999989271164E-001
   4.183000028133392E-001
        2.008199930191040
        1.342499971389771
   5.113000273704529E-001
   1.893000006675720E-001
  -1.864999979734421E-001
  -9.075999855995178E-001
  -9.667000174522400E-001
  -1.480000000447035E-002
  -2.590999901294708E-001
  -1.961999982595444E-001
   2.404000014066696E-001
   9.721000194549561E-001
        1.154199957847595
   7.050000131130219E-002
  -1.156999990344048E-001
  -1.869000047445297E-001
   2.590000033378601E-001
       -1.098600029945374
       -1.969499945640564
       -1.438300013542175
       -1.375599980354309
       -2.266599893569946
       -3.165600061416626
       -1.767699956893921
       -1.545899987220764
       -1.288200020790100
       -1.973199963569641
       -1.101899981498718
       -1.363800048828125
  -8.378999829292297E-001
   6.312000155448914E-001
   6.529999971389771E-001
        1.867599964141846
        2.671299934387207
        1.784199953079224
        1.441699981689453
        2.029700040817261
        1.519799947738648
        1.479300022125244
   3.605999946594238E-001
  -1.509000062942505E-001
  -2.763999998569489E-001
  -6.018999814987183E-001
  -2.540999948978424E-001
   1.828999966382980E-001
        1.030400037765503
        1.490399956703186
  -4.411999881267548E-001
   6.769999861717224E-002
   6.661999821662903E-001
   7.186999917030335E-001
  -8.000000379979610E-003
  -3.050000034272671E-002
       -1.066799998283386
       -1.405500054359436
       -1.836799979209900
       -1.328400015830994
  -4.090999960899353E-001
   3.380999863147736E-001
   7.865999937057495E-001
        1.429999947547913
        1.513900041580200
   9.927999973297119E-001
   5.432000160217285E-001
   6.172000169754028E-001
  -1.589999943971634E-001
  -5.522000193595886E-001
  -3.765000104904175E-001
  -1.075000017881393E-001
  -6.665999889373779E-001
   5.070000141859055E-002
        1.294700026512146
   9.063000082969666E-001
   5.544999837875366E-001
   2.673999965190888E-001
   5.690000057220459E-001
   2.580000087618828E-002
  -7.134000062942505E-001
       -1.207499980926514
       -1.198300004005432
       -1.766600012779236
       -1.964900016784668
       -2.368000030517578
       -2.263499975204468
       -2.311100006103516
       -2.050800085067749
       -2.027100086212158
       -1.773200035095215
  -5.065000057220459E-001
   9.899999946355820E-002
  -1.606999933719635E-001
        1.112300038337708
        1.759299993515015
        1.084499955177307
        1.519500017166138
        1.483899950981140
        1.982800006866455
        2.054500102996826
        2.054800033569336
        1.351199984550476
   3.565999865531921E-001
   2.570999860763550E-001
   2.061000019311905E-001
  -2.214999943971634E-001
   4.361999928951263E-001
  -6.449999660253525E-002
        1.484500050544739
  -5.934000015258789E-001
  -9.142000079154968E-001
  -3.285000026226044E-001
  -1.053000018000603E-001
   2.439999952912331E-002
   3.907999992370606E-001
       -1.386199951171875
       -1.905900001525879
       -1.882500052452087
       -1.516899943351746
  -7.044000029563904E-001
  -6.197000145912170E-001
   4.485000073909760E-001
   5.587000250816345E-001
        1.607800006866455
   7.387999892234802E-001
   5.055000185966492E-001
   3.209999948740006E-002
   2.232999950647354E-001
   4.368000030517578E-001
  -2.766999900341034E-001
  -5.749999880790710E-001
   1.261000037193298E-001
  -2.749999985098839E-002
   2.987000048160553E-001
   9.046000242233276E-001
   6.021999716758728E-001
   2.457000017166138E-001
   2.660999894142151E-001
   5.547000169754028E-001
  -4.794999957084656E-001
  -6.880000233650208E-002
  -7.673000097274780E-001
  -9.193999767303467E-001
       -1.160300016403198
  -9.230999946594238E-001
       -1.559200048446655
       -1.725299954414368
  -6.707999706268311E-001
       -1.080399990081787
       -1.128800034523010
  -5.739999935030937E-002
   5.224000215530396E-001
   8.669999837875366E-001
        1.625300049781799
   9.690999984741211E-001
   9.442999958992004E-001
   9.769999980926514E-001
        1.729500055313110
        1.951400041580200
        1.926800012588501
        1.493299961090088
   4.778000116348267E-001
  -1.709000021219254E-001
   8.136000037193298E-001
        1.003100037574768
   5.845000147819519E-001
   7.736999988555908E-001
   8.030999898910523E-001
        1.990399956703186
       -1.237400054931641
  -8.493999838829041E-001
   2.592000067234039E-001
   6.625000238418579E-001
   4.580000042915344E-001
   2.567000091075897E-001
  -2.196999937295914E-001
       -1.970100045204163
       -2.108700037002564
       -1.613999962806702
       -1.231600046157837
  -8.791000247001648E-001
  -3.027999997138977E-001
   2.047999948263168E-001
        1.280699968338013
   8.664000034332275E-001
  -1.948000043630600E-001
  -6.193000078201294E-001
  -1.861000061035156E-001
   4.462999999523163E-001
   9.577999711036682E-001
  -2.436999976634979E-001
  -6.649000048637390E-001
  -4.763999879360199E-001
  -7.599999755620956E-002
  -3.646000027656555E-001
   8.622999787330627E-001
  -2.477000057697296E-001
   7.882000207901001E-001
   7.864000201225281E-001
   9.818999767303467E-001
   5.364999771118164E-001
   6.610999703407288E-001
   5.886999964714050E-001
  -7.479999959468842E-002
   1.159999966621399E-001
       -1.469699978828430
  -6.388000249862671E-001
  -6.777999997138977E-001
  -6.140999794006348E-001
   1.190000027418137E-002
  -1.976999938488007E-001
        1.281299948692322
   8.960999846458435E-001
   9.775999784469605E-001
   8.887000083923340E-001
        1.026600003242493
        1.792899966239929
        1.949599981307983
        2.110399961471558
        1.650099992752075
   8.468999862670898E-001
  -2.799999900162220E-003
   3.325999975204468E-001
   3.206999897956848E-001
   5.490000173449516E-002
        1.001000046730042
   9.998999834060669E-001
  -3.519999980926514E-001
        1.084499955177307
  -2.728999853134155E-001
  -7.869999855756760E-002
  -5.232999920845032E-001
  -1.330000013113022E-001
   4.165999889373779E-001
  -2.120999991893768E-001
  -5.245000123977661E-001
       -2.003999948501587
       -1.682800054550171
       -2.020900011062622
       -1.243000030517578
  -4.603999853134155E-001
   5.967000126838684E-001
   4.889000058174133E-001
   6.427000164985657E-001
   1.702000051736832E-001
  -5.536999702453613E-001
  -1.281999945640564E-001
   5.573999881744385E-001
        1.137799978256226
   6.915000081062317E-001
        1.131500005722046
   4.787000119686127E-001
  -7.889999747276306E-001
  -6.071000099182129E-001
  -9.070000052452087E-002
  -6.909999847412109E-001
   3.040000051259995E-002
   2.863000035285950E-001
   6.280000209808350E-001
   7.555000185966492E-001
   7.389999926090241E-002
  -7.829999923706055E-002
  -2.373999953269959E-001
   6.511999964714050E-001
   3.720000088214874E-001
   1.991000026464462E-001
   1.363999992609024E-001
  -1.365000009536743E-001
   8.664000034332275E-001
   9.871000051498413E-001
   9.031999707221985E-001
        1.013599991798401
   8.176000118255615E-001
   4.774000048637390E-001
        1.353199958801270
        1.546000003814697
        2.107000112533569
        2.320399999618530
        2.854700088500977
        2.133100032806397
   4.483000040054321E-001
  -6.219999864697456E-002
   3.119999915361404E-002
   7.141000032424927E-001
  -1.985000073909760E-001
   7.045000195503235E-001
   9.290000051259995E-002
   3.140999972820282E-001
        1.063099980354309
   7.092000246047974E-001
  -2.917999923229218E-001
       -1.023200035095215
  -3.217000067234039E-001
  -2.545999884605408E-001
  -1.809999942779541E-001
  -4.379999935626984E-001
       -2.094399929046631
       -1.504899978637695
       -1.383599996566773
       -1.254500031471252
  -4.905999898910523E-001
   3.704000115394592E-001
   9.143000245094299E-001
   1.578000038862228E-001
   8.065000176429749E-001
  -9.617999792098999E-001
  -5.213000178337097E-001
   5.649999976158142E-001
        1.656200051307678
   3.185999989509583E-001
  -1.420000009238720E-002
  -9.669999778270721E-002
  -2.698000073432922E-001
   3.019999861717224E-001
  -3.583000004291534E-001
  -3.657000064849854E-001
   7.549999654293060E-002
   5.695999860763550E-001
   7.692000269889832E-001
   6.889999657869339E-002
   2.777000069618225E-001
   3.379999846220017E-002
   4.609999954700470E-001
  -2.150000073015690E-002
   9.118000268936157E-001
   1.295000016689301E-001
   6.985999941825867E-001
   8.359000086784363E-001
   8.148999810218811E-001
   1.710000075399876E-002
        1.036100029945374
   4.691999852657318E-001
   9.767000079154968E-001
        1.535300016403198
        1.346400022506714
        1.798499941825867
        1.463199973106384
        1.209800004959106
        1.657600045204163
        1.383800029754639
   1.447000056505203E-001
   2.110999971628189E-001
   1.793999969959259E-001
   1.156999990344048E-001
  -1.270000040531158E-001
   1.335999965667725E-001
   9.820000082254410E-002
   8.879999816417694E-002
   2.675000131130219E-001
   2.340999990701675E-001
  -2.565000057220459E-001
  -9.477000236511231E-001
   2.816999852657318E-001
        1.034299969673157
   1.093999966979027E-001
       -1.241700053215027
       -1.418499946594238
       -1.215499997138977
       -1.328299999237061
       -1.070099949836731
  -4.061999917030335E-001
   9.070000052452087E-001
        1.162299990653992
   3.228000104427338E-001
   4.440999925136566E-001
   1.031000018119812E-001
  -1.550000011920929E-001
   5.267999768257141E-001
   4.363999962806702E-001
   5.651000142097473E-001
   4.870000109076500E-002
   2.937000095844269E-001
  -1.922000050544739E-001
  -5.591999888420105E-001
   4.282999932765961E-001
   9.122999906539917E-001
   7.361000180244446E-001
  -5.336999893188477E-001
  -6.999999880790710E-001
   2.755999863147736E-001
  -6.525999903678894E-001
   1.749999970197678E-001
   7.810999751091003E-001
   6.693999767303467E-001
   8.550999760627747E-001
   3.747000098228455E-001
   3.104999959468842E-001
  -4.149999842047691E-002
   5.510000139474869E-002
  -2.513000071048737E-001
   6.205999851226807E-001
   3.434999883174896E-001
   8.610000014305115E-001
   9.975000023841858E-001
        1.345499992370606
        1.365000009536743
   6.503000259399414E-001
        1.024600028991699
        1.341300010681152
        1.243700027465820
   7.488999962806702E-001
   3.197999894618988E-001
   6.341000199317932E-001
  -6.177999973297119E-001
   1.068999990820885E-001
   7.074000239372253E-001
   6.363000273704529E-001
   2.355999946594238E-001
   2.587000131607056E-001
  -5.049999952316284E-001
   1.736000031232834E-001
       -1.130200028419495
   1.280000060796738E-001
   5.936999917030335E-001
   2.243999987840653E-001
  -9.031000137329102E-001
       -1.143000006675720
  -9.307000041007996E-001
  -8.361999988555908E-001
  -2.795999944210053E-001
  -1.203999966382980E-001
   4.406000077724457E-001
   6.299999952316284E-001
        1.289899945259094
   9.035999774932861E-001
   4.889999926090241E-001
   5.267999768257141E-001
   5.659000277519226E-001
   9.337999820709229E-001
   3.984000086784363E-001
   6.100999712944031E-001
   3.777999877929688E-001
   6.388999819755554E-001
   4.080000147223473E-002
   2.502999901771545E-001
        1.698400020599365
        1.113100051879883
   4.347000122070313E-001
  -7.360000163316727E-002
  -4.253000020980835E-001
  -6.263999938964844E-001
  -3.587999939918518E-001
   7.649999856948853E-002
   7.096999883651733E-001
   8.992999792098999E-001
   8.378000259399414E-001
   4.815999865531921E-001
  -1.309999972581863E-001
  -9.669999778270721E-002
  -4.835000038146973E-001
  -2.700000070035458E-002
   2.612999975681305E-001
        1.036000013351440
        1.509799957275391
        1.131600022315979
   9.550999999046326E-001
   5.152000188827515E-001
   5.691000223159790E-001
        1.538300037384033
   7.228999733924866E-001
   5.850999951362610E-001
  -2.490999996662140E-001
  -5.527999997138977E-001
  -7.860000133514404E-001
  -1.290000043809414E-002
   3.799000084400177E-001
   5.896999835968018E-001
  -2.633000016212463E-001
   9.880000352859497E-002
  -9.220000356435776E-002
  -8.258000016212463E-001
  -3.041999936103821E-001
   5.810000002384186E-002
   4.945999979972839E-001
   2.526000142097473E-001
   2.806999981403351E-001
  -2.426999956369400E-001
  -8.810999989509583E-001
  -2.324000000953674E-001
   1.292999982833862E-001
  -7.432000041007996E-001
  -1.710000075399876E-002
   3.750999867916107E-001
        1.346899986267090
        1.687000036239624
        1.107200026512146
   9.894999861717224E-001
        1.060600042343140
        1.012699961662293
   5.505999922752380E-001
   1.457999944686890E-001
   3.379000127315521E-001
  -3.258000016212463E-001
  -6.880999803543091E-001
   6.132000088691711E-001
        1.757500052452087
        1.319200038909912
   8.524000048637390E-001
   1.262000054121018E-001
  -5.846999883651733E-001
       -1.042199969291687
  -8.840000033378601E-001
  -5.196999907493591E-001
   4.120999872684479E-001
   7.487000226974487E-001
   8.579999804496765E-001
        1.023499965667725
   2.757000029087067E-001
   2.129999995231628E-001
  -6.074000000953674E-001
   4.859000146389008E-001
   7.851999998092651E-001
   5.601999759674072E-001
        1.264899969100952
        1.388399958610535
        2.161799907684326
        1.269700050354004
        1.348500013351440
        1.467700004577637
   8.622000217437744E-001
   5.878000259399414E-001
  -4.639999940991402E-002
       -1.309399962425232
  -4.589999914169312E-001
   2.935999929904938E-001
   3.668999969959259E-001
   7.029999792575836E-002
  -1.460999995470047E-001
   9.329999983310700E-002
  -6.599999964237213E-003
  -1.080000028014183E-001
  -7.203000187873840E-001
   8.522999882698059E-001
        1.170400023460388
        1.281100034713745
        1.919899940490723
   3.698000013828278E-001
  -3.526000082492828E-001
  -6.284000277519226E-001
  -9.300000034272671E-003
  -4.758999943733215E-001
   5.889999866485596E-002
   6.036000251770020E-001
        1.111500024795532
        1.242200016975403
        1.076699972152710
        1.512099981307983
        1.403300046920776
   7.713999748229981E-001
   5.633000135421753E-001
   3.894999921321869E-001
   4.454999864101410E-001
  -2.075999975204468E-001
  -1.730999946594238E-001
  -2.412000000476837E-001
   9.719999879598618E-002
        1.047399997711182
  -4.100000113248825E-002
  -2.018000036478043E-001
       -1.447199940681458
       -1.058099985122681
  -8.251000046730042E-001
   2.879999950528145E-002
   5.575000047683716E-001
   7.157999873161316E-001
   8.079000115394592E-001
   2.694999873638153E-001
        1.021800041198731
   3.522999882698059E-001
   3.450999855995178E-001
  -8.799999952316284E-001
  -2.346999943256378E-001
   6.158999800682068E-001
   7.833999991416931E-001
        1.039999961853027
        1.581900000572205
        1.196699976921082
        1.733999967575073
        1.533800005912781
        1.486099958419800
        1.006000041961670
       -1.374699950218201
  -5.217999815940857E-001
   7.909999787807465E-002
   2.072000056505203E-001
  -2.239000052213669E-001
   2.313999980688095E-001
   9.334999918937683E-001
        1.287600040435791
  -9.499999694526196E-003
  -2.099999925121665E-003
   3.208999931812286E-001
        1.321599960327148
        1.295099973678589
        1.830199956893921
        2.203000068664551
   7.475000023841858E-001
   3.984000086784363E-001
   5.146999955177307E-001
   6.899999920278788E-003
       -1.023800015449524
  -1.905999928712845E-001
   9.301999807357788E-001
   9.002000093460083E-001
        1.334400057792664
        1.847900032997131
        1.592499971389771
        1.083099961280823
        1.444700002670288
        1.152099967002869
        1.104400038719177
        1.207700014114380
   5.351999998092651E-001
  -1.700000022538006E-003
  -5.478000044822693E-001
  -3.795000016689301E-001
  -4.916999936103821E-001
   6.462000012397766E-001
   4.706000089645386E-001
  -1.432999968528748E-001
   8.100000023841858E-002
   9.215999841690064E-001
   7.020000368356705E-002
   4.131000041961670E-001
   9.531000256538391E-001
   7.904999852180481E-001
   6.384000182151794E-001
   2.536999881267548E-001
  -4.844999909400940E-001
       -1.365000009536743
  -1.553999930620194E-001
       -1.697999954223633
   2.994999885559082E-001
        1.209599971771240
        1.401100039482117
        2.035200119018555
        2.085500001907349
        1.655099987983704
        1.289600014686585
   7.946000099182129E-001
  -2.392999976873398E-001
  -6.266000270843506E-001
  -4.129999876022339E-002
   5.231999754905701E-001
   2.102999985218048E-001
   2.192000001668930E-001
   6.999999880790710E-001
   7.641999721527100E-001
        1.499500036239624
   7.540000230073929E-002
   6.816999912261963E-001
        1.325399994850159
        1.833799958229065
        1.205700039863586
        1.192499995231628
   9.352999925613403E-001
   5.418000221252441E-001
   9.453999996185303E-001
   9.014999866485596E-001
   2.199999988079071E-001
   9.390000253915787E-002
        1.477499961853027
   9.362000226974487E-001
        1.873900055885315
        1.309700012207031
        1.113000035285950
   9.296000003814697E-001
        1.744300007820129
        1.449900031089783
        1.132599949836731
   6.531999707221985E-001
   8.129999786615372E-002
   2.329999953508377E-002
   5.020000040531158E-002
   3.837999999523163E-001
   5.618000030517578E-001
   5.339000225067139E-001
   6.110000014305115E-001
   9.754999876022339E-001
        1.039700031280518
   7.703999876976013E-001
   7.207000255584717E-001
   8.689000010490418E-001
   3.847000002861023E-001
        1.247400045394898
   8.812999725341797E-001
        1.263900041580200
   9.057999849319458E-001
  -6.250000000000000E-002
  -6.384999752044678E-001
  -4.977999925613403E-001
  -8.201000094413757E-001
  -3.379999846220017E-002
   3.260999917984009E-001
        1.051599979400635
        2.798099994659424
        1.952100038528442
        1.093700051307678
        1.234799981117249
   3.495999872684479E-001
   1.437000036239624E-001
  -8.927999734878540E-001
  -7.189999818801880E-001
  -8.820000290870667E-002
   4.293999969959259E-001
   7.361000180244446E-001
        1.687700033187866
        1.100900053977966
        2.184200048446655
   3.348000049591065E-001
   6.599000096321106E-001
   7.581999897956848E-001
   7.749999761581421E-001
        1.369099974632263
   7.204999923706055E-001
   5.616999864578247E-001
   6.754999756813049E-001
   5.936999917030335E-001
   8.640000224113464E-001
   6.506999731063843E-001
   7.810999751091003E-001
   7.645999789237976E-001
   7.609000205993652E-001
        1.811800003051758
        1.163800001144409
   7.850000262260437E-001
   8.968999981880188E-001
   4.918000102043152E-001
        1.355000019073486
   7.646999955177307E-001
   3.285000026226044E-001
   3.328999876976013E-001
   6.238999962806702E-001
   4.645000100135803E-001
   2.761000096797943E-001
   1.912000030279160E-001
   3.962000012397766E-001
        1.121500015258789
   9.952999949455261E-001
        1.144299983978272
        1.300400018692017
   8.392000198364258E-001
   8.251000046730042E-001
   5.081999897956848E-001
   3.476000130176544E-001
   9.296000003814697E-001
   6.219000220298767E-001
  -4.995000064373016E-001
  -2.469000071287155E-001
       -1.060099959373474
   1.137000024318695E-001
  -5.957999825477600E-001
   4.079000055789948E-001
  -3.282999992370606E-001
   6.599999964237213E-002
        1.279399991035461
        1.818400025367737
   9.975000023841858E-001
   8.460000157356262E-001
   1.327999979257584E-001
  -4.760999977588654E-001
  -9.965000152587891E-001
  -1.598999947309494E-001
  -2.777999937534332E-001
   6.452000141143799E-001
   5.956000089645386E-001
   9.636999964714050E-001
        1.821699976921082
        1.345499992370606
  -5.070000290870667E-001
  -1.536000072956085E-001
   2.950000017881393E-002
   6.733000278472900E-001
   7.129999995231628E-002
  -3.319999873638153E-001
   4.492000043392181E-001
   9.212999939918518E-001
  -2.040000073611736E-002
   4.618000090122223E-001
   1.202000007033348E-001
   2.369000017642975E-001
   9.100000262260437E-001
        1.463700056076050
        1.913699984550476
   7.480999827384949E-001
   9.539999812841415E-002
   8.982999920845032E-001
        1.232399940490723
        1.945399999618530
   8.633000254631043E-001
   6.923999786376953E-001
   8.349999785423279E-002
  -2.879999950528145E-002
   2.802000045776367E-001
   1.273999959230423E-001
   7.959999889135361E-002
   2.655000090599060E-001
        1.422399997711182
        1.564499974250794
        1.525699973106384
   2.766999900341034E-001
        1.299900054931641
   1.290999948978424E-001
   3.679000139236450E-001
   3.030000068247318E-002
   5.236999988555908E-001
   1.342999935150147E-001
  -2.754999995231628E-001
  -7.577000260353088E-001
  -2.560999989509583E-001
  -1.307999938726425E-001
  -1.189000010490418E-001
  -1.934999972581863E-001
  -3.459999859333038E-001
   3.204999864101410E-001
        1.270300030708313
        1.188400030136108
   6.021000146865845E-001
   2.696999907493591E-001
  -2.265000045299530E-001
   2.865999937057495E-001
   6.599999964237213E-002
  -2.669000029563904E-001
       -1.937500000000000
  -7.655000090599060E-001
   3.059999942779541E-001
   8.478000164031982E-001
        1.307899951934815
        1.723799943923950
  -1.334999948740006E-001
  -1.017000004649162E-001
   2.390000037848949E-002
   2.030000090599060E-002
   1.291999965906143E-001
   7.509999722242355E-002
  -4.176000058650971E-001
  -4.564999938011169E-001
  -6.449999660253525E-002
  -1.310000009834766E-002
  -2.099000066518784E-001
  -1.479000002145767E-001
        1.012199997901917
        1.126099944114685
        1.756899952888489
        1.491400003433228
        1.563699960708618
   9.722999930381775E-001
        1.765400052070618
        1.748800039291382
        2.085000038146973
        1.349699974060059
   4.350999891757965E-001
   2.958999872207642E-001
   7.300999760627747E-001
   8.738999962806702E-001
   9.580000042915344E-001
   6.122000217437744E-001
        1.317899942398071
        1.256600022315979
        1.357300043106079
   4.431999921798706E-001
   5.733000040054321E-001
   3.876000046730042E-001
   3.790000081062317E-001
   8.468999862670898E-001
   4.009999930858612E-001
  -1.172000020742416E-001
  -7.103000283241272E-001
       -1.058200001716614
       -1.637199997901917
       -1.156499981880188
       -1.131700038909912
  -5.511000156402588E-001
  -4.587000012397766E-001
   7.389999926090241E-002
   9.889999777078629E-002
   9.520999789237976E-001
   3.332000076770783E-001
   7.225999832153320E-001
  -1.764000058174133E-001
   4.702000021934509E-001
   2.755999863147736E-001
  -6.631000041961670E-001
       -1.069700002670288
   1.030000001192093E-001
   3.573000133037567E-001
        1.061900019645691
   6.158999800682068E-001
   7.900999784469605E-001
   1.149000003933907E-001
  -5.620000138878822E-002
  -3.862000107765198E-001
  -8.434000015258789E-001
   2.529000043869019E-001
   7.318000197410584E-001
  -7.638000249862671E-001
  -9.817000031471252E-001
  -7.257000207901001E-001
   1.033999994397163E-001
  -1.432999968528748E-001
   3.677000105381012E-001
   8.683999776840210E-001
        1.713600039482117
        2.267800092697144
        1.799299955368042
        1.421499967575073
        1.378200054168701
        1.077299952507019
        1.094200015068054
   6.198999881744385E-001
   2.305999994277954E-001
   2.928999960422516E-001
   4.424000084400177E-001
   4.476999938488007E-001
        1.280599951744080
        1.570099949836731
        1.656800031661987
        1.659999966621399
        1.822000026702881
        1.086199998855591
   9.983000159263611E-001
   7.795000076293945E-001
  -4.629000127315521E-001
   1.483999937772751E-001
   4.912000000476837E-001
   1.816000044345856E-001
   1.939000040292740E-001
  -1.876000016927719E-001
       -1.571900010108948
       -1.731099963188171
       -1.004400014877319
  -9.139999747276306E-001
   2.088000029325485E-001
  -3.292999863624573E-001
   6.183000206947327E-001
   7.508000135421753E-001
   3.271000087261200E-001
   1.851000040769577E-001
   6.298000216484070E-001
   8.359000086784363E-001
   1.973000019788742E-001
  -5.623000264167786E-001
  -1.898999959230423E-001
  -3.801999986171722E-001
   5.899999737739563E-001
   7.365000247955322E-001
        1.282699942588806
        1.152899980545044
   7.113000154495239E-001
        1.626000046730042
   4.659000039100647E-001
   8.249999880790710E-001
   5.019999742507935E-001
   5.260000005364418E-002
   4.945000112056732E-001
  -1.791000068187714E-001
  -8.138999938964844E-001
   2.395000010728836E-001
   9.740999937057495E-001
   9.422000050544739E-001
   9.524999856948853E-001
   9.645000100135803E-001
        1.512799978256226
        2.132899999618530
        2.079999923706055
        2.440700054168701
        1.867799997329712
        1.384899973869324
        1.126099944114685
        1.217100024223328
   3.170000016689301E-001
  -5.552999973297119E-001
   4.384000003337860E-001
        1.144700050354004
        1.675500035285950
        1.590100049972534
   7.706000208854675E-001
        1.294199943542481
        1.221400022506714
  -1.006999984383583E-001
  -1.610000059008598E-002
   4.282999932765961E-001
   5.174999833106995E-001
  -7.029999792575836E-002
   2.319999933242798E-001
   3.941999971866608E-001
  -1.124999970197678E-001
  -7.723000049591065E-001
  -7.577000260353088E-001
  -6.123999953269959E-001
       -1.154199957847595
  -2.127999961376190E-001
   2.518000006675720E-001
   5.888000130653381E-001
        1.343199968338013
   9.900000095367432E-001
        1.062899947166443
   7.031000256538391E-001
   7.695999741554260E-001
   1.685999929904938E-001
   3.822999894618988E-001
  -3.039000034332275E-001
  -1.667000055313110E-001
  -4.289999976754189E-002
   6.662999987602234E-001
        1.686400055885315
        1.826400041580200
        1.209800004959106
   2.545000016689301E-001
        1.819800019264221
   5.552999973297119E-001
        1.557000041007996
        1.255699992179871
        1.477399945259094
   3.847999870777130E-001
   3.070000112056732E-001
   1.519999951124191E-001
   3.328999876976013E-001
        1.055799961090088
   8.859000205993652E-001
        1.275500059127808
        1.305999994277954
        1.723199963569641
        1.139199972152710
        1.799100041389465
        1.375599980354309
        1.115800023078919
   6.651999950408936E-001
   8.205999732017517E-001
        1.001500010490418
   2.720000036060810E-002
  -3.294999897480011E-001
   2.230000048875809E-001
        1.068199992179871
   7.940000295639038E-001
   5.662999749183655E-001
   1.412999927997589E-001
  -3.905000090599060E-001
  -5.001000165939331E-001
  -2.982999980449677E-001
   3.984000086784363E-001
   4.269999861717224E-001
        1.444100022315979
        1.242699980735779
        1.296499967575073
   3.749000132083893E-001
   6.596999764442444E-001
  -2.748999893665314E-001
       -1.394000053405762
  -5.910999774932861E-001
  -4.201000034809113E-001
   4.199000000953674E-001
   6.973999738693237E-001
   6.908000111579895E-001
        1.084300041198731
        1.032799959182739
        1.399799942970276
   6.808999776840210E-001
   9.534000158309937E-001
   4.201999902725220E-001
   7.627999782562256E-001
   7.602000236511231E-001
  -2.869000136852264E-001
   1.378999948501587E-001
        1.301200032234192
   8.913999795913696E-001
        1.588099956512451
        1.401900053024292
        1.058599948883057
   5.705000162124634E-001
   5.232999920845032E-001
   5.320000052452087E-001
        1.310600042343140
   8.338000178337097E-001
   7.113000154495239E-001
   6.585999727249146E-001
   4.050999879837036E-001
        1.667000055313110
        1.159000039100647
        1.084499955177307
        1.012500047683716
        2.257800102233887
        2.668999910354614
        1.172299981117249
   8.927000164985657E-001
   6.694999933242798E-001
   4.257999956607819E-001
   1.880999952554703E-001
   5.853000283241272E-001
   1.502999961376190E-001
   6.610999703407288E-001
   4.275999963283539E-001
  -1.808000057935715E-001
   6.893000006675720E-001
  -4.293000102043152E-001
   8.569999784231186E-002
  -4.133999943733215E-001
  -3.309000134468079E-001
   4.541000127792358E-001
        1.494099974632263
        1.192000031471252
        1.257799983024597
        1.187999963760376
        1.489099979400635
        1.680699944496155
  -1.141000017523766E-001
  -5.759000182151794E-001
  -3.298000097274780E-001
  -1.108999997377396E-001
  -6.400000303983688E-002
   6.484000086784363E-001
        1.407699942588806
   4.180000126361847E-001
   9.291999936103821E-001
   9.991999864578247E-001
        1.579100012779236
        1.266600012779236
        1.199800014495850
        1.037400007247925
   8.088999986648560E-001
   7.005000114440918E-001
   5.318999886512756E-001
  -7.140000164508820E-002
   5.363000035285950E-001
   7.615000009536743E-001
        1.689000010490418
        1.973399996757507
        1.556599974632263
        1.358100056648254
        1.651999950408936
        2.041300058364868
        2.008699893951416
   5.254999995231628E-001
        1.090100049972534
   8.511999845504761E-001
   9.742000102996826E-001
        1.063199996948242
        1.674900054931641
        1.271700024604797
        1.744099974632263
        1.612800002098084
        1.889299988746643
        1.563599944114685
        1.250699996948242
   1.516000032424927E-001
   5.091000199317932E-001
        1.052700042724609
  -2.600000007078052E-003
   4.932000041007996E-001
   2.985000014305115E-001
  -4.388999938964844E-001
  -6.736000180244446E-001
  -4.469000101089478E-001
  -1.964000016450882E-001
  -6.255000233650208E-001
   8.190000057220459E-002
  -4.776000082492828E-001
  -2.540999948978424E-001
   7.820000052452087E-001
        1.501700043678284
        1.778499960899353
   6.481000185012817E-001
   7.217000126838684E-001
        1.518100023269653
        2.136199951171875
   7.663999795913696E-001
  -7.269999980926514E-001
  -2.684000134468079E-001
   2.402999997138977E-001
   6.305000185966492E-001
        1.397600054740906
        1.295600056648254
        1.196400046348572
        1.752500057220459
        1.646700024604797
        1.420199990272522
        1.504999995231628
   7.792000174522400E-001
   4.569000005722046E-001
        1.419600009918213
   9.146999716758728E-001
   5.139999985694885E-001
   8.532999753952026E-001
   5.497999787330627E-001
   4.408000111579895E-001
   9.413999915122986E-001
        1.750800013542175
        1.745700001716614
   4.160000085830689E-001
   7.254999876022339E-001
        1.352300047874451
        1.659700036048889
        1.633100032806397
   9.638000130653381E-001
   5.952000021934509E-001
   5.832999944686890E-001
        1.507500052452087
        1.671300053596497
        1.576500058174133
        1.928799986839294
        1.717000007629395
        2.170000076293945
        1.082200050354004
   9.286000132560730E-001
        1.333099961280823
   7.687000036239624E-001
   9.456999897956848E-001
   5.820999741554260E-001
   3.165000081062317E-001
   1.918999999761581E-001
  -8.185999989509583E-001
  -3.874000012874603E-001
   1.251000016927719E-001
        1.009899973869324
   4.677999913692474E-001
   2.982000112533569E-001
   1.576000005006790E-001
   7.240000367164612E-002
        1.032500028610230
   7.613000273704529E-001
   9.564999938011169E-001
   2.318000048398972E-001
   8.098999857902527E-001
        1.159800052642822
        1.310299992561340
        1.243000030517578
        1.184499979019165
        1.021600008010864
   6.348999738693237E-001
   8.583999872207642E-001
        1.592499971389771
        1.198400020599365
        1.641199946403503
        1.103299975395203
   8.019000291824341E-001
   6.060000061988831E-001
   1.611000001430512E-001
   2.333000004291534E-001
   2.759000062942505E-001
   7.635999917984009E-001
        1.227499961853027
   5.706999897956848E-001
   8.439000248908997E-001
   1.956000030040741E-001
        1.376000046730042
   9.179999828338623E-001
   8.905000090599060E-001
   8.411999940872192E-001
   4.417000114917755E-001
   3.662000000476837E-001
        1.225700020790100
        1.366099953651428
   5.430999994277954E-001
        1.044899940490723
   5.163999795913696E-001
   6.539000272750855E-001
        1.276600003242493
        1.465199947357178
        1.462599992752075
        1.228800058364868
   7.972000241279602E-001
        1.767699956893921
   4.686000049114227E-001
   8.824999928474426E-001
        1.009199976921082
   9.236000180244446E-001
        1.393700003623962
        1.050300002098084
   9.593999981880188E-001
  -4.413000047206879E-001
   1.185000017285347E-001
  -4.030000045895577E-002
        1.007599949836731
        1.594099998474121
        1.192899942398071
        1.882599949836731
        1.444399952888489
        1.556200027465820
        1.875300049781799
        1.784000039100647
        1.554299950599670
        1.793900012969971
        1.644199967384338
   7.368999719619751E-001
        1.484500050544739
        1.067000031471252
        1.898399949073792
        1.023300051689148
   8.151000142097473E-001
        1.286299943923950
        1.392799973487854
        2.227200031280518
        2.066499948501587
   5.723000168800354E-001
   5.100000184029341E-003
   9.169999957084656E-001
   4.472999870777130E-001
   3.350999951362610E-001
   6.150000095367432E-001
   9.993000030517578E-001
   7.207000255584717E-001
  -1.723999977111816E-001
  -3.910000026226044E-001
   3.865000009536743E-001
        1.049200057983398
   6.370999813079834E-001
  -1.248999983072281E-001
  -3.208000063896179E-001
  -1.965000033378601E-001
  -2.426999956369400E-001
   3.783999979496002E-001
        1.035300016403198
   5.472999811172485E-001
   7.250000238418579E-001
   9.531000256538391E-001
        1.697800040245056
        1.483199954032898
        1.177000045776367
        1.559900045394898
        1.212000012397766
   5.225999951362610E-001
   2.910999953746796E-001
  -2.953999936580658E-001
  -7.706999778747559E-001
   3.835000097751617E-001
   7.871000170707703E-001
   8.021000027656555E-001
   7.394999861717224E-001
   7.936999797821045E-001
        1.068400025367737
        1.200999975204468
        1.029700040817261
        1.182999968528748
        1.814399957656860
        1.929700016975403
        2.095099925994873
        2.890199899673462
        1.942299962043762
        1.890300035476685
        2.212500095367432
        1.789899945259094
        1.505499958992004
   9.969999790191650E-001
   7.559999823570252E-001
   8.395000100135803E-001
        1.171599984169006
   8.682000041007996E-001
   5.942000150680542E-001
   7.694000005722046E-001
        1.340600013732910
        1.187000036239624
        1.170500040054321
        1.093400001525879
   2.585000097751617E-001
  -9.220000356435776E-002
   1.684000045061112E-001
  -2.969000041484833E-001
  -6.459000110626221E-001
   2.122000008821487E-001
   7.997999787330627E-001
   4.505000114440918E-001
   3.914000093936920E-001
   4.081999957561493E-001
  -5.730000138282776E-002
   4.738000035285950E-001
  -1.808000057935715E-001
  -5.778999924659729E-001
  -1.308999955654144E-001
  -9.999999776482582E-003
  -5.419999957084656E-001
  -3.655000030994415E-001
   3.138999938964844E-001
   7.257000207901001E-001
        1.161200046539307
        1.187000036239624
        1.019000053405762
        1.128900051116943
        1.953099966049194
        1.815899968147278
        1.520799994468689
        1.280699968338013
   1.632999926805496E-001
  -2.581000030040741E-001
  -8.500000461935997E-003
   1.140000019222498E-002
        1.042899966239929
        1.167999982833862
   8.289999961853027E-001
   1.174999997019768E-001
   8.615999817848206E-001
   6.510000228881836E-001
        1.664800047874451
        1.981199979782105
        2.004899978637695
        1.869400024414063
        1.703500032424927
        1.954599976539612
        2.083699941635132
        1.719699978828430
        1.680699944496155
        1.597399950027466
        1.241700053215027
        1.464100003242493
        1.184700012207031
        1.088999986648560
        2.042099952697754
   2.005999982357025E-001
  -1.990000009536743E-001
  -2.775999903678894E-001
        1.025900006294251
        1.458799958229065
   9.631000161170960E-001
   9.131000041961670E-001
  -1.287000030279160E-001
   1.850000023841858E-001
       -1.098199963569641
  -2.950000017881393E-002
  -5.052999854087830E-001
   1.300999969244003E-001
  -3.109999932348728E-002
   5.335000157356262E-001
   7.574999928474426E-001
   2.255000025033951E-001
   1.345999985933304E-001
  -1.769999973475933E-002
  -5.295000076293945E-001
  -4.975999891757965E-001
   7.748000025749207E-001
   9.329999983310700E-002
  -6.626999974250794E-001
   4.593000113964081E-001
        1.151999950408936
        1.750100016593933
        1.067399978637695
        1.214499950408936
        1.712399959564209
        1.633900046348572
        1.981899976730347
        1.898800015449524
        1.937999963760376
   7.057999968528748E-001
   2.606999874114990E-001
   2.094999998807907E-001
  -7.476000189781189E-001
  -4.345999956130981E-001
   2.605000138282776E-001
   8.470000028610230E-001
   2.935000061988831E-001
   8.762000203132629E-001
        1.440099954605103
        1.950600028038025
        1.576799988746643
        1.840000033378601
        1.274600028991699
        1.807800054550171
        1.111500024795532
        2.582799911499023
        2.473799943923950
        1.670600056648254
        1.264299988746643
        1.111600041389465
        1.878700017929077
        1.794999957084656
        1.607800006866455
        1.321200013160706
        1.615599989891052
   6.725999712944031E-001
  -5.575000047683716E-001
  -4.774999916553497E-001
   7.687000036239624E-001
   6.779000163078308E-001
   7.031000256538391E-001
   2.813000082969666E-001
   1.946000009775162E-001
  -1.740999966859818E-001
       -1.861099958419800
       -1.605800032615662
  -7.082999944686890E-001
   1.002999991178513E-001
  -1.622000038623810E-001
   6.017000079154968E-001
   1.278000026941299E-001
  -1.775999963283539E-001
  -4.966000020503998E-001
  -4.174000024795532E-001
  -6.284999847412109E-001
   1.348000019788742E-001
   1.894000023603439E-001
   9.312000274658203E-001
   5.070999860763550E-001
        1.733100056648254
        1.874300003051758
        1.966300010681152
        1.772699952125549
        1.525200009346008
        2.564699888229370
        2.415299892425537
        1.598899960517883
        1.838999986648560
        1.988199949264526
   7.692999839782715E-001
   6.420999765396118E-001
   2.901000082492828E-001
  -1.301999986171722E-001
  -7.422999739646912E-001
   4.309999942779541E-001
        1.098600029945374
   8.740000128746033E-001
        1.129799962043762
        2.135799884796143
        2.392699956893921
        1.862599968910217
        2.174400091171265
        1.738199949264526
        1.061100006103516
        1.986400008201599
        2.167000055313110
        2.173500061035156
        1.591799974441528
        1.260599970817566
        1.270300030708313
        1.496099948883057
        1.833899974822998
   6.000999808311462E-001
   7.294999957084656E-001
   9.819999933242798E-001
  -2.360000088810921E-002
  -7.174000144004822E-001
  -4.499999806284905E-003
   2.242999970912933E-001
   1.327999979257584E-001
  -3.680000081658363E-002
  -4.339999854564667E-001
  -3.023999929428101E-001
  -5.052999854087830E-001
  -5.332999825477600E-001
  -8.776999711990356E-001
  -1.636999994516373E-001
   4.661999940872192E-001
   7.957999706268311E-001
   1.059999987483025E-001
  -7.982000112533569E-001
   4.289999976754189E-002
  -8.687000274658203E-001
  -5.426999926567078E-001
       -1.132300019264221
   1.259000003337860E-001
   3.039000034332275E-001
   2.472999989986420E-001
        1.050099968910217
        1.688099980354309
        1.787899971008301
        2.345799922943115
        2.251800060272217
        2.237299919128418
        3.335900068283081
        2.292999982833862
        1.961899995803833
        1.198400020599365
        1.483000040054321
   8.709999918937683E-001
        1.093099951744080
        1.789000034332275
   2.854000031948090E-001
  -5.669999867677689E-002
   1.613000035285950E-001
   6.945999860763550E-001
        1.492200016975403
        1.344499945640564
        1.247599959373474
   8.871999979019165E-001
        1.260100007057190
        2.088399887084961
        1.254299998283386
   2.202000021934509E-001
   9.059000015258789E-001
        1.063400030136108
  -1.660999953746796E-001
   6.274999976158142E-001
        1.196699976921082
        1.786299943923950
        1.740499973297119
        1.040099978446960
   2.310000061988831E-001
   2.831000089645386E-001
   6.523000001907349E-001
   2.006999999284744E-001
  -8.116000294685364E-001
   1.010000035166740E-001
   6.699999794363976E-003
   2.320999950170517E-001
  -1.559000015258789E-001
   1.601999998092651E-001
   4.986000061035156E-001
   2.790000140666962E-001
  -2.093999981880188E-001
   2.339999936521053E-002
   6.401000022888184E-001
        1.205600023269653
   4.618000090122223E-001
   2.004999965429306E-001
  -3.912000060081482E-001
  -2.551999986171722E-001
   3.790000081062317E-002
  -2.378000020980835E-001
  -4.133999943733215E-001
  -1.976999938488007E-001
   1.843000054359436E-001
   2.527999877929688E-001
        1.215199947357178
        1.433099985122681
        2.091000080108643
        2.008300065994263
        1.228899955749512
        2.107399940490723
        2.237299919128418
        1.388900041580200
        1.803799986839294
        1.389000058174133
        1.177399992942810
        1.437299966812134
        1.795699954032898
        1.348299980163574
        1.132699966430664
   9.495000243186951E-001
   8.902000188827515E-001
        1.077800035476685
   5.533000230789185E-001
   5.327000021934509E-001
   6.140000224113464E-001
        1.103800058364868
   3.079000115394592E-001
        1.048099994659424
   5.412999987602234E-001
   6.136000156402588E-001
   2.919999957084656E-001
   6.400000303983688E-002
       -1.255399942398071
  -2.248000055551529E-001
   7.439000010490418E-001
        1.385300040245056
        1.795300006866455
        1.033699989318848
   3.810000121593475E-001
   5.939999967813492E-002
   3.533000051975250E-001
  -1.456000059843063E-001
   5.404999852180481E-001
        1.330399990081787
   4.799999892711639E-001
   4.390999972820282E-001
   3.745999932289124E-001
  -3.835000097751617E-001
  -1.293999999761581E-001
   4.393000006675720E-001
   4.607999920845032E-001
   2.089000046253204E-001
   9.731000065803528E-001
        1.839400053024292
        1.370800018310547
        1.282999992370606
   3.711000084877014E-001
   1.110000014305115E-001
   2.069000005722046E-001
   3.195999860763550E-001
  -4.347999989986420E-001
  -4.280000030994415E-001
  -4.066999852657318E-001
  -2.982000112533569E-001
   6.773999929428101E-001
   8.733000159263611E-001
        1.391299962997437
        2.022399902343750
        1.837100028991699
        1.503600001335144
        1.283699989318848
   6.434999704360962E-001
   6.715999841690064E-001
        1.647400021553040
        2.278899908065796
        1.632099986076355
        1.014000058174133
        1.593700051307678
        1.320099949836731
        1.728800058364868
        1.921499967575073
        1.041599988937378
   4.332000017166138E-001
   5.950000137090683E-002
  -5.539999902248383E-002
   5.880000069737434E-002
  -1.571999937295914E-001
   1.353999972343445E-001
        1.028399944305420
        1.065099954605103
   9.771000146865845E-001
  -1.616999953985214E-001
  -3.609000146389008E-001
  -4.479999840259552E-002
   6.768000125885010E-001
   7.598000168800354E-001
   6.028000116348267E-001
        1.355100035667419
   6.190999746322632E-001
   3.316000103950501E-001
   7.118999958038330E-001
   9.796000123023987E-001
        1.164800047874451
   7.682999968528748E-001
   7.048000097274780E-001
   8.435999751091003E-001
   5.817000269889832E-001
   5.827999711036682E-001
  -4.207000136375427E-001
  -9.200999736785889E-001
  -7.706000208854675E-001
   6.262999773025513E-001
        1.175600051879883
        1.726899981498718
        1.393800020217896
   9.743999838829041E-001
   8.000000119209290E-001
   1.181000024080277E-001
   2.201000005006790E-001
  -7.989000082015991E-001
  -5.995000004768372E-001
  -3.675999939441681E-001
  -7.839000225067139E-001
   6.849999725818634E-002
  -1.146000027656555E-001
   7.743999958038330E-001
        1.037799954414368
        2.404500007629395
        2.190399885177612
   8.895999789237976E-001
        1.083199977874756
   2.951999902725220E-001
        1.249300003051758
        1.209800004959106
        2.092099905014038
        1.809800028800964
   9.860000014305115E-001
        1.630399942398071
        2.027800083160400
        1.843799948692322
        1.645200014114380
        1.142799973487854
   2.220000028610230E-001
  -2.407999932765961E-001
  -8.203999996185303E-001
  -1.842000037431717E-001
  -1.028999984264374E-001
   7.188000082969666E-001
   6.912999749183655E-001
        1.168200016021729
        1.175899982452393
   2.500000037252903E-002
   5.422999858856201E-001
   5.338000059127808E-001
   9.266999959945679E-001
        1.401200056076050
        1.322600007057190
        1.650200009346008
   6.995999813079834E-001
   2.958000004291534E-001
        1.078099966049194
        1.224900007247925
   9.265999794006348E-001
   7.914000153541565E-001
   4.365999996662140E-001
        1.665099978446960
        1.315799951553345
  -3.840999901294708E-001
  -6.122999787330627E-001
  -8.752999901771545E-001
  -1.549999974668026E-002
   1.759999990463257E-001
   5.009999871253967E-002
   6.478999853134155E-001
        1.289700031280518
   1.933999955654144E-001
   1.685999929904938E-001
   4.999000132083893E-001
   1.272000074386597E-001
  -4.000999927520752E-001
  -5.407999753952026E-001
  -9.560999870300293E-001
       -1.043900012969971
   1.019999980926514E-001
   3.260000050067902E-001
        1.377200007438660
        1.815400004386902
        1.770900011062622
        1.957700014114380
        1.429499983787537
   8.366000056266785E-001
   9.309999942779541E-001
        1.325500011444092
   9.445999860763550E-001
        1.373600006103516
        1.252500057220459
        1.956099987030029
        2.205100059509277
        2.390799999237061
        2.117799997329712
        1.889899969100952
        2.034100055694580
   1.787000000476837E-001
  -1.481000036001205E-001
  -5.105999708175659E-001
  -6.507999897003174E-001
  -2.560999989509583E-001
   2.757999897003174E-001
        1.276000022888184
        1.929800033569336
        1.178799986839294
   6.635000109672546E-001
        1.040599942207336
   7.996000051498413E-001
        1.134199976921082
        1.272699952125549
        1.900500059127808
   7.922999858856201E-001
   5.455999970436096E-001
   7.736999988555908E-001
        1.600200057029724
        1.364099979400635
        1.484799981117249
        1.483999967575073
        1.369699954986572
        1.536800026893616
        1.012099981307983
   1.271000057458878E-001
  -4.508000016212463E-001
  -8.511999845504761E-001
  -8.133999705314636E-001
  -1.911000013351440E-001
   7.519999891519547E-002
  -5.550000071525574E-002
   7.950999736785889E-001
   6.349999904632568E-001
   1.200000010430813E-002
  -3.562999963760376E-001
  -1.295000016689301E-001
  -1.416999995708466E-001
  -3.892999887466431E-001
       -1.256199955940247
  -9.279999732971191E-001
  -2.225999981164932E-001
   3.889999911189079E-002
        1.190600037574768
   3.722000122070313E-001
   2.984000146389008E-001
        1.008399963378906
   6.642000079154968E-001
        1.014600038528442
        1.036299943923950
        1.038499951362610
        1.466199994087219
        1.745300054550171
        1.075099945068359
        1.280400037765503
        2.111599922180176
        2.109400033950806
        1.431800007820129
        2.209700107574463
        1.089100003242493
   4.869000017642975E-001
   8.737000226974487E-001
   9.465000033378601E-001
   7.389999926090241E-002
  -1.286000013351440E-001
   3.833000063896179E-001
   7.648000121116638E-001
   4.912000000476837E-001
  -5.120000243186951E-001
   5.625000000000000E-001
   7.455999851226807E-001
   9.585000276565552E-001
        1.885599970817566
        1.793099999427795
        2.164799928665161
        1.942199945449829
        1.990800023078919
        1.503600001335144
        1.219699978828430
        1.882500052452087
        1.771600008010864
        1.235999941825867
        1.284000039100647
   4.977000057697296E-001
   9.878000020980835E-001
   5.573999881744385E-001
  -1.594000011682510E-001
   3.640000149607658E-002
  -4.009000062942505E-001
  -1.260000001639128E-002
  -6.880000233650208E-002
  -1.181000024080277E-001
  -8.654000163078308E-001
  -3.959999978542328E-001
  -3.610999882221222E-001
  -3.815999925136566E-001
  -8.479999750852585E-002
   3.370000049471855E-002
  -1.300000026822090E-002
  -3.282999992370606E-001
  -4.102999866008759E-001
  -1.196999996900559E-001
  -3.134000003337860E-001
   2.851999998092651E-001
   6.988999843597412E-001
        1.045400023460388
   4.060000181198120E-002
   2.338999956846237E-001
   4.695000052452087E-001
   7.692999839782715E-001
   4.257999956607819E-001
   5.572999715805054E-001
   5.623000264167786E-001
   4.605999886989594E-001
        1.362900018692017
        1.835700035095215
        1.681300044059753
        2.281899929046631
        2.111999988555908
        1.064800024032593
   6.750000119209290E-001
        1.131500005722046
   1.556999981403351E-001
  -5.554999709129334E-001
  -5.292000174522400E-001
   6.887999773025513E-001
   8.834000229835510E-001
   7.235000133514404E-001
  -4.999999888241291E-003
   2.892999947071075E-001
   6.988999843597412E-001
        1.552800059318543
        1.353399991989136
        1.575999975204468
        1.962499976158142
        1.966500043869019
        2.012599945068359
        1.789600014686585
        2.040699958801270
   8.191999793052673E-001
        1.751600027084351
   8.070999979972839E-001
   9.580000042915344E-001
   8.960000276565552E-001
   6.575000286102295E-001
   3.689999878406525E-001
  -4.246000051498413E-001
  -5.569999814033508E-001
   1.341000050306320E-001
   3.183999955654144E-001
   1.997999995946884E-001
  -8.202000260353088E-001
  -9.939000010490418E-001
  -4.187000095844269E-001
  -1.655000001192093E-001
  -8.531000018119812E-001
   4.589000046253204E-001
   7.869999855756760E-002
  -1.317999958992004E-001
  -1.973000019788742E-001
  -2.460000067949295E-001
  -2.610000036656857E-002
   2.644000053405762E-001
   1.720000058412552E-001
   6.899999827146530E-002
   1.569000035524368E-001
   3.200000151991844E-002
        1.287799954414368
   7.046999931335449E-001
   2.047999948263168E-001
  -2.070000022649765E-001
   1.772000044584274E-001
   5.648000240325928E-001
   6.700000166893005E-001
        1.008700013160706
        1.261199951171875
        2.242399930953980
        1.885200023651123
        2.376899957656860
        1.238999962806702
        1.555799961090088
   5.752000212669373E-001
   1.717000007629395E-001
  -7.979000210762024E-001
  -3.152999877929688E-001
   4.819999933242798E-001
        1.224499940872192
   8.227999806404114E-001
        1.056599974632263
   2.517000138759613E-001
   1.266999989748001E-001
   9.153000116348267E-001
        1.225399971008301
        1.513800024986267
        1.653900027275085
        2.179100036621094
        1.327200055122376
        1.379799962043762
        1.381899952888489
        1.244099974632263
        2.269299983978272
        1.654999971389771
        2.042299985885620
        1.072800040245056
  -9.969999641180039E-002
   2.041999995708466E-001
  -6.129000186920166E-001
  -8.940000087022781E-002
  -2.542999982833862E-001
  -1.048000007867813E-001
  -3.824999928474426E-001
  -7.315999865531921E-001
       -1.422700047492981
  -2.849000096321106E-001
  -7.218999862670898E-001
  -5.238000154495239E-001
  -5.533999800682068E-001
  -4.505999982357025E-001
  -8.565999865531921E-001
       -1.010499954223633
   5.059000253677368E-001
   3.643000125885010E-001
   4.742000102996826E-001
   2.352000027894974E-001
  -1.035000011324883E-001
   4.681999981403351E-001
   2.106000036001205E-001
   7.975000143051148E-001
   4.300999939441681E-001
   5.963000059127808E-001
  -1.410000026226044E-001
  -9.470000118017197E-002
        1.105999946594238
   8.105999827384949E-001
        1.181300044059753
   5.655000209808350E-001
        1.553099989891052
        1.254500031471252
        2.178900003433228
        1.275799989700317
   7.443000078201294E-001
   1.045999974012375E-001
  -6.399999838322401E-003
       -1.010100007057190
   9.279999881982803E-002
  -1.419000029563904E-001
   4.080000147223473E-002
   9.284999966621399E-001
   6.507999897003174E-001
   4.812000095844269E-001
   7.799999788403511E-003
   5.376999974250794E-001
   6.266999840736389E-001
        2.054199934005737
        1.873900055885315
        2.220900058746338
        1.720299959182739
        1.490599989891052
   8.458999991416931E-001
        1.665500044822693
        1.639799952507019
        1.380399942398071
        1.272300004959106
        1.296200037002564
        1.151600003242493
  -2.064999938011169E-001
  -3.921999931335449E-001
  -1.957000046968460E-001
  -3.465999960899353E-001
  -3.853999972343445E-001
  -2.427999973297119E-001
  -4.465999901294708E-001
  -8.860999941825867E-001
  -5.207999944686890E-001
  -1.788000017404556E-001
  -5.659000277519226E-001
       -1.093500018119812
  -7.171000242233276E-001
  -4.688000082969666E-001
  -6.049999967217445E-002
   7.499999832361937E-003
   6.072999835014343E-001
