   3.592999875545502E-001
       -1.161000013351440
       -1.257300019264221
  -5.529999732971191E-001
       -1.036900043487549
       -1.101899981498718
  -7.857000231742859E-001
  -7.861999869346619E-001
       -1.547399997711182
       -2.007899999618530
       -1.801399946212769
       -1.933200001716614
       -1.552999973297119
       -2.028399944305420
       -1.163400053977966
       -1.446400046348572
       -1.121999979019165
  -5.864999890327454E-001
  -4.501000046730042E-001
  -7.174999713897705E-001
       -2.746799945831299
       -3.966200113296509
       -3.801700115203857
       -2.654099941253662
       -2.157900094985962
       -3.174299955368042
       -2.007999897003174
       -2.767100095748901
       -2.961899995803833
       -2.395600080490112
       -2.298799991607666
       -1.252699971199036
       -1.339800000190735
  -8.403000235557556E-001
  -1.128000020980835E-001
        1.308099985122681
   5.128999948501587E-001
   2.603000104427338E-001
   2.101999968290329E-001
       -1.209300041198731
       -1.152600049972534
       -1.064000010490418
  -9.010000228881836E-001
  -7.742000222206116E-001
  -1.054999977350235E-001
   2.487999945878983E-001
   7.524999976158142E-001
        1.530599951744080
        1.664299964904785
   6.665999889373779E-001
   8.208000063896179E-001
        1.396600008010864
        1.832999944686890
        2.103199958801270
        2.457099914550781
        1.621700048446655
        1.744799971580505
        1.509299993515015
        1.998800039291382
        1.980700016021729
   8.850000053644180E-002
  -5.770999789237976E-001
  -8.762999773025513E-001
       -1.148399949073792
  -4.104000031948090E-001
  -5.241000056266785E-001
   4.620999991893768E-001
  -1.510999947786331E-001
       -1.083500027656555
       -1.572000026702881
       -1.136700034141541
       -1.457499980926514
       -1.346099972724915
       -1.587299942970276
  -9.085999727249146E-001
  -8.859000205993652E-001
       -1.312999963760376
  -8.440999984741211E-001
  -6.960999965667725E-001
       -1.760599970817566
       -2.316299915313721
       -3.482599973678589
       -3.299700021743774
       -3.006900072097778
       -2.118700027465820
       -2.205600023269653
       -2.806900024414063
       -2.582200050354004
       -2.796200037002564
       -2.831599950790405
       -2.280299901962280
       -1.575999975204468
       -1.449300050735474
  -9.715999960899353E-001
  -6.164000034332275E-001
   4.713000059127808E-001
   8.378000259399414E-001
   6.685000061988831E-001
  -2.028000056743622E-001
  -1.757999956607819E-001
  -8.935999870300293E-001
       -1.765400052070618
       -1.381299972534180
   1.063999980688095E-001
   3.206000030040741E-001
   4.589999914169312E-001
        1.288499951362610
        1.024099946022034
        1.702999949455261
        1.034299969673157
   7.892000079154968E-001
        1.206099987030029
        1.103000044822693
        1.601799964904785
        2.918400049209595
        1.279600024223328
        1.775500059127808
        1.437999963760376
        1.448600053787231
        1.759699940681458
  -6.492999792098999E-001
  -2.757000029087067E-001
  -6.546999812126160E-001
  -7.031000256538391E-001
  -2.460000067949295E-001
  -6.060000136494637E-002
   4.280000180006027E-002
  -1.143999993801117E-001
  -7.332000136375427E-001
  -7.717000246047974E-001
  -4.986999928951263E-001
       -1.529099941253662
       -1.792199969291687
       -1.791800022125244
  -6.571000218391419E-001
       -1.180400013923645
       -1.764600038528442
  -8.992000222206116E-001
       -1.235399961471558
  -8.859000205993652E-001
       -1.724400043487549
       -1.682100057601929
       -2.182300090789795
       -1.982200026512146
       -1.781900048255920
       -1.853199958801270
       -1.891700029373169
       -2.394999980926514
       -2.008199930191040
       -1.383399963378906
       -1.021900057792664
  -9.282000064849854E-001
       -1.849400043487549
       -1.585700035095215
  -7.397000193595886E-001
  -4.036999940872192E-001
   8.823999762535095E-001
   8.612999916076660E-001
  -5.739999935030937E-002
   1.543000042438507E-001
  -8.470000326633453E-002
  -7.009000182151794E-001
  -2.752999961376190E-001
  -1.955000013113022E-001
   5.279999971389771E-002
  -1.511999964714050E-001
   7.829999923706055E-002
   3.555000126361847E-001
   6.841999888420105E-001
   6.427999734878540E-001
        1.032799959182739
        1.283200025558472
        1.302800059318543
        1.083999991416931
        1.863800048828125
        1.937299966812134
        2.241499900817871
        1.020699977874756
        1.124099969863892
   7.626000046730042E-001
       -1.376600027084351
  -6.435999870300293E-001
  -2.437999993562698E-001
  -3.944000005722046E-001
  -5.644999742507935E-001
   2.380000054836273E-002
  -7.430999875068665E-001
  -2.569999992847443E-001
  -6.516000032424927E-001
  -4.221999943256378E-001
  -4.270000010728836E-002
  -8.619999885559082E-001
  -6.021999716758728E-001
       -1.116299986839294
  -8.847000002861023E-001
  -3.810000121593475E-001
  -9.139000177383423E-001
  -5.993000268936157E-001
  -7.049000263214111E-001
  -6.168000102043152E-001
  -8.079000115394592E-001
       -1.695600032806397
       -1.936800003051758
  -9.933000206947327E-001
       -1.217100024223328
       -1.140499949455261
       -1.531599998474121
       -1.148200035095215
       -2.002099990844727
       -1.746299982070923
  -9.882000088691711E-001
  -9.132000207901001E-001
       -1.571099996566773
  -6.765000224113464E-001
   1.605000048875809E-001
   5.029000043869019E-001
   1.510999947786331E-001
  -8.680000156164169E-002
   4.988999962806702E-001
  -1.703999936580658E-001
  -5.830000042915344E-001
   3.379999846220017E-002
   2.551999986171722E-001
   6.094999909400940E-001
   3.628999888896942E-001
   2.002000063657761E-001
       -1.122300028800964
   1.376000046730042E-001
   2.865000069141388E-001
   1.613000035285950E-001
   5.139999985694885E-001
  -3.188000023365021E-001
   5.192000269889832E-001
        1.261999964714050
        1.971300005912781
        1.690999984741211
        1.972599983215332
        1.253100037574768
        1.196099996566773
        1.032799959182739
  -8.481000065803528E-001
       -1.441599965095520
  -2.601999938488007E-001
  -4.749999940395355E-001
  -3.810999989509583E-001
  -7.613000273704529E-001
  -6.299999952316284E-001
  -1.279000043869019E-001
  -2.529999986290932E-002
  -2.199999988079071E-003
   4.907000064849854E-001
   8.929999917745590E-002
  -7.342000007629395E-001
  -2.985999882221222E-001
  -9.478999972343445E-001
       -1.591599941253662
  -7.975999712944031E-001
  -5.393999814987183E-001
       -1.069499969482422
       -1.091699957847595
       -1.524299979209900
       -1.093600034713745
       -1.002300024032593
  -8.499000072479248E-001
  -9.825000166893005E-001
       -1.451500058174133
       -1.067199945449829
       -1.082900047302246
       -2.108099937438965
  -8.439999818801880E-001
   4.871000051498413E-001
  -5.715000033378601E-001
  -3.957000076770783E-001
  -2.750000059604645E-001
   4.767999947071075E-001
        1.301900029182434
   3.874000012874603E-001
   7.423999905586243E-001
   7.006000280380249E-001
   3.290000185370445E-002
   7.789999991655350E-002
  -6.270999908447266E-001
  -4.034000039100647E-001
  -2.115000039339066E-001
   3.720000013709068E-002
   1.142999976873398E-001
       -1.109599947929382
  -8.665000200271606E-001
  -5.509999990463257E-001
  -7.465999722480774E-001
  -1.796000003814697E-001
  -5.942000150680542E-001
   2.319999933242798E-001
   9.368000030517578E-001
        1.822100043296814
        1.496500015258789
        1.690700054168701
        1.954900026321411
        1.873299956321716
        1.433599948883057
  -7.444999814033508E-001
  -8.054999709129334E-001
  -5.515999794006348E-001
  -3.258999884128571E-001
  -5.023000240325928E-001
  -7.281000018119812E-001
  -1.712000072002411E-001
  -2.003999948501587E-001
  -3.260000050067902E-001
   3.197999894618988E-001
   4.900999963283539E-001
   5.780000090599060E-001
  -1.254999935626984E-001
  -7.602999806404114E-001
       -1.519199967384338
  -4.950000047683716E-001
  -5.519999861717224E-001
  -8.652999997138977E-001
       -1.211099982261658
  -8.783000111579895E-001
       -1.026000022888184
  -5.202000141143799E-001
  -4.431000053882599E-001
  -9.158999919891357E-001
       -1.575399994850159
       -1.963400006294251
       -1.182399988174439
       -1.570199966430664
       -1.185799956321716
  -1.557999998331070E-001
   6.851000189781189E-001
   6.567999720573425E-001
   3.722999989986420E-001
   3.194000124931335E-001
  -4.435999989509583E-001
   9.358000159263611E-001
        1.367900013923645
        1.138299942016602
        1.600000023841858
   5.611000061035156E-001
   8.967999815940857E-001
   2.644999921321869E-001
  -7.140000164508820E-002
   5.325000286102295E-001
   4.760000109672546E-002
   2.238000035285950E-001
  -6.347000002861023E-001
  -1.353999972343445E-001
  -1.687999963760376E-001
  -4.393999874591827E-001
  -4.715000092983246E-001
  -2.044000029563904E-001
   4.108999967575073E-001
   9.405999779701233E-001
   5.525000095367432E-001
        1.061300039291382
        1.559999942779541
        1.830000042915344
        1.672000050544739
        2.550100088119507
  -5.475000143051148E-001
  -9.499999694526196E-003
  -4.832000136375427E-001
   5.889999866485596E-002
  -6.037999987602234E-001
  -9.527000188827515E-001
  -1.491000056266785E-001
   3.939999938011169E-001
   3.846000134944916E-001
        1.063300013542175
   7.109999656677246E-002
  -6.144999861717224E-001
  -3.000000026077032E-003
       -1.006800055503845
       -1.278200030326843
  -2.407999932765961E-001
  -6.607000231742859E-001
       -1.335399985313416
       -1.008200049400330
       -1.531999945640564
  -6.380000114440918E-001
  -8.986999988555908E-001
       -1.337200045585632
  -9.208999872207642E-001
       -1.790599942207336
       -1.870200037956238
  -9.165999889373779E-001
       -1.379999995231628
  -3.515000045299530E-001
   2.806000113487244E-001
   6.290000081062317E-001
   9.067999720573425E-001
   4.896000027656555E-001
   9.021999835968018E-001
   8.320000171661377E-001
        1.786399960517883
        1.558799982070923
        1.886000037193298
        2.419199943542481
   8.337000012397766E-001
   5.978000164031982E-001
        1.211899995803833
   8.677999973297119E-001
   6.800000071525574E-001
   1.377999931573868E-001
  -5.497000217437744E-001
  -8.241000175476074E-001
  -7.293000221252441E-001
   6.979999691247940E-002
  -1.597999930381775E-001
   1.629000008106232E-001
   8.644000291824341E-001
   4.340000078082085E-002
   9.513000249862671E-001
   7.245000004768372E-001
   5.475999712944031E-001
        1.840499997138977
        1.283900022506714
        1.950299978256226
        2.115099906921387
   2.639999985694885E-002
  -4.921000003814697E-001
   7.513999938964844E-001
        1.249099969863892
   3.163000047206879E-001
  -2.793000042438507E-001
  -1.080000028014183E-001
   5.584999918937683E-001
   6.680999994277954E-001
   7.925000190734863E-001
   7.003999948501587E-001
  -1.887000054121018E-001
  -1.119000017642975E-001
  -2.442999929189682E-001
  -3.714999854564667E-001
       -1.070500016212463
       -1.096500039100647
       -1.118700027465820
       -1.229300022125244
       -1.434000015258789
  -9.739999771118164E-001
   1.300000026822090E-002
  -6.376000046730042E-001
       -1.228700041770935
       -1.435799956321716
       -2.588599920272827
  -8.066999912261963E-001
   3.641999959945679E-001
  -2.380000054836273E-002
  -1.412999927997589E-001
   4.767999947071075E-001
   4.666999876499176E-001
        1.470900058746338
        1.559999942779541
        2.084599971771240
        1.819399952888489
        1.591899991035461
        1.611199975013733
        1.966099977493286
        1.601500034332275
   9.258999824523926E-001
   9.481999874114990E-001
   8.975999951362610E-001
   8.611999750137329E-001
   4.582999944686890E-001
  -4.320999979972839E-001
  -4.129999876022339E-001
   2.769999951124191E-002
  -7.633000016212463E-001
  -1.592999994754791E-001
  -2.115000039339066E-001
   1.688999980688095E-001
   8.212000131607056E-001
   4.156999886035919E-001
   9.947000145912170E-001
        1.528699994087219
        1.630800008773804
        1.607300043106079
        1.630200028419495
        2.189599990844727
  -5.320000052452087E-001
   2.064999938011169E-001
   1.248999983072281E-001
  -3.073000013828278E-001
   4.948999881744385E-001
   1.240999996662140E-001
        1.164800047874451
        1.029500007629395
   9.412000179290772E-001
   9.825999736785889E-001
   4.472999870777130E-001
  -7.680000364780426E-002
   2.578000128269196E-001
   4.614999890327454E-001
  -4.950999915599823E-001
  -9.503999948501587E-001
  -3.537000119686127E-001
  -5.091999769210815E-001
   1.600999981164932E-001
  -1.185000017285347E-001
  -7.821999788284302E-001
  -2.135999947786331E-001
  -7.907000184059143E-001
       -1.555199980735779
       -1.683200001716614
       -1.149799942970276
  -9.222000241279602E-001
   1.516000032424927E-001
   2.001000046730042E-001
  -1.673000007867813E-001
   6.287999749183655E-001
        1.483100056648254
        2.638200044631958
        2.440900087356567
        2.095099925994873
        2.237600088119507
   9.286000132560730E-001
        1.408400058746338
        1.532799959182739
   8.493999838829041E-001
   6.644999980926514E-001
        1.013299942016602
   5.769000053405762E-001
   4.690000116825104E-001
   3.319000005722046E-001
   2.511999905109406E-001
   4.242999851703644E-001
  -1.639000028371811E-001
  -5.385000109672546E-001
  -8.309000134468079E-001
       -1.380699992179871
  -4.756000041961670E-001
   5.225999951362610E-001
        1.008399963378906
   9.757000207901001E-001
        1.429700016975403
        1.831699967384338
        1.338199973106384
   9.146999716758728E-001
   9.355000257492065E-001
  -7.200000286102295E-001
  -2.263000011444092E-001
   5.442000031471252E-001
   2.328999936580658E-001
   9.790000319480896E-002
   9.904999732971191E-001
   8.970999717712402E-001
        1.401499986648560
        2.550100088119507
        2.105299949645996
   6.342999935150147E-001
   1.664000004529953E-001
   1.851000040769577E-001
   2.606000006198883E-001
  -1.551000028848648E-001
  -4.309999942779541E-001
  -9.309999942779541E-001
  -8.569999933242798E-001
  -3.370000123977661E-001
   4.298999905586243E-001
   5.370000004768372E-002
  -5.454000234603882E-001
  -8.162999749183655E-001
       -1.836300015449524
  -8.791000247001648E-001
       -1.853500008583069
  -5.455999970436096E-001
   4.499999806284905E-003
  -2.851000130176544E-001
   4.162000119686127E-001
        1.114199995994568
        1.672999978065491
        2.301100015640259
        1.761800050735474
        1.385900020599365
        1.339300036430359
   9.807000160217285E-001
        1.590299963951111
        1.139000058174133
        1.837100028991699
        1.228600025177002
        2.023400068283081
        1.738299965858460
   9.641000032424927E-001
   7.914000153541565E-001
   2.779000103473663E-001
  -3.282000124454498E-001
  -1.819999963045120E-001
  -7.125999927520752E-001
  -7.161999940872192E-001
       -1.138700008392334
  -5.932000279426575E-001
   9.217000007629395E-001
   7.200000286102295E-001
   1.040000021457672E-001
        1.478000044822693
        2.167299985885620
        1.242799997329712
        1.170500040054321
   2.109999954700470E-002
  -7.300000190734863E-001
   3.695999979972839E-001
   3.422999978065491E-001
   4.880000054836273E-001
   5.275999903678894E-001
  -6.050000190734863E-001
   6.391999721527100E-001
        1.533300042152405
        1.429200053215027
        1.645499944686890
        1.133599996566773
   8.713999986648560E-001
   2.551999986171722E-001
  -4.070000052452087E-001
   1.560000032186508E-001
  -2.906999886035919E-001
  -9.010999798774719E-001
  -9.750000238418579E-001
  -6.486999988555908E-001
   7.779999822378159E-002
       -1.002799987792969
       -1.248000025749207
       -1.864899992942810
  -6.772999763488770E-001
  -4.616000056266785E-001
  -2.295999974012375E-001
  -3.059000074863434E-001
   4.392000138759613E-001
  -6.255999803543091E-001
   1.808999925851822E-001
   9.361000061035156E-001
        1.210899949073792
        2.083100080490112
        1.871600031852722
        1.772199988365173
   4.381000101566315E-001
   8.409000039100647E-001
   9.919000267982483E-001
        1.338099956512451
        1.304100036621094
        1.147500038146973
        2.303299903869629
        1.409700036048889
        1.317600011825562
   2.011000066995621E-001
  -3.625000119209290E-001
   4.450000077486038E-002
        1.123100042343140
   2.489999979734421E-001
  -1.407999992370606E-001
  -3.774000108242035E-001
  -7.275999784469605E-001
   2.517000138759613E-001
        1.764099955558777
   8.026000261306763E-001
        1.857499957084656
        1.495200037956238
        1.268300056457520
        1.083899974822998
        1.173400044441223
  -7.221999764442444E-001
  -9.046000242233276E-001
  -5.091000199317932E-001
   1.740000024437904E-002
  -7.649999856948853E-002
  -1.541000008583069E-001
   3.932999968528748E-001
        1.131199955940247
        1.740399956703186
        2.189899921417236
        1.254199981689453
        1.454300045967102
   5.956000089645386E-001
  -7.152000069618225E-001
  -1.040000002831221E-002
  -7.465000152587891E-001
       -1.157500028610230
       -1.091199994087219
  -2.856000065803528E-001
  -1.050999984145165E-001
  -3.030000030994415E-001
  -9.054999947547913E-001
       -1.353199958801270
  -9.333999752998352E-001
   9.600000455975533E-003
   2.759999968111515E-002
  -2.224999964237213E-001
   7.900000363588333E-002
   2.700000070035458E-003
  -3.632999956607819E-001
   6.473000049591065E-001
        1.271600008010864
        1.208099961280823
        1.363700032234192
        1.325899958610535
   6.661000251770020E-001
   3.190000057220459E-001
        1.383200049400330
        1.112699985504150
   6.596999764442444E-001
        1.036599993705750
        1.366400003433228
        1.073099970817566
        1.100000023841858
   4.158000051975250E-001
   2.740000002086163E-002
   3.666999936103821E-001
   3.291000127792358E-001
   6.747000217437744E-001
   9.739000201225281E-001
  -3.806000053882599E-001
   7.299999892711639E-002
        1.156200051307678
        1.220299959182739
        1.611400008201599
        1.976500034332275
        1.752799987792969
        1.018499970436096
        1.597200036048889
        1.565600037574768
  -5.491999983787537E-001
  -8.729000091552734E-001
       -1.084900021553040
   3.005999922752380E-001
  -2.136999964714050E-001
   1.995999962091446E-001
   7.149000167846680E-001
   8.844000101089478E-001
   7.724999785423279E-001
   1.005000025033951E-001
   9.340999722480774E-001
   8.682000041007996E-001
   8.266999721527100E-001
  -1.168000027537346E-001
   1.474000066518784E-001
   6.037999987602234E-001
  -5.498999953269959E-001
  -9.200000204145908E-003
  -5.805000066757202E-001
  -6.847000122070313E-001
  -7.020999789237976E-001
  -1.985000073909760E-001
       -1.223199963569641
  -9.521999955177307E-001
  -9.067999720573425E-001
  -7.439000010490418E-001
  -7.390999794006348E-001
  -3.005000054836273E-001
   4.844000041484833E-001
   4.444000124931335E-001
        1.167999982833862
        1.380399942398071
        1.114300012588501
        2.306200027465820
        1.461500048637390
        1.276900053024292
   3.804999887943268E-001
   8.162999749183655E-001
        1.001500010490418
        1.080399990081787
   8.781999945640564E-001
   8.885999917984009E-001
   6.108000278472900E-001
   2.146999984979630E-001
   9.749999642372131E-002
   4.729000031948090E-001
  -8.600000292062759E-003
   7.013000249862671E-001
   1.788000017404556E-001
   5.285000205039978E-001
   4.357999861240387E-001
        1.360499978065491
        1.769799947738648
        1.503100037574768
        1.417299985885620
        1.648100018501282
        1.168400049209595
        1.457499980926514
        2.145200014114380
        2.485500097274780
  -5.835000276565552E-001
  -9.059000015258789E-001
  -1.130999997258186E-001
   9.870000183582306E-002
   4.444000124931335E-001
   3.917999863624573E-001
   7.282000184059143E-001
   6.383000016212463E-001
  -7.289999723434448E-002
  -5.270000174641609E-002
  -4.821000099182129E-001
  -4.769999906420708E-002
  -8.199999928474426E-001
  -6.237000226974487E-001
  -6.809999793767929E-002
   7.531999945640564E-001
        1.306699991226196
   1.121999993920326E-001
  -3.095000088214874E-001
  -3.619999885559082E-001
  -7.473000288009644E-001
  -1.803999990224838E-001
  -5.087000131607056E-001
       -1.001299977302551
  -8.607000112533569E-001
  -5.386999845504761E-001
  -8.467000126838684E-001
  -8.690000325441361E-002
   7.002000212669373E-001
   1.472000032663345E-001
   4.341999888420105E-001
        1.085600018501282
        1.613100051879883
   8.495000004768372E-001
        1.412799954414368
        1.321799993515015
   3.411999940872192E-001
   8.787999749183655E-001
   9.478999972343445E-001
        1.030200004577637
   2.477000057697296E-001
  -1.049999967217445E-001
   5.300999879837036E-001
   2.459000051021576E-001
        1.396399974822998
        1.593700051307678
   5.386000275611877E-001
  -4.147000014781952E-001
   3.544000089168549E-001
   1.199999973177910E-001
   5.834000110626221E-001
   8.125000000000000E-001
   9.275000095367432E-001
   6.697999835014343E-001
   5.467000007629395E-001
   1.239999979734421E-001
        1.173499941825867
        1.315199971199036
        1.842000007629395
        1.487499952316284
  -8.116999864578247E-001
  -3.853999972343445E-001
   1.200000010430813E-002
  -1.557999998331070E-001
   3.605999946594238E-001
   3.170000016689301E-001
   2.201000005006790E-001
   1.313000023365021E-001
  -3.571000099182129E-001
   0.000000000000000E+000
   3.883999884128571E-001
   4.930000007152557E-002
       -1.280599951744080
       -1.492100000381470
  -8.338000178337097E-001
   4.549999907612801E-002
   7.121000289916992E-001
   6.779999732971191E-001
  -9.440000355243683E-002
  -7.680000066757202E-001
   5.583000183105469E-001
  -2.470999956130981E-001
  -5.648999810218811E-001
  -7.555000185966492E-001
  -2.415000051259995E-001
  -8.342999815940857E-001
  -8.417999744415283E-001
  -1.641000062227249E-001
   4.092000126838684E-001
  -7.859999686479569E-002
   4.499999806284905E-003
   3.921999931335449E-001
  -8.324000239372253E-001
   2.371000051498413E-001
   5.175999999046326E-001
   3.576000034809113E-001
   7.656000256538391E-001
        1.040400028228760
        1.492499947547913
   9.259999990463257E-001
  -5.227000117301941E-001
  -5.868999958038330E-001
  -3.492000102996826E-001
   3.003000020980835E-001
        1.199699997901917
   7.615000009536743E-001
   4.939999878406525E-001
  -9.629999846220017E-002
  -1.518000066280365E-001
   3.233999907970429E-001
   6.345999836921692E-001
   7.775999903678894E-001
   7.540000230073929E-002
  -1.860000044107437E-001
   5.501999855041504E-001
   5.722000002861023E-001
   4.411000013351440E-001
        1.528100013732910
        2.210299968719482
        2.041399955749512
  -8.571000099182129E-001
  -1.794999986886978E-001
  -7.339000105857849E-001
  -1.482000052928925E-001
   2.689999938011169E-001
   4.246999919414520E-001
   7.437000274658203E-001
   5.123999714851379E-001
   8.049999922513962E-002
   3.759999871253967E-001
  -2.123000025749207E-001
  -1.763000041246414E-001
       -1.435500025749207
       -1.590100049972534
  -8.862000107765198E-001
   4.950000047683716E-001
   8.198000192642212E-001
        1.172899961471558
  -3.768999874591827E-001
   9.420000016689301E-002
   1.296000033617020E-001
  -2.176000028848648E-001
  -7.203000187873840E-001
  -7.874000072479248E-001
  -6.184999942779541E-001
  -9.835000038146973E-001
  -4.059000015258789E-001
  -3.759000003337860E-001
   6.227999925613403E-001
   5.105999708175659E-001
   4.307999908924103E-001
   1.923999935388565E-001
       -1.574399948120117
  -3.091000020503998E-001
   6.130999922752380E-001
   8.780000209808350E-001
   8.381000161170960E-001
  -2.152000069618225E-001
   8.244000077247620E-001
  -1.639000028371811E-001
   6.899999920278788E-003
  -5.220999717712402E-001
  -3.010999858379364E-001
       -1.046300053596497
  -6.758999824523926E-001
   4.526999890804291E-001
  -2.091999948024750E-001
  -3.364000022411346E-001
  -2.166000008583069E-001
  -5.651999711990356E-001
   4.535000026226044E-001
   1.177999973297119E-001
   5.496000051498413E-001
  -2.422000020742416E-001
  -3.420000076293945E-001
   1.310999989509583E-001
   1.277000010013580E-001
   8.647999763488770E-001
        1.381199955940247
   8.607000112533569E-001
  -7.937999963760376E-001
       -1.282899975776672
  -7.509999871253967E-001
       -1.316100001335144
  -3.653999865055084E-001
   2.707999944686890E-001
        1.220800042152405
        1.256800055503845
   5.066999793052673E-001
   3.788000047206879E-001
   8.380000293254852E-002
  -2.362000048160553E-001
  -9.839000105857849E-001
       -1.210299968719482
       -1.443300008773804
   1.080000028014183E-002
   8.492000102996826E-001
   3.508000075817108E-001
  -2.400000113993883E-003
  -7.014999985694885E-001
  -1.657000035047531E-001
  -7.986000180244446E-001
       -1.960500001907349
       -1.611799955368042
       -1.254299998283386
  -3.765000104904175E-001
  -5.570000037550926E-002
   2.639999985694885E-001
   9.851999878883362E-001
   2.533999979496002E-001
  -3.174999952316284E-001
  -2.784999907016754E-001
   2.223999947309494E-001
  -7.400000002235174E-003
  -1.953999996185303E-001
   6.367999911308289E-001
   2.486000061035156E-001
  -1.652999967336655E-001
  -5.378000140190125E-001
  -6.880000233650208E-002
   3.174999952316284E-001
   3.920000046491623E-002
  -2.506000101566315E-001
  -6.725000143051148E-001
       -1.018700003623962
       -1.314200043678284
  -5.163999795913696E-001
   6.359000205993652E-001
  -2.206999957561493E-001
  -1.134999990463257E-001
   6.327999830245972E-001
   9.264000058174133E-001
   3.136999905109406E-001
   2.143999934196472E-001
  -3.808999955654144E-001
  -6.173999905586243E-001
   3.089999854564667E-001
   8.021000027656555E-001
        1.378999948501587
   3.203999996185303E-001
  -3.537000119686127E-001
  -6.445000171661377E-001
  -9.610999822616577E-001
       -1.561800003051758
  -9.832000136375427E-001
   9.258999824523926E-001
        1.157400012016296
   1.492000073194504E-001
   2.529999986290932E-002
  -2.006999999284744E-001
  -4.269999861717224E-001
  -5.587999820709229E-001
  -3.605000078678131E-001
       -1.572100043296814
       -1.616400003433228
  -3.749000132083893E-001
   1.401000022888184E-001
   4.270000010728836E-002
   1.328999996185303E-001
  -9.962999820709229E-001
  -2.290000021457672E-002
  -4.478999972343445E-001
       -1.760100007057190
       -1.460399985313416
       -1.588299989700317
  -5.178999900817871E-001
  -5.843999981880188E-001
  -2.707000076770783E-001
   2.639999985694885E-002
  -2.337000072002411E-001
  -3.800000064074993E-003
  -8.672000169754028E-001
  -1.641999930143356E-001
   2.294999957084656E-001
   4.842999875545502E-001
  -8.760000020265579E-002
  -3.898000121116638E-001
  -6.363000273704529E-001
  -1.612000018358231E-001
  -1.929000020027161E-001
  -2.120999991893768E-001
   3.815999925136566E-001
   1.387999951839447E-001
  -7.924000024795532E-001
  -9.355999827384949E-001
  -8.181999921798706E-001
   2.709999978542328E-001
   8.360999822616577E-001
   1.356000006198883E-001
  -2.971999943256378E-001
        1.181300044059753
        1.146299958229065
   5.224000215530396E-001
   8.488000035285950E-001
   1.158000007271767E-001
       -1.048400044441223
   1.942999958992004E-001
   4.740000143647194E-002
  -7.289999723434448E-002
   4.914000034332275E-001
  -4.641000032424927E-001
  -5.837000012397766E-001
  -1.580000072717667E-001
  -6.959999799728394E-001
  -5.030999779701233E-001
   8.952000141143799E-001
        1.580000042915344
  -3.194999992847443E-001
  -7.858999967575073E-001
  -6.111999750137329E-001
  -1.676999926567078E-001
       -1.102399945259094
       -1.662099957466126
       -1.420099973678589
  -3.964000046253204E-001
   7.299999892711639E-002
   1.670999974012375E-001
   1.841000020503998E-001
  -4.010000079870224E-002
  -1.613000035285950E-001
  -4.257000088691711E-001
  -9.962000250816345E-001
  -7.964000105857849E-001
  -7.951999902725220E-001
       -1.106899976730347
  -3.120000064373016E-001
       -1.079699993133545
  -7.225999832153320E-001
  -1.801999956369400E-001
  -4.280000180006027E-002
  -3.397000133991242E-001
  -7.199999690055847E-002
  -6.003000140190125E-001
  -6.190000176429749E-001
   1.630000025033951E-002
  -1.473000049591065E-001
   3.517999947071075E-001
        1.034700036048889
        1.328600049018860
   4.025000035762787E-001
  -4.000000189989805E-003
  -7.286999821662903E-001
       -1.065899968147278
  -5.378999710083008E-001
  -4.591000080108643E-001
  -2.257000058889389E-001
  -1.248999983072281E-001
   8.180999755859375E-001
  -3.039999902248383E-001
  -5.526000261306763E-001
   3.082000017166138E-001
   6.693000197410584E-001
   6.177999973297119E-001
   6.367999911308289E-001
   5.564000010490418E-001
  -2.795999944210053E-001
   8.370000123977661E-002
   7.799999713897705E-001
  -2.669999897480011E-001
  -3.957000076770783E-001
   6.829000115394592E-001
   2.349999994039536E-001
   5.753999948501587E-001
   3.000000119209290E-001
  -1.744000017642975E-001
   8.551999926567078E-001
   4.203999936580658E-001
   4.562999904155731E-001
  -3.210999965667725E-001
       -1.105299949645996
  -9.577000141143799E-001
       -1.426200032234192
       -1.658200025558472
  -7.592999935150147E-001
  -3.741999864578247E-001
   5.019000172615051E-001
        1.031000018119812
   9.171000123023987E-001
  -1.014999970793724E-001
  -9.508000016212463E-001
  -6.629999876022339E-001
  -4.296000003814697E-001
       -1.003900051116943
       -1.001700043678284
  -6.201999783515930E-001
  -8.133000135421753E-001
  -8.217999935150147E-001
       -1.297099947929382
  -2.743999958038330E-001
  -1.424999982118607E-001
  -6.906999945640564E-001
  -1.476999968290329E-001
  -3.418000042438507E-001
   2.989999949932098E-002
  -4.679999947547913E-001
  -9.149000048637390E-001
   2.700999975204468E-001
        1.835299968719482
        1.658699989318848
        1.432999968528748
   4.025999903678894E-001
   6.549999862909317E-002
  -6.470000147819519E-001
  -2.119999937713146E-002
   4.541999995708466E-001
   9.130000323057175E-002
  -1.896000057458878E-001
   1.224000006914139E-001
   4.038000106811523E-001
   3.501000106334686E-001
   5.435000061988831E-001
   8.284000158309937E-001
   3.503000140190125E-001
        1.471300005912781
        1.476500034332275
        1.323799967765808
   9.453999996185303E-001
        1.406299948692322
   1.966000050306320E-001
  -5.501000285148621E-001
   7.016999721527100E-001
        1.091099977493286
        1.662999987602234
   2.946999967098236E-001
   1.159000024199486E-001
   2.160000056028366E-001
   9.513999819755554E-001
   7.674000263214111E-001
   2.301999926567078E-001
  -4.190999865531921E-001
       -1.157400012016296
       -1.048599958419800
  -7.180000096559525E-002
   2.784999907016754E-001
   4.151999950408936E-001
   9.194999933242798E-001
   6.384000182151794E-001
   8.241000175476074E-001
   1.062000021338463E-001
  -4.277999997138977E-001
       -1.307600021362305
  -8.949000239372253E-001
  -9.075000286102295E-001
  -8.964999914169312E-001
  -8.532999753952026E-001
       -1.906700015068054
       -1.260200023651123
  -9.599000215530396E-001
   1.160999983549118E-001
  -1.729000061750412E-001
  -4.835000038146973E-001
   4.961999952793121E-001
   7.404999732971191E-001
   3.592000007629395E-001
   1.339000016450882E-001
   2.389000058174133E-001
  -2.820000052452087E-002
        1.344200015068054
        1.401299953460693
        1.327399969100952
   1.622000038623810E-001
   9.999999776482582E-003
  -4.410000145435333E-001
   6.779000163078308E-001
   4.384000003337860E-001
  -9.300000220537186E-002
  -5.275999903678894E-001
   5.849999934434891E-002
   7.968999743461609E-001
        1.337200045585632
   4.181999862194061E-001
        1.041399955749512
        1.492900013923645
        1.853000044822693
        2.386399984359741
        1.444800019264221
   9.366999864578247E-001
   7.240999937057495E-001
  -1.037999987602234E-001
  -6.039999723434448E-001
        1.061599969863892
        1.543900012969971
        1.815500020980835
  -1.009000018239021E-001
   1.147999987006187E-001
   2.057999968528748E-001
        1.366700053215027
   1.200000010430813E-002
   1.532000005245209E-001
       -1.190299987792969
  -9.341999888420105E-001
  -8.169999718666077E-001
   2.612000107765198E-001
   7.078999876976013E-001
  -2.600000007078052E-003
   8.001000285148621E-001
        1.064299941062927
   8.934000134468079E-001
  -1.350000035017729E-002
  -8.454999923706055E-001
       -1.318199992179871
       -1.912400007247925
       -1.446799993515015
       -1.805600047111511
  -6.741999983787537E-001
       -1.227699995040894
  -9.810000061988831E-001
       -1.220000028610230
  -9.509999752044678E-001
  -9.333000183105469E-001
   1.705999970436096E-001
   5.781000256538391E-001
        1.402500033378601
   6.600000262260437E-001
   9.009000062942505E-001
   3.892000019550324E-001
   9.679999947547913E-002
   1.381999999284744E-001
   6.862000226974487E-001
   4.744000136852264E-001
  -1.271000057458878E-001
  -6.905999779701233E-001
  -9.693999886512756E-001
  -3.982999920845032E-001
  -3.912000060081482E-001
  -7.010000199079514E-002
  -5.263000130653381E-001
  -9.366000294685364E-001
   1.622000038623810E-001
   6.711999773979187E-001
   4.709999859333038E-001
   7.401999831199646E-001
        1.731899976730347
        1.672899961471558
        1.383999943733215
        1.899899959564209
        1.833600044250488
        1.598799943923950
   6.699000000953674E-001
   3.763000071048737E-001
   4.749000072479248E-001
   3.874000012874603E-001
   1.739999949932098E-001
  -3.032999932765961E-001
  -5.450999736785889E-001
   5.652999877929688E-001
        1.026999950408936
   6.553000211715698E-001
  -2.321999967098236E-001
       -1.223999977111816
   3.190999925136566E-001
  -5.332000255584717E-001
  -6.179999932646751E-002
   7.692000269889832E-001
   5.909999832510948E-002
   4.485999941825867E-001
   4.941000044345856E-001
  -7.500000298023224E-002
   2.671999931335449E-001
  -7.135999798774719E-001
       -1.585999965667725
       -2.078799962997437
       -1.731699943542481
       -1.890300035476685
       -1.183799982070923
  -8.514999747276306E-001
  -4.571999907493591E-001
  -5.655000209808350E-001
  -8.720999956130981E-001
  -2.423000037670136E-001
   3.579999879002571E-002
   2.358999997377396E-001
        1.193400025367737
   8.460999727249146E-001
   4.025000035762787E-001
   9.312999844551086E-001
   6.937999725341797E-001
   5.956000089645386E-001
   4.377999901771545E-001
  -7.810000181198120E-001
   3.826000094413757E-001
  -5.295000076293945E-001
       -1.204499959945679
  -2.445999979972839E-001
   2.845999896526337E-001
   9.496999979019165E-001
   7.982000112533569E-001
   2.513000071048737E-001
   3.571000099182129E-001
  -4.564999938011169E-001
   6.441000103950501E-001
   4.979000091552734E-001
   3.653999865055084E-001
   9.118000268936157E-001
        1.256999969482422
        1.240599989891052
        1.435299992561340
        1.367400050163269
   4.817999899387360E-001
   1.738000065088272E-001
  -3.380999863147736E-001
   4.500000178813934E-002
   3.662999868392944E-001
  -3.835000097751617E-001
   3.350000083446503E-001
  -4.569999873638153E-001
  -5.091000199317932E-001
   8.319000005722046E-001
   1.022000014781952E-001
  -7.670000195503235E-002
   4.454999864101410E-001
   8.543999791145325E-001
        1.029999971389771
   4.074999988079071E-001
  -9.740000218153000E-002
  -6.320999860763550E-001
  -4.140999913215637E-001
  -5.555999875068665E-001
  -2.305999994277954E-001
  -9.186999797821045E-001
       -1.092900037765503
       -1.451200008392334
       -2.310100078582764
       -1.719499945640564
  -6.669999957084656E-001
   2.662000060081482E-001
   4.386000037193298E-001
  -9.300000034272671E-003
       -1.012899994850159
  -8.496999740600586E-001
   6.979999691247940E-002
   7.121999859809876E-001
   7.674000263214111E-001
   7.308999896049500E-001
   9.943000078201294E-001
        1.525500059127808
        1.224699974060059
        1.061800003051758
   9.759999811649323E-002
   5.289000272750855E-001
  -1.756000071763992E-001
  -4.456999897956848E-001
  -3.310000151395798E-002
  -7.785000205039978E-001
   7.430999875068665E-001
        1.447299957275391
        1.565400004386902
   3.851999938488007E-001
   4.630000144243240E-002
  -1.615999937057495E-001
  -3.361000120639801E-001
   4.580000042915344E-002
  -3.770000040531158E-001
   4.113000035285950E-001
   4.699999839067459E-002
   3.986000120639801E-001
        1.311100006103516
        1.637400031089783
        1.372200012207031
   9.125000238418579E-001
  -1.103999987244606E-001
  -4.688999950885773E-001
  -2.958999872207642E-001
  -5.595999956130981E-001
  -7.961000204086304E-001
  -3.264999985694885E-001
       -1.206699967384338
  -7.206000089645386E-001
       -1.110299944877625
  -3.704999983310700E-001
  -1.590999960899353E-001
   9.745000004768372E-001
   6.457999944686890E-001
   3.730000182986260E-002
  -6.999999750405550E-004
   2.225999981164932E-001
  -3.788999915122986E-001
  -3.680000007152557E-001
  -6.653000116348267E-001
  -4.663000106811523E-001
  -4.228000044822693E-001
       -1.589800000190735
       -2.572900056838989
       -2.079799890518189
       -1.241700053215027
  -4.821000099182129E-001
   2.822000086307526E-001
  -4.329999983310700E-001
  -1.569999940693378E-002
  -2.074999958276749E-001
   2.287999987602234E-001
   5.313000082969666E-001
   4.990000128746033E-001
   9.086999893188477E-001
        1.312999963760376
        1.414700031280518
   5.198000073432922E-001
   6.995999813079834E-001
   3.582000136375427E-001
   8.609999716281891E-002
   2.892000079154968E-001
  -4.907000064849854E-001
  -6.198999881744385E-001
  -2.169000059366226E-001
   2.495000064373016E-001
  -3.649999946355820E-002
   7.153000235557556E-001
   7.232000231742859E-001
   8.709999918937683E-002
   3.738999962806702E-001
  -2.368000000715256E-001
  -3.759999945759773E-002
  -2.750999927520752E-001
   2.274000048637390E-001
  -2.768999934196472E-001
  -7.128999829292297E-001
   6.200000047683716E-001
        1.147300004959106
        1.167199969291687
        1.137799978256226
   2.635999917984009E-001
   2.440000027418137E-001
  -6.258000135421753E-001
   2.610000036656857E-002
  -7.432000041007996E-001
       -1.131500005722046
  -5.119000077247620E-001
  -4.079000055789948E-001
  -9.488999843597412E-001
  -2.217999994754791E-001
   6.499999761581421E-002
   9.704999923706055E-001
   4.578000009059906E-001
  -6.400000303983688E-002
  -5.599999800324440E-003
        1.106600046157837
   5.235000252723694E-001
  -2.960000038146973E-001
  -4.544999897480011E-001
  -1.723999977111816E-001
  -6.941999793052673E-001
  -8.209999799728394E-001
       -1.569700002670288
  -9.969999790191650E-001
       -1.772600054740906
  -3.745000064373016E-001
  -1.634999960660934E-001
   1.123000010848045E-001
   7.337999939918518E-001
  -2.000000029802322E-001
  -5.475000143051148E-001
   1.647000014781952E-001
   8.273000121116638E-001
        1.059900045394898
        1.590100049972534
   9.919000267982483E-001
   9.149000048637390E-001
   7.027999758720398E-001
   9.092000126838684E-001
   9.088000059127808E-001
   6.658999919891357E-001
   2.680000066757202E-001
  -5.572999715805054E-001
   3.759999871253967E-001
   7.113999724388123E-001
   4.955999851226807E-001
        1.187299966812134
   4.952000081539154E-001
   1.561000049114227E-001
   5.705000162124634E-001
        1.328899979591370
   5.241000056266785E-001
   1.499999966472387E-002
  -5.180000066757202E-001
   1.136000007390976E-001
  -2.935000061988831E-001
   1.196999996900559E-001
   6.046000123023987E-001
        1.302899956703186
   2.799999900162220E-003
   4.600000008940697E-002
   2.422000020742416E-001
  -9.983000159263611E-001
  -6.405000090599060E-001
  -3.007000088691711E-001
  -5.418000221252441E-001
   5.906999707221985E-001
  -1.182999983429909E-001
  -1.781000047922134E-001
  -8.640000224113464E-002
  -7.184000015258789E-001
   3.847000002861023E-001
   1.280999928712845E-001
   7.788000106811523E-001
   3.754999935626984E-001
   5.088999867439270E-001
        1.693799972534180
   2.935000061988831E-001
  -3.377000093460083E-001
  -1.808999925851822E-001
  -4.248999953269959E-001
  -4.963000118732452E-001
   5.670999884605408E-001
   9.304000139236450E-001
  -2.590999901294708E-001
   4.340000078082085E-002
   7.699000239372253E-001
        1.330000042915344
        1.216599941253662
   1.286000013351440E-001
  -9.830000251531601E-002
   1.847999989986420E-001
        1.038100004196167
        1.353600025177002
        1.456799983978272
        1.274299979209900
   4.458999931812286E-001
  -1.323000043630600E-001
  -1.956000030040741E-001
   3.170999884605408E-001
   8.040000200271606E-001
        1.047099947929382
   1.999999955296516E-002
   5.378999710083008E-001
   6.976000070571899E-001
        1.269099950790405
        1.845000028610230
        1.503900051116943
        1.307800054550171
        1.821099996566773
        1.344400048255920
        1.839100003242493
   6.280000209808350E-001
   2.901000082492828E-001
   3.583999872207642E-001
   6.210000067949295E-002
  -4.469999969005585E-001
  -4.708000123500824E-001
   1.624000072479248E-001
  -2.013999968767166E-001
  -9.115999937057495E-001
  -5.580000281333923E-001
       -1.102800011634827
   4.014999866485596E-001
   2.134000062942505E-001
  -3.682000041007996E-001
   6.488000154495239E-001
   8.089999854564667E-002
   2.152000069618225E-001
   4.390000179409981E-002
   5.350000038743019E-002
  -5.770000219345093E-001
   4.841000139713287E-001
   8.715999722480774E-001
   3.558000028133392E-001
  -2.290000021457672E-001
   1.216000020503998E-001
  -3.310000151395798E-002
  -4.298999905586243E-001
  -7.235999703407288E-001
  -5.877000093460083E-001
   2.576999962329865E-001
        1.278800010681152
        1.509099960327148
   5.469999909400940E-001
  -4.205999970436096E-001
   3.393000066280365E-001
   7.617999911308289E-001
  -1.670999974012375E-001
  -6.888999938964844E-001
  -7.042999863624573E-001
  -1.532000005245209E-001
   6.294000148773193E-001
        1.184999942779541
        1.125399947166443
   3.021999895572662E-001
        1.138000011444092
   5.148000121116638E-001
   4.449000060558319E-001
   5.213000178337097E-001
        1.131299972534180
   2.689000070095062E-001
   1.721999943256378E-001
   8.019999861717224E-001
   9.442999958992004E-001
        1.102100014686585
        1.619400024414063
        1.488000035285950
        1.792400002479553
        2.065500020980835
        1.879099965095520
        2.333899974822998
        2.195100069046021
        1.457000017166138
        1.088199973106384
  -3.314999938011169E-001
       -1.351699948310852
       -1.229300022125244
  -6.136999726295471E-001
       -1.006899952888489
       -1.294700026512146
  -6.911000013351440E-001
  -3.607999980449677E-001
  -1.442999988794327E-001
   1.648000031709671E-001
        1.012599945068359
   6.230999827384949E-001
  -1.489999983459711E-002
   2.782999873161316E-001
  -5.240000039339066E-002
  -4.776000082492828E-001
  -8.463000059127808E-001
   2.109999954700470E-002
   3.709000051021576E-001
   3.375000059604645E-001
   1.657000035047531E-001
  -3.159999847412109E-002
  -4.309999942779541E-002
       -1.067999958992004
  -8.701000213623047E-001
  -8.190000057220459E-001
  -3.840000182390213E-002
   5.361999869346619E-001
        1.484200000762940
   8.786000013351440E-001
   4.715999960899353E-001
   3.382999897003174E-001
   9.499999880790710E-002
  -2.064000070095062E-001
       -1.158200025558472
   2.039999961853027E-001
   4.080000147223473E-002
   5.310999751091003E-001
   9.052000045776367E-001
   3.237000107765198E-001
   6.789000034332275E-001
  -6.570000201463699E-002
   3.889999911189079E-002
   2.556000053882599E-001
   7.692000269889832E-001
   6.381999850273132E-001
   1.811999976634979E-001
  -2.443999946117401E-001
   4.273999929428101E-001
   3.120000064373016E-001
        1.059200048446655
        1.514700055122376
        1.223999977111816
        2.254499912261963
        2.827199935913086
        2.545300006866455
        1.984599947929382
        2.706700086593628
        1.851699948310852
        1.420300006866455
  -1.286000013351440E-001
  -1.834000051021576E-001
  -7.246999740600586E-001
  -9.019999951124191E-002
  -3.574000000953674E-001
  -8.931000232696533E-001
  -9.782999753952026E-001
  -9.876000285148621E-001
  -2.971000075340271E-001
  -3.614000082015991E-001
  -1.314000040292740E-001
   2.973000109195709E-001
   6.305999755859375E-001
   4.663999974727631E-001
   1.340000033378601E-001
  -3.661000132560730E-001
  -2.425999939441681E-001
   3.431999981403351E-001
   4.889000058174133E-001
  -4.010000079870224E-002
  -5.850999951362610E-001
  -3.003000020980835E-001
  -8.251000046730042E-001
       -1.592300057411194
       -1.378299951553345
  -2.328000068664551E-001
  -1.237000003457069E-001
  -3.788000047206879E-001
   5.170000195503235E-001
   7.664999961853027E-001
  -7.806000113487244E-001
  -7.450000196695328E-002
  -8.080999851226807E-001
  -4.171000123023987E-001
       -1.554800033569336
  -3.490999937057495E-001
   7.451999783515930E-001
   7.677999734878540E-001
        1.012500047683716
   6.779000163078308E-001
        1.707599997520447
        1.065600037574768
   5.580999851226807E-001
   4.824000000953674E-001
   6.933000087738037E-001
   3.813000023365021E-001
   7.240000367164612E-002
   8.299999684095383E-002
   8.919999748468399E-002
   3.736999928951263E-001
   3.533999919891357E-001
   9.516000151634216E-001
   8.468000292778015E-001
        2.122999906539917
        2.436300039291382
        1.689399957656860
        1.460899949073792
        1.419000029563904
        1.634299993515015
   8.220999836921692E-001
   7.864000201225281E-001
   8.123999834060669E-001
   2.639000117778778E-001
  -1.712999939918518E-001
        1.075999975204468
  -4.984000027179718E-001
       -1.441699981689453
       -1.582100033760071
  -7.871000170707703E-001
  -2.588999867439270E-001
  -2.730000019073486E-001
  -9.939999878406525E-002
   4.072999954223633E-001
  -2.115000039339066E-001
   4.041000008583069E-001
  -7.469000220298767E-001
   6.700000166893005E-002
   7.199999690055847E-002
   9.228000044822693E-001
   4.481000006198883E-001
  -8.019999861717224E-001
  -8.203999996185303E-001
  -7.946000099182129E-001
  -8.833000063896179E-001
  -6.769999861717224E-001
  -7.260000109672546E-001
  -8.242999911308289E-001
   5.870000123977661E-001
   2.617000043392181E-001
   6.696000099182129E-001
   4.463999867439270E-001
  -5.745000243186951E-001
  -5.056999921798706E-001
  -6.430000066757202E-002
  -4.069999977946281E-002
   4.424000084400177E-001
        1.149999976158142
        1.558300018310547
   7.070000171661377E-001
        1.243700027465820
        1.192700028419495
        1.391800045967102
        1.419800043106079
   6.100999712944031E-001
   1.432999968528748E-001
   1.186999976634979E-001
   1.814000010490418E-001
  -4.607999920845032E-001
   1.789999939501286E-002
   6.017000079154968E-001
   3.713000118732452E-001
   5.701000094413757E-001
        1.099300026893616
        1.509199976921082
        2.210599899291992
        1.205800056457520
        1.452900052070618
        1.294199943542481
   7.027999758720398E-001
   9.172999858856201E-001
   7.078999876976013E-001
   8.816000223159790E-001
   8.439999818801880E-002
   3.948000073432922E-001
        1.489300012588501
       -1.044600009918213
       -1.239899992942810
       -1.616299986839294
  -9.481999874114990E-001
  -8.763999938964844E-001
  -5.392000079154968E-001
       -1.076599955558777
  -1.670999974012375E-001
  -6.711999773979187E-001
  -4.842999875545502E-001
  -5.953999757766724E-001
   9.999999747378752E-005
   1.319999992847443E-001
   3.138000071048737E-001
  -9.950000047683716E-002
  -2.430000007152557E-001
  -8.704000115394592E-001
       -1.027799963951111
       -1.578500032424927
       -1.233800053596497
  -9.059000015258789E-001
  -3.118000030517578E-001
  -2.583999931812286E-001
   3.456000089645386E-001
   2.899999916553497E-001
  -4.851000010967255E-001
  -1.098000034689903E-001
   2.050000056624413E-002
   4.228999912738800E-001
   4.474000036716461E-001
   7.957000136375427E-001
   9.014999866485596E-001
   4.630999863147736E-001
        1.151399970054627
   9.185000061988831E-001
   1.468999981880188E-001
   8.817999958992004E-001
   7.785000205039978E-001
   5.321000218391419E-001
        1.205399990081787
        1.204699993133545
  -3.169000148773193E-001
  -8.421999812126160E-001
  -3.093000054359436E-001
   6.575999855995178E-001
  -1.855999976396561E-001
  -2.890000045299530E-001
   5.591999888420105E-001
        1.378800034523010
        1.748299956321716
        2.191900014877319
   7.106000185012817E-001
        1.411499977111816
        1.083699941635132
        1.286900043487549
   9.611999988555908E-001
   7.706000208854675E-001
   8.940000087022781E-002
   6.310999989509583E-001
        2.003599882125855
  -1.662999987602234E-001
  -6.600000262260437E-001
  -4.914999902248383E-001
       -1.084599971771240
       -1.302500009536743
  -8.686000108718872E-001
       -1.081500053405762
  -9.075999855995178E-001
  -8.382999897003174E-001
  -6.054000258445740E-001
  -1.832000017166138E-001
  -2.140000090003014E-002
  -6.496000289916992E-001
  -9.333999752998352E-001
       -1.278800010681152
  -9.271000027656555E-001
  -5.432999730110169E-001
  -2.316000014543533E-001
  -3.546000123023987E-001
  -4.638000130653381E-001
  -7.451000213623047E-001
  -6.116999983787537E-001
  -4.609000086784363E-001
  -7.623000144958496E-001
  -2.354999929666519E-001
  -3.689999878406525E-001
   3.605000078678131E-001
  -4.713999927043915E-001
  -1.181000024080277E-001
        1.151600003242493
   6.625999808311462E-001
        1.542299985885620
        1.239899992942810
   6.790999770164490E-001
  -1.890999972820282E-001
  -3.294000029563904E-001
   7.778999805450440E-001
   7.269999980926514E-001
   3.684999942779541E-001
   9.495000243186951E-001
   7.573000192642212E-001
   6.959999799728394E-001
   4.657000005245209E-001
   7.810999751091003E-001
   7.429999709129334E-001
  -2.300000041723251E-001
   1.923000067472458E-001
        1.185299992561340
        1.838299989700317
        1.401999950408936
        1.926599979400635
        1.543099999427795
   5.493000149726868E-001
   9.631999731063843E-001
   7.724000215530396E-001
        1.217300057411194
        1.689299941062927
        1.153599977493286
        1.471400022506714
        2.218899965286255
  -6.398000121116638E-001
  -5.661000013351440E-001
  -2.554999887943268E-001
       -1.010400056838989
       -1.679499983787537
  -9.024000167846680E-001
  -6.468999981880188E-001
  -5.009999871253967E-001
       -1.419999957084656
  -7.800000160932541E-002
  -6.513000130653381E-001
   2.874999940395355E-001
  -6.194999814033508E-001
       -1.098999977111816
       -1.141000032424927
  -5.149000287055969E-001
  -3.440000116825104E-002
   8.075000047683716E-001
   4.866000115871429E-001
   5.041000247001648E-001
  -5.332000255584717E-001
  -9.379000067710877E-001
  -4.411999881267548E-001
  -1.890999972820282E-001
  -1.534000039100647E-001
  -5.871999859809876E-001
  -6.384999752044678E-001
  -4.377000033855438E-001
   4.199999850243330E-003
   9.781000018119812E-001
        1.057999968528748
        1.717800021171570
        1.298300027847290
   6.147999763488770E-001
   5.770000219345093E-001
   9.695000052452087E-001
   4.851999878883362E-001
   8.776999711990356E-001
        1.739799976348877
   9.876000285148621E-001
   6.164000034332275E-001
   8.316000103950501E-001
        1.450799942016602
        1.612400054931641
   8.931999802589417E-001
  -6.294000148773193E-001
   1.032999977469444E-001
        1.440700054168701
        1.454399943351746
        2.028399944305420
        2.171400070190430
   5.631999969482422E-001
        1.330100059509277
        2.151299953460693
        1.659199953079224
   7.980999946594238E-001
   7.501000165939331E-001
        1.875300049781799
        1.197199940681458
        2.044199943542481
  -9.725000262260437E-001
  -7.103999853134155E-001
  -9.524000287055969E-001
       -1.043799996376038
  -7.516999840736389E-001
  -9.582999944686890E-001
   6.000000284984708E-004
  -3.248000144958496E-001
  -6.061999797821045E-001
   4.589999839663506E-002
   1.344999969005585E-001
  -1.870999932289124E-001
  -5.234000086784363E-001
  -8.769999742507935E-001
  -5.436000227928162E-001
   5.930000171065331E-002
   2.777000069618225E-001
  -2.494000047445297E-001
   7.684000134468079E-001
   4.467000067234039E-001
  -2.481999993324280E-001
  -3.849999904632568E-001
  -5.290000140666962E-002
  -4.250000119209290E-001
  -2.845999896526337E-001
  -3.567999899387360E-001
  -4.753000140190125E-001
  -3.339000046253204E-001
  -3.535000085830689E-001
   5.679000020027161E-001
        1.561599969863892
        1.192100048065186
        1.159199953079224
  -1.976999938488007E-001
   6.786000132560730E-001
   6.995000243186951E-001
   8.762000203132629E-001
        1.114400029182434
   6.090999841690064E-001
   7.488999962806702E-001
   8.435999751091003E-001
        1.103800058364868
        1.043200016021729
   8.858000040054321E-001
   2.829999923706055E-001
   1.620000042021275E-002
   1.182999983429909E-001
        1.125800013542175
        1.042799949645996
        2.348000049591065
        1.695500016212463
        1.467800021171570
        1.262199997901917
        1.851500034332275
        1.356199979782105
   7.628999948501587E-001
        1.269199967384338
        1.419600009918213
        1.901999950408936
        1.351300001144409
       -1.409100055694580
       -1.199300050735474
       -1.324900031089783
       -1.751999974250794
       -1.445099949836731
  -8.488000035285950E-001
  -5.164999961853027E-001
  -6.518999934196472E-001
  -4.047999978065491E-001
   9.489999711513519E-002
   3.892999887466431E-001
  -1.370000001043081E-002
       -1.038499951362610
       -1.254199981689453
  -1.576000005006790E-001
   1.180000044405460E-002
   7.369999885559082E-001
        1.011399984359741
   4.977999925613403E-001
   3.794000148773193E-001
   8.119000196456909E-001
   3.325999975204468E-001
  -2.268999963998795E-001
  -8.100000023841858E-002
  -5.235000252723694E-001
  -5.224999785423279E-001
  -8.969999849796295E-002
  -1.319999992847443E-002
   9.128000140190125E-001
   8.709999918937683E-001
        1.091400027275085
   8.639000058174133E-001
  -2.322999984025955E-001
  -1.793999969959259E-001
   7.565000057220459E-001
   1.617999970912933E-001
   5.685999989509583E-001
        1.247099995613098
   9.118999838829041E-001
        1.524899959564209
   8.568999767303467E-001
        1.502799987792969
        1.441499948501587
        1.554100036621094
        1.273200035095215
   2.419999986886978E-001
   2.563000023365021E-001
   6.582000255584717E-001
   7.242000102996826E-001
        1.465299963951111
        2.085999965667725
        1.859599947929382
        2.062999963760376
        2.153199911117554
        2.527899980545044
        1.965600013732910
        2.008800029754639
        1.535500049591065
   4.993999898433685E-001
   2.109999954700470E-002
       -2.266999959945679
       -1.460600018501282
       -1.337499976158142
       -2.158900022506714
       -1.074699997901917
  -6.205000281333923E-001
   2.721000015735626E-001
   1.431999951601028E-001
  -5.429999902844429E-002
  -2.282000035047531E-001
  -1.398999989032745E-001
   5.906000137329102E-001
  -7.978000044822693E-001
       -1.020400047302246
  -1.395999938249588E-001
  -9.200000204145908E-003
        1.067199945449829
        1.050999999046326
   2.233999967575073E-001
   9.563999772071838E-001
  -1.247999966144562E-001
   3.878000080585480E-001
  -3.929999843239784E-002
  -3.147000074386597E-001
  -5.742999911308289E-001
       -1.435299992561340
       -1.342900037765503
  -5.127000212669373E-001
   1.499000042676926E-001
   2.175000011920929E-001
        1.361199975013733
   6.613000035285950E-001
   9.250000119209290E-002
  -8.867999911308289E-001
   5.225999951362610E-001
   3.535000085830689E-001
        1.570099949836731
        1.665199995040894
        2.105799913406372
        1.008299946784973
        1.332100033760071
        1.756800055503845
        1.533699989318848
        2.622699975967407
   9.376000165939331E-001
        1.119500041007996
   8.905000090599060E-001
        1.224400043487549
   9.302999973297119E-001
   9.563000202178955E-001
        2.023999929428101
        2.561199903488159
        2.532900094985962
        3.395200014114380
        2.091599941253662
        2.220700025558472
        3.347100019454956
        2.092400074005127
        1.939000010490418
   6.895999908447266E-001
  -9.086999893188477E-001
       -1.279800057411194
       -1.592499971389771
       -1.561599969863892
       -1.199000000953674
  -2.712000012397766E-001
   3.468999862670898E-001
   1.976000070571899E-001
  -3.384000062942505E-001
  -9.870000183582306E-002
   7.186999917030335E-001
   7.059000134468079E-001
  -1.740000024437904E-002
   1.431999951601028E-001
  -3.594999909400940E-001
   3.045000135898590E-001
        1.257599949836731
   6.025999784469605E-001
   4.896000027656555E-001
   5.914999842643738E-001
   3.950000107288361E-001
  -1.322000026702881E-001
   5.874999761581421E-001
   1.649999991059303E-002
       -1.154899954795837
       -1.815199971199036
       -1.383700013160706
       -1.563899993896484
   3.176000118255615E-001
  -1.168000027537346E-001
   5.813000202178955E-001
   3.443999886512756E-001
  -5.539999902248383E-002
       -1.057600021362305
  -6.984000205993652E-001
   1.733999997377396E-001
        1.082399964332581
   7.893000245094299E-001
        1.033300042152405
        2.084399938583374
        1.720399975776672
        2.333400011062622
        1.842100024223328
        2.494999885559082
        1.515100002288818
        1.926800012588501
        2.100600004196167
        1.137599945068359
   4.580000042915344E-001
        1.093099951744080
        2.113899946212769
        2.540800094604492
        2.984800100326538
        4.628900051116943
        3.469199895858765
        3.384799957275391
        3.213999986648560
        4.043300151824951
        2.912100076675415
        2.447900056838989
       -1.185899972915649
       -1.063199996948242
  -9.861999750137329E-001
       -1.359799981117249
       -1.461699962615967
  -5.169000029563904E-001
       -1.055600047111511
  -9.936000108718872E-001
   3.305000066757202E-001
   1.535000056028366E-001
   7.717999815940857E-001
   7.118999958038330E-001
   3.932000100612640E-001
   6.679999828338623E-001
   7.796000242233276E-001
   7.660000026226044E-002
   4.474000036716461E-001
   2.264000028371811E-001
   2.373999953269959E-001
   3.637000024318695E-001
  -4.957999885082245E-001
       -1.263599991798401
   3.819999992847443E-001
   2.213999927043915E-001
  -4.313000142574310E-001
  -7.056999802589417E-001
  -5.850999951362610E-001
  -8.041999936103821E-001
  -3.115000128746033E-001
  -1.820999979972839E-001
  -4.359000027179718E-001
  -2.160000056028366E-002
   1.754000037908554E-001
  -4.156999886035919E-001
  -2.195000052452087E-001
   1.855999976396561E-001
   7.591000199317932E-001
        1.761999964714050
        1.618800044059753
        1.925500035285950
        2.382200002670288
        2.567300081253052
        2.991899967193604
        2.694700002670288
        1.789899945259094
        1.626799941062927
        1.630900025367737
   6.682000160217285E-001
   8.022999763488770E-001
        1.396700024604797
        1.350800037384033
        1.890499949455261
        2.520600080490112
        3.510499954223633
        3.438499927520752
        3.544600009918213
        3.005199909210205
        3.267299890518189
        2.896600008010864
        3.008300065994263
       -1.395300030708313
  -6.143000125885010E-001
  -4.756999909877777E-001
       -1.262699961662293
  -7.336000204086304E-001
  -6.889999657869339E-002
   3.089999966323376E-002
  -5.605000257492065E-001
  -3.890999853610992E-001
   4.411000013351440E-001
   4.189999997615814E-001
        1.563500046730042
        1.383000016212463
   8.452000021934509E-001
        1.644400000572205
   7.904999852180481E-001
   7.376000285148621E-001
   7.477999925613403E-001
   6.699999794363976E-003
   2.011000066995621E-001
   6.503000259399414E-001
   1.254999935626984E-001
   3.456000089645386E-001
  -3.142000138759613E-001
  -8.787000179290772E-001
  -1.204999983310700E-001
  -5.031999945640564E-001
  -5.494999885559082E-001
  -6.190000176429749E-001
  -2.587000131607056E-001
  -2.113000005483627E-001
  -5.636000037193298E-001
  -2.675000131130219E-001
  -3.481000065803528E-001
  -2.204000055789948E-001
  -3.504000008106232E-001
        1.267699956893921
   6.504999995231628E-001
        1.357699990272522
        1.925999999046326
        2.619400024414063
        2.878599882125855
        2.890199899673462
        2.352499961853027
        2.235300064086914
        1.846799969673157
        1.356099963188171
   6.949999928474426E-002
   5.254999995231628E-001
   5.202999711036682E-001
        1.398900032043457
        1.526600003242493
        2.031199932098389
        3.232899904251099
        4.250699996948242
        3.812500000000000
        3.606300115585327
        3.787899971008301
        3.564399957656860
        3.573299884796143
       -1.167299985885620
  -3.271999955177307E-001
  -4.645999968051910E-001
  -1.994999945163727E-001
  -5.184000134468079E-001
  -5.049999952316284E-001
  -3.734999895095825E-001
  -3.226999938488007E-001
   2.063000053167343E-001
   4.607999920845032E-001
        1.256600022315979
        2.033200025558472
        2.401700019836426
        2.227699995040894
        1.060799956321716
        1.014400005340576
   5.792999863624573E-001
   9.363999962806702E-001
   6.212999820709229E-001
        1.234500050544739
   9.979000091552734E-001
   1.220000013709068E-001
  -5.141000151634216E-001
  -3.296999931335449E-001
  -6.725000143051148E-001
  -2.292000055313110E-001
   1.460999995470047E-001
   9.960000216960907E-002
  -7.289999723434448E-002
   1.169999968260527E-002
  -7.590000331401825E-002
   1.414999961853027E-001
   4.812000095844269E-001
   2.469999939203262E-001
   8.929999917745590E-002
  -2.349999919533730E-002
   1.096000000834465E-001
   5.108000040054321E-001
        1.270599961280823
        1.227699995040894
        1.725499987602234
        2.331000089645386
        2.183199882507324
        1.584400057792664
        1.980299949645996
        1.461400032043457
   8.851000070571899E-001
   4.891999959945679E-001
   8.508999943733215E-001
        1.539499998092651
        1.039700031280518
        1.651000022888184
        1.879400014877319
        2.341099977493286
        3.773499965667725
        4.250100135803223
        3.161600112915039
        3.085799932479858
        3.590899944305420
        3.621099948883057
       -1.281599998474121
  -8.533999919891357E-001
       -1.182999968528748
  -6.531999707221985E-001
  -4.526999890804291E-001
  -6.089999899268150E-002
  -2.433000057935715E-001
   6.998999714851379E-001
   6.650999784469605E-001
        1.136299967765808
   9.587000012397766E-001
        1.932800054550171
        2.346299886703491
        1.331400036811829
        1.364400029182434
        1.512899994850159
   5.117999911308289E-001
   3.371999859809876E-001
   3.217999935150147E-001
   8.312000036239624E-001
   4.205999970436096E-001
   4.061000049114227E-001
   7.890000194311142E-002
  -1.046999990940094E-001
   2.842999994754791E-001
  -5.084999799728394E-001
  -3.459999859333038E-001
   6.989999860525131E-002
        1.202999949455261
   4.584000110626221E-001
   4.095000028610230E-001
   4.146000146865845E-001
  -3.260999917984009E-001
  -3.792000114917755E-001
       -1.038300037384033
  -9.783999919891357E-001
  -3.452999889850617E-001
   4.248000085353851E-001
   2.399999946355820E-001
   8.895999789237976E-001
        1.348999977111816
        1.661900043487549
   9.204999804496765E-001
        1.450799942016602
        1.283699989318848
        1.484699964523315
   8.614000082015991E-001
   6.133000254631043E-001
        1.107800006866455
        1.290199995040894
   2.220000028610230E-001
        1.148800015449524
        1.562999963760376
        2.411999940872192
        3.413399934768677
        3.561000108718872
        3.433599948883057
        3.220499992370606
        3.684799909591675
        3.809400081634522
  -9.620000123977661E-001
       -1.024500012397766
  -4.004999995231628E-001
   5.422999858856201E-001
  -1.451999992132187E-001
   4.359000027179718E-001
        1.355100035667419
        1.041200041770935
        1.559599995613098
        1.008100032806397
   8.084999918937683E-001
        1.451699972152710
        1.450999975204468
   4.426000118255615E-001
   9.194999933242798E-001
        1.519000053405762
        1.415500044822693
   7.483999729156494E-001
  -1.730000041425228E-002
   2.551999986171722E-001
   6.241000294685364E-001
   3.224000036716461E-001
   1.649999991059303E-002
   5.447000265121460E-001
   5.192999839782715E-001
  -2.129999920725822E-002
   2.295999974012375E-001
   8.590000122785568E-002
   9.706000089645386E-001
   7.869999855756760E-002
   4.341000020503998E-001
  -4.255000054836273E-001
  -1.031000018119812E-001
   8.009999990463257E-002
   6.899999920278788E-003
  -1.039000004529953E-001
       -1.314499974250794
  -5.242000222206116E-001
  -8.110000193119049E-002
   4.808999896049500E-001
   5.863999724388123E-001
   6.094999909400940E-001
  -3.759999945759773E-002
   1.841000020503998E-001
   6.089000105857849E-001
        1.683599948883057
   3.530000150203705E-002
  -2.559999935328960E-002
   6.949999928474426E-001
        1.324599981307983
   9.099000096321106E-001
        1.466400027275085
        1.756700038909912
        1.778499960899353
        2.691400051116943
        2.927200078964233
        3.322900056838989
        2.967400074005127
        2.914599895477295
        3.298099994659424
       -1.058699965476990
  -7.488999962806702E-001
   2.283000051975250E-001
   4.783000051975250E-001
   8.338000178337097E-001
   5.400000140070915E-002
   4.156999886035919E-001
   7.896000146865845E-001
        1.353600025177002
   9.732000231742859E-001
   7.723000049591065E-001
   7.023000121116638E-001
   4.864999949932098E-001
   3.343000113964081E-001
   9.150000214576721E-001
   5.982999801635742E-001
   4.891000092029572E-001
   1.814000010490418E-001
  -1.077999994158745E-001
   5.620000138878822E-002
  -1.937000006437302E-001
   4.882999956607819E-001
   1.711000055074692E-001
   8.978999853134155E-001
        1.047299981117249
   3.849999904632568E-001
   2.626999914646149E-001
        1.200899958610535
        1.825500011444092
        1.461799979209900
   2.270000055432320E-002
  -6.025999784469605E-001
   1.456000059843063E-001
  -7.010000199079514E-002
   7.145000100135803E-001
  -1.377000063657761E-001
  -2.143000066280365E-001
   2.531999945640564E-001
   4.762000143527985E-001
   2.008000016212463E-001
  -1.932999938726425E-001
  -2.621999979019165E-001
  -8.155000209808350E-001
   2.752999961376190E-001
        1.117799997329712
   5.449999868869782E-002
   4.074000120162964E-001
   1.899999976158142E-001
        1.108700037002564
        2.173700094223023
        2.069799900054932
        1.904500007629395
        2.504800081253052
        2.230499982833862
        1.805799961090088
        2.609699964523315
        3.164200067520142
        2.064899921417236
        2.404500007629395
        2.743900060653687
  -8.319000005722046E-001
  -2.888000011444092E-001
       -1.029000043869019
  -4.595000147819519E-001
  -3.779999911785126E-001
   5.575000047683716E-001
   4.199000000953674E-001
        1.038200020790100
   1.102999970316887E-001
  -9.830000251531601E-002
   3.255999982357025E-001
        1.225200057029724
   7.828000187873840E-001
   1.421999931335449E-001
  -1.467999964952469E-001
   2.649999856948853E-001
   7.781999707221985E-001
   4.648000001907349E-001
   1.692000031471252E-001
   3.483999967575073E-001
  -1.589999943971634E-001
   3.668999969959259E-001
   7.591999769210815E-001
        1.409399986267090
   9.348999857902527E-001
        1.070000052452087
  -3.228999972343445E-001
        1.133499979972839
        2.161099910736084
        1.268900036811829
   6.604999899864197E-001
   4.431000053882599E-001
   1.447000056505203E-001
  -4.805999994277954E-001
  -2.119999937713146E-002
  -7.554000020027161E-001
  -8.058999776840210E-001
  -8.240000009536743E-001
   2.017000019550324E-001
  -9.664999842643738E-001
  -7.937999963760376E-001
  -3.136999905109406E-001
   1.322000026702881E-001
   2.478999942541122E-001
   2.752999961376190E-001
  -4.480000138282776E-001
   4.239000082015991E-001
   8.640000224113464E-001
        1.802899956703186
        2.552500009536743
        2.297199964523315
        2.614799976348877
        1.644400000572205
        1.847900032997131
        2.118599891662598
        1.697100043296814
        2.967999935150147
        2.410300016403198
        1.814200043678284
        1.685099959373474
   2.700000070035458E-002
   2.533999979496002E-001
       -1.512899994850159
  -7.264999747276306E-001
   5.180000141263008E-002
  -2.948000133037567E-001
  -1.815000027418137E-001
        1.016000032424927
   4.537000060081482E-001
   3.917999863624573E-001
   8.788999915122986E-001
        1.275599956512451
   9.592000246047974E-001
   2.511999905109406E-001
  -1.404999941587448E-001
   9.099999815225601E-002
   2.989999949932098E-001
   4.205000102519989E-001
   6.820999979972839E-001
        1.210899949073792
  -2.440000027418137E-001
   1.314000040292740E-001
   1.187999993562698E-001
        1.499400019645691
        1.423599958419800
   5.080000162124634E-001
   8.852000236511231E-001
   6.100000143051148E-001
        1.149000048637390
   9.144999980926514E-001
        1.123299956321716
   7.573000192642212E-001
  -8.500000461935997E-003
   8.644000291824341E-001
   1.747000068426132E-001
   6.859999895095825E-002
  -1.400000005960465E-001
  -9.858000278472900E-001
       -1.095499992370606
  -5.884000062942505E-001
  -5.759999752044678E-001
  -2.176000028848648E-001
   7.498999834060669E-001
   3.093000054359436E-001
  -2.608999907970429E-001
   7.859999686479569E-002
   7.055000066757202E-001
        1.145599961280823
        1.300199985504150
        1.763399958610535
        2.044500112533569
        2.138200044631958
        1.633700013160706
        2.460000038146973
        3.207000017166138
        2.733299970626831
        2.522900104522705
        2.163500070571899
        2.206500053405762
        2.549099922180176
   4.853999912738800E-001
        1.105200052261353
  -6.710000336170197E-002
  -4.097999930381775E-001
  -3.961000144481659E-001
  -3.840000033378601E-001
   2.301999926567078E-001
  -4.000000189989805E-003
   2.219000011682510E-001
   4.855999946594238E-001
   8.754000067710877E-001
   7.904000282287598E-001
   8.363000154495239E-001
   8.500999808311462E-001
   9.347000122070313E-001
   1.211000010371208E-001
   5.917999744415283E-001
        1.132899999618530
        1.705700039863586
   6.432999968528748E-001
   3.239000141620636E-001
  -1.176000013947487E-001
   1.375000029802322E-001
   7.763000130653381E-001
   8.343999981880188E-001
        1.043300032615662
   8.980000019073486E-001
        1.596600055694580
        1.279899954795837
   8.992999792098999E-001
   3.375999927520752E-001
   6.431000232696533E-001
   8.021000027656555E-001
   8.701999783515930E-001
   4.720000028610230E-001
   2.362000048160553E-001
  -6.988999843597412E-001
  -2.314999997615814E-001
  -5.899999737739563E-001
   2.580000087618828E-002
  -3.050000034272671E-002
   2.843999862670898E-001
   1.555999964475632E-001
   2.872000038623810E-001
  -3.869000077247620E-001
   2.867999970912933E-001
   5.702000260353088E-001
   7.069000005722046E-001
        1.231299996376038
        1.550199985504150
        2.036299943923950
        2.376199960708618
        2.798599958419800
        3.234400033950806
        3.105400085449219
        3.062799930572510
        1.929299950599670
        1.777999997138977
        2.407399892807007
        2.305999994277954
        1.313699960708618
   3.596000075340271E-001
   9.326000213623047E-001
  -4.984000027179718E-001
   1.895000040531158E-001
   1.206000000238419E-001
       -1.076599955558777
  -6.801999807357788E-001
  -2.644999921321869E-001
  -6.836000084877014E-001
   2.830000035464764E-002
   2.597999870777130E-001
        1.054900050163269
        1.390799999237061
   6.453999876976013E-001
        1.123000025749207
   9.909999966621399E-001
        1.397500038146973
        2.111000061035156
        1.348600029945374
   7.245000004768372E-001
   4.796999990940094E-001
   5.002999901771545E-001
   7.624999880790710E-001
   6.701999902725220E-001
   4.997999966144562E-001
   9.435999989509583E-001
        1.572299957275391
        1.494500041007996
        1.503299951553345
   4.092999994754791E-001
        1.441200017929077
        1.053699970245361
        1.590700030326843
   3.267999887466431E-001
   5.751000046730042E-001
  -1.395999938249588E-001
  -8.959999680519104E-002
  -8.281999826431274E-001
  -8.407999873161316E-001
  -1.071000024676323E-001
   7.500000000000000E-001
   5.724999904632568E-001
   5.234000086784363E-001
   8.227000236511231E-001
        1.308099985122681
  -2.263000011444092E-001
   9.858000278472900E-001
        1.923799991607666
        2.787600040435791
        2.989599943161011
        2.766299962997437
        2.807399988174439
        2.061100006103516
        2.000099897384644
        3.046099901199341
        1.639899969100952
        1.278399944305420
        1.316900014877319
   8.446999788284302E-001
   9.628999829292297E-001
        1.506999969482422
        1.104400038719177
   3.727999925613403E-001
   3.664999902248383E-001
  -6.499000191688538E-001
       -1.291200041770935
  -9.262999892234802E-001
  -6.086000204086304E-001
   3.321000039577484E-001
  -5.050000175833702E-002
   7.095999717712402E-001
        1.609799981117249
        1.766399979591370
   5.968999862670898E-001
        1.574900031089783
   5.709000229835510E-001
        2.173899888992310
        1.969499945640564
   6.306999921798706E-001
   2.400999963283539E-001
   3.677999973297119E-001
  -3.237000107765198E-001
  -6.000000052154064E-003
  -1.965000033378601E-001
  -3.242999911308289E-001
  -9.989999979734421E-002
   6.966000199317932E-001
        1.990900039672852
        1.159000039100647
   7.669000029563904E-001
        1.540899991989136
   9.585000276565552E-001
        1.173099994659424
   3.691999912261963E-001
  -1.851000040769577E-001
   5.378000140190125E-001
  -7.655000090599060E-001
       -1.225600004196167
  -6.190999746322632E-001
  -6.383000016212463E-001
   1.700000092387199E-002
   3.609000146389008E-001
   9.030000120401382E-002
   7.947000265121460E-001
   9.315999746322632E-001
   9.660999774932861E-001
   9.688000082969666E-001
        1.074599981307983
        1.912899971008301
        2.668999910354614
        2.254699945449829
        1.676699995994568
        1.122499942779541
        1.723000049591065
        2.489000082015991
        2.294500112533569
        1.514799952507019
        1.192899942398071
   3.134000003337860E-001
        1.185700058937073
        1.462700009346008
        1.829200029373169
   9.154999852180481E-001
   5.238999724388123E-001
  -8.313000202178955E-001
  -2.204000055789948E-001
  -3.792000114917755E-001
  -6.939999759197235E-002
        1.197600007057190
   6.129999831318855E-002
        1.004899978637695
        2.024100065231323
        2.479599952697754
        2.234400033950806
        1.852599978446960
   9.305999875068665E-001
   7.828999757766724E-001
        1.624799966812134
  -1.819999963045120E-001
  -3.346000015735626E-001
   2.213999927043915E-001
  -7.757999897003174E-001
       -1.482100009918213
       -1.490800023078919
  -8.317000269889832E-001
  -5.483999848365784E-001
   5.684000253677368E-001
        1.104200005531311
   5.297999978065491E-001
  -6.060000136494637E-002
   8.181999921798706E-001
   8.280000090599060E-001
   8.417999744415283E-001
  -1.630000025033951E-002
   4.019999876618385E-002
  -1.941999942064285E-001
   2.410000003874302E-002
  -5.167000293731690E-001
   6.699999794363976E-003
  -1.476999968290329E-001
   2.070000022649765E-002
   4.792000055313110E-001
  -1.890999972820282E-001
   3.801999986171722E-001
   2.766999900341034E-001
   3.167000114917755E-001
   7.663999795913696E-001
        1.404099941253662
        1.229599952697754
        1.479400038719177
        1.774000048637390
   9.251000285148621E-001
        1.267400026321411
        1.571599960327148
        2.478899955749512
        2.318700075149536
        1.189200043678284
        1.356299996376038
   2.049999982118607E-001
        2.025300025939941
        1.655699968338013
        2.000799894332886
        1.305400013923645
        1.191699981689453
   5.203999876976013E-001
   2.876000106334686E-001
        1.003100037574768
   8.065999746322632E-001
        1.073099970817566
        1.599300026893616
        1.241899967193604
        2.311500072479248
        1.967399954795837
        1.825500011444092
        1.127699971199036
   8.733999729156494E-001
        1.102499961853027
   6.693000197410584E-001
   2.224999964237213E-001
  -5.274999737739563E-001
  -5.364000201225281E-001
  -5.529000163078308E-001
  -7.648000121116638E-001
  -5.044000148773193E-001
  -7.673000097274780E-001
  -5.284000039100647E-001
  -8.879999816417694E-002
       -1.081099987030029
  -2.820999920368195E-001
   2.280000001192093E-001
   2.869999967515469E-002
  -4.503999948501587E-001
  -1.088000014424324E-001
  -5.130000114440918E-001
  -3.941000103950501E-001
  -1.315000057220459E-001
  -9.003999829292297E-001
  -8.722000122070313E-001
  -5.381000041961670E-001
  -9.438999891281128E-001
  -1.017000004649162E-001
   1.932000070810318E-001
   2.108999937772751E-001
  -3.296000063419342E-001
   3.391000032424927E-001
  -1.896000057458878E-001
        1.042000055313110
   9.463000297546387E-001
   8.521999716758728E-001
        1.744699954986572
        1.650400042533875
        1.889700055122376
        1.595999956130981
        2.314100027084351
        2.089200019836426
        2.578900098800659
        1.864599943161011
        2.057199954986572
   8.547999858856201E-001
   9.789999723434448E-001
        1.291300058364868
        1.934399962425232
        1.592000007629395
        1.856299996376038
        1.231799960136414
        1.072700023651123
   8.855999708175659E-001
   8.489000201225281E-001
        1.209599971771240
        1.556499958038330
        1.906399965286255
        2.988100051879883
        1.904600024223328
        1.631700038909912
        1.893900036811829
        1.422999978065491
        1.020300030708313
  -4.140000045299530E-002
  -2.887000143527985E-001
  -5.672000050544739E-001
  -4.408999979496002E-001
  -4.424000084400177E-001
  -8.766000270843506E-001
       -1.285699963569641
  -4.645000100135803E-001
  -5.874000191688538E-001
  -3.614000082015991E-001
  -3.483999967575073E-001
       -1.014199972152710
  -5.126000046730042E-001
  -6.801999807357788E-001
  -7.979000210762024E-001
  -2.549999952316284E-001
  -5.746999979019165E-001
  -6.707000136375427E-001
  -2.282000035047531E-001
  -6.759999990463257E-001
       -1.685500025749207
       -1.781800031661987
  -6.330999732017517E-001
   6.909999996423721E-002
  -8.424999713897705E-001
  -8.460999727249146E-001
       -1.179800033569336
       -1.168499946594238
   7.329999655485153E-002
   2.691000103950501E-001
        1.357900023460388
   7.267000079154968E-001
        1.582200050354004
        2.049400091171265
        1.479200005531311
        1.460000038146973
        2.233500003814697
        2.242300033569336
        1.867499947547913
        1.277199983596802
        1.117100000381470
        1.262099981307983
        1.085399985313416
        1.648100018501282
        1.674000024795532
        2.597199916839600
        2.361900091171265
        1.922600030899048
        1.172299981117249
   4.338999986648560E-001
   8.726999759674072E-001
        1.590399980545044
        2.090600013732910
        2.861700057983398
        3.210799932479858
        2.559900045394898
        2.271699905395508
        1.988499999046326
        1.984500050544739
   8.162999749183655E-001
   3.400000184774399E-002
   9.570000320672989E-002
  -7.746000289916992E-001
  -8.600999712944031E-001
       -1.296499967575073
       -1.041300058364868
  -7.990999817848206E-001
  -4.866999983787537E-001
  -1.907999962568283E-001
  -2.527000010013580E-001
  -1.124999970197678E-001
       -1.588000059127808
       -1.629199981689453
       -1.139099955558777
  -8.317000269889832E-001
  -1.128999963402748E-001
       -1.164800047874451
       -1.111299991607666
  -2.150000073015690E-002
  -9.110999703407288E-001
       -2.121400117874146
       -2.287499904632568
       -1.406100034713745
  -8.023999929428101E-001
       -1.181200027465820
       -1.329200029373169
  -5.435000061988831E-001
       -1.221899986267090
  -1.363999992609024E-001
   2.779999934136868E-002
   9.377999901771545E-001
   1.446000039577484E-001
   7.692999839782715E-001
        1.215999960899353
   8.125000000000000E-001
   3.018999993801117E-001
        1.754600048065186
        2.101300001144409
        1.837299942970276
   7.268000245094299E-001
        1.184299945831299
        1.141000032424927
        1.413599967956543
        1.684100031852722
        1.736700057983398
        1.661800026893616
        2.073499917984009
        2.444900035858154
        1.498000025749207
   9.483000040054321E-001
   4.645000100135803E-001
        1.634899973869324
        1.939900040626526
        2.750000000000000
        2.425899982452393
        2.601399898529053
        2.163599967956543
        1.241899967193604
        1.687800049781799
   7.782999873161316E-001
  -1.282999962568283E-001
  -3.899999894201756E-003
  -8.278999924659729E-001
   2.849000096321106E-001
  -3.400000035762787E-001
  -6.877999901771545E-001
       -1.041000008583069
  -6.852999925613403E-001
  -6.092000007629395E-001
  -5.271000266075134E-001
  -9.383999705314636E-001
       -1.148100018501282
       -1.700299978256226
   2.225999981164932E-001
  -8.219999819993973E-002
  -6.827999949455261E-001
       -1.419899940490723
  -2.472999989986420E-001
  -4.780000075697899E-002
  -7.961999773979187E-001
       -1.990100026130676
       -2.174099922180176
  -9.523000121116638E-001
  -9.768999814987183E-001
       -1.430799961090088
       -2.229099988937378
       -1.949699997901917
       -1.273800015449524
  -7.666000127792358E-001
  -3.968000113964081E-001
   2.833000123500824E-001
  -5.370000004768372E-001
  -6.481999754905701E-001
  -4.620000123977661E-001
  -1.040000021457672E-001
   9.203000068664551E-001
   5.328999757766724E-001
        1.618299961090088
        1.978700041770935
        1.447999954223633
        1.552399992942810
        1.538300037384033
        1.334599971771240
        1.784100055694580
        1.353800058364868
        1.499400019645691
        1.327499985694885
        1.398399949073792
        1.699100017547607
   8.460000157356262E-001
        1.150500059127808
        1.620499968528748
        1.716500043869019
        2.405999898910523
        3.204900026321411
        2.633599996566773
        2.227900028228760
        2.428900003433228
        2.074500083923340
        1.100600004196167
  -4.399999976158142E-003
  -6.431999802589417E-001
  -2.520000040531158E-001
        1.064499974250794
   7.631999850273132E-001
  -3.183000087738037E-001
  -2.529999911785126E-001
  -6.355999708175659E-001
  -8.380000293254852E-002
  -3.905000090599060E-001
  -3.725000023841858E-001
  -4.390999972820282E-001
  -2.022999972105026E-001
  -3.050999939441681E-001
   1.703000068664551E-001
  -5.644999742507935E-001
  -9.282000064849854E-001
  -9.390000253915787E-002
  -2.028000056743622E-001
  -2.088000029325485E-001
       -1.355599999427795
       -2.098200082778931
  -8.155999779701233E-001
       -1.517400026321411
       -1.867200016975403
       -2.262300014495850
       -1.968799948692322
       -1.470100045204163
  -7.638000249862671E-001
  -6.410999894142151E-001
  -1.563999950885773E-001
  -2.230000048875809E-001
   8.200000040233135E-003
  -2.249000072479248E-001
  -5.790000036358833E-002
   1.579000055789948E-001
   5.853000283241272E-001
   9.237999916076660E-001
        2.270900011062622
        1.979300022125244
        1.648699998855591
        1.872400045394898
        1.342900037765503
        1.279899954795837
        1.547399997711182
        1.315600037574768
        1.529199957847595
        1.394199967384338
        1.566400051116943
        1.128800034523010
        1.705700039863586
        1.217100024223328
   3.567999899387360E-001
        2.270699977874756
        2.536999940872192
        2.473799943923950
        2.780499935150147
        1.989300012588501
        1.580100059509277
        1.963199973106384
        1.255200028419495
   8.540999889373779E-001
   9.093999862670898E-001
        1.612599968910217
        1.700299978256226
   3.607000112533569E-001
   7.674000263214111E-001
       -1.117599964141846
  -2.971999943256378E-001
  -1.295000016689301E-001
   5.424000024795532E-001
   4.365999996662140E-001
  -2.594000101089478E-001
  -1.590000092983246E-002
  -5.784000158309937E-001
  -2.322999984025955E-001
  -8.496000170707703E-001
       -1.268499970436096
  -4.280000180006027E-002
   5.661000013351440E-001
  -7.544999718666077E-001
       -2.144200086593628
       -2.148699998855591
       -1.526700019836426
       -1.162600040435791
       -1.533800005912781
       -1.541000008583069
       -2.281100034713745
       -1.044999957084656
  -7.943999767303467E-001
       -1.073099970817566
  -6.769999861717224E-001
       -1.544700026512146
   1.853999942541122E-001
  -1.765999943017960E-001
   1.457999944686890E-001
        1.414299964904785
        1.358100056648254
        1.485100030899048
        1.301499962806702
        1.573199987411499
        1.429299950599670
        1.353700041770935
        1.823300004005432
        1.193400025367737
        1.210500001907349
   8.862000107765198E-001
        1.254999995231628
        1.004099965095520
   8.269000053405762E-001
   7.864000201225281E-001
        1.736799955368042
        1.309599995613098
        1.497099995613098
        1.023300051689148
        2.283799886703491
        1.632699966430664
        1.793200016021729
        2.088099956512451
        2.457400083541870
        1.961500048637390
   6.718999743461609E-001
        1.297700047492981
        1.265100002288818
        2.245599985122681
        1.538300037384033
   5.040000081062317E-001
  -9.510000050067902E-002
  -6.305000185966492E-001
  -7.764999866485596E-001
   7.351999878883362E-001
   3.122000098228455E-001
   9.574999809265137E-001
   4.275000095367432E-001
   6.769999861717224E-002
  -3.890999853610992E-001
   5.426999926567078E-001
  -1.889999955892563E-002
   2.861000001430512E-001
   8.410000056028366E-002
  -9.599999785423279E-001
       -1.258000016212463
       -1.597399950027466
       -1.022899985313416
       -1.032600045204163
       -1.903800010681152
       -1.954800009727478
       -1.879199981689453
       -2.306799888610840
       -1.154099941253662
       -1.331200003623962
       -1.208400011062622
  -8.763999938964844E-001
  -5.750000104308128E-002
  -9.585000276565552E-001
   2.483000010251999E-001
   3.206999897956848E-001
   9.174000024795532E-001
        1.937100052833557
        1.235100030899048
        1.415199995040894
        1.021700024604797
        1.360900044441223
        1.236299991607666
   5.246000289916992E-001
   2.064000070095062E-001
        1.205800056457520
   3.689999878406525E-001
   6.549999713897705E-001
   6.197000145912170E-001
   8.216000199317932E-001
        1.556300044059753
        2.203500032424927
        1.077999949455261
   7.437000274658203E-001
        1.592900037765503
        1.804000020027161
        2.230999946594238
        2.222700119018555
        2.658299922943115
        1.838199973106384
        1.189399957656860
        1.468299984931946
        1.404500007629395
        1.695399999618530
        1.323300004005432
   8.791999816894531E-001
   5.946000218391419E-001
  -4.474000036716461E-001
       -1.148300051689148
   6.599999964237213E-002
   1.956000030040741E-001
   6.388999819755554E-001
   7.195000052452087E-001
  -7.767999768257141E-001
  -5.256999731063843E-001
   2.755999863147736E-001
   3.723999857902527E-001
   3.639000058174133E-001
   1.748999953269959E-001
  -5.454999804496765E-001
  -7.541999816894531E-001
       -1.174600005149841
  -9.866999983787537E-001
  -5.852000117301941E-001
  -8.102999925613403E-001
       -1.957299947738648
       -1.352100014686585
       -2.234699964523315
  -8.761000037193298E-001
       -1.038200020790100
       -1.019999980926514
       -1.004699945449829
       -1.224900007247925
  -7.272999882698059E-001
   1.169999986886978E-001
   5.817999839782715E-001
   3.553000092506409E-001
   9.670000076293945E-001
   4.693999886512756E-001
        1.087499976158142
        1.444900035858154
   7.985000014305115E-001
   8.499000072479248E-001
  -6.050999760627747E-001
   1.358000040054321E-001
   4.111000001430512E-001
   8.654999732971191E-001
   5.922999978065491E-001
   4.968999922275543E-001
   4.964999854564667E-001
        1.150799989700317
   4.066999852657318E-001
        1.333299994468689
   9.947000145912170E-001
        1.583299994468689
        2.591900110244751
        2.441800117492676
        2.520900011062622
        2.852200031280518
        1.258100032806397
        1.447399973869324
        1.314800024032593
        1.161499977111816
        1.561900019645691
        1.231400012969971
   1.067000031471252E-001
  -1.585000008344650E-001
  -7.087000012397766E-001
       -1.125900030136108
   1.985000073909760E-001
   4.508000016212463E-001
   6.862000226974487E-001
   2.184000015258789E-001
  -3.197999894618988E-001
  -8.518000245094299E-001
   3.465999960899353E-001
   2.639000117778778E-001
   3.350000083446503E-001
   8.141999840736389E-001
  -5.490000173449516E-002
  -5.781000256538391E-001
  -4.781000018119812E-001
   6.330999732017517E-001
   8.837000131607056E-001
       -1.373800039291382
  -8.909000158309937E-001
       -1.262400031089783
       -1.824800014495850
  -7.545999884605408E-001
       -1.480200052261353
       -1.724900007247925
  -8.585000038146973E-001
  -9.575999975204468E-001
  -2.011999934911728E-001
   5.260000005364418E-002
   6.689999997615814E-002
   4.129999876022339E-002
  -4.866999983787537E-001
  -9.669999778270721E-002
   8.244000077247620E-001
   4.156999886035919E-001
        1.350499987602234
   1.010000035166740E-001
   4.910000041127205E-002
   8.250000327825546E-002
  -6.978999972343445E-001
  -1.472000032663345E-001
  -3.339000046253204E-001
   3.820999860763550E-001
        1.022600054740906
        1.408800005912781
        1.384799957275391
        1.395799994468689
        1.116799950599670
        1.426800012588501
        2.127099990844727
        3.228399991989136
        2.599299907684326
        2.410200119018555
        2.076999902725220
        2.169800043106079
        1.998700022697449
        1.685299992561340
   6.507999897003174E-001
        1.172700047492981
  -1.263000071048737E-001
  -1.287000030279160E-001
  -5.479000210762024E-001
  -3.316000103950501E-001
  -1.457999944686890E-001
   7.819999754428864E-002
  -1.169999968260527E-002
  -3.675000071525574E-001
  -8.327999711036682E-001
       -1.340600013732910
  -4.032999873161316E-001
   7.559999823570252E-002
   7.924000024795532E-001
        1.396700024604797
   3.646000027656555E-001
   3.964000046253204E-001
   6.488999724388123E-001
   9.702000021934509E-001
   1.500000059604645E-001
  -4.216000139713287E-001
  -2.317000031471252E-001
  -4.352000057697296E-001
       -1.415899991989136
       -1.627300024032593
       -1.817999958992004
       -1.485700011253357
  -5.421000123023987E-001
       -1.198500037193298
  -1.248999983072281E-001
   3.738000094890595E-001
   1.141000017523766E-001
       -1.016299962997437
  -4.492000043392181E-001
  -9.534000158309937E-001
   3.844999969005585E-001
   3.027999997138977E-001
        1.558899998664856
   8.604999780654907E-001
  -6.270000338554382E-002
  -3.734000027179718E-001
       -1.027300000190735
  -7.649999856948853E-001
  -4.392000138759613E-001
  -9.250000119209290E-002
   6.504999995231628E-001
   9.369999766349793E-001
        1.482800006866455
        1.394400000572205
   7.590000033378601E-001
        1.017699956893921
        1.395900011062622
        2.601599931716919
        2.361299991607666
        2.419199943542481
        2.121500015258789
        2.890599966049194
        2.972399950027466
        1.778399944305420
        1.064599990844727
   8.274999856948853E-001
   7.598000168800354E-001
   8.227000236511231E-001
        1.062800049781799
   1.990000009536743E-001
   7.892000079154968E-001
   5.861999988555908E-001
  -3.939999938011169E-001
       -1.086300015449524
       -1.486500024795532
       -1.237200021743774
  -8.835999965667725E-001
  -3.896999955177307E-001
   8.227000236511231E-001
   5.907999873161316E-001
   5.228000283241272E-001
  -1.723999977111816E-001
   3.603999912738800E-001
   1.955000013113022E-001
   2.513000071048737E-001
  -3.052999973297119E-001
  -5.733000040054321E-001
  -5.465999841690064E-001
  -7.465999722480774E-001
  -9.199000000953674E-001
       -1.016100049018860
       -2.054500102996826
  -4.519999921321869E-001
  -6.391000151634216E-001
   5.950000137090683E-002
   4.911000132560730E-001
   6.134999990463257E-001
  -9.264000058174133E-001
       -1.889899969100952
       -1.172999978065491
  -2.263000011444092E-001
   4.199000000953674E-001
        1.231699943542481
        1.073500037193298
   6.873999834060669E-001
   2.115000039339066E-001
  -8.133999705314636E-001
       -1.604300022125244
  -9.271000027656555E-001
  -3.009999990463257E-001
   6.060000061988831E-001
   7.942000031471252E-001
        2.063999891281128
        1.627500057220459
        1.396900057792664
        1.243100047111511
        1.121700048446655
        1.330399990081787
        1.798499941825867
        1.049800038337708
        1.998399972915649
        3.218699932098389
        2.372200012207031
        2.164400100708008
        1.761000037193298
        1.982200026512146
        1.598500013351440
        1.414600014686585
        1.215299963951111
   8.894000053405762E-001
   5.066999793052673E-001
   5.159000158309937E-001
  -6.665999889373779E-001
       -1.236500024795532
       -1.615100026130676
       -1.282899975776672
       -1.072299957275391
       -1.390699982643127
  -3.070000000298023E-002
  -2.390000037848949E-002
   2.080000042915344E-001
  -5.942999720573425E-001
   2.328000068664551E-001
   1.208999976515770E-001
  -3.395000100135803E-001
       -1.195000052452087
       -1.617900013923645
  -9.663000106811523E-001
  -8.476999998092651E-001
       -1.342599987983704
       -1.312999963760376
       -1.506700038909912
  -1.617999970912933E-001
   2.328999936580658E-001
   2.885000109672546E-001
   9.562000036239624E-001
  -1.474999934434891E-001
       -1.893399953842163
       -2.138200044631958
       -1.252599954605103
   1.230000033974648E-001
   1.310999989509583E-001
        1.174800038337708
        1.266299962997437
   7.308999896049500E-001
  -4.815999865531921E-001
       -1.100000023841858
       -1.099499940872192
       -1.294800043106079
  -6.832000017166138E-001
   1.918999999761581E-001
   9.437000155448914E-001
        1.796700000762940
        1.424399971961975
        1.573799967765808
        1.956699967384338
        1.286200046539307
   4.172999858856201E-001
   8.711000084877014E-001
  -6.800000369548798E-002
        1.734699964523315
        1.405900001525879
        1.645200014114380
        2.176000118255615
        1.922000050544739
        2.346899986267090
        2.011300086975098
        2.455399990081787
        1.475999951362610
   8.787000179290772E-001
   7.469999790191650E-001
   1.361999958753586E-001
  -4.713000059127808E-001
  -4.999999888241291E-003
       -1.295699954032898
       -1.420099973678589
       -1.640499949455261
       -2.041399955749512
       -1.196699976921082
  -1.925999969244003E-001
  -2.942000031471252E-001
  -4.395999908447266E-001
  -5.900999903678894E-001
  -8.161000013351440E-001
       -1.748299956321716
       -1.351899981498718
       -1.107800006866455
  -6.589000225067139E-001
   4.573000073432922E-001
   2.536000013351440E-001
       -1.235599994659424
       -1.118299961090088
   1.981000006198883E-001
   5.996000170707703E-001
   8.927000164985657E-001
  -6.260000169277191E-002
  -4.532999992370606E-001
  -7.346000075340271E-001
       -1.701400041580200
  -9.474999904632568E-001
  -2.107000052928925E-001
  -2.440000027418137E-001
        1.288400053977966
   3.341999948024750E-001
   7.519000172615051E-001
   8.449999988079071E-002
  -6.668999791145325E-001
       -1.220100045204163
       -1.291700005531311
  -2.903999984264374E-001
  -1.863999962806702E-001
        1.085500001907349
        1.447900056838989
        1.828099966049194
        1.087599992752075
        1.737400054931641
        2.033299922943115
   5.080000162124634E-001
  -6.938999891281128E-001
  -5.424000024795532E-001
   3.776000142097473E-001
        1.342599987983704
        1.681499958038330
        2.081099987030029
        1.737200021743774
        2.109999895095825
        1.884799957275391
        2.394200086593628
        1.553900003433228
   7.463999986648560E-001
   5.070000290870667E-001
   2.421000003814697E-001
   3.813999891281128E-001
  -3.971000015735626E-001
  -1.579000055789948E-001
       -1.217300057411194
  -6.499999761581421E-001
       -1.720800042152405
       -1.535400032997131
  -2.205000072717667E-001
  -6.450999975204468E-001
  -9.566000103950501E-001
       -1.291300058364868
   3.316999971866608E-001
       -1.874400019645691
       -1.903599977493286
  -7.225000262260437E-001
  -6.495000123977661E-001
  -1.924999952316284E-001
  -3.779999911785126E-001
  -9.078999757766724E-001
  -7.276999950408936E-001
  -6.880000233650208E-002
  -8.449999988079071E-002
   1.951999962329865E-001
   3.282000124454498E-001
   2.085999995470047E-001
   5.829999968409538E-002
       -1.001199960708618
  -4.880999922752380E-001
  -6.930000334978104E-002
  -4.259999990463257E-001
        1.378499984741211
   8.669000267982483E-001
   1.765999943017960E-001
  -4.109999909996986E-002
  -5.956000089645386E-001
       -1.091699957847595
  -6.994000077247620E-001
   3.558000028133392E-001
  -1.791000068187714E-001
   6.287000179290772E-001
   8.644000291824341E-001
        1.359500050544739
        1.882200002670288
        1.739500045776367
        1.362100005149841
   6.231999993324280E-001
  -5.774000287055969E-001
  -5.119999870657921E-002
  -3.334999978542328E-001
   6.668999791145325E-001
   7.667000293731690E-001
   8.662999868392944E-001
        1.569200038909912
        1.482499957084656
        1.334499955177307
        1.087399959564209
        2.278399944305420
        1.468099951744080
  -3.285999894142151E-001
  -2.400999963283539E-001
   1.777999997138977E-001
  -7.229999899864197E-001
  -1.871999949216843E-001
  -5.264000296592712E-001
  -7.731000185012817E-001
       -1.133800029754639
       -2.011300086975098
  -8.901000022888184E-001
  -7.027000188827515E-001
  -9.664999842643738E-001
       -1.628999948501587
  -6.040999889373779E-001
  -7.179999947547913E-001
       -1.337200045585632
  -2.041999995708466E-001
  -6.211000084877014E-001
  -2.676999866962433E-001
  -5.989999771118164E-001
  -9.300000071525574E-001
       -1.127900004386902
  -4.600999951362610E-001
  -6.068000197410584E-001
  -2.975000143051148E-001
  -2.039999961853027E-001
   5.612999796867371E-001
   8.482000231742859E-001
  -1.063999980688095E-001
   1.066000014543533E-001
   6.600999832153320E-001
   2.410000003874302E-002
   6.363999843597412E-001
  -6.272000074386597E-001
       -1.114899992942810
  -5.256999731063843E-001
   6.300000008195639E-003
  -7.249999791383743E-002
  -4.140999913215637E-001
  -2.689000070095062E-001
   2.639999985694885E-002
   1.298999935388565E-001
   9.487000107765198E-001
   9.168000221252441E-001
        1.791599988937378
   4.370999932289124E-001
   5.347999930381775E-001
   5.975999832153320E-001
  -5.220000073313713E-002
   2.881000041961670E-001
  -8.525999784469605E-001
  -9.009999781847000E-002
  -2.838000059127808E-001
   3.860000148415566E-002
  -7.750000059604645E-002
   6.930000185966492E-001
   3.443000018596649E-001
        1.516600012779236
        1.696099996566773
   8.899000287055969E-001
   1.196999996900559E-001
   5.469999834895134E-002
  -1.416999995708466E-001
  -1.115000024437904E-001
   3.041999936103821E-001
  -8.361999988555908E-001
       -1.179399967193604
       -1.402899980545044
       -1.524299979209900
  -3.794000148773193E-001
  -1.708000004291534E-001
  -4.242999851703644E-001
  -8.284000158309937E-001
  -3.088000118732452E-001
  -7.414000034332275E-001
  -1.410000026226044E-001
  -3.792999982833862E-001
  -9.669999778270721E-002
   2.935999929904938E-001
  -6.300000008195639E-003
   4.106999933719635E-001
  -6.234999895095825E-001
       -1.388399958610535
  -1.970999985933304E-001
  -1.365000009536743E-001
  -4.580000042915344E-002
   2.913999855518341E-001
   3.670000135898590E-001
   2.422000020742416E-001
        1.013499975204468
   9.955999851226807E-001
   1.997999995946884E-001
  -7.200999855995178E-001
  -5.300999879837036E-001
       -1.087100028991699
  -4.600000102072954E-003
   4.657000005245209E-001
   1.700000022538006E-003
   5.049999952316284E-001
  -6.849999725818634E-002
   8.789999783039093E-002
  -1.299999952316284E-001
   7.889000177383423E-001
   3.420999944210053E-001
  -2.196999937295914E-001
  -4.201999902725220E-001
  -1.993000060319901E-001
   3.813999891281128E-001
   9.322000145912170E-001
   3.434999883174896E-001
  -1.023999974131584E-001
   1.923000067472458E-001
   1.242000013589859E-001
  -5.206999778747559E-001
   1.630000025033951E-002
   1.903000026941299E-001
   8.223000168800354E-001
        1.234699964523315
  -1.959999948740006E-001
   4.419000148773193E-001
  -4.352000057697296E-001
   3.386000096797943E-001
   5.175999999046326E-001
  -2.824999988079071E-001
  -5.031999945640564E-001
  -3.700000047683716E-001
  -7.351999878883362E-001
       -1.525300025939941
  -1.348000019788742E-001
  -7.925999760627747E-001
   7.580000162124634E-002
  -4.056000113487244E-001
   1.888999938964844E-001
  -3.088000118732452E-001
  -7.081000208854675E-001
  -9.171000123023987E-001
  -3.641999959945679E-001
  -3.576999902725220E-001
   2.716000080108643E-001
   2.220000028610230E-001
   8.113999962806702E-001
  -4.584999978542328E-001
  -6.222000122070313E-001
  -3.601000010967255E-001
  -2.601000070571899E-001
   1.659999974071980E-002
  -3.303000032901764E-001
  -7.445999979972839E-001
  -1.184000000357628E-001
   8.155000209808350E-001
        1.379099965095520
   5.687999725341797E-001
   4.580000042915344E-001
  -6.254000067710877E-001
       -1.045199990272522
   1.781000047922134E-001
   1.456999927759171E-001
   5.874000191688538E-001
        1.344400048255920
   1.563999950885773E-001
   5.687999725341797E-001
   2.542000114917755E-001
   2.971000075340271E-001
   1.319999992847443E-001
  -3.323000073432922E-001
  -3.389999866485596E-001
  -2.442000061273575E-001
  -1.770000010728836E-001
   4.153999984264374E-001
   4.282999932765961E-001
  -5.026000142097473E-001
   1.651999950408936E-001
  -5.641000270843506E-001
  -4.170000180602074E-002
  -3.355999886989594E-001
   3.061000108718872E-001
   5.519000291824341E-001
   7.213000059127808E-001
   2.020000070333481E-001
   4.990999996662140E-001
   3.559999912977219E-002
   6.543999910354614E-001
   4.963000118732452E-001
   2.000000094994903E-003
  -4.553999900817871E-001
  -8.741000294685364E-001
  -8.711000084877014E-001
  -6.650999784469605E-001
  -7.131999731063843E-001
   9.409999847412109E-002
   1.362999975681305E-001
   2.727999985218048E-001
   2.186000049114227E-001
   5.543000102043152E-001
  -8.089999854564667E-002
  -1.173999980092049E-001
  -3.551000058650971E-001
  -1.307999938726425E-001
  -1.631000041961670E-001
  -1.468999981880188E-001
   4.697000086307526E-001
   2.419999986886978E-002
  -8.669000267982483E-001
  -1.230999976396561E-001
  -5.209000110626221E-001
  -5.159999728202820E-001
  -9.579999744892120E-002
  -6.528999805450440E-001
   3.041999936103821E-001
   4.833999872207642E-001
   8.195000290870667E-001
   4.762000143527985E-001
   4.797999858856201E-001
   8.522999882698059E-001
   4.693999886512756E-001
        1.108800053596497
   7.732999920845032E-001
        2.341200113296509
        1.540899991989136
        1.049999952316284
   4.140000045299530E-001
   1.773000061511993E-001
       -1.171599984169006
   2.804999947547913E-001
  -4.693000018596649E-001
  -4.966999888420105E-001
  -4.137000143527985E-001
   3.088000118732452E-001
  -2.386000007390976E-001
  -9.266999959945679E-001
  -5.677000284194946E-001
  -1.084000021219254E-001
  -2.646000087261200E-001
  -7.070000171661377E-001
  -9.016000032424927E-001
  -6.067000031471252E-001
  -2.054000049829483E-001
   5.713000297546387E-001
   4.912000000476837E-001
   6.960000097751617E-002
  -3.269000053405762E-001
  -1.741999983787537E-001
   2.888000011444092E-001
   1.145000010728836E-001
       -1.065999984741211
  -6.473000049591065E-001
       -1.057199954986572
       -1.171900033950806
  -6.438999772071838E-001
  -9.095000028610230E-001
  -6.664000153541565E-001
  -1.775999963283539E-001
   2.490000054240227E-002
   1.344999969005585E-001
   3.258000016212463E-001
  -2.082999944686890E-001
   5.455999970436096E-001
   3.073999881744385E-001
        1.069399952888489
   3.592000007629395E-001
        1.528499960899353
        1.037899971008301
  -1.803999990224838E-001
   4.968000054359436E-001
   2.506000101566315E-001
   1.708000004291534E-001
   5.828999876976013E-001
   5.088999867439270E-001
  -1.101000010967255E-001
   6.184999942779541E-001
   2.120999991893768E-001
   3.544000089168549E-001
   7.738999724388123E-001
        1.179299950599670
        1.767300009727478
        1.157899975776672
        1.816900014877319
        2.368200063705444
        1.705000042915344
        1.331699967384338
   2.449000030755997E-001
  -9.031000137329102E-001
       -1.237400054931641
  -8.524000048637390E-001
  -8.640000224113464E-001
  -4.876999855041504E-001
   9.889999777078629E-002
   1.605000048875809E-001
  -3.300999999046326E-001
  -4.984999895095825E-001
  -2.032999992370606E-001
  -3.849999979138374E-002
  -6.631000041961670E-001
       -1.384899973869324
       -1.361400008201599
       -1.257899999618530
   2.937000095844269E-001
  -1.001000031828880E-001
   2.829000055789948E-001
  -5.127000212669373E-001
  -6.350000202655792E-002
  -3.810000047087669E-002
  -2.372999936342239E-001
   2.698999941349030E-001
  -1.278000026941299E-001
       -1.251199960708618
  -9.916999936103821E-001
       -1.525099992752075
       -1.038400053977966
  -3.115999996662140E-001
  -4.551999866962433E-001
  -2.231000065803528E-001
   5.652999877929688E-001
   2.642000019550324E-001
   5.052999854087830E-001
   2.705999910831451E-001
   2.386000007390976E-001
   7.949999719858170E-002
        1.067499995231628
   2.149000018835068E-001
   2.942999899387360E-001
   6.665999889373779E-001
   7.531999945640564E-001
        1.081500053405762
   5.935000181198120E-001
   7.972999811172485E-001
   7.818999886512756E-001
   6.753000020980835E-001
   5.769000053405762E-001
   7.386999726295471E-001
   5.397999882698059E-001
   2.222999930381775E-001
        1.183300018310547
   6.434000134468079E-001
   6.112999916076660E-001
        1.403800010681152
        1.780099987983704
        1.838000059127808
        1.167799949645996
   7.469000220298767E-001
  -8.550999760627747E-001
       -1.192600011825562
       -1.939700007438660
       -1.149399995803833
  -9.692000150680542E-001
  -9.052000045776367E-001
  -4.564999938011169E-001
       -1.046700000762940
  -9.226999878883362E-001
  -4.700999855995178E-001
  -7.908999919891357E-001
  -1.363999992609024E-001
  -4.938000142574310E-001
   5.112000107765198E-001
  -5.443999767303467E-001
  -4.462999999523163E-001
   4.320000112056732E-001
   1.089999973773956E-001
  -5.817999839782715E-001
  -5.200000014156103E-003
  -4.158000051975250E-001
  -2.266999930143356E-001
  -7.070999741554260E-001
   2.494000047445297E-001
  -3.610999882221222E-001
  -7.757999897003174E-001
  -7.458999752998352E-001
  -7.437000274658203E-001
  -4.357999861240387E-001
  -5.142999887466431E-001
  -3.264000117778778E-001
  -2.137999981641769E-001
   8.112999796867371E-001
   8.712999820709229E-001
   8.658999800682068E-001
   1.374000012874603E-001
   5.214999914169312E-001
   3.571999967098236E-001
   3.858000040054321E-001
   9.111999869346619E-001
   8.596000075340271E-001
        1.510699987411499
        1.287600040435791
        1.612300038337708
        1.551300048828125
   1.402000039815903E-001
  -1.764000058174133E-001
   1.207000017166138E-001
   1.492999941110611E-001
   4.174000024795532E-001
   7.940999865531921E-001
   3.167999982833862E-001
   9.021999835968018E-001
   2.883000075817108E-001
  -7.060000300407410E-002
   5.117999911308289E-001
        1.173699975013733
        1.273200035095215
   1.410000026226044E-001
   2.680000066757202E-001
  -6.394000053405762E-001
  -7.653999924659729E-001
       -1.325000047683716
       -1.249600052833557
  -7.218000292778015E-001
  -5.580999851226807E-001
  -7.933999896049500E-001
       -1.130100011825562
  -9.531999826431274E-001
       -1.324800014495850
  -8.507999777793884E-001
  -5.507000088691711E-001
  -3.670000135898590E-001
   1.800999939441681E-001
  -4.183000028133392E-001
  -3.276000022888184E-001
   4.420000016689301E-001
   1.932000070810318E-001
  -8.789999783039093E-002
   3.551000058650971E-001
  -1.349000036716461E-001
  -9.470000267028809E-001
  -9.854999780654907E-001
  -7.761999964714050E-001
  -4.566000103950501E-001
  -5.116999745368958E-001
  -6.780999898910523E-001
  -4.833999872207642E-001
  -8.381999731063843E-001
  -1.275999993085861E-001
  -1.557999998331070E-001
   2.651000022888184E-001
   7.258999943733215E-001
   8.547000288963318E-001
        1.083400011062622
   3.508000075817108E-001
   3.579999879002571E-002
  -2.330999970436096E-001
   7.800000160932541E-002
   8.439999818801880E-002
   8.524000048637390E-001
        1.707200050354004
        1.092599987983704
   9.818000197410584E-001
   5.825999975204468E-001
   4.260999858379364E-001
  -1.058000028133392E-001
  -3.030000030994415E-001
   5.803999900817871E-001
   7.355999946594238E-001
   6.114000082015991E-001
   5.433999896049500E-001
  -1.979999989271164E-001
  -4.900000058114529E-003
   2.336000055074692E-001
        1.035899996757507
   5.569000244140625E-001
        1.306200027465820
        1.252699971199036
   8.618000149726868E-001
  -1.705999970436096E-001
  -3.921000063419342E-001
  -2.696000039577484E-001
   2.705000042915344E-001
  -9.780000150203705E-002
   1.063999980688095E-001
  -6.086999773979187E-001
       -1.047000050544739
       -1.656399965286255
  -5.335999727249146E-001
       -2.257100105285645
       -1.477300047874451
       -1.892099976539612
  -1.940000057220459E-001
  -3.804999887943268E-001
   1.887000054121018E-001
   8.536000251770020E-001
   2.285999953746796E-001
   5.029999837279320E-002
   3.443999886512756E-001
  -4.009000062942505E-001
  -1.011999994516373E-001
       -1.202999949455261
  -9.531000256538391E-001
  -1.209999993443489E-001
  -4.636999964714050E-001
  -8.389999717473984E-002
  -4.501999914646149E-001
  -3.009999915957451E-002
  -7.199000120162964E-001
   1.218999996781349E-001
   9.535999894142151E-001
        1.912099957466126
        1.860000014305115
        1.306300044059753
   6.521999835968018E-001
  -2.554000020027161E-001
  -4.293000102043152E-001
  -1.914000064134598E-001
   2.169999927282333E-001
        1.004400014877319
        1.603800058364868
        1.243899941444397
   4.729999899864197E-001
  -1.710000038146973E-001
   2.162999957799912E-001
   2.748999893665314E-001
  -3.713999986648560E-001
   1.730999946594238E-001
  -4.960000142455101E-002
        1.123000025749207
   1.446000039577484E-001
   8.676999807357788E-001
   5.950000286102295E-001
  -1.988999992609024E-001
   4.329999983310700E-001
        2.149199962615967
        1.677299976348877
        1.257099986076355
        1.027799963951111
   7.257999777793884E-001
   8.802000284194946E-001
        1.116500020027161
   5.932999849319458E-001
   9.556999802589417E-001
  -7.930000126361847E-002
  -5.950999855995178E-001
       -1.259199976921082
       -1.774700045585632
       -1.799800038337708
       -1.524700045585632
       -1.713000059127808
       -2.053200006484985
       -1.042799949645996
  -8.342000246047974E-001
  -5.904999971389771E-001
   2.449000030755997E-001
   8.209999650716782E-002
  -1.520000025629997E-002
  -9.809999912977219E-002
  -8.320999741554260E-001
  -3.073999881744385E-001
  -7.114999890327454E-001
       -1.162299990653992
  -1.624000072479248E-001
       -1.201500058174133
  -2.628000080585480E-001
  -5.180000066757202E-001
  -1.789999939501286E-002
   2.020000070333481E-001
  -4.659999907016754E-002
        1.188599944114685
        2.089699983596802
        1.902600049972534
        1.153499960899353
   6.123999953269959E-001
  -8.309999853372574E-002
   2.504999935626984E-001
  -6.000000052154064E-003
  -1.299999952316284E-001
        1.221199989318848
   9.984999895095825E-001
   9.997000098228455E-001
  -2.908000051975250E-001
  -3.874000012874603E-001
   7.143999934196472E-001
   2.204000055789948E-001
  -6.520000100135803E-002
   5.073000192642212E-001
   3.653999865055084E-001
  -9.660000354051590E-002
  -4.013999998569489E-001
   8.453000187873840E-001
   4.614999890327454E-001
   3.271999955177307E-001
   9.815999865531921E-001
        2.099100112915039
        1.958799958229065
        1.649600028991699
        1.886999964714050
        1.639199972152710
   7.138000130653381E-001
   4.465999901294708E-001
   9.793999791145325E-001
   3.359000086784363E-001
   5.378000140190125E-001
  -5.497999787330627E-001
  -8.489000201225281E-001
       -1.167299985885620
       -1.984899997711182
       -1.179700016975403
       -1.651399970054627
       -2.172399997711182
       -2.122800111770630
       -1.784899950027466
       -1.059599995613098
  -2.822000086307526E-001
   8.039999753236771E-002
  -1.124000027775765E-001
  -5.780000090599060E-001
   8.320000022649765E-002
       -1.226799964904785
       -1.839499950408936
       -2.316800117492676
       -1.179900050163269
  -6.819999814033508E-001
  -3.959999978542328E-001
  -8.683999776840210E-001
   7.354000210762024E-001
   5.602999925613403E-001
   4.790000021457672E-001
   6.829000115394592E-001
        1.309999942779541
   5.077999830245972E-001
   2.331999987363815E-001
   2.703000009059906E-001
   3.770000040531158E-001
   2.321999967098236E-001
   3.999999910593033E-002
   5.547999739646912E-001
   2.291000038385391E-001
   2.567999958992004E-001
        1.287500023841858
   9.391999840736389E-001
   2.915000021457672E-001
  -3.359999880194664E-002
   9.481999874114990E-001
   2.373999953269959E-001
   6.129999756813049E-001
   1.361999958753586E-001
  -1.869000047445297E-001
  -4.672999978065491E-001
   6.241999864578247E-001
        1.005599975585938
   9.674000144004822E-001
        1.837900042533875
        2.528599977493286
        2.247600078582764
        2.317300081253052
        1.457599997520447
        1.466599941253662
   6.633999943733215E-001
   7.890000194311142E-002
        1.213799953460693
   3.819999992847443E-001
   5.146999955177307E-001
  -4.219000041484833E-001
       -1.546700000762940
       -1.584499955177307
       -1.482900023460388
       -1.133700013160706
       -1.341300010681152
       -2.157700061798096
       -1.591500043869019
       -1.730800032615662
       -1.380599975585938
  -7.699000239372253E-001
  -9.792000055313110E-001
       -1.258499979972839
  -3.984000086784363E-001
  -7.996000051498413E-001
       -1.227800011634827
       -2.077600002288818
       -1.341899991035461
       -1.513299942016602
       -1.057700037956238
  -6.060000061988831E-001
  -8.855000138282776E-001
   8.709999918937683E-002
   4.805999994277954E-001
   3.551999926567078E-001
   9.672999978065491E-001
        1.168099999427795
   3.492000102996826E-001
   8.219999819993973E-002
   9.508000016212463E-001
  -2.854999899864197E-001
   2.460999935865402E-001
   6.660000234842300E-002
  -2.881999909877777E-001
   1.811999976634979E-001
   1.221000030636787E-001
   1.350000035017729E-002
   3.847000002861023E-001
  -2.926999926567078E-001
  -4.250000044703484E-002
        1.345499992370606
        1.099400043487549
   8.313999772071838E-001
   3.217000067234039E-001
  -6.092000007629395E-001
   3.212999999523163E-001
   5.084000229835510E-001
  -1.329999975860119E-002
   8.616999983787537E-001
        1.622900009155273
        2.049599885940552
        2.731899976730347
        2.470799922943115
        2.350100040435791
        1.791300058364868
        1.923200011253357
        1.373999953269959
        1.012899994850159
        1.482300043106079
   6.441000103950501E-001
  -3.704999983310700E-001
       -1.418900012969971
       -1.397300004959106
       -1.058300018310547
  -8.421999812126160E-001
       -1.220800042152405
       -1.467499971389771
       -1.228399991989136
       -2.582999944686890
       -2.200799942016602
  -8.697999715805054E-001
  -7.312999963760376E-001
  -2.348999977111816E-001
  -5.044000148773193E-001
  -9.150000214576721E-001
       -1.242599964141846
       -2.673700094223023
       -1.779999971389771
       -1.968999981880188
       -1.774600028991699
       -1.645599961280823
       -1.942000031471252
       -1.159399986267090
  -4.002000093460083E-001
  -1.899999976158142E-001
   5.580999851226807E-001
   3.540999889373779E-001
  -5.074999928474426E-001
   3.393000066280365E-001
  -4.264000058174133E-001
  -3.160000145435333E-001
  -6.457999944686890E-001
  -4.016000032424927E-001
  -4.837000072002411E-001
  -5.274999737739563E-001
  -3.181999921798706E-001
  -1.970000006258488E-002
  -2.387000024318695E-001
   2.284000068902969E-001
  -1.195999979972839E-001
   4.988000094890595E-001
   7.574999928474426E-001
        1.337299942970276
   5.669999867677689E-002
       -1.085199952125549
  -1.070000045001507E-002
   6.481999754905701E-001
   3.932999968528748E-001
        1.277300000190735
        1.849200010299683
        2.145800113677979
        2.375000000000000
        2.436100006103516
        2.651999950408936
        2.424000024795532
        1.054399967193604
   6.377000212669373E-001
   7.452999949455261E-001
   6.455000042915344E-001
   6.861000061035156E-001
  -7.526999711990356E-001
       -1.459900021553040
       -1.721699953079224
       -1.188699960708618
  -4.246000051498413E-001
   6.234999895095825E-001
  -4.878999888896942E-001
       -1.196599960327148
       -1.928400039672852
       -2.452300071716309
       -1.346600055694580
  -5.983999967575073E-001
  -8.210999965667725E-001
  -7.075999975204468E-001
       -1.275400042533875
       -2.241400003433228
       -1.289199948310852
       -1.786100029945374
       -1.608999967575073
       -1.478000044822693
       -1.965299963951111
       -2.407399892807007
       -1.352900028228760
  -2.538999915122986E-001
   5.417000055313110E-001
   7.325000166893005E-001
   4.011999964714050E-001
  -1.800999939441681E-001
   6.955999732017517E-001
   2.233999967575073E-001
  -2.887000143527985E-001
  -1.431999951601028E-001
   9.736999869346619E-001
        1.489099979400635
        1.287999987602234
   4.979000091552734E-001
  -6.039000153541565E-001
   7.168999910354614E-001
   5.069000124931335E-001
  -2.172999978065491E-001
   9.592000246047974E-001
   7.102000117301941E-001
        1.093000054359436
        1.060299992561340
   4.553999900817871E-001
   2.662999927997589E-001
   7.827000021934509E-001
   8.561999797821045E-001
   6.865000128746033E-001
        1.383999943733215
        1.490300059318543
        1.896100044250488
        2.284600019454956
        2.506500005722046
        2.109800100326538
   4.311999976634979E-001
   9.929999709129334E-002
   9.260000288486481E-002
   5.270000174641609E-002
   4.785000085830689E-001
   3.526999950408936E-001
       -1.314900040626526
       -1.277999997138977
       -1.049100041389465
  -9.731000065803528E-001
  -4.957000017166138E-001
  -3.260000050067902E-001
  -4.900000095367432E-001
  -5.425000190734863E-001
       -1.126799941062927
       -1.164700031280518
       -1.377799987792969
  -8.722000122070313E-001
  -4.451000094413757E-001
       -1.157400012016296
       -1.194499969482422
  -9.800999760627747E-001
  -6.715999841690064E-001
  -7.437000274658203E-001
  -4.447000026702881E-001
       -1.855900049209595
       -1.536100029945374
       -1.597699999809265
   1.830000057816505E-002
  -1.088000014424324E-001
   5.317000150680542E-001
   4.557999968528748E-001
   1.710000038146973E-001
   8.312000036239624E-001
   3.977999985218048E-001
   6.154999732971191E-001
   4.287000000476837E-001
  -4.899999871850014E-002
        1.744199991226196
   8.837000131607056E-001
   7.728999853134155E-001
   9.171000123023987E-001
  -1.207000017166138E-001
  -6.369999796152115E-002
   7.226999998092651E-001
   1.517000049352646E-001
   8.399999737739563E-001
        1.598500013351440
   8.759999871253967E-001
        1.409600019454956
   5.956000089645386E-001
  -4.300000071525574E-001
   2.137999981641769E-001
   6.506999731063843E-001
   9.330000281333923E-001
        1.600399971008301
        1.300799965858460
        2.100300073623657
        2.739700078964233
        1.677399992942810
   3.118999898433685E-001
   3.752999901771545E-001
   6.139000058174133E-001
   8.389999866485596E-001
   4.623999893665314E-001
   6.445000171661377E-001
  -6.750000119209290E-001
  -8.600000143051148E-001
  -8.934999704360962E-001
  -3.476999998092651E-001
   7.552999854087830E-001
   4.595000147819519E-001
  -6.675000190734863E-001
  -4.305000007152557E-001
       -1.295899987220764
       -1.172899961471558
       -1.087200045585632
  -5.371000170707703E-001
   4.564000070095062E-001
   3.720000013709068E-002
   2.409999966621399E-001
  -3.925000131130219E-001
  -7.091000080108643E-001
   4.226999878883362E-001
  -1.870999932289124E-001
  -8.288000226020813E-001
  -5.766000151634216E-001
  -6.327000260353088E-001
  -5.480000004172325E-002
   9.126999974250794E-001
   8.913000226020813E-001
  -1.753000020980835E-001
  -3.020000085234642E-002
   7.785999774932861E-001
   7.688000202178955E-001
   9.322000145912170E-001
   6.620000004768372E-001
        1.117599964141846
        1.778499960899353
   7.687000036239624E-001
   3.804999887943268E-001
  -2.910000085830689E-002
  -9.085000157356262E-001
   2.830000035464764E-002
   4.584999978542328E-001
   8.144000172615051E-001
        1.366299986839294
        1.588299989700317
        2.561199903488159
        1.381500005722046
   3.741999864578247E-001
   4.659999907016754E-002
   1.026000007987022E-001
   8.550000190734863E-002
        1.340899944305420
        1.275500059127808
   8.377000093460083E-001
        2.095099925994873
        2.084899902343750
        1.316699981689453
   1.388999968767166E-001
   4.402000010013580E-001
   8.170999884605408E-001
  -5.407000184059143E-001
   8.187000155448914E-001
   6.147000193595886E-001
  -5.515000224113464E-001
  -9.193999767303467E-001
  -3.815000057220459E-001
  -2.759999968111515E-002
  -1.469999998807907E-001
  -2.969000041484833E-001
  -5.649999901652336E-002
  -3.458000123500824E-001
  -7.310000061988831E-001
  -2.222999930381775E-001
  -3.300999999046326E-001
   8.980000019073486E-001
   7.024999856948853E-001
  -8.709999918937683E-002
   2.890000045299530E-001
  -2.251999974250794E-001
  -8.751999735832214E-001
  -2.669999934732914E-002
  -3.623999953269959E-001
  -7.152000069618225E-001
   2.409999966621399E-001
   7.699999958276749E-002
  -5.630000233650208E-001
   3.824000060558319E-001
   2.578000128269196E-001
   2.899999963119626E-003
  -7.753000259399414E-001
  -2.644999921321869E-001
   2.840000092983246E-001
        1.394500017166138
        1.785199999809265
        1.333500027656555
        1.863499999046326
        1.074100017547607
        1.057700037956238
  -2.450000047683716E-001
   4.697999954223633E-001
   7.912999987602234E-001
        1.362900018692017
   9.258999824523926E-001
        1.144000053405762
        2.191600084304810
        2.644900083541870
        2.124000072479248
        1.689299941062927
        1.487599968910217
   9.991999864578247E-001
   5.159000158309937E-001
        1.336199998855591
        1.661800026893616
        1.557199954986572
        1.759699940681458
   6.362000107765198E-001
   4.392000138759613E-001
   5.447999835014343E-001
   3.454999923706055E-001
   2.960000038146973E-001
   4.914000034332275E-001
   1.457999944686890E-001
   7.462999820709229E-001
   7.251999974250794E-001
   4.113999903202057E-001
   4.181999862194061E-001
  -1.932999938726425E-001
   4.870000109076500E-002
  -6.165999770164490E-001
  -4.832000136375427E-001
   2.400000113993883E-003
  -5.359999835491180E-002
   2.829000055789948E-001
   6.236000061035156E-001
   9.629999995231628E-001
   3.562000095844269E-001
   6.431999802589417E-001
   2.345000058412552E-001
   7.742999792098999E-001
  -1.133999973535538E-001
  -4.377999901771545E-001
  -5.573999881744385E-001
  -6.840000301599503E-002
   2.222999930381775E-001
   2.049999982118607E-001
  -8.457000255584717E-001
  -4.395000040531158E-001
  -4.600999951362610E-001
  -2.725000083446503E-001
  -3.860999941825867E-001
  -6.431999802589417E-001
   9.229000210762024E-001
        1.663599967956543
        1.560999989509583
        1.372599959373474
        1.270300030708313
   6.309000253677368E-001
        1.364699959754944
  -3.704000115394592E-001
   8.587999939918518E-001
        2.085000038146973
        1.474599957466126
        1.874600052833557
        1.949499964714050
        2.806600093841553
        3.113800048828125
        2.800299882888794
        2.970099925994873
        1.603800058364868
        1.168200016021729
        1.545199990272522
        2.123699903488159
        1.680600047111511
   4.952999949455261E-001
        1.433599948883057
   7.300000172108412E-003
   3.968999981880188E-001
   5.357000231742859E-001
   2.008000016212463E-001
   6.266999840736389E-001
   3.824999928474426E-001
   8.525999784469605E-001
        1.276999950408936
        1.279199957847595
   5.486000180244446E-001
  -4.859999939799309E-002
  -8.493000268936157E-001
       -1.460899949073792
       -1.433899998664856
  -5.928000211715698E-001
   3.438999950885773E-001
   1.008000001311302E-001
   9.049999713897705E-002
  -1.140000000596046E-001
   5.860999822616577E-001
   3.440999984741211E-001
   4.160000011324883E-002
   3.298999965190888E-001
  -4.187000095844269E-001
   4.878999888896942E-001
   1.926999986171722E-001
   6.190999746322632E-001
   1.600999981164932E-001
   5.871000289916992E-001
  -8.439999818801880E-002
   1.269000023603439E-001
  -9.103000164031982E-001
  -5.346000194549561E-001
   3.353999853134155E-001
   2.097000032663345E-001
   3.244000077247620E-001
   6.057000160217285E-001
   9.470999836921692E-001
   9.560999870300293E-001
        1.301200032234192
   7.979000210762024E-001
   4.250000119209290E-001
   3.016999959945679E-001
        1.512599945068359
        1.560199975967407
        2.021300077438355
        1.943500041961670
        1.842300057411194
        2.820100069046021
        3.159300088882446
        1.779299974441528
        3.314699888229370
        2.544800043106079
        1.801200032234192
        1.952200055122376
        1.673599958419800
        2.118700027465820
        1.937700033187866
   6.819000244140625E-001
   2.842999994754791E-001
   2.144999951124191E-001
  -7.180000096559525E-002
   2.527000010013580E-001
        1.044800043106079
   4.708000123500824E-001
   3.154999911785126E-001
   8.370000123977661E-001
        1.625499963760376
        1.878399968147278
        1.104699969291687
  -1.442999988794327E-001
  -9.265999794006348E-001
       -1.271100044250488
       -1.475299954414368
       -1.098500013351440
  -6.086000204086304E-001
  -4.663000106811523E-001
  -1.309999972581863E-001
   6.407999992370606E-001
        1.256899952888489
        1.128100037574768
   3.583999872207642E-001
  -2.721999883651733E-001
   4.724999964237213E-001
   7.412999868392944E-001
   8.410999774932861E-001
   4.984999895095825E-001
   2.576999962329865E-001
   3.892000019550324E-001
   3.629999980330467E-002
  -2.504000067710877E-001
  -4.472000002861023E-001
  -4.205999970436096E-001
   1.955000013113022E-001
   2.387000024318695E-001
   8.941000103950501E-001
   4.859999939799309E-002
   5.471000075340271E-001
   7.833999991416931E-001
   8.213000297546387E-001
   2.319000065326691E-001
        1.138200044631958
        1.484200000762940
        1.995800018310547
        1.664800047874451
        1.929100036621094
        1.517199993133545
        1.837900042533875
        1.686699986457825
        2.202199935913086
        1.789700031280518
        1.501299977302551
        2.225600004196167
        1.885300040245056
        2.078999996185303
        1.958699941635132
        1.680999994277954
        1.692000031471252
   4.192999899387360E-001
   1.096000000834465E-001
  -2.055000066757202E-001
  -1.640000045299530E-001
  -3.799000084400177E-001
   5.685999989509583E-001
  -4.940000176429749E-002
        1.044299960136414
   6.880000233650208E-001
   9.969999790191650E-001
        1.219300031661987
        1.457700014114380
   3.230000138282776E-001
  -1.403000056743622E-001
  -3.959999978542328E-001
       -1.074100017547607
       -1.078799962997437
       -1.340999960899353
  -8.736000061035156E-001
  -3.488999903202057E-001
  -5.067999958992004E-001
        1.802199959754944
   9.671000242233276E-001
   4.269999861717224E-001
  -7.320000231266022E-002
  -4.032000005245209E-001
  -2.775999903678894E-001
   8.150000125169754E-002
   1.868000030517578E-001
   4.997000098228455E-001
   1.977999955415726E-001
   3.547999858856201E-001
  -8.968999981880188E-001
  -7.199999876320362E-003
  -7.077000141143799E-001
   3.055999875068665E-001
   8.773000240325928E-001
        1.041000008583069
        1.185899972915649
        1.383900046348572
        1.288800001144409
   9.124000072479248E-001
        1.954100012779236
        1.847800016403198
        2.582000017166138
        1.616099953651428
        1.718799948692322
        2.186500072479248
        1.897400021553040
        2.087599992752075
        1.157400012016296
        1.907299995422363
   9.585999846458435E-001
        1.342599987983704
        1.707100033760071
        1.926699995994568
        1.858899950981140
        1.452000021934509
        1.475800037384033
        1.060700058937073
   2.242999970912933E-001
  -2.750000059604645E-001
  -7.380999922752380E-001
  -2.146999984979630E-001
   5.029999837279320E-002
  -1.238999962806702E-001
  -1.940000057220459E-001
  -1.475999951362610E-001
  -4.509999975562096E-002
  -6.740000098943710E-002
   3.689000010490418E-001
   3.962999880313873E-001
   2.671000063419342E-001
   7.166000008583069E-001
   2.806000113487244E-001
  -1.956000030040741E-001
       -1.746399998664856
       -1.694300055503845
  -9.911999702453613E-001
  -1.449999958276749E-001
  -2.888000011444092E-001
   5.853999853134155E-001
   7.738000154495239E-001
   6.082000136375427E-001
   3.855000138282776E-001
  -9.258000254631043E-001
  -2.081000059843063E-001
  -1.399999950081110E-003
   5.689999833703041E-002
   8.691999912261963E-001
   7.335000038146973E-001
   4.106999933719635E-001
   5.739999935030937E-002
  -3.510000184178352E-002
  -1.099999994039536E-002
   5.261999964714050E-001
   9.697999954223633E-001
   9.595999717712402E-001
        1.261600017547607
        1.585000038146973
        1.921599984169006
        2.084300041198731
        1.552899956703186
        2.082900047302246
        1.857399940490723
        1.451900005340576
        1.900799989700317
        2.362200021743774
        1.687800049781799
        2.296299934387207
        2.208300113677979
        1.999699950218201
        1.214300036430359
   9.136000275611877E-001
   1.460999995470047E-001
        1.512500047683716
        1.183099985122681
        1.095600008964539
   8.773999810218811E-001
   9.075000286102295E-001
   7.148000001907349E-001
   4.270000010728836E-002
   3.440000116825104E-002
   7.249999791383743E-002
   2.475000023841858E-001
  -1.150999963283539E-001
  -4.515999853610992E-001
  -4.859000146389008E-001
  -2.257999926805496E-001
  -5.975000262260437E-001
  -1.023000031709671E-001
   5.740000009536743E-001
   4.806999862194061E-001
   3.194999992847443E-001
   6.700000166893005E-002
       -1.427999973297119
       -1.065899968147278
       -1.241799950599670
  -8.916000127792358E-001
  -8.310999870300293E-001
   9.380000084638596E-002
   7.106999754905701E-001
   9.304000139236450E-001
   7.827000021934509E-001
   5.850999951362610E-001
  -2.749999985098839E-002
  -2.506000101566315E-001
  -2.840999960899353E-001
   7.734000086784363E-001
   3.910999894142151E-001
   2.080000042915344E-001
  -4.993000030517578E-001
   5.339999869465828E-002
  -9.640000015497208E-002
   1.143999993801117E-001
   3.310000151395798E-002
  -9.300000220537186E-002
  -3.890999853610992E-001
   2.345000058412552E-001
        1.117900013923645
   3.867999911308289E-001
   8.957999944686890E-001
        1.591799974441528
        1.193099975585938
   4.451999962329865E-001
        1.011199951171875
        1.383900046348572
        1.618800044059753
        2.274100065231323
        2.269000053405762
        2.626399993896484
        1.545799970626831
        1.581699967384338
   4.620000123977661E-001
   8.016999959945679E-001
  -9.830000251531601E-002
   1.952999979257584E-001
   9.970999956130981E-001
   7.287999987602234E-001
   3.154000043869019E-001
   3.366999924182892E-001
  -3.337000012397766E-001
  -2.462999969720841E-001
  -8.888999819755554E-001
  -1.700000092387199E-002
  -1.044000014662743E-001
  -4.794999957084656E-001
  -5.442000031471252E-001
  -5.217999815940857E-001
  -7.994999885559082E-001
  -6.258000135421753E-001
   4.510999917984009E-001
   3.837000131607056E-001
   8.367999792098999E-001
  -1.257999986410141E-001
       -1.619699954986572
       -1.777899980545044
       -1.030699968338013
       -1.309399962425232
  -6.430000066757202E-002
  -1.599999959580600E-003
        1.035400032997131
        1.422600030899048
   4.147000014781952E-001
   4.916999936103821E-001
   1.024999991059303E-001
   3.181000053882599E-001
  -5.325999855995178E-001
  -8.245000243186951E-001
  -3.668999969959259E-001
   2.020000070333481E-001
   4.844000041484833E-001
   7.283999919891357E-001
   3.629999980330467E-002
   2.802000045776367E-001
   7.259999960660934E-002
   5.409999936819077E-002
   3.138999938964844E-001
        1.159299969673157
   8.417999744415283E-001
   8.058000206947327E-001
        1.600800037384033
        1.304900050163269
        1.016600012779236
  -9.929999709129334E-002
  -3.000000026077032E-003
        1.433599948883057
        1.689800024032593
        2.551500082015991
        2.390300035476685
        1.827900052070618
        2.160099983215332
        1.929499983787537
        1.603399991989136
        1.743000030517578
  -5.945000052452087E-001
   2.290000021457672E-002
  -3.698000013828278E-001
   1.610000059008598E-002
   3.289000093936920E-001
   4.787999987602234E-001
  -8.299000263214111E-001
  -4.611999988555908E-001
  -3.215999901294708E-001
   3.404000103473663E-001
  -1.894000023603439E-001
   1.508000046014786E-001
   5.074999928474426E-001
   3.560000061988831E-001
   1.568000018596649E-001
   3.804000020027161E-001
   2.221000045537949E-001
   5.403000116348267E-001
   4.643999934196472E-001
  -3.116999864578247E-001
  -6.161000132560730E-001
  -8.921999931335449E-001
  -9.649000167846680E-001
       -1.143599987030029
  -5.613999962806702E-001
   3.935000002384186E-001
   8.245999813079834E-001
        1.612400054931641
   9.824000000953674E-001
   5.382000207901001E-001
   3.393000066280365E-001
  -9.017000198364258E-001
  -5.368000268936157E-001
       -1.145200014114380
  -3.506000041961670E-001
   4.314999878406525E-001
   9.406999945640564E-001
   7.383000254631043E-001
   2.833000123500824E-001
   6.780999898910523E-001
   2.123000025749207E-001
  -8.900000154972076E-002
   8.990000188350678E-002
   2.459999918937683E-002
   9.453999996185303E-001
        1.980700016021729
        1.425999999046326
        1.908599972724915
        1.628700017929077
   6.171000003814697E-001
   3.537999987602234E-001
   4.149000048637390E-001
        1.022400021553040
        1.479500055313110
        1.979799985885620
        2.041399955749512
        1.441900014877319
        1.964599967002869
        2.412199974060059
        1.858700037002564
   7.552999854087830E-001
   2.087000012397766E-001
  -4.368000030517578E-001
  -3.799999877810478E-002
   2.176000028848648E-001
  -3.368999958038330E-001
  -9.491000175476074E-001
  -2.011999934911728E-001
   1.444000005722046E-001
  -4.722999930381775E-001
  -1.415999978780747E-001
   3.353999853134155E-001
   2.592000067234039E-001
   1.508000046014786E-001
  -5.741000175476074E-001
  -2.483000010251999E-001
   4.674000144004822E-001
        1.346899986267090
   6.175000071525574E-001
   2.518000006675720E-001
  -1.123000010848045E-001
  -8.694000244140625E-001
  -5.371000170707703E-001
   4.100000020116568E-003
  -2.454999983310700E-001
  -6.287999749183655E-001
  -1.500000013038516E-003
   9.850999712944031E-001
   7.861999869346619E-001
   9.588999748229981E-001
   5.766999721527100E-001
  -3.817999958992004E-001
  -3.725000023841858E-001
       -1.646800041198731
       -1.097800016403198
   1.903000026941299E-001
   4.973999857902527E-001
   9.095000028610230E-001
        1.434800028800964
   4.875999987125397E-001
  -7.221000194549561E-001
  -3.686999976634979E-001
   2.073000073432922E-001
   2.231999933719635E-001
   6.525999903678894E-001
   9.477000236511231E-001
        1.183200001716614
        1.583099961280823
        1.805199980735779
   8.995000123977661E-001
        1.803599953651428
   6.105999946594238E-001
   4.977999925613403E-001
        1.184200048446655
        1.229200005531311
        1.615000009536743
        1.805899977684021
        1.843099951744080
        1.300300002098084
   5.910999774932861E-001
   4.975000023841858E-001
   8.762999773025513E-001
  -1.440999954938889E-001
  -9.399999678134918E-002
  -2.280000038444996E-002
   2.308000028133392E-001
  -2.040000073611736E-002
  -1.196999996900559E-001
  -3.341999948024750E-001
  -1.142999976873398E-001
   3.003999888896942E-001
        1.343600034713745
   4.481999874114990E-001
   2.619000077247620E-001
  -8.580999970436096E-001
   4.226000010967255E-001
  -2.330999970436096E-001
   3.605000078678131E-001
   3.379999846220017E-002
  -7.139999866485596E-001
   5.299999844282866E-003
       -1.064399957656860
  -6.956999897956848E-001
  -4.469000101089478E-001
  -2.930999994277954E-001
  -4.356999993324280E-001
   5.494999885559082E-001
   4.765000045299530E-001
  -6.599999964237213E-002
   5.959999933838844E-002
   8.428999781608582E-001
        1.368700027465820
   2.982000112533569E-001
  -5.171999931335449E-001
  -3.698000013828278E-001
  -3.420999944210053E-001
  -1.699000000953674E-001
   4.666000008583069E-001
   6.094999909400940E-001
  -3.411000072956085E-001
  -1.254999935626984E-001
  -1.436000019311905E-001
   3.869999945163727E-001
  -2.003999948501587E-001
   7.268999814987183E-001
        1.513000011444092
   7.491999864578247E-001
   9.636999964714050E-001
        1.194900035858154
        1.411800026893616
        1.811200022697449
        1.073199987411499
  -9.560000151395798E-002
   8.468999862670898E-001
   4.684000015258789E-001
        1.301100015640259
        2.064300060272217
        1.547399997711182
        1.215399980545044
   6.987000107765198E-001
   1.797000020742416E-001
   3.887999951839447E-001
   5.760999917984009E-001
   1.761000007390976E-001
   8.004000186920166E-001
   4.832000136375427E-001
  -5.171999931335449E-001
  -4.993999898433685E-001
  -4.647000133991242E-001
  -2.304999977350235E-001
   2.293000072240830E-001
        1.372099995613098
   9.291999936103821E-001
   4.736999869346619E-001
  -2.657000124454498E-001
  -5.350999832153320E-001
  -4.332999885082245E-001
       -1.022699952125549
  -6.618000268936157E-001
  -5.432000160217285E-001
   6.109999865293503E-002
  -5.777999758720398E-001
       -1.179200053215027
  -7.944999933242798E-001
  -1.467999964952469E-001
  -4.158999919891357E-001
   1.869000047445297E-001
   1.120000034570694E-001
  -2.393999993801117E-001
   5.629000067710877E-001
   8.030999898910523E-001
   5.286999940872192E-001
   1.659999974071980E-002
  -2.099000066518784E-001
   2.231000065803528E-001
   7.075999975204468E-001
   1.466999948024750E-001
   5.594000220298767E-001
   3.073999881744385E-001
   3.330000042915344E-001
  -2.786999940872192E-001
   3.037999868392944E-001
   1.474999934434891E-001
   7.260000109672546E-001
   9.398999810218811E-001
        1.225200057029724
   9.765999913215637E-001
        1.222900032997131
        1.397400021553040
   7.613000273704529E-001
        1.608899950981140
   4.368999898433685E-001
   3.278999924659729E-001
   2.565999925136566E-001
   8.743000030517578E-001
   8.303999900817871E-001
        1.217499971389771
   6.236000061035156E-001
   9.918000102043152E-001
   1.486999988555908E-001
   3.882000148296356E-001
   7.160999774932861E-001
        1.006899952888489
   9.833999872207642E-001
   7.462000250816345E-001
   6.256999969482422E-001
  -5.920000076293945E-001
   1.290999948978424E-001
   5.123000144958496E-001
   6.531000137329102E-001
        1.100900053977966
        1.780500054359436
   6.883000135421753E-001
   2.788999974727631E-001
  -6.881999969482422E-001
       -1.351799964904785
  -8.500000238418579E-001
       -1.285500049591065
       -1.095100045204163
  -9.171000123023987E-001
  -7.317000031471252E-001
  -5.922999978065491E-001
  -7.929000258445740E-001
  -8.165000081062317E-001
       -1.491199970245361
       -1.355000019073486
  -5.374000072479248E-001
   2.469000071287155E-001
  -2.321999967098236E-001
   1.858000010251999E-001
   2.467000037431717E-001
  -1.779000014066696E-001
   3.975999951362610E-001
   6.643000245094299E-001
   4.745999872684479E-001
   1.169999986886978E-001
   8.543000221252441E-001
   4.738999903202057E-001
   4.235999882221222E-001
   5.324000120162964E-001
   6.948999762535095E-001
  -4.891999959945679E-001
   3.077000081539154E-001
   9.361000061035156E-001
        1.228700041770935
        1.136500000953674
   9.350000023841858E-001
        1.459499955177307
        2.004100084304810
        1.585000038146973
        1.173400044441223
   3.488000035285950E-001
   5.713999867439270E-001
   4.086000025272369E-001
  -3.007999956607819E-001
   3.646999895572662E-001
   4.178999960422516E-001
   4.557000100612640E-001
  -2.797000110149384E-001
  -1.303000003099442E-001
   2.222999930381775E-001
   1.517000049352646E-001
   5.921999812126160E-001
        1.032199978828430
        1.194499969482422
   2.745999991893768E-001
  -3.050999939441681E-001
   5.461999773979187E-001
        1.383999943733215
   8.693000078201294E-001
        1.481600046157837
   3.865999877452850E-001
   3.736999928951263E-001
  -4.420999884605408E-001
  -8.978000283241272E-001
       -1.592499971389771
       -1.828699946403503
       -1.079399943351746
  -6.202999949455261E-001
  -7.408000230789185E-001
  -5.949000120162964E-001
  -4.093999862670898E-001
       -1.021999955177307
       -1.141100049018860
       -2.255199909210205
       -1.317499995231628
  -8.560000061988831E-001
  -5.849999785423279E-001
  -8.130000233650208E-001
  -1.730999946594238E-001
  -1.263000071048737E-001
   7.627000212669373E-001
   7.078999876976013E-001
   5.273000001907349E-001
   5.616999864578247E-001
   3.935999870300293E-001
  -6.530000269412994E-002
   6.703000068664551E-001
   7.577999830245972E-001
        1.307800054550171
        1.503700017929077
   6.345999836921692E-001
        1.501000046730042
        1.230700016021729
        1.558500051498413
        1.503299951553345
        1.043499946594238
        1.571099996566773
        2.096299886703491
        1.662500023841858
   7.858999967575073E-001
   7.513999938964844E-001
   3.846000134944916E-001
   7.497000098228455E-001
   9.624999761581421E-001
   8.561999797821045E-001
   5.468999743461609E-001
        1.008100032806397
   7.001000046730042E-001
   8.313999772071838E-001
   6.746000051498413E-001
   7.508999705314636E-001
   3.371999859809876E-001
   5.073000192642212E-001
   3.258999884128571E-001
   4.133999943733215E-001
   8.313999772071838E-001
        1.266299962997437
   8.827000260353088E-001
   6.604999899864197E-001
   4.864000082015991E-001
   4.758999943733215E-001
   2.770999968051910E-001
  -6.186000108718872E-001
       -1.756899952888489
       -1.601699948310852
       -1.236700057983398
       -1.119400024414063
  -8.072000145912170E-001
  -4.769999906420708E-002
  -2.132000029087067E-001
  -7.730000019073486E-001
   2.231999933719635E-001
   5.790000036358833E-002
  -6.129000186920166E-001
  -8.896999955177307E-001
  -9.429000020027161E-001
  -9.437000155448914E-001
   2.284000068902969E-001
   6.205999851226807E-001
   5.727000236511231E-001
   3.456000089645386E-001
   6.371999979019165E-001
   9.312000274658203E-001
        1.021600008010864
        1.017099976539612
   1.041999980807304E-001
   3.314000070095062E-001
   8.162000179290772E-001
   5.042999982833862E-001
        1.309599995613098
        1.355399966239929
        1.911900043487549
        1.322199940681458
        1.217800021171570
  -2.987999916076660E-001
   4.688999950885773E-001
        1.044299960136414
        1.294499993324280
        1.364799976348877
        1.425999999046326
   9.934999942779541E-001
   8.690000176429749E-001
   6.556000113487244E-001
        1.639999985694885
   9.776999950408936E-001
        1.357100009918213
   8.618000149726868E-001
   6.388999819755554E-001
   6.690000295639038E-001
        1.154800057411194
   9.111999869346619E-001
  -2.101999968290329E-001
   4.830000177025795E-002
   5.612000226974487E-001
        1.014000058174133
        1.412600040435791
        1.259799957275391
        1.090199947357178
        1.008999943733215
   8.309000134468079E-001
   7.310000061988831E-001
   2.277999967336655E-001
  -7.615000009536743E-001
       -2.268599987030029
       -1.384299993515015
       -1.034500002861023
       -1.546599984169006
       -1.427299976348877
  -2.734000086784363E-001
  -3.113000094890595E-001
  -1.133999973535538E-001
   8.217999935150147E-001
  -1.199999973177910E-001
  -1.119999960064888E-002
  -7.742999792098999E-001
  -1.665000021457672E-001
  -4.289000034332275E-001
  -3.731000125408173E-001
   1.796000003814697E-001
        1.014099955558777
   2.987000048160553E-001
   5.150000005960465E-002
   8.651999831199646E-001
        1.370900034904480
   3.434999883174896E-001
   6.317999958992004E-001
   3.143999874591827E-001
        1.108800053596497
   7.462000250816345E-001
   7.069000005722046E-001
        1.050300002098084
        1.467200040817261
        1.554399967193604
   6.215999722480774E-001
   4.708999991416931E-001
  -3.535999953746796E-001
   5.701000094413757E-001
   6.636999845504761E-001
        1.638900041580200
   9.782999753952026E-001
        1.214200019836426
        2.020299911499023
        1.547299981117249
        2.836699962615967
        1.566300034523010
        1.876199960708618
        1.804200053215027
   5.957000255584717E-001
  -9.380000084638596E-002
        1.444100022315979
   2.982999980449677E-001
   1.391000002622604E-001
   4.388000071048737E-001
   9.211999773979187E-001
        1.165099978446960
        1.088299989700317
        1.540599942207336
        1.509899973869324
   9.862999916076660E-001
   4.963999986648560E-001
   6.120000034570694E-002
  -8.404999971389771E-001
  -1.746000051498413E-001
       -1.478299975395203
       -1.103899955749512
       -1.147500038146973
       -1.661599993705750
  -6.679000258445740E-001
  -3.632999956607819E-001
  -1.930000074207783E-002
   3.219000101089478E-001
        1.276900053024292
   4.061000049114227E-001
   5.421000123023987E-001
   4.381999969482422E-001
   3.713999986648560E-001
  -5.645999908447266E-001
  -4.244000017642975E-001
  -1.753000020980835E-001
        1.491000056266785
   7.519999891519547E-002
   2.980999946594238E-001
   8.276000022888184E-001
   3.752000033855438E-001
        1.151100039482117
  -5.420000106096268E-002
   3.375999927520752E-001
   8.205999732017517E-001
   4.550999999046326E-001
  -5.860000252723694E-001
   6.719999909400940E-001
   3.700000047683716E-001
   5.530999898910523E-001
   4.126000106334686E-001
        1.138399958610535
  -1.666000038385391E-001
   1.376000046730042E-001
  -1.001000031828880E-001
   6.161999702453613E-001
   7.063999772071838E-001
        1.270099997520447
   9.172999858856201E-001
        1.300799965858460
        2.488300085067749
        2.368299961090088
        1.313500046730042
        1.736199975013733
  -3.210000097751617E-001
       -1.437500000000000
   9.323999881744385E-001
   7.240000367164612E-002
   4.745000004768372E-001
   5.261999964714050E-001
   6.395000219345093E-001
   9.340000152587891E-001
   6.685000061988831E-001
   8.034999966621399E-001
        1.079599976539612
        1.717100024223328
        1.119899988174439
   7.012000083923340E-001
  -2.133000046014786E-001
  -1.868000030517578E-001
       -1.582399964332581
       -2.127300024032593
       -2.002500057220459
       -1.013800024986267
  -7.840999960899353E-001
  -4.713000059127808E-001
   2.908999919891357E-001
   1.035000011324883E-001
   9.679999947547913E-001
   8.399000167846680E-001
   7.472000122070313E-001
        1.196499943733215
   9.674000144004822E-001
  -3.274999856948853E-001
   4.268000125885010E-001
  -9.979999810457230E-002
   5.701000094413757E-001
   5.672000050544739E-001
   4.372000098228455E-001
   3.228999972343445E-001
  -4.217000007629395E-001
   6.682000160217285E-001
   6.568999886512756E-001
   7.366999983787537E-001
   6.460000276565552E-001
  -2.999999932944775E-002
   3.264999985694885E-001
   1.200000056996942E-003
   1.416999995708466E-001
  -4.709999859333038E-001
  -7.961000204086304E-001
   1.244999989867210E-001
   5.099999904632568E-001
  -1.673000007867813E-001
   3.948999941349030E-001
   2.047999948263168E-001
        1.217300057411194
        1.441900014877319
        1.054499983787537
        1.478399991989136
        1.623600006103516
        1.821499943733215
        1.552899956703186
        1.735999941825867
   4.778999984264374E-001
       -1.769099950790405
   9.973999857902527E-001
   8.675000071525574E-001
   3.662000000476837E-001
  -6.751999855041504E-001
  -3.537000119686127E-001
   1.668000072240830E-001
   8.111000061035156E-001
   9.075000286102295E-001
   7.567999958992004E-001
   5.681999921798706E-001
        1.298900008201599
   9.485999941825867E-001
  -9.899999946355820E-002
  -2.649999968707562E-002
       -1.392799973487854
       -1.864699959754944
       -1.584800004959106
  -7.088000178337097E-001
       -1.225600004196167
       -1.072100043296814
   5.550000071525574E-002
  -1.841000020503998E-001
   2.081999927759171E-001
   5.996000170707703E-001
  -1.492000073194504E-001
  -1.159999985247850E-002
   9.233999848365784E-001
        1.054399967193604
        1.159500002861023
   3.118999898433685E-001
  -1.289999932050705E-001
   1.225999966263771E-001
   8.549000024795532E-001
   7.522000074386597E-001
   6.539999693632126E-002
  -6.822000145912170E-001
  -1.239999979734421E-001
   3.858999907970429E-001
   7.850999832153320E-001
   6.944000124931335E-001
   7.749000191688538E-001
   7.264000177383423E-001
   4.943999946117401E-001
   9.089999794960022E-001
  -4.873999953269959E-001
  -1.837999969720841E-001
  -4.539999961853027E-001
   6.639999896287918E-002
  -5.583999752998352E-001
  -6.150000169873238E-002
   9.776999950408936E-001
        1.446599960327148
        1.274600028991699
        1.454100012779236
        1.014799952507019
        1.837499976158142
        1.522899985313416
        1.558200001716614
   1.032999977469444E-001
       -1.014899969100952
        1.013700008392334
   7.441999912261963E-001
   7.401999831199646E-001
   1.362999975681305E-001
   9.990000128746033E-001
        1.148599982261658
        1.765900015830994
        1.944100022315979
        1.293099999427795
   7.178999781608582E-001
   6.190999746322632E-001
   7.336000204086304E-001
  -1.140000019222498E-002
  -6.679999828338623E-002
       -1.200999975204468
       -2.172199964523315
  -8.962000012397766E-001
       -1.458199977874756
  -6.004999876022339E-001
       -1.069599986076355
  -9.811999797821045E-001
  -4.208999872207642E-001
   4.663999974727631E-001
   7.530999779701233E-001
  -8.460000157356262E-002
  -6.055999994277954E-001
        1.041499972343445
   8.956999778747559E-001
        1.315899968147278
   6.500999927520752E-001
  -9.510000050067902E-002
   3.357000052928925E-001
   5.867000222206116E-001
        1.839699983596802
        1.037899971008301
  -7.159999758005142E-002
   3.341999948024750E-001
   2.348999977111816E-001
   1.640000045299530E-001
  -1.476999968290329E-001
   7.689999788999558E-002
   1.001999974250794E-001
  -6.239999830722809E-002
   6.431000232696533E-001
   7.999999797903001E-004
   1.000000014901161E-001
   1.098000034689903E-001
   3.219000101089478E-001
  -3.195999860763550E-001
   1.097000017762184E-001
        1.022899985313416
        1.534800052642822
        2.016000032424927
        1.982100009918213
        1.833099961280823
        2.319400072097778
        1.983800053596497
   4.670000076293945E-001
       -1.056800007820129
       -1.876600027084351
   3.815000057220459E-001
   1.607999950647354E-001
   5.874999761581421E-001
   3.934000134468079E-001
        1.166200041770935
        1.668099999427795
        2.173700094223023
        1.311100006103516
   1.640000008046627E-002
  -5.609999969601631E-002
   1.362999975681305E-001
   8.055999875068665E-001
   6.478000283241272E-001
   2.549999952316284E-002
       -1.119799971580505
       -1.481799960136414
       -1.068500041961670
  -9.532999992370606E-001
       -1.632400035858154
       -1.007200002670288
  -3.991000056266785E-001
   3.999999898951501E-004
  -2.390000037848949E-002
  -3.089999966323376E-002
   5.335999727249146E-001
   7.328000068664551E-001
        1.059900045394898
        1.340000033378601
        1.059100031852722
   7.344999909400940E-001
        1.089200019836426
   9.532999992370606E-001
        1.156499981880188
        1.328699946403503
        1.186200022697449
   5.552999973297119E-001
   4.731000065803528E-001
  -6.790000200271606E-002
  -9.399999678134918E-002
  -3.934000134468079E-001
  -3.900000080466270E-002
  -6.392999887466431E-001
  -9.713000059127808E-001
   4.314999878406525E-001
  -2.091999948024750E-001
   3.235999941825867E-001
   5.281000137329102E-001
   4.828000068664551E-001
  -2.118999958038330E-001
  -1.650000065565109E-001
   6.082000136375427E-001
   4.932999908924103E-001
        1.560299992561340
        1.295899987220764
        1.473500013351440
        1.444900035858154
   9.855999946594238E-001
   5.077999830245972E-001
  -3.499999940395355E-001
       -1.141700029373169
        1.434000015258789
        1.148699998855591
   9.139000177383423E-001
        1.258599996566773
        1.075199961662293
   8.888000249862671E-001
        1.163300037384033
   7.893999814987183E-001
  -2.781000137329102E-001
  -7.123000025749207E-001
  -2.764999866485596E-001
  -6.248000264167786E-001
  -6.956999897956848E-001
  -1.124999970197678E-001
  -6.858999729156494E-001
       -1.057199954986572
       -1.938199996948242
  -8.356000185012817E-001
       -1.484400033950806
  -4.573999941349030E-001
  -1.394000053405762E-001
   1.715999990701675E-001
   2.649999968707562E-002
   1.819999963045120E-001
   4.830000102519989E-001
        1.399700045585632
        1.677800059318543
        1.058099985122681
        1.143399953842163
   9.530000090599060E-001
        1.458699941635132
        1.010699987411499
        1.991600036621094
        1.336599946022034
        1.578500032424927
        1.704300045967102
   3.021000027656555E-001
  -8.999999845400453E-004
  -8.630000054836273E-002
  -8.528000116348267E-001
  -4.142999947071075E-001
       -1.009099960327148
  -4.140000045299530E-001
  -2.196999937295914E-001
   1.015999987721443E-001
   3.050000034272671E-002
   6.934000253677368E-001
   7.455999851226807E-001
   1.361999958753586E-001
   1.439999975264072E-002
   3.061000108718872E-001
   4.936000108718872E-001
   5.874000191688538E-001
        1.196099996566773
        1.739099979400635
   7.161999940872192E-001
   3.540999889373779E-001
  -5.547999739646912E-001
  -5.669999867677689E-002
  -3.125000000000000E-001
   1.746000051498413E-001
        1.201099991798401
   9.110999703407288E-001
   7.570000290870667E-001
   8.812999725341797E-001
        1.338000059127808
   4.332999885082245E-001
   2.374999970197678E-001
  -8.439000248908997E-001
  -9.221000075340271E-001
  -9.688000082969666E-001
       -1.194599986076355
       -1.046800017356873
  -9.154000282287598E-001
  -9.309999644756317E-002
       -1.140799999237061
       -2.132999897003174
       -1.049200057983398
  -6.365000009536743E-001
       -1.177600026130676
  -8.805999755859375E-001
  -6.007999777793884E-001
   7.559999823570252E-001
   2.213000059127808E-001
   6.535000205039978E-001
        1.295899987220764
        1.639000058174133
   7.904000282287598E-001
        1.270799994468689
        1.224599957466126
   6.006000041961670E-001
        1.691100001335144
        1.942600011825562
        1.508299946784973
        1.653399944305420
        1.656000018119812
        1.156800031661987
   4.232000112533569E-001
   2.161999940872192E-001
   4.794000089168549E-001
   7.975000143051148E-001
   3.129000067710877E-001
   7.275000214576721E-001
   5.824000239372253E-001
   2.296999990940094E-001
   9.269000291824341E-001
   8.399000167846680E-001
   3.887000083923340E-001
   9.700000286102295E-003
   7.224000096321106E-001
   6.320000290870667E-001
   3.919000029563904E-001
   5.135999917984009E-001
   9.898999929428101E-001
        1.456599950790405
   4.401000142097473E-001
   3.542000055313110E-001
   8.242999911308289E-001
   1.040000021457672E-001
   9.769999980926514E-002
   6.349999904632568E-001
   2.594999969005585E-001
   5.649999976158142E-001
   6.919000148773193E-001
   7.365000247955322E-001
   6.827999949455261E-001
        1.434800028800964
   4.828000068664551E-001
  -3.727000057697296E-001
  -4.794999957084656E-001
  -4.469000101089478E-001
  -2.614000141620636E-001
  -9.074000120162964E-001
  -6.072000265121460E-001
  -9.628000259399414E-001
       -1.715499997138977
       -1.300600051879883
       -1.015200018882752
  -6.338000297546387E-001
       -1.456500053405762
       -1.821300029754639
  -5.777999758720398E-001
  -7.639999985694885E-001
  -2.431000024080277E-001
   4.823000133037567E-001
   1.810000091791153E-002
   4.740999937057495E-001
   5.867999792098999E-001
   5.145999789237976E-001
   8.072999715805054E-001
   7.286000251770020E-001
   8.777999877929688E-001
        1.917899966239929
        1.705199956893921
        1.938400030136108
        1.802500009536743
        1.984300017356873
        1.625000000000000
   7.002999782562256E-001
   1.237000003457069E-001
   5.881000161170960E-001
   5.540999770164490E-001
   1.763000041246414E-001
   4.187999963760376E-001
        1.508200049400330
        1.664700031280518
  -1.137999966740608E-001
  -9.839999675750732E-002
  -3.851999938488007E-001
   4.307999908924103E-001
   3.201999962329865E-001
   1.879999972879887E-002
   1.289000064134598E-001
        1.109599947929382
   5.105000138282776E-001
   7.170000076293945E-001
  -1.918999999761581E-001
   3.991000056266785E-001
  -5.047000050544739E-001
   4.454999864101410E-001
        2.069299936294556
        1.759500026702881
   8.594999909400940E-001
   5.263000130653381E-001
        1.115900039672852
   7.361999750137329E-001
   5.465999841690064E-001
   2.426999956369400E-001
  -3.817999958992004E-001
  -3.896000087261200E-001
  -8.396999835968018E-001
  -3.862000107765198E-001
  -9.042000174522400E-001
  -8.618000149726868E-001
       -1.900200009346008
       -1.928500056266785
       -1.658599972724915
       -1.658499956130981
       -1.840399980545044
       -2.689399957656860
       -2.520900011062622
       -1.203999996185303
  -3.321999907493591E-001
  -2.727999985218048E-001
   2.750999927520752E-001
   1.017000004649162E-001
  -1.887000054121018E-001
  -1.810999959707260E-001
   2.551999986171722E-001
   1.137999966740608E-001
   9.707000255584717E-001
   3.495999872684479E-001
   7.526999711990356E-001
        1.664299964904785
        1.353600025177002
        1.458799958229065
        1.279999971389771
        1.322700023651123
   8.378000259399414E-001
   9.605000019073486E-001
   3.290000185370445E-002
  -2.062000036239624E-001
   1.260000001639128E-002
   1.404999941587448E-001
        1.079100012779236
        1.250200033187866
        1.144999980926514
  -3.629999980330467E-002
  -1.818999946117401E-001
  -3.625999987125397E-001
   1.298000067472458E-001
  -2.508000135421753E-001
  -3.537999987602234E-001
   6.054000258445740E-001
   6.197000145912170E-001
   9.951999783515930E-001
   3.174999952316284E-001
   1.329999975860119E-002
  -4.302000105381012E-001
  -5.024999976158142E-001
        1.450199961662293
        1.284199953079224
        1.102599978446960
   8.587999939918518E-001
   7.498000264167786E-001
   6.308000087738037E-001
   2.547999918460846E-001
   1.368999928236008E-001
  -3.711999952793121E-001
  -1.781000047922134E-001
  -1.950999945402145E-001
  -1.257999986410141E-001
       -1.064599990844727
       -1.432999968528748
       -1.704499959945679
       -2.053200006484985
       -1.445899963378906
       -1.850100040435791
       -2.035399913787842
       -1.510800004005432
       -1.195899963378906
       -1.137899994850159
  -5.018000006675720E-001
  -6.396999955177307E-001
   7.515000104904175E-001
  -9.200000204145908E-003
   2.955000102519989E-001
  -8.162999749183655E-001
   3.350000083446503E-002
   4.695999920368195E-001
   5.404999852180481E-001
   1.650999933481216E-001
   1.576000005006790E-001
   8.213999867439270E-001
   7.498000264167786E-001
        1.540099978446960
   9.426000118255615E-001
        1.042299985885620
        1.543799996376038
   4.869999885559082E-001
   1.635999977588654E-001
  -3.079000115394592E-001
   5.166000127792358E-001
        1.112699985504150
        1.273300051689148
        1.909600019454956
        1.068699955940247
        1.242300033569336
  -2.134000062942505E-001
   2.400999963283539E-001
   1.638000011444092E-001
   5.440000072121620E-002
   3.763999938964844E-001
   3.887999951839447E-001
   6.991999745368958E-001
   2.398000061511993E-001
  -7.114999890327454E-001
  -8.080000281333923E-001
   7.360000163316727E-002
   6.989999860525131E-002
   8.320000171661377E-001
        1.371299982070923
   8.565999865531921E-001
   4.984999895095825E-001
   3.073000013828278E-001
   2.294999957084656E-001
   4.381999969482422E-001
   3.718999922275543E-001
   6.790999770164490E-001
   3.140999972820282E-001
  -2.782999873161316E-001
   5.501000285148621E-001
  -5.264999866485596E-001
       -1.932800054550171
       -2.165800094604492
       -1.763900041580200
       -1.376500010490418
       -2.114099979400635
       -1.733299970626831
       -1.847399950027466
       -1.590000033378601
  -7.416999936103821E-001
  -3.756000101566315E-001
  -5.453000068664551E-001
  -1.817000061273575E-001
   3.388999998569489E-001
  -4.372999966144562E-001
  -1.876000016927719E-001
   1.118000000715256E-001
   4.235999882221222E-001
        1.095900058746338
        1.048200011253357
        1.107399940490723
        1.150200009346008
   1.755000054836273E-001
   8.784000277519226E-001
   9.359999895095825E-001
        1.196599960327148
   6.815999746322632E-001
   4.050000011920929E-001
   1.160999983549118E-001
  -4.672999978065491E-001
        1.082800030708313
        1.393399953842163
        1.126099944114685
        1.115499973297119
   7.340999841690064E-001
   1.411000043153763E-001
   6.363000273704529E-001
        1.279800057411194
   4.072999954223633E-001
  -2.222999930381775E-001
   6.125000119209290E-001
   2.266999930143356E-001
  -4.207000136375427E-001
  -5.330000072717667E-002
  -6.506999731063843E-001
  -3.874999880790710E-001
   2.195000052452087E-001
   2.788999974727631E-001
        1.557299971580505
   9.973000288009644E-001
   5.856999754905701E-001
  -7.218999862670898E-001
  -2.850000001490116E-002
   4.521000087261200E-001
   5.461000204086304E-001
   7.073000073432922E-001
   4.771000146865845E-001
  -4.533999860286713E-001
  -2.087000012397766E-001
  -2.108000069856644E-001
  -5.817999839782715E-001
       -1.420400023460388
       -1.565400004386902
  -8.831999897956848E-001
  -9.911000132560730E-001
       -2.025399923324585
       -2.606199979782105
       -1.338899970054627
       -1.724599957466126
       -1.534100055694580
       -1.344400048255920
  -1.233000010251999E-001
  -9.120000153779984E-002
  -5.917000174522400E-001
  -7.993000149726868E-001
  -7.376000285148621E-001
  -8.569999784231186E-002
   2.533999979496002E-001
   5.098999738693237E-001
   9.164999723434448E-001
   9.190999865531921E-001
        1.255699992179871
  -5.048000216484070E-001
        1.095499992370606
   7.056999802589417E-001
   5.521000027656555E-001
        1.411999940872192
   8.819000124931335E-001
   5.986999869346619E-001
   8.341000080108643E-001
        1.476500034332275
        1.532500028610230
   6.283000111579895E-001
   2.192000001668930E-001
  -3.835999965667725E-001
   3.547999858856201E-001
   7.504000067710877E-001
        1.121600031852722
   1.562999933958054E-001
  -9.282000064849854E-001
  -7.010999917984009E-001
       -1.200199961662293
  -8.748999834060669E-001
  -4.593999981880188E-001
  -4.756999909877777E-001
   9.520000219345093E-002
   3.343000113964081E-001
   9.955999851226807E-001
        1.362499952316284
        1.176900029182434
   5.986999869346619E-001
  -3.774000108242035E-001
  -1.132000014185906E-001
   4.859999939799309E-002
  -3.932999968528748E-001
  -3.192000091075897E-001
  -1.234999969601631E-001
       -1.372200012207031
       -1.037600040435791
       -1.332999944686890
       -1.698699951171875
       -1.885300040245056
       -1.317299962043762
  -9.929000139236450E-001
  -7.598000168800354E-001
  -4.524999856948853E-001
  -2.626999914646149E-001
  -5.164999961853027E-001
       -1.593899965286255
       -1.426599979400635
  -8.091999888420105E-001
  -7.178999781608582E-001
   4.153999984264374E-001
  -5.383999943733215E-001
       -1.100900053977966
       -1.094699978828430
  -2.671000063419342E-001
   1.569999940693378E-002
   5.447999835014343E-001
   5.370000004768372E-002
   8.021000027656555E-001
   3.416999876499176E-001
  -1.710000038146973E-001
   6.783999800682068E-001
   7.207000255584717E-001
        1.067399978637695
        1.131600022315979
        1.020900011062622
        1.708999991416931
        1.095900058746338
        1.152199983596802
   5.124999880790710E-001
   2.460999935865402E-001
  -1.810999959707260E-001
  -1.500999927520752E-001
   6.780000030994415E-002
        1.286100029945374
  -4.045000076293945E-001
       -1.164499998092651
       -1.411700010299683
       -2.003900051116943
  -5.770999789237976E-001
  -8.528000116348267E-001
  -4.162999987602234E-001
       -1.182000041007996
  -3.700999915599823E-001
   2.161000072956085E-001
   4.880999922752380E-001
        1.539700031280518
        1.770900011062622
        1.180699944496155
   9.707000255584717E-001
   4.837999939918518E-001
  -5.881000161170960E-001
       -1.274899959564209
  -1.800999939441681E-001
       -1.069499969482422
       -1.117699980735779
       -1.368299961090088
       -1.015499949455261
       -1.459699988365173
       -1.433200001716614
  -8.608000278472900E-001
  -4.586000144481659E-001
  -7.019000053405762E-001
  -3.989000022411346E-001
       -1.068899989128113
  -8.835999965667725E-001
       -1.076599955558777
       -1.005499958992004
       -1.901299953460693
  -7.138000130653381E-001
  -7.128000259399414E-001
  -8.941000103950501E-001
       -1.452800035476685
       -1.289499998092651
       -1.550799965858460
  -5.451999902725220E-001
  -1.250000000000000E-001
  -9.200000204145908E-003
        1.103199958801270
   3.646000027656555E-001
  -7.793999910354614E-001
   3.431000113487244E-001
   8.614000082015991E-001
   8.342999815940857E-001
        1.552500009536743
   7.602999806404114E-001
   7.688999772071838E-001
   5.727999806404114E-001
   6.021000146865845E-001
   6.046000123023987E-001
        1.210399985313416
   6.010000035166740E-002
   2.671000063419342E-001
   2.021999955177307E-001
  -9.617999792098999E-001
       -1.212200045585632
  -9.653000235557556E-001
       -1.507300019264221
       -2.046600103378296
  -8.399999737739563E-001
  -3.345000147819519E-001
  -7.912999987602234E-001
       -1.212000012397766
       -1.145200014114380
       -1.158300042152405
  -7.487000226974487E-001
        1.406900048255920
        1.617900013923645
        1.653900027275085
   8.414000272750855E-001
   1.724999994039536E-001
  -2.381999939680100E-001
   3.138999938964844E-001
  -8.292999863624573E-001
       -1.533900022506714
       -1.157999992370606
       -1.091099977493286
  -8.424999713897705E-001
       -1.235800027847290
       -1.859899997711182
       -2.010999917984009
       -1.100900053977966
  -6.503000259399414E-001
  -9.359999895095825E-001
       -1.312899947166443
  -7.978000044822693E-001
  -9.632999897003174E-001
  -9.438999891281128E-001
       -1.608199954032898
  -6.909000277519226E-001
  -6.222000122070313E-001
  -8.902000188827515E-001
       -1.066100001335144
  -6.561999917030335E-001
       -1.717399954795837
  -6.786000132560730E-001
  -9.254999756813049E-001
  -3.070999979972839E-001
  -8.929999917745590E-002
  -4.623999893665314E-001
       -1.003800034523010
  -8.789999783039093E-002
   8.694999814033508E-001
   9.581000208854675E-001
   9.161000251770020E-001
        1.243700027465820
   6.042000055313110E-001
        1.033100008964539
        1.136999964714050
        1.819000005722046
        1.882799983024597
   3.961000144481659E-001
  -7.444999814033508E-001
       -1.191400051116943
       -1.378700017929077
       -1.071499943733215
       -1.895499944686890
       -1.161399960517883
  -5.990999937057495E-001
  -4.242999851703644E-001
  -2.423000037670136E-001
       -1.086300015449524
       -1.349499940872192
       -1.656100034713745
  -6.800000071525574E-001
   1.929000020027161E-001
        1.763200044631958
        2.122999906539917
        1.083799958229065
   8.903999924659729E-001
   3.098999857902527E-001
  -9.999999776482582E-003
  -2.190999984741211E-001
       -1.551200032234192
       -1.510499954223633
  -9.930999875068665E-001
       -1.197600007057190
  -8.040999770164490E-001
  -6.565999984741211E-001
  -8.222000002861023E-001
       -1.186800003051758
  -8.244000077247620E-001
   1.599999964237213E-001
  -5.700000002980232E-002
  -7.290999889373779E-001
  -5.613999962806702E-001
  -6.391000151634216E-001
   3.905000090599060E-001
  -1.261000037193298E-001
  -3.747000098228455E-001
  -6.348000168800354E-001
       -1.212499976158142
       -1.149299979209900
  -4.589999914169312E-001
  -8.205999732017517E-001
       -1.476999998092651
  -3.923000097274780E-001
        1.033300042152405
  -1.309999972581863E-001
  -5.694000124931335E-001
  -6.990000009536743E-001
   4.244000017642975E-001
   4.372999966144562E-001
   9.724000096321106E-001
   8.051999807357788E-001
   5.752000212669373E-001
   7.121000289916992E-001
   5.921999812126160E-001
   8.251000046730042E-001
   6.014999747276306E-001
        1.538800001144409
   7.085000276565552E-001
       -1.177299976348877
       -1.181699991226196
       -2.132100105285645
       -1.135599970817566
  -7.078999876976013E-001
  -2.217999994754791E-001
       -1.516600012779236
       -1.557500004768372
  -6.520000100135803E-001
  -3.804000020027161E-001
  -2.169000059366226E-001
  -6.787999868392944E-001
  -2.151000052690506E-001
   1.772000044584274E-001
        1.167099952697754
        1.988700032234192
        1.223700046539307
        1.903599977493286
        1.276700019836426
   2.205000072717667E-001
  -5.902000069618225E-001
       -1.069000005722046
  -1.539999991655350E-001
       -1.577499985694885
       -1.225999951362610
       -1.127400040626526
  -9.757000207901001E-001
  -6.618000268936157E-001
  -3.795999884605408E-001
   4.709999859333038E-001
   5.658000111579895E-001
  -4.586000144481659E-001
  -3.353999853134155E-001
  -5.401999950408936E-001
   9.614999890327454E-001
   7.106000185012817E-001
  -1.181999966502190E-001
  -4.397000074386597E-001
  -6.890000104904175E-001
  -3.883000016212463E-001
  -7.069999724626541E-002
   1.308999955654144E-001
   3.440000116825104E-002
  -6.463000178337097E-001
  -2.480999976396561E-001
   6.338000297546387E-001
   2.495999932289124E-001
  -3.226000070571899E-001
  -2.962999939918518E-001
   3.887999951839447E-001
  -1.527999937534332E-001
   7.703999876976013E-001
   3.551999926567078E-001
  -2.040000073611736E-002
   4.169000089168549E-001
        1.175600051879883
   3.907999992370606E-001
   1.861000061035156E-001
   7.764000296592712E-001
   6.403999924659729E-001
       -1.038699984550476
  -4.305000007152557E-001
       -1.289700031280518
       -1.270099997520447
  -8.740000128746033E-001
       -1.123999953269959
       -1.323600053787231
       -1.663599967956543
  -9.738000035285950E-001
       -1.294800043106079
  -1.840000040829182E-002
  -1.876000016927719E-001
  -3.371999859809876E-001
  -5.924000144004822E-001
        1.439399957656860
        1.285400032997131
        1.515599966049194
        1.036599993705750
   4.697000086307526E-001
   2.775000035762787E-001
   1.987999975681305E-001
  -8.040999770164490E-001
  -4.309000074863434E-001
       -1.209300041198731
  -8.019999861717224E-001
       -1.253600001335144
  -4.855000078678131E-001
  -3.242000043392181E-001
  -5.860999822616577E-001
  -7.605999708175659E-001
   5.910999774932861E-001
   5.504999756813049E-001
   4.957000017166138E-001
        1.151900053024292
        1.380300045013428
        1.148100018501282
   7.567999958992004E-001
   3.339999914169312E-001
       -1.174399971961975
   9.269999712705612E-002
  -2.129999920725822E-002
   8.546000123023987E-001
   6.571000218391419E-001
        1.024899959564209
   7.681999802589417E-001
   2.879000008106232E-001
  -5.060999989509583E-001
  -2.372999936342239E-001
   2.655000090599060E-001
   1.884000003337860E-001
   6.766999959945679E-001
   2.497999966144562E-001
   8.859000205993652E-001
   7.627999782562256E-001
   5.616999864578247E-001
        1.519799947738648
        1.375800013542175
        1.785300016403198
        1.633399963378906
   1.279999967664480E-002
  -1.339999958872795E-002
  -5.303999781608582E-001
       -1.991899967193604
  -8.457999825477600E-001
  -6.445000171661377E-001
   1.679999977350235E-001
  -5.200999975204468E-001
       -1.062700033187866
       -1.205399990081787
  -8.023999929428101E-001
  -2.879999876022339E-001
  -7.020999789237976E-001
  -4.796999990940094E-001
  -3.944999873638153E-001
        1.637400031089783
   1.402000039815903E-001
   8.319000005722046E-001
   5.370000004768372E-002
  -6.509999930858612E-002
   1.701000034809113E-001
  -2.847000062465668E-001
  -3.185000121593475E-001
  -1.177000030875206E-001
  -6.754000186920166E-001
  -6.230999827384949E-001
  -3.397000133991242E-001
  -8.871999979019165E-001
  -5.454999804496765E-001
   8.619999885559082E-002
   9.800000116229057E-003
  -7.109999656677246E-002
        1.536900043487549
        1.742799997329712
        2.128000020980835
        1.261600017547607
        1.512500047683716
        1.026999950408936
   7.584000229835510E-001
   5.070000290870667E-001
        1.029600024223328
        1.284700036048889
        1.399299979209900
   7.544000148773193E-001
   5.698000192642212E-001
        1.041599988937378
   2.763000130653381E-001
   2.175000011920929E-001
   4.007000029087067E-001
  -6.159999966621399E-002
   6.274999976158142E-001
   6.240000128746033E-001
        1.057100057601929
        1.720399975776672
   7.631000280380249E-001
        1.515699982643127
        1.167400002479553
        1.574900031089783
        1.362599968910217
   9.175999760627747E-001
   5.705000162124634E-001
  -2.328999936580658E-001
  -6.445000171661377E-001
       -1.181800007820129
       -1.106899976730347
  -9.721000194549561E-001
  -4.903999865055084E-001
  -3.558000028133392E-001
       -1.559200048446655
       -1.007899999618530
       -1.433799982070923
   1.044000014662743E-001
  -9.799000024795532E-001
       -1.610800027847290
  -6.769000291824341E-001
   7.631999850273132E-001
   8.950000256299973E-002
  -4.196000099182129E-001
       -1.036499977111816
  -2.290000021457672E-002
   2.230000048875809E-001
  -5.249999836087227E-002
  -1.099999994039536E-003
   3.752000033855438E-001
  -3.104000091552734E-001
   1.917999982833862E-001
   1.884000003337860E-001
   1.128999963402748E-001
   6.381000280380249E-001
  -2.043000012636185E-001
  -1.290999948978424E-001
  -9.769999980926514E-002
   4.632000029087067E-001
        1.022400021553040
        1.841300010681152
        2.414099931716919
        2.645800113677979
        1.346400022506714
        1.066699981689453
   8.888000249862671E-001
        1.207299947738648
        1.071499943733215
        1.374500036239624
        1.204699993133545
        1.244400024414063
        1.303799986839294
  -2.431000024080277E-001
   4.969999939203262E-002
   9.101999998092651E-001
   2.055999934673309E-001
  -5.241000056266785E-001
   7.899999618530273E-003
   4.390999972820282E-001
   6.405000090599060E-001
        1.074200034141541
        2.486799955368042
        1.969099998474121
   6.875000000000000E-001
        1.210999965667725
   6.025999784469605E-001
   5.485000014305115E-001
   2.494000047445297E-001
  -3.449999988079071E-001
       -1.069599986076355
       -1.473999977111816
  -6.875000000000000E-001
  -4.859999939799309E-002
  -5.527999997138977E-001
  -3.799999952316284E-001
  -5.784999728202820E-001
       -1.010800004005432
  -8.090999722480774E-001
  -8.058999776840210E-001
  -1.368000060319901E-001
  -4.237999916076660E-001
   8.916000127792358E-001
   1.040999963879585E-001
   1.039000004529953E-001
   3.885000050067902E-001
  -1.180000044405460E-002
   5.841000080108643E-001
   4.546000063419342E-001
   1.471000015735626E-001
        1.286599993705750
   9.189000129699707E-001
   1.042999997735024E-001
   2.344000041484833E-001
   7.803999781608582E-001
   6.521999835968018E-001
   2.415000051259995E-001
  -6.030000001192093E-002
   1.111000031232834E-001
   1.070000045001507E-002
   3.149000108242035E-001
   9.855999946594238E-001
        2.103800058364868
        2.555299997329712
        1.332800030708313
   9.696999788284302E-001
   7.242000102996826E-001
        1.931900024414063
        1.707499980926514
   4.514999985694885E-001
   4.569999873638153E-001
   9.100000262260437E-001
        1.310299992561340
  -2.854000031948090E-001
   1.066000014543533E-001
   7.764000296592712E-001
   1.749999970197678E-001
  -1.590000092983246E-002
   3.406000137329102E-001
   3.285000026226044E-001
  -1.688999980688095E-001
        1.070000052452087
   9.700000286102295E-001
   9.442999958992004E-001
   6.309999823570252E-001
        1.311200022697449
   4.325000047683716E-001
   6.456999778747559E-001
   1.756000071763992E-001
  -5.460000038146973E-002
  -7.172999978065491E-001
       -1.587499976158142
       -1.343799948692322
  -8.938000202178955E-001
  -2.207999974489212E-001
   2.764999866485596E-001
   1.392000019550324E-001
  -7.720999717712402E-001
       -1.482499957084656
  -3.084000051021576E-001
  -1.768999993801117E-001
  -3.298999965190888E-001
   7.188000082969666E-001
   7.314000129699707E-001
   9.549999982118607E-002
   3.519999980926514E-002
   6.222000122070313E-001
  -9.799999743700028E-002
   4.479999840259552E-002
        1.097900032997131
   7.876999974250794E-001
   7.811999917030335E-001
   9.233000278472900E-001
   7.646999955177307E-001
   5.774000287055969E-001
  -4.499999806284905E-003
  -6.859999895095825E-001
  -2.252999991178513E-001
  -8.389000296592712E-001
  -3.260000050067902E-001
   1.789999939501286E-002
   7.660999894142151E-001
        1.897199988365173
        1.860700011253357
   7.383999824523926E-001
        1.182000041007996
        1.272699952125549
   9.606999754905701E-001
        1.385300040245056
   5.873000025749207E-001
        1.296300053596497
   1.462000012397766E-001
   9.646999835968018E-001
  -4.095000028610230E-001
  -1.764999926090241E-001
   3.777000010013580E-001
  -7.819999754428864E-002
  -3.264999985694885E-001
  -1.032999977469444E-001
  -2.775999903678894E-001
   1.677999943494797E-001
   5.950999855995178E-001
        1.036399960517883
   2.149000018835068E-001
   9.383999705314636E-001
   6.021000146865845E-001
   3.339999914169312E-001
  -8.340000361204147E-002
  -3.607000112533569E-001
  -3.833000063896179E-001
  -8.639000058174133E-001
       -1.189499974250794
  -9.677000045776367E-001
  -5.763000249862671E-001
  -6.305999755859375E-001
  -6.223000288009644E-001
   8.669000267982483E-001
   4.165000021457672E-001
  -8.069000244140625E-001
       -1.407299995422363
  -8.590000271797180E-001
  -2.136999964714050E-001
        1.063899993896484
   4.925999939441681E-001
   5.546000003814697E-001
  -7.469999790191650E-002
        1.336500048637390
  -5.370000004768372E-002
  -1.279999967664480E-002
   9.890000224113464E-001
   4.298000037670136E-001
   3.582000136375427E-001
   1.142999976873398E-001
   4.356999993324280E-001
   7.056000232696533E-001
       -1.044199943542481
       -1.261999964714050
       -1.233299970626831
  -6.177999973297119E-001
  -3.463000059127808E-001
  -2.099999971687794E-002
   6.723999977111816E-001
        1.614500045776367
        1.749600052833557
        1.066900014877319
        1.468000054359436
        1.681300044059753
        1.336899995803833
        1.667400002479553
   9.086999893188477E-001
   5.533999800682068E-001
   6.495000123977661E-001
   7.645999789237976E-001
  -1.077999994158745E-001
   1.985000073909760E-001
   1.809999942779541E-001
   8.147000074386597E-001
   9.774000048637390E-001
  -3.379999846220017E-002
   4.681000113487244E-001
   3.348000049591065E-001
   1.944999992847443E-001
  -3.400000045076013E-003
  -3.858999907970429E-001
  -5.110000073909760E-002
        1.856199979782105
   4.934999942779541E-001
   2.958999872207642E-001
   1.615999937057495E-001
   6.539999842643738E-001
  -6.862000226974487E-001
  -7.312999963760376E-001
  -2.187999933958054E-001
  -3.677000105381012E-001
   1.840000003576279E-001
   3.824000060558319E-001
        1.152199983596802
   8.395000100135803E-001
   2.360000088810921E-002
  -4.598999917507172E-001
  -6.922000050544739E-001
   4.524999856948853E-001
   7.365999817848206E-001
   3.634999990463257E-001
  -2.284000068902969E-001
   6.161000132560730E-001
   3.039000034332275E-001
   4.077999889850617E-001
   3.513999879360199E-001
   4.803999960422516E-001
  -1.794999986886978E-001
  -3.361999988555908E-001
  -9.277999997138977E-001
  -2.572999894618988E-001
   5.389999970793724E-002
  -2.967000007629395E-001
       -1.111899971961975
  -5.437999963760376E-001
  -9.523000121116638E-001
  -8.083999752998352E-001
  -8.235999941825867E-001
  -6.319999694824219E-002
   7.925999760627747E-001
        1.055099964141846
        1.583400011062622
        1.608199954032898
        1.924499988555908
        1.885200023651123
   8.690000176429749E-001
   1.905999928712845E-001
   9.243000149726868E-001
        1.167700052261353
   9.835000038146973E-001
        1.316200017929077
        1.527899980545044
   7.833999991416931E-001
   7.754999995231628E-001
        1.305899977684021
   8.064000010490418E-001
        1.528499960899353
        1.649199962615967
        1.555799961090088
        1.134400010108948
  -9.399999864399433E-003
   9.053999781608582E-001
        1.178799986839294
        1.123700022697449
   5.591999888420105E-001
   9.721999764442444E-001
        1.015499949455261
   2.544000148773193E-001
  -3.698999881744385E-001
  -4.544000029563904E-001
  -9.980999827384949E-001
   1.054000034928322E-001
   4.530999958515167E-001
        1.120100021362305
        1.004600048065186
   3.373000025749207E-001
   9.294999837875366E-001
   2.870999872684479E-001
   2.967000007629395E-001
        1.106099963188171
   4.016000032424927E-001
   1.976999938488007E-001
   3.666000068187714E-001
   5.813000202178955E-001
   1.176000013947487E-001
   1.397999972105026E-001
   9.797000288963318E-001
  -5.164999961853027E-001
  -8.158000111579895E-001
  -8.108999729156494E-001
  -4.036000072956085E-001
  -9.294000267982483E-001
  -7.193999886512756E-001
  -7.544000148773193E-001
  -8.084999918937683E-001
       -1.081799983978272
  -7.328000068664551E-001
       -1.268000006675720
  -7.953000068664551E-001
   1.001999974250794E-001
   8.856999874114990E-001
        2.073999881744385
        2.490799903869629
        2.493499994277954
        2.916199922561646
        1.201699972152710
   6.578999757766724E-001
   6.158000230789185E-001
   8.407999873161316E-001
        1.632500052452087
        1.404999971389771
        1.025699973106384
        1.320000052452087
   7.287999987602234E-001
   8.482000231742859E-001
        1.702000021934509
        1.549700021743774
        2.040800094604492
        1.802299976348877
        1.852599978446960
   8.209000229835510E-001
   6.159999966621399E-001
        1.639899969100952
        1.781800031661987
        1.823600053787231
        1.122599959373474
        1.117200016975403
   2.381000071763992E-001
   4.809999838471413E-002
       -1.086400032043457
   1.208999976515770E-001
   8.827000260353088E-001
   2.437999993562698E-001
   2.097000032663345E-001
   1.712000072002411E-001
   1.682000011205673E-001
  -4.690000116825104E-001
  -1.195999979972839E-001
   7.029999792575836E-002
   6.636000275611877E-001
   2.834999859333038E-001
   8.844000101089478E-001
        1.198899984359741
   9.225000143051148E-001
   1.833000034093857E-001
        1.008700013160706
        1.608700037002564
        1.125499963760376
  -8.508999943733215E-001
       -1.651399970054627
  -8.287000060081482E-001
  -7.304999828338623E-001
  -6.798999905586243E-001
  -7.584000229835510E-001
  -9.139999747276306E-001
   2.372000068426132E-001
  -3.021000027656555E-001
  -8.711000084877014E-001
  -8.601999878883362E-001
   9.070000052452087E-002
        1.203999996185303
        2.146399974822998
        2.154500007629395
        2.073499917984009
        1.271800041198731
        1.236500024795532
   8.833000063896179E-001
   4.151000082492828E-001
        1.145200014114380
        2.744499921798706
        1.437399983406067
        1.061900019645691
        1.237900018692017
   9.663000106811523E-001
        1.420699954032898
        2.160700082778931
        1.860900044441223
        2.211499929428101
   5.612999796867371E-001
   6.833999752998352E-001
        1.677399992942810
   8.889999985694885E-001
        1.775099992752075
        2.097300052642822
        1.877099990844727
        1.501500010490418
   8.072000145912170E-001
   1.730000041425228E-002
  -7.214000225067139E-001
  -8.730000257492065E-001
  -1.556999981403351E-001
  -5.260000005364418E-002
   5.371999740600586E-001
  -2.263000011444092E-001
   3.903000056743622E-001
   3.046999871730804E-001
  -1.333999931812286E-001
   2.354000061750412E-001
  -2.529999986290932E-002
        1.626000046730042
   2.430000007152557E-001
        1.256399989128113
   9.516000151634216E-001
  -2.056999951601028E-001
   2.074999958276749E-001
   4.641999900341034E-001
        1.294000029563904
   6.036000251770020E-001
  -7.159000039100647E-001
       -1.358899950981140
  -8.975999951362610E-001
   6.409999728202820E-002
  -2.912999987602234E-001
  -1.618999987840653E-001
  -5.773000121116638E-001
  -1.017000004649162E-001
  -4.250000119209290E-001
  -9.314000010490418E-001
  -4.760999977588654E-001
   1.950999945402145E-001
        1.341500043869019
        1.702800035476685
        2.624000072479248
        2.791100025177002
        1.783400058746338
        1.758100032806397
        1.326200008392334
        1.064599990844727
        1.466599941253662
        1.679600000381470
        1.366000056266785
        2.073199987411499
        1.135100007057190
        1.007699966430664
        1.646499991416931
        1.948699951171875
        2.066699981689453
        1.806399941444397
        1.345299959182739
        1.077700018882752
        1.039999961853027
   5.058000087738037E-001
   5.814999938011169E-001
   9.448999762535095E-001
        1.753399968147278
   8.400999903678894E-001
   5.146999955177307E-001
  -5.960999727249146E-001
   2.293000072240830E-001
  -1.824000030755997E-001
   3.431000113487244E-001
   2.957000136375427E-001
   1.158000007271767E-001
  -1.130999997258186E-001
   4.270000010728836E-002
  -9.839999675750732E-002
   3.688000142574310E-001
  -7.445999979972839E-001
  -6.560999751091003E-001
        1.318300008773804
        1.178500056266785
   3.786000013351440E-001
  -3.680000081658363E-002
   1.492999941110611E-001
  -1.410000026226044E-001
   8.489999771118164E-001
   7.371000051498413E-001
   4.754000008106232E-001
   5.680999755859375E-001
       -1.117599964141846
  -2.458000034093857E-001
   4.776999950408936E-001
   2.029999941587448E-001
   4.661999940872192E-001
   7.242000102996826E-001
        1.138700008392334
  -9.103999733924866E-001
       -1.206300020217896
   3.777000010013580E-001
   7.386000156402588E-001
   1.703999936580658E-001
        1.423699975013733
        2.130000114440918
        1.903599977493286
        1.788599967956543
        1.007599949836731
  -1.350000035017729E-002
        1.454800009727478
        2.926700115203857
        1.607699990272522
        1.581400036811829
   6.179000139236450E-001
        1.105599999427795
        1.567100048065186
        1.623200058937073
        1.593500018119812
        1.346300005912781
   8.294000029563904E-001
        1.486299991607666
        1.156900048255920
        1.024500012397766
        1.330999970436096
   6.775000095367432E-001
        1.044499993324280
   5.048000216484070E-001
   5.052000284194946E-001
   3.781999945640564E-001
   6.100000068545342E-002
   6.995999813079834E-001
   4.980000108480454E-002
   9.200999736785889E-001
   4.392000138759613E-001
   7.110999822616577E-001
   9.700000286102295E-002
   6.972000002861023E-001
   6.866999864578247E-001
  -3.348000049591065E-001
  -8.799999952316284E-001
  -7.480000257492065E-001
        1.082800030708313
  -2.405000030994415E-001
   7.355999946594238E-001
        1.084499955177307
   6.233000159263611E-001
   2.206999957561493E-001
        1.159299969673157
   3.188999891281128E-001
   3.134999871253967E-001
  -8.310999870300293E-001
   1.077999994158745E-001
   4.128000140190125E-001
   8.850000053644180E-002
   2.398000061511993E-001
   9.236999750137329E-001
        1.152400016784668
        1.000699996948242
  -8.169999718666077E-002
  -9.538000226020813E-001
   3.677000105381012E-001
   5.500000119209290E-001
   6.194000244140625E-001
        1.755499958992004
        2.289400100708008
        1.616500020027161
        1.112599968910217
   4.291999936103821E-001
   5.935000181198120E-001
        1.221899986267090
        2.597899913787842
        2.351900100708008
        1.372300028800964
   2.953000068664551E-001
   3.314000070095062E-001
   9.541000127792358E-001
        1.134899973869324
        1.207000017166138
   4.647000133991242E-001
   8.510000258684158E-002
   2.538999915122986E-001
   7.404000163078308E-001
   2.644999921321869E-001
   9.469000101089478E-001
   1.313000023365021E-001
   2.386000007390976E-001
   1.342000067234039E-001
  -3.546999990940094E-001
  -2.101999968290329E-001
   7.537999749183655E-001
   2.849999964237213E-001
   2.804000079631805E-001
   5.400999784469605E-001
   9.726999998092651E-001
        1.284100055694580
   9.876999855041504E-001
   4.307000041007996E-001
  -1.130000036209822E-002
  -2.574999928474426E-001
  -6.047000288963318E-001
  -9.763000011444092E-001
   6.956999897956848E-001
   6.922000050544739E-001
   6.744999885559082E-001
   5.961999893188477E-001
   7.777000069618225E-001
        1.007200002670288
        1.040699958801270
   9.898999929428101E-001
   4.697000086307526E-001
   3.434999883174896E-001
  -7.899999618530273E-003
   6.733000278472900E-001
   5.594000220298767E-001
        1.009199976921082
   6.096000075340271E-001
   6.481000185012817E-001
   6.999999750405550E-004
   6.218000054359436E-001
   2.419999986886978E-002
   1.489999983459711E-002
   5.360999703407288E-001
   9.901999831199646E-001
        1.310400009155273
        1.774600028991699
        1.488299965858460
   4.774999916553497E-001
  -2.119999937713146E-002
        1.319200038909912
        1.000000000000000
        2.100199937820435
        2.070899963378906
        1.427800059318543
        1.115300059318543
   9.157999753952026E-001
        1.328899979591370
   6.110000014305115E-001
   9.452999830245972E-001
   9.488999843597412E-001
        1.032299995422363
        1.029700040817261
   7.434999942779541E-001
   7.527999877929688E-001
  -1.730000041425228E-002
   4.839999973773956E-002
  -8.916000127792358E-001
  -8.592000007629395E-001
       -1.221400022506714
  -5.486000180244446E-001
   1.071000024676323E-001
  -5.850999951362610E-001
   7.026000022888184E-001
        1.300199985504150
        1.532899975776672
        2.036799907684326
        1.440099954605103
  -1.324999928474426E-001
  -2.155999988317490E-001
  -3.999999898951501E-004
   2.296999990940094E-001
  -1.885000020265579E-001
   5.421000123023987E-001
        1.250800013542175
   9.696999788284302E-001
   4.909999966621399E-001
   3.314000070095062E-001
   6.951000094413757E-001
   5.054000020027161E-001
   9.921000003814697E-001
  -2.569999992847443E-001
  -1.578000038862228E-001
   8.373000025749207E-001
   7.128000259399414E-001
   5.461000204086304E-001
   8.594999909400940E-001
   9.144999980926514E-001
   5.177999734878540E-001
   5.600000172853470E-002
   7.705000042915344E-001
   4.681000113487244E-001
  -4.289999976754189E-002
   6.467999815940857E-001
        1.089400053024292
        1.561699986457825
        1.168499946594238
   4.404000043869019E-001
   6.316000223159790E-001
   3.488999903202057E-001
        1.197100043296814
        1.358199954032898
        2.108799934387207
        1.937100052833557
        1.679399967193604
        1.457200050354004
   6.272000074386597E-001
        1.324300050735474
        1.124899983406067
        1.605800032615662
   7.824000120162964E-001
        1.238700032234192
        1.963999986648560
        1.906399965286255
   3.538999855518341E-001
       -1.053900003433228
  -7.386000156402588E-001
  -8.087000250816345E-001
  -9.502000212669373E-001
  -6.917999982833862E-001
  -1.696999967098236E-001
   1.096000000834465E-001
  -4.715000092983246E-001
   3.567999899387360E-001
   9.384999871253967E-001
   8.320999741554260E-001
        1.206599950790405
   9.728999733924866E-001
        1.090299963951111
   3.299999982118607E-002
  -2.962999939918518E-001
   5.827000141143799E-001
   2.435999959707260E-001
   2.600000007078052E-003
   8.184999823570252E-001
   3.970000147819519E-001
  -2.763999998569489E-001
   3.397000133991242E-001
   3.307999968528748E-001
   1.889999955892563E-002
   3.436000049114227E-001
   6.621999740600586E-001
   3.991999924182892E-001
   4.334999918937683E-001
        1.380200028419495
   8.769999742507935E-001
   7.957000136375427E-001
        1.077800035476685
   8.960000276565552E-001
   8.891999721527100E-001
        1.046399950981140
   4.029000103473663E-001
        1.028200030326843
        1.168799996376038
        1.572900056838989
        1.746299982070923
        1.612499952316284
   3.003000020980835E-001
   1.889999955892563E-002
   1.480000000447035E-002
        1.052999973297119
        1.739300012588501
        1.786999940872192
        1.547000050544739
        1.983199954032898
        2.174900054931641
        1.110999941825867
   8.442999720573425E-001
        1.133399963378906
        1.828699946403503
        2.625699996948242
        1.519099950790405
        1.217399954795837
        1.050300002098084
  -3.657000064849854E-001
  -8.884000182151794E-001
       -1.012599945068359
  -6.074000000953674E-001
  -5.370000004768372E-002
  -5.302000045776367E-001
   8.195000290870667E-001
   4.997000098228455E-001
  -6.136000156402588E-001
  -2.520999908447266E-001
  -7.353000044822693E-001
  -2.316000014543533E-001
   7.727000117301941E-001
        2.134500026702881
        1.837399959564209
        1.384500026702881
   3.964000046253204E-001
   9.180999994277954E-001
   2.784999907016754E-001
  -5.831999778747559E-001
  -3.469999879598618E-002
  -2.484000027179718E-001
  -1.243000030517578E-001
   2.000000029802322E-001
   6.701999902725220E-001
   9.003999829292297E-001
        1.052199959754944
        1.109699964523315
        1.315299987792969
        1.016899943351746
   8.938999772071838E-001
        1.585399985313416
   9.438999891281128E-001
        1.848899960517883
        1.177199959754944
        1.392699956893921
        1.782899975776672
        1.309499979019165
        1.111500024795532
   7.164999842643738E-001
        1.191400051116943
        1.221300005912781
        1.212900042533875
  -2.283000051975250E-001
   7.070000171661377E-001
   2.675000131130219E-001
  -3.390000015497208E-002
   9.132999777793884E-001
        1.308899998664856
        1.431900024414063
        1.611500024795532
        1.495100021362305
        1.037299990653992
        1.444700002670288
   6.326000094413757E-001
        1.765799999237061
        2.215100049972534
        1.912500023841858
        1.534899950027466
   6.488000154495239E-001
  -9.147999882698059E-001
  -8.762999773025513E-001
       -1.880499958992004
       -1.033599972724915
  -8.253999948501587E-001
  -7.983000278472900E-001
   5.045999884605408E-001
   4.171000123023987E-001
  -6.121000051498413E-001
       -1.648900032043457
  -7.146000266075134E-001
  -4.219000041484833E-001
   3.910999894142151E-001
        1.050099968910217
        1.784199953079224
        1.412899971008301
   5.620999932289124E-001
   6.402000188827515E-001
   1.868000030517578E-001
       -1.466099977493286
  -8.169000148773193E-001
  -4.630999863147736E-001
   1.451999992132187E-001
   9.361000061035156E-001
   9.526000022888184E-001
   5.105000138282776E-001
   8.830000162124634E-001
   6.503000259399414E-001
        1.229099988937378
   3.273999989032745E-001
   7.520999908447266E-001
        1.786399960517883
        1.453299999237061
        2.190500020980835
        1.809399962425232
        1.446900010108948
   9.595999717712402E-001
        1.500499963760376
        1.346500039100647
   4.952999949455261E-001
   2.016000002622604E-001
   8.230999708175659E-001
   8.906000256538391E-001
   1.218999996781349E-001
   5.489000082015991E-001
   6.689000129699707E-001
  -6.906999945640564E-001
   1.788000017404556E-001
   3.526999950408936E-001
        1.059399962425232
   4.467999935150147E-001
   2.617000043392181E-001
        1.122400045394898
        1.271999955177307
        1.198500037193298
        1.525900006294251
        1.673900008201599
        1.596400022506714
   9.068999886512756E-001
  -6.316999793052673E-001
       -1.101699948310852
       -1.225700020790100
       -1.310299992561340
       -1.163900017738342
       -1.205000042915344
  -4.381999969482422E-001
  -5.085999965667725E-001
  -4.368999898433685E-001
       -1.481199979782105
       -2.030499935150147
       -1.458600044250488
  -6.065999865531921E-001
   4.469000101089478E-001
   3.043999969959259E-001
   3.925999999046326E-001
   8.151000142097473E-001
        1.350600004196167
   4.980000108480454E-002
  -3.849000036716461E-001
       -1.026600003242493
  -3.569000065326691E-001
  -3.100000089034438E-003
  -2.587999999523163E-001
   7.300000190734863E-001
   8.209999799728394E-001
   2.899000048637390E-001
        1.021800041198731
   9.128999710083008E-001
        1.329900026321411
        1.003399968147278
   7.499999832361937E-003
   6.218000054359436E-001
        1.278900027275085
        1.496899962425232
        1.421700000762940
        1.210999965667725
        1.372099995613098
  -2.775999903678894E-001
   8.820000290870667E-001
   6.348000168800354E-001
        1.009600043296814
   5.442000031471252E-001
   8.141999840736389E-001
   6.582000255584717E-001
   6.029000282287598E-001
   7.759000062942505E-001
  -2.518000006675720E-001
  -2.380000054836273E-001
   3.822999894618988E-001
   1.289999932050705E-001
  -9.499999880790710E-002
   2.017000019550324E-001
   9.585999846458435E-001
        1.590499997138977
        1.220600008964539
        1.644400000572205
        1.064700007438660
   1.604000031948090E-001
   3.057999908924103E-001
       -1.163300037384033
       -1.190500020980835
       -1.460199952125549
       -1.040300011634827
       -1.790599942207336
       -1.528800010681152
       -1.217200040817261
       -1.282400012016296
       -1.567100048065186
       -1.702399969100952
       -1.846600055694580
       -2.284600019454956
       -1.022099971771240
  -1.353999972343445E-001
   9.989999979734421E-002
   4.991999864578247E-001
   3.499999940395355E-001
        1.371500015258789
   2.302999943494797E-001
   3.244999945163727E-001
       -1.008700013160706
   3.301999866962433E-001
   1.407999992370606E-001
  -2.368000000715256E-001
  -2.678999900817871E-001
   8.585000038146973E-001
   8.587999939918518E-001
   9.279000163078308E-001
        1.826699972152710
        1.573300004005432
        1.438099980354309
   2.716999948024750E-001
   5.105000138282776E-001
   8.537999987602234E-001
        1.443400025367737
        1.141899943351746
   6.948000192642212E-001
   1.212999969720841E-001
   3.465000092983246E-001
   4.720999896526337E-001
   1.891999989748001E-001
   1.290999948978424E-001
   9.229999780654907E-002
   3.077000081539154E-001
   7.853000164031982E-001
  -8.299999684095383E-002
  -2.679999917745590E-002
  -7.900000363588333E-002
   1.403000056743622E-001
   6.721000075340271E-001
   5.792999863624573E-001
  -4.160999953746796E-001
   4.769999980926514E-001
   9.839000105857849E-001
        1.042899966239929
        1.761299967765808
   7.178999781608582E-001
        1.131600022315979
   3.258000016212463E-001
   2.457000017166138E-001
  -1.185000017285347E-001
  -9.075999855995178E-001
       -1.934299945831299
       -2.044399976730347
       -1.429800033569336
       -1.443199992179871
       -1.116400003433228
       -1.557700037956238
       -2.029400110244751
       -1.603299975395203
       -1.006500005722046
       -1.983600020408630
  -8.921999931335449E-001
   5.700000002980232E-002
   6.025000214576721E-001
        1.413100004196167
   8.694000244140625E-001
   5.304999947547913E-001
   1.072999984025955E-001
  -9.709999710321426E-002
       -1.075700044631958
  -5.655999779701233E-001
   1.571999937295914E-001
   5.243999958038330E-001
   9.343000054359436E-001
        1.597100019454956
        1.031299948692322
        1.485299944877625
        2.123699903488159
        2.582999944686890
        2.422199964523315
        1.297899961471558
        1.301100015640259
        2.317600011825562
        2.042200088500977
        1.882799983024597
   3.698999881744385E-001
        1.036000013351440
   4.936000108718872E-001
   1.441999971866608E-001
  -1.008000001311302E-001
  -2.175000011920929E-001
  -5.263000130653381E-001
  -6.268000006675720E-001
  -4.304000139236450E-001
  -5.115000009536743E-001
   1.009000018239021E-001
   6.809999793767929E-002
   1.913000047206879E-001
   7.664999961853027E-001
   2.370000071823597E-002
   1.899999976158142E-001
   9.179000258445740E-001
        1.698799967765808
        1.716199994087219
        2.055500030517578
   7.802000045776367E-001
  -1.680999994277954E-001
  -5.536000132560730E-001
       -1.040199995040894
  -6.219999790191650E-001
       -1.304900050163269
       -1.615499973297119
       -1.287700057029724
       -1.572499990463257
       -1.507799983024597
       -1.047199964523315
       -1.340899944305420
       -1.444700002670288
       -1.478800058364868
       -1.638299942016602
       -2.410599946975708
  -8.238000273704529E-001
  -4.059999883174896E-001
   1.158000007271767E-001
  -8.299999870359898E-003
  -3.804000020027161E-001
   3.486999869346619E-001
  -4.050000011920929E-002
  -3.057000041007996E-001
  -3.388000130653381E-001
   3.388999998569489E-001
   1.738000065088272E-001
        1.200000047683716
        1.157699942588806
        1.207999944686890
        1.459300041198731
        1.752099990844727
        1.979799985885620
        2.746099948883057
        2.141400098800659
        1.676200032234192
        1.107100009918213
        1.478299975395203
        2.129899978637695
        1.041700005531311
   7.537000179290772E-001
   5.342000126838684E-001
   9.228000044822693E-001
   7.063999772071838E-001
   4.960000142455101E-002
  -1.199999973177910E-001
  -6.319999694824219E-002
  -8.761000037193298E-001
  -6.815999746322632E-001
   1.360000018030405E-002
   7.272999882698059E-001
   6.644999980926514E-001
   9.569000005722046E-001
   2.074999958276749E-001
  -3.285000026226044E-001
        1.268399953842163
        1.493100047111511
        2.001899957656860
        1.861400008201599
        1.171800017356873
   9.197000265121460E-001
   3.456000089645386E-001
  -9.255999922752380E-001
  -6.130999922752380E-001
  -7.064999938011169E-001
  -6.793000102043152E-001
       -1.168900012969971
  -9.394999742507935E-001
       -1.397600054740906
       -1.569200038909912
       -1.594200015068054
  -9.200000166893005E-001
       -1.353800058364868
       -1.459699988365173
       -1.408400058746338
       -1.673699975013733
       -1.835700035095215
  -7.775999903678894E-001
  -4.465000033378601E-001
  -2.707000076770783E-001
  -6.532999873161316E-001
  -3.858999907970429E-001
  -3.524999916553497E-001
  -6.176999807357788E-001
   2.763999998569489E-001
   3.993999958038330E-001
   9.343000054359436E-001
   8.644999861717224E-001
   9.900000095367432E-001
        1.036700010299683
   9.404000043869019E-001
        1.248100042343140
        2.621700048446655
        2.534300088882446
        2.394799947738648
        1.756500005722046
        1.705600023269653
        1.972399950027466
        1.876500010490418
   8.784999847412109E-001
   2.732000052928925E-001
   3.583000004291534E-001
   3.030999898910523E-001
   9.229000210762024E-001
   5.497000217437744E-001
   4.250000119209290E-001
       -1.133900046348572
  -5.590999722480774E-001
   1.369999945163727E-001
   6.284000277519226E-001
   8.432999849319458E-001
        1.203699946403503
        1.282199978828430
        1.549700021743774
   1.133999973535538E-001
        1.328299999237061
        2.269500017166138
        1.790699958801270
   1.448999941349030E-001
   8.913999795913696E-001
   9.373999834060669E-001
   9.499999694526196E-003
  -3.763999938964844E-001
       -1.222100019454956
       -1.191200017929077
  -8.744999766349793E-001
       -1.135499954223633
  -6.015999913215637E-001
  -6.197999715805054E-001
  -4.923000037670136E-001
   2.727000117301941E-001
   1.474000066518784E-001
  -3.594000041484833E-001
  -4.787000119686127E-001
       -1.286200046539307
       -2.096899986267090
       -1.753700017929077
       -1.095900058746338
  -5.976999998092651E-001
  -2.468000054359436E-001
   5.637999773025513E-001
   5.380000174045563E-002
  -6.305999755859375E-001
       -1.172899961471558
  -6.642000079154968E-001
   2.266000062227249E-001
   8.361999988555908E-001
   9.300000071525574E-001
   9.322000145912170E-001
        1.480499982833862
        1.549700021743774
        1.981799960136414
        1.839100003242493
        1.625499963760376
        1.646199941635132
        1.238899946212769
        1.742100000381470
        1.579900026321411
        1.618499994277954
   2.860000133514404E-001
   6.137999892234802E-001
        1.085399985313416
        1.320899963378906
   9.272999763488770E-001
   3.643000125885010E-001
  -3.734000027179718E-001
  -4.591999948024750E-001
  -5.399000048637390E-001
  -5.630000233650208E-001
   6.262999773025513E-001
   5.698999762535095E-001
   8.051999807357788E-001
   6.157000064849854E-001
   2.840999960899353E-001
   2.419999986886978E-002
   5.357999801635742E-001
        1.261899948120117
   3.948000073432922E-001
  -6.306999921798706E-001
   6.830000132322311E-002
   1.794999986886978E-001
  -9.556000232696533E-001
       -1.226799964904785
       -1.175899982452393
       -1.428500056266785
  -8.805999755859375E-001
  -2.071000039577484E-001
  -2.237000018358231E-001
  -8.399999886751175E-002
  -1.630000025033951E-002
   5.432999730110169E-001
   8.766999840736389E-001
   3.300999999046326E-001
  -1.261000037193298E-001
  -3.515000045299530E-001
       -1.383800029754639
       -1.582200050354004
  -6.480000019073486E-001
  -2.545000016689301E-001
   1.045999974012375E-001
   6.452999711036682E-001
  -3.260000050067902E-001
  -2.352000027894974E-001
  -7.337999939918518E-001
   5.281000137329102E-001
  -6.406999826431274E-001
  -1.864999979734421E-001
   9.567000269889832E-001
   7.692000269889832E-001
   6.520000100135803E-002
        1.021900057792664
        1.611500024795532
        1.820199966430664
   8.768000006675720E-001
   9.671999812126160E-001
        1.212299942970276
        1.473399996757507
        1.450199961662293
        1.720600008964539
   7.626000046730042E-001
   6.155999898910523E-001
        1.327399969100952
        1.526100039482117
        1.184900045394898
   1.422999948263168E-001
  -4.677999913692474E-001
  -7.232999801635742E-001
  -4.490000009536743E-001
  -5.029000043869019E-001
   9.179000258445740E-001
   1.502999961376190E-001
   2.287999987602234E-001
   1.463000029325485E-001
  -1.497000008821487E-001
   3.686000108718872E-001
   2.614000141620636E-001
   6.265000104904175E-001
   1.693000048398972E-001
  -4.650000110268593E-002
  -4.713999927043915E-001
       -1.304999947547913
       -1.488399982452393
       -1.985599994659424
       -2.055900096893311
       -1.852900028228760
       -1.833600044250488
  -9.186000227928162E-001
  -6.875000000000000E-001
       -1.457599997520447
  -6.893000006675720E-001
  -4.422000050544739E-001
  -3.115000128746033E-001
  -5.548999905586243E-001
  -5.004000067710877E-001
  -1.456000059843063E-001
  -4.817000031471252E-001
       -1.150599956512451
  -4.086000025272369E-001
  -6.629999727010727E-002
   6.583999991416931E-001
   7.448999881744385E-001
   1.623000055551529E-001
   7.077999711036682E-001
   1.319999992847443E-002
   1.490000039339066E-001
   1.923999935388565E-001
   3.990000113844872E-002
  -1.984000056982040E-001
   7.279999852180481E-001
   9.678999781608582E-001
   8.762999773025513E-001
        1.667099952697754
        1.313300013542175
        1.845100045204163
        1.764500021934509
        1.309399962425232
        1.897400021553040
        1.995399951934815
        1.727499961853027
        1.193500041961670
        1.231299996376038
        1.207000017166138
        1.643399953842163
   7.828999757766724E-001
   5.820999741554260E-001
  -1.473000049591065E-001
       -1.254699945449829
   1.301999986171722E-001
       -1.052199959754944
  -1.484999954700470E-001
   3.555000126361847E-001
  -6.061999797821045E-001
  -4.630999863147736E-001
       -1.085000038146973
  -1.425999999046326E-001
   5.978000164031982E-001
  -1.793999969959259E-001
  -2.008000016212463E-001
       -1.003399968147278
  -4.099000096321106E-001
       -1.769999980926514
       -2.094199895858765
       -1.599799990653992
       -1.180600047111511
       -1.261000037193298
       -1.502799987792969
       -1.659299969673157
  -4.374000132083893E-001
  -9.898999929428101E-001
  -6.967999935150147E-001
  -4.399000108242035E-001
  -4.063999950885773E-001
   2.021999955177307E-001
   3.429999947547913E-001
   2.921999990940094E-001
  -7.346000075340271E-001
   1.764000058174133E-001
        1.256800055503845
        1.684000015258789
   7.562000155448914E-001
   6.164000034332275E-001
   3.170000016689301E-001
  -9.650000184774399E-002
   6.333000063896179E-001
  -4.800000227987766E-003
   4.738000035285950E-001
   7.082999944686890E-001
        1.246999979019165
        1.434900045394898
   6.402999758720398E-001
   4.598999917507172E-001
   5.903000235557556E-001
   7.536000013351440E-001
   7.799999713897705E-001
        1.896499991416931
        1.305999994277954
        1.143100023269653
        1.747300028800964
        1.655900001525879
        1.827999949455261
        1.820099949836731
        1.302500009536743
        1.635100007057190
        1.007099986076355
   9.535999894142151E-001
  -6.309000253677368E-001
       -1.011999964714050
  -5.830000042915344E-001
  -5.196999907493591E-001
  -4.341999888420105E-001
  -4.916000068187714E-001
  -5.461000204086304E-001
  -3.729000091552734E-001
  -6.440000236034393E-002
  -6.856999993324280E-001
  -4.291000068187714E-001
   3.289000093936920E-001
   1.150000020861626E-001
  -2.964999973773956E-001
       -1.290500044822693
       -1.731999993324280
       -2.047499895095825
       -1.559299945831299
       -1.557800054550171
  -8.824999928474426E-001
       -1.242100000381470
       -1.377699971199036
       -1.220800042152405
       -1.362599968910217
  -8.476999998092651E-001
       -1.609899997711182
  -4.444999992847443E-001
  -2.764999866485596E-001
  -5.142999887466431E-001
   4.870000109076500E-002
  -7.180000096559525E-002
   3.282000124454498E-001
   3.285999894142151E-001
   5.016000270843506E-001
   6.018999814987183E-001
   3.820999860763550E-001
  -3.379999995231628E-001
  -1.696999967098236E-001
   3.644999861717224E-001
  -7.620000094175339E-002
  -4.600999951362610E-001
   4.361000061035156E-001
        1.006399989128113
        1.362100005149841
   9.019999951124191E-002
   6.319000124931335E-001
   6.453999876976013E-001
   7.545999884605408E-001
   2.890999913215637E-001
   6.104999780654907E-001
        1.065000057220459
        1.148200035095215
   9.401000142097473E-001
        1.345499992370606
        1.406299948692322
        1.256100058555603
        1.491099953651428
        1.272799968719482
        1.639099955558777
        1.081599950790405
   7.010000199079514E-002
  -2.220000028610230E-001
   2.459000051021576E-001
  -2.184000015258789E-001
  -1.324000060558319E-001
   4.500000178813934E-002
  -3.080999851226807E-001
       -1.345399975776672
       -1.053300023078919
  -7.167000174522400E-001
  -9.653000235557556E-001
   3.158000111579895E-001
  -4.404999911785126E-001
  -1.659999936819077E-001
       -1.113700032234192
       -1.320099949836731
  -9.478999972343445E-001
       -1.245399951934815
       -2.138099908828735
       -2.060199975967407
  -8.619999885559082E-001
  -3.736999928951263E-001
  -7.699999809265137E-001
       -1.356699943542481
       -1.202900052070618
       -1.019600033760071
  -3.999999898951501E-004
   4.850000143051148E-002
   4.968000054359436E-001
  -1.759999990463257E-001
  -3.472999930381775E-001
   5.267999768257141E-001
   8.643000125885010E-001
        1.218700051307678
   8.554999828338623E-001
  -6.485999822616577E-001
  -7.796999812126160E-001
   4.338000118732452E-001
  -5.480000004172325E-002
  -7.516000270843506E-001
  -7.197999954223633E-001
   4.879999905824661E-002
   5.925999879837036E-001
   5.950000286102295E-001
   4.356000125408173E-001
   1.583999991416931E-001
   2.245000004768372E-001
  -2.750999927520752E-001
  -4.756000041961670E-001
   4.348999857902527E-001
   4.648000001907349E-001
   2.469999939203262E-001
   2.199999988079071E-001
   8.342000246047974E-001
   9.327999949455261E-001
   9.175999760627747E-001
        1.122900009155273
        1.397199988365173
        1.261100053787231
        1.393599987030029
   1.783999949693680E-001
   1.244999989867210E-001
   4.720000177621841E-002
  -3.693000078201294E-001
  -7.667999863624573E-001
  -3.242000043392181E-001
       -1.129899978637695
       -1.768700003623962
  -5.569000244140625E-001
  -5.927000045776367E-001
       -1.321099996566773
   6.000000284984708E-004
  -5.180000066757202E-001
   8.953999876976013E-001
  -3.030999898910523E-001
  -6.790999770164490E-001
  -8.822000026702881E-001
       -1.234300017356873
       -1.680400013923645
       -2.406300067901611
       -1.025599956512451
  -3.350999951362610E-001
  -9.082999825477600E-001
  -3.648999929428101E-001
  -8.241000175476074E-001
  -3.237000107765198E-001
   6.120000034570694E-002
   2.802999913692474E-001
   6.108000278472900E-001
   4.812000095844269E-001
   2.428999990224838E-001
   7.922000288963318E-001
   6.294999718666077E-001
   6.467999815940857E-001
   7.970000058412552E-002
       -1.411000013351440
  -9.969999790191650E-001
  -1.301999986171722E-001
  -4.115000069141388E-001
  -9.108999967575073E-001
   4.309999942779541E-001
   3.851000070571899E-001
   8.956000208854675E-001
   7.160999774932861E-001
   3.670000135898590E-001
   8.259999752044678E-002
   5.898000001907349E-001
   4.119000136852264E-001
  -8.181999921798706E-001
  -5.996000170707703E-001
   2.763999998569489E-001
   8.698999881744385E-001
        1.288699984550476
   8.845999836921692E-001
   8.051999807357788E-001
        1.088199973106384
        1.891199946403503
        1.293099999427795
        1.242900013923645
   7.692999839782715E-001
   4.832000136375427E-001
   2.400999963283539E-001
  -8.439999818801880E-002
  -6.913999915122986E-001
  -6.042000055313110E-001
  -9.897000193595886E-001
       -2.194099903106690
       -1.705199956893921
       -1.390400052070618
  -3.014000058174133E-001
   6.894999742507935E-001
   4.529999941587448E-002
  -3.336000144481659E-001
   8.579999804496765E-001
  -6.399999838322401E-003
   2.710000053048134E-002
  -8.054000139236450E-001
       -1.092900037765503
       -1.817800045013428
       -1.699499964714050
       -1.342900037765503
       -1.215899944305420
       -1.065000057220459
       -1.440700054168701
  -2.185000032186508E-001
  -6.541000008583069E-001
   1.042999997735024E-001
   7.635999917984009E-001
   9.829999804496765E-001
   5.188000202178955E-001
   7.436000108718872E-001
        1.013499975204468
   6.427000164985657E-001
        1.078799962997437
  -2.416999936103821E-001
  -6.000999808311462E-001
  -4.268999993801117E-001
   3.962999880313873E-001
   4.115999937057495E-001
  -1.476999968290329E-001
   5.957000255584717E-001
   9.204000234603882E-001
   8.488000035285950E-001
   7.678999900817871E-001
   7.756000161170960E-001
   6.032000184059143E-001
   5.856000185012817E-001
   4.887000024318695E-001
  -7.056999802589417E-001
  -3.515000045299530E-001
   8.850000053644180E-002
   5.022000074386597E-001
        1.556100010871887
   5.066000223159790E-001
        1.051699995994568
   3.779000043869019E-001
        1.533599972724915
        1.022400021553040
        1.080899953842163
   2.281000018119812E-001
   1.996999979019165E-001
   4.375000000000000E-001
   8.583999872207642E-001
   4.630999863147736E-001
  -2.138999998569489E-001
  -9.329000115394592E-001
       -1.286700010299683
   3.379999846220017E-002
       -1.632599949836731
  -2.295999974012375E-001
   8.866999745368958E-001
   7.778999805450440E-001
   8.209999799728394E-001
        1.501899957656860
   9.682000279426575E-001
   9.780000150203705E-002
  -4.794000089168549E-001
  -9.557999968528748E-001
       -1.671599984169006
       -1.561100006103516
       -1.477599978446960
  -8.399999737739563E-001
       -1.357800006866455
       -1.619400024414063
       -1.268200039863586
  -5.396000146865845E-001
   1.669999957084656E-002
   4.706999957561493E-001
   9.822000265121460E-001
   4.742999970912933E-001
   3.436000049114227E-001
   6.154000163078308E-001
   1.735000014305115E-001
   2.470999956130981E-001
  -3.634000122547150E-001
       -1.467100024223328
       -1.005599975585938
   8.900000154972076E-002
  -4.483000040054321E-001
   2.073000073432922E-001
        1.385499954223633
        1.592599987983704
        1.299100041389465
        1.118700027465820
        1.175799965858460
        1.409399986267090
        1.411100029945374
        1.091500043869019
  -1.360999941825867E-001
  -1.420000046491623E-001
   1.763000041246414E-001
   8.819000124931335E-001
   7.339000105857849E-001
   7.003999948501587E-001
   7.174999713897705E-001
   9.120000004768372E-001
   6.176000237464905E-001
   8.029000163078308E-001
        1.636700034141541
   7.014999985694885E-001
  -4.772000014781952E-001
   3.763999938964844E-001
   6.391000151634216E-001
   2.806999981403351E-001
  -5.095000267028809E-001
       -1.445799946784973
       -1.373999953269959
  -7.551000118255615E-001
   2.619999945163727E-001
   1.622000038623810E-001
   4.921999871730804E-001
   6.363000273704529E-001
   4.250000119209290E-001
        1.079499959945679
        1.700299978256226
        1.414700031280518
   7.587000131607056E-001
  -3.203000128269196E-001
       -1.211500048637390
       -1.170199990272522
  -9.617000222206116E-001
  -2.606000006198883E-001
  -8.651999831199646E-001
  -9.441999793052673E-001
       -1.082800030708313
       -1.054499983787537
  -5.835999846458435E-001
   7.012000083923340E-001
        1.866700053215027
   9.950000047683716E-001
   3.630000054836273E-001
   7.746000289916992E-001
   3.986000120639801E-001
  -1.770000010728836E-001
  -3.599999938160181E-003
  -9.337000250816345E-001
  -6.075000166893005E-001
  -1.879000067710877E-001
  -2.211000025272369E-001
   9.373000264167786E-001
   9.983999729156494E-001
        1.706400036811829
        1.275099992752075
        1.236700057983398
        1.485599994659424
        2.158699989318848
        1.841899991035461
   2.344000041484833E-001
   1.345999985933304E-001
   7.078999876976013E-001
  -8.680000156164169E-002
   4.129999876022339E-001
   3.028999865055084E-001
   6.226000189781189E-001
   2.117999941110611E-001
   2.178999930620194E-001
   2.928000092506409E-001
   2.087000012397766E-001
  -7.050000131130219E-002
   7.875999808311462E-001
   3.310000151395798E-002
   1.307999938726425E-001
  -6.589999794960022E-001
  -3.671999871730804E-001
  -9.366000294685364E-001
       -1.161800026893616
  -8.641999959945679E-001
       -1.162299990653992
  -2.029999941587448E-001
   5.537999868392944E-001
   4.365999996662140E-001
        1.444200038909912
        1.146900057792664
        1.877900004386902
        1.367100000381470
   9.810000061988831E-001
        1.288100004196167
   7.800000160932541E-002
  -4.851999878883362E-001
  -6.310999989509583E-001
   1.171000003814697E-001
   1.871999949216843E-001
  -2.696000039577484E-001
  -6.550999879837036E-001
  -9.990000128746033E-001
  -6.789000034332275E-001
   2.001000046730042E-001
  -7.999999797903001E-004
        1.030400037765503
        1.036200046539307
  -3.998000025749207E-001
  -2.178000062704086E-001
  -3.693000078201294E-001
  -2.576999962329865E-001
  -7.178999781608582E-001
       -1.150599956512451
  -2.422000020742416E-001
  -5.759999901056290E-002
   2.228000015020371E-001
   3.889000117778778E-001
        1.265699982643127
        1.433699965476990
        1.884600043296814
        1.561800003051758
        1.271900057792664
   9.433000087738037E-001
   2.299000024795532E-001
  -1.213999986648560E-001
   2.468000054359436E-001
  -2.870999872684479E-001
   4.483000040054321E-001
   5.497999787330627E-001
   5.254999995231628E-001
   8.453000187873840E-001
   2.426999956369400E-001
  -2.207999974489212E-001
   4.241999983787537E-001
  -5.820000171661377E-002
  -4.794000089168549E-001
   2.106000036001205E-001
   2.782999873161316E-001
  -1.473000049591065E-001
  -3.127000033855438E-001
  -9.049999713897705E-002
  -7.371000051498413E-001
       -1.501999974250794
       -1.190299987792969
       -2.207600116729736
  -8.492000102996826E-001
  -9.399999678134918E-002
   6.754000186920166E-001
        1.261100053787231
        1.110200047492981
        1.556100010871887
        1.636299967765808
  -3.264000117778778E-001
   9.344999790191650E-001
   3.046999871730804E-001
  -9.829999804496765E-001
  -7.321000099182129E-001
   4.781000018119812E-001
   1.186999976634979E-001
       -1.144700050354004
  -7.717000246047974E-001
       -1.057800054550171
       -1.114300012588501
  -4.340000078082085E-002
        1.133399963378906
   7.049000263214111E-001
   7.178999781608582E-001
  -2.942000031471252E-001
  -8.456000089645386E-001
  -4.738999903202057E-001
  -3.982000052928925E-001
  -8.496000170707703E-001
  -3.770000040531158E-001
   2.392999976873398E-001
        1.020200014114380
   3.370999991893768E-001
   5.414000153541565E-001
        1.634299993515015
        1.322499990463257
        1.353700041770935
   4.837999939918518E-001
   6.294000148773193E-001
   6.873000264167786E-001
   2.720000147819519E-001
  -7.734000086784363E-001
   2.615000009536743E-001
  -3.001999855041504E-001
   1.292999982833862E-001
   7.099999785423279E-001
   8.129000067710877E-001
        1.078899979591370
   5.547999739646912E-001
   6.873000264167786E-001
   9.902999997138977E-001
   5.911999940872192E-001
   1.738000065088272E-001
   2.894999980926514E-001
   3.607000112533569E-001
  -4.587999880313873E-001
  -9.758999943733215E-001
       -1.799000024795532
       -1.493399977684021
       -1.782299995422363
       -1.328899979591370
       -1.078999996185303
       -1.207299947738648
   4.571000039577484E-001
   1.876000016927719E-001
   5.856000185012817E-001
   7.077000141143799E-001
   9.406999945640564E-001
   8.985000252723694E-001
   8.289999961853027E-001
   7.014999985694885E-001
  -1.556999981403351E-001
  -4.237999916076660E-001
  -5.059000253677368E-001
   1.536999940872192E-001
  -3.434999883174896E-001
  -8.065000176429749E-001
       -1.015599966049194
  -8.985000252723694E-001
  -8.335000276565552E-001
   5.080000162124634E-001
   5.458999872207642E-001
  -2.269999980926514E-001
  -9.322999715805054E-001
  -9.546999931335449E-001
       -1.065400004386902
  -3.503000140190125E-001
  -9.600000083446503E-002
  -4.729999899864197E-001
        1.056599974632263
        1.142600059509277
   1.638000011444092E-001
   6.794999837875366E-001
   3.136000037193298E-001
        1.434100031852722
        1.450399994850159
        1.064499974250794
   7.220000028610230E-002
  -5.299999713897705E-001
  -8.649999648332596E-002
  -2.038999944925308E-001
  -4.160000011324883E-002
   4.772000014781952E-001
        1.043300032615662
   3.183999955654144E-001
   4.636999964714050E-001
        1.413400053977966
   8.191000223159790E-001
   7.825999855995178E-001
  -1.368999928236008E-001
   1.140000000596046E-001
   5.185999870300293E-001
   6.140999794006348E-001
   1.400000005960465E-001
  -4.681000113487244E-001
  -8.887000083923340E-001
       -1.239699959754944
       -2.484100103378296
       -2.165999889373779
       -2.239000082015991
       -2.749200105667114
       -1.729200005531311
       -1.018000006675720
   1.404999941587448E-001
  -3.258000016212463E-001
   1.803999990224838E-001
   6.833000183105469E-001
   2.757000029087067E-001
   7.250000238418579E-001
        1.042999982833862
   4.879999905824661E-002
  -4.347999989986420E-001
  -2.978999912738800E-001
  -6.316000223159790E-001
  -6.861000061035156E-001
       -1.252900004386902
  -3.858999907970429E-001
  -5.026999711990356E-001
  -3.517999947071075E-001
  -6.750000119209290E-001
  -4.479999840259552E-002
  -1.807000041007996E-001
  -8.309999704360962E-001
  -8.693000078201294E-001
  -8.991000056266785E-001
  -4.652000069618225E-001
   3.165999948978424E-001
        1.077999949455261
        1.073199987411499
        1.011800050735474
   7.199000120162964E-001
   7.727000117301941E-001
   5.005999803543091E-001
  -5.339999794960022E-001
   1.256999969482422E-001
   1.756000071763992E-001
   7.100999951362610E-001
  -5.689999833703041E-002
   1.925999969244003E-001
   4.431999921798706E-001
   6.140000000596046E-002
   8.398000001907349E-001
   7.164999842643738E-001
        1.005800008773804
        1.383999943733215
        1.072199940681458
        1.237800002098084
  -5.009999871253967E-002
  -3.158000111579895E-001
  -4.636000096797943E-001
  -3.239000141620636E-001
  -9.549999833106995E-001
       -1.115800023078919
  -8.819000124931335E-001
       -1.107399940490723
       -1.007400035858154
       -1.621500015258789
       -2.073899984359741
       -2.376800060272217
       -2.305000066757202
       -2.839900016784668
       -2.342200040817261
       -1.669100046157837
  -4.548000097274780E-001
   3.640000149607658E-002
  -1.800000071525574E-001
   3.510000109672546E-001
   5.442000031471252E-001
   3.282999992370606E-001
        1.246299982070923
   9.003000259399414E-001
  -6.660000234842300E-002
   1.097000017762184E-001
   2.053000032901764E-001
  -3.700000047683716E-001
  -8.490999937057495E-001
  -1.208999976515770E-001
  -4.311000108718872E-001
  -7.228000164031982E-001
  -4.350999891757965E-001
  -1.115000024437904E-001
   4.013999998569489E-001
  -8.797000050544739E-001
  -4.124000072479248E-001
  -3.880000114440918E-002
       -1.070500016212463
  -1.600999981164932E-001
        1.271499991416931
        1.725600004196167
        1.274700045585632
   9.187999963760376E-001
   2.558999955654144E-001
  -1.300000003539026E-003
   9.672999978065491E-001
  -4.638999998569489E-001
       -1.185999989509583
  -6.570000201463699E-002
  -1.455000042915344E-001
   3.693000078201294E-001
  -2.229999937117100E-002
  -1.304000020027161E-001
  -2.199999988079071E-001
   5.009999871253967E-001
   3.255999982357025E-001
   9.943000078201294E-001
        1.340800046920776
        1.344499945640564
   2.010000050067902E-001
  -6.859999895095825E-002
       -1.351400017738342
  -6.642000079154968E-001
       -1.400200009346008
       -1.862699985504150
       -1.634999990463257
       -1.554499983787537
       -1.809599995613098
       -1.391899943351746
       -1.730800032615662
  -9.785000085830689E-001
       -1.550799965858460
  -6.597999930381775E-001
  -7.664999961853027E-001
  -8.453999757766724E-001
   2.581000030040741E-001
   9.067999720573425E-001
   6.547999978065491E-001
        1.092000007629395
   8.342000246047974E-001
   4.129999876022339E-001
   3.203000128269196E-001
   9.574999809265137E-001
   8.119000196456909E-001
        1.269500017166138
   8.612999916076660E-001
   3.316999971866608E-001
   3.968000113964081E-001
   1.731999963521957E-001
  -4.945000112056732E-001
  -3.934000134468079E-001
  -7.008000016212463E-001
   2.675999999046326E-001
   1.143999993801117E-001
  -2.852999866008759E-001
  -4.084999859333038E-001
  -6.629999876022339E-001
  -5.735999941825867E-001
  -8.129999786615372E-002
   3.345000147819519E-001
   6.491000056266785E-001
        1.021199941635132
        1.110399961471558
   7.024999856948853E-001
   6.930999755859375E-001
