  -9.926999807357788E-001
  -4.476000070571899E-001
   1.897000074386597E-001
   1.159000024199486E-001
   2.134999930858612E-001
   1.271000057458878E-001
  -3.657999932765961E-001
   3.569999933242798E-001
  -4.820000007748604E-002
  -1.388999968767166E-001
  -5.119000077247620E-001
  -1.475999951362610E-001
  -7.272999882698059E-001
   1.049000024795532E-001
   1.911000013351440E-001
   2.433999925851822E-001
   1.090999990701675E-001
  -1.307999938726425E-001
  -9.171000123023987E-001
   9.399999678134918E-002
        1.198300004005432
        1.273300051689148
        1.865100026130676
        2.158200025558472
        2.562799930572510
        1.711699962615967
   9.865999817848206E-001
        2.204299926757813
        1.933099985122681
        1.268800020217896
        1.761899948120117
        1.019199967384338
   5.313000082969666E-001
   2.485000044107437E-001
   9.889000058174133E-001
   5.360000133514404E-001
   2.899999916553497E-002
   4.327000081539154E-001
  -4.284000098705292E-001
        1.195700049400330
   9.218999743461609E-001
   5.949000120162964E-001
   9.669999778270721E-002
   3.185999989509583E-001
   7.559999823570252E-001
   4.239999875426292E-002
   4.573999941349030E-001
        1.262099981307983
        1.359300017356873
        1.650300025939941
   8.213000297546387E-001
   6.553999781608582E-001
  -2.989000082015991E-001
  -4.171999990940094E-001
       -1.070299983024597
   2.374999970197678E-001
   7.519999891519547E-002
   7.767999768257141E-001
  -4.960000142455101E-002
  -1.307000070810318E-001
   2.088000029325485E-001
  -7.469999790191650E-002
  -1.191999986767769E-001
   7.759000062942505E-001
   4.444000124931335E-001
   3.070000112056732E-001
   2.527000010013580E-001
  -7.990999817848206E-001
  -2.574999928474426E-001
  -9.865999817848206E-001
       -1.043400049209595
  -1.319999992847443E-001
  -3.388000130653381E-001
  -8.209999650716782E-002
   7.983000278472900E-001
   4.964999854564667E-001
   3.303999900817871E-001
   8.579999804496765E-001
   6.484000086784363E-001
   7.404000163078308E-001
   7.378000020980835E-001
        1.183500051498413
        1.665699958801270
        1.633499979972839
        1.981699943542481
        1.811599969863892
        1.897799968719482
        1.883100032806397
   6.883999705314636E-001
   9.409999847412109E-001
        1.499199986457825
        1.018399953842163
   8.944000005722046E-001
   4.947000145912170E-001
   5.443999767303467E-001
   7.917000055313110E-001
        1.538200020790100
   2.457000017166138E-001
  -2.399999946355820E-001
   8.996000289916992E-001
        1.134400010108948
   2.349999919533730E-002
   4.153999984264374E-001
   5.638999938964844E-001
   2.046999931335449E-001
   5.020000040531158E-002
   5.846999883651733E-001
   8.986999988555908E-001
        1.349400043487549
        1.606699943542481
        1.411000013351440
   7.764000296592712E-001
   4.891999959945679E-001
  -1.307999938726425E-001
  -3.714999854564667E-001
   9.236999750137329E-001
   4.445999860763550E-001
        1.406800031661987
   7.159000039100647E-001
  -6.909999996423721E-002
  -4.650000110268593E-002
  -4.832000136375427E-001
   4.415000081062317E-001
   8.955000042915344E-001
        1.876700043678284
        1.902199983596802
   1.764999926090241E-001
  -1.221000030636787E-001
  -8.363999724388123E-001
  -9.991999864578247E-001
  -5.643000006675720E-001
  -4.501000046730042E-001
  -2.040000073611736E-002
   3.050000071525574E-001
   9.535999894142151E-001
  -2.890000045299530E-001
        1.078199982643127
   9.480999708175659E-001
        1.142099976539612
        1.400400042533875
        1.347000002861023
        1.490900039672852
        1.757799983024597
        1.010100007057190
   8.657000064849854E-001
   8.482000231742859E-001
        1.213999986648560
   5.957999825477600E-001
        1.057899951934815
   8.906999826431274E-001
   7.301999926567078E-001
        1.304999947547913
        1.232399940490723
   2.437999993562698E-001
   3.240999877452850E-001
   7.099000215530396E-001
        1.128399968147278
   7.192999720573425E-001
   7.919999957084656E-002
   8.062999844551086E-001
        1.663200020790100
   3.422999978065491E-001
  -5.917999744415283E-001
  -6.154999732971191E-001
   4.041999876499176E-001
        1.251299977302551
        1.597100019454956
        1.062600016593933
        1.615900039672852
        1.414499998092651
   8.716999888420105E-001
        1.180699944496155
        1.082800030708313
        1.172700047492981
   7.091000080108643E-001
        1.954399943351746
        1.729699969291687
        1.279600024223328
        1.321499943733215
   2.052000015974045E-001
   5.220000147819519E-001
   9.333000183105469E-001
  -3.199999919161201E-003
        1.850999951362610
        2.464400053024292
        2.389100074768066
        1.684399962425232
   3.736000061035156E-001
  -1.858000010251999E-001
   6.289999932050705E-002
  -3.574999868869782E-001
  -3.808999955654144E-001
   6.155999898910523E-001
   3.677000105381012E-001
   5.536000132560730E-001
   5.770000070333481E-002
        1.032799959182739
   5.476999878883362E-001
        1.753900051116943
        2.346499919891357
        1.913699984550476
        1.309599995613098
        1.779000043869019
        1.310600042343140
   9.013000130653381E-001
   7.328000068664551E-001
   2.349999994039536E-001
        1.100100040435791
   8.496000170707703E-001
   6.050999760627747E-001
        1.386600017547607
   6.590999960899353E-001
   4.061000049114227E-001
   3.754000067710877E-001
   6.751999855041504E-001
   3.486000001430512E-001
   6.625000238418579E-001
   2.939999997615814E-001
   8.090000152587891E-001
   4.905999898910523E-001
   7.110000252723694E-001
   3.781999945640564E-001
  -6.037999987602234E-001
  -1.595000028610230E-001
   9.613999724388123E-001
        1.233100056648254
        1.466899991035461
        1.110599994659424
        1.041900038719177
        1.448400020599365
        1.745200037956238
        1.110700011253357
   4.392000138759613E-001
        1.130100011825562
        1.644400000572205
        1.731500029563904
        1.710399985313416
   9.401999711990356E-001
   4.598000049591065E-001
   1.396999955177307E-001
   4.783999919891357E-001
   6.058999896049500E-001
   5.889000296592712E-001
        1.625200033187866
        1.961400032043457
        2.080699920654297
        1.779700040817261
        1.088700056076050
   9.053000211715698E-001
   3.623000085353851E-001
   2.027000039815903E-001
  -3.237999975681305E-001
   9.769999980926514E-002
  -1.128999963402748E-001
  -2.599999904632568E-001
   3.379999995231628E-001
   3.413999974727631E-001
   9.808999896049500E-001
        1.111199975013733
        1.461400032043457
        2.022200107574463
        1.589699983596802
        1.499799966812134
   9.247000217437744E-001
        1.185099959373474
   6.603000164031982E-001
   5.625000000000000E-001
  -3.054000139236450E-001
   1.789999939501286E-002
   4.555999934673309E-001
   5.429000258445740E-001
        1.024099946022034
   2.536999881267548E-001
  -9.459999948740006E-002
   4.016999900341034E-001
   5.503000020980835E-001
   8.633000254631043E-001
   8.110000193119049E-002
   9.100000374019146E-003
   6.506999731063843E-001
        1.217200040817261
   5.752999782562256E-001
   4.616999924182892E-001
   1.752000004053116E-001
   2.673000097274780E-001
   1.606999933719635E-001
   6.984000205993652E-001
        1.173400044441223
   5.285999774932861E-001
        1.052199959754944
        1.250399947166443
        1.339599967002869
        1.027500033378601
        1.423099994659424
        1.712900042533875
        2.157700061798096
        1.054800033569336
   7.734000086784363E-001
   1.808000057935715E-001
   2.466000020503998E-001
   5.177000164985657E-001
   9.208999872207642E-001
        1.001000046730042
        1.461699962615967
   9.426000118255615E-001
        1.856999993324280
        1.912299990653992
        2.176599979400635
        1.673300027847290
        1.056200027465820
   8.806999921798706E-001
   8.159000277519226E-001
   1.678999960422516E-001
       -1.302800059318543
   2.720000036060810E-002
   6.431000232696533E-001
  -4.120000079274178E-002
   2.703000009059906E-001
   4.122999906539917E-001
   6.488000154495239E-001
        1.251099944114685
   8.027999997138977E-001
   9.322000145912170E-001
   9.332000017166138E-001
        1.093000054359436
   8.713999986648560E-001
  -5.911999940872192E-001
  -6.323999762535095E-001
  -9.390000253915787E-002
   6.486999988555908E-001
  -5.200000107288361E-002
   4.313000142574310E-001
   7.713000178337097E-001
   6.434000134468079E-001
   1.807000041007996E-001
   5.722000002861023E-001
        1.882699966430664
   9.291999936103821E-001
        1.396700024604797
        1.118000030517578
   5.792000293731690E-001
   4.302999973297119E-001
  -1.387999951839447E-001
  -8.820000290870667E-002
   4.187000095844269E-001
   2.223999947309494E-001
   6.517000198364258E-001
   1.974000036716461E-001
   5.142999887466431E-001
   8.952000141143799E-001
        1.800699949264526
        1.735299944877625
        2.474499940872192
        2.667399883270264
        2.181200027465820
        2.360800027847290
        1.895400047302246
   4.395000040531158E-001
  -8.959999680519104E-002
   1.330000013113022E-001
   8.712000250816345E-001
   5.726000070571899E-001
   6.884999871253967E-001
   7.297000288963318E-001
   5.620999932289124E-001
        1.573899984359741
        2.147599935531616
        2.301300048828125
        1.083600044250488
   9.775999784469605E-001
   5.899000167846680E-001
   7.818999886512756E-001
   4.147000014781952E-001
  -5.726000070571899E-001
  -8.079999685287476E-002
   1.484999954700470E-001
  -1.865999996662140E-001
  -8.306000232696533E-001
   2.949999868869782E-001
  -1.005000025033951E-001
   4.684000015258789E-001
   5.509999990463257E-001
        1.116299986839294
        1.418900012969971
        1.081099987030029
   5.232999920845032E-001
  -2.045000046491623E-001
  -1.797000020742416E-001
   7.196999788284302E-001
        1.018300056457520
  -3.373000025749207E-001
  -7.666000127792358E-001
  -1.347000002861023E-001
  -1.659999936819077E-001
   2.250000089406967E-002
   5.576999783515930E-001
   9.099000096321106E-001
        1.264500021934509
        1.493899941444397
        1.343799948692322
        1.125800013542175
   9.901999831199646E-001
   6.784999966621399E-001
   7.810000330209732E-002
   2.800000086426735E-002
  -2.096000015735626E-001
   3.648999929428101E-001
   7.081000208854675E-001
  -2.642999887466431E-001
   2.407000064849854E-001
        1.723099946975708
        2.504199981689453
        3.430599927902222
        3.428299903869629
        3.184700012207031
        2.436700105667114
        1.921599984169006
        1.405699968338013
        1.193600058555603
        1.145200014114380
   4.117000102996826E-001
   4.742999970912933E-001
   4.562000036239624E-001
   8.252000212669373E-001
   8.152999877929688E-001
        1.054000020027161
        1.561100006103516
        1.475600004196167
        1.145599961280823
        1.383200049400330
   6.498000025749207E-001
   6.596999764442444E-001
   1.526000052690506E-001
  -1.181000024080277E-001
   4.603999853134155E-001
   6.592000126838684E-001
   1.900999993085861E-001
   2.655999958515167E-001
  -2.441000044345856E-001
        1.147300004959106
   7.214000225067139E-001
        1.097800016403198
        1.232599973678589
        2.638000011444092
        1.610200047492981
        1.283599972724915
   5.174000263214111E-001
   3.040000051259995E-002
  -4.961000084877014E-001
   4.832000136375427E-001
  -3.120999932289124E-001
  -7.102000117301941E-001
  -5.012000203132629E-001
  -7.953000068664551E-001
  -7.623999714851379E-001
   1.137000024318695E-001
   7.124999761581421E-001
        1.104699969291687
   7.355999946594238E-001
        1.617699980735779
        1.292500019073486
   3.899999856948853E-001
   6.851999759674072E-001
        1.023499965667725
   7.110999822616577E-001
   6.126999855041504E-001
        1.116500020027161
        2.042700052261353
   3.752999901771545E-001
   5.630999803543091E-001
        1.232499957084656
        1.418900012969971
        2.555399894714356
        3.110599994659424
        3.053900003433228
        2.279299974441528
        2.921200037002564
        2.163899898529053
        1.603099942207336
        1.354099988937378
        1.018900036811829
        1.248399972915649
   7.706000208854675E-001
   2.913999855518341E-001
   9.093000292778015E-001
   4.539999961853027E-001
        1.839699983596802
        1.398300051689148
   5.920000001788139E-002
  -1.010000035166740E-001
   4.605000019073486E-001
   1.500000013038516E-003
   1.347000002861023E-001
   3.508000075817108E-001
   1.200000010430813E-002
   9.419000148773193E-001
   5.167000293731690E-001
  -3.504000008106232E-001
  -2.140000015497208E-001
   5.450000166893005E-001
   6.610999703407288E-001
   9.958000183105469E-001
        1.574000000953674
        2.284499883651733
        2.121000051498413
        1.255499958992004
   2.899000048637390E-001
   2.816999852657318E-001
  -1.682000011205673E-001
   2.619999945163727E-001
  -4.505000114440918E-001
  -7.059999704360962E-001
       -1.018800020217896
  -3.644999861717224E-001
  -7.500000000000000E-001
   4.419999942183495E-002
  -1.384000033140183E-001
   7.775999903678894E-001
        1.220600008964539
   3.310000002384186E-001
   2.425000071525574E-001
   1.649999991059303E-002
   3.501000106334686E-001
        1.337800025939941
   9.929000139236450E-001
        1.418699979782105
        1.281100034713745
        1.862300038337708
        1.056100010871887
   6.614000201225281E-001
   9.047999978065491E-001
        1.472300052642822
        1.678300023078919
        2.432199954986572
        2.408499956130981
        1.655699968338013
        1.454399943351746
        1.235299944877625
   8.255000114440918E-001
   4.483000040054321E-001
        1.090299963951111
        2.008500099182129
        1.361700057983398
   2.309000045061112E-001
  -5.085999965667725E-001
   9.064999818801880E-001
   5.450999736785889E-001
   5.562999844551086E-001
  -2.667999863624573E-001
   6.210000067949295E-002
        1.477900028228760
   2.074999958276749E-001
  -5.850999951362610E-001
   4.560000076889992E-002
   5.198000073432922E-001
  -2.408999949693680E-001
  -5.740000009536743E-001
  -8.319000005722046E-001
  -7.049000263214111E-001
   7.639999687671661E-002
        1.111799955368042
        1.513399958610535
        1.725299954414368
        1.606799960136414
        1.488499999046326
   6.962000131607056E-001
   3.433000147342682E-001
   2.389000058174133E-001
  -1.449999958276749E-001
       -1.061599969863892
  -4.120000004768372E-001
   9.960000216960907E-002
  -9.233000278472900E-001
       -1.258499979972839
       -1.114599943161011
  -3.605000078678131E-001
       -1.293900012969971
  -2.131000012159348E-001
   6.658999919891357E-001
   1.773999929428101E-001
   7.138000130653381E-001
        1.343600034713745
   8.831999897956848E-001
        1.910799980163574
        1.259699940681458
        1.748399972915649
        1.274399995803833
        1.144500017166138
   7.822999954223633E-001
   1.970999985933304E-001
   7.523999810218811E-001
        1.494600057601929
        1.297500014305115
        1.215499997138977
        1.250699996948242
   8.256999850273132E-001
  -4.393999874591827E-001
   2.840000092983246E-001
   5.921999812126160E-001
  -6.126000285148621E-001
   9.717000126838684E-001
        2.223700046539307
        1.344099998474121
        1.149799942970276
  -2.207999974489212E-001
  -8.536000251770020E-001
  -2.971000075340271E-001
   5.279999971389771E-001
   7.203999757766724E-001
   6.157000064849854E-001
        1.252300024032593
        1.083099961280823
   5.367000102996826E-001
  -2.910000085830689E-001
   7.050000131130219E-002
  -6.567000150680542E-001
  -9.251000285148621E-001
       -1.885400056838989
  -6.462000012397766E-001
  -5.182999968528748E-001
        1.079100012779236
        1.746899962425232
        1.328199982643127
        1.537799954414368
   6.827999949455261E-001
        1.164499998092651
   2.926999926567078E-001
   1.798000037670136E-001
   5.741999745368958E-001
  -3.373000025749207E-001
  -8.306999802589417E-001
  -1.124999970197678E-001
  -7.286999821662903E-001
       -1.872200012207031
  -3.600000143051148E-001
  -7.520999908447266E-001
  -3.506000041961670E-001
  -8.131999969482422E-001
   2.538999915122986E-001
   2.976999878883362E-001
   3.856999874114990E-001
        1.522500038146973
        1.137300014495850
   9.808999896049500E-001
        1.139799952507019
        1.074300050735474
        1.354200005531311
        1.050999999046326
   9.595000147819519E-001
   2.560000121593475E-001
   2.603999972343445E-001
        1.411100029945374
   6.893000006675720E-001
   2.452999949455261E-001
   3.228999972343445E-001
  -2.795000076293945E-001
   5.461999773979187E-001
  -6.236000061035156E-001
  -9.350000321865082E-002
   3.754000067710877E-001
   4.426000118255615E-001
        1.171100020408630
        1.204300045967102
   6.111000180244446E-001
  -3.129000067710877E-001
  -6.719999909400940E-001
  -3.131999969482422E-001
   5.548999905586243E-001
        2.299599885940552
        1.367200016975403
        1.300400018692017
   2.827000021934509E-001
   9.038000106811523E-001
  -3.966999948024750E-001
  -6.870999932289124E-001
  -9.492999911308289E-001
       -1.155300021171570
       -1.921399950981140
       -1.945299983024597
  -2.390000037848949E-002
   6.342999935150147E-001
        1.312600016593933
        1.340199947357178
        1.882699966430664
        1.259199976921082
        1.072199940681458
  -1.810000091791153E-002
   1.292999982833862E-001
  -7.220000028610230E-002
  -9.433000087738037E-001
   3.273000121116638E-001
  -3.413999974727631E-001
  -9.884999990463257E-001
       -1.119199991226196
  -9.168999791145325E-001
  -6.452999711036682E-001
       -1.095999956130981
       -1.295699954032898
  -3.930999934673309E-001
  -2.416000068187714E-001
   8.105999827384949E-001
        2.096100091934204
        1.920400023460388
        1.294899940490723
        1.680099964141846
        1.343299984931946
   9.509999752044678E-001
        1.855800032615662
   1.915999948978424E-001
   3.677999973297119E-001
   5.968000292778015E-001
   5.090000033378601E-001
   6.983000040054321E-001
   3.476000130176544E-001
  -4.300999939441681E-001
  -3.177999854087830E-001
       -1.002400040626526
       -1.281000018119812
   1.116999983787537E-001
   8.784999847412109E-001
   5.174000263214111E-001
   6.030000001192093E-002
   5.130000114440918E-001
   1.797000020742416E-001
  -6.377000212669373E-001
  -4.490000009536743E-001
   3.294999897480011E-001
   7.779999971389771E-001
        1.299399971961975
   3.500000014901161E-002
   3.720000088214874E-001
  -6.089999899268150E-002
   4.745000004768372E-001
   8.560000360012054E-002
   6.960000097751617E-002
   1.585000008344650E-001
       -1.118600010871887
       -1.642500042915344
       -1.463400006294251
  -5.041999816894531E-001
   6.141999959945679E-001
   7.189000248908997E-001
        1.142699956893921
        1.039100050926209
   4.519999921321869E-001
        1.119099974632263
        1.103199958801270
        1.393700003623962
  -1.418000012636185E-001
  -8.952000141143799E-001
  -3.912000060081482E-001
  -3.978999853134155E-001
       -1.401700019836426
       -1.597300052642822
       -1.355100035667419
       -1.294600009918213
  -5.295000076293945E-001
  -7.232000231742859E-001
   3.860000148415566E-002
   3.449000120162964E-001
        1.143000006675720
        1.762699961662293
        2.386899948120117
        1.706200003623962
        1.844300031661987
        1.654999971389771
        1.467599987983704
        1.484599947929382
   7.297000288963318E-001
        1.100900053977966
   1.943999975919724E-001
  -4.668000042438507E-001
  -1.492999941110611E-001
  -3.231000006198883E-001
   4.960000142455101E-002
  -2.576999962329865E-001
  -7.123000025749207E-001
  -9.284999966621399E-001
  -4.185999929904938E-001
   1.171000003814697E-001
  -2.698999941349030E-001
  -5.141000151634216E-001
  -5.780000090599060E-001
  -7.146000266075134E-001
  -1.550000011920929E-001
   5.861999988555908E-001
   6.550999879837036E-001
        1.269500017166138
        1.198899984359741
  -5.249999836087227E-002
   2.117000073194504E-001
   8.290000259876251E-002
   8.215000033378601E-001
   1.115999966859818E-001
   9.797999858856201E-001
   3.940000012516975E-002
  -4.101999998092651E-001
  -5.637000203132629E-001
  -7.000000216066837E-003
   5.223000049591065E-001
        1.205899953842163
   2.578000128269196E-001
   7.350000143051148E-001
   4.589000046253204E-001
   7.606999874114990E-001
   6.248000264167786E-001
   9.279000163078308E-001
        1.048099994659424
  -4.399999976158142E-003
   1.001000031828880E-001
  -4.781999886035919E-001
  -8.729000091552734E-001
       -1.588899970054627
       -1.612300038337708
       -1.375699996948242
  -6.466000080108643E-001
  -2.896000146865845E-001
   4.762000143527985E-001
   2.533000111579895E-001
   8.216000199317932E-001
   6.140999794006348E-001
        1.021800041198731
        1.485000014305115
        1.651100039482117
        1.093400001525879
        1.538300037384033
        2.294399976730347
        1.344400048255920
        1.453199982643127
        2.247400045394898
        1.319599986076355
  -1.335999965667725E-001
   4.844000041484833E-001
  -4.839999973773956E-002
  -9.350000321865082E-002
  -7.854999899864197E-001
  -7.825999855995178E-001
  -4.210999906063080E-001
  -6.035000085830689E-001
   6.379999965429306E-002
       -2.114300012588501
       -1.931699991226196
       -1.299000024795532
  -4.451000094413757E-001
   1.806000024080277E-001
   5.281999707221985E-001
   1.780000030994415E-001
        1.451099991798401
        1.414800047874451
        1.496199965476990
   8.471999764442444E-001
   6.546000242233276E-001
   1.189000010490418E-001
   6.801000237464905E-001
   2.649999856948853E-001
  -2.324000000953674E-001
   3.379999846220017E-002
   5.601999759674072E-001
  -1.696999967098236E-001
   3.373999893665314E-001
  -1.492999941110611E-001
   1.620000004768372E-001
  -1.313000023365021E-001
  -1.107999980449677E-001
  -2.978999912738800E-001
   2.847999930381775E-001
   4.767999947071075E-001
   4.129000008106232E-001
   6.006000041961670E-001
  -7.267000079154968E-001
  -6.025999784469605E-001
  -6.248999834060669E-001
  -6.003000140190125E-001
       -1.099200010299683
       -1.478299975395203
       -1.312800049781799
  -2.944999933242798E-001
   6.722999811172485E-001
        1.632599949836731
   9.146000146865845E-001
  -8.389999717473984E-002
   1.659999974071980E-002
   6.373000144958496E-001
   5.526000261306763E-001
        1.047799944877625
        1.809000015258789
        2.230900049209595
        1.227300047874451
        1.086400032043457
        2.274300098419190
   9.617999792098999E-001
   9.632999897003174E-001
        1.064399957656860
   4.869000017642975E-001
  -2.401999980211258E-001
  -4.384000003337860E-001
  -7.993000149726868E-001
  -8.888000249862671E-001
  -5.404000282287598E-001
  -4.629999995231628E-001
       -2.732300043106079
       -1.804900050163269
       -1.561900019645691
  -7.968000173568726E-001
   1.044000014662743E-001
  -1.664000004529953E-001
   3.903999924659729E-001
        1.245100021362305
        1.329800009727478
        1.026600003242493
   5.900999903678894E-001
   2.908999919891357E-001
   2.757000029087067E-001
   3.050000034272671E-002
   2.773999869823456E-001
   5.170999765396118E-001
   2.296999990940094E-001
   6.409999728202820E-002
   2.360000088810921E-002
  -2.019999921321869E-002
   1.190999969840050E-001
  -2.444999963045120E-001
  -5.769000053405762E-001
  -6.087999939918518E-001
  -1.072999984025955E-001
  -2.083999961614609E-001
   1.102000027894974E-001
  -6.715000271797180E-001
   3.443999886512756E-001
   8.205000162124634E-001
   6.455000042915344E-001
  -5.967000126838684E-001
  -5.728999972343445E-001
       -1.414999961853027
  -7.825000286102295E-001
  -2.746999859809876E-001
  -7.689999788999558E-002
   5.009999871253967E-001
        1.569800019264221
        1.411599993705750
   1.460999995470047E-001
   2.361000031232834E-001
   2.465000003576279E-001
   7.477999925613403E-001
        1.479099988937378
        2.094099998474121
        1.691400051116943
   9.854999780654907E-001
   2.309999987483025E-002
        1.311300039291382
        2.256900072097778
        2.007800102233887
   8.540999889373779E-001
  -2.633000016212463E-001
  -5.266000032424927E-001
  -9.139000177383423E-001
  -3.515000045299530E-001
  -6.384999752044678E-001
  -1.525000035762787E-001
  -7.220000028610230E-001
       -2.842600107192993
       -2.578000068664551
       -2.768199920654297
       -1.402899980545044
   3.928000032901764E-001
   6.290000081062317E-001
        1.421599984169006
   9.088000059127808E-001
   2.354999929666519E-001
   7.009000182151794E-001
   7.638999819755554E-001
  -3.213999867439270E-001
   3.824000060558319E-001
  -5.999999865889549E-002
   1.286000013351440E-001
   3.201999962329865E-001
  -2.935000061988831E-001
  -5.523999929428101E-001
   2.251999974250794E-001
  -7.468000054359436E-001
  -7.516999840736389E-001
  -3.829999864101410E-001
   1.920000091195107E-002
  -2.529999986290932E-002
       -1.042500019073486
   5.314000248908997E-001
   7.161999940872192E-001
  -1.847999989986420E-001
   4.947000145912170E-001
   7.738999724388123E-001
        1.437500000000000
   6.671000123023987E-001
  -9.193999767303467E-001
  -7.638999819755554E-001
  -2.462999969720841E-001
  -7.026000022888184E-001
   8.622000217437744E-001
   7.107999920845032E-001
   5.303000211715698E-001
   7.537000179290772E-001
  -1.718000024557114E-001
   1.792999953031540E-001
  -1.787000000476837E-001
        1.144600033760071
        1.887400031089783
        1.128200054168701
        1.713000059127808
   6.550999879837036E-001
   9.840000271797180E-001
   8.916000127792358E-001
   8.683000206947327E-001
        1.523499965667725
   5.159000158309937E-001
  -7.169999927282333E-002
       -2.004100084304810
       -1.793300032615662
  -1.591999977827072E-001
  -5.421000123023987E-001
  -5.655000209808350E-001
       -1.243800044059753
       -1.352200031280518
       -1.683699965476990
       -1.147899985313416
       -1.149700045585632
  -7.584000229835510E-001
   5.648999810218811E-001
        1.058500051498413
        1.006500005722046
   2.098000049591065E-001
   6.383000016212463E-001
   3.558999896049500E-001
  -2.011999934911728E-001
   8.888999819755554E-001
  -2.058999985456467E-001
   9.489999711513519E-002
   5.699999928474426E-001
   3.612000048160553E-001
   5.569000244140625E-001
   3.975999951362610E-001
   3.551999926567078E-001
  -6.490000337362289E-002
  -5.389000177383423E-001
   9.279999881982803E-002
  -1.141000017523766E-001
  -7.089999914169312E-001
  -8.340000361204147E-002
   9.254000186920166E-001
        1.251000046730042
        1.186900019645691
        1.183799982070923
   4.731999933719635E-001
        1.351999998092651
  -6.729999929666519E-002
       -1.100000023841858
  -1.572999954223633E-001
  -1.405999958515167E-001
   3.783000111579895E-001
   6.205999851226807E-001
        1.177199959754944
   5.870000123977661E-001
   4.850000143051148E-002
  -3.979999944567680E-002
   4.539999961853027E-001
   8.140000104904175E-001
        1.954399943351746
        2.085799932479858
        1.446099996566773
        1.364799976348877
        1.281700015068054
   4.957999885082245E-001
  -4.357999861240387E-001
   5.733000040054321E-001
   1.675000041723251E-001
  -9.927999973297119E-001
  -7.397000193595886E-001
  -9.235000014305115E-001
  -5.411000251770020E-001
  -4.526000022888184E-001
       -1.211400032043457
  -6.901999711990356E-001
       -1.242799997329712
       -1.134500026702881
       -1.640400052070618
       -1.511299967765808
  -8.266000151634216E-001
   1.513999998569489E-001
  -6.539999693632126E-002
   1.306000053882599E-001
  -5.739999935030937E-002
  -6.908000111579895E-001
  -9.021000266075134E-001
  -6.898999810218811E-001
   6.477000117301941E-001
   7.447000145912170E-001
   9.129999876022339E-001
  -2.407000064849854E-001
   7.940000295639038E-001
   7.336000204086304E-001
  -2.499999944120646E-003
  -2.597999870777130E-001
   7.581999897956848E-001
   1.729000061750412E-001
  -3.109999932348728E-002
   3.889000117778778E-001
  -2.899999916553497E-002
   4.659000039100647E-001
        1.495399951934815
        1.294899940490723
   8.499000072479248E-001
   9.289000034332275E-001
   8.027999997138977E-001
   1.973000019788742E-001
   9.122999906539917E-001
   2.319999970495701E-002
   5.357999801635742E-001
   4.122999906539917E-001
  -5.611000061035156E-001
  -3.689999878406525E-002
  -5.750000104308128E-002
   8.557999730110169E-001
        1.322100043296814
        1.230200052261353
   4.623999893665314E-001
   7.843999862670898E-001
   8.309999704360962E-001
        1.862699985504150
        1.326200008392334
        1.455199956893921
   9.394999742507935E-001
   1.640000008046627E-002
  -6.087999939918518E-001
  -3.441999852657318E-001
   5.279999971389771E-002
  -8.460000157356262E-002
  -6.366000175476074E-001
  -2.098000049591065E-001
   3.489999845623970E-002
  -4.365999996662140E-001
  -8.040000200271606E-001
  -8.597999811172485E-001
       -1.383200049400330
       -1.596400022506714
       -1.239400029182434
   1.270000040531158E-001
   4.459999874234200E-002
  -6.899999827146530E-002
   6.586999893188477E-001
  -9.109999984502792E-002
       -1.140300035476685
       -1.484899997711182
  -1.451999992132187E-001
  -3.698999881744385E-001
        1.430400013923645
   7.939000129699707E-001
   6.413000226020813E-001
   5.601000189781189E-001
   2.750000059604645E-001
   6.603000164031982E-001
   7.515000104904175E-001
   7.465000152587891E-001
   2.194000035524368E-001
        1.070799946784973
   9.402999877929688E-001
   6.205999851226807E-001
   5.174000263214111E-001
   4.600999951362610E-001
        1.036299943923950
   8.652999997138977E-001
        1.374799966812134
   2.581000030040741E-001
  -3.530000150203705E-002
  -1.393000036478043E-001
  -3.880000114440918E-002
   1.130999997258186E-001
   3.143999874591827E-001
  -6.270000338554382E-002
  -1.465000063180924E-001
  -3.007000088691711E-001
        1.095999956130981
        1.078999996185303
        1.351899981498718
   5.246999859809876E-001
   1.262000054121018E-001
   2.400000020861626E-002
   5.008999705314636E-001
   2.885999977588654E-001
   6.854000091552734E-001
        1.115200042724609
        1.047299981117249
   2.096000015735626E-001
  -7.138000130653381E-001
  -8.672999739646912E-001
  -5.090000107884407E-002
  -4.575000107288361E-001
  -1.172999963164330E-001
  -4.875000119209290E-001
   1.393000036478043E-001
  -2.378000020980835E-001
  -3.481000065803528E-001
  -7.718999981880188E-001
  -9.197000265121460E-001
  -9.351999759674072E-001
  -2.215999960899353E-001
   5.164999961853027E-001
   5.855000019073486E-001
   4.900000095367432E-001
   8.676999807357788E-001
   3.617999851703644E-001
  -4.427999854087830E-001
  -8.155999779701233E-001
  -3.479000031948090E-001
  -3.287000060081482E-001
   2.748000025749207E-001
   3.659999966621399E-001
   4.605999886989594E-001
  -2.639999985694885E-001
  -4.503999948501587E-001
   7.911999821662903E-001
   8.497999906539917E-001
        1.579599976539612
   9.918000102043152E-001
        1.232200026512146
        1.015499949455261
        1.479500055313110
   6.434999704360962E-001
   3.251000046730042E-001
   4.880000054836273E-001
   6.725999712944031E-001
   2.485000044107437E-001
   8.514000177383423E-001
   7.999999821186066E-002
   7.343999743461609E-001
   2.088000029325485E-001
  -2.250000089406967E-002
   9.648000001907349E-001
   7.239999771118164E-001
        1.038400053977966
  -1.931000053882599E-001
   3.953999876976013E-001
   4.835000038146973E-001
        1.947299957275391
   7.982000112533569E-001
  -2.640999853610992E-001
  -1.713999956846237E-001
   2.431000024080277E-001
   1.700000017881393E-001
   3.955999910831451E-001
   7.221000194549561E-001
   5.536000132560730E-001
  -3.073999881744385E-001
  -1.293999999761581E-001
  -8.410999774932861E-001
   2.039999961853027E-001
  -4.456999897956848E-001
  -8.830999732017517E-001
  -9.126999974250794E-001
  -8.661000132560730E-001
  -2.370000034570694E-001
  -4.683000147342682E-001
  -5.436999797821045E-001
  -5.593000054359436E-001
  -6.992999911308289E-001
  -1.315000057220459E-001
   2.219000011682510E-001
   8.224999904632568E-001
   6.596999764442444E-001
  -1.812999993562698E-001
   3.908999860286713E-001
  -4.819999933242798E-001
  -6.948000192642212E-001
  -5.155000090599060E-001
  -1.727000027894974E-001
  -1.618999987840653E-001
   3.880999982357025E-001
  -6.800000090152025E-003
  -4.059999883174896E-001
  -5.720000267028809E-001
  -1.352999955415726E-001
   8.592000007629395E-001
        1.040899991989136
        2.187400102615356
        1.274099946022034
        1.358999967575073
        1.485499978065491
        1.562199950218201
   8.610000014305115E-001
        1.055199980735779
  -1.238000020384789E-001
   1.111000031232834E-001
   9.513999819755554E-001
   8.859000205993652E-001
        1.161999940872192
   3.486000001430512E-001
        1.325000047683716
   8.790000081062317E-001
   7.559999823570252E-001
   7.962999939918518E-001
        1.833099961280823
        1.222200036048889
        1.500100016593933
        1.508499979972839
        1.458400011062622
  -3.170000016689301E-002
  -3.526000082492828E-001
   1.333999931812286E-001
   2.378000020980835E-001
  -2.933999896049500E-001
   8.665999770164490E-001
   2.422000020742416E-001
   6.939999759197235E-002
        1.037799954414368
        1.607200026512146
   8.032000064849854E-001
  -2.816999852657318E-001
  -9.963999986648560E-001
  -9.348999857902527E-001
  -1.291999965906143E-001
  -7.890000194311142E-002
  -4.162999987602234E-001
   2.161999940872192E-001
  -4.471000134944916E-001
  -3.990000113844872E-002
  -9.269999712705612E-002
   8.980000019073486E-002
   5.710999965667725E-001
   1.272999942302704E-001
  -6.783999800682068E-001
  -6.179999932646751E-002
  -7.172999978065491E-001
  -5.623000264167786E-001
       -1.224799990653992
  -8.141999840736389E-001
       -1.183699965476990
  -1.768999993801117E-001
  -1.909999921917915E-002
  -5.285999774932861E-001
   1.870999932289124E-001
   3.625000119209290E-001
   9.477999806404114E-001
        1.650400042533875
        1.280099987983704
        1.202600002288818
        1.032600045204163
        1.268800020217896
        1.738899946212769
        1.061200022697449
   9.291999936103821E-001
   7.278000116348267E-001
  -2.700999975204468E-001
   4.850000143051148E-001
   7.628999948501587E-001
  -2.329999953508377E-002
        1.461599946022034
        1.879400014877319
        1.390699982643127
   7.164000272750855E-001
   3.639999926090241E-001
        1.068699955940247
        1.537999987602234
        1.249500036239624
        1.157999992370606
   7.064999938011169E-001
   2.646999955177307E-001
  -3.711000084877014E-001
   9.749999642372131E-002
  -7.649999856948853E-001
  -9.880000352859497E-002
   5.267000198364258E-001
   5.899999737739563E-001
   2.533999979496002E-001
        1.446799993515015
   8.980000019073486E-001
        1.070099949836731
  -1.744000017642975E-001
       -1.022400021553040
  -8.725000023841858E-001
       -1.018900036811829
       -1.311699986457825
  -2.436999976634979E-001
  -6.999999880790710E-001
  -4.893999993801117E-001
       -1.111099958419800
  -2.110999971628189E-001
  -9.937999844551086E-001
  -7.674999833106995E-001
  -6.390000134706497E-002
  -5.925999879837036E-001
   2.899999963119626E-003
   2.761999964714050E-001
  -6.028000116348267E-001
  -8.169000148773193E-001
  -9.168999791145325E-001
       -1.115200042724609
       -1.028499960899353
  -6.725999712944031E-001
   6.377999782562256E-001
   3.508000075817108E-001
   7.196999788284302E-001
        1.257300019264221
   4.429000020027161E-001
        1.085500001907349
        1.256800055503845
        1.152099967002869
   5.670999884605408E-001
   5.023999810218811E-001
        1.113100051879883
   2.290000021457672E-001
   1.594000011682510E-001
  -1.791000068187714E-001
   3.944000005722046E-001
  -2.869999967515469E-002
        1.161200046539307
        1.634999990463257
        1.376799941062927
        1.641100049018860
   9.897000193595886E-001
   1.736000031232834E-001
   8.930000066757202E-001
   6.252999901771545E-001
   7.251999974250794E-001
        1.541000008583069
  -1.240000035613775E-002
  -3.880999982357025E-001
  -6.779000163078308E-001
  -1.597999930381775E-001
  -2.924999892711639E-001
   3.064000010490418E-001
   6.069999933242798E-002
   7.473000288009644E-001
   6.704000234603882E-001
   8.303999900817871E-001
   4.483999907970429E-001
   2.610000036656857E-002
   2.284000068902969E-001
  -1.762000024318695E-001
       -1.088999986648560
   4.832000136375427E-001
  -5.457000136375427E-001
  -5.742999911308289E-001
       -1.190299987792969
  -7.422000169754028E-001
       -1.146900057792664
  -8.899999856948853E-001
       -1.791300058364868
       -1.252900004386902
       -1.140400052070618
  -2.524999976158142E-001
   6.751000285148621E-001
   1.706999987363815E-001
  -4.968999922275543E-001
  -4.014999866485596E-001
  -4.756999909877777E-001
  -7.412999868392944E-001
  -9.678000211715698E-001
       -1.251399993896484
  -9.860000014305115E-002
        1.070999979972839
   6.118000149726868E-001
   3.567999899387360E-001
   4.954000115394592E-001
   9.489999711513519E-002
   2.389999926090241E-001
   1.727000027894974E-001
   3.082000017166138E-001
   3.982999920845032E-001
   5.012000203132629E-001
  -1.083000004291534E-001
   2.030000090599060E-002
  -3.609000146389008E-001
   3.750000000000000E-001
   8.672000169754028E-001
        1.425699949264526
        2.059200048446655
        1.727900028228760
   8.661000132560730E-001
        1.373399972915649
   2.867000102996826E-001
  -5.562000274658203E-001
   7.060000300407410E-002
   2.894000113010407E-001
   6.058999896049500E-001
   2.320999950170517E-001
       -1.192499995231628
       -1.739199995994568
       -1.125900030136108
  -2.428999990224838E-001
   7.600000128149986E-003
   4.603999853134155E-001
        1.215899944305420
        1.058099985122681
   7.692999839782715E-001
        1.661800026893616
        1.007099986076355
  -4.977000057697296E-001
   4.217999875545502E-001
   4.885999858379364E-001
   3.860000073909760E-001
  -1.134999990463257E-001
  -3.407000005245209E-001
  -9.289000034332275E-001
  -5.572000145912170E-001
       -1.190099954605103
       -1.032400012016296
       -1.743299961090088
       -1.740599989891052
  -9.225000143051148E-001
  -1.802999973297119E-001
   7.274000048637390E-001
   9.524999856948853E-001
   1.238999962806702E-001
  -1.348000019788742E-001
       -1.170400023460388
       -1.450500011444092
  -2.132000029087067E-001
  -7.077000141143799E-001
  -8.321999907493591E-001
   4.580000042915344E-001
   1.750000007450581E-002
        1.086799979209900
   6.947000026702881E-001
   4.111000001430512E-001
  -9.300000220537186E-002
  -1.643999963998795E-001
  -6.970000267028809E-002
  -4.939000010490418E-001
  -4.993000030517578E-001
  -6.170000135898590E-002
  -3.655999898910523E-001
   3.382000029087067E-001
   2.202000021934509E-001
   5.964000225067139E-001
   9.866999983787537E-001
   5.113999843597412E-001
        1.550600051879883
        1.233399987220764
   2.989000082015991E-001
  -4.320000112056732E-002
   1.439999938011169E-001
   4.894999861717224E-001
   6.359000205993652E-001
        1.426900029182434
   6.391999721527100E-001
   7.214000225067139E-001
       -1.184200048446655
       -1.437399983406067
  -9.934999942779541E-001
   7.569999992847443E-002
  -3.842000067234039E-001
   8.661000132560730E-001
        1.213000059127808
   9.373000264167786E-001
        1.689700007438660
   8.309999853372574E-002
  -5.903000235557556E-001
   3.921999931335449E-001
   5.688999891281128E-001
   1.395999938249588E-001
       -1.004999995231628
  -9.416999816894531E-001
       -1.412099957466126
  -9.132999777793884E-001
       -1.725800037384033
       -1.070299983024597
       -1.680899977684021
       -1.285099983215332
   5.169999971985817E-002
   1.610000059008598E-002
  -1.296000033617020E-001
  -5.019999742507935E-001
  -6.317999958992004E-001
  -6.057999730110169E-001
       -1.304200053215027
  -6.140000224113464E-001
   2.328999936580658E-001
  -8.468000292778015E-001
  -9.019999951124191E-002
  -1.957000046968460E-001
   9.189999848604202E-002
  -8.219999819993973E-002
  -1.576000005006790E-001
   6.349999904632568E-001
  -3.731999993324280E-001
       -1.237699985504150
  -3.639999926090241E-001
  -2.314999997615814E-001
  -8.478000164031982E-001
  -3.655000030994415E-001
  -2.795999944210053E-001
   1.960000023245812E-002
   4.456000030040741E-001
   9.898999929428101E-001
        1.524999976158142
        2.055200099945068
        1.597300052642822
        1.284800052642822
   5.299999713897705E-001
   1.815000027418137E-001
   2.363000065088272E-001
  -2.055999934673309E-001
   6.729000210762024E-001
        1.158100008964539
   2.962000072002411E-001
   3.474999964237213E-001
   9.769999980926514E-002
       -1.330000042915344
  -9.380000233650208E-001
  -5.562000274658203E-001
  -3.777000010013580E-001
   1.590000092983246E-002
        1.158699989318848
   5.670999884605408E-001
        1.147899985313416
  -3.741999864578247E-001
   2.259999960660934E-001
   4.657999873161316E-001
   4.643999934196472E-001
   3.350000083446503E-002
       -1.223099946975708
       -1.193699955940247
  -8.471999764442444E-001
       -1.717300057411194
       -1.703199982643127
       -1.422099947929382
       -1.226999998092651
  -7.637000083923340E-001
  -6.177999973297119E-001
       -1.063099980354309
  -6.377999782562256E-001
  -4.084999859333038E-001
  -5.900999903678894E-001
       -1.020499944686890
       -1.509199976921082
  -3.318000137805939E-001
  -5.037000179290772E-001
  -3.743999898433685E-001
  -5.223000049591065E-001
  -9.308999776840210E-001
  -2.949000000953674E-001
  -4.483999907970429E-001
  -4.979000091552734E-001
   8.198000192642212E-001
  -8.629999756813049E-001
       -1.572999954223633
       -1.150400042533875
  -5.045999884605408E-001
  -7.472000122070313E-001
  -6.394000053405762E-001
  -4.273999929428101E-001
  -8.533999919891357E-001
   7.013999819755554E-001
   2.161999940872192E-001
        1.483399987220764
        1.942999958992004
        1.905300021171570
        1.099699974060059
   4.377999901771545E-001
  -1.878000050783157E-001
  -1.344999969005585E-001
   6.667000055313110E-001
   9.470000267028809E-001
        1.220600008964539
   6.654999852180481E-001
   4.514999985694885E-001
   8.120000362396240E-002
   3.551000058650971E-001
  -7.585999965667725E-001
       -1.435999989509583
  -3.072000145912170E-001
   9.088000059127808E-001
   8.529999852180481E-002
   3.799999877810478E-002
   3.989999890327454E-001
   1.076999977231026E-001
  -2.890000045299530E-001
   3.060000017285347E-002
  -5.860000252723694E-001
       -1.540500044822693
       -1.891000032424927
       -1.815899968147278
       -1.462800025939941
       -1.609899997711182
       -2.393199920654297
       -1.420300006866455
       -1.266800045967102
  -8.148000240325928E-001
       -1.216099977493286
       -1.374300003051758
       -1.896199941635132
       -1.165799975395203
  -6.169999837875366E-001
   3.815999925136566E-001
  -4.916000068187714E-001
  -4.309999942779541E-002
  -7.213000059127808E-001
  -5.261999964714050E-001
       -1.732900023460388
       -2.027899980545044
       -1.724400043487549
       -1.070799946784973
  -4.377999901771545E-001
   4.309999942779541E-001
  -8.640000224113464E-002
  -8.062999844551086E-001
       -1.156599998474121
  -9.613999724388123E-001
  -8.980000019073486E-001
       -1.237400054931641
  -3.804999887943268E-001
   5.347999930381775E-001
        1.071300029754639
        1.345999956130981
        1.298699975013733
        1.908800005912781
        1.985999941825867
   4.242999851703644E-001
   3.495999872684479E-001
   5.861999988555908E-001
   9.764999747276306E-001
   6.934999823570252E-001
   4.388000071048737E-001
   7.840999960899353E-001
   1.856999993324280E-001
   6.771000027656555E-001
   8.959000110626221E-001
   9.411000013351440E-001
  -1.308999955654144E-001
  -5.724999904632568E-001
  -4.800000041723251E-002
   4.817999899387360E-001
   1.040000002831221E-002
  -4.483000040054321E-001
  -7.813000082969666E-001
  -7.922999858856201E-001
  -1.202000007033348E-001
  -2.797000110149384E-001
       -1.053699970245361
       -1.306900024414063
       -1.864500045776367
       -1.625499963760376
       -1.344799995422363
       -1.452299952507019
       -2.224800109863281
       -2.376800060272217
       -1.798799991607666
       -1.567199945449829
       -1.324699997901917
       -1.211699962615967
  -9.484000205993652E-001
       -1.218600034713745
  -9.925000071525574E-001
       -1.186200022697449
  -2.075999975204468E-001
  -3.280000016093254E-002
  -3.630000054836273E-001
   9.950000047683716E-002
       -1.096400022506714
       -1.745200037956238
       -1.728000044822693
  -7.487000226974487E-001
  -3.522999882698059E-001
   1.773999929428101E-001
   6.258999705314636E-001
  -6.256999969482422E-001
  -5.529000163078308E-001
  -2.061000019311905E-001
  -3.395000100135803E-001
  -6.468999981880188E-001
   4.789999872446060E-002
   4.774000048637390E-001
   2.037999927997589E-001
   4.239000082015991E-001
   7.850000262260437E-001
        1.049900054931641
   8.325999975204468E-001
   7.922999858856201E-001
   4.135000109672546E-001
   3.594000041484833E-001
   7.922000288963318E-001
   9.356999993324280E-001
   6.362000107765198E-001
        1.034600019454956
   4.442999958992004E-001
        1.177500009536743
        1.343400001525879
        1.249699950218201
   2.727000117301941E-001
   1.080000028014183E-002
   1.485999971628189E-001
  -2.256000041961670E-001
   3.037000000476837E-001
  -8.478000164031982E-001
       -1.272199988365173
       -1.026700019836426
  -6.970000267028809E-001
  -1.852000057697296E-001
  -9.279000163078308E-001
  -5.537999868392944E-001
  -7.950999736785889E-001
       -1.381999969482422
  -2.030999958515167E-001
       -1.078799962997437
       -1.705399990081787
       -1.449800014495850
       -2.141799926757813
       -1.325899958610535
       -1.433799982070923
  -5.727999806404114E-001
  -8.589000105857849E-001
       -1.472300052642822
  -6.280999779701233E-001
  -1.247999966144562E-001
  -3.689999878406525E-002
   2.649999968707562E-002
  -4.438999891281128E-001
  -3.213999867439270E-001
       -1.272899985313416
       -2.436100006103516
       -2.281899929046631
       -2.221899986267090
       -1.033499956130981
  -3.210000097751617E-001
   2.030999958515167E-001
  -9.769999980926514E-002
  -1.861000061035156E-001
   4.949999973177910E-002
  -2.342000007629395E-001
   4.481999874114990E-001
   9.409999847412109E-001
   4.873000085353851E-001
   5.564000010490418E-001
   1.186999976634979E-001
   3.673000037670136E-001
        1.189299941062927
   5.260000228881836E-001
   4.386000037193298E-001
  -4.438999891281128E-001
  -4.040000140666962E-001
   2.013999968767166E-001
   7.536000013351440E-001
        1.277999997138977
   6.499999761581421E-001
        1.119400024414063
        1.543900012969971
        1.648499965667725
        1.691200017929077
   3.896999955177307E-001
  -1.727000027894974E-001
   1.444000005722046E-001
  -3.120000064373016E-001
   3.127000033855438E-001
   1.212000027298927E-001
  -9.882000088691711E-001
       -1.281200051307678
       -1.419299960136414
  -3.995999991893768E-001
  -1.518000066280365E-001
  -8.195999860763550E-001
  -3.346999883651733E-001
  -9.703999757766724E-001
   2.407999932765961E-001
  -3.892000019550324E-001
       -1.740900039672852
       -2.108900070190430
       -1.966400027275085
       -1.463799953460693
       -1.735000014305115
  -4.147999882698059E-001
  -5.000000074505806E-002
  -5.758000016212463E-001
  -4.201000034809113E-001
   1.158000007271767E-001
   7.743999958038330E-001
   2.345000058412552E-001
  -4.634000062942505E-001
   3.260000050067902E-002
  -5.906999707221985E-001
       -1.067499995231628
       -2.315500020980835
       -1.968199968338013
  -8.136000037193298E-001
  -2.991999983787537E-001
        1.034299969673157
  -5.487999916076660E-001
   1.031000018119812E-001
  -2.382999956607819E-001
   6.010000035166740E-002
   8.219000101089478E-001
   7.806000113487244E-001
  -1.973000019788742E-001
       -1.215299963951111
  -7.598999738693237E-001
  -2.691000103950501E-001
   7.178000211715698E-001
   8.187999725341797E-001
   1.008000001311302E-001
   2.640999853610992E-001
  -1.421999931335449E-001
   2.533000111579895E-001
  -5.730000138282776E-002
   3.495000004768372E-001
   9.030000120401382E-002
   4.618000090122223E-001
        1.136500000953674
        1.513000011444092
        1.325500011444092
   8.465999960899353E-001
   4.131000041961670E-001
   3.440999984741211E-001
   2.524000108242035E-001
   8.560000360012054E-002
   7.939000129699707E-001
  -2.949999868869782E-001
       -1.682399988174439
       -1.806800007820129
       -1.376000046730042
  -5.543000102043152E-001
  -4.884999990463257E-001
  -2.319999933242798E-001
  -8.144999742507935E-001
  -7.268000245094299E-001
  -7.095000147819519E-001
       -1.677800059318543
       -2.123800039291382
       -1.644700050354004
       -1.272600054740906
  -8.734999895095825E-001
  -6.776000261306763E-001
  -3.614999949932098E-001
   1.746000051498413E-001
   6.039000153541565E-001
   7.466999888420105E-001
        1.281999945640564
   8.356999754905701E-001
        1.000100016593933
   5.216000080108643E-001
   8.280000090599060E-002
  -2.286999970674515E-001
       -1.451099991798401
       -1.577399969100952
       -1.846199989318848
       -1.366999983787537
  -3.680000007152557E-001
       -1.063300013542175
  -4.742999970912933E-001
   9.910000115633011E-002
   2.474000006914139E-001
   8.813999891281128E-001
   3.199999928474426E-001
   6.710000336170197E-002
       -1.242599964141846
       -1.039000034332275
   2.960000038146973E-001
   8.609999716281891E-002
   3.046000003814697E-001
   2.666000127792358E-001
  -3.720000013709068E-002
   7.980000227689743E-002
  -4.230999946594238E-001
   1.436000019311905E-001
   1.312000006437302E-001
  -1.875000000000000E-001
   4.993000030517578E-001
        1.112800002098084
        1.171300053596497
        1.052399992942810
        1.239300012588501
   9.994000196456909E-001
   3.917999863624573E-001
   3.095000088214874E-001
   6.692000031471252E-001
  -1.580000072717667E-001
  -1.495999991893768E-001
  -8.747000098228455E-001
  -7.942000031471252E-001
       -1.654700040817261
       -1.164499998092651
  -8.902000188827515E-001
  -9.129999876022339E-001
  -2.318000048398972E-001
   1.818999946117401E-001
       -1.540099978446960
       -1.112200021743774
       -1.172199964523315
  -9.760000109672546E-001
       -1.272199988365173
  -8.691999912261963E-001
  -2.870999872684479E-001
  -1.186999976634979E-001
   3.551000058650971E-001
   8.896999955177307E-001
   3.014000058174133E-001
   2.818000018596649E-001
   4.713999927043915E-001
   8.909999728202820E-001
   5.731999874114990E-001
   7.930000126361847E-002
       -1.633000016212463
       -1.659199953079224
       -2.084800004959106
       -1.443300008773804
  -2.141000032424927E-001
  -9.538999795913696E-001
  -9.429000020027161E-001
  -7.569000124931335E-001
  -7.050000131130219E-002
       -1.511000037193298
  -2.804999947547913E-001
  -3.788999915122986E-001
  -1.149000003933907E-001
       -1.141800045967102
       -1.608199954032898
  -6.024000048637390E-001
   3.984999954700470E-001
  -2.506000101566315E-001
  -3.005999922752380E-001
   8.331999778747559E-001
   9.398000240325928E-001
   1.937000006437302E-001
  -1.287000030279160E-001
        1.066200017929077
   4.560999870300293E-001
  -9.170000255107880E-002
   2.050999999046326E-001
   3.027000129222870E-001
        1.028300046920776
   2.301000058650971E-001
   2.027000039815903E-001
   5.439000129699707E-001
   5.907999873161316E-001
   7.603999972343445E-001
  -4.830000102519989E-001
  -1.656000018119812E-001
  -7.477999925613403E-001
  -8.493000268936157E-001
       -1.108399987220764
  -7.555000185966492E-001
  -2.700999975204468E-001
   4.340000078082085E-002
  -8.683999776840210E-001
  -4.941000044345856E-001
       -1.670799970626831
       -1.056300044059753
       -1.302600026130676
       -1.239199995994568
  -9.569000005722046E-001
  -2.676999866962433E-001
   3.480000048875809E-002
   5.073999762535095E-001
   1.086999997496605E-001
   6.920999884605408E-001
   3.226999938488007E-001
  -9.210000187158585E-002
  -1.620000042021275E-002
   5.131999850273132E-001
   6.729999780654907E-001
   2.471999973058701E-001
  -8.665000200271606E-001
       -1.320000052452087
       -1.150699973106384
  -4.063999950885773E-001
  -7.750000059604645E-002
  -3.348000049591065E-001
  -8.666999936103821E-001
  -2.736999988555908E-001
       -1.293900012969971
       -1.198199987411499
  -7.982000112533569E-001
  -5.486999750137329E-001
   1.035000011324883E-001
   3.842999935150147E-001
  -2.854000031948090E-001
  -1.930000036954880E-001
   4.023000001907349E-001
   9.057999849319458E-001
   5.688999891281128E-001
   4.760999977588654E-001
   6.079999804496765E-001
   7.371000051498413E-001
   7.006999850273132E-001
        1.122799992561340
        1.464900016784668
   5.443000197410584E-001
   2.084999978542328E-001
   8.948000073432922E-001
  -9.380000084638596E-002
  -5.519999936223030E-002
   2.653000056743622E-001
  -5.200000107288361E-002
   4.621999859809876E-001
   2.791999876499176E-001
   6.108000278472900E-001
  -2.890999913215637E-001
  -8.238999843597412E-001
       -1.011199951171875
  -8.346999883651733E-001
  -5.153999924659729E-001
  -5.673999786376953E-001
  -2.834999859333038E-001
  -3.912000060081482E-001
  -8.575999736785889E-001
       -2.300899982452393
       -1.419199943542481
       -1.017199993133545
  -7.335000038146973E-001
  -8.299000263214111E-001
       -1.144000053405762
   1.544000059366226E-001
  -3.159999847412109E-002
  -5.544999837875366E-001
   1.200999990105629E-001
   3.662999868392944E-001
  -1.300999969244003E-001
  -3.856999874114990E-001
  -3.107999861240387E-001
  -1.476999968290329E-001
       -1.367599964141846
       -1.571499943733215
       -1.627400040626526
  -8.682000041007996E-001
  -8.607000112533569E-001
  -7.793999910354614E-001
  -4.352999925613403E-001
  -8.822000026702881E-001
       -1.090600013732910
       -1.138499975204468
       -1.498700022697449
       -1.105599999427795
   1.130999997258186E-001
   5.746999979019165E-001
        1.093899965286255
   7.211999893188477E-001
   2.393999993801117E-001
   8.794999718666077E-001
  -1.081999987363815E-001
   3.912000060081482E-001
   8.680999875068665E-001
   7.268000245094299E-001
        1.351899981498718
        1.720399975776672
        1.296499967575073
   9.031000137329102E-001
        1.057199954986572
   1.071999967098236E-001
   3.783999979496002E-001
   2.951000034809113E-001
  -3.664999902248383E-001
   2.920000068843365E-002
   5.130000114440918E-001
   6.356999874114990E-001
  -9.200999736785889E-001
  -4.111000001430512E-001
  -7.046999931335449E-001
  -6.837000250816345E-001
  -8.784000277519226E-001
   4.092000126838684E-001
  -5.315999984741211E-001
       -1.108299970626831
  -6.017000079154968E-001
       -1.301900029182434
  -5.631999969482422E-001
       -1.758900046348572
  -6.428999900817871E-001
  -6.089999899268150E-002
  -1.124000027775765E-001
   3.400000184774399E-002
   2.400000113993883E-003
   3.138999938964844E-001
   1.740999966859818E-001
   2.545000016689301E-001
   6.071000099182129E-001
   1.840000003576279E-001
   7.320000231266022E-002
  -8.661000132560730E-001
   2.405000030994415E-001
   4.541000127792358E-001
       -1.304299950599670
       -1.520200014114380
       -1.314200043678284
  -9.980000257492065E-001
  -7.343000173568726E-001
  -1.449999958276749E-002
  -1.181000024080277E-001
  -9.582999944686890E-001
       -1.049399971961975
  -9.905999898910523E-001
       -1.491899967193604
       -1.018300056457520
   8.299999684095383E-002
  -2.644000053405762E-001
   5.386000275611877E-001
        1.038499951362610
   3.662000000476837E-001
   1.787000000476837E-001
  -5.079999938607216E-002
   3.472999930381775E-001
   7.190999984741211E-001
   2.601999938488007E-001
        1.264299988746643
        1.290500044822693
   7.504000067710877E-001
   2.409999966621399E-001
   9.369999915361404E-002
   4.964999854564667E-001
   4.880999922752380E-001
   7.590000331401825E-002
  -1.090999990701675E-001
   4.349999874830246E-002
   5.823000073432922E-001
   1.293999999761581E-001
       -1.253600001335144
       -1.893000006675720
       -1.069599986076355
  -8.148000240325928E-001
  -5.339999794960022E-001
   5.485000014305115E-001
  -4.612999856472015E-001
  -9.839000105857849E-001
  -9.136000275611877E-001
  -9.681000113487244E-001
  -6.348999738693237E-001
       -1.926499962806702
  -8.284999728202820E-001
  -5.119000077247620E-001
  -1.260000020265579E-001
   1.136000007390976E-001
  -8.070000261068344E-002
  -3.833999931812286E-001
  -6.198999881744385E-001
  -5.540999770164490E-001
   1.077999994158745E-001
  -5.673000216484070E-001
  -2.153999954462051E-001
       -1.250100016593933
  -6.988000273704529E-001
  -2.018000036478043E-001
       -1.067299962043762
       -1.010300040245056
       -1.143800020217896
       -1.208799958229065
  -6.759999990463257E-001
  -1.641000062227249E-001
  -3.655999898910523E-001
  -6.417000293731690E-001
       -1.430299997329712
  -9.312999844551086E-001
  -9.994999766349793E-001
  -9.545999765396118E-001
  -2.788999974727631E-001
  -5.333999991416931E-001
   5.350999832153320E-001
   7.330999970436096E-001
   3.673999905586243E-001
   6.779000163078308E-001
   8.881000280380249E-001
   3.657000064849854E-001
   1.553999930620194E-001
   6.823999881744385E-001
   4.805999994277954E-001
   8.270999789237976E-001
   4.539999961853027E-001
   4.165000021457672E-001
  -8.858000040054321E-001
  -4.718999862670898E-001
  -3.413000106811523E-001
   1.372999995946884E-001
  -3.898000121116638E-001
   1.533000022172928E-001
   5.613999962806702E-001
  -4.602000117301941E-001
       -1.725000023841858
       -1.792899966239929
       -2.098099946975708
  -8.472999930381775E-001
  -8.928999900817871E-001
  -4.560999870300293E-001
  -4.634999930858612E-001
  -5.184999704360962E-001
  -8.450999855995178E-001
  -7.964000105857849E-001
  -2.407000064849854E-001
       -1.324599981307983
       -1.352200031280518
       -1.370000004768372
  -4.323999881744385E-001
  -1.920000091195107E-002
   3.800000064074993E-003
  -8.669999837875366E-001
  -3.574999868869782E-001
  -5.206999778747559E-001
  -2.903000116348267E-001
  -3.718999922275543E-001
  -4.546999931335449E-001
  -2.935999929904938E-001
   5.200000014156103E-003
  -2.309000045061112E-001
       -1.528599977493286
  -7.117999792098999E-001
  -9.222000241279602E-001
  -6.359999775886536E-001
   2.635000050067902E-001
  -1.093000024557114E-001
  -5.753999948501587E-001
   5.486999750137329E-001
   3.508999943733215E-001
  -5.532000064849854E-001
       -1.066699981689453
       -1.082999944686890
       -1.284399986267090
  -4.754000008106232E-001
   2.901000082492828E-001
  -1.406999975442886E-001
   5.656999945640564E-001
   4.806999862194061E-001
   1.911000013351440E-001
   1.552000045776367E-001
  -3.474000096321106E-001
  -2.749999985098839E-002
   1.970000006258488E-002
   4.876999855041504E-001
   3.564999997615814E-001
   2.642000019550324E-001
  -2.813000082969666E-001
  -5.012000203132629E-001
  -5.049999952316284E-001
  -6.390000134706497E-002
   6.141999959945679E-001
   5.188000202178955E-001
   4.163999855518341E-001
  -7.462000250816345E-001
       -1.097000002861023
       -1.592900037765503
  -9.690999984741211E-001
  -9.782000184059143E-001
  -5.454000234603882E-001
  -9.390000253915787E-002
  -9.703999757766724E-001
  -7.857999801635742E-001
       -1.457900047302246
  -8.913000226020813E-001
  -2.703999876976013E-001
       -1.066300034523010
       -1.617799997329712
  -4.980000108480454E-002
   4.011999964714050E-001
   7.554000020027161E-001
   2.885000109672546E-001
  -6.582000255584717E-001
  -4.020000100135803E-001
  -3.361999988555908E-001
       -1.091899991035461
  -1.146000027656555E-001
   3.862000107765198E-001
   7.410000264644623E-002
   2.549000084400177E-001
  -6.754000186920166E-001
   3.269999846816063E-002
  -2.398999929428101E-001
  -2.282000035047531E-001
  -9.441000223159790E-001
   1.400000043213368E-002
   3.486000001430512E-001
  -7.095000147819519E-001
   1.577000021934509E-001
   6.270999908447266E-001
   1.404000073671341E-001
  -6.735000014305115E-001
  -6.416000127792358E-001
       -1.334599971771240
  -8.962000012397766E-001
  -1.905999928712845E-001
  -4.120000079274178E-002
  -2.187999933958054E-001
   5.680000185966492E-001
   6.094999909400940E-001
   9.960000216960907E-002
  -2.685000002384186E-001
  -2.099999971687794E-002
   1.352999955415726E-001
  -4.049000144004822E-001
  -3.990000113844872E-002
   8.881999850273132E-001
  -2.248000055551529E-001
  -2.361000031232834E-001
   9.910000115633011E-002
        1.122799992561340
   5.638999938964844E-001
   3.720000088214874E-001
   5.040000006556511E-002
   7.859999686479569E-002
       -1.402600049972534
       -1.360999941825867
  -6.405000090599060E-001
  -2.263000011444092E-001
   1.596000045537949E-001
  -8.776000142097473E-001
  -8.499000072479248E-001
  -5.643000006675720E-001
  -8.743000030517578E-001
  -5.613999962806702E-001
  -7.135000228881836E-001
  -9.075000286102295E-001
  -8.558999896049500E-001
  -3.639999926090241E-001
   7.728999853134155E-001
        1.010200023651123
  -3.434000015258789E-001
   2.439999952912331E-002
        1.115200042724609
  -4.153999984264374E-001
  -4.839999973773956E-001
  -4.104999899864197E-001
   2.825999855995178E-001
   5.706999897956848E-001
  -2.115000039339066E-001
   2.922999858856201E-001
   3.885000050067902E-001
   2.915999889373779E-001
   6.341000199317932E-001
   3.130000084638596E-002
   3.111000061035156E-001
   5.738999843597412E-001
  -3.756999969482422E-001
  -6.208999752998352E-001
  -9.649999737739563E-001
  -8.054999709129334E-001
       -1.202100038528442
       -1.346199989318848
       -1.071599960327148
  -9.225000143051148E-001
  -1.994999945163727E-001
  -4.837999939918518E-001
   2.971999943256378E-001
   1.504999995231628E-001
   5.189999938011169E-002
   2.384999990463257E-001
  -2.372999936342239E-001
   2.348999977111816E-001
   9.678000211715698E-001
  -3.089999966323376E-002
  -1.488000005483627E-001
  -1.036000028252602E-001
  -5.869999900460243E-002
   4.903999865055084E-001
   1.923999935388565E-001
        1.354200005531311
   7.566999793052673E-001
   2.580000087618828E-002
  -4.226000010967255E-001
  -6.438999772071838E-001
       -1.313799977302551
  -9.523000121116638E-001
  -8.479999750852585E-002
   3.901999890804291E-001
   7.195000052452087E-001
  -7.433000206947327E-001
  -7.659000158309937E-001
  -2.705000042915344E-001
  -2.012999951839447E-001
  -2.201000005006790E-001
   4.329999908804894E-002
  -5.873000025749207E-001
   2.969999983906746E-002
  -2.830000035464764E-002
  -1.472000032663345E-001
   6.751000285148621E-001
   3.461000025272369E-001
   2.452999949455261E-001
  -4.074999988079071E-001
   2.508000135421753E-001
   4.420999884605408E-001
   8.529999852180481E-002
  -1.562999933958054E-001
  -4.817999899387360E-001
  -6.676999926567078E-001
  -1.934999972581863E-001
   2.915999889373779E-001
  -3.855000138282776E-001
   4.638000130653381E-001
   4.539000093936920E-001
  -5.877000093460083E-001
  -4.690000116825104E-001
   2.513999938964844E-001
  -1.528999954462051E-001
  -7.526000142097473E-001
  -4.419000148773193E-001
  -3.179000020027161E-001
  -5.400000140070915E-002
       -1.197600007057190
       -1.273000001907349
  -2.335000038146973E-001
       -1.138900041580200
  -2.242999970912933E-001
  -6.858999729156494E-001
   2.357999980449677E-001
  -7.125999927520752E-001
  -4.993000030517578E-001
  -4.144999980926514E-001
  -2.234999984502792E-001
  -4.800000227987766E-003
   2.863000035285950E-001
   4.529999941587448E-002
        1.016100049018860
  -1.937000006437302E-001
   1.445000022649765E-001
   4.751000106334686E-001
   3.267000019550324E-001
   6.006000041961670E-001
  -6.022999882698059E-001
       -1.100800037384033
  -3.422000110149384E-001
  -6.610000133514404E-002
  -1.441999971866608E-001
   4.483999907970429E-001
   1.617999970912933E-001
   7.066000103950501E-001
  -1.297000050544739E-001
  -5.609999895095825E-001
   1.221000030636787E-001
   6.347000002861023E-001
   5.098000168800354E-001
  -4.081999957561493E-001
   1.650999933481216E-001
   4.190999865531921E-001
   5.009999871253967E-001
        1.445199966430664
   8.920000195503235E-001
        1.252799987792969
   8.511999845504761E-001
        1.362699985504150
   5.597000122070313E-001
   7.778999805450440E-001
   2.883000075817108E-001
  -1.164000034332275E-001
  -2.291000038385391E-001
  -3.226999938488007E-001
  -2.810000069439411E-002
  -3.318000137805939E-001
   4.453999996185303E-001
   5.663999915122986E-001
  -7.666000127792358E-001
  -1.439000070095062E-001
  -2.201000005006790E-001
   3.648999929428101E-001
   4.113000035285950E-001
   7.850000262260437E-002
   7.900000363588333E-002
   1.005000025033951E-001
       -1.465000033378601
  -7.973999977111816E-001
       -1.188799977302551
       -1.318199992179871
  -1.255999952554703E-001
  -3.289000093936920E-001
   1.504999995231628E-001
   4.167999923229218E-001
  -7.100999951362610E-001
  -2.948000133037567E-001
   1.401000022888184E-001
   8.460000157356262E-002
   6.560000032186508E-002
   3.323999941349030E-001
   5.763000249862671E-001
        1.416700005531311
        1.167999982833862
        1.374300003051758
   9.132999777793884E-001
   7.444999814033508E-001
   2.419999986886978E-002
  -3.765999972820282E-001
  -1.225999966263771E-001
   2.129999920725822E-002
   8.277999758720398E-001
        1.113600015640259
        1.776700019836426
   8.030999898910523E-001
   7.301999926567078E-001
   7.019000053405762E-001
   5.198000073432922E-001
   9.674000144004822E-001
   3.822000026702881E-001
   2.749999985098839E-002
  -4.569999873638153E-001
   1.674000024795532E-001
   9.724000096321106E-001
   9.426000118255615E-001
   7.886000275611877E-001
   8.320000171661377E-001
   4.889999926090241E-001
        1.445399999618530
   4.122000038623810E-001
   2.906000018119812E-001
   4.226000010967255E-001
   5.516999959945679E-001
  -9.161000251770020E-001
   4.349999874830246E-002
   2.111999988555908E-001
   8.066999912261963E-001
   3.756000101566315E-001
   4.510999917984009E-001
   2.710000053048134E-002
  -5.292000174522400E-001
  -6.891000270843506E-001
   3.740000128746033E-001
   2.037000060081482E-001
  -4.499000012874603E-001
  -5.770999789237976E-001
  -2.526000142097473E-001
  -3.941000103950501E-001
  -2.567999958992004E-001
  -5.091999769210815E-001
  -6.449000239372253E-001
       -1.075700044631958
  -5.855000019073486E-001
   3.655999898910523E-001
   2.365999966859818E-001
  -7.911999821662903E-001
  -4.223000109195709E-001
   5.940999984741211E-001
   5.109999775886536E-001
        1.118899941444397
   6.201999783515930E-001
        1.337399959564209
   4.550000131130219E-001
   9.247999787330627E-001
   9.049000144004822E-001
   7.426000237464905E-001
   8.471999764442444E-001
   3.200000151991844E-002
   4.562999904155731E-001
        1.133599996566773
        1.187399983406067
        1.461300015449524
        1.991199970245361
        1.336799979209900
        1.036700010299683
        1.308699965476990
        1.774299979209900
   5.137000083923340E-001
   3.903000056743622E-001
  -2.960000000894070E-002
   3.691999912261963E-001
   1.876000016927719E-001
        1.132599949836731
        1.003000020980835
   6.697000265121460E-001
        1.046200037002564
        1.500599980354309
        2.137599945068359
        1.590499997138977
   9.401999711990356E-001
        1.163800001144409
   7.281000018119812E-001
   3.889999911189079E-002
  -9.937999844551086E-001
   5.037000179290772E-001
   6.040999889373779E-001
   1.607999950647354E-001
  -2.930000051856041E-002
   1.300000003539026E-003
       -1.075799942016602
       -1.471099972724915
       -1.223600029945374
  -5.971000194549561E-001
  -3.027999997138977E-001
  -1.052000001072884E-001
  -8.521999716758728E-001
  -4.018000066280365E-001
   4.350000023841858E-001
  -2.809999883174896E-001
  -6.013000011444092E-001
       -1.466500043869019
  -7.839999794960022E-001
  -3.025999963283539E-001
   4.018999934196472E-001
   6.388999819755554E-001
  -1.599999959580600E-003
   4.740000143647194E-002
   1.899999938905239E-002
   4.047999978065491E-001
   9.577000141143799E-001
        1.176699995994568
   9.830999970436096E-001
   5.414000153541565E-001
   6.060000061988831E-001
   1.658000051975250E-001
   2.809000015258789E-001
        1.065400004386902
        1.214900016784668
   1.567000001668930E-001
        1.261199951171875
        1.242900013923645
        1.261600017547607
        1.101199984550476
        1.181699991226196
   8.863999843597412E-001
        1.425799965858460
   6.290000081062317E-001
   9.254999756813049E-001
   6.638000011444092E-001
   3.831000030040741E-001
   5.703999996185303E-001
  -3.610999882221222E-001
   2.153999954462051E-001
   3.546999990940094E-001
        1.270499944686890
   8.453999757766724E-001
        1.830800056457520
        2.349200010299683
        2.293800115585327
        1.598500013351440
        1.192999958992004
   1.561000049114227E-001
   4.686999917030335E-001
  -7.595999836921692E-001
  -2.960000000894070E-002
  -9.889999777078629E-002
  -2.228000015020371E-001
  -6.258999705314636E-001
       -1.441400051116943
       -1.559599995613098
       -1.183599948883057
       -1.280200004577637
       -1.242799997329712
  -9.721999764442444E-001
  -5.717999935150147E-001
       -1.081900000572205
  -9.330999851226807E-001
  -3.425999879837036E-001
  -3.567999899387360E-001
  -7.102000117301941E-001
  -3.770000040531158E-001
  -7.071999907493591E-001
   2.060000039637089E-002
  -4.369999840855598E-002
   5.738999843597412E-001
   2.808000147342682E-001
   2.339999973773956E-001
   6.430000066757202E-002
   9.312000274658203E-001
        1.711099982261658
   9.840000271797180E-001
        1.072499990463257
   3.239000141620636E-001
   2.300000041723251E-001
   1.005999967455864E-001
   2.599999904632568E-001
   2.474000006914139E-001
   4.413000047206879E-001
   2.021999955177307E-001
   7.038999795913696E-001
        1.253600001335144
        1.643000006675720
        1.390100002288818
        1.648800015449524
        1.277899980545044
        1.339800000190735
   5.842999815940857E-001
        1.172799944877625
   8.798000216484070E-001
  -6.963000297546387E-001
  -5.485000014305115E-001
  -7.340999841690064E-001
  -4.158999919891357E-001
   1.141000017523766E-001
   9.039000272750855E-001
   9.556999802589417E-001
        1.489899992942810
        1.746899962425232
        2.055999994277954
        1.751199960708618
        1.210899949073792
   2.182999998331070E-001
   1.272999942302704E-001
  -5.388000011444092E-001
       -1.071400046348572
  -6.080999970436096E-001
       -1.067600011825562
       -1.076900005340576
       -1.652600049972534
       -2.763099908828735
       -1.629799962043762
       -1.473600029945374
       -1.029099941253662
       -1.200199961662293
  -9.016000032424927E-001
       -1.333600044250488
       -1.483000040054321
  -7.141000032424927E-001
  -1.184000000357628E-001
   3.089999854564667E-001
   8.133999705314636E-001
   1.885000020265579E-001
   4.541000127792358E-001
   5.205000042915344E-001
   2.193000018596649E-001
   1.468999981880188E-001
   9.918000102043152E-001
        1.259400010108948
        1.388900041580200
        1.630699992179871
        1.326099991798401
        1.146299958229065
   8.464000225067139E-001
   3.226000070571899E-001
   1.138999983668327E-001
  -1.783999949693680E-001
   1.331000030040741E-001
   2.725999951362610E-001
  -1.605000048875809E-001
  -6.205999851226807E-001
        1.164999961853027
        1.886500000953674
        2.219799995422363
        2.224499940872192
        1.456900000572205
        1.750599980354309
        1.553900003433228
   7.871000170707703E-001
   9.735999703407288E-001
   3.458999991416931E-001
  -6.564000248908997E-001
  -9.866999983787537E-001
  -5.236999988555908E-001
  -4.661999940872192E-001
  -1.439000070095062E-001
   9.825000166893005E-001
        2.010999917984009
        2.562299966812134
        1.713400006294251
   9.922999739646912E-001
        1.265699982643127
   8.960999846458435E-001
   2.176000028848648E-001
       -1.258200049400330
  -7.238000035285950E-001
  -6.161999702453613E-001
  -8.216999769210815E-001
       -1.546200037002564
       -2.605799913406372
       -1.950899958610535
       -2.301100015640259
       -1.458899974822998
  -5.659000277519226E-001
       -1.589699983596802
       -1.585500001907349
       -1.579200029373169
  -9.697999954223633E-001
  -7.052999734878540E-001
  -7.364000082015991E-001
   4.839999973773956E-001
   4.485999941825867E-001
        1.253399968147278
   8.831999897956848E-001
        1.304999947547913
        1.184800028800964
   9.800000190734863E-001
   8.223000168800354E-001
        1.382699966430664
        1.338099956512451
        1.905599951744080
        1.021399974822998
        1.381199955940247
        1.072499990463257
   1.222999989986420E-001
   2.073999941349030E-001
   4.878999888896942E-001
   2.013999968767166E-001
  -7.506999969482422E-001
  -2.316000014543533E-001
  -4.013999998569489E-001
   8.932999968528748E-001
        1.679900050163269
        1.812999963760376
        1.405799984931946
        1.464400053024292
        1.727100014686585
        1.376099944114685
        1.037700057029724
        1.325899958610535
        1.226300001144409
  -9.366000294685364E-001
  -5.252000093460083E-001
       -1.187800049781799
  -6.822999715805054E-001
   5.728999972343445E-001
   9.850999712944031E-001
        1.833199977874756
        2.109200000762940
        1.418300032615662
        1.003499984741211
        1.909299969673157
        1.234400033950806
   2.399999946355820E-001
  -7.281000018119812E-001
   1.480000019073486E-001
  -3.422000110149384E-001
       -1.471199989318848
       -2.241899967193604
       -2.660300016403198
       -2.713399887084961
       -2.785300016403198
       -2.012799978256226
  -4.844999909400940E-001
  -2.437999993562698E-001
  -3.849000036716461E-001
       -1.970199942588806
  -7.548999786376953E-001
  -4.695000052452087E-001
  -7.078999876976013E-001
  -7.243000268936157E-001
   3.262999951839447E-001
   7.526000142097473E-001
   2.998999953269959E-001
   3.136000037193298E-001
   4.291000068187714E-001
   6.891999840736389E-001
   5.728999972343445E-001
        1.013299942016602
        2.072299957275391
        2.715399980545044
        1.717100024223328
   9.233000278472900E-001
        1.409500002861023
        1.750399947166443
        1.044000029563904
        1.129899978637695
        1.362599968910217
   6.994000077247620E-001
   2.450000047683716E-001
  -9.014000296592712E-001
   4.839999973773956E-002
   8.733000159263611E-001
        1.447199940681458
        1.413699984550476
        1.513299942016602
        1.218299984931946
        1.080399990081787
        1.793799996376038
        2.068399906158447
        1.175199985504150
  -6.507999897003174E-001
  -6.989999860525131E-002
   5.716999769210815E-001
   9.965999722480774E-001
        1.760300040245056
   9.855999946594238E-001
        1.449499964714050
   9.180999994277954E-001
   5.950999855995178E-001
        1.832200050354004
        2.128000020980835
        1.031100034713745
   2.833000123500824E-001
  -8.290000259876251E-002
  -1.791999936103821E-001
  -2.610000073909760E-001
  -9.057000279426575E-001
       -2.302299976348877
       -2.875000000000000
       -2.521899938583374
       -2.853899955749512
       -1.339900016784668
  -1.279999967664480E-002
  -9.780000150203705E-002
  -6.906999945640564E-001
       -1.054800033569336
       -1.285099983215332
       -1.086699962615967
  -9.399999864399433E-003
  -3.898999989032745E-001
   5.536000132560730E-001
   3.169000148773193E-001
   3.851999938488007E-001
   8.409000039100647E-001
   9.021000266075134E-001
   9.254000186920166E-001
        1.419100046157837
        2.367899894714356
        2.404900074005127
        1.795699954032898
        1.797000050544739
        1.937399983406067
        1.251700043678284
        1.863499999046326
        1.381000041961670
        2.334599971771240
        2.099100112915039
        2.152499914169312
   7.457000017166138E-001
  -1.200999990105629E-001
   6.632999777793884E-001
   6.865000128746033E-001
        1.140300035476685
        1.394400000572205
        1.302899956703186
        1.098799943923950
   6.302000284194946E-001
        1.043599963188171
   4.230999946594238E-001
        1.257300019264221
  -2.308000028133392E-001
        1.243999958038330
        1.867200016975403
        1.668900012969971
        1.974900007247925
        1.740200042724609
   9.621000289916992E-001
   1.421000063419342E-001
   9.453999996185303E-001
        1.143599987030029
        2.283699989318848
        1.468999981880188
   1.134999990463257E-001
  -4.280000180006027E-002
   8.129999786615372E-002
   1.986999958753586E-001
  -6.930000185966492E-001
       -2.168499946594238
       -2.863399982452393
       -2.185400009155273
       -2.081399917602539
       -1.659999966621399
       -1.413100004196167
  -4.616000056266785E-001
  -2.623000144958496E-001
  -9.491999745368958E-001
       -1.946699976921082
       -1.056499958038330
  -3.551000058650971E-001
   8.500000461935997E-003
   3.161999881267548E-001
   5.281000137329102E-001
  -3.359999880194664E-002
   3.991999924182892E-001
   6.146000027656555E-001
   9.077000021934509E-001
        1.599799990653992
        1.919000029563904
        2.442600011825562
        1.480299949645996
        1.874500036239624
        1.749899983406067
        1.929499983787537
        1.913800001144409
        2.546799898147583
        2.022500038146973
        2.054199934005737
        1.443500041961670
   4.562999904155731E-001
   2.628999948501587E-001
        1.046499967575073
   7.998999953269959E-001
   5.371999740600586E-001
   3.869999945163727E-001
   2.572999894618988E-001
   3.150000050663948E-002
   3.027000129222870E-001
        1.291200041770935
        1.033699989318848
   3.522000014781952E-001
        1.215899944305420
        2.094500064849854
        1.818099975585938
        1.426900029182434
        1.646600008010864
        1.624500036239624
        1.381700038909912
   8.988999724388123E-001
        1.410300016403198
        1.291200041770935
        1.966899991035461
        1.981400012969971
   5.354999899864197E-001
  -3.648999929428101E-001
   1.520000025629997E-002
  -9.470000118017197E-002
  -6.682000160217285E-001
  -8.267999887466431E-001
       -2.322200059890747
       -1.912400007247925
       -2.131000041961670
       -1.676599979400635
       -1.513800024986267
  -4.684000015258789E-001
  -2.466000020503998E-001
       -1.205100059509277
  -8.101999759674072E-001
       -1.534100055694580
  -4.560999870300293E-001
   2.702000141143799E-001
   2.786999940872192E-001
   3.585000038146973E-001
   5.430999994277954E-001
   1.234000027179718E-001
   7.849000096321106E-001
        1.862900018692017
        1.258599996566773
        1.614899992942810
        2.056299924850464
        1.746700048446655
        1.263900041580200
        1.681300044059753
        2.098999977111816
        1.986899971961975
        2.030499935150147
        2.155800104141235
        2.238199949264526
        1.442399978637695
        1.090399980545044
   5.188000202178955E-001
   8.160000294446945E-002
   3.916999995708466E-001
   6.618999838829041E-001
   5.888000130653381E-001
   3.440000116825104E-002
   7.325999736785889E-001
        1.038599967956543
   3.161999881267548E-001
        1.013700008392334
   5.827000141143799E-001
        2.212100028991699
        2.482700109481812
        2.572299957275391
        2.723700046539307
        2.386300086975098
        2.809999942779541
        1.733899950981140
        1.679900050163269
        1.973399996757507
        2.498699903488159
        3.454699993133545
        1.741700053215027
   3.231000006198883E-001
   4.800000041723251E-002
   3.305999934673309E-001
  -3.043000102043152E-001
  -5.325000286102295E-001
  -8.652999997138977E-001
       -1.470000028610230
  -8.094000220298767E-001
       -1.322000026702881
       -1.292400002479553
  -8.478999733924866E-001
       -1.357300043106079
       -1.112699985504150
       -1.723399996757507
       -1.607499957084656
       -1.377300024032593
  -6.881999969482422E-001
  -1.138999983668327E-001
   9.308000206947327E-001
   5.055000185966492E-001
   4.605000019073486E-001
   3.339000046253204E-001
        1.464599967002869
        1.254799962043762
        1.335800051689148
   7.243999838829041E-001
        1.513399958610535
        1.129099965095520
        2.162600040435791
        1.777699947357178
        1.552600026130676
        1.557899951934815
        1.598299980163574
        1.907199978828430
        2.055099964141846
        1.135900020599365
  -6.819999963045120E-002
  -2.252999991178513E-001
   7.863000035285950E-001
   1.467999964952469E-001
   3.752999901771545E-001
   2.004999965429306E-001
   1.933999955654144E-001
   7.085000276565552E-001
   7.149000167846680E-001
   8.798000216484070E-001
        1.106099963188171
   8.385999798774719E-001
        3.070499897003174
        3.054500102996826
        3.443599939346314
        2.165199995040894
        1.499300003051758
        2.361999988555908
        1.932000041007996
        1.956400036811829
        2.128200054168701
        3.094099998474121
        2.970000028610230
        1.659899950027466
   9.649999737739563E-001
   5.123000144958496E-001
  -6.639999896287918E-002
  -3.932999968528748E-001
  -5.292000174522400E-001
  -3.589000105857849E-001
  -5.077000260353088E-001
  -5.340999960899353E-001
  -6.406000256538391E-001
       -1.379400014877319
  -6.377000212669373E-001
       -1.138200044631958
       -2.299599885940552
       -2.362400054931641
       -2.341900110244751
  -9.298999905586243E-001
  -5.946999788284302E-001
  -3.944000005722046E-001
        1.247300028800964
   5.457000136375427E-001
   1.216000020503998E-001
   1.395999938249588E-001
   5.097000002861023E-001
        1.061300039291382
        1.313400030136108
        1.051900029182434
        1.399700045585632
        1.453400015830994
        1.612100005149841
        1.725499987602234
        2.026799917221069
        2.486500024795532
        2.690599918365479
        2.081700086593628
        1.473199963569641
        1.087900042533875
  -4.774999916553497E-001
  -3.330999910831451E-001
  -4.792999923229218E-001
  -1.649999991059303E-002
  -2.737999856472015E-001
  -3.901999890804291E-001
  -2.198999971151352E-001
   1.090999990701675E-001
   6.941000223159790E-001
   4.860999882221222E-001
   6.509000062942505E-001
  -8.395000100135803E-001
        2.163700103759766
        3.599900007247925
        2.641999959945679
        1.985499978065491
        1.509199976921082
        1.366799950599670
        2.831199884414673
        2.217299938201904
        3.119999885559082
        2.741800069808960
        1.274000048637390
        1.503299951553345
   4.120000004768372E-001
   3.082999885082245E-001
  -7.229999899864197E-001
  -9.394000172615051E-001
  -3.386000096797943E-001
   2.517000138759613E-001
   3.188000023365021E-001
  -9.939999878406525E-002
  -7.691000103950501E-001
  -3.995999991893768E-001
       -1.207700014114380
       -1.358899950981140
       -1.624699950218201
       -2.160200119018555
       -2.334599971771240
       -1.557000041007996
  -8.492000102996826E-001
   7.368999719619751E-001
        1.442299962043762
        1.225800037384033
   7.944999933242798E-001
   9.732999801635742E-001
   3.533999919891357E-001
        1.776800036430359
        1.950999975204468
   5.507000088691711E-001
        1.341699957847595
        1.993600010871887
        1.817999958992004
        2.841000080108643
        1.990700006484985
        2.079999923706055
        2.321500062942505
        1.983199954032898
        1.279199957847595
   1.713999956846237E-001
   1.279000043869019E-001
  -5.119999870657921E-002
  -9.269999712705612E-002
   2.026000022888184E-001
  -3.406000137329102E-001
  -1.860000044107437E-001
   8.314999938011169E-001
   8.630999922752380E-001
        1.005499958992004
   4.621999859809876E-001
   2.348999977111816E-001
  -5.712000131607056E-001
        2.914099931716919
        1.667000055313110
        1.824200034141541
        1.522300004959106
   9.100999832153320E-001
        1.541200041770935
        2.305099964141846
        1.907600045204163
        2.491100072860718
        2.104799985885620
        1.828500032424927
   7.910000085830689E-001
   7.605999708175659E-001
  -4.120999872684479E-001
       -1.111400008201599
       -1.713600039482117
  -7.530000209808350E-001
   6.373000144958496E-001
        1.014999985694885
   7.329999655485153E-002
  -2.345000058412552E-001
  -6.747000217437744E-001
       -1.664800047874451
       -2.281500101089478
       -1.876999974250794
       -2.560600042343140
       -2.468800067901611
       -1.668599963188171
  -2.124000042676926E-001
        1.023699998855591
        1.792299985885620
        1.568300008773804
   9.302999973297119E-001
   9.765999913215637E-001
   4.824999868869782E-001
   8.266000151634216E-001
        1.514600038528442
        1.786999940872192
        1.911999940872192
        2.200099945068359
        2.082099914550781
        2.800600051879883
        1.987699985504150
        1.806900024414063
        1.442800045013428
        1.868999958038330
        1.338199973106384
   8.144000172615051E-001
   3.648000061511993E-001
   8.944000005722046E-001
   1.547999978065491E-001
       -1.246500015258789
  -8.839999884366989E-002
   3.404999971389771E-001
   9.355000257492065E-001
        1.424499988555908
   9.912999868392944E-001
  -2.099999934434891E-001
   5.730000138282776E-002
   4.864999949932098E-001
        2.052200078964233
        1.725399971008301
        1.717599987983704
        1.343600034713745
   6.383000016212463E-001
        1.290199995040894
        1.336400032043457
        2.246599912643433
        1.960199952125549
        1.996000051498413
        2.041199922561646
   9.739000201225281E-001
  -4.255999922752380E-001
  -6.345000267028809E-001
  -4.415999948978424E-001
       -1.393599987030029
  -3.989000022411346E-001
   8.009999990463257E-002
   7.228999733924866E-001
  -3.849999979138374E-002
   3.314000070095062E-001
  -9.957000017166138E-001
       -1.241899967193604
       -1.425300002098084
       -1.988499999046326
       -3.033400058746338
       -3.551399946212769
       -1.691499948501587
  -7.828999757766724E-001
   4.232999980449677E-001
   5.101000070571899E-001
        1.311499953269959
   1.894000023603439E-001
   3.463999927043915E-001
   4.973999857902527E-001
   8.549000024795532E-001
   5.792000293731690E-001
        1.434700012207031
        1.753000020980835
        2.518399953842163
        1.489799976348877
        1.552700042724609
        1.599300026893616
   7.354999780654907E-001
        1.507500052452087
        1.662999987602234
        1.301900029182434
  -1.477999985218048E-001
   2.539999969303608E-002
       -1.127599954605103
   3.589000105857849E-001
  -3.425999879837036E-001
  -1.756999939680100E-001
   5.181999802589417E-001
   8.837000131607056E-001
  -1.106000021100044E-001
  -1.026000007987022E-001
  -6.207000017166138E-001
  -9.387000203132629E-001
   1.039000004529953E-001
        1.794899940490723
        1.335399985313416
        1.212100028991699
   9.132999777793884E-001
   5.026999711990356E-001
        1.052000045776367
        1.256800055503845
        1.749699950218201
        1.673699975013733
        1.124400019645691
   9.749000072479248E-001
        1.122200012207031
   6.280999779701233E-001
  -1.367000043392181E-001
       -1.090899944305420
  -7.204999923706055E-001
       -1.325799942016602
   1.349000036716461E-001
  -4.260999858379364E-001
  -1.644999980926514E-001
  -5.234000086784363E-001
  -9.880999922752380E-001
  -6.022999882698059E-001
       -1.581400036811829
       -2.545900106430054
       -2.768800020217896
       -2.340500116348267
       -1.177999973297119
  -6.172000169754028E-001
   1.173999980092049E-001
  -1.149000003933907E-001
   9.674999713897705E-001
   5.795000195503235E-001
   2.329999953508377E-001
  -2.867999970912933E-001
  -3.786999881267548E-001
   1.352999955415726E-001
   2.248000055551529E-001
        1.118000030517578
        1.867799997329712
        1.619500041007996
   6.262999773025513E-001
   6.583999991416931E-001
   3.147999942302704E-001
   6.564000248908997E-001
   6.793000102043152E-001
   1.193000003695488E-001
  -2.381999939680100E-001
  -8.460000157356262E-002
  -6.669999957084656E-001
  -1.058999970555306E-001
  -2.920000068843365E-002
   3.628999888896942E-001
        1.228500008583069
   4.826999902725220E-001
   2.524000108242035E-001
   7.590000331401825E-002
       -1.077800035476685
       -1.239899992942810
       -1.041800022125244
   5.426999926567078E-001
        1.342200040817261
        1.258599996566773
        1.335199952125549
        1.837900042533875
        2.343699932098389
        1.892099976539612
        1.360100030899048
        1.017099976539612
   8.704000115394592E-001
        1.069900035858154
        1.022099971771240
   2.642000019550324E-001
   2.282000035047531E-001
  -2.788000106811523E-001
  -4.850000143051148E-001
  -4.783999919891357E-001
   2.870000004768372E-001
   4.839999973773956E-001
   3.883999884128571E-001
  -4.210999906063080E-001
  -1.142000034451485E-001
  -2.469000071287155E-001
  -9.101999998092651E-001
       -1.816900014877319
       -2.533900022506714
       -1.783800005912781
       -1.493600010871887
   1.523000001907349E-001
  -2.017000019550324E-001
  -1.093000024557114E-001
  -3.535999953746796E-001
   5.835000276565552E-001
   4.602999985218048E-001
  -6.165999770164490E-001
  -6.514000296592712E-001
  -9.115999937057495E-001
  -3.846000134944916E-001
   1.500000059604645E-001
        1.623000025749207
        2.017499923706055
        1.860499978065491
        1.442999958992004
   3.610999882221222E-001
   2.261999994516373E-001
   1.808999925851822E-001
  -2.155999988317490E-001
       -1.251299977302551
  -6.251000165939331E-001
  -2.414000034332275E-001
  -6.736000180244446E-001
  -6.225000023841858E-001
  -9.703999757766724E-001
   6.399999838322401E-003
   3.510000109672546E-001
   4.870000109076500E-002
  -5.748999714851379E-001
  -9.559000134468079E-001
  -3.808999955654144E-001
  -5.267000198364258E-001
  -4.702000021934509E-001
   8.630999922752380E-001
        1.016800045967102
   6.407999992370606E-001
   5.115000009536743E-001
        1.685099959373474
        1.847800016403198
        1.006899952888489
   1.952999979257584E-001
   5.859000086784363E-001
   9.670000076293945E-001
   9.305999875068665E-001
   8.542000055313110E-001
   3.772999942302704E-001
   6.021000146865845E-001
  -2.779999971389771E-001
  -6.801999807357788E-001
   3.174000084400177E-001
   2.679999917745590E-002
   1.676999926567078E-001
  -1.455000042915344E-001
  -6.053000092506409E-001
  -9.239000082015991E-001
       -1.141399979591370
       -1.935500025749207
       -2.764300107955933
       -2.022599935531616
       -1.325000047683716
  -6.870000064373016E-002
  -6.550999879837036E-001
  -7.882999777793884E-001
  -4.262000024318695E-001
  -6.407999992370606E-001
  -3.869999945163727E-002
  -3.847000002861023E-001
  -7.121999859809876E-001
       -1.498299956321716
  -4.234000146389008E-001
   6.797000169754028E-001
        1.619899988174439
        1.389700055122376
        1.174100041389465
   4.616999924182892E-001
  -4.981999993324280E-001
  -2.390999943017960E-001
  -4.975999891757965E-001
  -6.790000200271606E-001
       -1.272600054740906
       -1.356199979782105
       -1.409299969673157
       -2.268599987030029
       -1.982599973678589
       -1.878800034523010
       -1.179399967193604
  -3.971999883651733E-001
  -2.371000051498413E-001
  -2.892999947071075E-001
  -9.837999939918518E-001
  -1.582999974489212E-001
  -2.117999941110611E-001
   6.283000111579895E-001
        1.245599985122681
   7.840999960899353E-001
        1.032099962234497
   7.487999796867371E-001
        1.736600041389465
        1.879099965095520
        1.077600002288818
   5.350999832153320E-001
   7.450000047683716E-001
  -1.240000035613775E-002
   1.680999994277954E-001
  -2.325000017881393E-001
  -1.189000010490418E-001
  -2.046999931335449E-001
  -4.219999909400940E-001
  -5.695999860763550E-001
   3.154999911785126E-001
  -1.749999970197678E-001
  -3.488000035285950E-001
  -2.714999914169312E-001
       -1.133800029754639
       -1.321799993515015
       -2.015799999237061
       -1.987300038337708
       -2.480400085449219
       -1.904099941253662
       -1.279800057411194
   1.720000058412552E-001
       -1.089400053024292
       -1.493399977684021
       -1.416499972343445
       -1.365800023078919
   1.212000027298927E-001
       -1.402600049972534
  -4.584000110626221E-001
       -1.148599982261658
       -1.460899949073792
   1.837999969720841E-001
   5.378999710083008E-001
   5.947999954223633E-001
   7.709000110626221E-001
   1.023999974131584E-001
  -5.849999934434891E-002
  -3.824999928474426E-001
       -1.009799957275391
       -1.070799946784973
       -1.459200024604797
       -1.702100038528442
       -1.661399960517883
       -2.181699991226196
       -1.657699942588806
       -1.370200037956238
  -9.631999731063843E-001
  -5.859000086784363E-001
  -5.637000203132629E-001
   1.590000092983246E-002
  -6.554999947547913E-001
  -1.790000051259995E-001
   2.702000141143799E-001
   7.383000254631043E-001
   8.748999834060669E-001
   2.255000025033951E-001
   4.884999990463257E-001
        1.148300051689148
        1.175400018692017
        1.589100003242493
   2.452999949455261E-001
  -2.110999971628189E-001
   1.890999972820282E-001
  -2.300000041723251E-001
  -2.775000035762787E-001
  -4.930999875068665E-001
   2.083999961614609E-001
   3.012000024318695E-001
  -4.769999980926514E-001
  -5.113999843597412E-001
  -6.639999896287918E-002
   3.050999939441681E-001
  -4.381000101566315E-001
  -5.570999979972839E-001
  -9.499999880790710E-001
       -1.075399994850159
       -1.903399944305420
       -1.507599949836731
       -2.350100040435791
       -1.706699967384338
  -6.172999739646912E-001
   4.147000014781952E-001
   4.010000079870224E-002
       -1.024500012397766
       -1.718999981880188
       -1.020400047302246
  -8.377000093460083E-001
       -1.337599992752075
       -1.831300020217896
  -8.608000278472900E-001
  -9.761000275611877E-001
  -6.201000213623047E-001
   6.482999920845032E-001
   3.779999911785126E-001
   3.384000062942505E-001
  -4.517999887466431E-001
  -8.960000276565552E-001
  -5.419999957084656E-001
  -7.997000217437744E-001
       -1.024399995803833
       -1.081799983978272
       -2.036099910736084
       -2.407599925994873
       -1.771000027656555
       -1.655900001525879
  -7.495999932289124E-001
       -1.345399975776672
       -1.555699944496155
       -1.503700017929077
  -9.174000024795532E-001
  -9.042000174522400E-001
  -9.154999852180481E-001
  -4.210000038146973E-001
        1.157799959182739
        1.832599997520447
   3.215000033378601E-001
  -7.329999655485153E-002
   5.105000138282776E-001
        1.029199957847595
   7.577000260353088E-001
   1.238999962806702E-001
  -8.077999949455261E-001
  -5.195000171661377E-001
  -3.777999877929688E-001
       -1.277300000190735
  -3.023000061511993E-001
   2.211000025272369E-001
   3.140000104904175E-001
   3.686000108718872E-001
  -5.788999795913696E-001
  -9.940999746322632E-001
   2.749999985098839E-002
  -3.373000025749207E-001
       -1.130200028419495
       -1.169100046157837
       -1.419899940490723
       -1.229200005531311
       -1.887199997901917
       -1.983399987220764
       -2.045300006866455
  -7.574999928474426E-001
   4.100000020116568E-003
   6.718000173568726E-001
  -5.491999983787537E-001
       -1.509699940681458
       -1.843500018119812
  -9.104999899864197E-001
  -3.952000141143799E-001
       -1.214900016784668
       -1.457800030708313
       -1.207499980926514
       -1.167899966239929
  -1.270000040531158E-001
   9.448999762535095E-001
   9.258000254631043E-001
  -1.824000030755997E-001
  -4.047999978065491E-001
  -4.462000131607056E-001
  -5.271999835968018E-001
       -1.271900057792664
       -1.748299956321716
       -2.165899991989136
       -1.640100002288818
       -1.160899996757507
  -8.554999828338623E-001
  -8.839999884366989E-002
       -1.412400007247925
       -1.525099992752075
  -9.314000010490418E-001
  -5.257999897003174E-001
  -9.830999970436096E-001
  -8.597000241279602E-001
  -8.702999949455261E-001
        1.449699997901917
        1.537099957466126
        1.368700027465820
   4.654999971389771E-001
   4.420999884605408E-001
        1.259899973869324
   5.885000228881836E-001
   4.787000119686127E-001
  -3.465999960899353E-001
  -9.433000087738037E-001
  -9.264000058174133E-001
  -9.031000137329102E-001
  -9.411000013351440E-001
  -2.786000072956085E-001
  -2.126999944448471E-001
   9.239999949932098E-002
       -1.067999958992004
  -5.709000229835510E-001
  -3.310000002384186E-001
  -3.607999980449677E-001
  -4.749999940395355E-001
       -1.097300052642822
       -1.294700026512146
       -1.266899943351746
       -1.230299949645996
  -9.484999775886536E-001
       -1.502200007438660
       -1.569599986076355
       -1.266100049018860
  -6.047999858856201E-001
  -9.261000156402588E-001
       -1.013599991798401
  -4.812999963760376E-001
  -7.190999984741211E-001
       -1.440799951553345
       -1.433400034904480
       -1.371799945831299
       -1.315400004386902
  -9.631999731063843E-001
   2.019000053405762E-001
        1.041200041770935
   2.401999980211258E-001
  -3.576000034809113E-001
  -8.866000175476074E-001
  -7.919999957084656E-001
  -9.927999973297119E-001
       -1.296100020408630
       -1.878000020980835
       -1.797000050544739
       -2.357399940490723
       -1.118399977684021
  -4.589999914169312E-001
       -1.112599968910217
  -9.635999798774719E-001
  -5.626999735832214E-001
  -1.221000030636787E-001
  -5.946000218391419E-001
       -1.900500059127808
       -1.456400036811829
       -1.884099960327148
        1.554800033569336
        1.266199946403503
        1.400099992752075
  -1.363999992609024E-001
   4.054999947547913E-001
   5.993999838829041E-001
        1.515799999237061
        1.166300058364868
   2.949999868869782E-001
  -5.533999800682068E-001
       -1.010499954223633
       -1.600499987602234
  -9.883000254631043E-001
  -2.465000003576279E-001
   3.027999997138977E-001
       -1.206699967384338
  -8.869000077247620E-001
  -9.545999765396118E-001
  -1.560000032186508E-001
  -5.353999733924866E-001
       -1.061900019645691
  -3.871999979019165E-001
  -8.303999900817871E-001
  -7.034999728202820E-001
  -1.914999932050705E-001
  -3.235000073909760E-001
  -8.768000006675720E-001
  -6.621999740600586E-001
       -1.354599952697754
       -1.621099948883057
       -1.690999984741211
  -4.251999855041504E-001
  -4.722000062465668E-001
  -3.088999986648560E-001
  -1.542000025510788E-001
  -9.635999798774719E-001
  -8.323000073432922E-001
  -5.024999976158142E-001
  -5.618000030517578E-001
  -2.053000032901764E-001
   1.375000029802322E-001
   6.396999955177307E-001
  -1.385000050067902E-001
       -1.112499952316284
       -1.279899954795837
       -1.210500001907349
       -1.825399994850159
       -1.927299976348877
       -1.411900043487549
  -8.091999888420105E-001
       -2.185600042343140
       -2.423799991607666
       -1.885100007057190
       -1.422500014305115
  -4.767999947071075E-001
   5.460000038146973E-001
  -3.889000117778778E-001
  -4.893000125885010E-001
  -9.578999876976013E-001
       -1.108700037002564
   7.710999846458435E-001
   3.371999859809876E-001
   2.605000138282776E-001
  -8.184999823570252E-001
  -3.779999911785126E-002
   1.527999937534332E-001
   2.035000026226044E-001
   9.304000139236450E-001
   7.810000330209732E-002
   5.877000093460083E-001
  -7.339999824762344E-002
  -7.447000145912170E-001
       -1.552999973297119
       -1.295600056648254
  -8.521999716758728E-001
       -1.223999977111816
  -6.294000148773193E-001
   4.890000075101852E-002
   4.316999912261963E-001
   5.554999709129334E-001
  -4.794999957084656E-001
   1.643999963998795E-001
   3.052999973297119E-001
  -5.110000073909760E-002
   2.648999989032745E-001
  -4.520000144839287E-002
  -8.906999826431274E-001
  -7.962999939918518E-001
       -1.222200036048889
       -1.596199989318848
       -1.109599947929382
  -4.535999894142151E-001
  -2.712000012397766E-001
  -2.592000067234039E-001
  -2.333000004291534E-001
  -8.542000055313110E-001
  -3.885000050067902E-001
  -8.130999803543091E-001
       -1.001000046730042
       -1.175300002098084
  -8.758000135421753E-001
  -5.015000104904175E-001
       -2.270800113677979
       -1.672000050544739
       -1.592100024223328
       -1.209100008010864
  -8.118000030517578E-001
       -1.275599956512451
       -1.064900040626526
       -1.430899977684021
       -1.700299978256226
       -2.179600000381470
       -1.414199948310852
       -1.807700037956238
  -6.388999819755554E-001
  -4.300999939441681E-001
  -5.282999873161316E-001
  -4.530000090599060E-001
  -6.901000142097473E-001
       -1.258900046348572
   6.338999867439270E-001
  -1.932999938726425E-001
  -6.580000370740891E-002
  -9.848999977111816E-001
  -2.197999954223633E-001
  -8.759999871253967E-001
  -1.499999966472387E-002
   8.770000189542770E-002
   2.495999932289124E-001
  -3.289999961853027E-001
  -3.172999918460846E-001
  -4.611999988555908E-001
       -1.029600024223328
       -2.115400075912476
  -9.848999977111816E-001
  -2.146999984979630E-001
   5.590999722480774E-001
  -1.173999980092049E-001
   4.817999899387360E-001
        1.179499983787537
   7.329999804496765E-001
  -4.119000136852264E-001
   1.992000043392181E-001
   5.803999900817871E-001
   8.331999778747559E-001
   2.942000031471252E-001
   3.299999982118607E-003
   2.099999925121665E-003
  -7.454000115394592E-001
  -3.393000066280365E-001
  -1.991000026464462E-001
  -4.487000107765198E-001
  -3.323000073432922E-001
  -2.707999944686890E-001
  -3.937999904155731E-001
  -2.187999933958054E-001
  -2.270000055432320E-002
   2.515000104904175E-001
  -6.200000047683716E-001
       -1.458299994468689
       -1.419199943542481
       -2.036400079727173
       -1.927299976348877
       -1.115300059318543
       -1.294700026512146
   5.160000175237656E-002
  -6.265000104904175E-001
       -1.103000044822693
       -1.322999954223633
  -5.946999788284302E-001
       -1.071300029754639
       -1.667400002479553
  -4.135999977588654E-001
       -1.215199947357178
  -9.225999712944031E-001
       -1.212800025939941
   4.890000075101852E-002
  -2.302999943494797E-001
  -1.618999987840653E-001
  -9.308000206947327E-001
  -8.850000053644180E-002
   5.159999728202820E-001
       -1.492799997329712
       -1.504400014877319
       -1.150599956512451
  -5.425000190734863E-001
  -1.416999995708466E-001
  -1.058999970555306E-001
  -2.527000010013580E-001
  -2.352000027894974E-001
   7.519999891519547E-002
   4.778999984264374E-001
  -8.784000277519226E-001
  -5.406000018119812E-001
   1.720999926328659E-001
        1.350600004196167
   4.920000135898590E-001
   5.253999829292297E-001
        1.061599969863892
        1.137599945068359
        1.833699941635132
   7.196000218391419E-001
  -8.839999884366989E-002
   5.150000005960465E-002
   9.348999857902527E-001
   5.105000138282776E-001
   6.866000294685364E-001
   8.946999907493591E-001
   2.759000062942505E-001
        1.061200022697449
        1.020099997520447
   5.185999870300293E-001
  -2.910999953746796E-001
   1.279000043869019E-001
   5.029999837279320E-002
   1.137999966740608E-001
   2.111999988555908E-001
  -1.692000031471252E-001
  -2.149000018835068E-001
  -8.639000058174133E-001
       -1.622099995613098
       -1.877400040626526
       -1.529399991035461
  -7.644000053405762E-001
       -1.087599992752075
   1.947000026702881E-001
   1.479000002145767E-001
  -3.688000142574310E-001
   7.460000365972519E-002
   1.053000018000603E-001
  -8.687999844551086E-001
  -1.387999951839447E-001
  -9.886999726295471E-001
  -7.131000161170960E-001
  -6.805999875068665E-001
  -9.602000117301941E-001
  -6.097999811172485E-001
  -7.757999897003174E-001
  -7.509999722242355E-002
  -6.782000064849854E-001
  -5.855000019073486E-001
  -7.010999917984009E-001
       -1.401499986648560
       -1.154800057411194
  -3.139999881386757E-002
   4.056999981403351E-001
  -3.558000028133392E-001
   2.084999978542328E-001
   1.119000017642975E-001
   6.898999810218811E-001
   8.374000191688538E-001
   3.456999957561493E-001
   6.250000000000000E-002
   6.553999781608582E-001
   8.708999752998352E-001
  -8.760000020265579E-002
   5.383999943733215E-001
   7.089999914169312E-001
        1.518399953842163
        1.070500016212463
        1.706699967384338
   2.851000130176544E-001
  -1.779000014066696E-001
   1.054000034928322E-001
  -2.125000059604645E-001
        1.084699988365173
   5.497000217437744E-001
        1.147400021553040
  -6.340000033378601E-002
   9.593999981880188E-001
        1.016100049018860
        1.115100026130676
   6.646999716758728E-001
   8.506000041961670E-001
   4.905999898910523E-001
   6.349999904632568E-001
   2.120999991893768E-001
   7.480999827384949E-001
  -2.356999963521957E-001
  -6.369000077247620E-001
       -1.324800014495850
       -1.742699980735779
  -8.485999703407288E-001
  -8.489999771118164E-001
       -1.302199959754944
  -5.024999976158142E-001
   3.499000072479248E-001
   1.960999965667725E-001
   1.610000059008598E-002
  -4.343999922275543E-001
  -8.644000291824341E-001
  -6.793000102043152E-001
       -1.190000057220459
       -1.132400035858154
  -8.636999726295471E-001
       -1.162999987602234
  -7.997000217437744E-001
  -1.914999932050705E-001
  -8.180000185966492E-001
  -9.779000282287598E-001
       -1.080299973487854
       -1.430099964141846
       -1.112100005149841
  -2.797000110149384E-001
   4.444999992847443E-001
   5.139999836683273E-002
  -1.780000030994415E-001
   5.288000106811523E-001
        1.170300006866455
   8.432999849319458E-001
   8.708000183105469E-001
   7.858999967575073E-001
  -2.554999887943268E-001
   2.099999971687794E-002
  -3.501999974250794E-001
  -3.057999908924103E-001
   4.467000067234039E-001
   7.559000253677368E-001
        1.913900017738342
        1.426200032234192
        1.252200007438660
        1.493399977684021
   1.268000006675720E-001
  -4.257000088691711E-001
   1.233000010251999E-001
  -5.040000006556511E-002
   2.508000135421753E-001
        1.071099996566773
        1.068099975585938
        1.572199940681458
        1.843799948692322
        1.074699997901917
   6.166999936103821E-001
        2.121200084686279
   5.708000063896179E-001
   4.575999975204468E-001
   2.061000019311905E-001
   3.357000052928925E-001
   1.925999969244003E-001
   7.100000046193600E-003
  -4.611000120639801E-001
       -1.618999958038330
       -2.053800106048584
  -7.358999848365784E-001
       -1.438099980354309
  -8.338999748229981E-001
   7.993999719619751E-001
   2.347999960184097E-001
   1.985000073909760E-001
  -3.231999874114990E-001
   4.668999910354614E-001
  -8.278999924659729E-001
  -6.042000055313110E-001
       -1.067600011825562
       -1.350700020790100
       -2.003599882125855
       -1.271199941635132
       -1.297199964523315
  -1.797000020742416E-001
  -1.759999990463257E-002
       -1.306200027465820
       -1.598199963569641
       -1.561599969863892
  -5.666999816894531E-001
   3.084999918937683E-001
  -8.370000123977661E-002
   6.757000088691711E-001
   9.297999739646912E-001
        1.270699977874756
        1.015599966049194
   1.591999977827072E-001
   2.789999917149544E-002
  -6.205000281333923E-001
  -1.799999922513962E-002
  -5.699999928474426E-001
   3.258999884128571E-001
   3.500000014901161E-002
   6.700999736785889E-001
        1.103800058364868
   9.848999977111816E-001
   7.404999732971191E-001
  -1.624000072479248E-001
  -3.725999891757965E-001
  -4.296000003814697E-001
       -1.341099977493286
  -2.125999927520752E-001
   1.220000013709068E-001
   9.649000167846680E-001
        1.172099947929382
        1.421800017356873
        1.076500058174133
   5.127999782562256E-001
   6.126999855041504E-001
        1.382500052452087
   7.896000146865845E-001
   3.206999897956848E-001
   2.999999932944775E-002
  -3.350000083446503E-002
   3.016000092029572E-001
  -4.332000017166138E-001
  -5.540999770164490E-001
       -1.118899941444397
       -1.026000022888184
  -6.266999840736389E-001
  -7.386999726295471E-001
   1.124999970197678E-001
   2.610000073909760E-001
  -1.309999972581863E-001
  -2.029999941587448E-001
  -2.467000037431717E-001
   7.999999797903001E-004
  -6.338000297546387E-001
  -1.059999987483025E-001
  -8.837000131607056E-001
  -4.857999980449677E-001
       -2.173099994659424
       -2.437000036239624
       -1.691300034523010
  -4.553000032901764E-001
   6.099999882280827E-003
       -1.350999951362610
       -1.324699997901917
  -6.797999739646912E-001
  -3.420000150799751E-002
   2.811000049114227E-001
   3.106000125408173E-001
  -3.350999951362610E-001
   7.148000001907349E-001
   4.365000128746033E-001
   1.099999994039536E-002
  -2.476000040769577E-001
  -5.240000039339066E-002
  -1.717000007629395E-001
   7.689999938011169E-001
   2.759999968111515E-002
   8.850000053644180E-002
   5.207999944686890E-001
   1.753000020980835E-001
        1.259999990463257
   2.433000057935715E-001
   1.653999984264374E-001
       -1.027999997138977
  -7.753999829292297E-001
  -7.315999865531921E-001
  -4.690999984741211E-001
  -4.435999989509583E-001
  -8.956999778747559E-001
  -2.347999960184097E-001
  -2.199999988079071E-003
        1.030699968338013
        1.110800027847290
  -2.924999892711639E-001
   5.680000185966492E-001
        1.001999974250794
        1.069300055503845
        1.216099977493286
   8.766000270843506E-001
   2.545000016689301E-001
   2.027000039815903E-001
  -1.609999984502792E-001
  -9.129999876022339E-001
  -8.833000063896179E-001
  -5.059000253677368E-001
  -1.159999966621399E-001
  -8.909000158309937E-001
  -4.363000094890595E-001
   1.890999972820282E-001
  -2.529000043869019E-001
   2.467000037431717E-001
   9.534000158309937E-001
   3.404999971389771E-001
  -1.150000020861626E-001
       -1.313300013542175
  -9.588000178337097E-001
       -1.525300025939941
       -1.742499947547913
       -1.638499975204468
       -1.568400025367737
       -1.105499982833862
       -1.252099990844727
       -1.135800004005432
       -1.204499959945679
  -8.608000278472900E-001
  -3.626999855041504E-001
  -2.515999972820282E-001
       -1.667299985885620
       -1.016000032424927
  -1.458999961614609E-001
  -2.100999951362610E-001
   2.003999948501587E-001
  -1.630000025033951E-001
   2.851999998092651E-001
   5.346999764442444E-001
   6.104000210762024E-001
   8.489999920129776E-002
  -6.258999705314636E-001
  -4.625999927520752E-001
  -2.590000070631504E-002
   1.189000010490418E-001
  -8.116000294685364E-001
  -9.409000277519226E-001
       -1.366400003433228
  -8.906999826431274E-001
  -5.559999942779541E-001
  -8.331000208854675E-001
  -4.970999956130981E-001
  -5.552999973297119E-001
   2.989000082015991E-001
   7.639999687671661E-002
   9.581999778747559E-001
   7.347999811172485E-001
   1.055999994277954E-001
  -9.472000002861023E-001
   1.943999975919724E-001
   5.439000129699707E-001
        1.380800008773804
   5.889000296592712E-001
   7.537999749183655E-001
   6.621000170707703E-001
   8.374000191688538E-001
   2.009000033140183E-001
   1.081999987363815E-001
  -1.846999973058701E-001
       -1.059700012207031
  -1.668000072240830E-001
  -3.411999940872192E-001
  -2.673000097274780E-001
   2.500000000000000E-001
   9.941999912261963E-001
        1.519600033760071
        1.182199954986572
   7.810000330209732E-002
  -5.649999976158142E-001
  -8.052999973297119E-001
       -1.636000037193298
       -2.049299955368042
       -1.993499994277954
       -1.328500032424927
  -7.858999967575073E-001
       -1.328199982643127
       -1.089100003242493
       -1.620100021362305
       -1.222800016403198
  -8.901000022888184E-001
  -5.652999877929688E-001
       -1.674800038337708
  -8.022999763488770E-001
  -2.777999937534332E-001
  -5.314999818801880E-001
  -8.507999777793884E-001
  -5.090000033378601E-001
   2.691999971866608E-001
   9.462000131607056E-001
   6.949999928474426E-002
   4.587000012397766E-001
   6.899999920278788E-003
  -1.403000056743622E-001
  -3.549999892711639E-001
  -2.675000131130219E-001
  -6.424999833106995E-001
       -1.097900032997131
       -1.112100005149841
       -1.050199985504150
       -1.627599954605103
  -8.317000269889832E-001
       -1.097399950027466
       -1.019899964332581
   3.837999999523163E-001
   5.900999903678894E-001
   8.959999680519104E-002
   1.528999954462051E-001
  -4.402999877929688E-001
  -8.147000074386597E-001
   3.767000138759613E-001
        1.522400021553040
        1.580399990081787
        1.664899945259094
        1.021299958229065
        1.229699969291687
        1.101300001144409
        1.898800015449524
        1.347100019454956
   5.892000198364258E-001
  -8.389999717473984E-002
   5.188999772071838E-001
   6.401000022888184E-001
   9.172999858856201E-001
   8.568999767303467E-001
        2.128299951553345
        1.340899944305420
   4.729000031948090E-001
  -6.859999895095825E-001
  -6.119999885559082E-001
       -1.606899976730347
       -1.931100010871887
       -2.641799926757813
       -1.581500053405762
  -7.445999979972839E-001
  -8.730999827384949E-001
  -6.521999835968018E-001
   4.470000043511391E-002
       -1.023300051689148
       -1.454800009727478
  -7.312999963760376E-001
  -4.656000137329102E-001
       -1.381600022315979
       -1.831300020217896
       -1.455000042915344
   3.700000047683716E-002
  -8.791000247001648E-001
  -5.526000261306763E-001
  -4.758000075817108E-001
  -7.169999927282333E-002
   2.617999911308289E-001
   5.766999721527100E-001
   1.243999972939491E-001
  -5.200999975204468E-001
  -1.368999928236008E-001
  -1.820000074803829E-002
       -1.085100054740906
  -9.711999893188477E-001
  -7.829999923706055E-001
  -3.059000074863434E-001
  -5.976999998092651E-001
  -6.322000026702881E-001
  -4.228000044822693E-001
  -8.672000169754028E-001
   1.342999935150147E-001
   7.577000260353088E-001
   7.925000190734863E-001
   3.828000128269196E-001
  -6.129999831318855E-002
  -2.549999952316284E-002
        1.245800018310547
        2.545399904251099
        2.478699922561646
        1.822900056838989
        2.190500020980835
        2.175499916076660
        2.126600027084351
        1.808400034904480
        1.124799966812134
   6.869999766349793E-001
   7.896999716758728E-001
        1.603600025177002
        1.386700034141541
        1.452299952507019
        2.009799957275391
        1.654700040817261
   3.300999999046326E-001
  -6.485999822616577E-001
  -3.758000135421753E-001
  -7.017999887466431E-001
       -1.029500007629395
       -1.424399971961975
       -2.218300104141235
       -1.515200018882752
  -7.602999806404114E-001
  -4.988000094890595E-001
       -1.022500038146973
   8.655999898910523E-001
  -5.034999847412109E-001
  -1.570000052452087E-001
  -2.908999919891357E-001
  -7.560999989509583E-001
  -5.060999989509583E-001
  -8.966000080108643E-001
  -6.003000140190125E-001
  -7.102000117301941E-001
  -9.440000057220459E-001
       -1.798599958419800
       -1.457999944686890
   6.840000301599503E-002
   3.903000056743622E-001
   6.150000169873238E-002
   5.372999906539917E-001
   6.819999814033508E-001
   2.492000013589859E-001
   5.116000175476074E-001
  -2.630000114440918E-001
       -1.225000023841858
  -5.213999748229981E-001
   2.576999962329865E-001
  -4.286000132560730E-001
       -1.475800037384033
  -2.948000133037567E-001
  -9.807999730110169E-001
  -7.292000055313110E-001
   3.064000010490418E-001
   9.106000065803528E-001
  -4.369999840855598E-002
   5.695999860763550E-001
   8.730000257492065E-001
        1.823400020599365
        2.537800073623657
        2.137799978256226
        3.199199914932251
        2.939300060272217
        2.926899909973145
        2.512099981307983
        1.974099993705750
        1.766499996185303
        1.758700013160706
        1.185899972915649
   8.659999966621399E-001
        1.317299962043762
        1.482599973678589
        1.307999968528748
   8.463000059127808E-001
   4.896999895572662E-001
  -1.962999999523163E-001
  -6.618999838829041E-001
  -9.521999955177307E-001
  -6.972000002861023E-001
       -1.814399957656860
       -1.500499963760376
  -7.039999961853027E-001
       -1.095800042152405
   7.400000095367432E-002
   1.319999992847443E-001
   5.148000121116638E-001
  -8.996999859809876E-001
  -6.970000267028809E-001
  -6.560999751091003E-001
  -8.465999960899353E-001
  -1.396999955177307E-001
  -6.018999814987183E-001
       -1.225399971008301
  -6.416000127792358E-001
       -1.078799962997437
       -1.879299998283386
       -1.222800016403198
  -7.634999752044678E-001
  -1.146000027656555E-001
   5.730000138282776E-001
   3.028999865055084E-001
   6.427000164985657E-001
  -3.093999922275543E-001
   8.360999822616577E-001
   5.200000014156103E-003
       -1.113199949264526
  -6.613000035285950E-001
  -4.476999938488007E-001
  -4.954999983310700E-001
  -4.724999964237213E-001
       -1.057000041007996
       -1.639899969100952
  -4.964999854564667E-001
  -6.740000098943710E-002
   4.873999953269959E-001
   1.063999980688095E-001
   8.029000163078308E-001
        1.369899988174439
        2.359299898147583
        2.410099983215332
        2.606699943542481
        2.498300075531006
        3.160500049591065
        2.556200027465820
        2.317800045013428
        2.044199943542481
        1.251999974250794
        1.749300003051758
        1.357499957084656
        1.261899948120117
        1.399099946022034
        1.024199962615967
   7.778999805450440E-001
   6.025999784469605E-001
        1.188300013542175
   7.664999961853027E-001
  -9.099000096321106E-001
       -1.525500059127808
  -7.789000272750855E-001
       -1.116500020027161
  -9.919000267982483E-001
  -6.923000216484070E-001
  -3.172000050544739E-001
  -1.453000009059906E-001
  -2.388000041246414E-001
  -9.160000085830689E-002
  -3.894000053405762E-001
  -2.845999896526337E-001
  -6.696000099182129E-001
  -3.020000085234642E-002
   3.109999932348728E-002
  -3.316999971866608E-001
  -1.658000051975250E-001
       -1.070099949836731
       -1.005100011825562
  -5.055000185966492E-001
       -1.405699968338013
       -1.227599978446960
   3.774999976158142E-001
   2.576999962329865E-001
   5.866000056266785E-001
  -1.685999929904938E-001
  -5.040000006556511E-002
   9.605000019073486E-001
   3.463000059127808E-001
  -3.740000128746033E-001
  -1.986999958753586E-001
  -3.409999907016754E-001
   9.510000050067902E-002
  -3.147000074386597E-001
  -2.360000014305115E-001
  -7.631000280380249E-001
  -7.221999764442444E-001
   5.985999703407288E-001
   2.199999988079071E-002
   2.002000063657761E-001
   4.223999977111816E-001
        1.168699979782105
        1.631899952888489
        2.026900053024292
        1.876799941062927
        1.676800012588501
        2.386300086975098
        2.453700065612793
        2.402600049972534
        1.632899999618530
   8.970000147819519E-001
   1.782999932765961E-001
        1.414700031280518
        1.464400053024292
        1.804900050163269
        2.058000087738037
        1.621899962425232
        1.113199949264526
   6.525999903678894E-001
   6.939999759197235E-002
  -3.300000131130219E-001
  -3.508999943733215E-001
  -7.602000236511231E-001
  -9.372000098228455E-001
  -1.904000043869019E-001
   2.619999945163727E-001
  -6.583999991416931E-001
  -4.559000134468079E-001
  -5.148000121116638E-001
   7.069999724626541E-002
  -6.215000152587891E-001
   1.152999997138977E-001
  -2.057999968528748E-001
   4.969999939203262E-002
  -1.773999929428101E-001
  -1.257999986410141E-001
  -1.076999977231026E-001
  -2.335000038146973E-001
   2.563000023365021E-001
   4.162000119686127E-001
  -1.090000011026859E-002
       -1.154999971389771
  -2.989000082015991E-001
   5.400000214576721E-001
   1.756000071763992E-001
  -4.140000045299530E-001
   2.723000049591065E-001
   5.870000123977661E-001
   8.120000362396240E-002
   5.016000270843506E-001
   2.698000073432922E-001
   1.933999955654144E-001
   2.594000101089478E-001
  -5.447999835014343E-001
       -1.556100010871887
  -7.609000205993652E-001
   1.614000052213669E-001
  -3.524999916553497E-001
  -6.872000098228455E-001
        1.120000004768372
        1.100200057029724
   4.672000110149384E-001
        1.604699969291687
        1.844499945640564
        1.812899947166443
        1.863700032234192
        1.519400000572205
        3.114500045776367
        1.410199999809265
        1.238299965858460
        1.205999970436096
   4.124999940395355E-001
   7.867000102996826E-001
        2.050800085067749
        1.166399955749512
        1.771100044250488
   8.051000237464905E-001
        1.443199992179871
   2.888999879360199E-001
   3.582000136375427E-001
  -7.408000230789185E-001
  -4.388999938964844E-001
  -6.866999864578247E-001
   4.666999876499176E-001
        1.016899943351746
   6.977999806404114E-001
  -1.674000024795532E-001
  -7.513999938964844E-001
  -3.398999869823456E-001
  -3.152000010013580E-001
  -1.867000013589859E-001
   1.400000043213368E-002
   5.924000144004822E-001
  -2.894000113010407E-001
  -3.754000067710877E-001
  -3.391999900341034E-001
  -9.315000176429749E-001
  -6.633999943733215E-001
  -4.374000132083893E-001
  -2.031999975442886E-001
   2.727000117301941E-001
  -1.444000005722046E-001
   8.399999737739563E-001
   7.836999893188477E-001
   7.100000232458115E-002
  -1.472000032663345E-001
   2.590000033378601E-001
   8.730999827384949E-001
   3.864000141620636E-001
  -1.379999984055758E-002
  -2.852999866008759E-001
   1.184000000357628E-001
   1.599999959580600E-003
  -8.682000041007996E-001
       -1.473600029945374
  -2.754000127315521E-001
  -1.383000016212463E-001
  -3.147999942302704E-001
   2.002000063657761E-001
   9.524000287055969E-001
        1.602599978446960
   5.762000083923340E-001
  -7.159999758005142E-002
   2.630999982357025E-001
        1.103299975395203
   7.360000014305115E-001
        1.044700026512146
        2.626499891281128
        1.453899979591370
        1.075999975204468
   8.255000114440918E-001
        1.555199980735779
        1.625100016593933
        1.507099986076355
   4.785000085830689E-001
        1.025599956512451
        1.055600047111511
   5.403000116348267E-001
   2.728999853134155E-001
   2.294999957084656E-001
  -3.725999891757965E-001
  -5.099999904632568E-002
  -6.430000066757202E-002
   1.940000057220459E-001
   2.924999892711639E-001
   5.083000063896179E-001
   9.699000120162964E-001
   1.759999990463257E-001
  -4.264000058174133E-001
  -1.150999963283539E-001
       -1.125399947166443
  -8.634999990463257E-001
  -2.953999936580658E-001
  -5.008999705314636E-001
  -8.343999981880188E-001
       -1.617900013923645
       -1.977599978446960
  -9.325000047683716E-001
  -9.563000202178955E-001
  -6.442999839782715E-001
  -5.773000121116638E-001
   5.279999971389771E-002
   6.177999973297119E-001
   5.623999834060669E-001
  -3.300000131130219E-001
  -8.027999997138977E-001
   1.404000073671341E-001
        1.485599994659424
   3.206999897956848E-001
  -4.666999876499176E-001
  -4.340000078082085E-002
   2.621000111103058E-001
  -7.820000052452087E-001
       -1.458899974822998
       -1.531999945640564
  -9.989999979734421E-002
  -1.623000055551529E-001
  -1.255999952554703E-001
   7.235999703407288E-001
        1.246500015258789
   5.598000288009644E-001
   8.833000063896179E-001
   4.244000017642975E-001
   1.685999929904938E-001
   7.340000271797180E-001
   5.681999921798706E-001
  -8.600000292062759E-003
        1.165500044822693
   7.949999719858170E-002
   7.667999863624573E-001
   3.691999912261963E-001
   5.979999899864197E-001
        1.072100043296814
        1.596500039100647
   7.684000134468079E-001
   6.625000238418579E-001
   7.728999853134155E-001
   4.226999878883362E-001
   1.700000022538006E-003
  -5.843999981880188E-001
  -2.391999959945679E-001
   1.149000003933907E-001
   2.646000087261200E-001
        1.410699963569641
   5.180000066757202E-001
        1.037899971008301
   7.038999795913696E-001
   5.054000020027161E-001
  -2.770000100135803E-001
  -1.864999979734421E-001
       -1.045699954032898
       -1.072000026702881
       -1.453999996185303
  -8.496000170707703E-001
  -9.686999917030335E-001
       -1.411499977111816
       -1.339900016784668
  -8.968999981880188E-001
       -1.038599967956543
  -9.976999759674072E-001
       -1.307800054550171
   1.310999989509583E-001
   7.766000032424927E-001
   1.259000003337860E-001
  -1.275999993085861E-001
  -3.594000041484833E-001
  -3.632999956607819E-001
   5.746999979019165E-001
        1.045300006866455
   6.281999945640564E-001
  -1.045999974012375E-001
   5.618000030517578E-001
  -1.686999946832657E-001
  -6.148999929428101E-001
  -7.361000180244446E-001
       -1.255599975585938
  -3.267999887466431E-001
  -4.390000179409981E-002
   8.791000247001648E-001
        1.193300008773804
   4.007999897003174E-001
   8.460999727249146E-001
  -3.007999956607819E-001
   3.199999919161201E-003
   3.357000052928925E-001
  -3.490000069141388E-001
  -2.897000014781952E-001
   1.825000047683716E-001
   3.463999927043915E-001
   1.221999973058701E-001
   1.591999977827072E-001
   4.586000144481659E-001
   9.526000022888184E-001
   7.164000272750855E-001
   8.866000175476074E-001
        1.234400033950806
        1.081599950790405
        1.256100058555603
  -1.746000051498413E-001
       -1.028900027275085
   3.262999951839447E-001
   5.085999965667725E-001
   9.366000294685364E-001
   9.071999788284302E-001
        1.414299964904785
   7.928000092506409E-001
  -4.910000041127205E-002
   3.799999952316284E-001
  -2.428999990224838E-001
   5.834000110626221E-001
  -6.398000121116638E-001
       -1.566599965095520
       -2.079499959945679
       -1.443400025367737
  -6.417000293731690E-001
  -5.708000063896179E-001
  -2.558000087738037E-001
  -6.948999762535095E-001
  -4.763000011444092E-001
       -1.129999995231628
       -1.145200014114380
  -4.957000017166138E-001
   1.918999999761581E-001
   6.468999981880188E-001
   2.655999958515167E-001
   3.120000064373016E-001
  -2.791000008583069E-001
   4.544000029563904E-001
        1.077600002288818
   2.640999853610992E-001
  -1.371999979019165E-001
  -1.730000041425228E-002
   1.070000007748604E-001
  -3.389999866485596E-001
   6.704999804496765E-001
  -6.338000297546387E-001
   1.080000028014183E-002
   6.147999763488770E-001
        1.221799969673157
   7.609999775886536E-001
   3.479999899864197E-001
  -8.820000290870667E-002
  -2.730999886989594E-001
   1.642999947071075E-001
   6.592000126838684E-001
  -8.755000233650208E-001
       -1.077299952507019
       -1.057500004768372
  -4.210000038146973E-001
  -4.503000080585480E-001
  -5.784999728202820E-001
  -1.225000023841858E-001
   4.618999958038330E-001
  -3.456000089645386E-001
        1.528100013732910
        1.138900041580200
   7.506999969482422E-001
   7.349999994039536E-002
  -4.485000073909760E-001
  -1.186999976634979E-001
  -1.720000058412552E-002
  -7.840000092983246E-002
   2.462999969720841E-001
   3.734999895095825E-001
        1.520099997520447
   7.778999805450440E-001
   6.834999918937683E-001
  -1.503999978303909E-001
  -2.114000022411346E-001
   4.995999932289124E-001
       -1.216300010681152
       -1.864400029182434
       -1.642899990081787
  -9.643999934196472E-001
  -5.486000180244446E-001
   6.699999794363976E-003
  -5.526000261306763E-001
  -7.361999750137329E-001
  -8.931000232696533E-001
       -1.226400017738342
  -8.194000124931335E-001
   3.492999970912933E-001
   5.378000140190125E-001
   2.317000031471252E-001
   7.436000108718872E-001
   8.661999702453613E-001
   6.822000145912170E-001
   8.758999705314636E-001
   6.945999860763550E-001
   5.163999795913696E-001
   4.787000119686127E-001
   7.840000092983246E-002
   5.260000005364418E-002
   2.241999953985214E-001
   3.139999881386757E-002
  -2.890999913215637E-001
  -4.722999930381775E-001
   5.496000051498413E-001
   6.021000146865845E-001
   3.468999862670898E-001
        1.099099993705750
   2.657999992370606E-001
  -4.246000051498413E-001
   7.600000128149986E-003
  -6.190000101923943E-002
  -6.911000013351440E-001
  -9.028999805450440E-001
  -9.178000092506409E-001
       -1.341500043869019
       -1.001899957656860
  -6.499000191688538E-001
   8.950000256299973E-002
  -3.037000000476837E-001
  -4.879999905824661E-002
   5.522000193595886E-001
   8.529999852180481E-001
  -4.160000085830689E-001
  -6.360000371932983E-002
   1.726000010967255E-001
  -3.269999846816063E-002
  -5.381000041961670E-001
  -5.453000068664551E-001
   6.118999719619751E-001
   7.232999801635742E-001
        1.682700037956238
   8.852999806404114E-001
   4.052000045776367E-001
  -2.254000008106232E-001
  -9.873999953269959E-001
   1.307999938726425E-001
  -9.253000020980835E-001
  -6.055999994277954E-001
       -1.189299941062927
  -6.340000033378601E-002
  -2.806999981403351E-001
   2.885999977588654E-001
  -1.571999937295914E-001
  -8.619999885559082E-002
  -1.033999994397163E-001
  -6.140000000596046E-002
  -6.830000132322311E-002
   7.544000148773193E-001
   7.892000079154968E-001
        1.120100021362305
   4.932000041007996E-001
  -1.982000023126602E-001
   5.264000296592712E-001
   7.440999746322632E-001
        1.190799951553345
   7.383999824523926E-001
   4.544999897480011E-001
   1.623000055551529E-001
   2.721000015735626E-001
  -4.772999882698059E-001
       -1.387300014495850
  -9.259999990463257E-001
  -3.928999900817871E-001
   3.264999985694885E-001
   4.460000097751617E-001
        2.199599981307983
        1.122900009155273
        1.007400035858154
   3.009000122547150E-001
   6.388000249862671E-001
  -1.068999990820885E-001
   2.768999934196472E-001
  -4.661000072956085E-001
  -6.362000107765198E-001
       -1.286700010299683
       -1.023699998855591
   2.617999911308289E-001
  -5.225999951362610E-001
  -7.379999756813049E-002
   5.723000168800354E-001
   1.571999937295914E-001
  -2.793000042438507E-001
  -5.691000223159790E-001
   3.916000127792358E-001
   4.587999880313873E-001
        1.033800005912781
   5.092999935150147E-001
   4.237999916076660E-001
   3.352999985218048E-001
        1.139899969100952
        1.347100019454956
        1.039899945259094
   1.976000070571899E-001
   3.594000041484833E-001
  -3.607999980449677E-001
   9.610000252723694E-002
  -6.585999727249146E-001
   3.469999879598618E-002
  -7.749999761581421E-001
  -4.774999916553497E-001
   1.779999956488609E-002
   6.643000245094299E-001
  -3.037000000476837E-001
  -9.579999744892120E-002
   6.669999659061432E-002
  -6.840000301599503E-002
  -6.849999725818634E-002
   3.172999918460846E-001
   4.636000096797943E-001
   4.099000096321106E-001
   1.613000035285950E-001
   2.829999923706055E-001
   1.586000025272369E-001
   9.472000002861023E-001
   5.763999819755554E-001
   9.229999780654907E-001
   8.263000249862671E-001
   8.751999735832214E-001
  -1.581999957561493E-001
  -5.749999880790710E-001
       -1.390599966049194
  -9.423999786376953E-001
  -6.571000218391419E-001
   1.861000061035156E-001
   9.951999783515930E-001
        1.282699942588806
        1.536100029945374
        1.618299961090088
        1.265599966049194
        1.343500018119812
        1.204100012779236
  -6.589999794960022E-002
  -2.899999916553497E-001
       -1.198899984359741
       -1.786399960517883
       -1.299100041389465
  -2.222000062465668E-001
   4.302999973297119E-001
   2.265000045299530E-001
   5.347999930381775E-001
  -3.271999955177307E-001
   7.394000291824341E-001
  -5.867999792098999E-001
   1.482000052928925E-001
   8.574000000953674E-001
        1.298400044441223
        1.245100021362305
   4.277999997138977E-001
   4.440000057220459E-001
        1.360100030899048
   6.256999969482422E-001
   2.913999855518341E-001
   9.325000047683716E-001
   2.502999901771545E-001
   2.475000023841858E-001
   7.060000300407410E-002
   2.013999968767166E-001
   5.476999878883362E-001
   2.845000028610230E-001
   1.536999940872192E-001
   1.313000023365021E-001
   1.344999969005585E-001
  -3.082000017166138E-001
  -4.648000001907349E-001
   6.230000033974648E-002
   1.701000034809113E-001
   5.715000033378601E-001
   7.487000226974487E-001
   3.914000093936920E-001
  -3.452000021934509E-001
  -3.131000101566315E-001
   7.052999734878540E-001
   8.935999870300293E-001
   2.675999999046326E-001
  -7.760000228881836E-002
   1.630000025033951E-002
   6.613000035285950E-001
  -1.209999993443489E-002
  -4.860999882221222E-001
       -1.167299985885620
       -1.759299993515015
       -1.777899980545044
       -1.082399964332581
   3.702999949455261E-001
   7.289999723434448E-001
        1.279999971389771
        1.652899980545044
        1.980700016021729
        1.327299952507019
        1.541599988937378
   4.244999885559082E-001
   5.480000004172325E-002
   5.490000173449516E-002
  -9.133999943733215E-001
       -1.096500039100647
       -1.734200000762940
  -6.611999869346619E-001
  -5.238000154495239E-001
  -6.223999857902527E-001
   1.594000011682510E-001
  -4.981999993324280E-001
   3.873000144958496E-001
   2.402999997138977E-001
   2.108000069856644E-001
   4.169999957084656E-001
   9.347000122070313E-001
        1.721199989318848
        1.179800033569336
   8.751999735832214E-001
   8.719000220298767E-001
   7.997999787330627E-001
   7.167000174522400E-001
        1.419800043106079
   5.288000106811523E-001
   6.571000218391419E-001
   3.684000074863434E-001
   2.791000008583069E-001
   3.332999944686890E-001
  -6.989999860525131E-002
  -1.888999938964844E-001
   4.210000038146973E-001
   2.430000007152557E-001
  -2.275000065565109E-001
  -1.272999942302704E-001
  -7.863000035285950E-001
  -3.269000053405762E-001
   2.831999957561493E-001
   3.382999897003174E-001
  -6.883999705314636E-001
  -6.010000109672546E-001
       -1.060700058937073
   7.989999651908875E-002
   2.845000028610230E-001
  -9.459999948740006E-002
  -7.243999838829041E-001
  -6.190999746322632E-001
  -4.129999876022339E-002
  -5.700000096112490E-003
  -7.063000202178955E-001
       -1.837200045585632
       -1.578099966049194
       -1.051399946212769
  -8.176000118255615E-001
  -1.035000011324883E-001
   7.196999788284302E-001
        1.621299982070923
   9.587000012397766E-001
        1.388200044631958
   6.288999915122986E-001
   8.669000267982483E-001
   6.306999921798706E-001
  -6.230000033974648E-002
   5.350999832153320E-001
  -6.186000108718872E-001
       -1.003800034523010
       -1.592200040817261
       -1.215299963951111
  -5.806000232696533E-001
       -1.048400044441223
       -1.014199972152710
  -5.916000008583069E-001
   4.271000027656555E-001
   5.390999913215637E-001
   7.819999754428864E-002
   4.199999868869782E-001
   8.226000070571899E-001
        1.843400001525879
   5.174000263214111E-001
   3.465999960899353E-001
   4.264000058174133E-001
   4.167000055313110E-001
   2.829999923706055E-001
   7.339999824762344E-002
   2.969999983906746E-002
   6.917999982833862E-001
   9.053999781608582E-001
   6.808000206947327E-001
   6.327000260353088E-001
   7.221999764442444E-001
        1.233999967575073
        1.417899966239929
   1.851000040769577E-001
   9.782999753952026E-001
  -5.790000036358833E-002
  -2.930000051856041E-002
   1.599999964237213E-001
  -7.699999809265137E-001
  -7.110999822616577E-001
       -1.229900002479553
       -1.838999986648560
       -1.714200019836426
   1.225000023841858E-001
   5.011000037193298E-001
   1.251000016927719E-001
  -6.302000284194946E-001
       -1.296100020408630
       -1.319399952888489
  -4.654999971389771E-001
  -7.671999931335449E-001
  -7.322000265121460E-001
  -5.599999800324440E-003
  -8.715000152587891E-001
   5.440000072121620E-002
   3.352999985218048E-001
   6.639000177383423E-001
        1.200000047683716
   7.573000192642212E-001
   5.508000254631043E-001
   7.081000208854675E-001
   2.775000035762787E-001
  -1.262000054121018E-001
  -1.777999997138977E-001
  -6.481000185012817E-001
  -9.038000106811523E-001
       -1.026499986648560
       -1.338799953460693
       -1.397600054740906
       -1.045699954032898
  -9.131000041961670E-001
  -3.646000027656555E-001
  -6.692000031471252E-001
   4.449999928474426E-001
  -2.624999880790710E-001
        1.019799947738648
        1.496899962425232
   6.980000138282776E-001
   7.957999706268311E-001
   9.660000354051590E-002
   5.378000140190125E-001
   3.386000096797943E-001
  -2.405000030994415E-001
  -6.330999732017517E-001
  -2.658999860286713E-001
   1.221999973058701E-001
   8.151000142097473E-001
   4.672999978065491E-001
   9.822000265121460E-001
        1.871199965476990
        1.219499945640564
   4.589000046253204E-001
   5.400000214576721E-001
  -3.030000030994415E-001
  -3.644999861717224E-001
   2.327000051736832E-001
   3.206999897956848E-001
   3.830000013113022E-002
  -6.699000000953674E-001
       -1.263299942016602
       -1.149000048637390
       -1.824599981307983
  -7.784000039100647E-001
  -2.682000100612640E-001
  -1.960000023245812E-002
   4.080000147223473E-002
  -3.429999947547913E-001
  -4.056000113487244E-001
  -5.145000219345093E-001
  -3.698999881744385E-001
       -1.130100011825562
       -1.028499960899353
  -3.109000027179718E-001
       -1.209300041198731
   4.605999886989594E-001
   7.226999998092651E-001
   8.553000092506409E-001
   2.120999991893768E-001
   3.795999884605408E-001
   7.184000015258789E-001
  -2.008000016212463E-001
  -2.779999934136868E-002
   2.208999991416931E-001
  -5.605000257492065E-001
  -6.324999928474426E-001
  -9.940000176429749E-001
  -5.490999817848206E-001
  -6.442000269889832E-001
  -8.355000019073486E-001
  -7.469000220298767E-001
  -5.253999829292297E-001
   1.974000036716461E-001
  -3.025000095367432E-001
  -4.198000133037567E-001
   8.945999741554260E-001
   7.673000097274780E-001
        1.499099969863892
        1.098500013351440
        1.024199962615967
   5.946999788284302E-001
   5.464000105857849E-001
  -6.530000269412994E-002
  -7.394999861717224E-001
  -3.603000044822693E-001
       -1.182500004768372
  -4.370999932289124E-001
   1.272999942302704E-001
  -2.691999971866608E-001
   9.215999841690064E-001
        1.909899950027466
   3.309000134468079E-001
  -3.000000026077032E-003
  -8.100000023841858E-001
  -2.887000143527985E-001
  -1.704999953508377E-001
  -2.529000043869019E-001
   6.074000000953674E-001
  -1.040000002831221E-002
  -3.975999951362610E-001
  -9.340999722480774E-001
  -5.300999879837036E-001
  -8.109999895095825E-001
  -7.066000103950501E-001
  -1.922000050544739E-001
  -5.059000253677368E-001
  -2.335000038146973E-001
  -3.761999905109406E-001
   1.109999977052212E-002
  -3.871000111103058E-001
  -8.669999837875366E-001
  -6.567000150680542E-001
       -1.587499976158142
  -4.011000096797943E-001
  -5.073999762535095E-001
   5.005999803543091E-001
   5.904999971389771E-001
        1.173699975013733
   8.639000058174133E-001
   4.419000148773193E-001
  -1.221999973058701E-001
  -9.099999815225601E-002
  -4.769999906420708E-002
   2.442999929189682E-001
  -8.483999967575073E-001
  -5.113000273704529E-001
  -2.313999980688095E-001
  -1.132000014185906E-001
  -2.759000062942505E-001
   3.590000048279762E-002
  -6.230000033974648E-002
  -4.979999959468842E-001
  -7.426999807357788E-001
   2.720000036060810E-002
   4.584999978542328E-001
   1.744000017642975E-001
        1.029199957847595
   8.342999815940857E-001
   8.830999732017517E-001
   5.875999927520752E-001
   9.649999737739563E-001
  -4.360000044107437E-002
  -4.711999893188477E-001
  -5.767999887466431E-001
  -4.948000013828278E-001
   1.673000007867813E-001
  -7.854999899864197E-001
       -1.027899980545044
  -5.394999980926514E-001
   3.467000126838684E-001
   8.137000203132629E-001
   3.905000090599060E-001
  -2.987999916076660E-001
  -9.969000220298767E-001
  -9.801999926567078E-001
   1.431999951601028E-001
   3.186999857425690E-001
        1.081900000572205
   2.477000057697296E-001
  -5.971999764442444E-001
  -2.856000065803528E-001
       -1.187100052833557
  -8.399000167846680E-001
  -7.379999756813049E-001
  -4.481999874114990E-001
   4.541000127792358E-001
  -3.093999922275543E-001
   7.368999719619751E-001
  -8.195999860763550E-001
  -7.411000132560730E-001
       -1.074300050735474
  -5.335999727249146E-001
  -2.152999937534332E-001
  -7.078999876976013E-001
  -7.922000288963318E-001
  -3.578000068664551E-001
  -3.452000021934509E-001
   1.808000057935715E-001
   4.758000075817108E-001
   7.189000248908997E-001
   3.799999952316284E-001
   1.421999931335449E-001
   6.112999916076660E-001
   1.933999955654144E-001
  -6.444000005722046E-001
  -5.943999886512756E-001
   9.409000277519226E-001
   3.824999928474426E-001
   1.288000047206879E-001
   6.906999945640564E-001
   7.937999963760376E-001
   1.968999952077866E-001
  -3.341999948024750E-001
  -1.693000048398972E-001
   5.552999973297119E-001
   2.847000062465668E-001
  -9.470000118017197E-002
   8.700000047683716E-001
   6.334000229835510E-001
   8.885999917984009E-001
        1.112699985504150
  -1.389999985694885E-001
   1.145000010728836E-001
  -3.851999938488007E-001
   1.837999969720841E-001
   7.918999791145325E-001
   2.317000031471252E-001
  -2.280000001192093E-001
  -9.207999706268311E-001
  -6.047000288963318E-001
   1.642999947071075E-001
   3.623000085353851E-001
       -1.163599967956543
  -8.474000096321106E-001
  -7.645000219345093E-001
  -4.436999857425690E-001
  -3.415000140666962E-001
   6.445000171661377E-001
  -6.419999897480011E-002
   4.991999864578247E-001
   8.392000198364258E-001
   6.819999814033508E-001
  -8.320000022649765E-002
  -5.534999966621399E-001
  -4.690999984741211E-001
   5.349000096321106E-001
        1.071400046348572
   1.819999963045120E-001
  -6.509999930858612E-002
  -3.084000051021576E-001
       -1.084800004959106
  -5.134999752044678E-001
  -4.476999938488007E-001
  -1.310000009834766E-002
   2.370000071823597E-002
  -8.266999721527100E-001
  -5.364999771118164E-001
   2.524999976158142E-001
   2.295999974012375E-001
   4.102999866008759E-001
  -2.188999950885773E-001
   6.922000050544739E-001
   2.782999873161316E-001
   9.598000049591065E-001
   1.269999984651804E-002
  -3.386000096797943E-001
   6.960000097751617E-002
        1.082499980926514
   9.355999827384949E-001
        1.124600052833557
        1.617200016975403
   8.442999720573425E-001
   5.242999792098999E-001
   2.055000066757202E-001
   2.046000063419342E-001
  -4.095000028610230E-001
  -3.522999882698059E-001
   5.504000186920166E-001
   5.006999969482422E-001
   6.662999987602234E-001
   8.059999942779541E-001
  -2.036000043153763E-001
   1.958999931812286E-001
  -1.442999988794327E-001
   7.597000002861023E-001
   2.479999959468842E-001
   6.014000177383423E-001
  -2.671000063419342E-001
  -7.504000067710877E-001
       -1.051399946212769
       -1.424999952316284
  -6.144999861717224E-001
  -7.002000212669373E-001
  -8.319000005722046E-001
  -6.324999928474426E-001
  -5.167000293731690E-001
  -4.086000025272369E-001
  -3.209999948740006E-002
   3.943000137805939E-001
   6.852999925613403E-001
   6.449999809265137E-001
        1.077399969100952
   7.741000056266785E-001
   9.886999726295471E-001
   4.914000034332275E-001
   8.148000240325928E-001
   7.109999656677246E-002
  -1.413999944925308E-001
  -2.520000003278256E-002
       -1.005100011825562
       -1.203299999237061
  -3.208999931812286E-001
  -8.445000052452087E-001
   8.730000257492065E-002
   4.061999917030335E-001
  -3.264999985694885E-001
       -1.107499957084656
  -7.522000074386597E-001
  -4.329999908804894E-002
   2.370000034570694E-001
  -1.767999976873398E-001
   1.805000007152557E-001
   3.858999907970429E-001
   9.261000156402588E-001
   5.150000005960465E-002
  -7.559999823570252E-002
   5.595999956130981E-001
        1.172700047492981
   6.685000061988831E-001
        1.640300035476685
        1.788100004196167
        2.004100084304810
        1.679499983787537
        1.492499947547913
   6.054999828338623E-001
   3.073999881744385E-001
  -2.569999992847443E-001
   8.525999784469605E-001
   1.347000002861023E-001
   2.181999981403351E-001
  -6.373000144958496E-001
       -1.675500035285950
  -3.761000037193298E-001
  -3.990000113844872E-002
   6.373000144958496E-001
  -4.170000180602074E-002
   2.572000026702881E-001
  -5.673999786376953E-001
  -6.911000013351440E-001
       -1.152999997138977
       -1.834200024604797
       -1.140100002288818
  -5.530999898910523E-001
   1.847999989986420E-001
  -4.478999972343445E-001
  -3.616000115871429E-001
  -4.771000146865845E-001
  -2.500999867916107E-001
   3.830000013113022E-002
   9.004999995231628E-001
   1.412000060081482E-001
   3.075000047683716E-001
   8.119000196456909E-001
   5.909000039100647E-001
   9.724000096321106E-001
   6.043999791145325E-001
   2.709999978542328E-001
   9.990000128746033E-001
   5.510000139474869E-002
   3.610000014305115E-002
  -1.429000049829483E-001
   6.565999984741211E-001
        1.304800033569336
   2.874999940395355E-001
   6.747000217437744E-001
  -6.596000194549561E-001
  -7.742000222206116E-001
  -1.694000065326691E-001
  -2.513999938964844E-001
  -4.812999963760376E-001
  -7.881000041961670E-001
  -8.669999986886978E-002
   7.358000278472900E-001
   8.093000054359436E-001
   9.947999715805054E-001
   6.187999844551086E-001
   7.099000215530396E-001
   6.796000003814697E-001
   3.772000074386597E-001
        2.030699968338013
        1.501399993896484
        1.941400051116943
        1.260200023651123
   7.857999801635742E-001
   2.186000049114227E-001
   3.139999881386757E-002
   2.685000002384186E-001
   6.520000100135803E-001
   7.376000285148621E-001
   9.160000085830689E-002
       -1.335399985313416
       -1.260100007057190
       -1.110499978065491
   1.650999933481216E-001
   5.510000139474869E-002
  -5.127000212669373E-001
   4.643000066280365E-001
   4.415999948978424E-001
  -9.595000147819519E-001
       -1.290899991989136
       -1.227499961853027
  -6.462000012397766E-001
  -5.832999944686890E-001
  -1.644999980926514E-001
  -3.280999958515167E-001
   4.943999946117401E-001
  -1.508000046014786E-001
  -4.084999859333038E-001
   8.789999783039093E-002
   2.093999981880188E-001
   5.712000131607056E-001
   2.369000017642975E-001
   7.443000078201294E-001
  -1.041999980807304E-001
  -6.340000033378601E-002
   6.674000024795532E-001
   9.002000093460083E-001
        1.460700035095215
   6.748999953269959E-001
   5.900999903678894E-001
  -2.621000111103058E-001
   7.249999791383743E-002
   4.189999997615814E-001
   6.949999928474426E-002
   2.442999929189682E-001
  -9.910000115633011E-002
       -1.443199992179871
  -4.386000037193298E-001
  -3.299999982118607E-003
  -2.797999978065491E-001
  -4.438999891281128E-001
  -4.300999939441681E-001
   1.345999985933304E-001
   1.933999955654144E-001
   5.336999893188477E-001
   6.809999942779541E-001
   8.019999861717224E-001
        1.232699990272522
   6.818000078201294E-001
        1.146299958229065
        1.848700046539307
        1.803900003433228
        1.439900040626526
        1.288100004196167
        1.245100021362305
   2.439000010490418E-001
   9.669999778270721E-002
  -1.708000004291534E-001
  -3.420000076293945E-001
  -7.752000093460083E-001
  -8.668000102043152E-001
  -3.738000094890595E-001
  -2.915999889373779E-001
  -4.733999967575073E-001
  -1.155000030994415E-001
   3.734000027179718E-001
   9.056000113487244E-001
        1.247300028800964
  -5.464000105857849E-001
  -4.557999968528748E-001
   2.678000032901764E-001
   9.260000288486481E-002
  -1.177999973297119E-001
   2.883000075817108E-001
   5.730000138282776E-002
  -4.490000009536743E-002
   2.791000008583069E-001
  -4.269999861717224E-001
  -4.787000119686127E-001
   6.880000233650208E-002
   9.873999953269959E-001
        1.293200016021729
   8.999000191688538E-001
   6.876999735832214E-001
   7.102000117301941E-001
   4.494999945163727E-001
   7.204999923706055E-001
        1.130399942398071
   7.853000164031982E-001
        1.308799982070923
        1.076699972152710
   6.266999840736389E-001
   2.721999883651733E-001
  -1.124000027775765E-001
  -8.349999785423279E-002
   3.045000135898590E-001
  -2.587000131607056E-001
  -8.643000125885010E-001
   8.619999885559082E-002
  -9.860000014305115E-002
  -7.533000111579895E-001
  -3.794000148773193E-001
  -4.156000018119812E-001
   2.935999929904938E-001
   4.903999865055084E-001
   3.953999876976013E-001
  -1.105000004172325E-001
   6.419000029563904E-001
        1.526100039482117
        1.924499988555908
        2.759999990463257
        2.301800012588501
        2.001899957656860
        1.564700007438660
        1.537799954414368
  -1.072999984025955E-001
  -2.743999958038330E-001
  -6.924999952316284E-001
  -5.235000252723694E-001
  -7.135999798774719E-001
  -3.380999863147736E-001
  -1.255999952554703E-001
  -5.145999789237976E-001
  -7.224000096321106E-001
       -1.268200039863586
  -6.840999722480774E-001
   2.570999860763550E-001
        1.491099953651428
  -4.726999998092651E-001
  -5.454000234603882E-001
   1.863999962806702E-001
  -4.284999966621399E-001
  -4.356000125408173E-001
   4.645999968051910E-001
  -9.440000355243683E-002
       -1.047299981117249
  -4.817000031471252E-001
  -1.058999970555306E-001
   4.819999933242798E-001
   3.989000022411346E-001
        1.661100029945374
   8.701999783515930E-001
   5.626999735832214E-001
   8.776999711990356E-001
        1.765400052070618
        1.205600023269653
        1.345499992370606
        1.578999996185303
        1.717499971389771
        1.001500010490418
        1.263100028038025
   8.398000001907349E-001
   9.739999771118164E-001
   2.418999969959259E-001
   1.934999972581863E-001
   5.753999948501587E-001
   2.950000017881393E-002
  -5.102000236511231E-001
  -6.176999807357788E-001
  -2.684000134468079E-001
  -1.225000023841858E-001
   4.929000139236450E-001
  -3.682000041007996E-001
   9.730000048875809E-002
   6.502000093460083E-001
   2.004999965429306E-001
   8.705999851226807E-001
        1.247799992561340
        2.253200054168701
        1.472900032997131
        1.817499995231628
        1.813799977302551
        2.277400016784668
        2.042399883270264
        1.345999956130981
  -2.800000086426735E-002
  -6.977000236511231E-001
       -1.324499964714050
       -1.078699946403503
  -9.693999886512756E-001
  -5.868999958038330E-001
  -3.556999862194061E-001
  -7.294999957084656E-001
       -1.457599997520447
       -1.691499948501587
       -1.038300037384033
  -3.009000122547150E-001
  -4.566999971866608E-001
  -7.771000266075134E-001
  -7.714999914169312E-001
  -1.618999987840653E-001
   2.466000020503998E-001
   8.955000042915344E-001
   4.918000102043152E-001
   3.655000030994415E-001
  -8.921999931335449E-001
  -6.074000000953674E-001
   1.546999961137772E-001
  -2.734000086784363E-001
   7.702000141143799E-001
        1.288200020790100
        1.196400046348572
        1.705399990081787
        2.805500030517578
        2.127500057220459
        1.108100056648254
   7.723000049591065E-001
        1.389400005340576
        1.966799974441528
        1.619799971580505
        1.087399959564209
   4.050000011920929E-001
  -2.569999992847443E-001
   4.835000038146973E-001
        1.275599956512451
        1.881000041961670
   9.269999861717224E-001
  -2.125999927520752E-001
  -5.694000124931335E-001
  -9.688000082969666E-001
   4.061999917030335E-001
   4.900000058114529E-003
   5.350999832153320E-001
   1.993999928236008E-001
   7.408000230789185E-001
   4.783999919891357E-001
        1.310400009155273
        1.893700003623962
        2.264699935913086
        2.178499937057495
        2.032799959182739
        1.786200046539307
        1.922299981117249
        1.307999968528748
        1.386399984359741
   6.488000154495239E-001
       -1.033200025558472
  -9.280999898910523E-001
  -6.486999988555908E-001
  -9.614999890327454E-001
       -1.447000026702881
       -1.723000049591065
       -1.258000016212463
       -1.649199962615967
       -1.745200037956238
  -8.701999783515930E-001
  -6.394000053405762E-001
       -1.016800045967102
  -1.121999993920326E-001
  -7.037000060081482E-001
  -1.544999927282333E-001
   6.478999853134155E-001
   7.771000266075134E-001
        1.545300006866455
  -3.660000115633011E-002
  -6.295999884605408E-001
  -7.888000011444092E-001
  -3.930999934673309E-001
  -2.011000066995621E-001
  -3.461000025272369E-001
        1.151999950408936
        2.256900072097778
        2.177400112152100
        2.452699899673462
        2.023299932479858
   4.225000143051148E-001
   9.417999982833862E-001
        1.439599990844727
        1.499099969863892
        1.069399952888489
   6.668000221252441E-001
   5.102000236511231E-001
  -2.727999985218048E-001
  -1.282999962568283E-001
   5.715000033378601E-001
        1.920600056648254
   1.889999955892563E-001
  -6.190000176429749E-001
  -7.734000086784363E-001
  -9.599000215530396E-001
  -7.430999875068665E-001
   1.345999985933304E-001
   2.016000002622604E-001
   1.319999992847443E-002
   7.009999752044678E-001
  -1.209999993443489E-002
   5.151000022888184E-001
   9.226999878883362E-001
        1.568699955940247
        2.053200006484985
        1.887300014495850
   9.071999788284302E-001
        1.155099987983704
   7.702999711036682E-001
        1.150200009346008
   5.429999902844429E-002
       -1.262599945068359
       -1.047600030899048
       -1.502300024032593
       -1.749600052833557
       -1.622599959373474
       -2.583899974822998
       -1.961799979209900
       -1.936599969863892
       -2.163300037384033
  -7.706999778747559E-001
  -2.517000138759613E-001
  -8.646000027656555E-001
  -2.948000133037567E-001
   3.930999934673309E-001
   3.350000083446503E-001
   5.327000021934509E-001
        1.470600008964539
        1.014899969100952
   7.365999817848206E-001
  -3.003000020980835E-001
       -1.330199956893921
       -1.140900015830994
  -5.856999754905701E-001
  -8.669999986886978E-002
        1.389000058174133
        1.844900012016296
        2.142400026321411
        2.198699951171875
        2.483000040054321
        1.726600050926209
        1.414800047874451
   8.191999793052673E-001
        1.174800038337708
        1.434299945831299
   2.707000076770783E-001
  -2.354999929666519E-001
   2.219999954104424E-002
  -2.318000048398972E-001
   5.719000101089478E-001
        1.155699968338013
   6.389999985694885E-001
  -1.289000064134598E-001
       -1.022600054740906
  -4.679000079631805E-001
  -4.429999887943268E-001
  -9.480000287294388E-002
   2.384999990463257E-001
   4.979999959468842E-001
   4.214000105857849E-001
   8.554000258445740E-001
  -1.011999994516373E-001
   3.409999981522560E-002
   9.167000055313110E-001
   7.667000293731690E-001
   9.338999986648560E-001
  -7.220000028610230E-002
  -3.567000031471252E-001
   9.499999694526196E-003
   1.682000011205673E-001
  -2.016000002622604E-001
       -1.123600006103516
       -1.223600029945374
       -2.029000043869019
       -1.809900045394898
       -1.877200007438660
       -2.424200057983398
       -2.059099912643433
       -2.112299919128418
       -1.991299986839294
  -4.384999871253967E-001
  -8.816000223159790E-001
  -1.098999977111816E-001
  -9.390000253915787E-002
   2.343000024557114E-001
   1.685000061988831E-001
   7.505999803543091E-001
   9.351999759674072E-001
        1.573099970817566
   9.362999796867371E-001
  -2.920000068843365E-002
       -1.277600049972534
  -9.484000205993652E-001
  -4.404000043869019E-001
   5.458999872207642E-001
        1.128399968147278
   7.748000025749207E-001
   9.010999798774719E-001
   8.019000291824341E-001
        1.105700016021729
   7.481999993324280E-001
        1.105399966239929
   3.786000013351440E-001
   6.970000267028809E-001
  -4.612999856472015E-001
  -9.894000291824341E-001
  -5.605999827384949E-001
   2.879999876022339E-001
  -4.548000097274780E-001
  -3.431999981403351E-001
   7.369999885559082E-001
   3.400000045076013E-003
  -2.680999934673309E-001
   3.353999853134155E-001
  -9.619999676942825E-002
   4.941000044345856E-001
   1.726000010967255E-001
   3.030999898910523E-001
   7.491999864578247E-001
   7.286999821662903E-001
  -3.829999864101410E-001
  -4.700999855995178E-001
  -9.164999723434448E-001
  -2.162999957799912E-001
   4.498000144958496E-001
   9.657999873161316E-001
   4.925000071525574E-001
  -4.788999855518341E-001
       -1.044899940490723
  -6.851999759674072E-001
       -1.277400016784668
       -2.025099992752075
       -1.875300049781799
       -2.207700014114380
       -1.650099992752075
       -1.370300054550171
       -2.015199899673462
       -2.487699985504150
       -1.465700030326843
       -1.328899979591370
       -1.473700046539307
       -1.581799983978272
       -1.145699977874756
       -1.069200038909912
  -1.066000014543533E-001
   9.478999972343445E-001
   8.855000138282776E-001
        1.171499967575073
   9.713000059127808E-001
        1.262899994850159
   9.638000130653381E-001
   3.490999937057495E-001
   2.123000025749207E-001
   6.290000081062317E-001
   1.845999956130981E-001
   7.268999814987183E-001
   2.321999967098236E-001
   5.066000223159790E-001
        1.399199962615967
   8.456000089645386E-001
   9.423999786376953E-001
   4.217000007629395E-001
   3.186999857425690E-001
  -8.025000095367432E-001
  -7.052999734878540E-001
       -2.476099967956543
  -4.080000147223473E-002
  -2.070000022649765E-001
  -7.217000126838684E-001
  -3.989000022411346E-001
  -8.068000078201294E-001
  -9.499999880790710E-002
   6.430000066757202E-002
  -4.760999977588654E-001
   5.127999782562256E-001
   8.438000082969666E-001
   2.712999880313873E-001
  -3.319000005722046E-001
   3.964000046253204E-001
   3.885000050067902E-001
  -1.830000057816505E-002
       -1.044999957084656
       -1.897500038146973
       -1.604799985885620
  -6.098999977111816E-001
  -1.102999970316887E-001
  -6.191999912261963E-001
       -1.313199996948242
       -1.603500008583069
       -2.091700077056885
       -1.620900034904480
       -2.418600082397461
       -1.443799972534180
       -2.086999893188477
       -1.933699965476990
       -1.253299951553345
       -1.393200039863586
       -1.182500004768372
  -5.285000205039978E-001
  -5.900000222027302E-003
  -3.828999996185303E-001
       -1.028300046920776
       -1.176499962806702
  -1.344999969005585E-001
  -8.162000179290772E-001
   2.143999934196472E-001
   6.499999761581421E-002
        1.010699987411499
        1.832999944686890
        1.187700033187866
        1.293200016021729
   5.807999968528748E-001
   4.627999961376190E-001
   6.219999790191650E-001
   7.795000076293945E-001
   9.809999912977219E-002
   2.921000123023987E-001
   9.746999740600586E-001
        1.669899940490723
   4.124000072479248E-001
        1.354200005531311
  -3.391999900341034E-001
  -5.357999801635742E-001
       -1.105800032615662
       -1.092300057411194
  -9.966999888420105E-001
  -6.906999945640564E-001
  -5.942999720573425E-001
       -1.096799969673157
  -9.625999927520752E-001
  -3.021000027656555E-001
  -8.428000211715698E-001
  -9.870000183582306E-002
  -1.676000058650971E-001
   1.068999990820885E-001
  -1.622000038623810E-001
   4.659999907016754E-002
  -2.017000019550324E-001
   1.199000030755997E-001
  -3.248000144958496E-001
  -4.841000139713287E-001
       -1.846400022506714
       -1.582499980926514
  -9.993000030517578E-001
       -1.466300010681152
  -4.905999898910523E-001
  -8.819000124931335E-001
       -2.081799983978272
       -2.154000043869019
       -2.541699886322022
       -2.656699895858765
       -2.708600044250488
       -1.955899953842163
       -1.997400045394898
       -1.710600018501282
       -1.182399988174439
       -1.555799961090088
       -1.217499971389771
  -3.750999867916107E-001
  -6.072999835014343E-001
  -7.063000202178955E-001
  -5.356000065803528E-001
   3.159999847412109E-002
  -6.629999876022339E-001
  -4.435000121593475E-001
   4.528999924659729E-001
   9.284999966621399E-001
        1.382500052452087
        2.027499914169312
        2.243000030517578
        1.572100043296814
   6.230000257492065E-001
   3.874999880790710E-001
   8.159000277519226E-001
        1.074200034141541
   9.047999978065491E-001
        1.081599950790405
        1.360200047492981
        1.053400039672852
   7.893999814987183E-001
  -3.869000077247620E-001
       -1.057000041007996
  -4.320000112056732E-001
       -2.259099960327148
       -1.973399996757507
       -1.523100018501282
       -1.277400016784668
       -1.424299955368042
       -2.019999980926514
       -1.521999955177307
   2.250000089406967E-002
       -1.064399957656860
  -1.420000009238720E-002
  -1.855999976396561E-001
  -4.311000108718872E-001
  -1.740999966859818E-001
  -4.147000014781952E-001
  -3.533999919891357E-001
       -1.272899985313416
       -1.363299965858460
       -1.216799974441528
       -1.593600034713745
       -1.512400031089783
       -1.191799998283386
  -7.991999983787537E-001
  -8.083000183105469E-001
       -1.968899965286255
       -2.574700117111206
       -2.412600040435791
       -2.271100044250488
       -2.318599939346314
       -1.915799975395203
       -2.413899898529053
       -2.511300086975098
       -1.840000033378601
  -9.963999986648560E-001
       -1.040599942207336
       -1.646399974822998
       -1.423200011253357
  -8.608000278472900E-001
       -1.211699962615967
       -1.317199945449829
       -1.416000008583069
   1.572999954223633E-001
   2.133000046014786E-001
   5.701000094413757E-001
        1.151800036430359
        1.498800039291382
        1.890200018882752
        1.203500032424927
        1.744600057601929
   9.354000091552734E-001
        1.640100002288818
        2.054699897766113
        1.889600038528442
        1.160300016403198
   7.652000188827515E-001
   9.779000282287598E-001
   8.350999951362610E-001
   7.803999781608582E-001
   7.060000300407410E-002
   8.229999989271164E-002
   1.427000015974045E-001
       -1.180299997329712
       -1.992499947547913
  -9.348999857902527E-001
       -1.826500058174133
       -1.204100012779236
  -8.761000037193298E-001
  -6.353999972343445E-001
  -1.818999946117401E-001
  -6.125000119209290E-001
   2.302999943494797E-001
  -8.277999758720398E-001
       -1.006600022315979
  -9.298999905586243E-001
       -1.110200047492981
       -2.159600019454956
       -2.281199932098389
       -1.607399940490723
       -1.603700041770935
       -1.674600005149841
       -1.584300041198731
       -1.709200024604797
       -1.462599992752075
       -1.243600010871887
       -2.436399936676025
       -2.401400089263916
       -2.676800012588501
       -2.272200107574463
       -1.866400003433228
       -2.031199932098389
       -2.566600084304810
       -2.937700033187866
       -1.795400023460388
       -1.177800059318543
       -1.611400008201599
       -1.503100037574768
       -1.187999963760376
  -7.106000185012817E-001
       -1.246199965476990
       -1.422000050544739
       -1.549800038337708
  -3.467999994754791E-001
   1.070000045001507E-002
   6.376000046730042E-001
        1.161999940872192
        2.019000053405762
        1.459499955177307
        1.508800029754639
        2.236399888992310
        2.578299999237061
        2.145600080490112
        2.289200067520142
        1.342800021171570
        1.769500017166138
   6.597999930381775E-001
   1.295000016689301E-001
        1.255300045013428
        1.418599963188171
        1.044600009918213
   6.625999808311462E-001
   5.852000117301941E-001
  -4.499999880790710E-001
       -1.084900021553040
       -2.252300024032593
       -2.358099937438965
       -2.388499975204468
       -2.004400014877319
  -9.843000173568726E-001
       -1.246199965476990
       -1.236899971961975
  -9.393000006675720E-001
  -5.709999799728394E-001
       -1.001600027084351
  -9.233999848365784E-001
       -1.857399940490723
       -1.800400018692017
       -2.245100021362305
       -2.060699939727783
  -7.602999806404114E-001
       -2.098599910736084
       -2.064800024032593
       -1.951699972152710
       -1.624400019645691
       -1.334200024604797
       -2.169500112533569
       -2.494999885559082
       -2.421000003814697
       -2.449700117111206
       -2.125600099563599
       -1.619400024414063
       -2.046099901199341
       -2.195300102233887
       -1.715299963951111
       -1.886899948120117
  -9.103000164031982E-001
  -8.202000260353088E-001
  -9.598000049591065E-001
  -7.361000180244446E-001
  -5.961999893188477E-001
       -1.518499970436096
       -1.227900028228760
   5.240000039339066E-002
   1.278000026941299E-001
   5.422000288963318E-001
   8.452000021934509E-001
        1.807500004768372
        1.101199984550476
        1.731600046157837
        1.659100055694580
        2.555399894714356
        2.723000049591065
        2.040999889373779
        1.647600054740906
        2.654599905014038
        1.679299950599670
        1.258999943733215
        1.369500041007996
        1.719300031661987
        2.020699977874756
        1.082399964332581
   5.497000217437744E-001
  -3.634999990463257E-001
       -1.246700048446655
       -1.768800020217896
       -2.806200027465820
       -2.384599924087524
       -2.624200105667114
  -7.287999987602234E-001
       -1.628200054168701
       -1.271999955177307
  -9.758999943733215E-001
  -8.802999854087830E-001
  -9.591000080108643E-001
       -1.278499960899353
       -1.763700008392334
       -1.327700018882752
       -1.314800024032593
       -1.795799970626831
       -1.568400025367737
       -2.205600023269653
       -2.473000049591065
       -2.190200090408325
       -1.933799982070923
       -1.991999983787537
       -1.345000028610230
       -2.638200044631958
       -2.573600053787231
       -2.318700075149536
       -1.691100001335144
       -1.456500053405762
       -1.734599947929382
       -2.551399946212769
       -2.140700101852417
       -2.351500034332275
       -1.470800042152405
       -1.109200000762940
  -8.658999800682068E-001
       -1.875599980354309
       -1.523399949073792
       -2.047699928283691
       -1.555999994277954
       -1.059800028800964
  -1.288000047206879E-001
   1.211000010371208E-001
   9.855999946594238E-001
        1.480700016021729
        1.520799994468689
        1.326500058174133
        1.090299963951111
        1.272500038146973
        2.839600086212158
        2.190599918365479
        1.833600044250488
        2.194400072097778
        1.942600011825562
        1.847599983215332
        2.358999967575073
        1.845700025558472
        2.291599988937378
        1.208099961280823
        1.020499944686890
  -7.828999757766724E-001
       -1.915599942207336
       -2.296499967575073
       -2.556400060653687
       -2.451499938964844
       -1.743600010871887
       -1.605700016021729
  -5.708000063896179E-001
  -2.696000039577484E-001
       -1.594300031661987
  -6.473000049591065E-001
  -2.775999903678894E-001
  -5.810999870300293E-001
       -1.080199956893921
       -1.247599959373474
  -7.519999742507935E-001
  -9.753000140190125E-001
       -1.934700012207031
       -1.766600012779236
       -1.854900002479553
       -2.111999988555908
       -1.559499979019165
       -1.902099967002869
       -1.606299996376038
       -1.950600028038025
       -2.546799898147583
       -1.387300014495850
       -1.034999966621399
       -1.607200026512146
       -1.907199978828430
       -2.590399980545044
       -2.499200105667114
       -2.700099945068359
       -2.206599950790405
       -2.112699985504150
       -1.087700009346008
       -2.383500099182129
       -2.267999887466431
       -1.922399997711182
       -1.104599952697754
  -9.345999956130981E-001
  -3.102000057697296E-001
   3.772999942302704E-001
   6.656000018119812E-001
        1.697499990463257
        2.010600090026856
        1.107599973678589
   4.776999950408936E-001
   9.620000123977661E-001
        1.529000043869019
        1.355000019073486
        2.006000041961670
        2.076200008392334
        2.244100093841553
        3.105400085449219
        2.887099981307983
        1.856999993324280
        1.503999948501587
        1.067100048065186
  -1.530999988317490E-001
       -1.295199990272522
       -2.180399894714356
       -2.747499942779541
       -1.941900014877319
       -1.847599983215332
  -3.709000051021576E-001
  -6.463999748229981E-001
  -5.755000114440918E-001
  -5.548999905586243E-001
       -1.200299978256226
       -1.636100053787231
  -6.801999807357788E-001
       -1.684599995613098
       -1.215000033378601
       -1.399500012397766
  -7.281000018119812E-001
  -3.709000051021576E-001
  -7.063999772071838E-001
       -1.329100012779236
  -3.580000102519989E-001
  -3.192000091075897E-001
       -1.176599979400635
       -1.754099965095520
  -6.664999723434448E-001
       -2.058799982070923
       -1.990700006484985
       -1.485499978065491
  -8.962000012397766E-001
       -1.275500059127808
       -1.811599969863892
       -1.852399945259094
       -2.391799926757813
       -2.242899894714356
       -2.364799976348877
       -2.600800037384033
       -3.074100017547607
       -2.290400028228760
       -2.206300020217896
       -1.618100047111511
       -1.065299987792969
   9.800000116229057E-003
  -6.136000156402588E-001
   1.083000004291534E-001
   8.593000173568726E-001
        1.004899978637695
        1.225499987602234
   9.431999921798706E-001
   5.088999867439270E-001
  -9.899999946355820E-003
   3.054000139236450E-001
        1.407999992370606
        1.300199985504150
        2.324500083923340
        1.943699955940247
        2.512200117111206
        2.268199920654297
        1.754099965095520
        1.000200033187866
  -4.131000041961670E-001
       -1.223799943923950
       -2.163500070571899
       -2.920000076293945
       -2.456599950790405
       -1.999099969863892
       -1.281800031661987
   1.897999942302704E-001
  -5.264000296592712E-001
  -5.077999830245972E-001
       -1.242100000381470
       -2.198999881744385
       -1.139000058174133
  -7.070000171661377E-001
       -1.376600027084351
       -1.513700008392334
       -1.564700007438660
       -1.156000018119812
  -5.979999899864197E-001
       -1.159000039100647
       -1.316200017929077
       -1.127799987792969
       -1.032899975776672
  -2.284999936819077E-001
  -1.119000017642975E-001
       -2.009799957275391
       -2.541399955749512
       -2.521899938583374
       -2.355700016021729
       -1.993999958038330
       -2.548399925231934
       -1.316300034523010
  -5.605000257492065E-001
       -2.137599945068359
       -1.164499998092651
       -1.819300055503845
       -2.520200014114380
       -1.917700052261353
       -1.756199955940247
       -2.176500082015991
       -1.551599979400635
       -1.665899991989136
  -4.871999919414520E-001
  -8.120000362396240E-002
        1.201599955558777
   7.680000066757202E-001
   7.074000239372253E-001
   2.458000034093857E-001
   2.178000062704086E-001
  -1.398999989032745E-001
   9.101999998092651E-001
   7.430999875068665E-001
        1.093000054359436
        2.034800052642822
        2.660300016403198
        2.354599952697754
        2.070699930191040
        1.660400032997131
   7.493000030517578E-001
  -9.440000355243683E-002
  -8.833000063896179E-001
       -1.973500013351440
       -1.793099999427795
       -2.070800065994263
       -1.997799992561340
       -1.914800047874451
       -1.883999943733215
  -5.091000199317932E-001
  -4.201999902725220E-001
  -8.525000214576721E-001
  -4.911000132560730E-001
       -1.722599983215332
  -9.884999990463257E-001
       -1.728199958801270
       -1.717300057411194
       -1.488800048828125
       -1.073699951171875
       -1.080999970436096
  -2.052000015974045E-001
  -2.955999970436096E-001
   1.962999999523163E-001
  -7.016999721527100E-001
  -3.323999941349030E-001
  -1.070000045001507E-002
  -5.033000111579895E-001
       -1.055999994277954
       -2.959599971771240
       -2.743499994277954
       -2.713099956512451
       -1.620499968528748
       -1.598399996757507
       -1.360000014305115
  -6.779999732971191E-001
       -1.334400057792664
       -1.565199971199036
       -1.286700010299683
       -1.508000016212463
       -1.816599965095520
       -1.198300004005432
       -1.452399969100952
       -1.289600014686585
       -2.328500032424927
       -1.078299999237061
   4.609000086784363E-001
        1.507200002670288
        1.499899983406067
   9.642000198364258E-001
   4.160000085830689E-001
  -3.783999979496002E-001
   6.945999860763550E-001
   2.102999985218048E-001
        1.086300015449524
        1.772899985313416
        2.279900074005127
        1.384999990463257
        2.160099983215332
        1.138599991798401
        1.912199974060059
        1.889600038528442
   5.483000278472900E-001
  -6.858999729156494E-001
       -1.768100023269653
       -1.681599974632263
       -2.313999891281128
       -2.472100019454956
       -2.082200050354004
       -2.036600112915039
       -1.270499944686890
       -1.806800007820129
  -9.959999918937683E-001
       -1.090100049972534
       -2.010600090026856
       -3.011100053787231
       -1.330399990081787
       -1.475999951362610
       -1.562899947166443
       -1.490000009536743
  -2.111999988555908E-001
  -6.929000020027161E-001
  -5.677000284194946E-001
  -1.471000015735626E-001
  -6.629999727010727E-002
  -4.235000014305115E-001
  -5.123999714851379E-001
  -4.411000013351440E-001
  -3.443999886512756E-001
       -1.597200036048889
       -2.216200113296509
       -2.163599967956543
       -1.998000025749207
       -1.219699978828430
       -1.527099967002869
  -7.328000068664551E-001
  -2.160000056028366E-002
       -1.223799943923950
  -7.294999957084656E-001
       -1.305999994277954
       -1.454800009727478
       -1.685299992561340
  -7.208999991416931E-001
       -1.102300047874451
  -5.120999813079834E-001
       -1.568799972534180
   2.150000073015690E-002
        1.014099955558777
        1.484899997711182
   2.725999951362610E-001
   6.657999753952026E-001
   4.665000140666962E-001
   8.636000156402588E-001
   5.508000254631043E-001
   7.074999809265137E-001
   9.578999876976013E-001
        1.639600038528442
        1.911999940872192
        1.634999990463257
        2.229599952697754
        1.442800045013428
   5.605999827384949E-001
   3.519999980926514E-001
   1.301999986171722E-001
  -8.101999759674072E-001
  -9.710999727249146E-001
       -1.773000001907349
       -1.563799977302551
       -1.109899997711182
       -1.548200011253357
       -2.693900108337402
       -2.279400110244751
       -1.907400012016296
       -1.818799972534180
       -2.511499881744385
       -2.088999986648560
       -1.323699951171875
  -7.189999818801880E-001
       -1.141000032424927
       -1.144600033760071
  -9.341999888420105E-001
  -6.381000280380249E-001
       -1.126600027084351
   1.438000053167343E-001
   7.850000262260437E-001
   6.348000168800354E-001
   1.084000021219254E-001
   4.492999911308289E-001
  -9.010999798774719E-001
  -7.087000012397766E-001
       -1.124699950218201
       -1.471899986267090
       -1.024399995803833
  -3.276000022888184E-001
   2.761000096797943E-001
  -3.309000134468079E-001
  -3.375999927520752E-001
  -4.562999904155731E-001
       -1.109099984169006
  -8.917999863624573E-001
  -9.355000257492065E-001
  -4.602999985218048E-001
  -6.554999947547913E-001
  -5.913000106811523E-001
  -6.934999823570252E-001
       -1.144299983978272
  -8.439999818801880E-002
   9.508000016212463E-001
        1.648900032043457
   8.291000127792358E-001
   7.019000053405762E-001
        1.275400042533875
   3.695999979972839E-001
   6.631000041961670E-001
   5.480000004172325E-002
   3.684000074863434E-001
   9.499999880790710E-001
        1.361700057983398
   9.067999720573425E-001
        1.118499994277954
   6.503000259399414E-001
   2.055000066757202E-001
   7.883999943733215E-001
  -6.469999998807907E-002
  -9.685999751091003E-001
       -1.873900055885315
  -9.563000202178955E-001
  -6.079000234603882E-001
  -4.866000115871429E-001
       -1.266700029373169
       -2.678600072860718
       -2.581300020217896
       -1.848600029945374
       -1.433799982070923
       -1.491099953651428
       -1.583899974822998
       -1.743999958038330
       -1.615599989891052
       -2.026799917221069
       -1.462900042533875
  -7.107999920845032E-001
  -2.413000017404556E-001
       -1.077800035476685
  -2.800999879837036E-001
   5.564000010490418E-001
   9.352999925613403E-001
        1.249600052833557
   6.650999784469605E-001
   6.607999801635742E-001
   1.481000036001205E-001
  -3.966999948024750E-001
  -7.458999752998352E-001
  -4.440999925136566E-001
  -6.037999987602234E-001
   6.384999752044678E-001
   4.158999919891357E-001
  -5.590000003576279E-002
       -1.335399985313416
       -1.373399972915649
       -1.278900027275085
       -1.327299952507019
  -8.531000018119812E-001
  -1.717000007629395E-001
  -4.564999938011169E-001
  -3.652999997138977E-001
       -1.361799955368042
   7.890000194311142E-002
        1.098600029945374
        1.121199965476990
        1.116000056266785
        1.241600036621094
        1.360800027847290
   8.894000053405762E-001
        1.285099983215332
   7.180000096559525E-002
   1.835000067949295E-001
   6.909000277519226E-001
   8.366000056266785E-001
        1.405599951744080
   9.756000041961670E-001
   3.939999938011169E-001
   1.189000010490418E-001
   1.513999998569489E-001
   1.194000020623207E-001
       -1.150799989700317
       -1.577600002288818
       -1.056699991226196
       -1.093600034713745
       -1.341899991035461
       -1.243600010871887
       -2.592999935150147
       -2.129600048065186
       -1.748399972915649
       -1.549299955368042
  -8.203999996185303E-001
       -1.500900030136108
       -2.104700088500977
       -1.972499966621399
       -2.487299919128418
       -1.540899991989136
       -1.002799987792969
       -1.555799961090088
       -1.596699953079224
  -8.525000214576721E-001
  -5.712000131607056E-001
   4.038999974727631E-001
        1.432899951934815
   6.143000125885010E-001
        1.012699961662293
   6.456000208854675E-001
   2.917000055313110E-001
  -5.248000025749207E-001
   2.979999966919422E-002
   5.978000164031982E-001
   4.381000101566315E-001
   3.352999985218048E-001
   4.032999873161316E-001
  -9.359999895095825E-001
       -1.641600012779236
       -2.576800107955933
       -1.768200039863586
  -1.070000007748604E-001
  -1.102999970316887E-001
  -9.708999991416931E-001
       -1.179200053215027
       -2.143199920654297
  -3.731000125408173E-001
   3.213999867439270E-001
        1.334599971771240
   8.806999921798706E-001
   6.565999984741211E-001
        1.125800013542175
        1.329699993133545
        1.602900028228760
        1.146199941635132
  -1.335999965667725E-001
   3.474000096321106E-001
   6.128000020980835E-001
        1.587200045585632
   9.922000169754028E-001
   8.246999979019165E-001
   7.458000183105469E-001
   1.955000013113022E-001
  -2.208999991416931E-001
  -8.540999889373779E-001
  -2.802999913692474E-001
  -7.721999883651733E-001
  -8.356000185012817E-001
       -1.140200018882752
  -9.628000259399414E-001
       -1.115900039672852
       -1.511999964714050
       -1.299999952316284
       -1.462200045585632
  -4.595000147819519E-001
  -2.010000050067902E-001
  -7.950000166893005E-001
       -1.325399994850159
  -9.768000245094299E-001
  -7.910000085830689E-001
       -2.202600002288818
       -1.384999990463257
       -1.804700016975403
       -1.518800020217896
  -9.318000078201294E-001
   2.770000100135803E-001
   9.370999932289124E-001
   4.481000006198883E-001
  -2.123000025749207E-001
  -3.343000113964081E-001
  -8.820000290870667E-002
  -8.070000261068344E-002
  -4.801999926567078E-001
   3.229999914765358E-002
  -3.204999864101410E-001
   3.023999929428101E-001
   7.850000262260437E-001
  -2.646999955177307E-001
       -1.875300049781799
       -1.141999959945679
       -2.212899923324585
  -5.379999876022339E-001
   3.299999982118607E-003
  -1.899999976158142E-001
       -1.755200028419495
       -1.837100028991699
       -1.068799972534180
  -6.090000271797180E-001
  -6.219000220298767E-001
  -9.899999946355820E-003
   4.720999896526337E-001
   8.177000284194946E-001
  -1.133999973535538E-001
  -2.412000000476837E-001
   1.116999983787537E-001
   4.569000005722046E-001
  -4.129999876022339E-002
   2.942999899387360E-001
   9.968000054359436E-001
   3.481999933719635E-001
  -3.553999960422516E-001
   2.331999987363815E-001
   1.969999969005585E-001
  -5.641999840736389E-001
  -4.002000093460083E-001
   1.810000091791153E-002
  -2.487999945878983E-001
  -3.199000060558319E-001
   1.701000034809113E-001
  -6.546000242233276E-001
  -7.480000257492065E-001
       -1.027899980545044
  -8.871999979019165E-001
       -1.324300050735474
  -5.995000004768372E-001
  -5.267999768257141E-001
       -1.164299964904785
       -1.824800014495850
       -1.005200028419495
  -8.608000278472900E-001
       -1.074000000953674
       -1.665400028228760
  -9.564999938011169E-001
       -1.156000018119812
  -7.440999746322632E-001
   2.170999944210053E-001
   2.740000002086163E-002
   1.090000011026859E-002
  -1.224000006914139E-001
  -3.953000009059906E-001
  -4.742999970912933E-001
  -7.645999789237976E-001
  -7.588999867439270E-001
  -7.160000205039978E-001
  -7.900000214576721E-001
   4.250000044703484E-002
   4.205999970436096E-001
  -1.805000007152557E-001
       -1.175699949264526
       -1.890900015830994
       -1.422600030899048
  -6.309999823570252E-001
  -5.002999901771545E-001
   1.370000001043081E-002
       -1.924900054931641
       -1.290699958801270
       -1.064900040626526
       -1.110599994659424
  -6.851999759674072E-001
       -1.286299943923950
  -8.604000210762024E-001
  -7.713999748229981E-001
  -1.406999975442886E-001
  -1.758999973535538E-001
   2.177000045776367E-001
   8.916000127792358E-001
   3.021000027656555E-001
        1.151700019836426
  -4.733999967575073E-001
   3.599999938160181E-003
  -9.259999990463257E-001
  -6.079999804496765E-001
  -1.385000050067902E-001
  -7.139000296592712E-001
  -5.799999833106995E-001
  -4.465999901294708E-001
   6.825000047683716E-001
   8.485000133514404E-001
   1.229000017046928E-001
   6.513000130653381E-001
  -6.582999825477600E-001
       -1.040599942207336
       -1.083099961280823
  -3.707999885082245E-001
       -1.159000039100647
  -5.238999724388123E-001
       -1.438799977302551
       -1.376600027084351
       -1.047899961471558
  -4.790999889373779E-001
  -2.646999955177307E-001
       -1.427199959754944
  -8.184000253677368E-001
       -1.072399973869324
       -1.350999951362610
   5.103999972343445E-001
   6.115000247955322E-001
   3.449000120162964E-001
   2.865000069141388E-001
   1.530000008642674E-002
  -2.793999910354614E-001
   2.904999852180481E-001
  -8.664000034332275E-001
  -1.215000003576279E-001
  -6.897000074386597E-001
  -8.136000037193298E-001
  -8.760000020265579E-002
  -5.058000087738037E-001
       -1.197600007057190
       -1.662899971008301
       -1.179100036621094
  -7.746999859809876E-001
       -1.024600028991699
       -1.606799960136414
       -2.217999935150147
  -5.370000004768372E-001
       -1.977800011634827
       -1.186900019645691
       -1.563300013542175
       -1.355399966239929
       -1.097300052642822
       -1.416599988937378
  -8.975999951362610E-001
   1.295000016689301E-001
   4.729000031948090E-001
        1.513599991798401
   2.978000044822693E-001
        1.119199991226196
   1.172000020742416E-001
  -2.349999994039536E-001
       -1.151700019836426
  -2.470999956130981E-001
  -1.253000050783157E-001
  -7.010999917984009E-001
  -7.695000171661377E-001
  -9.368000030517578E-001
  -2.466000020503998E-001
   4.541999995708466E-001
   5.365999937057495E-001
  -1.449999958276749E-002
  -1.900999993085861E-001
  -5.151000022888184E-001
       -1.178799986839294
  -4.824000000953674E-001
  -7.265999913215637E-001
       -1.024999976158142
       -1.095000028610230
  -7.419000267982483E-001
  -4.907000064849854E-001
   6.200000178068876E-003
  -3.422000110149384E-001
   9.200000204145908E-003
  -5.177999734878540E-001
       -1.343600034713745
  -4.882999956607819E-001
  -3.607999980449677E-001
  -2.737999856472015E-001
   3.677999973297119E-001
   4.862000048160553E-001
   1.226999983191490E-001
  -3.756000101566315E-001
  -6.557000279426575E-001
  -7.943999767303467E-001
  -2.529000043869019E-001
   1.893000006675720E-001
  -2.240999937057495E-001
   3.055999875068665E-001
  -3.310000151395798E-002
       -1.387400031089783
       -1.407999992370606
  -9.548000097274780E-001
  -4.275000095367432E-001
       -1.144299983978272
       -1.890200018882752
       -1.463600039482117
  -8.403000235557556E-001
       -1.371099948883057
       -1.236299991607666
       -1.274999976158142
       -1.459400057792664
       -2.065000057220459
       -1.332299947738648
       -1.175500035285950
   9.987999796867371E-001
   7.071999907493591E-001
   4.984999895095825E-001
   7.253999710083008E-001
   8.497999906539917E-001
   2.162999957799912E-001
   1.544000059366226E-001
   4.070000052452087E-001
   5.499999970197678E-002
  -1.964000016450882E-001
       -1.131199955940247
  -3.488000035285950E-001
  -4.833000004291534E-001
  -4.970000088214874E-001
   9.143000245094299E-001
   6.546999812126160E-001
   7.429000139236450E-001
   3.257000148296356E-001
   2.242999970912933E-001
  -5.399000048637390E-001
       -1.381999969482422
       -1.312299966812134
  -9.739000201225281E-001
  -9.235000014305115E-001
  -9.501000046730042E-001
  -8.802000284194946E-001
  -1.847999989986420E-001
   3.055999875068665E-001
   5.902000069618225E-001
  -5.719999969005585E-002
  -1.203000023961067E-001
  -1.632999926805496E-001
   2.331999987363815E-001
   2.610999941825867E-001
   3.686999976634979E-001
        1.000100016593933
   3.269999921321869E-001
   6.830000132322311E-002
  -7.314000129699707E-001
  -2.226999998092651E-001
   1.928000003099442E-001
   1.090000011026859E-002
  -1.336999982595444E-001
   4.325000047683716E-001
  -6.248000264167786E-001
       -1.303400039672852
       -1.293499946594238
       -1.239400029182434
  -4.467999935150147E-001
  -4.927999973297119E-001
  -2.511999905109406E-001
       -1.070299983024597
  -6.496000289916992E-001
  -8.604000210762024E-001
       -1.754299998283386
       -2.117899894714356
       -2.193500041961670
       -1.433300018310547
       -1.768100023269653
  -8.575999736785889E-001
   6.137999892234802E-001
   7.943999767303467E-001
   7.918000221252441E-001
  -5.018000006675720E-001
  -4.774000048637390E-001
  -2.299000024795532E-001
  -7.000000029802322E-002
  -5.807999968528748E-001
   8.860000222921372E-002
  -3.759000003337860E-001
  -4.514000117778778E-001
  -5.321000218391419E-001
  -5.422999858856201E-001
  -4.481999874114990E-001
   8.895999789237976E-001
   8.596000075340271E-001
  -2.802000045776367E-001
  -4.989999905228615E-002
  -6.290000081062317E-001
       -1.216400027275085
  -8.009999990463257E-001
       -1.361500024795532
       -1.668200016021729
       -1.285099983215332
       -1.225000023841858
       -1.016700029373169
  -6.601999998092651E-001
   9.819999933242798E-001
   2.340999990701675E-001
  -8.380000293254852E-002
  -4.503000080585480E-001
   1.013000011444092E-001
   7.410000264644623E-002
   6.958000063896179E-001
  -1.513999998569489E-001
   5.939999967813492E-002
   9.398000240325928E-001
   7.986000180244446E-001
  -5.189999938011169E-002
   7.326999902725220E-001
   4.456999897956848E-001
   5.702000260353088E-001
  -1.449999958276749E-002
  -6.047000288963318E-001
  -5.382000207901001E-001
  -4.738000035285950E-001
  -4.404000043869019E-001
   4.137000143527985E-001
   5.185999870300293E-001
   2.937000095844269E-001
   5.880000069737434E-002
  -5.713000297546387E-001
  -9.746999740600586E-001
  -5.597000122070313E-001
  -8.170999884605408E-001
       -2.227799892425537
       -2.179300069808960
       -1.865800023078919
  -9.865000247955322E-001
  -5.116000175476074E-001
  -5.415999889373779E-001
   5.001000165939331E-001
   4.316000044345856E-001
  -2.230000048875809E-001
  -7.990999817848206E-001
  -3.106999993324280E-001
  -9.800000190734863E-001
  -8.736000061035156E-001
       -1.059499979019165
       -1.385400056838989
  -7.500000298023224E-002
  -2.975000143051148E-001
  -6.685000061988831E-001
  -4.068000018596649E-001
   5.220000147819519E-001
        1.088000059127808
   1.208000034093857E-001
   1.953999996185303E-001
  -6.322000026702881E-001
       -1.440899968147278
       -1.326400041580200
       -2.156899929046631
       -1.785699963569641
       -1.582200050354004
  -9.437000155448914E-001
  -4.808000028133392E-001
  -6.266999840736389E-001
   2.603000104427338E-001
   3.292999863624573E-001
   6.053000092506409E-001
   1.616999953985214E-001
   7.720000296831131E-002
   2.337999939918518E-001
   3.382000029087067E-001
   4.201000034809113E-001
   1.810999959707260E-001
        1.121799945831299
   8.231999874114990E-001
   4.919999837875366E-002
   5.533999800682068E-001
   2.536999881267548E-001
  -1.118000000715256E-001
  -6.210000067949295E-002
  -6.664999723434448E-001
  -7.786999940872192E-001
       -1.014799952507019
  -2.852999866008759E-001
   1.746000051498413E-001
   3.607999980449677E-001
   8.320999741554260E-001
   3.244999945163727E-001
   2.508000135421753E-001
   5.336999893188477E-001
   1.114000007510185E-001
  -1.835000067949295E-001
       -1.702200055122376
       -2.350899934768677
       -1.983399987220764
       -1.569200038909912
       -1.146399974822998
       -1.774000048637390
  -2.257000058889389E-001
  -1.180000007152557E-001
   2.551999986171722E-001
  -9.333000183105469E-001
  -6.177999973297119E-001
  -6.442999839782715E-001
       -1.278900027275085
  -8.941000103950501E-001
  -9.656999707221985E-001
       -1.902699947357178
       -1.015499949455261
  -1.941999942064285E-001
  -1.631000041961670E-001
  -7.289999723434448E-002
   9.550999999046326E-001
   4.180000126361847E-001
  -4.885999858379364E-001
  -5.551000237464905E-001
       -1.525300025939941
       -1.925699949264526
  -9.434999823570252E-001
       -1.261600017547607
       -1.389400005340576
       -1.088000059127808
  -8.060000091791153E-002
  -6.790000200271606E-001
  -1.845999956130981E-001
  -6.290000081062317E-001
   2.567000091075897E-001
   8.180999755859375E-001
   3.829999864101410E-001
   4.859000146389008E-001
  -2.190000005066395E-002
   2.134000062942505E-001
   5.957000255584717E-001
   5.903000235557556E-001
   5.827999711036682E-001
        1.011600017547607
   6.603999733924866E-001
   3.984000086784363E-001
  -1.617999970912933E-001
  -7.357000112533569E-001
  -1.900999993085861E-001
       -1.006199955940247
  -6.201000213623047E-001
   2.017000019550324E-001
  -2.006999999284744E-001
   2.570999860763550E-001
   6.151999831199646E-001
   5.637000203132629E-001
   4.923999905586243E-001
   7.508999705314636E-001
   5.820999741554260E-001
  -1.870000064373016E-001
  -7.652000188827515E-001
       -1.116299986839294
       -1.456599950790405
       -2.146500110626221
       -1.770699977874756
       -1.128100037574768
       -1.227300047874451
  -1.422999948263168E-001
  -4.167000055313110E-001
  -9.894999861717224E-001
  -9.965000152587891E-001
  -8.637999892234802E-001
       -1.201500058174133
       -1.498800039291382
       -1.893000006675720
       -1.923900008201599
       -1.743000030517578
  -2.964000105857849E-001
   2.594000101089478E-001
   4.966000020503998E-001
   2.971000075340271E-001
   4.034999907016754E-001
  -6.281999945640564E-001
       -1.709800004959106
       -1.431100010871887
       -1.540799975395203
  -8.680999875068665E-001
  -5.666000247001648E-001
   3.086999952793121E-001
  -1.497000008821487E-001
  -2.399999946355820E-001
  -6.870999932289124E-001
  -1.040999963879585E-001
   2.890999913215637E-001
   1.582999974489212E-001
   3.600000143051148E-001
  -3.249999880790710E-002
   5.378999710083008E-001
   7.573999762535095E-001
   3.409999907016754E-001
  -3.492000102996826E-001
   3.125000000000000E-001
   8.047000169754028E-001
   9.139999747276306E-001
   2.599999904632568E-001
   1.379999965429306E-001
  -1.941999942064285E-001
  -3.898000121116638E-001
  -7.641999721527100E-001
  -9.463000297546387E-001
  -4.167000055313110E-001
  -9.725999832153320E-001
  -5.221999883651733E-001
  -6.109999865293503E-002
   2.580000087618828E-002
   1.891999989748001E-001
  -3.621999919414520E-001
   2.759999968111515E-002
  -3.643000125885010E-001
  -5.960999727249146E-001
  -7.791000008583069E-001
  -6.281999945640564E-001
       -1.974900007247925
       -2.151200056076050
       -1.420699954032898
       -1.580500006675720
  -5.091999769210815E-001
  -3.314000070095062E-001
       -1.111799955368042
  -9.840999841690064E-001
       -1.135200023651123
       -1.323600053787231
       -1.330899953842163
       -1.182399988174439
       -2.099699974060059
       -1.970600008964539
       -1.532899975776672
       -1.046700000762940
  -4.171000123023987E-001
  -1.687999963760376E-001
  -1.092000007629395E-001
  -6.651999950408936E-001
       -1.664899945259094
       -2.045200109481812
       -2.363100051879883
       -1.425699949264526
       -1.001799941062927
  -5.141000151634216E-001
   6.625000238418579E-001
   6.746000051498413E-001
   2.513999938964844E-001
  -3.567000031471252E-001
  -9.183999896049500E-001
  -4.916999936103821E-001
   5.691000223159790E-001
  -1.554999947547913E-001
  -1.247000023722649E-001
   2.580000087618828E-002
   4.196000099182129E-001
   1.377999931573868E-001
  -3.916999995708466E-001
  -1.756000071763992E-001
   8.990000188350678E-002
   5.320000052452087E-001
   2.793000042438507E-001
  -4.562000036239624E-001
  -2.999999932944775E-002
   8.810000121593475E-002
  -1.669999957084656E-002
  -3.795000016689301E-001
  -6.517999768257141E-001
  -2.746999859809876E-001
  -9.326999783515930E-001
   2.080000042915344E-001
   3.750999867916107E-001
   2.453999966382980E-001
  -5.084000229835510E-001
   6.300000008195639E-003
       -1.183699965476990
   3.488999903202057E-001
  -7.099999785423279E-001
       -1.120000004768372
       -1.318199992179871
       -2.062000036239624
  -7.113000154495239E-001
  -7.865999937057495E-001
  -6.126000285148621E-001
   1.865999996662140E-001
  -9.879000186920166E-001
       -1.888000011444092
       -1.583500027656555
  -7.422000169754028E-001
  -5.708000063896179E-001
  -7.488999962806702E-001
       -1.436200022697449
       -1.692199945449829
       -1.291000008583069
  -5.411999821662903E-001
   6.509999930858612E-002
  -1.218999996781349E-001
  -9.449999779462814E-002
  -7.142000198364258E-001
       -1.653100013732910
       -1.993299961090088
       -1.692100048065186
       -1.043900012969971
  -8.240000158548355E-002
  -7.422999739646912E-001
   1.421000063419342E-001
   9.192000031471252E-001
  -8.969999849796295E-002
  -8.500999808311462E-001
  -8.748999834060669E-001
  -2.921999990940094E-001
   6.535000205039978E-001
  -7.789999991655350E-002
   6.499999761581421E-002
  -3.560000061988831E-001
  -4.203999936580658E-001
   9.416000247001648E-001
  -4.111000001430512E-001
  -1.412999927997589E-001
   4.185000061988831E-001
   9.258000254631043E-001
   2.466000020503998E-001
  -1.797000020742416E-001
  -6.069999933242798E-001
  -4.526999890804291E-001
   1.592999994754791E-001
  -2.890000045299530E-001
  -7.969999909400940E-001
  -8.166999816894531E-001
  -7.132999897003174E-001
   1.222999989986420E-001
   6.197999715805054E-001
   5.225999951362610E-001
   7.960000038146973E-001
       -1.608299970626831
       -1.534999966621399
  -7.990000247955322E-001
  -6.323000192642212E-001
  -3.508999943733215E-001
       -1.595399975776672
       -1.428900003433228
       -1.889799952507019
       -1.332200050354004
       -1.448099970817566
       -1.277400016784668
  -6.798999905586243E-001
       -1.195500016212463
  -3.664999902248383E-001
  -5.368000268936157E-001
  -9.132999777793884E-001
       -1.040099978446960
  -9.143999814987183E-001
       -1.212000012397766
       -1.388100028038025
       -1.236999988555908
  -3.759000003337860E-001
   3.880999982357025E-001
  -3.921999931335449E-001
  -1.833000034093857E-001
       -1.093899965286255
       -1.570799946784973
       -1.303799986839294
  -8.111000061035156E-001
   6.714000105857849E-001
   2.581000030040741E-001
        1.119899988174439
   7.734000086784363E-001
  -9.600000455975533E-003
  -2.176000028848648E-001
  -2.146999984979630E-001
   3.564000129699707E-001
   5.942000150680542E-001
   3.406000137329102E-001
   2.799999900162220E-003
   7.000000029802322E-002
   2.193000018596649E-001
  -7.192000150680542E-001
        1.292600035667419
   4.050000011920929E-001
   1.262000054121018E-001
        1.130300045013428
   1.702000051736832E-001
  -1.688999980688095E-001
       -1.377300024032593
       -1.252599954605103
  -4.914000034332275E-001
  -5.329999923706055E-001
  -7.333999872207642E-001
       -1.101199984550476
  -5.142999887466431E-001
        1.430099964141846
        1.085199952125549
   8.406999707221985E-001
        1.095700025558472
       -1.822499990463257
       -1.577499985694885
       -1.728099942207336
       -1.296700000762940
  -9.660000205039978E-001
       -1.414100050926209
       -1.169800043106079
       -1.234200000762940
  -8.131999969482422E-001
       -1.081300020217896
       -1.835000038146973
       -1.412899971008301
       -1.839599967002869
  -7.730000019073486E-001
  -4.194000065326691E-001
       -1.054499983787537
  -2.187999933958054E-001
  -9.616000056266785E-001
       -1.549800038337708
       -1.174100041389465
  -6.484000086784363E-001
  -1.641999930143356E-001
   3.892000019550324E-001
  -1.270000040531158E-001
  -9.369000196456909E-001
  -7.505999803543091E-001
  -8.812000155448914E-001
  -7.324000000953674E-001
   4.715000092983246E-001
   4.129999876022339E-002
   8.450000286102295E-001
   5.313000082969666E-001
   5.734999775886536E-001
  -3.139999881386757E-002
  -6.560000032186508E-002
  -1.234999969601631E-001
  -2.099000066518784E-001
   4.769999906420708E-002
   7.261999845504761E-001
   5.045999884605408E-001
  -1.771000027656555E-001
  -3.492999970912933E-001
  -7.100000232458115E-002
   5.820000171661377E-001
   3.418000042438507E-001
   2.199999988079071E-002
   2.865000069141388E-001
  -5.249999761581421E-001
       -1.367799997329712
       -1.289199948310852
       -1.915099978446960
       -1.234699964523315
       -1.137699961662293
  -9.251999855041504E-001
       -1.214900016784668
  -2.211000025272369E-001
   7.100000232458115E-002
        1.302099943161011
        1.403499960899353
        1.840999960899353
       -1.323899984359741
       -1.225800037384033
       -1.709499955177307
       -1.797799944877625
       -1.145300030708313
       -1.768300056457520
       -1.778900027275085
  -2.594999969005585E-001
  -9.101999998092651E-001
  -9.304999709129334E-001
       -1.635900020599365
       -1.536800026893616
  -7.717000246047974E-001
  -9.815999865531921E-001
  -5.135999917984009E-001
  -7.372999787330627E-001
   5.758000016212463E-001
  -4.884000122547150E-001
       -1.228099942207336
  -2.816999852657318E-001
   5.110000073909760E-002
  -1.115000024437904E-001
   2.679999917745590E-002
   2.690000087022781E-002
  -4.304000139236450E-001
       -1.252400040626526
  -1.340000033378601E-001
  -1.178999990224838E-001
  -5.273000001907349E-001
  -1.842000037431717E-001
   3.596999943256378E-001
   1.709000021219254E-001
  -4.458000063896179E-001
  -3.055999875068665E-001
       -1.169899940490723
   1.055999994277954E-001
   4.706999957561493E-001
  -1.150000020861626E-001
   2.478999942541122E-001
   1.932999938726425E-001
  -9.822000265121460E-001
  -7.075999975204468E-001
  -4.514000117778778E-001
  -1.289000064134598E-001
   2.600000007078052E-003
  -1.784999966621399E-001
   2.432000041007996E-001
  -8.736000061035156E-001
       -1.340299963951111
       -1.397799968719482
       -2.383300065994263
       -2.496799945831299
       -1.364899992942810
       -1.972100019454956
       -1.026399970054627
  -6.660000234842300E-002
        1.278599977493286
        1.125000000000000
        1.630599975585938
        2.302999973297119
       -1.355900049209595
  -5.666000247001648E-001
       -1.373999953269959
       -1.936100006103516
       -1.418699979782105
       -2.323400020599365
       -1.379500031471252
  -6.421999931335449E-001
  -5.709000229835510E-001
  -9.082999825477600E-001
  -4.352999925613403E-001
   4.930000007152557E-002
  -3.057000041007996E-001
  -7.005000114440918E-001
  -5.345000028610230E-001
  -2.301000058650971E-001
   2.775999903678894E-001
   5.072000026702881E-001
  -1.978999972343445E-001
   4.140999913215637E-001
   5.170999765396118E-001
   3.799999877810478E-002
   6.789000034332275E-001
  -3.334999978542328E-001
       -1.302500009536743
       -1.501899957656860
  -7.048000097274780E-001
  -7.750000059604645E-002
  -5.059999972581863E-002
       -1.046399950981140
   3.325999975204468E-001
   2.469999939203262E-001
  -2.334000021219254E-001
  -1.330000013113022E-001
  -6.446999907493591E-001
   1.159999966621399E-001
  -2.110999971628189E-001
        1.061699986457825
   7.626000046730042E-001
   2.481999993324280E-001
  -3.635999858379364E-001
       -1.147799968719482
  -3.016999959945679E-001
   2.137999981641769E-001
  -5.927000045776367E-001
  -6.158999800682068E-001
  -5.173000097274780E-001
  -3.610999882221222E-001
  -5.970000028610230E-001
       -1.305699944496155
       -1.594099998474121
       -2.128799915313721
       -2.424799919128418
       -1.956500053405762
       -1.445899963378906
  -7.979000210762024E-001
  -6.639999896287918E-002
   5.353999733924866E-001
        1.118399977684021
        1.748299956321716
  -4.957999885082245E-001
  -6.078000068664551E-001
  -7.012000083923340E-001
       -1.335999965667725
       -1.286000013351440
       -1.637899994850159
  -4.472999870777130E-001
  -5.720999836921692E-001
  -9.151999950408936E-001
  -1.986999958753586E-001
   2.649999856948853E-001
   8.019000291824341E-001
  -2.597000002861023E-001
  -2.140000015497208E-001
  -4.462999999523163E-001
   4.380000010132790E-002
   1.174999997019768E-001
  -2.129999920725822E-002
   6.028000116348267E-001
   3.732999861240387E-001
   6.852999925613403E-001
   2.824000120162964E-001
   3.603000044822693E-001
   3.730000182986260E-002
  -6.183000206947327E-001
       -1.053599953651428
  -7.761999964714050E-001
   6.241000294685364E-001
  -5.400000140070915E-002
  -3.449000120162964E-001
   7.707999944686890E-001
  -3.129999935626984E-001
  -3.222000002861023E-001
  -8.869999647140503E-002
   3.542000055313110E-001
  -1.993000060319901E-001
   8.608000278472900E-001
   2.809000015258789E-001
  -1.941000074148178E-001
  -3.966999948024750E-001
   1.627999991178513E-001
  -5.346999764442444E-001
   5.840000137686729E-002
   1.679999977350235E-001
   2.658999860286713E-001
       -1.240100026130676
  -1.864999979734421E-001
   2.022999972105026E-001
  -3.711000084877014E-001
  -8.414999842643738E-001
       -1.037400007247925
       -1.441499948501587
       -1.531100034713745
  -6.175000071525574E-001
       -1.564100027084351
       -1.552000045776367
  -3.693999946117401E-001
   5.541999936103821E-001
   5.544000267982483E-001
   9.976000189781189E-001
  -6.457999944686890E-001
  -4.307999908924103E-001
       -1.257799983024597
       -1.819100022315979
       -1.760400056838989
  -9.244999885559082E-001
  -5.843999981880188E-001
  -7.375000119209290E-001
  -7.940999865531921E-001
  -1.292999982833862E-001
   1.889999955892563E-001
   4.891999959945679E-001
  -9.960000216960907E-002
  -8.611999750137329E-001
  -6.460000276565552E-001
  -7.232000231742859E-001
  -8.015999794006348E-001
  -1.248999983072281E-001
   3.601000010967255E-001
   2.223999947309494E-001
   8.895000219345093E-001
   5.857999920845032E-001
   7.287999987602234E-001
  -2.275000065565109E-001
  -5.706999897956848E-001
  -5.627999901771545E-001
   2.725999951362610E-001
   1.967999935150147E-001
   2.094999998807907E-001
  -1.362999975681305E-001
   4.420999884605408E-001
  -6.003999710083008E-001
  -4.444999992847443E-001
  -4.025999903678894E-001
  -4.514000117778778E-001
  -3.257000148296356E-001
   7.483999729156494E-001
   9.987999796867371E-001
   3.395999968051910E-001
  -4.587999880313873E-001
   3.009999990463257E-001
   4.532000124454498E-001
   5.730999708175659E-001
   3.900000080466270E-002
  -5.350000038743019E-002
  -6.115999817848206E-001
  -3.993999958038330E-001
  -1.537999957799912E-001
  -1.323000043630600E-001
  -3.237999975681305E-001
   5.970000103116036E-002
   8.280000090599060E-002
  -8.848000168800354E-001
  -2.531999945640564E-001
  -4.399999976158142E-003
       -1.397099971771240
  -2.781000137329102E-001
   2.083999961614609E-001
   3.810000047087669E-002
  -5.396999716758728E-001
  -9.275000095367432E-001
  -6.715000271797180E-001
       -1.766999959945679
       -2.227699995040894
       -2.066099882125855
  -9.588000178337097E-001
   6.539999693632126E-002
   6.199999898672104E-002
  -6.420999765396118E-001
   4.264999926090241E-001
   1.453000009059906E-001
   3.280999958515167E-001
   1.808999925851822E-001
  -4.636000096797943E-001
  -6.535000205039978E-001
  -7.612000107765198E-001
       -1.186800003051758
  -1.030000019818544E-002
   4.923999905586243E-001
   4.889999926090241E-001
   7.149000167846680E-001
   9.115999937057495E-001
        1.231899976730347
   2.547000050544739E-001
  -1.454000025987625E-001
   9.440000355243683E-002
   7.581999897956848E-001
   4.205999970436096E-001
   4.459999874234200E-002
   6.058999896049500E-001
   2.374999970197678E-001
  -3.224000036716461E-001
  -8.044999837875366E-001
  -9.143000245094299E-001
  -3.030999898910523E-001
   5.916000008583069E-001
   8.274000287055969E-001
   2.937000095844269E-001
  -2.404000014066696E-001
  -3.296999931335449E-001
   6.769999861717224E-002
   4.819999933242798E-001
   3.341000080108643E-001
  -2.196999937295914E-001
   4.503999948501587E-001
  -4.397999942302704E-001
  -1.550000011920929E-001
  -1.994999945163727E-001
  -7.957999706268311E-001
  -3.052999973297119E-001
  -3.641999959945679E-001
  -1.389999985694885E-001
  -4.460000097751617E-001
  -1.465999931097031E-001
   1.256999969482422E-001
   1.583999991416931E-001
  -3.781000077724457E-001
  -1.730999946594238E-001
  -2.196999937295914E-001
   4.729000031948090E-001
       -2.057699918746948
       -1.687100052833557
       -2.394299983978272
       -3.052900075912476
       -2.731499910354614
       -1.777799963951111
  -7.933999896049500E-001
  -2.953000068664551E-001
  -1.661999970674515E-001
   2.838999927043915E-001
   5.000000237487257E-004
  -1.711000055074692E-001
  -3.495999872684479E-001
  -3.686000108718872E-001
       -1.006999969482422
       -1.151900053024292
       -1.068400025367737
  -2.667999863624573E-001
   2.779999934136868E-002
  -5.820000171661377E-002
  -2.478999942541122E-001
   8.557999730110169E-001
   6.094999909400940E-001
   6.241999864578247E-001
   3.409999907016754E-001
   4.540000110864639E-002
   3.382999897003174E-001
   5.799999833106995E-001
  -2.885000109672546E-001
   3.282000124454498E-001
   5.292000174522400E-001
  -8.940000087022781E-002
  -5.788000226020813E-001
  -7.673000097274780E-001
  -8.299999833106995E-001
   2.406000047922134E-001
  -4.065000116825104E-001
   4.559000134468079E-001
  -5.931000113487244E-001
  -8.061000108718872E-001
  -5.200000107288361E-002
   2.415000051259995E-001
  -3.140999972820282E-001
  -3.165000081062317E-001
   3.020000085234642E-002
  -7.175999879837036E-001
  -5.256999731063843E-001
  -5.296000242233276E-001
  -6.315000057220459E-001
  -7.692999839782715E-001
   3.929999843239784E-002
  -3.027999997138977E-001
  -6.661999821662903E-001
   5.947999954223633E-001
   4.469000101089478E-001
   2.912000119686127E-001
   2.047999948263168E-001
  -4.126000106334686E-001
   9.700000286102295E-001
   5.774999856948853E-001
       -2.770100116729736
       -2.528700113296509
       -2.890700101852417
       -2.142100095748901
       -1.791800022125244
  -8.259000182151794E-001
       -1.092800021171570
  -2.928999960422516E-001
  -4.595000147819519E-001
   3.122000098228455E-001
        1.661299943923950
   2.301000058650971E-001
  -5.957999825477600E-001
  -5.667999982833862E-001
       -1.379699945449829
  -6.729000210762024E-001
  -4.532999992370606E-001
  -8.702999949455261E-001
  -9.070000052452087E-001
   2.678000032901764E-001
   8.179999887943268E-002
   4.760999977588654E-001
   7.139000296592712E-001
  -3.774999976158142E-001
   1.601999998092651E-001
   8.749999850988388E-002
   2.962000072002411E-001
   5.997999906539917E-001
   5.623000264167786E-001
   4.630999863147736E-001
        1.626799941062927
   9.983999729156494E-001
   1.999000012874603E-001
  -5.688999891281128E-001
  -7.159000039100647E-001
  -2.818999886512756E-001
  -6.751999855041504E-001
  -1.873999983072281E-001
   1.429999992251396E-002
  -1.527999937534332E-001
  -2.445999979972839E-001
   9.592999815940857E-001
   5.909000039100647E-001
   2.815000116825104E-001
        1.425099968910217
   1.603000015020371E-001
   6.568999886512756E-001
  -6.036000251770020E-001
  -5.645999908447266E-001
  -6.409999728202820E-002
  -2.074999958276749E-001
   2.299000024795532E-001
   6.733000278472900E-001
        1.009799957275391
   2.612999975681305E-001
   8.457000255584717E-001
   3.181999921798706E-001
   3.368999958038330E-001
        1.018800020217896
   4.988000094890595E-001
       -1.762400031089783
       -2.767699956893921
       -1.682800054550171
       -2.525099992752075
       -2.366800069808960
       -1.727900028228760
       -1.646499991416931
   5.440000072121620E-002
   8.327000141143799E-001
   5.396999716758728E-001
   9.110000133514404E-001
        1.577499985694885
  -1.965000033378601E-001
  -5.814999938011169E-001
  -4.038000106811523E-001
   5.509999990463257E-001
   4.612999856472015E-001
  -3.925000131130219E-001
  -8.233000040054321E-001
   3.720999956130981E-001
   1.976000070571899E-001
  -8.087000250816345E-001
   3.119999915361404E-002
  -8.026999831199646E-001
  -1.904000043869019E-001
  -8.190000057220459E-002
  -5.079999938607216E-002
        1.218000054359436
        1.859300017356873
   5.687000155448914E-001
        1.108700037002564
        1.228199958801270
   5.978000164031982E-001
   5.044999718666077E-001
  -3.603999912738800E-001
  -1.457999944686890E-001
   1.867000013589859E-001
  -6.184999942779541E-001
  -6.861000061035156E-001
  -4.571999907493591E-001
  -5.710000172257423E-002
        1.119400024414063
        1.371399998664856
        1.032099962234497
   9.772999882698059E-001
  -1.312000006437302E-001
   2.969000041484833E-001
   1.762000024318695E-001
  -2.302999943494797E-001
       -1.540500044822693
  -9.394000172615051E-001
  -4.548999965190888E-001
  -1.553999930620194E-001
   5.975000262260437E-001
   2.782999873161316E-001
  -5.511999726295471E-001
   3.233000040054321E-001
        1.084100008010864
        1.566100001335144
   6.191999912261963E-001
       -1.444300055503845
       -2.109999895095825
       -1.741700053215027
       -1.558899998664856
       -1.705899953842163
       -1.569399952888489
       -1.432000041007996
  -8.421000242233276E-001
   2.845999896526337E-001
   5.034999847412109E-001
        1.135100007057190
        1.072000026702881
   9.968000054359436E-001
   3.579999879002571E-002
   5.134999752044678E-001
   9.294000267982483E-001
   8.761000037193298E-001
   3.709999844431877E-002
   8.049999922513962E-002
   3.995000123977661E-001
  -5.533000230789185E-001
  -8.050000071525574E-001
       -1.043799996376038
   5.070000141859055E-002
   9.740000218153000E-002
   4.652999937534332E-001
   4.562000036239624E-001
   9.319999814033508E-001
        1.393900036811829
   8.909000158309937E-001
        1.060999989509583
        1.118800044059753
        1.214800000190735
   1.669999957084656E-001
  -1.553999930620194E-001
  -2.608000040054321E-001
   7.069999724626541E-002
  -4.198000133037567E-001
  -3.542999923229218E-001
   8.199999928474426E-001
   3.917999863624573E-001
        1.699900031089783
        1.824900031089783
        1.515200018882752
   2.748000025749207E-001
  -7.069999724626541E-002
  -1.499999966472387E-002
  -8.949000239372253E-001
  -8.190000057220459E-001
       -1.339599967002869
  -9.814000129699707E-001
  -2.849000096321106E-001
   2.484000027179718E-001
   2.246000021696091E-001
   6.654000282287598E-001
  -5.669000148773193E-001
  -9.453999996185303E-001
   2.079000025987625E-001
        1.351400017738342
   3.979999944567680E-002
       -1.483999967575073
       -1.518200039863586
  -3.119999915361404E-002
  -7.968999743461609E-001
       -1.316900014877319
  -9.401000142097473E-001
       -1.505100011825562
       -1.413499951362610
  -2.276999950408936E-001
  -1.898999959230423E-001
   5.620999932289124E-001
   1.790000051259995E-001
   2.734999954700470E-001
   2.241999953985214E-001
  -1.569000035524368E-001
   4.002000093460083E-001
        1.280200004577637
   7.153000235557556E-001
        1.433899998664856
   7.246999740600586E-001
   2.012999951839447E-001
  -6.054000258445740E-001
       -1.133800029754639
  -7.081999778747559E-001
  -2.861000001430512E-001
   4.167999923229218E-001
        1.153499960899353
   5.705999732017517E-001
   7.655000090599060E-001
   4.381000101566315E-001
        1.561900019645691
        1.587200045585632
        1.507699966430664
   4.140000045299530E-001
   3.637999892234802E-001
   6.999999880790710E-001
   5.605000257492065E-001
  -3.379999846220017E-002
   1.761000007390976E-001
   5.806000232696533E-001
   2.684000134468079E-001
   9.589999914169312E-001
        1.618800044059753
        1.290500044822693
  -3.740999996662140E-001
  -8.874999880790710E-001
  -8.439999818801880E-002
  -9.719999879598618E-002
  -7.651000022888184E-001
       -1.013299942016602
   3.889999911189079E-002
   3.009999915957451E-002
   6.390000134706497E-002
  -1.820000074803829E-002
  -5.106999874114990E-001
  -8.083999752998352E-001
       -1.236799955368042
  -8.766000270843506E-001
  -3.156000077724457E-001
   2.155999988317490E-001
       -1.142400026321411
       -1.692899942398071
       -1.115000009536743
  -2.465000003576279E-001
       -1.246999979019165
       -1.065199971199036
  -7.383999824523926E-001
  -6.130999922752380E-001
  -6.146000027656555E-001
  -3.792999982833862E-001
  -4.826999902725220E-001
   3.368000090122223E-001
  -1.405999958515167E-001
  -3.269999921321869E-001
  -5.175999999046326E-001
   1.076000034809113E-001
   5.636000037193298E-001
   9.259999990463257E-001
        1.888800024986267
        1.581900000572205
   9.825999736785889E-001
  -2.055999934673309E-001
       -1.172299981117249
       -1.177600026130676
  -7.257999777793884E-001
  -4.600000102072954E-003
  -2.000000029802322E-001
   1.923000067472458E-001
        1.146499991416931
        1.793699979782105
        1.932199954986572
        1.703799962997437
        1.154700040817261
        1.652099967002869
   4.947000145912170E-001
        2.172399997711182
        1.103399991989136
   6.917999982833862E-001
        1.348600029945374
   8.062000274658203E-001
        1.322499990463257
   8.400999903678894E-001
   7.470999956130981E-001
        1.263299942016602
   8.863000273704529E-001
   1.039000004529953E-001
  -1.483000069856644E-001
  -5.260000228881836E-001
   8.999999845400453E-004
   2.960000000894070E-002
   3.440999984741211E-001
   3.831999897956848E-001
   7.079999893903732E-002
   5.724999904632568E-001
  -7.779999822378159E-002
  -4.893999993801117E-001
       -1.328999996185303
  -7.991999983787537E-001
  -6.979999691247940E-002
   8.094999790191650E-001
       -1.486799955368042
       -1.290199995040894
  -4.108000099658966E-001
   1.027000024914742E-001
  -3.154000043869019E-001
  -9.999999776482582E-003
  -9.860000014305115E-001
  -5.436999797821045E-001
  -9.036999940872192E-001
       -1.376399993896484
  -3.474999964237213E-001
  -3.350000083446503E-001
   3.970000147819519E-002
  -2.592000067234039E-001
   5.299999844282866E-003
   4.957999885082245E-001
   6.927000284194946E-001
   8.569999784231186E-002
        1.236799955368042
   9.696999788284302E-001
  -8.839999884366989E-002
   2.533000111579895E-001
  -3.465000092983246E-001
  -6.956999897956848E-001
   6.480000168085098E-002
   1.679999977350235E-001
  -3.384000062942505E-001
   4.113999903202057E-001
        1.624600052833557
        1.583600044250488
        1.537500023841858
        1.660799980163574
        1.607300043106079
        1.535099983215332
        2.162199974060059
        1.751199960708618
        1.230499982833862
        2.130100011825562
        2.010699987411499
   2.928999960422516E-001
   8.675000071525574E-001
        1.131899952888489
   7.921000123023987E-001
   9.799000024795532E-001
   7.042000293731690E-001
  -1.325999945402145E-001
   5.442000031471252E-001
   6.858999729156494E-001
   8.651999831199646E-001
   6.213999986648560E-001
   8.902000188827515E-001
   8.931000232696533E-001
   6.888999938964844E-001
   5.692999958992004E-001
  -7.799999788403511E-003
  -5.088999867439270E-001
       -1.221300005912781
  -5.911999940872192E-001
  -6.230999827384949E-001
  -5.109000205993652E-001
  -3.109999932348728E-002
  -8.004000186920166E-001
   1.264999955892563E-001
   3.940000012516975E-002
  -9.981999993324280E-001
       -1.335600018501282
       -1.136100053787231
       -1.121199965476990
  -8.173999786376953E-001
       -1.372699975967407
  -3.876999914646149E-001
   6.129999756813049E-001
  -7.379999756813049E-002
  -2.630999982357025E-001
   2.352000027894974E-001
   4.630999863147736E-001
   6.165000200271606E-001
   3.350000083446503E-001
   2.437999993562698E-001
   4.316000044345856E-001
   8.011000156402588E-001
   5.584999918937683E-001
   2.851000130176544E-001
  -6.120000034570694E-002
   6.904000043869019E-001
        1.083799958229065
   3.792000114917755E-001
   9.527999758720398E-001
        2.036499977111816
        1.563300013542175
        1.580299973487854
        2.128099918365479
        1.449100017547607
        1.203899979591370
        1.192999958992004
        1.306399941444397
        1.375000000000000
        1.565600037574768
        1.716300010681152
   8.323000073432922E-001
   8.981999754905701E-001
        1.300199985504150
        1.147600054740906
   6.873999834060669E-001
   8.145999908447266E-001
   9.706000089645386E-001
        1.279899954795837
   4.122000038623810E-001
        1.118000030517578
   5.970000103116036E-002
   7.166000008583069E-001
   4.322000145912170E-001
   5.939999818801880E-001
        1.046599984169006
   4.131999909877777E-001
   7.850000262260437E-002
  -4.187000095844269E-001
       -1.111400008201599
  -9.585999846458435E-001
       -1.257400035858154
  -6.043999791145325E-001
  -6.614999771118164E-001
  -2.232999950647354E-001
   2.292000055313110E-001
  -9.027000069618225E-001
       -1.225600004196167
       -1.317600011825562
       -1.941499948501587
       -2.231600046157837
       -2.089299917221069
  -9.350000023841858E-001
  -4.375999867916107E-001
   9.449999928474426E-001
  -3.409999981522560E-002
  -1.348000019788742E-001
  -5.389000177383423E-001
   3.709999918937683E-001
   9.690000116825104E-002
   9.491000175476074E-001
   5.360000133514404E-001
        1.007200002670288
   7.674999833106995E-001
   4.427999854087830E-001
   6.528999805450440E-001
        1.531599998474121
        1.376399993896484
   7.289000153541565E-001
        1.385699987411499
        1.134299993515015
        1.416200041770935
        1.704800009727478
        1.432600021362305
        1.616000056266785
        1.316799998283386
        1.414999961853027
        1.518200039863586
   7.001000046730042E-001
   6.444000005722046E-001
  -2.089999988675118E-002
   4.167999923229218E-001
   4.388000071048737E-001
        1.187800049781799
        1.385499954223633
        1.814000010490418
        1.497099995613098
        1.270799994468689
        1.116400003433228
   1.090999990701675E-001
   9.650000184774399E-002
   1.949999928474426E-001
   6.369999796152115E-002
   2.597999870777130E-001
  -2.899000048637390E-001
   4.050000011920929E-002
  -5.519999861717224E-001
  -7.245000004768372E-001
       -1.164199948310852
       -1.315899968147278
       -1.478500008583069
       -1.522099971771240
  -6.679999828338623E-002
   1.537999957799912E-001
  -3.686000108718872E-001
   1.169999986886978E-001
  -6.220999956130981E-001
       -1.360299944877625
       -1.125100016593933
       -1.180899977684021
       -1.829900026321411
       -2.255100011825562
       -1.504699945449829
  -3.209999948740006E-002
   2.696999907493591E-001
  -5.090000107884407E-002
  -1.361999958753586E-001
  -9.603999853134155E-001
  -6.608999967575073E-001
  -4.975999891757965E-001
   5.120999813079834E-001
  -1.650999933481216E-001
   2.982999980449677E-001
   2.597999870777130E-001
   7.548000216484070E-001
        1.101300001144409
        1.694300055503845
        1.478899955749512
   3.916000127792358E-001
   3.091999888420105E-001
   8.037999868392944E-001
        1.007300019264221
   4.709999859333038E-001
        1.144999980926514
        1.262699961662293
        1.413800001144409
   7.182999849319458E-001
        1.171800017356873
   2.219000011682510E-001
   5.200000107288361E-002
   6.776000261306763E-001
   6.233000159263611E-001
   2.763999998569489E-001
   7.685999870300293E-001
        1.420199990272522
        1.286999940872192
   7.821999788284302E-001
  -8.959999680519104E-002
   3.565999865531921E-001
  -7.699999958276749E-002
  -1.420000046491623E-001
  -1.891999989748001E-001
  -5.878999829292297E-001
  -3.089999966323376E-002
   1.415999978780747E-001
  -8.363999724388123E-001
  -8.780000209808350E-001
  -8.289999961853027E-001
  -3.068000078201294E-001
       -1.115000009536743
       -1.900599956512451
       -1.086400032043457
  -1.697999984025955E-001
  -3.930000066757202E-001
  -6.244000196456909E-001
  -2.863000035285950E-001
  -4.462999999523163E-001
  -4.738999903202057E-001
  -4.684000015258789E-001
       -1.974200010299683
       -1.575000047683716
       -1.582299947738648
       -1.297299981117249
  -7.196000218391419E-001
  -7.211999893188477E-001
  -8.289999961853027E-001
  -9.061999917030335E-001
  -9.947999715805054E-001
       -1.080100059509277
       -1.071300029754639
  -8.385999798774719E-001
  -2.790000140666962E-001
   1.905999928712845E-001
  -9.560000151395798E-002
   4.248999953269959E-001
        1.261700034141541
   8.815000057220459E-001
   3.231999874114990E-001
   6.642000079154968E-001
   2.529999911785126E-001
        1.283699989318848
        1.392400026321411
        1.165099978446960
        1.036100029945374
   6.683999896049500E-001
        1.819300055503845
   9.769999980926514E-002
   4.304000139236450E-001
   4.178999960422516E-001
   9.251000285148621E-001
        1.008299946784973
   6.510999798774719E-001
   7.515000104904175E-001
        1.235800027847290
   4.880999922752380E-001
   8.612999916076660E-001
  -1.341000050306320E-001
  -2.775000035762787E-001
   4.359999895095825E-001
   1.048000007867813E-001
  -4.038000106811523E-001
  -4.487000107765198E-001
  -7.365000247955322E-001
       -1.005800008773804
  -7.418000102043152E-001
       -1.225999951362610
       -1.039299964904785
  -1.685999929904938E-001
  -1.569000035524368E-001
       -1.099499940872192
       -1.338999986648560
  -4.131000041961670E-001
   5.900000035762787E-002
  -1.615999937057495E-001
  -3.429999947547913E-001
  -3.188000023365021E-001
  -5.479999780654907E-001
  -7.360000163316727E-002
   3.790999948978424E-001
  -5.637000203132629E-001
       -1.698500037193298
       -1.822299957275391
       -1.592000007629395
       -1.686900019645691
       -1.861899971961975
       -1.253299951553345
  -8.222000002861023E-001
   9.080000221729279E-002
  -7.551000118255615E-001
       -1.403699994087219
       -1.439599990844727
  -3.817999958992004E-001
  -1.624999940395355E-001
  -3.544000089168549E-001
   6.769000291824341E-001
   5.618000030517578E-001
        1.869600057601929
   3.560999929904938E-001
   5.213000178337097E-001
   2.549999952316284E-001
   8.359000086784363E-001
        1.414000034332275
   9.451000094413757E-001
   7.287999987602234E-001
   8.154000043869019E-001
        1.392400026321411
  -4.582000076770783E-001
  -8.420000076293945E-001
   6.970999836921692E-001
        1.194700002670288
        1.198300004005432
   9.675999879837036E-001
   9.631000161170960E-001
   3.037999868392944E-001
   1.759999990463257E-001
   1.777999997138977E-001
       -1.060799956321716
       -1.668400049209595
  -1.967000067234039E-001
   3.790999948978424E-001
  -2.039999961853027E-001
  -9.279999732971191E-001
       -1.078500032424927
  -2.111999988555908E-001
  -7.473000288009644E-001
  -4.311999976634979E-001
  -7.215999960899353E-001
  -4.250999987125397E-001
  -5.281000137329102E-001
  -6.750000119209290E-001
  -7.591000199317932E-001
  -4.120000079274178E-002
   4.679999873042107E-002
  -1.206000000238419E-001
  -3.531999886035919E-001
  -7.297999858856201E-001
  -7.459999918937683E-001
  -2.506999969482422E-001
  -1.676999926567078E-001
   1.202000007033348E-001
       -1.155200004577637
       -1.894600033760071
       -1.610700011253357
       -1.231299996376038
       -1.661700010299683
       -1.259199976921082
  -4.981000125408173E-001
       -1.101099967956543
  -8.198999762535095E-001
       -1.175799965858460
  -4.771000146865845E-001
  -6.807000041007996E-001
  -6.790999770164490E-001
   3.779999911785126E-001
   7.289000153541565E-001
        1.184700012207031
        1.483100056648254
   7.400000095367432E-001
   4.397000074386597E-001
   1.295000016689301E-001
   5.764999985694885E-001
   5.767999887466431E-001
   2.337000072002411E-001
   8.659999817609787E-002
   3.767000138759613E-001
   2.039999961853027E-001
   2.231999933719635E-001
   3.481999933719635E-001
   8.198000192642212E-001
        1.864799976348877
        1.200500011444092
        1.289800047874451
        1.418599963188171
   6.108000278472900E-001
   1.508000046014786E-001
  -2.752000093460083E-001
  -8.467000126838684E-001
  -2.621000111103058E-001
  -7.016000151634216E-001
   6.287999749183655E-001
  -4.410000145435333E-002
  -8.690999746322632E-001
  -2.292000055313110E-001
   2.621999979019165E-001
  -3.486000001430512E-001
  -4.336000084877014E-001
       -1.290699958801270
       -1.491899967193604
  -9.973999857902527E-001
  -1.040000002831221E-002
  -5.274999737739563E-001
   1.530999988317490E-001
  -5.521000027656555E-001
   2.510000020265579E-002
  -3.955999910831451E-001
  -3.106999993324280E-001
       -1.007099986076355
  -5.350000262260437E-001
  -6.373000144958496E-001
  -5.947999954223633E-001
       -1.267699956893921
       -1.298200011253357
       -1.662600040435791
       -1.738499999046326
       -1.203600049018860
       -1.097599983215332
   9.510000050067902E-002
  -5.443999767303467E-001
       -1.136899948120117
  -2.777999937534332E-001
   4.320000112056732E-002
  -7.081000208854675E-001
  -9.276000261306763E-001
   4.397000074386597E-001
   7.397000193595886E-001
        1.286399960517883
        1.683500051498413
   9.043999910354614E-001
  -2.400000113993883E-003
  -7.599999755620956E-002
  -1.216000020503998E-001
  -6.880000233650208E-001
  -8.057000041007996E-001
  -9.620000123977661E-001
       -1.084499955177307
  -2.056999951601028E-001
  -1.993000060319901E-001
  -3.003000020980835E-001
   8.177999854087830E-001
        1.343799948692322
   9.714000225067139E-001
        1.303599953651428
   9.273999929428101E-001
  -5.343999862670898E-001
  -3.140999972820282E-001
  -8.672000169754028E-001
  -4.591999948024750E-001
   3.079999983310700E-002
  -6.039000153541565E-001
   3.982999920845032E-001
  -1.439000070095062E-001
  -8.985999822616577E-001
   6.753000020980835E-001
   4.912999868392944E-001
  -6.467000246047974E-001
       -1.098000049591065
       -1.816599965095520
       -1.299999952316284
  -2.599999904632568E-001
   7.339999824762344E-002
  -9.700000286102295E-002
   5.845000147819519E-001
       -1.281800031661987
  -9.774000048637390E-001
  -8.076000213623047E-001
  -6.272000074386597E-001
  -7.073000073432922E-001
       -1.235900044441223
  -6.010000109672546E-001
       -1.705399990081787
  -5.586000084877014E-001
  -9.440000057220459E-001
       -1.483600020408630
       -1.323099970817566
       -1.456099987030029
       -1.722399950027466
       -1.195600032806397
       -1.305899977684021
   1.200999990105629E-001
  -2.122000008821487E-001
  -2.842999994754791E-001
  -3.048999905586243E-001
   5.570999979972839E-001
        1.590100049972534
   9.393000006675720E-001
   9.437000155448914E-001
        1.323099970817566
        1.592100024223328
        1.174100041389465
   3.652000129222870E-001
   3.352999985218048E-001
       -1.465100049972534
       -1.211799979209900
  -5.810000002384186E-002
  -4.715000092983246E-001
   3.853999972343445E-001
   4.156999886035919E-001
        1.335999965667725
        1.572999954223633
        1.783300042152405
        1.613600015640259
        1.312999963760376
   3.819000124931335E-001
  -1.820000074803829E-002
  -4.509999975562096E-002
   8.470000326633453E-002
   2.770000100135803E-001
  -4.469999969005585E-001
  -3.513999879360199E-001
       -1.022699952125549
       -1.445899963378906
       -1.044299960136414
  -3.395999968051910E-001
   2.554999887943268E-001
       -1.110599994659424
       -1.080600023269653
       -1.965199947357178
       -1.007799983024597
  -2.669999934732914E-002
   1.576000005006790E-001
   1.041999980807304E-001
   3.095999956130981E-001
  -9.333000183105469E-001
  -8.992000222206116E-001
  -1.756000071763992E-001
  -5.288000106811523E-001
   1.093000024557114E-001
  -5.184999704360962E-001
       -1.343999981880188
       -1.785400032997131
       -2.002599954605103
       -2.212699890136719
       -2.320899963378906
       -1.524299979209900
       -1.975299954414368
       -2.105200052261353
       -1.321599960327148
       -1.267300009727478
  -2.682000100612640E-001
   8.658999800682068E-001
   8.923000097274780E-001
   7.876999974250794E-001
   9.237999916076660E-001
        1.618800044059753
        1.671900033950806
   7.552000284194946E-001
        1.216699957847595
   9.775000214576721E-001
   4.129999876022339E-001
   1.049999985843897E-002
  -7.366999983787537E-001
  -9.089000225067139E-001
       -1.129799962043762
  -2.906000018119812E-001
   3.151000142097473E-001
   4.329999908804894E-002
   1.229999959468842E-002
        1.218000054359436
   5.929999947547913E-001
        1.456900000572205
        1.428900003433228
   7.570999860763550E-001
   4.503000080585480E-001
   4.459999874234200E-002
  -1.460999995470047E-001
   3.066999912261963E-001
  -3.404000103473663E-001
  -3.892999887466431E-001
       -1.342900037765503
       -1.310299992561340
  -6.825000047683716E-001
  -8.039000034332275E-001
       -1.395799994468689
  -6.915000081062317E-001
  -5.156000256538391E-001
       -1.009999990463257
       -1.637799978256226
       -1.017899990081787
  -2.626000046730042E-001
   5.519000291824341E-001
   7.103999853134155E-001
        1.600800037384033
