       -1.642300009727478
  -9.182999730110169E-001
  -8.840000033378601E-001
       -1.146399974822998
        1.186900019645691
        1.713700056076050
        1.524299979209900
        2.850899934768677
        1.671599984169006
   6.251999735832214E-001
        1.297399997711182
   9.057999849319458E-001
  -1.152999997138977E-001
  -6.359999775886536E-001
  -8.489999920129776E-002
  -2.345000058412552E-001
       -1.667400002479553
       -1.542799949645996
  -1.231999993324280E-001
       -2.374099969863892
       -4.013400077819824
       -4.746500015258789
       -4.136099815368652
       -3.545500040054321
       -1.922299981117249
       -2.240099906921387
  -4.857000112533569E-001
   7.738000154495239E-001
  -3.842000067234039E-001
        1.070099949836731
   5.235000252723694E-001
       -1.224400043487549
       -1.666900038719177
       -1.934399962425232
       -3.880399942398071
       -3.175800085067749
       -4.231999874114990
       -6.541299819946289
       -7.449399948120117
       -3.912400007247925
       -3.281500101089478
       -1.967900037765503
  -9.530000090599060E-001
  -3.066000044345856E-001
        1.994300007820129
        2.125099897384644
  -7.980000227689743E-002
       -1.416300058364868
       -3.130199909210205
       -3.430399894714356
       -3.665499925613403
  -6.589999794960022E-001
       -2.854300022125244
  -8.568000197410584E-001
  -8.948000073432922E-001
       -2.106699943542481
       -3.093499898910523
       -1.144999980926514
  -5.271000266075134E-001
  -7.351999878883362E-001
       -1.647500038146973
       -2.584300041198731
   3.966999948024750E-001
  -2.899999916553497E-001
  -6.809999793767929E-002
        1.027099967002869
        1.961500048637390
   9.620000123977661E-001
        1.144999980926514
       -1.200799942016602
  -8.481000065803528E-001
       -1.537600040435791
  -1.979999989271164E-001
  -3.671000003814697E-001
  -7.911000251770020E-001
  -7.838000059127808E-001
       -1.630599975585938
       -2.274199962615967
       -2.603899955749512
       -2.363699913024902
       -1.636800050735474
       -3.958199977874756
       -4.144700050354004
       -3.762099981307983
       -3.350699901580811
       -1.479099988937378
       -1.858100056648254
  -5.756999850273132E-001
   8.479999750852585E-002
        2.480700016021729
        2.551399946212769
   5.708000063896179E-001
  -9.140999913215637E-001
  -5.134000182151794E-001
       -1.146499991416931
       -3.949800014495850
       -5.779900074005127
       -5.480199813842773
       -5.946000099182129
       -4.360099792480469
       -3.183799982070923
       -3.841700077056885
   3.512000143527985E-001
   6.112999916076660E-001
        1.723999977111816
        2.270900011062622
  -7.002999782562256E-001
       -2.542500019073486
       -2.135999917984009
       -2.100500106811523
       -1.978700041770935
       -2.177999973297119
       -3.321099996566773
       -1.851699948310852
       -1.365499973297119
       -2.590500116348267
       -1.034500002861023
       -1.223299980163574
  -5.105999708175659E-001
  -5.685999989509583E-001
  -9.182999730110169E-001
       -2.265899896621704
       -1.510699987411499
       -1.207000017166138
   8.149999976158142E-001
   4.129000008106232E-001
        1.257200002670288
   5.655999779701233E-001
  -7.175999879837036E-001
  -8.165000081062317E-001
  -8.715999722480774E-001
       -1.868000030517578
        1.187000036239624
   5.979999899864197E-001
   4.158999919891357E-001
  -7.259999960660934E-002
       -3.277400016784668
       -3.647200107574463
       -1.874500036239624
       -2.248800039291382
       -3.547199964523315
       -3.854399919509888
       -5.424099922180176
       -5.464799880981445
       -3.719799995422363
       -2.428699970245361
       -1.473899960517883
       -1.728000044822693
   9.169999957084656E-001
        2.854000091552734
        3.514300107955933
        1.995800018310547
  -4.695999920368195E-001
  -2.030999958515167E-001
  -4.708000123500824E-001
  -9.613000154495239E-001
       -3.156599998474121
       -2.940900087356567
       -1.300999999046326
       -2.634000062942505
       -3.015399932861328
       -1.567600011825562
   3.282000124454498E-001
   1.128000020980835E-001
        1.881199955940247
   8.525999784469605E-001
       -3.099400043487549
       -3.186899900436401
  -3.517000079154968E-001
       -1.573500037193298
       -2.015799999237061
       -1.040500044822693
       -2.282399892807007
       -1.366600036621094
  -8.039000034332275E-001
       -1.203400015830994
       -2.237799882888794
       -1.489500045776367
       -1.257099986076355
  -1.861000061035156E-001
  -3.075000047683716E-001
   4.914000034332275E-001
       -1.694700002670288
       -1.074900031089783
   8.949000239372253E-001
   8.276000022888184E-001
   9.235000014305115E-001
       -2.240799903869629
       -2.759599924087524
       -2.350800037384033
       -1.137699961662293
       -2.535599946975708
        1.230100035667419
  -7.954000234603882E-001
   8.389999717473984E-002
  -2.435999959707260E-001
  -4.805000126361847E-001
       -2.486200094223023
  -7.856000065803528E-001
       -2.215500116348267
       -3.025899887084961
       -4.322199821472168
       -5.184100151062012
       -5.538300037384033
       -4.430300235748291
       -3.576200008392334
       -1.265699982643127
  -9.495000243186951E-001
        1.612699985504150
        3.743599891662598
        3.108400106430054
   8.960000276565552E-001
  -5.436000227928162E-001
  -4.862000048160553E-001
  -9.527000188827515E-001
  -6.989999860525131E-002
       -2.166699886322022
       -1.360900044441223
       -1.285500049591065
  -6.226000189781189E-001
       -2.903599977493286
       -1.533200025558472
  -3.014999926090241E-001
       -1.915199995040894
       -1.187299966812134
  -4.792000055313110E-001
       -1.054399967193604
       -3.846499919891357
       -1.599900007247925
  -5.576999783515930E-001
       -1.805199980735779
  -6.723999977111816E-001
       -2.044399976730347
   5.396999716758728E-001
       -2.233400106430054
       -2.582900047302246
       -2.331300020217896
       -2.253499984741211
       -1.512699961662293
  -7.590000033378601E-001
        1.025200009346008
  -9.674999713897705E-001
   9.225000143051148E-001
  -9.738000035285950E-001
       -1.147799968719482
  -1.909999921917915E-002
  -5.034999847412109E-001
       -2.686899900436401
       -3.871599912643433
       -3.937999963760376
       -2.842299938201904
       -2.608000040054321
  -6.851999759674072E-001
       -1.155900001525879
       -1.970999956130981
       -1.510800004005432
   9.671999812126160E-001
  -2.108999937772751E-001
       -1.669199943542481
       -2.798099994659424
       -1.712100028991699
       -4.149700164794922
       -4.654600143432617
       -6.062900066375732
       -5.503900051116943
       -3.124500036239624
       -1.914199948310852
       -1.282799959182739
        1.338799953460693
        1.361799955368042
        2.927200078964233
  -6.747999787330627E-001
  -8.392000198364258E-001
        2.401799917221069
   3.391999900341034E-001
        1.396700024604797
   3.691000044345856E-001
       -2.051899909973145
  -8.245999813079834E-001
       -1.381800055503845
       -3.704299926757813
       -2.020999908447266
       -2.794399976730347
  -5.267000198364258E-001
       -1.532400012016296
  -6.967999935150147E-001
       -2.513099908828735
       -2.443900108337402
       -4.107699871063232
       -1.320399999618530
       -1.075500011444092
  -5.420000106096268E-002
  -2.213000059127808E-001
       -1.337599992752075
       -2.973400115966797
       -2.350800037384033
       -2.608099937438965
       -2.410900115966797
       -1.622599959373474
  -7.095000147819519E-001
   2.268999963998795E-001
  -2.296999990940094E-001
       -2.396899938583374
       -2.514300107955933
       -2.305799961090088
       -2.141499996185303
   8.507999777793884E-001
       -2.979799985885620
       -4.541699886322022
       -4.179999828338623
       -2.186500072479248
       -2.931099891662598
  -9.523000121116638E-001
  -8.231999874114990E-001
   5.889999866485596E-002
  -4.921000003814697E-001
   8.070999979972839E-001
        1.493299961090088
   7.190000265836716E-002
       -1.569100022315979
  -9.728999733924866E-001
       -2.758399963378906
       -2.561500072479248
       -4.359399795532227
       -4.378499984741211
       -3.441400051116943
       -3.065999984741211
       -1.643700003623962
   4.873999953269959E-001
   9.664000272750855E-001
        1.610900044441223
   7.756000161170960E-001
  -2.508000135421753E-001
   5.722000002861023E-001
  -5.397999882698059E-001
   8.648999929428101E-001
   7.929999828338623E-001
   1.391000002622604E-001
   4.411000013351440E-001
       -1.704300045967102
       -3.910599946975708
       -4.031400203704834
       -1.878299951553345
       -1.084300041198731
  -4.036000072956085E-001
  -7.853000164031982E-001
       -1.032199978828430
       -2.737600088119507
       -2.399600028991699
       -1.769000053405762
       -1.983299970626831
       -1.981600046157837
  -5.073000192642212E-001
       -1.565799951553345
  -2.107000052928925E-001
  -9.175999760627747E-001
       -1.540099978446960
       -1.116000056266785
   8.436999917030335E-001
   3.700000001117587E-003
  -7.580000162124634E-001
       -3.391999959945679
       -2.299900054931641
       -2.128200054168701
       -3.317899942398071
       -1.788400053977966
       -1.251799941062927
       -4.369999885559082
       -6.357800006866455
       -4.641799926757813
       -3.789499998092651
       -2.009799957275391
       -1.097100019454956
   8.281999826431274E-001
        1.050099968910217
        1.131299972534180
        2.757299900054932
        2.093100070953369
  -6.564999818801880E-001
       -3.735899925231934
       -2.990799903869629
       -4.570600032806397
       -4.476699829101563
       -3.314800024032593
       -3.872100114822388
       -2.791100025177002
       -3.781599998474121
       -3.214900016784668
   4.041000008583069E-001
  -8.557000160217285E-001
  -1.386999934911728E-001
        2.116199970245361
   9.438999891281128E-001
   6.237999796867371E-001
   2.813999950885773E-001
  -7.190000265836716E-002
        1.091099977493286
       -1.208600044250488
  -5.310999751091003E-001
       -1.429900050163269
       -3.258699893951416
       -5.592299938201904
       -5.362800121307373
       -3.513700008392334
       -2.332200050354004
       -1.214400053024292
  -4.190999865531921E-001
       -1.261399984359741
       -3.607399940490723
       -1.661200046539307
       -1.046499967575073
   5.961999893188477E-001
        1.285599946975708
   8.998000025749207E-001
  -2.951999902725220E-001
       -1.015400052070618
  -2.930000126361847E-001
   6.215000152587891E-001
   1.837999969720841E-001
  -4.941000044345856E-001
       -1.421900033950806
       -1.595399975776672
  -9.362000226974487E-001
       -2.810699939727783
       -3.681600093841553
       -3.393599987030029
       -3.880399942398071
       -3.167999982833862
       -4.303800106048584
       -4.103600025177002
       -3.241899967193604
       -2.427799940109253
  -6.561999917030335E-001
        1.142899990081787
        3.940200090408325
        2.448400020599365
        1.692700028419495
        2.717200040817261
        1.333500027656555
       -2.081099987030029
       -5.169600009918213
       -4.210999965667725
       -3.099800109863281
       -2.690700054168701
       -4.033899784088135
       -3.002399921417236
       -1.674999952316284
       -2.763999938964844
       -2.149199962615967
       -1.532400012016296
       -1.100100040435791
   2.221000045537949E-001
        1.192100048065186
        1.742200016975403
        1.325700044631958
        1.980800032615662
  -6.306999921798706E-001
       -2.960999965667725
       -2.322599887847900
       -3.448400020599365
       -3.623399972915649
       -5.427800178527832
       -5.896200180053711
       -4.293499946594238
       -4.382100105285645
       -1.599900007247925
        1.366299986839294
  -4.424999952316284E-001
       -2.735100030899048
       -2.757400035858154
       -2.102099895477295
  -1.239999979734421E-001
   3.939999938011169E-001
        1.266299962997437
   5.802999734878540E-001
   4.179999977350235E-002
   3.418000042438507E-001
   6.219000220298767E-001
  -2.606000006198883E-001
  -5.152000188827515E-001
   3.199999928474426E-001
  -9.654999971389771E-001
  -9.251999855041504E-001
       -2.572900056838989
       -3.750000000000000
       -2.612499952316284
       -2.914299964904785
       -2.319799900054932
       -4.624800205230713
       -3.466200113296509
       -3.774100065231323
       -1.442299962043762
   4.503000080585480E-001
        2.124099969863892
        3.164400100708008
        2.891200065612793
        2.008899927139282
        3.407000064849854
        1.682800054550171
       -1.298400044441223
       -4.220799922943115
       -5.810800075531006
       -3.871500015258789
       -2.047800064086914
       -1.743000030517578
  -6.366999745368958E-001
       -1.057199954986572
  -7.035999894142151E-001
  -2.416000068187714E-001
       -1.486899971961975
  -2.809999883174896E-001
  -7.584999799728394E-001
       -1.697600007057190
   9.510000050067902E-002
   4.679999947547913E-001
   3.230000138282776E-001
       -1.029999971389771
       -2.275399923324585
       -3.654000043869019
       -3.090500116348267
       -3.216000080108643
       -2.026099920272827
       -4.702000141143799
       -2.701200008392334
       -2.611399888992310
       -2.471100091934204
       -2.414700031280518
        1.599200010299683
       -1.016999959945679
       -1.566799998283386
       -2.128200054168701
  -4.772000014781952E-001
   7.021999955177307E-001
        1.109799981117249
        1.205600023269653
  -2.187999933958054E-001
  -6.848999857902527E-001
       -1.051900029182434
       -1.417600035667419
   4.210000038146973E-001
        1.137099981307983
  -5.989000201225281E-001
       -1.617699980735779
       -3.342000007629395
       -4.087200164794922
       -2.721999883651733
       -2.633199930191040
       -3.586199998855591
       -2.506000041961670
       -2.897399902343750
       -1.453299999237061
       -2.072299957275391
  -7.591999769210815E-001
        1.024199962615967
        2.328099966049194
        3.098599910736084
        2.731800079345703
        1.401000022888184
   5.871000289916992E-001
       -2.146300077438355
       -2.077100038528442
       -2.710099935531616
       -3.183300018310547
       -2.122299909591675
  -6.924999952316284E-001
  -4.589000046253204E-001
  -4.189999997615814E-001
   1.413999944925308E-001
       -1.099400043487549
  -6.323999762535095E-001
  -9.851999878883362E-001
       -2.096400022506714
       -3.076100111007690
       -1.815899968147278
       -2.995800018310547
       -1.270499944686890
       -1.115399956703186
       -2.575299978256226
       -1.822499990463257
       -2.410200119018555
       -4.811800003051758
       -3.845000028610230
       -4.496399879455566
       -4.726900100708008
       -3.627799987792969
       -3.280499935150147
       -4.407700061798096
       -1.720900058746338
       -4.135000228881836
       -3.262000083923340
       -1.016499996185303
  -3.454999923706055E-001
   7.354000210762024E-001
        1.707499980926514
        1.432600021362305
  -6.801999807357788E-001
  -4.819000065326691E-001
  -2.669000029563904E-001
   7.713000178337097E-001
        1.853800058364868
  -1.826999932527542E-001
  -6.689000129699707E-001
       -3.125499963760376
       -3.045399904251099
       -3.009999990463257
       -2.219700098037720
       -3.139400005340576
  -2.583000063896179E-001
  -3.039999902248383E-001
       -1.826599955558777
       -4.094600200653076
  -9.103000164031982E-001
       -1.237900018692017
   1.322000026702881E-001
        1.189299941062927
   3.217999935150147E-001
   4.620000123977661E-001
       -1.055099964141846
       -2.742100000381470
       -2.201800107955933
  -3.907999992370606E-001
  -3.185999989509583E-001
       -2.417900085449219
       -1.893200039863586
  -9.782999753952026E-001
  -9.171000123023987E-001
       -1.391299962997437
  -4.393999874591827E-001
   1.244999989867210E-001
   3.750000000000000E-001
       -1.005499958992004
  -7.960000038146973E-001
       -2.023600101470947
       -2.327899932861328
       -1.620300054550171
       -1.967900037765503
       -2.516900062561035
       -1.304900050163269
       -1.955100059509277
       -2.189899921417236
  -7.098000049591065E-001
       -2.358599901199341
       -3.622800111770630
       -5.176599979400635
       -5.380300045013428
       -3.762700080871582
       -4.617199897766113
       -2.881999969482422
       -3.314800024032593
       -2.401900053024292
  -5.841000080108643E-001
  -3.064999878406525E-001
  -6.269999742507935E-001
  -4.029000103473663E-001
  -8.560000061988831E-001
  -5.227000117301941E-001
   2.539999969303608E-002
  -5.156000256538391E-001
  -9.599000215530396E-001
       -1.244799971580505
  -3.637000024318695E-001
       -1.797399997711182
       -2.501199960708618
       -2.720499992370606
       -3.364700078964233
       -2.762099981307983
       -3.816099882125855
       -1.666399955749512
   8.917999863624573E-001
  -9.684000015258789E-001
       -2.191999912261963
       -1.880300045013428
       -1.789700031280518
       -1.037299990653992
   8.379999995231628E-001
   6.715999841690064E-001
        1.259899973869324
   7.220000028610230E-002
       -1.379400014877319
       -1.866299986839294
   6.600000262260437E-001
       -1.083899974822998
       -1.636399984359741
       -1.640900015830994
       -2.603800058364868
       -2.860100030899048
  -5.601000189781189E-001
       -1.458799958229065
  -6.352999806404114E-001
  -4.634999930858612E-001
        1.259799957275391
  -1.524000018835068E-001
  -8.263999819755554E-001
       -1.142699956893921
       -1.305899977684021
       -2.038100004196167
       -3.289799928665161
       -2.805000066757202
       -1.805400013923645
       -2.797499895095825
  -5.759000182151794E-001
       -3.585500001907349
       -4.499199867248535
       -6.153399944305420
       -5.767399787902832
       -3.889199972152710
       -3.584500074386597
       -1.957399964332581
  -9.613000154495239E-001
   1.571999937295914E-001
       -1.623299956321716
  -6.632999777793884E-001
       -1.406299948692322
       -1.870000004768372
       -1.152600049972534
       -1.027400016784668
   3.330000042915344E-001
  -8.898000121116638E-001
       -2.805500030517578
       -4.100500106811523
       -1.195099949836731
       -4.053299903869629
       -3.440099954605103
       -3.821599960327148
       -2.897300004959106
       -1.815899968147278
       -2.269200086593628
  -7.871000170707703E-001
       -1.098099946975708
  -2.195000052452087E-001
        1.028399944305420
  -4.778999984264374E-001
   5.601000189781189E-001
   4.131000041961670E-001
   3.907000124454498E-001
   8.385000228881836E-001
        1.457800030708313
        1.225200057029724
       -1.970000028610230
       -3.321599960327148
       -2.018599987030029
       -1.323300004005432
  -9.150000214576721E-001
       -1.658400058746338
       -4.990099906921387
       -2.930900096893311
       -2.262200117111206
  -8.583999872207642E-001
       -2.335999965667725
       -2.523099899291992
  -4.250999987125397E-001
   3.134999871253967E-001
   1.500000059604645E-001
   4.618999958038330E-001
       -3.550100088119507
       -2.850600004196167
       -2.787300109863281
       -4.387199878692627
       -4.830999851226807
       -3.109100103378296
       -2.911900043487549
       -5.113399982452393
       -6.598800182342529
       -6.185699939727783
       -7.236299991607666
       -5.971899986267090
       -4.809100151062012
       -3.144500017166138
  -3.048000037670136E-001
        1.598700046539307
  -9.228000044822693E-001
  -8.873000144958496E-001
       -1.832000017166138
  -7.332999706268311E-001
       -1.187199950218201
       -1.265900015830994
   5.033000111579895E-001
  -6.528999805450440E-001
       -1.618399977684021
       -3.029900074005127
  -2.978999912738800E-001
       -1.982699990272522
       -4.968200206756592
       -4.026199817657471
       -3.229799985885620
       -1.723799943923950
       -2.363300085067749
       -1.193699955940247
  -3.154999911785126E-001
  -9.564999938011169E-001
   5.303000211715698E-001
   2.975000143051148E-001
       -1.441400051116943
       -1.361099958419800
       -1.327600002288818
   2.707000076770783E-001
        1.115900039672852
  -4.600000102072954E-003
       -2.044899940490723
       -3.659899950027466
       -1.053200006484985
       -1.454499959945679
       -1.105999946594238
       -2.480299949645996
       -3.806699991226196
       -3.204299926757813
       -2.783200025558472
       -1.335600018501282
  -5.187000036239624E-001
   7.609999924898148E-002
       -1.046900033950806
  -1.923999935388565E-001
       -1.294600009918213
  -9.883000254631043E-001
       -3.181900024414063
       -5.337200164794922
       -4.810900211334229
       -4.030799865722656
       -5.384600162506104
       -4.836900234222412
       -4.439000129699707
       -5.216400146484375
       -7.099100112915039
       -4.228400230407715
       -1.853500008583069
       -3.808000087738037
       -3.232199907302856
       -2.564699888229370
       -1.401399970054627
  -8.353999853134155E-001
       -1.053400039672852
       -2.940500020980835
       -1.821400046348572
       -1.241999983787537
  -5.212000012397766E-001
  -3.039000034332275E-001
  -1.433999985456467E-001
  -6.890000104904175E-001
       -1.818500041961670
       -2.035200119018555
   9.600000455975533E-003
       -1.691100001335144
       -2.901000022888184
       -3.443799972534180
       -2.676399946212769
       -2.181900024414063
       -1.164999961853027
       -1.136299967765808
  -8.544999957084656E-001
  -2.741999924182892E-001
   1.130999997258186E-001
   1.774999946355820E-001
       -1.058200001716614
  -8.587999939918518E-001
       -1.131600022315979
       -1.115499973297119
  -5.508999824523926E-001
       -2.160700082778931
       -2.641000032424927
       -1.377900004386902
   9.409999847412109E-001
       -1.534199953079224
       -1.391299962997437
       -2.077399969100952
       -3.934999942779541
       -2.402299880981445
       -1.671000003814697
       -1.811800003051758
  -9.004999995231628E-001
       -2.654299974441528
       -1.139199972152710
       -2.191900014877319
  -2.732000052928925E-001
       -1.543300032615662
       -1.817299962043762
       -2.284399986267090
       -3.250999927520752
       -5.335400104522705
       -4.130199909210205
       -4.938899993896484
       -4.252099990844727
       -4.752799987792969
       -4.829199790954590
       -2.945699930191040
       -1.782400012016296
       -1.315600037574768
       -2.864099979400635
       -1.537899971008301
       -2.068599939346314
       -3.613199949264526
  -8.087000250816345E-001
       -2.521800041198731
       -2.370899915695190
       -1.819200038909912
       -1.037999987602234
  -2.976000010967255E-001
  -7.289999723434448E-001
   3.882000148296356E-001
   2.628999948501587E-001
  -2.637999951839447E-001
  -9.516000151634216E-001
       -3.997400045394898
       -1.501899957656860
       -4.630199909210205
       -4.248000144958496
       -2.470900058746338
       -2.338000059127808
       -1.537799954414368
       -2.355799913406372
       -1.101999998092651
       -1.419800043106079
        1.058599948883057
   2.254000008106232E-001
       -1.078199982643127
  -6.445000171661377E-001
  -9.524999856948853E-001
       -3.703299999237061
       -1.352499961853027
  -3.139999881386757E-002
  -2.752000093460083E-001
        1.082000017166138
       -1.386399984359741
       -1.843799948692322
       -2.577300071716309
       -2.131900072097778
       -2.334100008010864
  -9.470999836921692E-001
  -8.039000034332275E-001
       -2.609400033950806
       -2.710999965667725
       -2.596100091934204
       -2.708699941635132
       -1.074100017547607
  -4.524999856948853E-001
       -3.153599977493286
       -2.436300039291382
       -4.493999958038330
       -2.952399969100952
       -2.096600055694580
       -3.095000028610230
       -3.316200017929077
       -4.597400188446045
       -3.719799995422363
       -1.289800047874451
       -2.518399953842163
       -2.697599887847900
   4.820000007748604E-002
  -9.061999917030335E-001
       -3.178400039672852
       -3.178299903869629
       -1.890200018882752
       -1.897199988365173
       -1.799900054931641
       -2.219199895858765
       -1.182600021362305
       -2.220200061798096
       -3.399699926376343
   1.067999973893166E-001
   3.059000074863434E-001
   4.449999928474426E-001
       -2.987400054931641
       -4.228400230407715
       -1.147199988365173
       -2.766400098800659
       -3.073499917984009
       -2.186000108718872
       -2.518199920654297
   1.879999972879887E-002
       -1.463600039482117
       -2.015300035476685
  -4.912000000476837E-001
  -9.619999676942825E-002
   6.488999724388123E-001
   9.639000296592712E-001
  -8.125000000000000E-001
   8.640000224113464E-002
       -1.934800028800964
       -1.532199978828430
   5.400999784469605E-001
   1.743000000715256E-001
        1.489199995994568
        1.267099976539612
       -1.029399991035461
       -1.661800026893616
       -1.313599944114685
       -2.141400098800659
       -1.357200026512146
  -7.818999886512756E-001
       -1.733999967575073
       -2.818200111389160
       -3.493799924850464
       -1.896100044250488
  -3.684000074863434E-001
       -1.828400015830994
       -2.540699958801270
       -3.485500097274780
       -3.524300098419190
       -3.291399955749512
       -2.244100093841553
       -2.349200010299683
       -2.447599887847900
       -4.611100196838379
       -1.806499958038330
       -2.609800100326538
       -1.896600008010864
       -2.167700052261353
  -8.510000258684158E-002
       -2.210700035095215
       -2.110100030899048
       -3.761300086975098
       -4.420700073242188
       -3.421600103378296
       -2.547699928283691
       -2.424400091171265
   3.991000056266785E-001
  -6.567000150680542E-001
       -1.296800017356873
  -4.675999879837036E-001
  -2.804999947547913E-001
   6.729999929666519E-002
       -1.721799969673157
       -2.085299968719482
        1.174000024795532
       -2.004400014877319
   5.177000164985657E-001
   9.059999883174896E-002
   5.921000242233276E-001
  -5.968000292778015E-001
        1.082900047302246
        1.086500048637390
   8.030999898910523E-001
   5.303000211715698E-001
   5.892999768257141E-001
   2.071000039577484E-001
  -6.452999711036682E-001
       -1.446499943733215
       -2.050400018692017
       -2.114399909973145
  -8.460000157356262E-002
  -1.261000037193298E-001
        1.088000059127808
   2.723999917507172E-001
       -1.229200005531311
       -3.131900072097778
       -2.062700033187866
       -2.677099943161011
       -1.962800025939941
       -1.032199978828430
       -2.605799913406372
       -2.360100030899048
       -2.829499959945679
       -4.211500167846680
       -2.218100070953369
       -1.977200031280518
       -3.353600025177002
       -3.082200050354004
       -3.050299882888794
       -2.545000076293945
       -3.880199909210205
       -3.144299983978272
       -3.214200019836426
       -3.064800024032593
       -2.202399969100952
       -1.224200010299683
       -1.842800021171570
       -1.353299975395203
   8.486999869346619E-001
   1.773000061511993E-001
       -3.093699932098389
       -4.550499916076660
       -1.152799963951111
       -1.263299942016602
  -4.030000045895577E-002
       -1.594900012016296
  -2.676999866962433E-001
       -1.495800018310547
   2.257000058889389E-001
   9.870000183582306E-002
  -5.483999848365784E-001
   6.440000236034393E-002
  -8.100000023841858E-001
  -3.257000148296356E-001
  -4.587000012397766E-001
       -1.594099998474121
  -7.060999870300293E-001
  -8.331999778747559E-001
       -1.932700037956238
       -1.382599949836731
        1.195500016212463
        1.311599969863892
   8.766000270843506E-001
  -2.703000009059906E-001
  -8.934000134468079E-001
       -3.241600036621094
       -3.054199934005737
  -6.524000167846680E-001
  -8.436999917030335E-001
       -2.776900053024292
       -3.311599969863892
  -8.568000197410584E-001
  -3.741999864578247E-001
       -1.624400019645691
   3.695999979972839E-001
       -1.892899990081787
       -1.396299958229065
       -1.759600043296814
       -1.916900038719177
       -1.406599998474121
       -2.830399990081787
  -2.196000069379807E-001
       -2.375600099563599
       -1.889500021934509
       -2.511499881744385
       -2.522500038146973
       -2.720999956130981
       -3.284800052642822
       -3.442800045013428
       -2.285399913787842
       -1.325999975204468
       -2.038599967956543
       -2.318000078201294
       -1.477800011634827
  -5.347999930381775E-001
  -9.607999920845032E-001
  -6.456999778747559E-001
       -1.201200008392334
  -7.243999838829041E-001
   1.244999989867210E-001
       -1.770799994468689
       -2.730999946594238
  -2.579999864101410E-001
   3.145999908447266E-001
  -1.231999993324280E-001
       -1.882799983024597
       -1.596400022506714
  -7.524999976158142E-001
  -3.325999975204468E-001
  -4.679999947547913E-001
   1.556999981403351E-001
       -1.528599977493286
       -1.816100001335144
       -2.240900039672852
       -2.636600017547607
       -2.973299980163574
       -2.483999967575073
       -2.400500059127808
       -1.848099946975708
       -1.023900032043457
  -6.097000241279602E-001
        1.060999989509583
        1.158200025558472
  -5.749999880790710E-001
       -1.614699959754944
       -1.531499981880188
       -2.673300027847290
       -2.236000061035156
       -1.813500046730042
       -4.679500102996826
       -3.261399984359741
  -2.119999974966049E-001
       -1.113899946212769
       -4.133900165557861
       -2.258199930191040
       -2.490799903869629
        1.126000046730042
   2.685000002384186E-001
       -1.601300001144409
       -1.249699950218201
       -1.315199971199036
       -1.794399976730347
       -3.474400043487549
  -9.581999778747559E-001
       -2.117199897766113
       -2.728600025177002
       -2.191299915313721
       -1.577100038528442
       -2.007299900054932
       -1.692800045013428
   4.380000010132790E-002
       -2.897700071334839
       -3.946700096130371
       -2.607700109481812
  -4.824000000953674E-001
   6.263999938964844E-001
   2.786000072956085E-001
  -4.519000053405762E-001
   3.855000138282776E-001
   9.147999882698059E-001
  -2.002000063657761E-001
       -1.811499953269959
       -1.037099957466126
       -1.999799966812134
       -2.344399929046631
       -2.557199954986572
       -1.973500013351440
   2.775999903678894E-001
  -5.881000161170960E-001
  -8.241999745368958E-001
       -1.126299977302551
       -1.032299995422363
       -2.109100103378296
       -3.188299894332886
       -1.750599980354309
       -2.844599962234497
       -2.661900043487549
       -2.993999958038330
       -2.548000097274780
       -1.671200037002564
       -1.001600027084351
  -2.750999927520752E-001
  -1.967000067234039E-001
  -8.567000031471252E-001
       -2.415299892425537
       -3.136800050735474
       -3.465500116348267
       -2.036400079727173
       -1.957900047302246
       -2.898400068283081
       -3.270600080490112
       -2.989500045776367
       -2.953299999237061
       -3.271199941635132
       -3.449300050735474
  -8.033000230789185E-001
   4.634000062942505E-001
       -1.113199949264526
       -1.373800039291382
       -2.825500011444092
       -2.109200000762940
       -1.221600055694580
       -1.422000050544739
   8.758999705314636E-001
  -6.981999874114990E-001
       -1.271499991416931
       -1.064800024032593
       -2.248800039291382
       -2.214900016784668
       -3.414999961853027
       -2.523499965667725
       -2.399499893188477
       -3.650199890136719
       -2.711699962615967
   9.193999767303467E-001
        1.365399956703186
  -8.839999884366989E-002
        1.201200008392334
  -1.489999983459711E-002
        1.575299978256226
   1.518000066280365E-001
       -1.059000015258789
   5.408999919891357E-001
  -8.274999856948853E-001
       -1.870900034904480
  -9.399999976158142E-001
  -2.150000035762787E-001
   5.687000155448914E-001
  -7.103999853134155E-001
  -1.882999986410141E-001
  -7.749999761581421E-001
       -2.473000049591065
       -4.727399826049805
       -5.020500183105469
       -1.503999948501587
       -3.033200025558472
       -3.211199998855591
       -3.675100088119507
       -2.637099981307983
   6.664000153541565E-001
  -2.404000014066696E-001
       -2.704699993133545
       -1.147500038146973
       -2.352299928665161
       -4.695000171661377
       -4.464000225067139
       -6.240399837493897
       -4.457300186157227
       -3.643100023269653
       -5.419400215148926
       -1.320099949836731
       -2.887300014495850
       -1.957499980926514
       -2.972599983215332
       -2.469000101089478
       -2.849900007247925
       -1.261500000953674
       -1.685700058937073
       -3.058500051498413
       -3.332299947738648
       -2.051700115203857
   1.588000059127808E-001
        1.471400022506714
   4.990999996662140E-001
   5.482000112533569E-001
   1.649999991059303E-002
        1.323199987411499
  -2.610000036656857E-002
       -1.612300038337708
       -2.172100067138672
       -2.225100040435791
       -4.936600208282471
       -2.740400075912476
       -1.897699952125549
   2.093999981880188E-001
   3.152000010013580E-001
  -3.846000134944916E-001
   8.479999750852585E-002
  -1.262000054121018E-001
   9.200999736785889E-001
        1.218299984931946
  -5.097000002861023E-001
  -6.719999909400940E-001
   1.649999991059303E-002
   3.265999853610992E-001
        1.153100013732910
  -4.616000056266785E-001
        1.588199973106384
   4.340000078082085E-002
        1.049800038337708
   6.350000202655792E-002
       -2.726300001144409
       -4.399799823760986
       -3.251399993896484
       -3.165100097656250
       -2.088299989700317
       -2.756299972534180
       -2.823600053787231
       -2.869400024414063
       -2.173799991607666
       -2.854799985885620
       -3.384999990463257
       -3.701499938964844
       -5.287000179290772
       -5.535399913787842
       -7.028600215911865
       -8.669099807739258
       -6.443900108337402
       -5.831900119781494
       -4.853499889373779
       -5.081200122833252
       -5.046999931335449
       -3.999900102615356
       -3.075999975204468
       -2.302500009536743
  -2.615000009536743E-001
  -7.469999790191650E-002
       -1.806399941444397
       -2.378799915313721
       -1.661399960517883
       -1.005100011825562
        1.180699944496155
        1.731199979782105
        2.547800064086914
        1.510100007057190
  -3.278000056743622E-001
  -7.271000146865845E-001
       -1.608600020408630
       -1.402600049972534
       -2.869999885559082
       -3.209300041198731
       -4.229599952697754
       -1.497799992561340
       -1.040899991989136
   9.585999846458435E-001
  -4.454999864101410E-001
   5.679000020027161E-001
   6.675999760627747E-001
  -9.492999911308289E-001
  -5.519999861717224E-001
  -4.427999854087830E-001
        1.387199997901917
   5.037999749183655E-001
        1.189299941062927
        1.677899956703186
        1.391999959945679
        2.474299907684326
        2.537699937820435
        3.115900039672852
        3.025300025939941
   6.797000169754028E-001
       -1.109799981117249
       -4.238399982452393
       -4.034599781036377
  -9.376999735832214E-001
       -1.375900030136108
       -2.061199903488159
       -3.175899982452393
       -2.080600023269653
       -1.617699980735779
       -1.926900029182434
       -2.701699972152710
       -5.088500022888184
       -6.555399894714356
       -7.974400043487549
       -7.965199947357178
       -7.401400089263916
       -6.442699909210205
       -5.640999794006348
       -6.223199844360352
       -4.950300216674805
       -5.862999916076660
       -3.503099918365479
       -2.891999959945679
       -1.773300051689148
       -1.666300058364868
        1.433599948883057
  -4.069999977946281E-002
       -1.945600032806397
       -1.961400032043457
       -1.297999978065491
        3.052900075912476
   3.652999997138977E-001
        2.380800008773804
   9.053000211715698E-001
  -3.772000074386597E-001
  -7.867000102996826E-001
       -1.301300048828125
       -1.208799958229065
       -1.934399962425232
       -3.032200098037720
  -8.432000279426575E-001
   1.010999977588654E-001
  -7.389000058174133E-001
   7.820000052452087E-001
  -8.138999938964844E-001
  -6.269000172615051E-001
   7.304999828338623E-001
       -1.537099957466126
  -4.077000021934509E-001
        1.569000005722046
        1.791200041770935
   4.253000020980835E-001
        2.881200075149536
        3.428600072860718
        2.554899930953980
        5.019000053405762
        3.261899948120117
        2.409100055694580
        1.407400012016296
   5.461999773979187E-001
  -8.878999948501587E-001
       -3.402499914169312
       -4.468500137329102
       -2.551000118255615
       -2.610100030899048
       -3.027299880981445
       -3.569299936294556
       -3.306699991226196
       -1.573899984359741
       -1.529399991035461
       -4.478799819946289
       -5.163300037384033
       -5.115399837493897
       -6.045800209045410
       -6.049499988555908
       -6.162099838256836
       -6.396800041198731
       -5.804599761962891
       -6.542799949645996
       -5.996099948883057
       -5.920400142669678
       -4.599299907684326
       -2.881799936294556
       -3.244400024414063
       -1.541200041770935
        1.102800011634827
        1.040899991989136
  -3.790000081062317E-001
       -1.703400015830994
  -2.193000018596649E-001
        2.799099922180176
        2.476999998092651
        1.750300049781799
        1.006899952888489
   7.789000272750855E-001
   5.813000202178955E-001
   5.200999975204468E-001
       -1.841699957847595
       -2.195199966430664
       -3.086499929428101
       -1.933699965476990
   9.962000250816345E-001
        1.622900009155273
        1.148399949073792
  -6.804000139236450E-001
       -2.221100091934204
       -1.596600055694580
       -1.249099969863892
       -1.036999940872192
  -3.610000014305115E-002
        1.359099984169006
        4.579699993133545
        2.719700098037720
        2.743400096893311
        3.323299884796143
        3.869100093841553
   7.901999950408936E-001
   5.863999724388123E-001
   9.444000124931335E-001
        1.789100050926209
   9.800000190734863E-001
       -1.602100014686585
       -1.957000017166138
       -1.701300024986267
       -1.718899965286255
       -3.861399888992310
       -3.138900041580200
       -2.678299903869629
       -2.413899898529053
       -2.150199890136719
       -2.293299913406372
       -2.603600025177002
       -2.296299934387207
       -4.937699794769287
       -6.155499935150147
       -5.231699943542481
       -5.163599967956543
       -5.031700134277344
       -5.965099811553955
       -4.387599945068359
       -4.626999855041504
       -4.879700183868408
       -2.211699962615967
       -4.049699783325195
       -1.526000022888184
   4.381999969482422E-001
   3.754999935626984E-001
  -2.108999937772751E-001
  -6.712999939918518E-001
        1.183200001716614
        3.271800041198731
        1.244600057601929
        1.467499971389771
  -4.399999976158142E-002
   2.620000019669533E-002
       -1.412299990653992
       -1.536800026893616
       -1.337800025939941
       -1.753800034523010
       -3.158600091934204
       -2.827500104904175
   2.090000063180924E-001
        1.109500050544739
   2.714999914169312E-001
  -6.341999769210815E-001
       -2.999000072479248
       -2.095499992370606
       -1.126600027084351
  -4.503999948501587E-001
   1.941999942064285E-001
        2.127000093460083
        3.553600072860718
        4.531700134277344
        5.490900039672852
        4.893400192260742
        3.758599996566773
  -3.386000096797943E-001
       -1.569900035858154
   6.292999982833862E-001
        2.190599918365479
        1.325399994850159
  -4.510999917984009E-001
       -1.498900055885315
       -1.206799983978272
       -1.465100049972534
  -7.975999712944031E-001
       -2.475699901580811
       -1.273699998855591
       -3.313800096511841
       -2.780699968338013
       -5.214399814605713
       -3.295799970626831
       -2.857800006866455
       -3.626399993896484
       -5.383699893951416
       -5.536499977111816
       -5.355000019073486
       -4.492199897766113
       -3.606499910354614
       -3.629899978637695
       -3.925800085067749
       -2.768199920654297
       -3.261899948120117
       -3.112999916076660
       -3.186700105667114
   3.098999857902527E-001
  -6.987000107765198E-001
   4.472000002861023E-001
   3.346000015735626E-001
       -1.290500044822693
  -5.261999964714050E-001
        1.220600008964539
        1.708500027656555
        1.830600023269653
        1.763399958610535
  -9.943000078201294E-001
  -9.380000084638596E-002
        1.953400015830994
   6.553999781608582E-001
   8.968999981880188E-001
  -3.167000114917755E-001
  -9.027000069618225E-001
       -2.409300088882446
       -1.696900010108948
       -3.544600009918213
       -3.173099994659424
       -3.453599929809570
       -1.139999985694885
  -7.807999849319458E-001
        1.525500059127808
        4.743800163269043
        4.938799858093262
        5.477700233459473
        5.545300006866455
        5.697700023651123
        3.286299943923950
   1.759999990463257E-001
       -1.061100006103516
        1.311200022697449
        2.356400012969971
        1.873499989509583
  -5.257999897003174E-001
   5.400000214576721E-001
  -2.685999870300293E-001
  -6.527000069618225E-001
  -6.707999706268311E-001
       -2.312000036239624
       -2.154599905014038
       -1.030099987983704
       -2.843199968338013
       -3.338599920272827
       -3.787800073623657
       -2.993099927902222
       -1.935600042343140
       -3.865099906921387
       -3.951900005340576
       -6.644400119781494
       -3.378499984741211
       -3.783299922943115
       -2.970200061798096
       -1.762400031089783
       -3.154000043869019
       -2.725300073623657
       -2.901400089263916
       -2.173500061035156
  -7.400000095367432E-001
       -2.454799890518189
  -7.283999919891357E-001
   2.789999917149544E-002
  -3.919999897480011E-001
   4.898999929428101E-001
       -1.121700048446655
        1.221699953079224
        1.273100018501282
   1.710000038146973E-001
   4.724999964237213E-001
        1.003399968147278
  -6.358000040054321E-001
   6.468999981880188E-001
        1.290699958801270
  -2.005999982357025E-001
   6.030000001192093E-002
  -8.309999704360962E-001
       -1.625000000000000
       -1.365800023078919
       -4.742499828338623
       -3.097399950027466
       -3.096899986267090
  -4.269999861717224E-001
        1.882400035858154
        3.159499883651733
        4.298600196838379
        4.179500102996826
        4.513500213623047
        4.071800231933594
        4.495500087738037
        3.654200077056885
        1.053300023078919
        2.662899971008301
        4.131000041961670
        3.822799921035767
   8.083999752998352E-001
   3.835000097751617E-001
  -7.113000154495239E-001
  -7.379000186920166E-001
       -2.538500070571899
       -2.021500110626221
       -2.301000118255615
  -2.856000065803528E-001
  -7.131999731063843E-001
  -5.368000268936157E-001
       -1.848099946975708
       -2.609899997711182
       -2.028800010681152
       -1.737200021743774
       -3.608500003814697
       -4.415500164031982
       -3.404299974441528
       -3.795200109481812
       -2.407200098037720
       -1.851699948310852
       -3.330300092697144
       -1.525500059127808
       -1.550300002098084
  -7.937999963760376E-001
  -8.830000162124634E-001
       -1.539199948310852
       -1.046499967575073
  -5.547000169754028E-001
  -3.312000036239624E-001
  -8.574000000953674E-001
  -6.561999917030335E-001
  -7.526999711990356E-001
   5.799000263214111E-001
        2.635299921035767
        1.085299968719482
  -9.828000068664551E-001
       -2.275599956512451
  -2.917000055313110E-001
        1.705500006675720
       -1.059599995613098
       -1.276299953460693
       -3.291800022125244
       -2.791100025177002
       -3.469099998474121
       -3.120899915695190
       -2.984400033950806
       -2.190200090408325
   1.595000028610230E-001
   6.978999972343445E-001
   2.535000145435333E-001
        2.223099946975708
        1.045099973678589
        3.690599918365479
   5.390999913215637E-001
        3.997200012207031
        3.799400091171265
        3.096600055694580
        3.042200088500977
        3.013700008392334
        1.898000001907349
        1.019999980926514
  -4.639999940991402E-002
  -2.272000014781952E-001
   1.410000026226044E-001
  -7.020999789237976E-001
       -1.904199957847595
  -1.612000018358231E-001
  -8.460999727249146E-001
   4.995000064373016E-001
  -2.326000034809113E-001
       -1.159600019454956
       -1.491099953651428
   8.630000054836273E-002
   7.476999759674072E-001
   1.142000034451485E-001
       -2.717799901962280
       -3.568399906158447
       -1.689599990844727
       -1.670500040054321
   6.395999789237976E-001
  -4.803000092506409E-001
       -1.185299992561340
       -2.203299999237061
       -1.295799970626831
   4.380000010132790E-002
       -2.489700078964233
       -3.095900058746338
       -2.240799903869629
       -1.362200021743774
   1.410000026226044E-002
   6.970000267028809E-001
   6.251000165939331E-001
   9.958000183105469E-001
        3.569400072097778
        2.239200115203857
   9.667000174522400E-001
  -1.310000009834766E-002
   4.805999994277954E-001
        1.422999978065491
   9.920000284910202E-002
       -2.319799900054932
  -7.192999720573425E-001
       -1.329800009727478
       -3.030499935150147
       -1.763900041580200
       -1.033900022506714
  -6.499000191688538E-001
  -4.990000128746033E-001
   3.443999886512756E-001
  -7.433999776840210E-001
        1.210100054740906
        3.084399938583374
        2.908999919891357
        4.192699909210205
        2.734800100326538
        2.644299983978272
        1.864300012588501
   5.612000226974487E-001
        2.388499975204468
  -9.189999848604202E-002
   2.219999954104424E-002
   7.712000012397766E-001
   5.368000268936157E-001
        2.343100070953369
        2.147500038146973
        2.390700101852417
   3.165000081062317E-001
   3.979999944567680E-002
        1.428500056266785
        2.559400081634522
        1.341599941253662
  -2.994999885559082E-001
  -7.125999927520752E-001
  -6.369999796152115E-002
  -4.463999867439270E-001
  -8.420000076293945E-001
       -1.339400053024292
  -9.616000056266785E-001
       -1.454100012779236
   7.753000259399414E-001
  -9.940000176429749E-001
  -4.666000008583069E-001
       -1.801499962806702
       -2.466799974441528
       -1.753499984741211
       -2.371200084686279
       -1.193300008773804
       -1.890100002288818
  -7.547000050544739E-001
  -1.107999980449677E-001
   3.625999987125397E-001
        1.858299970626831
        2.937900066375732
        3.416800022125244
        1.680600047111511
  -9.929999709129334E-002
   4.702000021934509E-001
        1.350000023841858
        2.329999923706055
   7.680000364780426E-002
   9.030000120401382E-002
   4.422000050544739E-001
       -1.616799950599670
       -2.759200096130371
       -1.957200050354004
  -2.560000121593475E-001
        1.505499958992004
       -1.341799974441528
  -4.762000143527985E-001
   3.970000147819519E-002
  -1.597999930381775E-001
        1.484799981117249
        1.639199972152710
        2.459800004959106
        2.040100097656250
   4.665000140666962E-001
       -1.635499954223633
  -6.086999773979187E-001
        1.619500041007996
        2.009999990463257
        1.529600024223328
        3.161700010299683
        2.945199966430664
        2.205100059509277
        3.496799945831299
        4.623400211334229
        4.466100215911865
        3.658900022506714
        3.245800018310547
        4.110499858856201
        3.710299968719482
        2.754899978637695
        1.774299979209900
   9.715999960899353E-001
        1.114500045776367
  -7.458000183105469E-001
       -2.523900032043457
   3.362999856472015E-001
   1.890999972820282E-001
       -2.099699974060059
  -9.595000147819519E-001
  -9.529999643564224E-002
   6.621000170707703E-001
  -6.649000048637390E-001
       -2.073800086975098
       -3.211199998855591
       -2.872499942779541
       -2.330800056457520
       -1.297399997711182
  -6.493999958038330E-001
   6.457999944686890E-001
        2.742799997329712
        3.835299968719482
        4.578499794006348
        2.788100004196167
        2.460900068283081
   5.110000073909760E-002
  -4.600000008940697E-002
   4.077999889850617E-001
   1.177000030875206E-001
   8.363999724388123E-001
   9.384999871253967E-001
       -1.887500047683716
       -1.344300031661987
       -2.051000118255615
  -8.762000203132629E-001
   4.884000122547150E-001
   1.035000011324883E-001
  -8.815000057220459E-001
   1.840000040829182E-002
  -1.497000008821487E-001
   7.944999933242798E-001
   8.116000294685364E-001
        1.330100059509277
        1.133900046348572
  -4.023000001907349E-001
  -9.236000180244446E-001
   2.472999989986420E-001
        1.554399967193604
        2.206399917602539
        2.297899961471558
        2.916800022125244
        3.446799993515015
        3.390599966049194
        2.815000057220459
        4.934599876403809
        5.650100231170654
        5.332099914550781
        3.749300003051758
        3.629800081253052
        4.818299770355225
        3.818300008773804
        1.945700049400330
        2.897599935531616
        2.728499889373779
   5.026999711990356E-001
       -2.670200109481812
   1.623000055551529E-001
        1.897300004959106
   6.995999813079834E-001
  -8.392999768257141E-001
  -4.147000014781952E-001
   1.860000044107437E-001
  -1.617999970912933E-001
       -1.861999988555908
       -1.043799996376038
       -1.358600020408630
  -2.389999926090241E-001
       -1.669899940490723
        1.547600030899048
        2.143699884414673
        2.393699884414673
        1.729799985885620
        4.052599906921387
        4.432700157165527
   9.455000162124634E-001
        1.933400034904480
  -1.976999938488007E-001
       -2.235199928283691
  -5.386999845504761E-001
        2.805299997329712
  -5.810000002384186E-002
       -1.743999958038330
  -7.513999938964844E-001
       -1.134400010108948
  -3.616999983787537E-001
  -2.496999949216843E-001
   8.173999786376953E-001
   4.929000139236450E-001
  -7.989999651908875E-002
       -2.107899904251099
  -8.664000034332275E-001
  -5.756000280380249E-001
       -1.045199990272522
       -2.464200019836426
       -2.107500076293945
       -2.217600107192993
   7.075999975204468E-001
  -6.412000060081482E-001
  -2.204000055789948E-001
        2.177099943161011
        2.701200008392334
        2.095999956130981
        2.853899955749512
        4.773200035095215
        5.557899951934815
        7.024199962615967
        5.504000186920166
        3.937200069427490
        4.774300098419190
        4.100299835205078
        2.680799961090088
        4.179999828338623
        2.932399988174439
        2.477999925613403
  -3.486000001430512E-001
       -1.041399955749512
   1.609999984502792E-001
        1.909199953079224
        1.017799973487854
   4.875000119209290E-001
   4.478999972343445E-001
  -8.812000155448914E-001
       -1.946799993515015
       -1.704599976539612
       -1.383599996566773
  -7.300000190734863E-001
  -9.405000209808350E-001
   3.671000003814697E-001
   7.462000250816345E-001
        1.712100028991699
        2.148299932479858
        1.096199989318848
        3.194000005722046
        3.565399885177612
        1.690299987792969
   4.593000113964081E-001
  -3.456000089645386E-001
       -2.704200029373169
       -2.346999883651733
        2.202500104904175
   4.142000079154968E-001
  -2.549999952316284E-002
       -1.037700057029724
  -2.236000001430512E-001
  -9.205999970436096E-001
   3.183999955654144E-001
   1.902000010013580E-001
       -1.414800047874451
  -4.334000051021576E-001
       -3.718699932098389
       -1.797500014305115
   4.500000178813934E-002
  -7.117999792098999E-001
       -3.139100074768066
       -4.382999897003174
       -3.579200029373169
       -2.696000099182129
   1.098000034689903E-001
        1.237599968910217
        2.523000001907349
        3.187299966812134
        4.011300086975098
        4.429999828338623
        3.732599973678589
        5.855899810791016
        5.631400108337402
        7.208700180053711
        7.302199840545654
        5.101600170135498
        3.322400093078613
        3.826800107955933
        5.547999858856201
        1.508700013160706
        1.816200017929077
   1.291999965906143E-001
       -1.130699992179871
  -4.853999912738800E-001
        1.473199963569641
        1.297600030899048
   5.950000137090683E-002
  -3.792999982833862E-001
  -1.156999990344048E-001
   6.873999834060669E-001
   4.774000048637390E-001
   1.880999952554703E-001
  -2.890000045299530E-001
  -9.652000069618225E-001
       -1.160500049591065
  -6.618000268936157E-001
  -5.380000174045563E-002
   1.603000015020371E-001
        1.195799946784973
   9.000999927520752E-001
        3.207299947738648
        1.271600008010864
        1.393100023269653
  -7.756000161170960E-001
       -1.876899957656860
       -1.400300025939941
   6.906999945640564E-001
   5.302000045776367E-001
   4.823000133037567E-001
        1.462599992752075
   1.905999928712845E-001
       -1.029500007629395
       -1.043900012969971
   4.444000124931335E-001
  -6.456000208854675E-001
  -6.438999772071838E-001
       -2.735699892044067
       -2.730400085449219
       -1.927199959754944
       -1.983600020408630
       -2.098999977111816
       -2.575400114059448
       -2.361900091171265
   3.416000008583069E-001
   8.762999773025513E-001
        2.055000066757202
        5.669600009918213
        5.150800228118897
        4.531599998474121
        5.229800224304199
        4.728899955749512
        7.349699974060059
        6.363399982452393
        6.420199871063232
        7.273099899291992
        6.995200157165527
        5.315599918365479
        3.532000064849854
        2.901499986648560
        1.983999967575073
   4.018999934196472E-001
  -1.222999989986420E-001
   1.005000025033951E-001
   2.346999943256378E-001
  -6.699999794363976E-003
   6.751000285148621E-001
        2.280900001525879
        3.365099906921387
        1.181200027465820
   7.214999794960022E-001
   7.110999822616577E-001
   8.673999905586243E-001
   8.770999908447266E-001
  -1.362999975681305E-001
       -1.357499957084656
  -9.341999888420105E-001
        1.341400027275085
   3.889000117778778E-001
        3.159699916839600
        1.891199946403503
   5.295000076293945E-001
        2.039200067520142
        1.003299951553345
  -8.838000297546387E-001
       -2.061199903488159
   2.942000031471252E-001
  -6.144000291824341E-001
  -1.178999990224838E-001
   5.257999897003174E-001
        1.151499986648560
  -8.833000063896179E-001
  -1.669999957084656E-001
       -1.596600055694580
  -2.874999940395355E-001
       -1.392600059509277
       -2.250999927520752
       -3.005199909210205
       -3.216200113296509
       -3.757100105285645
       -3.675199985504150
       -1.372900009155273
       -1.036000013351440
       -1.698099970817566
   6.773999929428101E-001
   5.121999979019165E-001
        2.092600107192993
        5.240699768066406
        4.591000080108643
        4.619500160217285
        4.997600078582764
        5.057000160217285
        5.301899909973145
        8.120699882507324
        7.378600120544434
        8.627099990844727
        5.457699775695801
        4.414400100708008
        2.085400104522705
        1.665099978446960
        1.517300009727478
        1.291599988937378
  -3.159999847412109E-002
  -6.292999982833862E-001
   7.511000037193298E-001
   8.835999965667725E-001
        1.918599963188171
        3.189300060272217
        2.434499979019165
        2.761399984359741
        1.961599946022034
        1.256700038909912
   2.366999983787537E-001
        1.793699979782105
   8.370000123977661E-001
   2.960000000894070E-002
  -3.393000066280365E-001
        1.134999990463257
   7.957999706268311E-001
        3.487999916076660
        2.092200040817261
        1.259299993515015
        1.752599954605103
   2.903999984264374E-001
  -3.639999926090241E-001
        1.539700031280518
   9.211999773979187E-001
   5.762000083923340E-001
   1.322000026702881E-001
       -1.990000009536743
       -1.617699980735779
       -1.207200050354004
       -1.922700047492981
       -1.645099997520447
       -1.934499979019165
       -1.516100049018860
       -2.518800020217896
       -2.353800058364868
  -8.306999802589417E-001
       -1.993700027465820
       -2.840199947357178
       -1.789000034332275
       -1.991000056266785
  -6.728000044822693E-001
  -1.973000019788742E-001
   2.556000053882599E-001
  -9.059999883174896E-002
        3.090100049972534
        3.853800058364868
        3.814100027084351
        3.136100053787231
        2.781300067901611
        4.571300029754639
        7.398600101470947
        5.789700031280518
        7.456299781799316
        6.419000148773193
        5.355599880218506
        2.588200092315674
        1.705700039863586
  -7.149999737739563E-001
  -3.804999887943268E-001
       -1.340399980545044
   9.329999983310700E-002
   5.824999809265137E-001
        2.304100036621094
        3.596800088882446
        2.489099979400635
   6.389999985694885E-001
        2.870199918746948
        2.229099988937378
  -2.028000056743622E-001
  -7.350999712944031E-001
  -6.643000245094299E-001
   2.031999975442886E-001
   4.013000130653381E-001
       -2.422800064086914
   5.200999975204468E-001
        1.161900043487549
        2.137900114059448
        3.538300037384033
        3.310899972915649
        1.237300038337708
        1.509500026702881
        1.010900020599365
        2.461199998855591
        1.634899973869324
        2.198499917984009
        1.736899971961975
       -1.119699954986572
       -2.071500062942505
       -1.891000032424927
  -3.458000123500824E-001
       -2.044800043106079
       -2.384999990463257
       -1.465999960899353
       -1.692100048065186
  -6.189000010490418E-001
       -1.746000051498413
       -1.183300018310547
       -2.185400009155273
       -3.732599973678589
       -2.709599971771240
  -9.714000225067139E-001
   3.589999973773956E-001
   6.152999997138977E-001
       -1.372300028800964
        2.258899927139282
        3.948899984359741
        2.724900007247925
        4.205800056457520
        4.711299896240234
        4.991499900817871
        6.251200199127197
        4.293900012969971
        3.692300081253052
        6.018400192260742
        3.319200038909912
        2.452100038528442
        1.310400009155273
        1.244500041007996
        2.085299968719482
   1.269000023603439E-001
        1.414399981498718
   8.517000079154968E-001
        1.348199963569641
        2.305599927902222
        2.032900094985962
        1.668699979782105
        2.081500053405762
        1.909000039100647
        1.924800038337708
       -1.529800057411194
  -5.522999763488770E-001
  -8.411999940872192E-001
   1.421000063419342E-001
       -2.474600076675415
        1.513700008392334
        2.381099939346314
        2.844300031661987
        3.394700050354004
   5.784999728202820E-001
       -2.277199983596802
       -1.740399956703186
        1.454699993133545
        1.006100058555603
   4.472000002861023E-001
   7.878999710083008E-001
  -8.299999870359898E-003
  -9.014999866485596E-001
       -2.009500026702881
       -2.005899906158447
       -1.528399944305420
       -1.369199991226196
       -1.097800016403198
  -9.833999872207642E-001
        1.228700041770935
   4.449999928474426E-001
       -1.008399963378906
  -6.195999979972839E-001
  -3.400999903678894E-001
       -1.279600024223328
       -4.364699840545654
       -1.371999979019165
  -7.289999723434448E-001
       -1.326300024986267
       -2.981400012969971
        2.294300079345703
        2.519200086593628
        1.761399984359741
        3.648099899291992
        2.820600032806397
        5.090600013732910
        4.057799816131592
        3.513499975204468
        2.537199974060059
        3.278300046920776
        2.800800085067749
        1.712299942970276
   9.387999773025513E-001
        2.089299917221069
   4.747000038623810E-001
  -5.593000054359436E-001
        1.626000046730042
        1.896100044250488
        1.742599964141846
        2.066900014877319
        1.029199957847595
        1.338600039482117
        2.394599914550781
        2.701100111007690
   5.684999823570252E-001
  -7.878000140190125E-001
       -1.007899999618530
  -4.129999876022339E-002
  -7.034999728202820E-001
        1.098899960517883
        2.901700019836426
        2.876100063323975
        1.811400055885315
   8.440999984741211E-001
   1.570000052452087E-001
       -1.641399979591370
       -1.771499991416931
   2.080000005662441E-002
  -5.060999989509583E-001
   7.982000112533569E-001
       -1.563899993896484
   9.057000279426575E-001
   1.456999927759171E-001
  -2.827999889850617E-001
       -1.575099945068359
  -1.421999931335449E-001
       -1.195399999618530
  -6.439999938011169E-001
       -1.879699945449829
       -2.395100116729736
       -1.511299967765808
   5.489000082015991E-001
  -1.791999936103821E-001
  -6.887000203132629E-001
       -1.535599946975708
       -3.094799995422363
       -1.424399971961975
  -2.576999962329865E-001
       -3.045399904251099
       -3.292599916458130
   4.546999931335449E-001
        2.421499967575073
        2.378299951553345
        2.326200008392334
   9.296000003814697E-001
        3.322999954223633
        2.644700050354004
   6.948999762535095E-001
  -3.718999922275543E-001
        2.015899896621704
        1.134699940681458
  -3.702000081539154E-001
   1.375000029802322E-001
        2.855900049209595
        1.403300046920776
       -1.153200030326843
  -6.125000119209290E-001
        1.190000057220459
   6.496000289916992E-001
        1.993199944496155
        1.259899973869324
   1.888000071048737E-001
  -3.312000036239624E-001
   4.257000088691711E-001
  -2.006999999284744E-001
       -1.306900024414063
  -6.560000032186508E-002
  -3.567999899387360E-001
  -1.457999944686890E-001
   6.179999932646751E-002
        1.334200024604797
   8.350999951362610E-001
        1.126700043678284
   3.079000115394592E-001
   2.040999978780747E-001
   1.777999997138977E-001
  -2.211000025272369E-001
  -2.449000030755997E-001
       -1.064100027084351
       -1.488000035285950
       -2.165100097656250
   1.079000011086464E-001
  -8.077999949455261E-001
       -1.170099973678589
   5.465000271797180E-001
       -1.170799970626831
       -2.169100046157837
       -1.488600015640259
       -4.290999889373779
       -3.942399978637695
       -3.702199935913086
       -2.564199924468994
       -2.670399904251099
  -7.859999686479569E-002
       -1.402799963951111
  -8.709999918937683E-001
   5.290000140666962E-002
       -2.500400066375732
       -2.618299961090088
       -3.675199985504150
   5.913000106811523E-001
        1.384600043296814
  -3.940000012516975E-002
   6.489999890327454E-001
  -5.343000292778015E-001
   9.260000288486481E-002
        1.806599974632263
   2.879999950528145E-002
       -1.694599986076355
  -6.503000259399414E-001
   9.490000009536743E-001
   5.256999731063843E-001
   4.740000069141388E-001
  -6.934000253677368E-001
   6.500000134110451E-003
        1.984799981117249
   1.846999973058701E-001
  -3.348000049591065E-001
   9.279999881982803E-002
        1.207100033760071
  -6.187000274658203E-001
       -1.362200021743774
       -2.510799884796143
       -1.509799957275391
  -6.840000152587891E-001
        1.861600041389465
   2.416000068187714E-001
        1.541900038719177
       -1.505300045013428
        1.714400053024292
   3.312000036239624E-001
   2.518999874591827E-001
   2.328999936580658E-001
  -2.317000031471252E-001
   9.325000047683716E-001
  -5.000000237487257E-004
       -1.127099990844727
        1.065000057220459
   7.218000292778015E-001
       -1.321300029754639
  -9.059000015258789E-001
  -6.843000054359436E-001
       -1.285599946975708
       -1.971199989318848
       -1.539299964904785
        1.281399965286255
   2.533000111579895E-001
       -1.931699991226196
       -2.509700059890747
       -3.305000066757202
       -2.247900009155273
       -3.062000036239624
       -1.976500034332275
       -2.341200113296509
       -1.382899999618530
       -2.530699968338013
  -8.288999795913696E-001
  -7.537999749183655E-001
       -2.101599931716919
   1.583999991416931E-001
   8.884999752044678E-001
       -2.086299896240234
       -2.483599901199341
       -1.746700048446655
  -2.415000051259995E-001
  -1.826999932527542E-001
        1.589200019836426
        2.113800048828125
   6.365000009536743E-001
   7.447000145912170E-001
        1.514000058174133
   6.025999784469605E-001
  -5.885000228881836E-001
  -9.261000156402588E-001
       -1.824499964714050
       -1.094799995422363
  -9.979000091552734E-001
   3.107999861240387E-001
        1.588099956512451
       -2.056299924850464
  -9.714000225067139E-001
       -1.534899950027466
  -9.319999814033508E-001
  -1.720000058412552E-002
  -6.107000112533569E-001
   2.454999983310700E-001
   8.885999917984009E-001
   5.654000043869019E-001
   5.605000257492065E-001
   2.081000059843063E-001
   7.687000036239624E-001
  -4.422000050544739E-001
   3.000000142492354E-004
   5.228000283241272E-001
        1.518900036811829
        1.515200018882752
   6.176999807357788E-001
   1.014999970793724E-001
        1.756299972534180
        1.012500047683716
        2.347899913787842
  -3.637999892234802E-001
       -1.543900012969971
  -2.888000011444092E-001
  -2.485000044107437E-001
   7.014999985694885E-001
  -4.390000104904175E-001
       -1.007599949836731
       -1.524000048637390
       -2.113100051879883
       -2.023999929428101
       -2.986999988555908
       -3.784699916839600
       -2.841099977493286
       -1.979799985885620
       -1.283599972724915
   1.260000001639128E-002
       -1.407600045204163
  -9.886000156402588E-001
  -4.879999905824661E-002
  -2.467000037431717E-001
       -1.809599995613098
       -2.878499984741211
       -2.151400089263916
   7.972999811172485E-001
   2.948000133037567E-001
        1.738499999046326
        1.425999999046326
   4.911000132560730E-001
  -8.978000283241272E-001
  -2.143000066280365E-001
   3.808999955654144E-001
       -1.185600042343140
  -3.161000013351440E-001
       -2.987400054931641
       -1.257400035858154
  -7.060999870300293E-001
   1.457999944686890E-001
        1.957999944686890
        2.197900056838989
   5.509999990463257E-001
  -1.260000001639128E-002
        1.772500038146973
        2.034300088882446
   9.372000098228455E-001
  -1.969999969005585E-001
  -8.506000041961670E-001
        1.822800040245056
        2.259200096130371
   4.481999874114990E-001
  -5.119000077247620E-001
  -1.541000008583069E-001
   1.182999983429909E-001
        3.664900064468384
        2.384399890899658
        2.655200004577637
  -2.134000062942505E-001
        1.438799977302551
        1.375800013542175
        2.515000104904175
        1.561100006103516
  -8.288999795913696E-001
       -1.213700056076050
  -6.869999766349793E-001
  -6.661000251770020E-001
  -5.167000293731690E-001
  -2.282000035047531E-001
       -2.015599966049194
       -1.457800030708313
       -4.124499797821045
       -3.923199892044067
       -3.045099973678589
       -4.928899765014648
       -3.256400108337402
       -2.568599939346314
       -1.710299968719482
       -1.241299986839294
   1.706999987363815E-001
  -9.702000021934509E-001
   7.361000180244446E-001
       -2.138099908828735
       -1.961599946022034
  -8.033000230789185E-001
       -3.089699983596802
  -9.210000038146973E-001
   8.052999973297119E-001
        1.895699977874756
        1.520099997520447
  -4.126000106334686E-001
  -7.833999991416931E-001
       -1.171100020408630
       -1.179600000381470
   1.947000026702881E-001
  -6.682999730110169E-001
       -2.893300056457520
       -2.983999967575073
       -1.981099963188171
  -5.942000150680542E-001
   6.101999878883362E-001
   7.831000089645386E-001
   8.855000138282776E-001
        1.539700031280518
        1.456099987030029
        2.032500028610230
        1.942299962043762
        2.257800102233887
        2.898400068283081
        2.832900047302246
        2.525700092315674
        2.246700048446655
        3.211899995803833
   8.461999893188477E-001
        1.246899962425232
        2.706799983978272
        2.600500106811523
        1.551699995994568
        1.399799942970276
   8.751000165939331E-001
        1.465299963951111
        1.159100055694580
        2.768300056457520
        1.315600037574768
   2.940999865531921E-001
  -6.270000338554382E-002
  -1.229000017046928E-001
  -9.743999838829041E-001
       -2.262200117111206
       -2.534100055694580
       -2.906300067901611
       -1.529299974441528
       -2.418699979782105
       -3.502700090408325
       -4.268599987030029
       -3.863800048828125
       -1.489300012588501
       -1.041399955749512
   3.544999957084656E-001
   8.029999732971191E-001
        1.079900026321411
   7.473000288009644E-001
       -1.581200003623962
       -2.680399894714356
       -1.858600020408630
       -3.584599971771240
       -2.055299997329712
   6.854000091552734E-001
        2.198699951171875
        2.241300106048584
       -1.562600016593933
       -1.949399948120117
   4.789999872446060E-002
       -1.172600030899048
   6.895999908447266E-001
  -2.266999930143356E-001
  -2.356999963521957E-001
       -2.316400051116943
       -1.572600007057190
       -1.675199985504150
   2.061000019311905E-001
        1.320299983024597
   2.980999946594238E-001
   7.922000288963318E-001
   4.248999953269959E-001
        1.454300045967102
   6.830999851226807E-001
        2.870800018310547
        3.513799905776978
        3.314399957656860
        3.097500085830689
        4.575300216674805
        1.722300052642822
        3.040999889373779
        3.908299922943115
        4.193900108337402
        2.788800001144409
        2.665800094604492
        1.366000056266785
        1.239199995994568
        1.251099944114685
        1.372499942779541
        1.716699957847595
        1.620300054550171
   7.644000053405762E-001
   7.563999891281128E-001
   9.017000198364258E-001
       -1.421399950981140
       -2.377300024032593
       -4.921700000762940
       -2.416199922561646
       -2.805000066757202
       -1.489500045776367
       -2.898200035095215
       -5.044499874114990
       -4.067299842834473
       -3.273600101470947
       -1.613800048828125
   3.325000107288361E-001
        2.105400085449219
   4.972000122070313E-001
  -6.446999907493591E-001
       -1.821900010108948
       -1.890100002288818
       -2.522500038146973
       -3.531100034713745
       -1.841599941253662
        1.511100053787231
        3.620800018310547
        2.424299955368042
   4.084999859333038E-001
  -7.365000247955322E-001
  -4.208000004291534E-001
   8.709999918937683E-002
        1.896700024604797
        2.119800090789795
   1.958999931812286E-001
       -1.557800054550171
       -2.621200084686279
  -8.770999908447266E-001
       -2.281199932098389
       -1.167899966239929
  -4.749999940395355E-002
        1.556800007820129
   6.315000057220459E-001
       -1.088099956512451
        1.562299966812134
        2.332099914550781
        3.707000017166138
        3.112400054931641
        3.112999916076660
        3.016999959945679
        1.153699994087219
        2.114700078964233
        2.421900033950806
        4.538400173187256
        4.631199836730957
        3.819600105285645
        3.113600015640259
        2.721699953079224
        3.438400030136108
        2.244999885559082
  -3.045000135898590E-001
  -1.334999948740006E-001
  -3.700000001117587E-003
       -1.021900057792664
       -1.621000051498413
       -3.004100084304810
       -4.711100101470947
       -1.661700010299683
       -1.662500023841858
       -2.565200090408325
       -1.167999982833862
       -1.923599958419800
       -2.860199928283691
       -4.047800064086914
       -3.243799924850464
       -1.507099986076355
        1.170899987220764
        1.524600028991699
   5.259000062942505E-001
   8.496000170707703E-001
       -1.275400042533875
       -2.417999982833862
       -3.208800077438355
       -4.601600170135498
       -2.605099916458130
       -1.399799942970276
        1.103800058364868
        1.400300025939941
        1.022099971771240
        1.496000051498413
   5.260999798774719E-001
  -7.185000181198120E-001
   2.372999936342239E-001
   4.259000122547150E-001
  -5.307000279426575E-001
       -1.196200013160706
       -3.608599901199341
       -3.464999914169312
  -4.289999902248383E-001
       -1.657099962234497
   5.577999949455261E-001
   6.761000156402588E-001
   8.633999824523926E-001
        2.105299949645996
   4.210000038146973E-001
        2.288500070571899
        3.646500110626221
        2.936100006103516
        2.839999914169312
        2.787600040435791
        1.021299958229065
        1.960100054740906
        4.122600078582764
        4.868599891662598
        5.377500057220459
        3.704200029373169
        3.015300035476685
        1.898200035095215
        5.301700115203857
        4.263500213623047
   5.709000229835510E-001
   1.111999973654747E-001
   3.237000107765198E-001
       -1.090399980545044
  -6.704999804496765E-001
  -7.997000217437744E-001
       -1.388900041580200
  -5.825999975204468E-001
       -1.666100025177002
       -1.962299942970276
       -1.620900034904480
  -9.988999962806702E-001
       -1.257300019264221
       -1.763599991798401
       -2.090100049972534
       -1.824399948120117
   2.581999897956848E-001
   6.707999706268311E-001
        1.267199993133545
        1.163900017738342
       -1.241600036621094
       -2.632499933242798
       -4.349299907684326
       -3.470299959182739
       -2.558300018310547
       -1.695000052452087
       -2.341200113296509
       -2.322400093078613
  -5.741999745368958E-001
       -1.052700042724609
  -6.942999958992004E-001
   1.404999941587448E-001
       -1.693199992179871
  -5.561000108718872E-001
  -8.950000256299973E-002
       -1.258399963378906
       -2.906500101089478
  -9.337000250816345E-001
       -1.541900038719177
  -9.861000180244446E-001
       -1.008999943733215
        1.875300049781799
        1.801399946212769
        3.103699922561646
        3.066099882125855
        2.538800001144409
        1.696699976921082
        2.429899930953980
        2.652699947357178
        1.932600021362305
        1.445299983024597
        2.792700052261353
        4.848100185394287
        4.281700134277344
        4.840300083160400
        3.665100097656250
        1.131199955940247
        2.773299932479858
        3.931499958038330
        1.899999976158142
        1.059599995613098
   3.948999941349030E-001
  -8.144000172615051E-001
       -1.512500047683716
       -2.064100027084351
       -2.480099916458130
  -1.860000044107437E-001
   6.636999845504761E-001
        1.591699957847595
       -1.800999999046326
  -8.291000127792358E-001
  -8.851000070571899E-001
       -1.394000053405762
       -1.138499975204468
       -3.005399942398071
       -2.532700061798096
  -1.756000071763992E-001
        1.189399957656860
        1.056100010871887
       -1.309499979019165
       -2.350399971008301
       -1.120000004768372
       -3.552099943161011
       -3.010799884796143
       -2.021899938583374
       -2.690399885177612
       -3.607599973678589
       -2.317600011825562
       -1.666300058364868
   8.120000362396240E-002
  -2.207999974489212E-001
       -1.925600051879883
       -1.063799977302551
  -4.800000227987766E-003
       -1.953400015830994
  -3.925999999046326E-001
  -4.086999893188477E-001
   6.836000084877014E-001
  -4.111999869346619E-001
       -1.970000028610230
       -2.240600109100342
  -2.101999968290329E-001
   7.152000069618225E-001
        2.750000000000000
        3.036799907684326
        2.537300109863281
        4.104400157928467
        3.767100095748901
        4.176499843597412
        4.183899879455566
        2.073800086975098
        3.597800016403198
        3.061599969863892
        3.350899934768677
        1.786299943923950
        1.354799985885620
   5.433999896049500E-001
   1.407999992370606E-001
        1.602900028228760
        3.696799993515015
  -1.093999966979027E-001
       -2.252199888229370
       -2.023999929428101
       -2.989599943161011
  -9.050999879837036E-001
   1.438000053167343E-001
   1.624999940395355E-001
   2.484000027179718E-001
        1.498999953269959
        1.188099980354309
  -5.267000198364258E-001
  -2.354000061750412E-001
  -4.262000024318695E-001
       -2.823499917984009
       -2.720700025558472
       -2.455100059509277
  -9.524999856948853E-001
   8.335999846458435E-001
   1.298999935388565E-001
       -1.232900023460388
  -3.819999992847443E-001
  -1.939000040292740E-001
  -3.592999875545502E-001
       -1.289299964904785
       -3.194400072097778
       -4.948699951171875
       -3.343400001525879
  -8.155000209808350E-001
       -1.901200056076050
  -8.381000161170960E-001
  -5.895000100135803E-001
       -1.282899975776672
       -1.879600048065186
       -1.149399995803833
       -2.217200040817261
  -1.395999938249588E-001
   5.000000000000000E-001
        1.627900004386902
  -6.255000233650208E-001
       -2.237400054931641
  -8.029000163078308E-001
       -1.382300019264221
        2.006799936294556
        1.013900041580200
        2.562999963760376
        5.046800136566162
        3.443799972534180
        3.764600038528442
        2.179100036621094
        3.116899967193604
        4.487800121307373
        4.387800216674805
        3.733500003814697
        4.144800186157227
        2.202699899673462
        1.298900008201599
  -3.914999961853027E-001
   7.570999860763550E-001
   9.300000220537186E-002
        1.884699940681458
       -1.089100003242493
       -2.076100111007690
       -2.576999902725220
       -2.107199907302856
  -4.142000079154968E-001
       -1.322999954223633
   5.551000237464905E-001
        2.482300043106079
        2.431299924850464
        2.411700010299683
        1.147699952125549
        2.592400074005127
        2.487600088119507
       -2.566400051116943
       -1.667899966239929
       -3.633599996566773
       -1.945500016212463
  -6.067000031471252E-001
   3.565999865531921E-001
   1.105000004172325E-001
  -9.265999794006348E-001
  -5.698000192642212E-001
       -1.945899963378906
       -1.734799981117249
       -3.476099967956543
       -4.473199844360352
       -2.192300081253052
  -6.140999794006348E-001
       -1.036299943923950
   1.601999998092651E-001
        1.394299983978272
  -5.705000162124634E-001
       -1.155599951744080
       -2.498100042343140
       -2.109299898147583
  -4.508000016212463E-001
  -3.115000128746033E-001
   7.703999876976013E-001
  -5.681999921798706E-001
  -3.199000060558319E-001
  -8.910999894142151E-001
   7.479000091552734E-001
        1.661399960517883
   8.898000121116638E-001
        2.015300035476685
        3.311800003051758
        3.677200078964233
        1.943400025367737
        2.492599964141846
        2.141999959945679
        6.204199790954590
        4.292600154876709
        4.269299983978272
        3.540199995040894
        1.894400000572205
        1.179299950599670
        1.615100026130676
        1.187800049781799
   6.473000049591065E-001
   7.588999867439270E-001
  -6.360000371932983E-002
       -1.430899977684021
       -1.392199993133545
   1.481000036001205E-001
   5.181999802589417E-001
  -5.375999808311462E-001
        1.073600053787231
        1.797700047492981
        1.224699974060059
        1.337000012397766
        3.015399932861328
        3.819999933242798
        2.234100103378296
   3.860000148415566E-002
       -1.579300045967102
       -1.754500031471252
  -5.264999866485596E-001
       -1.119300007820129
       -1.333600044250488
  -6.358000040054321E-001
       -2.681900024414063
  -7.224000096321106E-001
       -3.558900117874146
       -4.398200035095215
       -2.926300048828125
       -2.037499904632568
       -2.757200002670288
       -1.890100002288818
       -1.819300055503845
  -1.907999962568283E-001
       -1.129600048065186
       -1.581300020217896
  -7.878000140190125E-001
  -5.830000042915344E-001
       -2.451900005340576
   3.000000119209290E-001
  -7.311000227928162E-001
       -1.516899943351746
       -1.082399964332581
  -8.307999968528748E-001
   7.230000197887421E-002
        1.635200023651123
        1.339499950408936
        1.909100055694580
        3.390000104904175
        2.814899921417236
        3.034699916839600
        2.380500078201294
        4.284699916839600
        2.520600080490112
        3.676100015640259
        3.830100059509277
        3.125499963760376
        3.973200082778931
        2.736099958419800
        2.723000049591065
        3.151599884033203
        3.248100042343140
        1.432500004768372
        2.993200063705444
        1.916800022125244
        1.764700055122376
        1.472599983215332
   7.786999940872192E-001
   1.865999996662140E-001
        2.081399917602539
        1.198400020599365
  -6.933000087738037E-001
   2.274000048637390E-001
   9.962000250816345E-001
   8.888000249862671E-001
        1.758700013160706
   2.080000005662441E-002
   4.485999941825867E-001
  -6.511999964714050E-001
  -7.218999862670898E-001
       -1.268599987030029
       -2.463399887084961
       -1.931499958038330
       -1.372400045394898
       -2.120599985122681
       -3.699599981307983
       -4.177499771118164
       -3.994100093841553
       -3.621000051498413
       -4.450300216674805
       -3.203200101852417
       -1.407899975776672
  -7.486000061035156E-001
   5.103999972343445E-001
        1.346500039100647
  -4.320999979972839E-001
  -6.260000169277191E-002
  -5.382000207901001E-001
        1.400200009346008
        1.096899986267090
  -4.203999936580658E-001
  -8.582000136375427E-001
       -3.358999967575073
       -1.669800043106079
  -3.616000115871429E-001
   8.619999885559082E-002
  -3.172000050544739E-001
   3.149000108242035E-001
        1.946099996566773
   5.322999954223633E-001
   7.828999757766724E-001
        2.023600101470947
        2.485599994659424
        4.077300071716309
        3.809700012207031
        2.591700077056885
        3.088799953460693
        3.673700094223023
        3.315599918365479
        3.485500097274780
        1.890200018882752
   9.682000279426575E-001
   4.659999907016754E-001
        2.476200103759766
        2.595900058746338
        2.313299894332886
        1.655300021171570
  -2.458000034093857E-001
        1.570600032806397
        2.280900001525879
   9.991000294685364E-001
       -2.115499973297119
  -2.603999972343445E-001
   9.038000106811523E-001
  -9.779000282287598E-001
       -1.811900019645691
       -1.113499999046326
       -2.005700111389160
       -1.329399943351746
  -5.839999914169312E-001
       -1.788900017738342
       -1.727300047874451
       -1.462100028991699
       -1.049800038337708
       -3.170200109481812
       -5.542900085449219
       -4.552800178527832
       -4.892099857330322
       -4.626200199127197
       -6.306900024414063
       -3.453999996185303
       -1.051599979400635
   5.586000084877014E-001
  -4.237999916076660E-001
   4.445999860763550E-001
        1.326300024986267
        1.232499957084656
        1.808599948883057
   6.455000042915344E-001
        1.256899952888489
  -6.710000336170197E-002
   4.923999905586243E-001
   2.723000049591065E-001
       -1.702100038528442
   9.236999750137329E-001
  -4.180999994277954E-001
  -5.409999936819077E-002
  -9.212999939918518E-001
        1.005699992179871
        1.182000041007996
        3.836600065231323
        3.607500076293945
        3.986399888992310
        3.794199943542481
        2.261800050735474
        3.903599977493286
        3.730200052261353
        5.048399925231934
        4.810400009155273
        5.124000072479248
        2.978600025177002
        1.006600022315979
   2.838999927043915E-001
        1.919899940490723
        3.811500072479248
        2.275899887084961
   2.597000002861023E-001
   4.632000029087067E-001
        2.548300027847290
        2.433500051498413
   6.759999692440033E-002
       -1.379099965095520
       -1.901800036430359
   5.185999870300293E-001
  -1.120000034570694E-001
       -1.359500050544739
  -4.259999990463257E-001
  -6.679999828338623E-002
       -1.279800057411194
       -1.095000028610230
       -2.062000036239624
   5.609999969601631E-002
       -1.823600053787231
       -2.359200000762940
       -3.749599933624268
       -5.877699851989746
       -5.104000091552734
       -4.923699855804443
       -5.264200210571289
       -3.397000074386597
       -3.284800052642822
       -1.626799941062927
       -2.313800096511841
       -1.633200049400330
  -3.436999917030335E-001
  -3.109999895095825E-001
  -2.372999936342239E-001
        2.472800016403198
        1.876799941062927
        1.600800037384033
   3.882000148296356E-001
        3.509900093078613
   8.367000222206116E-001
   4.781000018119812E-001
  -2.630000002682209E-002
  -1.238999962806702E-001
        1.436599969863892
       -2.094099998474121
   6.800000090152025E-003
   2.621999979019165E-001
        2.804600000381470
        2.287699937820435
        2.126600027084351
        2.689100027084351
   1.137999966740608E-001
        2.830600023269653
        3.494199991226196
        4.812099933624268
        4.581699848175049
        4.128300189971924
        4.241799831390381
        1.554900050163269
        3.142800092697144
        3.410300016403198
        2.949199914932251
        2.557100057601929
        1.411299943923950
        2.362900018692017
        2.357100009918213
        1.335800051689148
  -4.230000078678131E-001
       -1.362300038337708
   5.888000130653381E-001
   5.612000226974487E-001
  -4.077000021934509E-001
  -4.830000102519989E-001
        1.994600057601929
        2.785200119018555
   7.110999822616577E-001
       -1.950099945068359
       -1.279299974441528
       -1.798900008201599
       -1.939700007438660
       -1.294299960136414
       -1.510599970817566
       -4.445499897003174
       -3.959000110626221
       -4.796500205993652
       -5.764100074768066
       -4.979000091552734
       -5.360000133514404
       -1.577000021934509
       -2.296700000762940
  -7.738000154495239E-001
       -1.665300011634827
   3.889000117778778E-001
  -6.154000163078308E-001
        1.333699941635132
        2.939399957656860
        2.557300090789795
   6.748999953269959E-001
  -8.374999761581421E-001
        2.342099905014038
   9.219999909400940E-001
   6.970000267028809E-002
        2.009599924087524
        1.044700026512146
        1.211300015449524
        1.116299986839294
        2.080499887466431
  -3.377999961376190E-001
        1.173400044441223
        2.578399896621704
        1.508299946784973
   9.223999977111816E-001
   4.415999948978424E-001
        1.336400032043457
        3.250699996948242
        3.422899961471558
        4.143499851226807
        2.414499998092651
        2.371900081634522
        3.975500106811523
        3.080199956893921
        2.411799907684326
        2.338099956512451
        2.891299962997437
        2.037499904632568
        1.519799947738648
        1.571499943733215
   4.419000148773193E-001
       -1.641999959945679
   3.278000056743622E-001
  -3.785000145435333E-001
        1.050500035285950
        1.711500048637390
        3.463999986648560
        2.942699909210205
        1.932600021362305
  -9.772999882698059E-001
  -6.768000125885010E-001
   2.889999933540821E-002
   3.197000026702881E-001
   9.711999893188477E-001
       -2.609600067138672
       -5.787099838256836
       -6.393599987030029
       -4.787600040435791
       -4.298299789428711
       -5.354199886322022
       -5.208300113677979
       -2.576699972152710
       -1.525500059127808
  -8.205999732017517E-001
       -2.311700105667114
  -3.661000132560730E-001
        1.224699974060059
  -9.809999912977219E-002
   6.033999919891357E-001
   1.835000067949295E-001
   3.935999870300293E-001
       -1.270699977874756
       -1.590899944305420
  -5.654000043869019E-001
   6.979999691247940E-002
   3.892999887466431E-001
        1.236199975013733
        1.203400015830994
   7.019000053405762E-001
   6.218000054359436E-001
  -1.705999970436096E-001
   3.914999961853027E-001
        1.248200058937073
        2.379400014877319
        2.180099964141846
        1.319599986076355
   3.007000088691711E-001
        1.838600039482117
        1.711699962615967
        1.992699980735779
        2.935800075531006
        2.321799993515015
        1.678200006484985
        2.580800056457520
        4.017399787902832
        3.599100112915039
        2.677700042724609
        2.236299991607666
        3.313299894332886
        1.831799983978272
        1.002300024032593
        1.076799988746643
   8.898000121116638E-001
   5.302000045776367E-001
        4.517000198364258
        3.894399881362915
        5.645500183105469
        2.494100093841553
        3.454699993133545
        1.464900016784668
        1.158100008964539
        1.469699978828430
   7.968000173568726E-001
        2.450599908828735
       -3.830199956893921
       -2.462199926376343
       -3.718699932098389
       -2.563100099563599
       -2.869999885559082
       -3.519900083541870
       -3.466000080108643
       -2.350800037384033
       -1.425899982452393
  -7.892000079154968E-001
       -2.560300111770630
       -2.345200061798096
   1.967000067234039E-001
        2.508500099182129
  -5.020000040531158E-002
        1.699200034141541
   4.699999988079071E-001
  -8.633000254631043E-001
       -3.018100023269653
       -1.192399978637695
   2.280000038444996E-002
   7.052000164985657E-001
  -2.003999948501587E-001
        1.767400026321411
        1.264899969100952
   5.169999971985817E-002
       -1.027300000190735
       -1.629799962043762
  -2.619999945163727E-001
        3.705699920654297
        3.161299943923950
        2.508800029754639
   9.121999740600586E-001
        1.036700010299683
   6.161999702453613E-001
   8.054999709129334E-001
        1.085500001907349
   5.917999744415283E-001
  -5.600000023841858E-001
   8.446999788284302E-001
        2.499000072479248
        3.451900005340576
        2.843100070953369
        3.688400030136108
        3.855400085449219
        3.195199966430664
   5.904999971389771E-001
   2.878000140190125E-001
        2.928600072860718
        2.722100019454956
        3.915100097656250
        4.683100223541260
        5.481999874114990
        5.131499767303467
        1.797999978065491
        1.785500049591065
        3.334899902343750
        2.010900020599365
   6.771000027656555E-001
   7.305999994277954E-001
       -1.848099946975708
       -1.943799972534180
       -2.221100091934204
       -2.595499992370606
       -3.798799991607666
       -2.552599906921387
       -2.770900011062622
       -2.833300113677979
       -1.968899965286255
       -1.242100000381470
       -2.466200113296509
       -1.601300001144409
        1.054399967193604
        2.226999998092651
  -4.194000065326691E-001
        1.638000011444092
  -8.935999870300293E-001
       -1.017799973487854
       -1.096899986267090
       -3.072499990463257
  -5.982000231742859E-001
   9.639999866485596E-001
  -2.210000008344650E-001
        2.163700103759766
        1.078500032424927
  -3.939999938011169E-001
   1.588000059127808E-001
       -1.447000026702881
       -1.718400001525879
        1.738199949264526
        3.555299997329712
        2.941699981689453
        1.338999986648560
        1.122499942779541
  -2.502999901771545E-001
   7.634999752044678E-001
        1.434700012207031
   7.627000212669373E-001
  -3.459999859333038E-001
   3.492000102996826E-001
   9.024000167846680E-001
        1.948799967765808
        2.226999998092651
        4.010399818420410
        2.184099912643433
        1.981199979782105
        2.664400100708008
        1.760900020599365
        1.480299949645996
        2.700599908828735
        2.957900047302246
        4.375800132751465
        3.720099925994873
        5.263800144195557
        1.968899965286255
       -1.869500041007996
   3.855000138282776E-001
   4.964999854564667E-001
        1.552800059318543
        2.813800096511841
  -1.404999941587448E-001
       -1.188300013542175
       -2.676399946212769
       -2.662600040435791
       -3.180399894714356
       -1.624899983406067
       -3.099200010299683
       -1.716699957847595
       -3.032299995422363
       -2.005899906158447
       -2.441999912261963
       -1.149799942970276
  -1.819999963045120E-001
        2.619699954986572
        1.604400038719177
   1.994999945163727E-001
   1.782000064849854E-001
  -6.701999902725220E-001
       -1.542899966239929
       -1.201099991798401
   9.100000262260437E-001
  -3.400000184774399E-002
       -1.332000017166138
   2.935999929904938E-001
        1.307999968528748
  -7.470999956130981E-001
   5.170999765396118E-001
  -5.303000211715698E-001
   1.969999969005585E-001
        1.708400011062622
        4.100999832153320
        2.780900001525879
   7.926999926567078E-001
  -3.864000141620636E-001
  -5.213000178337097E-001
  -7.390000224113464E-001
        4.100699901580811
        1.184100031852722
  -1.703999936580658E-001
  -9.711999893188477E-001
  -6.384000182151794E-001
  -3.030000030994415E-001
   8.112999796867371E-001
        1.995200037956238
        2.280699968338013
        1.314700007438660
        3.779200077056885
        1.745100021362305
  -2.132000029087067E-001
        1.261299967765808
        3.372999906539917
        4.579100131988525
        1.533599972724915
        3.381400108337402
        3.005599975585938
   2.070000022649765E-001
  -2.825999855995178E-001
        1.205500006675720
       -1.534399986267090
  -1.167000010609627E-001
       -2.388000011444092
       -2.374200105667114
       -1.600200057029724
       -2.612699985504150
       -2.418200016021729
       -2.644200086593628
       -1.528100013732910
       -1.055099964141846
       -1.831300020217896
       -1.141600012779236
  -3.059999942779541E-001
  -5.150000005960465E-002
   4.641000032424927E-001
   4.282999932765961E-001
  -8.999000191688538E-001
   4.401000142097473E-001
   6.740000247955322E-001
   2.135999947786331E-001
   2.816999852657318E-001
   3.840000182390213E-002
   2.229999937117100E-002
       -2.716599941253662
  -7.584999799728394E-001
  -7.821999788284302E-001
   8.751999735832214E-001
   7.213000059127808E-001
  -8.147000074386597E-001
   1.430999934673309E-001
  -5.519999861717224E-001
        1.437500000000000
   4.350000023841858E-001
   9.922000169754028E-001
   2.450000047683716E-001
       -1.411399960517883
       -2.226200103759766
  -8.974000215530396E-001
        1.271700024604797
   6.633999943733215E-001
   1.599999959580600E-003
  -1.329999975860119E-002
       -2.197000026702881
  -3.961000144481659E-001
        1.040599942207336
   8.327000141143799E-001
        1.143399953842163
   5.410000085830689E-001
        2.568000078201294
        2.341500043869019
        1.980800032615662
        1.690799951553345
        3.375900030136108
        3.693000078201294
        1.552000045776367
        1.637500047683716
        2.102099895477295
  -3.330999910831451E-001
  -1.410000026226044E-002
   1.635999977588654E-001
  -4.329000115394592E-001
  -9.929999709129334E-002
       -3.966300010681152
       -3.858299970626831
       -2.736200094223023
       -3.303699970245361
       -3.045399904251099
       -1.725299954414368
       -1.398100018501282
       -1.046399950981140
       -1.901900053024292
   5.120000243186951E-001
  -8.197000026702881E-001
       -2.372699975967407
  -4.034999907016754E-001
       -1.692199945449829
       -2.570899963378906
  -5.687999725341797E-001
   4.596999883651733E-001
        1.312399983406067
        1.366700053215027
        1.548200011253357
   2.906000018119812E-001
  -5.059999823570252E-001
  -9.458000063896179E-001
   5.770999789237976E-001
   7.771999835968018E-001
   1.523000001907349E-001
  -2.840000018477440E-002
   3.725000023841858E-001
        1.840899944305420
        1.619199991226196
        1.059900045394898
  -5.756999850273132E-001
   4.820000007748604E-002
   5.849999934434891E-002
  -6.258000135421753E-001
   1.009999960660934E-002
   1.687999963760376E-001
   9.297000169754028E-001
  -3.043999969959259E-001
       -1.036499977111816
       -3.060100078582764
  -2.048999965190888E-001
   9.028999805450440E-001
  -4.941000044345856E-001
  -5.869999900460243E-002
        1.036100029945374
        3.436399936676025
        1.863499999046326
        1.878399968147278
        1.974200010299683
        1.567499995231628
        3.066400051116943
        3.162699937820435
        1.695899963378906
   9.053999781608582E-001
        1.482499957084656
  -4.291000068187714E-001
       -1.741400003433228
       -2.570199966430664
  -2.224999964237213E-001
       -4.254199981689453
       -4.488900184631348
       -3.155600070953369
       -1.026999950408936
       -2.071099996566773
       -1.903200030326843
       -1.377699971199036
       -1.312000036239624
       -2.708300113677979
  -8.959000110626221E-001
   4.981000125408173E-001
  -2.472999989986420E-001
       -1.205899953842163
       -2.413100004196167
       -1.889000058174133
       -2.199599981307983
  -6.689999997615814E-002
  -3.605999946594238E-001
       -1.407299995422363
  -4.875999987125397E-001
   2.488999962806702E-001
       -2.463500022888184
       -1.446799993515015
  -2.863000035285950E-001
        1.846199989318848
        1.383900046348572
        1.450700044631958
        1.099099993705750
        1.030200004577637
        1.283100008964539
   3.016000092029572E-001
       -1.386600017547607
  -5.697000026702881E-001
   3.336000144481659E-001
  -9.580000042915344E-001
   4.769000113010407E-001
   8.805000185966492E-001
   4.438000023365021E-001
       -1.019099950790405
       -1.969200015068054
       -1.659399986267090
   3.601000010967255E-001
  -1.046999990940094E-001
        1.366500020027161
        1.110499978065491
   2.919999957084656E-001
        3.992399930953980
        2.760699987411499
        3.182300090789795
   5.336999893188477E-001
        1.865100026130676
        1.444399952888489
        2.167000055313110
        1.037799954414368
  -3.289000093936920E-001
   3.929999843239784E-002
  -4.695000052452087E-001
   8.659999817609787E-002
  -3.550000116229057E-002
   5.499999970197678E-002
       -3.222500085830689
       -1.805600047111511
       -1.829399943351746
       -3.123899936676025
       -3.829600095748901
  -8.393999934196472E-001
        1.324599981307983
   1.599999959580600E-003
   9.459999948740006E-002
  -2.576999962329865E-001
   7.229999899864197E-001
  -8.197000026702881E-001
       -1.981299996376038
  -7.530999779701233E-001
       -2.627599954605103
       -3.529299974441528
       -2.114799976348877
       -2.248199939727783
       -3.983299970626831
  -6.467999815940857E-001
   9.596999883651733E-001
       -1.490700006484985
  -8.726000189781189E-001
   2.583000063896179E-001
   4.982999861240387E-001
   6.552000045776367E-001
        1.034899950027466
        3.856100082397461
        2.363800048828125
   7.572000026702881E-001
  -3.030000030994415E-001
   4.253000020980835E-001
   3.551999926567078E-001
        1.552500009536743
   2.318000048398972E-001
   6.553999781608582E-001
        2.440200090408325
        2.313400030136108
  -4.374000132083893E-001
       -1.412500023841858
       -1.350200057029724
  -8.786000013351440E-001
  -3.506000041961670E-001
   7.975000143051148E-001
   2.425999939441681E-001
        1.157299995422363
        1.407600045204163
        2.108799934387207
        1.353999972343445
   8.927000164985657E-001
        1.429600000381470
        1.080600023269653
        1.576799988746643
        1.060700058937073
       -1.684900045394898
  -4.483999907970429E-001
       -1.412700057029724
   7.476000189781189E-001
        1.911499977111816
   6.244000196456909E-001
       -2.050499916076660
       -2.219500064849854
       -2.917900085449219
       -5.149199962615967
       -4.850299835205078
       -1.000800013542175
  -4.820000007748604E-002
        1.699100017547607
   8.989999890327454E-001
       -1.763399958610535
       -1.668699979782105
       -2.886499881744385
       -4.338699817657471
       -2.148000001907349
       -1.580500006675720
       -2.516799926757813
       -3.546000003814697
       -2.003099918365479
       -3.450500011444092
       -1.268800020217896
  -1.964000016450882E-001
  -4.027999937534332E-001
        1.100999951362610
        1.431499958038330
        1.927099943161011
        1.948899984359741
   9.480000138282776E-001
        2.523200035095215
        3.452199935913086
        2.219000101089478
   2.477000057697296E-001
        1.036900043487549
        3.136199951171875
        2.856600046157837
        1.773100018501282
  -4.041999876499176E-001
   2.969999909400940E-001
  -3.524000048637390E-001
       -2.200999975204468
  -8.586000204086304E-001
   4.483999907970429E-001
   1.510999947786331E-001
        1.794299960136414
        3.509500026702881
        1.496999979019165
   7.986999750137329E-001
   7.919999957084656E-002
        1.880599975585938
   4.578000009059906E-001
   3.476000130176544E-001
   4.817999899387360E-001
   5.921999812126160E-001
   2.149000018835068E-001
        1.416200041770935
  -8.177999854087830E-001
   6.772000193595886E-001
        1.123399972915649
  -3.756000101566315E-001
        1.410099983215332
   5.930000171065331E-002
       -1.283699989318848
       -1.739699959754944
       -3.256799936294556
       -4.702099800109863
       -5.015999794006348
       -2.190999984741211
  -1.460999995470047E-001
   1.261000037193298E-001
   2.565999925136566E-001
       -2.077600002288818
       -2.282299995422363
       -2.491400003433228
       -4.613500118255615
       -4.635600090026856
       -4.280600070953369
       -2.757400035858154
       -1.325899958610535
       -1.741400003433228
       -1.646600008010864
  -7.720000147819519E-001
       -1.683400034904480
  -1.957000046968460E-001
  -2.300000004470348E-002
        1.740300059318543
        1.863499999046326
        1.005699992179871
        1.369500041007996
        1.000300049781799
   1.374000012874603E-001
  -3.867999911308289E-001
       -1.217399954795837
   7.390999794006348E-001
   7.718999981880188E-001
        2.956899881362915
        3.600600004196167
        2.433900117874146
  -2.088000029325485E-001
       -4.084300041198731
  -1.562999933958054E-001
       -2.403800010681152
       -3.421900033950806
   2.451999932527542E-001
   2.307000011205673E-001
   3.824999928474426E-001
   8.902999758720398E-001
        2.591399908065796
        1.901100039482117
        2.413199901580811
        1.362699985504150
   1.070000007748604E-001
   7.961999773979187E-001
        1.694300055503845
        2.207099914550781
        2.245199918746948
   9.750000238418579E-001
  -1.071000024676323E-001
   4.821999967098236E-001
        1.374400019645691
        1.009699940681458
   2.617000043392181E-001
       -2.625400066375732
       -2.169500112533569
       -2.075200080871582
       -3.242100000381470
       -3.086100101470947
       -2.008199930191040
       -1.193600058555603
   2.976000010967255E-001
  -5.077000260353088E-001
       -1.711099982261658
       -1.725200057029724
       -3.259299993515015
       -1.864199995994568
       -2.254499912261963
       -2.776700019836426
       -1.873100042343140
       -1.987400054931641
       -1.103199958801270
       -1.151399970054627
  -8.604000210762024E-001
  -7.914000153541565E-001
       -1.004299998283386
   3.925999999046326E-001
   3.914999961853027E-001
        2.639699935913086
        1.312199950218201
   7.620000243186951E-001
        1.997900009155273
        3.122800111770630
        1.127900004386902
  -1.041999980807304E-001
  -4.179999977350235E-002
  -8.425999879837036E-001
   7.508999705314636E-001
   6.913999915122986E-001
        1.015100002288818
  -4.472000002861023E-001
  -9.143000245094299E-001
       -1.886299967765808
       -2.922600030899048
       -1.072399973869324
       -1.083099961280823
       -1.670699954032898
  -8.299999870359898E-003
   8.647999763488770E-001
   6.593999862670898E-001
        2.168100118637085
        3.638099908828735
        3.265000104904175
        2.172399997711182
        2.821899890899658
        1.399099946022034
        2.614399909973145
        1.269700050354004
   5.958999991416931E-001
   4.442999958992004E-001
        1.387500047683716
        2.687400102615356
   6.248000264167786E-001
        1.396100044250488
  -9.523000121116638E-001
       -1.912199974060059
       -2.758500099182129
       -3.555399894714356
       -4.837900161743164
       -3.943799972534180
       -1.843000054359436
       -1.055699944496155
       -1.197600007057190
       -1.432000041007996
       -2.107300043106079
       -1.316900014877319
       -1.341099977493286
       -2.487900018692017
       -2.374099969863892
   2.266999930143356E-001
  -2.831000089645386E-001
   1.987999975681305E-001
  -2.732000052928925E-001
   6.877999901771545E-001
  -8.224999904632568E-001
  -2.827000021934509E-001
  -7.355999946594238E-001
   8.490999937057495E-001
        1.687199950218201
        1.043599963188171
        1.518100023269653
   8.215000033378601E-001
        1.809900045394898
        2.230999946594238
  -1.211000010371208E-001
       -2.118400096893311
   3.001999855041504E-001
   8.112999796867371E-001
  -6.136000156402588E-001
  -2.559999935328960E-002
       -1.753999948501587
  -6.132000088691711E-001
       -1.264500021934509
       -2.321199893951416
       -1.671000003814697
       -2.202699899673462
       -2.355200052261353
        1.647099971771240
        1.983500003814697
        1.639700055122376
        2.103899955749512
        1.873399972915649
        2.041199922561646
        1.170899987220764
        1.531100034713745
        2.184299945831299
        1.462100028991699
   6.660000085830689E-001
   3.759999945759773E-002
        2.029299974441528
        1.981299996376038
        1.505399942398071
        2.952100038528442
        2.817100048065186
       -1.781200051307678
       -3.468800067901611
       -3.296600103378296
       -4.623300075531006
       -2.946599960327148
       -3.098000049591065
       -4.545599937438965
       -2.243200063705444
       -1.203500032424927
       -1.767699956893921
  -6.205999851226807E-001
        1.040300011634827
       -1.148399949073792
       -1.950299978256226
       -2.089099884033203
   6.678000092506409E-001
       -1.572800040245056
        1.680600047111511
   3.115000128746033E-001
  -7.179999947547913E-001
   4.800000227987766E-003
  -8.255000114440918E-001
       -2.363199949264526
       -1.404199957847595
   8.715999722480774E-001
        2.419899940490723
   7.081999778747559E-001
   2.558999955654144E-001
   5.792000293731690E-001
        1.959900021553040
        1.741500020027161
        1.001999974250794
   6.999999750405550E-004
        1.307700037956238
  -1.909999921917915E-002
       -2.095000028610230
       -2.057199954986572
       -1.741500020027161
       -1.359599947929382
       -2.032099962234497
   1.870999932289124E-001
       -1.505499958992004
   7.500000000000000E-001
        3.653300046920776
        4.411499977111816
        3.218800067901611
        2.815099954605103
        1.017699956893921
       -1.098899960517883
        1.137500047683716
        3.852200031280518
   7.908999919891357E-001
  -6.599999964237213E-002
       -1.406900048255920
       -1.585399985313416
  -4.900000095367432E-001
   8.064000010490418E-001
  -4.034000039100647E-001
   3.585999906063080E-001
        1.191300034523010
       -1.823899984359741
       -2.515300035476685
       -2.714200019836426
       -3.572900056838989
       -1.502699971199036
       -2.251499891281128
       -3.878200054168701
       -3.840899944305420
       -1.841899991035461
       -1.399099946022034
       -1.695199966430664
       -2.999200105667114
       -3.461999893188477
       -2.463599920272827
       -2.133300065994263
       -2.816499948501587
  -2.569999992847443E-001
   5.525000095367432E-001
   1.879999935626984E-001
  -1.206000000238419E-001
  -9.344999790191650E-001
       -1.213199973106384
       -2.151200056076050
  -1.495999991893768E-001
   1.295000016689301E-001
        1.100200057029724
        3.861500024795532
        3.095599889755249
        2.517100095748901
   6.237999796867371E-001
   9.381999969482422E-001
        1.340700030326843
        1.395400047302246
        1.248399972915649
   4.187000095844269E-001
   5.885000228881836E-001
  -4.499000012874603E-001
   4.440000057220459E-001
        1.357300043106079
        1.801900029182434
        1.868700027465820
  -6.377000212669373E-001
        1.214200019836426
        1.312199950218201
        2.298599958419800
        1.891800045967102
        2.421099901199341
   7.372000217437744E-001
   5.084999799728394E-001
        1.076699972152710
        2.437200069427490
   3.590000048279762E-002
  -6.213999986648560E-001
       -4.458899974822998
       -2.792399883270264
       -1.506199955940247
   7.006999850273132E-001
   9.718999862670898E-001
  -1.405999958515167E-001
   2.330999970436096E-001
   3.463999927043915E-001
       -1.584599971771240
       -1.484099984169006
       -4.278200149536133
       -1.873200058937073
       -3.074100017547607
       -4.448699951171875
       -3.664200067520142
       -2.280299901962280
       -1.182800054550171
       -2.558700084686279
       -2.616199970245361
       -2.165600061416626
       -2.048300027847290
       -1.257400035858154
   2.337999939918518E-001
        1.023300051689148
   2.754000127315521E-001
        1.106799960136414
   1.332000046968460E-001
       -1.524099946022034
  -9.790000319480896E-002
       -1.477300047874451
   8.895999789237976E-001
  -6.043999791145325E-001
   3.625999987125397E-001
   6.736999750137329E-001
        3.062000036239624
        2.715699911117554
        1.587399959564209
   4.165999889373779E-001
        2.351500034332275
        4.237999916076660
        2.186300039291382
        1.677800059318543
   7.100000046193600E-003
   4.255000054836273E-001
   3.801999986171722E-001
   6.387000083923340E-001
   6.692000031471252E-001
   8.508999943733215E-001
        2.100100040435791
   5.626000165939331E-001
  -6.639999896287918E-002
        1.334599971771240
        2.399800062179565
        1.372900009155273
  -8.661999702453613E-001
       -1.029600024223328
  -9.610999822616577E-001
  -8.160000294446945E-002
       -1.925400018692017
       -2.610699892044067
       -4.883900165557861
       -3.129600048065186
  -4.456000030040741E-001
        2.481899976730347
        2.329699993133545
        1.095800042152405
  -6.071000099182129E-001
       -1.390599966049194
  -6.405000090599060E-001
       -2.441600084304810
       -2.785599946975708
       -3.488899946212769
       -3.403199911117554
       -3.607800006866455
       -2.368299961090088
       -2.130300045013428
       -1.257799983024597
  -6.283000111579895E-001
       -3.684499979019165
       -1.231199979782105
   5.048000216484070E-001
        1.827399969100952
   3.752999901771545E-001
        1.307299971580505
        2.075200080871582
   2.347999960184097E-001
        1.096400022506714
  -1.371999979019165E-001
  -2.175000011920929E-001
  -4.961000084877014E-001
   8.974999785423279E-001
  -7.230000197887421E-002
  -9.294999837875366E-001
   3.477999866008759E-001
   2.474000006914139E-001
   5.838000178337097E-001
   9.843999743461609E-001
        1.746000051498413
        2.189599990844727
        3.856600046157837
        1.887899994850159
  -4.632000029087067E-001
   8.709999918937683E-002
  -3.849999979138374E-002
  -9.747999906539917E-001
  -2.215999960899353E-001
        1.978600025177002
        1.994899988174439
   9.654999971389771E-001
   5.042999982833862E-001
  -2.987999916076660E-001
        2.471299886703491
        1.090999960899353
  -9.470000267028809E-001
       -1.179700016975403
   1.489999983459711E-002
  -7.735000252723694E-001
  -4.948999881744385E-001
       -2.957000017166138
       -5.064599990844727
       -3.498199939727783
       -4.255599975585938
       -1.782600045204163
        1.947100043296814
        2.124700069427490
   1.312000006437302E-001
       -1.375800013542175
  -9.610999822616577E-001
   1.932000070810318E-001
       -1.505699992179871
       -3.031599998474121
       -3.126699924468994
       -3.623800039291382
       -4.306000232696533
       -4.465400218963623
       -1.638900041580200
       -2.927000045776367
       -1.330399990081787
   7.012000083923340E-001
        1.390300035476685
        1.384999990463257
        1.705199956893921
        1.874099969863892
        2.142299890518189
        1.615900039672852
   1.420000009238720E-002
        1.928900003433228
        1.029199957847595
        1.082599997520447
   3.052999973297119E-001
   5.533999800682068E-001
  -6.133999824523926E-001
       -1.662600040435791
  -4.589999839663506E-002
       -1.469099998474121
  -2.542999982833862E-001
   3.953000009059906E-001
        2.588599920272827
        3.736999988555908
        4.021299839019775
        1.462900042533875
   7.563999891281128E-001
   1.439999975264072E-002
        1.120599985122681
   8.223000168800354E-001
   4.930000007152557E-002
   9.354000091552734E-001
   4.891999959945679E-001
  -1.040000021457672E-001
  -3.524999916553497E-001
        2.118799924850464
        2.039700031280518
  -5.672000050544739E-001
       -1.529500007629395
       -2.078999996185303
   7.781000137329102E-001
       -1.073600053787231
   1.743000000715256E-001
       -3.151000022888184
       -4.221700191497803
       -3.877199888229370
       -1.847200036048889
  -2.635999917984009E-001
  -8.869999647140503E-002
   9.955000281333923E-001
       -1.373100042343140
  -5.361999869346619E-001
   2.721999883651733E-001
   2.935000061988831E-001
       -1.867499947547913
       -4.708399772644043
       -5.957600116729736
       -4.795199871063232
       -3.385900020599365
       -3.808000087738037
       -1.170899987220764
       -2.099699974060059
  -9.182000160217285E-001
       -1.154999971389771
   3.330000117421150E-002
        1.988899946212769
   8.052999973297119E-001
   5.444999933242798E-001
        1.649199962615967
        2.187200069427490
  -3.197999894618988E-001
  -1.820999979972839E-001
  -9.807000160217285E-001
        1.711699962615967
   7.630000114440918E-001
  -8.479999750852585E-002
  -9.039000272750855E-001
       -1.753000020980835
  -7.949000000953674E-001
       -2.249900102615356
       -1.020799994468689
        1.171200037002564
        3.547300100326538
        4.623700141906738
        3.345799922943115
        1.906299948692322
  -6.280999779701233E-001
   1.571999937295914E-001
   9.118000268936157E-001
        1.800400018692017
  -2.957000136375427E-001
  -3.332000076770783E-001
   1.159999985247850E-002
       -1.090800046920776
  -4.984999895095825E-001
        1.463500022888184
   8.665999770164490E-001
       -2.847500085830689
       -2.284600019454956
       -2.246500015258789
       -2.031599998474121
       -1.220999956130981
       -3.508399963378906
       -5.156099796295166
       -4.457900047302246
       -2.437599897384644
       -1.817999958992004
       -1.559700012207031
  -4.788999855518341E-001
   9.674999713897705E-001
   5.968000292778015E-001
       -1.571200013160706
   1.127000004053116E-001
       -1.123000025749207
       -2.904200077056885
       -4.370800018310547
       -5.989299774169922
       -6.137800216674805
       -4.411099910736084
       -3.435499906539917
       -2.907599925994873
  -7.516000270843506E-001
   9.451000094413757E-001
        2.816900014877319
        2.144299983978272
   9.531000256538391E-001
   7.373999953269959E-001
  -9.000999927520752E-001
   1.181999966502190E-001
        2.429199934005737
       -1.479500055313110
       -1.929200053215027
  -6.384000182151794E-001
  -7.520999908447266E-001
   4.007000029087067E-001
       -1.826300024986267
       -1.380300045013428
  -4.900999963283539E-001
  -1.486999988555908E-001
       -1.571300029754639
   5.388000011444092E-001
        1.365100026130676
        2.578599929809570
        2.873199939727783
        2.558300018310547
        2.602299928665161
   1.889999955892563E-001
        1.613499999046326
   9.460999965667725E-001
   1.063999980688095E-001
  -7.427999973297119E-001
   6.130999922752380E-001
   7.207999825477600E-001
   1.686999946832657E-001
       -1.467399954795837
   4.674000144004822E-001
        1.129699945449829
       -1.100200057029724
       -2.678100109100342
       -2.228499889373779
       -1.992200016975403
       -3.566299915313721
       -3.538199901580811
       -4.822800159454346
       -1.420600056648254
       -2.884200096130371
  -1.537999957799912E-001
  -7.119999825954437E-002
       -1.237900018692017
   5.349000096321106E-001
   6.689999997615814E-002
       -1.404399991035461
       -1.857100009918213
       -1.358000040054321
       -1.323300004005432
       -4.160099983215332
       -4.449299812316895
       -3.723900079727173
       -2.493999958038330
       -3.934099912643433
       -2.781199932098389
       -1.402999997138977
   7.410000264644623E-002
        2.006000041961670
        1.304800033569336
        2.025700092315674
   2.398000061511993E-001
  -3.521000146865845E-001
        2.011399984359741
   6.463999748229981E-001
  -5.109999775886536E-001
       -1.376799941062927
       -1.126399993896484
       -1.083400011062622
       -1.540500044822693
       -1.172600030899048
       -1.109099984169006
       -1.415599942207336
       -1.531399965286255
  -3.425999879837036E-001
        1.064000010490418
   9.545000195503235E-001
   8.637999892234802E-001
        2.525399923324585
        1.146399974822998
   7.930999994277954E-001
  -2.085999995470047E-001
        1.552099943161011
  -3.224999904632568E-001
   2.005999982357025E-001
       -4.073900222778320
       -4.045400142669678
       -2.319499969482422
       -1.321799993515015
       -2.913599967956543
       -1.338400006294251
   2.605000138282776E-001
       -1.543699979782105
       -3.784100055694580
       -3.640500068664551
       -4.671999931335449
       -4.814000129699707
       -4.227000236511231
       -3.080699920654297
       -2.356899976730347
       -1.493899941444397
       -1.586699962615967
   8.909999728202820E-001
  -7.370000332593918E-002
  -4.144999980926514E-001
   3.720000088214874E-001
        1.082999944686890
       -1.822199940681458
       -2.216799974441528
       -2.231899976730347
       -4.327899932861328
       -3.876499891281128
       -3.378000020980835
       -2.631099939346314
       -1.559299945831299
  -8.705000281333923E-001
       -1.120599985122681
  -1.840000003576279E-001
        1.001299977302551
   1.432999968528748E-001
        1.616099953651428
  -9.435999989509583E-001
   8.323000073432922E-001
        1.710299968719482
        2.680200099945068
        1.246299982070923
   5.260000005364418E-002
  -1.231999993324280E-001
       -1.855399966239929
  -8.133999705314636E-001
       -1.358399987220764
  -2.451000064611435E-001
   2.425000071525574E-001
  -6.089000105857849E-001
   3.522000014781952E-001
        1.402600049972534
        1.785199999809265
        1.685199975967407
        2.832799911499023
        3.596199989318848
        1.955500006675720
   2.870000004768372E-001
  -3.084000051021576E-001
   7.264000177383423E-001
   1.160999983549118E-001
       -2.096800088882446
       -4.472000122070313
       -2.912899971008301
       -1.874899983406067
       -2.634999990463257
       -2.502899885177612
       -2.471199989318848
       -2.797899961471558
       -5.173799991607666
       -4.036200046539307
       -5.957399845123291
       -5.927499771118164
       -5.466199874877930
       -2.784300088882446
       -3.230999946594238
  -8.147000074386597E-001
  -4.711999893188477E-001
   4.153000116348267E-001
   8.543000221252441E-001
   5.679000020027161E-001
  -3.810999989509583E-001
   1.719000041484833E-001
       -1.605200052261353
       -1.556300044059753
       -3.254699945449829
       -3.233700037002564
       -3.452899932861328
       -3.380700111389160
  -6.744999885559082E-001
   7.495999932289124E-001
  -2.725000083446503E-001
  -3.652000129222870E-001
  -1.386000066995621E-001
   3.070000112056732E-001
        1.024199962615967
        2.436700105667114
  -3.355999886989594E-001
        1.756600022315979
        1.569000005722046
        2.985599994659424
        3.402499914169312
        2.378200054168701
   5.368000268936157E-001
   2.998000085353851E-001
  -1.668999940156937E-001
        1.349200010299683
   4.988999962806702E-001
   5.532000064849854E-001
        1.247599959373474
        2.403100013732910
        2.391400098800659
        3.896899938583374
        3.100100040435791
        3.446700096130371
        2.237099885940552
   6.983000040054321E-001
   5.350999832153320E-001
   8.047000169754028E-001
  -8.984000086784363E-001
  -9.109999984502792E-002
       -3.079699993133545
       -3.810699939727783
       -1.194100022315979
       -3.101599931716919
       -3.485899925231934
       -4.606200218200684
       -3.598900079727173
       -5.334400177001953
       -5.923399925231934
       -6.715600013732910
       -6.067999839782715
       -6.177499771118164
       -3.823999881744385
       -4.986899852752686
       -2.182600021362305
       -1.759999990463257
       -2.191299915313721
       -1.397300004959106
  -4.961000084877014E-001
   8.798999786376953E-001
       -1.256299972534180
       -1.741000056266785
       -1.401399970054627
       -2.203299999237061
       -1.181599974632263
       -3.394999980926514
       -1.836699962615967
       -4.117199897766113
  -8.647000193595886E-001
        1.139199972152710
  -8.594999909400940E-001
  -9.807000160217285E-001
       -1.798599958419800
   5.907999873161316E-001
   2.897999882698059E-001
  -7.717999815940857E-001
       -1.680899977684021
  -2.161999940872192E-001
   9.937999844551086E-001
  -4.340000078082085E-002
        2.916899919509888
        3.540600061416626
   1.062999963760376E-001
       -1.585100054740906
   4.670999944210053E-001
        3.068700075149536
        2.507999897003174
        1.807500004768372
        1.289100050926209
   5.633999705314636E-001
        1.694700002670288
        3.353300094604492
        5.111999988555908
        5.506599903106690
        2.932699918746948
   4.844000041484833E-001
   9.807999730110169E-001
        1.103999972343445
   2.939999997615814E-001
   6.977999806404114E-001
  -1.850000023841858E-002
       -2.571399927139282
       -2.022399902343750
  -7.915999889373779E-001
       -2.798199892044067
       -2.129600048065186
       -3.210000038146973
       -4.208099842071533
       -5.530000209808350
       -6.048699855804443
       -6.978899955749512
       -5.137599945068359
       -4.804699897766113
       -2.759399890899658
       -3.436300039291382
       -4.459400177001953
       -3.599800109863281
       -3.356300115585327
       -1.901100039482117
  -8.679000139236450E-001
       -1.944399952888489
       -1.072800040245056
  -5.476999878883362E-001
  -1.712000072002411E-001
       -2.168100118637085
  -6.980000138282776E-001
  -4.113000035285950E-001
  -7.278000116348267E-001
  -6.348000168800354E-001
   2.188999950885773E-001
  -1.944999992847443E-001
       -3.901099920272827
       -3.015799999237061
  -1.942999958992004E-001
   4.325000047683716E-001
   5.867999792098999E-001
  -4.124999940395355E-001
   5.380000174045563E-002
   9.510000050067902E-002
        1.357200026512146
        1.830800056457520
        2.352299928665161
        2.440399885177612
  -9.412000179290772E-001
  -1.689999997615814E-001
        2.525199890136719
        4.267099857330322
        1.202700018882752
   6.721000075340271E-001
   9.430000185966492E-001
        1.036000013351440
        2.089099884033203
        2.759299993515015
        3.558399915695190
   3.614000082015991E-001
        1.190400004386902
        3.006099939346314
   4.311000108718872E-001
        2.723700046539307
   7.081999778747559E-001
   9.530000090599060E-001
   9.277999997138977E-001
       -1.800600051879883
       -3.356600046157837
       -2.524499893188477
       -3.472599983215332
       -2.852299928665161
       -3.319999933242798
       -4.377900123596191
       -4.378799915313721
       -6.375199794769287
       -4.059500217437744
       -3.807100057601929
       -2.289499998092651
       -2.857399940490723
       -3.433799982070923
       -3.341700077056885
       -5.252200126647949
       -1.932700037956238
       -1.469699978828430
       -1.762899994850159
       -2.769599914550781
        1.166499972343445
   8.773000240325928E-001
   7.020000219345093E-001
   3.280999958515167E-001
        1.730100035667419
        1.931200027465820
   3.912999927997589E-001
        1.157799959182739
       -1.918599963188171
       -3.435699939727783
       -2.803600072860718
       -1.403100013732910
   8.486999869346619E-001
   7.318000197410584E-001
   2.640999853610992E-001
   5.189999938011169E-002
   5.964000225067139E-001
        1.224099993705750
   4.699999988079071E-001
        2.929800033569336
        3.328500032424927
   4.147999882698059E-001
        1.089599967002869
        3.010600090026856
        3.166199922561646
   6.075999736785889E-001
        1.188699960708618
  -2.890999913215637E-001
        1.716300010681152
        3.841900110244751
        4.133299827575684
        2.585400104522705
   8.100000023841858E-001
        1.486600041389465
  -1.240999996662140E-001
        2.724800109863281
        3.751899957656860
        2.426199913024902
        2.250799894332886
  -4.821000099182129E-001
  -5.383999943733215E-001
  -7.982000112533569E-001
       -2.688999891281128
       -3.747499942779541
       -2.672100067138672
       -1.866099953651428
       -3.284699916839600
       -2.826499938964844
       -4.528600215911865
       -2.833699941635132
       -3.297499895095825
       -3.258699893951416
       -2.274699926376343
       -1.712100028991699
  -4.815999865531921E-001
       -2.806600093841553
  -6.650000214576721E-001
       -1.135300040245056
  -5.970000103116036E-002
       -1.561400055885315
        1.836300015449524
   1.685999929904938E-001
   2.187999933958054E-001
   6.643000245094299E-001
   6.467000246047974E-001
        1.988999962806702
        2.810199975967407
        2.684400081634522
   2.793999910354614E-001
   6.377000212669373E-001
       -2.380300045013428
  -7.768999934196472E-001
        1.897500038146973
   8.920999765396118E-001
        1.327200055122376
   9.512000083923340E-001
        1.672700047492981
   8.323000073432922E-001
        2.108700037002564
   1.410000026226044E-001
   7.537999749183655E-001
        2.527400016784668
        2.197400093078613
        2.029400110244751
        2.251699924468994
        1.645099997520447
        1.924299955368042
        2.841099977493286
        1.157899975776672
        3.089600086212158
        4.715400218963623
        2.052099943161011
  -7.029999792575836E-002
   4.514000117778778E-001
   3.978999853134155E-001
        1.005300045013428
        3.327800035476685
        4.691999912261963
        2.902699947357178
   2.740000002086163E-002
   5.918999910354614E-001
   2.502000033855438E-001
       -1.779299974441528
       -1.882200002670288
       -2.218499898910523
       -1.425699949264526
       -1.994400024414063
       -1.568099975585938
       -3.724699974060059
       -5.206600189208984
       -5.187200069427490
       -5.703499794006348
       -4.914100170135498
       -2.851399898529053
   6.319999694824219E-002
   2.163999974727631E-001
   9.300000034272671E-003
        1.339800000190735
  -4.720000028610230E-001
   1.342000067234039E-001
        3.178999900817871
        2.257699966430664
   9.332000017166138E-001
        1.282299995422363
        2.243999958038330
        2.420200109481812
        3.514199972152710
        2.683300018310547
        1.243399977684021
        1.971400022506714
   1.089999973773956E-001
        2.914099931716919
        1.207900047302246
        2.228899955749512
        2.515399932861328
        2.584000110626221
        2.668299913406372
        3.061100006103516
   8.295000195503235E-001
   2.687999904155731E-001
        1.923400044441223
        2.080499887466431
        2.266700029373169
        2.577500104904175
   5.472999811172485E-001
        2.178499937057495
        4.244800090789795
        2.992199897766113
        1.820399999618530
        3.161700010299683
        3.532700061798096
        1.061900019645691
  -3.368000090122223E-001
   9.574999809265137E-001
   7.028999924659729E-001
  -4.609999954700470E-001
        3.321000099182129
        2.731499910354614
        2.539200067520142
        1.784700036048889
        3.038399934768677
        1.806399941444397
  -1.929000020027161E-001
       -1.274000048637390
  -5.070000290870667E-001
       -1.195199966430664
  -8.040000200271606E-001
  -6.895999908447266E-001
       -3.728600025177002
       -5.071700096130371
       -6.686600208282471
       -5.526299953460693
       -5.040900230407715
       -2.212699890136719
       -2.821599960327148
   2.865000069141388E-001
   8.183000087738037E-001
  -9.937999844551086E-001
  -4.379000067710877E-001
       -1.333500027656555
        2.763600111007690
        1.447299957275391
        1.095800042152405
        1.231500029563904
        3.261100053787231
        3.899800062179565
   9.115999937057495E-001
        1.714699983596802
        1.219699978828430
        1.002699971199036
        1.319200038909912
   3.091000020503998E-001
        2.963999986648560
        1.624600052833557
        3.353300094604492
        3.174900054931641
        2.279000043869019
        1.378100037574768
        2.318399906158447
        2.321300029754639
   3.152000010013580E-001
        1.006299972534180
        3.356100082397461
        1.979900002479553
        1.759799957275391
        1.941499948501587
        3.259200096130371
        2.601000070571899
        2.477200031280518
        4.182799816131592
        2.447900056838989
        1.815400004386902
  -8.519999682903290E-002
   4.785000085830689E-001
   5.839999914169312E-001
   6.730999946594238E-001
        3.148799896240234
        3.876499891281128
        2.438600063323975
        4.030799865722656
        5.226299762725830
        1.939399957656860
        1.926599979400635
        1.233899950981140
  -7.883999943733215E-001
   1.450999975204468E-001
       -1.190000057220459
       -1.148200035095215
       -3.265199899673462
       -4.444600105285645
       -5.415999889373779
       -4.765900135040283
       -2.633699893951416
  -4.519999921321869E-001
       -1.381500005722046
       -1.670099973678589
  -9.309999644756317E-002
  -1.649000048637390E-001
  -6.495000123977661E-001
       -1.136999964714050
        2.416199922561646
   6.717000007629395E-001
        1.731899976730347
        3.556200027465820
        3.247400045394898
        3.776499986648560
        2.704799890518189
        2.726599931716919
        1.430500030517578
        1.530099987983704
        3.421600103378296
        3.412499904632568
        3.976300001144409
        3.767499923706055
        5.380899906158447
        3.912499904632568
        4.432700157165527
        2.007800102233887
  -5.207999944686890E-001
       -1.604900002479553
       -3.488399982452393
       -1.004600048065186
   9.226999878883362E-001
   9.406999945640564E-001
   4.149999916553497E-001
        1.359099984169006
        3.244199991226196
        4.853499889373779
        1.962200045585632
        2.449599981307983
        2.236200094223023
        1.313400030136108
  -1.604000031948090E-001
  -8.665999770164490E-001
   3.623999953269959E-001
        3.468800067901611
        3.858000040054321
        4.288199901580811
        5.512599945068359
        5.479000091552734
        3.815799951553345
        2.217499971389771
        1.246899962425232
        1.430400013923645
  -7.998999953269959E-001
  -1.039000004529953E-001
       -2.504600048065186
       -2.467999935150147
       -2.804899930953980
       -3.881299972534180
       -3.947400093078613
       -2.700099945068359
       -2.190799951553345
       -2.665199995040894
  -7.209999859333038E-002
       -1.435600042343140
  -7.829999923706055E-001
  -3.393999934196472E-001
       -1.914299964904785
       -2.066999912261963
        3.204400062561035
        1.378100037574768
        2.334000110626221
        4.712399959564209
        3.247400045394898
        5.704199790954590
        2.733200073242188
        3.099499940872192
        1.994300007820129
   9.799999743700028E-002
        1.370399951934815
        2.890700101852417
        4.518799781799316
        4.729499816894531
        4.184000015258789
        4.767700195312500
        2.849200010299683
  -1.316000074148178E-001
   9.442999958992004E-001
       -4.125500202178955
       -3.653500080108643
       -1.339400053024292
   6.906999945640564E-001
   6.812000274658203E-001
  -1.670999974012375E-001
  -5.291000008583069E-001
        1.145900011062622
        2.117100000381470
        1.960899949073792
        3.709000110626221
        1.300400018692017
  -8.330000042915344E-001
       -2.355000019073486
  -2.307000011205673E-001
        1.773300051689148
        4.406899929046631
        4.460599899291992
        2.963700056076050
        2.457900047302246
        4.042699813842773
        2.947200059890747
        1.878399968147278
   9.700999855995178E-001
        2.614099979400635
   7.247999906539917E-001
   6.529999971389771E-001
  -3.599999938160181E-003
       -1.483199954032898
       -1.746799945831299
       -1.065500020980835
       -1.241899967193604
       -1.580500006675720
       -1.669800043106079
       -1.724699974060059
       -2.566800117492676
  -9.932000041007996E-001
  -4.666999876499176E-001
       -1.745499968528748
       -1.584300041198731
       -1.571300029754639
        3.596899986267090
        1.525799989700317
        1.066699981689453
        4.173500061035156
        5.166399955749512
        5.550499916076660
        3.613300085067749
        2.324500083923340
        1.786100029945374
        2.888000011444092
   1.308999955654144E-001
   2.073000073432922E-001
        1.392699956893921
        2.659100055694580
        4.113299846649170
        4.392199993133545
        1.531800031661987
  -5.985999703407288E-001
       -2.474900007247925
       -5.446899890899658
       -3.320800065994263
       -3.274300098419190
       -1.668099999427795
  -9.150000214576721E-001
       -1.139700055122376
       -1.185400009155273
   6.119999885559082E-001
        2.780900001525879
        3.640399932861328
        3.366699934005737
        2.361000061035156
  -9.011999964714050E-001
   4.038999974727631E-001
   1.563999950885773E-001
        1.886000037193298
        3.071199893951416
        2.153399944305420
        3.894500017166138
        3.276400089263916
        3.496200084686279
        2.885299921035767
        1.989500045776367
   2.402999997138977E-001
        1.154399991035461
   6.676999926567078E-001
   4.740000069141388E-001
   7.443000078201294E-001
       -1.933400034904480
       -1.815600037574768
       -2.526700019836426
  -8.835999965667725E-001
       -2.380199909210205
       -2.948400020599365
       -2.194499969482422
  -2.458000034093857E-001
       -1.353399991989136
       -2.466099977493286
       -1.399299979209900
       -1.634299993515015
       -1.058200001716614
        2.529299974441528
        3.223799943923950
        2.419699907302856
        1.771900057792664
        3.454299926757813
        4.267700195312500
        2.584000110626221
        2.571799993515015
        3.781300067901611
        3.159499883651733
        1.566799998283386
   2.260999977588654E-001
        1.426200032234192
        3.681900024414063
        2.259399890899658
  -2.018000036478043E-001
       -1.447900056838989
  -8.996999859809876E-001
       -3.261100053787231
       -3.854799985885620
       -3.461800098419190
       -4.741600036621094
       -2.392699956893921
       -2.050100088119507
       -1.960600018501282
  -5.640000104904175E-001
   3.826000094413757E-001
        3.273699998855591
        4.987500190734863
        3.672600030899048
        1.527300000190735
       -1.035899996757507
   5.873000025749207E-001
  -3.691999912261963E-001
  -4.880000054836273E-001
        1.003299951553345
        2.639600038528442
        2.261699914932251
        1.950799942016602
        2.452699899673462
  -4.320999979972839E-001
   1.194000020623207E-001
   6.234999895095825E-001
  -4.997999966144562E-001
   5.055000185966492E-001
  -2.250999957323074E-001
  -2.011999934911728E-001
  -2.950000017881393E-002
       -1.256399989128113
       -3.534899950027466
       -2.905499935150147
       -1.688400030136108
  -2.434999942779541E-001
  -8.978000283241272E-001
       -1.646199941635132
       -1.847800016403198
       -1.347200036048889
       -2.912300109863281
   8.762000203132629E-001
   8.120000362396240E-002
        1.778100013732910
        1.465800046920776
        3.473700046539307
        2.956500053405762
        3.848799943923950
        4.181799888610840
        4.398499965667725
        2.650099992752075
        1.376000046730042
        1.444499969482422
        2.055000066757202
  -8.133999705314636E-001
   8.439999818801880E-002
   4.340000078082085E-002
  -3.459999859333038E-001
  -9.933000206947327E-001
       -2.379300117492676
       -2.569900035858154
       -3.610399961471558
       -3.554500102996826
       -5.023700237274170
       -4.680900096893311
       -2.233500003814697
       -1.651700019836426
   8.086000084877014E-001
        1.264299988746643
        3.028000116348267
        3.871900081634522
        3.780200004577637
        2.393300056457520
   9.193999767303467E-001
   1.213999986648560E-001
  -1.976000070571899E-001
  -1.194999963045120E-001
   5.774999856948853E-001
  -7.731000185012817E-001
        1.852800011634827
   4.749000072479248E-001
   3.409999907016754E-001
  -4.544999897480011E-001
       -2.103899955749512
  -9.061999917030335E-001
  -1.386999934911728E-001
   4.040000140666962E-001
  -7.429999858140945E-002
        1.525400042533875
        1.306900024414063
   2.237000018358231E-001
       -1.764799952507019
       -2.383300065994263
       -2.504199981689453
  -9.638000130653381E-001
       -1.161399960517883
  -5.550000071525574E-001
       -1.651800036430359
  -2.799000144004822E-001
  -9.847000241279602E-001
       -1.469400048255920
   4.830000177025795E-002
   9.724000096321106E-001
  -7.103000283241272E-001
        1.041700005531311
        2.549299955368042
        3.295599937438965
        2.710299968719482
        2.628000020980835
        3.092299938201904
  -5.307999849319458E-001
   2.345999926328659E-001
        2.013999938964844
        1.222800016403198
  -2.890999913215637E-001
  -9.907000064849854E-001
  -6.580000370740891E-002
       -1.091599941253662
  -5.505999922752380E-001
       -1.794700026512146
       -3.944900035858154
       -3.542500019073486
       -4.602200031280518
       -4.572700023651123
       -3.184499979019165
       -2.563499927520752
  -1.836999952793121E-001
   1.413999944925308E-001
        2.740799903869629
        2.468199968338013
        2.160399913787842
        2.843100070953369
        1.124199986457825
   9.168000221252441E-001
   6.675999760627747E-001
  -8.402000069618225E-001
   6.801000237464905E-001
   6.942999958992004E-001
  -1.720999926328659E-001
  -2.477999925613403E-001
        1.708299994468689
   1.363999992609024E-001
       -2.179300069808960
       -2.046799898147583
       -1.610100030899048
   2.888999879360199E-001
        1.194599986076355
  -6.291000247001648E-001
        1.250499963760376
        2.049000024795532
  -3.009000122547150E-001
  -1.044000014662743E-001
  -5.630999803543091E-001
       -2.765799999237061
       -3.531300067901611
   2.547999918460846E-001
  -4.099999964237213E-001
       -1.017799973487854
  -7.979999780654907E-001
       -1.436499953269959
       -1.854500055313110
  -9.916999936103821E-001
   5.299999713897705E-001
  -5.799000263214111E-001
  -3.244999945163727E-001
        1.618499994277954
        2.650300025939941
        3.009200096130371
        1.146600008010864
  -5.199000239372253E-001
   5.432000160217285E-001
   7.615000009536743E-001
   4.300000146031380E-003
  -1.230999976396561E-001
   1.649999991059303E-002
   2.238000035285950E-001
   6.243000030517578E-001
  -3.449000120162964E-001
       -1.444499969482422
       -2.134599924087524
       -4.063000202178955
       -3.489099979400635
       -3.813299894332886
       -2.333899974822998
       -3.248500108718872
       -3.678100109100342
       -1.846699953079224
  -8.733999729156494E-001
  -7.515000104904175E-001
        1.711699962615967
        2.848700046539307
  -2.630000114440918E-001
  -8.137999773025513E-001
  -6.335999965667725E-001
        1.189800024032593
        1.642099976539612
        2.335700035095215
   9.505000114440918E-001
        1.501500010490418
  -2.231999933719635E-001
   9.667000174522400E-001
   9.204000234603882E-001
       -1.770200014114380
       -2.457000017166138
       -3.358599901199341
  -9.745000004768372E-001
   9.840999841690064E-001
  -4.185000061988831E-001
       -1.220600008964539
   8.568999767303467E-001
        1.504799962043762
  -8.162999749183655E-001
  -9.139999747276306E-002
       -2.277199983596802
       -3.507600069046021
       -1.420799970626831
       -1.222599983215332
       -2.704400062561035
       -2.250699996948242
   2.921000123023987E-001
  -8.533999919891357E-001
  -9.060000181198120E-001
        1.933200001716614
        1.098000049591065
   5.763999819755554E-001
        1.544899940490723
        2.060199975967407
        1.703500032424927
   9.549999833106995E-001
   8.262000083923340E-001
  -3.526000082492828E-001
   7.041000127792358E-001
   2.231999933719635E-001
  -1.084999963641167E-001
  -2.628999948501587E-001
  -7.549999654293060E-002
        1.793499946594238
   7.685999870300293E-001
  -9.006000161170960E-001
       -2.326800107955933
       -3.004499912261963
       -4.634399890899658
       -2.031800031661987
  -7.195000052452087E-001
       -2.427400112152100
       -4.110300064086914
       -3.074300050735474
       -1.342499971389771
   7.361999750137329E-001
   9.991999864578247E-001
   1.042999997735024E-001
   7.089999914169312E-001
        1.365399956703186
   5.090000033378601E-001
        1.502400040626526
        2.039599895477295
        3.822299957275391
   2.901000082492828E-001
        1.562199950218201
       -1.245300054550171
  -8.938000202178955E-001
  -2.549999952316284E-002
       -1.337700009346008
       -2.342499971389771
       -2.290800094604492
       -2.246000051498413
       -1.260499954223633
       -3.083499908447266
       -1.749899983406067
        1.313400030136108
       -1.123499989509583
  -6.134999990463257E-001
  -5.691999793052673E-001
       -4.039100170135498
       -2.561800003051758
       -1.085399985313416
       -1.946099996566773
       -4.481200218200684
       -2.579600095748901
   3.583000004291534E-001
       -1.281900048255920
  -7.588999867439270E-001
       -1.231400012969971
  -1.729000061750412E-001
   3.777000010013580E-001
        2.057499885559082
        2.176899909973145
        1.430600047111511
   1.163000017404556E-001
       -1.994099974632263
   1.477999985218048E-001
   6.085000038146973E-001
       -1.110800027847290
       -1.726099967956543
  -2.484000027179718E-001
  -6.158999800682068E-001
        1.007899999618530
   9.919999837875366E-001
  -7.940000295639038E-002
   7.687000036239624E-001
   7.373999953269959E-001
        1.222800016403198
  -2.718999981880188E-001
       -1.474400043487549
       -2.499099969863892
       -3.116300106048584
       -2.458800077438355
       -3.041199922561646
       -2.646500110626221
   7.926999926567078E-001
       -1.357699990272522
       -1.025200009346008
   8.848000168800354E-001
        1.941300034523010
        1.546599984169006
        2.034199953079224
        3.123899936676025
   2.185000032186508E-001
  -2.946000099182129E-001
  -8.917999863624573E-001
       -1.213299989700317
  -6.003000140190125E-001
       -2.224400043487549
       -2.381200075149536
       -2.810300111770630
       -3.292399883270264
       -2.719500064849854
       -3.689300060272217
       -2.879800081253052
       -2.289299964904785
       -1.840000033378601
        1.403200030326843
  -6.725000143051148E-001
       -1.965499997138977
  -7.360000163316727E-002
  -6.541000008583069E-001
       -1.958699941635132
       -3.498699903488159
       -3.372499942779541
   3.226000070571899E-001
        2.011100053787231
  -2.815999984741211E-001
       -2.339099884033203
       -2.837399959564209
   7.810000181198120E-001
        1.406900048255920
        1.325999975204468
   4.300000146031380E-002
  -8.808000087738037E-001
  -6.392999887466431E-001
       -1.257099986076355
       -1.399299979209900
  -1.133999973535538E-001
   7.893000245094299E-001
   5.814999938011169E-001
   4.320000112056732E-002
   4.058000147342682E-001
  -9.826999902725220E-001
   4.668000042438507E-001
        1.136500000953674
        2.078799962997437
        2.241199970245361
  -5.774999856948853E-001
       -1.838400006294251
       -2.680399894714356
       -1.632500052452087
       -1.837399959564209
       -2.363699913024902
       -1.669499993324280
   3.621000051498413E-001
       -1.115900039672852
       -1.611700057983398
  -4.160000011324883E-002
   5.785999894142151E-001
   8.091999888420105E-001
        1.768100023269653
   7.379999756813049E-001
  -4.718999862670898E-001
       -2.299000024795532
       -1.987599968910217
       -1.637400031089783
       -2.113300085067749
       -1.292799949645996
       -3.351099967956543
       -3.176000118255615
  -2.863999903202057E-001
       -1.967300057411194
       -2.362299919128418
       -1.828400015830994
       -2.542700052261353
       -1.354099988937378
  -1.852999925613403E-001
  -9.721999764442444E-001
       -2.230499982833862
       -1.572700023651123
       -1.780799984931946
       -2.023499965667725
       -2.560499906539917
  -6.791999936103821E-001
   8.348000049591065E-001
        1.169100046157837
   7.942000031471252E-001
  -6.717000007629395E-001
       -2.986399888992310
  -2.249999940395355E-001
  -2.560999989509583E-001
   6.941999793052673E-001
   1.644999980926514E-001
  -7.429999858140945E-002
   8.880000114440918E-001
  -8.391000032424927E-001
  -9.677000045776367E-001
        1.183899998664856
        1.636800050735474
        1.128900051116943
  -3.639999926090241E-001
  -8.141000270843506E-001
  -9.110999703407288E-001
   2.504000067710877E-001
  -6.809999793767929E-002
        1.139299988746643
   3.019999861717224E-001
   6.589999794960022E-001
  -9.179999828338623E-001
       -1.049700021743774
       -2.368499994277954
       -1.778499960899353
       -1.237699985504150
       -1.542999982833862
  -3.619999885559082E-001
  -1.510999947786331E-001
       -1.010800004005432
  -6.517000198364258E-001
       -1.376500010490418
   5.845000147819519E-001
        1.027500033378601
  -6.599999964237213E-003
        1.168499946594238
        2.010600090026856
       -1.727699995040894
       -2.641499996185303
       -1.178799986839294
       -1.172099947929382
       -1.940700054168701
       -2.390000104904175
       -1.235900044441223
  -2.838999927043915E-001
  -8.169999718666077E-001
       -1.258800029754639
       -1.333799958229065
       -2.098599910736084
       -2.398999929428101
       -3.099800109863281
       -1.788499951362610
       -1.621000051498413
       -2.240000009536743
       -3.270999908447266
       -2.905200004577637
       -1.992400050163269
   2.691999971866608E-001
   7.268000245094299E-001
  -2.583999931812286E-001
       -1.529600024223328
  -5.511000156402588E-001
        1.348700046539307
  -1.898999959230423E-001
  -2.777999937534332E-001
  -2.060000002384186E-001
  -1.641000062227249E-001
  -8.712000250816345E-001
       -1.078600049018860
  -6.528999805450440E-001
        1.373399972915649
  -2.529999911785126E-001
   8.873999714851379E-001
   8.629999756813049E-001
   3.607000112533569E-001
   2.639999985694885E-001
  -6.944000124931335E-001
   5.705999732017517E-001
        1.048599958419800
  -7.785000205039978E-001
  -4.586000144481659E-001
  -9.875000119209290E-001
       -1.429600000381470
       -2.271899938583374
       -1.113399982452393
   2.210000008344650E-001
  -8.636000156402588E-001
  -8.489000201225281E-001
   5.403000116348267E-001
        2.136699914932251
   4.481999874114990E-001
        2.409899950027466
   5.934000015258789E-001
        1.654600024223328
        2.120100021362305
        3.930999994277954
        3.454200029373169
  -4.402000010013580E-001
  -3.736999928951263E-001
        1.449000000953674
       -1.195899963378906
       -1.787899971008301
  -3.905999958515167E-001
  -8.784999847412109E-001
       -2.253400087356567
  -7.886000275611877E-001
       -2.433700084686279
       -1.699000000953674
  -1.781000047922134E-001
       -1.529700040817261
  -7.088999748229981E-001
       -1.989699959754944
   4.210000038146973E-001
       -2.840300083160400
       -2.772599935531616
       -2.965500116348267
  -1.077999994158745E-001
  -1.102000027894974E-001
   3.472999930381775E-001
   8.343999981880188E-001
   1.616999953985214E-001
       -1.402899980545044
  -4.720000028610230E-001
       -1.443500041961670
       -3.335200071334839
  -9.577000141143799E-001
  -2.551999986171722E-001
       -1.971300005912781
       -2.693500041961670
  -5.195999741554260E-001
   5.708000063896179E-001
  -6.352999806404114E-001
        1.217599987983704
  -6.581000089645386E-001
        1.457599997520447
   2.768999934196472E-001
   4.063000082969666E-001
   2.386000007390976E-001
  -3.786999881267548E-001
       -2.792900085449219
       -1.245200037956238
       -2.321700096130371
       -2.254199981689453
       -1.758499979972839
  -2.700999975204468E-001
   8.867999911308289E-001
  -2.985000014305115E-001
        1.712700009346008
        1.026999950408936
        4.285299777984619
        2.378400087356567
        1.488999962806702
        3.695300102233887
        4.410399913787842
        2.416399955749512
        4.192900180816650
        2.536299943923950
       -1.412400007247925
       -1.409500002861023
  -3.950999975204468E-001
   8.683999776840210E-001
   4.814000129699707E-001
  -5.389000177383423E-001
       -1.003200054168701
       -2.574899911880493
  -9.480000287294388E-002
       -1.089400053024292
  -3.916000127792358E-001
  -5.507000088691711E-001
  -7.649999856948853E-002
  -1.433999985456467E-001
  -4.722999930381775E-001
  -5.697000026702881E-001
       -2.755500078201294
       -2.289499998092651
       -2.037199974060059
       -1.287999987602234
  -7.728000283241272E-001
   5.640000104904175E-002
        1.438799977302551
        2.651799917221069
       -1.305199980735779
       -2.257800102233887
       -1.458099961280823
       -1.393399953842163
       -2.758399963378906
       -1.443600058555603
       -2.357100009918213
       -1.431399941444397
   8.586999773979187E-001
   6.448000073432922E-001
        1.111199975013733
  -7.958999872207642E-001
       -3.041599988937378
  -3.729999959468842E-001
  -3.115999996662140E-001
   6.075000166893005E-001
  -8.095999956130981E-001
       -1.872799992561340
       -3.838299989700317
       -2.242899894714356
       -2.540100097656250
       -2.298099994659424
       -2.267800092697144
       -2.111000061035156
  -5.516999959945679E-001
        2.330300092697144
        1.088700056076050
        2.284899950027466
        5.850800037384033
        5.389500141143799
        3.195100069046021
        3.532599925994873
        4.487500190734863
        4.366600036621094
        4.622499942779541
        1.727499961853027
   7.950999736785889E-001
   9.380000084638596E-002
       -1.386399984359741
  -1.941000074148178E-001
        1.242300033569336
  -4.284000098705292E-001
  -7.129999995231628E-002
   3.867000043392181E-001
  -3.553999960422516E-001
   1.888000071048737E-001
        1.146399974822998
   2.226999998092651E-001
  -7.188000082969666E-001
       -1.339800000190735
       -2.418699979782105
  -8.891999721527100E-001
       -2.750699996948242
       -2.860500097274780
       -3.326600074768066
       -4.995100021362305
       -1.697100043296814
  -9.851999878883362E-001
       -1.623800039291382
        1.022699952125549
   3.853999972343445E-001
   8.639000058174133E-001
       -1.344300031661987
       -1.404399991035461
       -2.076999902725220
       -1.894099950790405
       -1.269400000572205
  -3.411999940872192E-001
   4.717000126838684E-001
       -1.968000054359436
  -4.469999969005585E-001
       -1.778800010681152
       -1.634400010108948
       -2.646199941635132
       -1.470700025558472
  -3.835999965667725E-001
       -2.066800117492676
       -1.093700051307678
       -1.685799956321716
       -2.786799907684326
       -2.454099893569946
       -2.447700023651123
       -2.625699996948242
       -1.229300022125244
       -1.411599993705750
        2.076600074768066
        1.285199999809265
        2.373199939727783
        4.466599941253662
        6.690899848937988
        5.174300193786621
        3.781399965286255
        3.398799896240234
        3.377300024032593
        3.956899881362915
        2.342499971389771
        2.150500059127808
  -9.466999769210815E-001
        1.509899973869324
        1.754400014877319
  -1.129999980330467E-001
       -2.061500072479248
   5.443999767303467E-001
   2.266999930143356E-001
        1.140200018882752
   9.886000156402588E-001
        1.845399975776672
   8.384000062942505E-001
  -1.538999974727631E-001
  -2.806000113487244E-001
       -1.974499940872192
       -2.006999969482422
  -6.463999748229981E-001
  -5.135999917984009E-001
  -1.590999960899353E-001
  -6.520000100135803E-001
       -1.693300008773804
       -2.195800065994263
  -5.497999787330627E-001
  -2.108000069856644E-001
        2.892999887466431
        1.206300020217896
  -4.002999961376190E-001
  -1.190000027418137E-002
   2.293999940156937E-001
   8.377000093460083E-001
   3.447999954223633E-001
        1.121399998664856
       -1.325600028038025
  -2.570999860763550E-001
  -8.726000189781189E-001
  -9.545000195503235E-001
  -6.000000284984708E-004
       -2.706500053405762
       -1.920400023460388
       -1.192299962043762
       -1.666200041770935
  -9.685999751091003E-001
       -2.773900032043457
       -3.692500114440918
       -2.992000102996826
       -2.916899919509888
       -3.535399913787842
       -1.776499986648560
       -1.761299967765808
   8.884000182151794E-001
        2.096800088882446
        3.915600061416626
        2.772099971771240
        7.040400028228760
        6.188300132751465
        6.755300045013428
        3.165299892425537
        1.993999958038330
        2.825299978256226
        2.925199985504150
   5.554999709129334E-001
        1.520799994468689
        3.490900039672852
        3.649199962615967
  -3.314999938011169E-001
       -1.456500053405762
       -1.003000020980835
        1.527699947357178
   5.805000066757202E-001
   4.876999855041504E-001
   2.038999944925308E-001
   2.089000046253204E-001
   2.533000111579895E-001
  -4.641999900341034E-001
       -1.484200000762940
       -1.491299986839294
  -4.009000062942505E-001
   7.024000287055969E-001
        1.626000046730042
  -1.085999980568886E-001
   1.615000069141388E-001
   3.027999997138977E-001
       -1.318600058555603
  -9.014999866485596E-001
        3.431499958038330
   5.350000038743019E-002
  -7.646999955177307E-001
       -1.757699966430664
  -4.923999905586243E-001
        1.204200029373169
        3.399899959564209
        1.448400020599365
   8.144999742507935E-001
   3.476999998092651E-001
       -1.192600011825562
       -1.399000048637390
  -1.004000008106232E-001
   1.802999973297119E-001
  -9.606000185012817E-001
  -8.873999714851379E-001
       -2.559000015258789
       -1.781200051307678
       -2.482300043106079
       -3.195600032806397
       -1.201699972152710
       -2.847500085830689
       -3.371299982070923
       -1.693199992179871
   8.097000122070313E-001
   5.669000148773193E-001
        2.331899881362915
        2.976799964904785
        5.656499862670898
        6.343800067901611
        6.624499797821045
        5.236100196838379
        5.095499992370606
        4.673600196838379
        3.942600011825562
        4.075799942016602
        2.060699939727783
        1.976099967956543
        1.888000011444092
  -2.439999952912331E-002
       -1.918599963188171
       -2.474800109863281
       -1.442100048065186
   8.702999949455261E-001
   2.994999885559082E-001
   9.621999859809876E-001
       -1.107100009918213
       -2.145499944686890
       -1.968500018119812
       -1.786599993705750
       -2.881200075149536
       -1.877599954605103
       -1.418799996376038
  -4.949999973177910E-002
        1.758900046348572
  -4.808000028133392E-001
       -1.130300045013428
   4.144000113010407E-001
  -1.386999934911728E-001
       -1.202499985694885
        2.725699901580811
        1.409399986267090
  -2.879999876022339E-001
  -7.282000184059143E-001
  -2.646999955177307E-001
        1.277300000190735
   3.783999979496002E-001
        3.071899890899658
        1.917400002479553
   4.036999940872192E-001
       -1.406100034713745
       -2.202100038528442
  -6.470999717712402E-001
  -9.607999920845032E-001
       -2.194900035858154
       -2.765000104904175
       -1.273399949073792
       -2.336100101470947
       -3.616199970245361
       -2.052400112152100
  -8.747000098228455E-001
       -1.276900053024292
  -4.771000146865845E-001
       -1.403499960899353
  -2.698000073432922E-001
        1.030500054359436
        2.505399942398071
        4.752299785614014
        7.122099876403809
        5.573100090026856
        2.923700094223023
        3.500000000000000
        4.241799831390381
        4.162499904632568
        2.923199892044067
        1.431900024414063
        2.462599992752075
        2.986099958419800
        1.866799950599670
  -3.999999898951501E-004
       -1.926200032234192
       -3.383800029754639
       -1.093099951744080
   1.216000020503998E-001
       -1.929800033569336
       -2.039499998092651
  -7.516000270843506E-001
       -2.593899965286255
       -3.910300016403198
       -3.239399909973145
       -2.723000049591065
       -1.171700000762940
   7.289999723434448E-002
   4.069999977946281E-002
        1.422000050544739
  -5.159000158309937E-001
       -1.082499980926514
  -7.886000275611877E-001
       -1.424000024795532
       -1.336699962615967
        4.183199882507324
        1.773599982261658
  -4.068999886512756E-001
  -5.904999971389771E-001
   4.424000084400177E-001
       -1.326300024986267
       -1.040500044822693
   1.171000003814697E-001
        1.961899995803833
        1.601899981498718
        1.027699947357178
  -6.610999703407288E-001
       -3.155100107192993
       -2.142299890518189
       -3.308599948883057
       -2.717700004577637
       -2.511699914932251
       -1.752099990844727
       -3.172600030899048
       -1.328500032424927
   1.370999962091446E-001
  -3.120000064373016E-001
   3.730000182986260E-002
  -1.976000070571899E-001
  -3.070000000298023E-002
        1.400599956512451
   9.351999759674072E-001
        1.299200057983398
        2.080899953842163
        2.325599908828735
   7.723000049591065E-001
   5.374000072479248E-001
   2.969999983906746E-002
        2.216000080108643
        1.440700054168701
   4.947000145912170E-001
        3.730000019073486
        1.534000039100647
        1.423200011253357
  -1.020999997854233E-001
       -1.151299953460693
       -2.392499923706055
  -6.327000260353088E-001
       -1.552999973297119
  -8.629000186920166E-001
       -3.519700050354004
       -3.797399997711182
       -5.132800102233887
       -4.856100082397461
       -4.795800209045410
       -3.976799964904785
       -2.411000013351440
       -1.313300013542175
       -1.272500038146973
   8.690000176429749E-001
  -1.655000001192093E-001
       -1.502300024032593
       -1.916200041770935
       -1.523800015449524
       -1.563300013542175
        1.371099948883057
   2.010000050067902E-001
  -8.213999867439270E-001
  -5.102999806404114E-001
       -2.023499965667725
        1.021499991416931
        1.344300031661987
   7.242000102996826E-001
   5.088999867439270E-001
   7.397999763488770E-001
  -3.142000138759613E-001
       -1.448899984359741
       -1.624899983406067
       -4.539100170135498
       -2.721800088882446
       -3.476399898529053
       -1.614300012588501
       -1.426300048828125
  -1.411000043153763E-001
  -9.531999826431274E-001
  -4.270000010728836E-002
  -2.883000075817108E-001
       -2.468699932098389
       -1.838299989700317
  -4.731000065803528E-001
       -1.142699956893921
       -1.192100048065186
  -5.480000004172325E-002
  -6.779999732971191E-001
  -2.539999969303608E-002
  -9.359999895095825E-001
  -5.778999924659729E-001
  -5.473999977111816E-001
  -5.142999887466431E-001
       -1.374400019645691
   3.276000022888184E-001
   6.112999916076660E-001
   6.281999945640564E-001
   4.607999920845032E-001
  -7.310000061988831E-002
   3.590000048279762E-002
   5.472000241279602E-001
       -1.112599968910217
  -9.757999777793884E-001
       -3.758699893951416
       -6.042799949645996
       -4.455100059509277
       -4.229599952697754
       -4.790999889373779
       -3.904700040817261
       -4.195600032806397
       -3.353600025177002
       -3.444799900054932
       -1.034500002861023
  -5.440000295639038E-001
   5.720000267028809E-001
  -3.066000044345856E-001
  -2.749999985098839E-002
  -3.107999861240387E-001
       -1.761000037193298
        1.480599999427795
   9.836000204086304E-001
       -1.220700025558472
  -2.755999863147736E-001
  -4.720999896526337E-001
   5.034000277519226E-001
        2.501600027084351
   6.471999883651733E-001
   3.819000124931335E-001
   2.171999961137772E-001
   4.683000147342682E-001
   7.861999869346619E-001
  -4.153000116348267E-001
       -1.487300038337708
       -2.017400026321411
       -1.669499993324280
       -2.599400043487549
       -1.642099976539612
       -1.350700020790100
       -3.008500099182129
       -2.411400079727173
       -2.362999916076660
       -1.808899998664856
       -2.582600116729736
       -2.414799928665161
       -1.661900043487549
       -1.350800037384033
       -3.088700056076050
       -1.860100030899048
       -1.494099974632263
  -2.669000029563904E-001
   2.354999929666519E-001
  -5.442000031471252E-001
       -1.800799965858460
       -2.508399963378906
       -1.019700050354004
  -8.269000053405762E-001
  -3.400000184774399E-002
  -2.664000093936920E-001
   2.856000065803528E-001
  -4.133000075817108E-001
   3.468999862670898E-001
  -4.027000069618225E-001
       -2.984200000762940
       -3.502500057220459
       -2.795399904251099
       -3.157900094985962
       -2.068300008773804
       -3.357700109481812
       -3.796600103378296
       -4.916200160980225
       -5.559500217437744
       -4.004099845886231
       -2.528000116348267
  -7.132999897003174E-001
        1.208299994468689
  -3.113000094890595E-001
  -7.968000173568726E-001
  -8.856999874114990E-001
       -1.101999998092651
        2.319900035858154
        3.471400022506714
  -2.290000021457672E-001
  -5.121999979019165E-001
        1.264299988746643
        2.949899911880493
        1.713899970054627
  -3.838999867439270E-001
       -1.050600051879883
   3.449999913573265E-002
   2.885000109672546E-001
  -8.367999792098999E-001
   4.708999991416931E-001
       -1.464699983596802
       -2.462199926376343
       -2.535300016403198
       -1.604099988937378
       -1.009999990463257
  -4.196999967098236E-001
       -1.212399959564209
       -1.805500030517578
       -4.077700138092041
       -5.378300189971924
       -3.940000057220459
       -2.746500015258789
       -2.324500083923340
       -2.530800104141235
       -2.655499935150147
  -9.118999838829041E-001
       -1.371799945831299
       -1.468000054359436
       -1.219699978828430
   5.717999935150147E-001
  -5.990999937057495E-001
       -2.361900091171265
  -2.500000037252903E-002
        1.072499990463257
   2.439000010490418E-001
        1.359899997711182
        1.793799996376038
        3.801800012588501
        1.342800021171570
  -5.814999938011169E-001
  -4.920000135898590E-001
  -5.557000041007996E-001
       -2.552700042724609
       -2.864099979400635
       -3.598999977111816
       -3.628799915313721
       -3.158999919891357
       -3.190799951553345
       -3.776700019836426
       -2.372699975967407
       -3.285599946975708
   1.435000002384186E-001
   2.721999883651733E-001
       -1.457800030708313
   9.728000164031982E-001
  -6.313999891281128E-001
  -2.754000127315521E-001
   3.639000058174133E-001
        2.838799953460693
        1.242599964141846
   8.583999872207642E-001
        1.045300006866455
        2.234299898147583
   3.220000118017197E-002
        1.101699948310852
   1.055999994277954E-001
       -2.647099971771240
       -1.852900028228760
       -2.103899955749512
       -1.515799999237061
       -2.293499946594238
       -3.657700061798096
       -3.209399938583374
       -3.263400077819824
       -2.574899911880493
       -1.647799968719482
       -2.043100118637085
       -4.107699871063232
       -5.754399776458740
       -6.339900016784668
       -5.828599929809570
       -3.706300020217896
       -4.303800106048584
       -3.574700117111206
  -9.667000174522400E-001
       -1.514700055122376
       -1.827800035476685
       -2.489700078964233
  -6.578999757766724E-001
   5.449999868869782E-002
  -2.335000038146973E-001
       -2.978100061416626
       -2.040499925613403
  -1.840000003576279E-001
  -1.611000001430512E-001
        2.159600019454956
        2.148400068283081
        4.276999950408936
        1.857300043106079
  -5.048000216484070E-001
       -1.704100012779236
  -6.000000238418579E-001
       -2.032299995422363
       -3.745399951934815
       -2.892800092697144
       -4.455900192260742
       -4.012400150299072
       -4.480899810791016
       -1.857599973678589
       -1.754600048065186
       -2.188499927520752
   7.389999926090241E-002
   4.442999958992004E-001
   7.810000330209732E-002
        1.058599948883057
   1.949999928474426E-001
   5.740000009536743E-001
   5.697000026702881E-001
  -8.475999832153320E-001
        2.180900096893311
        1.014199972152710
        1.722800016403198
  -8.083000183105469E-001
       -1.188599944114685
  -8.443999886512756E-001
       -1.815700054168701
       -3.047600030899048
       -4.460299968719482
       -2.340199947357178
       -1.825299978256226
       -4.221700191497803
       -3.705300092697144
       -2.867799997329712
       -1.863899946212769
       -2.021600008010864
       -3.147900104522705
       -1.657999992370606
       -3.848999977111816
       -3.315000057220459
       -5.385200023651123
       -7.401199817657471
       -5.122900009155273
       -3.348599910736084
       -3.428600072860718
       -3.043699979782105
       -1.333199977874756
  -4.738000035285950E-001
       -2.292099952697754
       -2.484400033950806
       -1.247200012207031
       -1.468700051307678
       -3.676399946212769
       -2.751600027084351
       -3.309099912643433
       -2.591799974441528
  -4.110000133514404E-001
  -1.932000070810318E-001
        1.697199940681458
        2.822900056838989
   4.684000015258789E-001
  -3.860999941825867E-001
   7.073000073432922E-001
       -2.214999914169312
       -3.175400018692017
       -3.546200037002564
       -4.035699844360352
       -4.691500186920166
       -3.700299978256226
       -2.112699985504150
  -9.329000115394592E-001
       -1.388100028038025
   1.171000003814697E-001
   7.549999952316284E-001
       -1.312600016593933
  -9.110999703407288E-001
       -1.411999940872192
  -5.555999875068665E-001
       -1.291399955749512
  -1.421999931335449E-001
        1.860299944877625
   8.429999649524689E-002
   8.719000220298767E-001
       -1.702900052070618
       -3.066299915313721
       -3.591000080108643
       -2.374300003051758
       -2.734200000762940
       -4.435900211334229
       -3.661799907684326
       -3.334500074386597
       -4.260000228881836
       -2.283499956130981
       -1.277500033378601
       -2.241899967193604
       -1.477699995040894
       -3.236099958419800
       -4.889500141143799
       -3.880700111389160
       -3.818500041961670
       -5.870500087738037
       -4.789599895477295
       -5.364600181579590
       -4.576700210571289
       -2.905600070953369
  -4.074999988079071E-001
       -1.846899986267090
   5.633000135421753E-001
  -8.525000214576721E-001
       -1.421000003814697
       -2.732199907302856
       -1.449200034141541
       -3.065599918365479
       -3.093699932098389
       -2.201699972152710
       -1.343899965286255
       -2.004699945449829
   1.345999985933304E-001
   7.723000049591065E-001
   6.399000287055969E-001
  -4.278999865055084E-001
       -1.847599983215332
   7.100000046193600E-003
       -1.247300028800964
  -9.661999940872192E-001
       -2.122400045394898
       -5.773200035095215
       -4.474500179290772
       -3.432699918746948
       -1.993999958038330
  -9.703999757766724E-001
  -9.836000204086304E-001
   6.729000210762024E-001
        1.113600015640259
       -1.834900021553040
       -2.677299976348877
       -1.126700043678284
       -1.546100020408630
       -1.562899947166443
       -1.677000045776367
  -9.936000108718872E-001
       -1.552999973297119
       -2.323899984359741
       -2.311100006103516
       -3.280400037765503
       -2.065299987792969
       -1.740800023078919
  -8.582000136375427E-001
  -4.542999863624573E-001
  -9.289000034332275E-001
       -2.428999900817871
       -3.068300008773804
       -2.856800079345703
       -2.386800050735474
       -2.771300077438355
       -3.484800100326538
       -3.051399946212769
       -4.695400238037109
       -4.571899890899658
       -6.643199920654297
       -6.662600040435791
       -5.091700077056885
       -4.024099826812744
       -4.289500236511231
       -3.120300054550171
       -1.470000028610230
       -1.084400057792664
  -6.371999979019165E-001
   8.739999681711197E-002
   1.898999959230423E-001
   1.870000064373016E-001
  -1.740999966859818E-001
  -7.053999900817871E-001
  -5.281999707221985E-001
   2.497999966144562E-001
   5.319999903440476E-002
  -7.731999754905701E-001
   3.046000003814697E-001
   1.519999951124191E-001
   4.262999892234802E-001
  -1.444000005722046E-001
  -5.673999786376953E-001
  -8.783000111579895E-001
  -9.236000180244446E-001
  -4.647000133991242E-001
       -1.310700058937073
       -3.625799894332886
       -2.713700056076050
  -9.757000207901001E-001
  -4.835000038146973E-001
       -1.258599996566773
  -3.037000000476837E-001
        1.002699971199036
       -1.611999988555908
  -3.280000090599060E-001
       -1.103600025177002
  -6.941000223159790E-001
       -2.080600023269653
       -2.467900037765503
  -8.956999778747559E-001
       -2.866499900817871
       -2.799700021743774
       -2.726300001144409
       -3.671900033950806
       -3.470200061798096
       -3.168900012969971
       -1.851699948310852
  -8.928999900817871E-001
   2.563999891281128E-001
  -4.244999885559082E-001
  -5.814999938011169E-001
       -2.038800001144409
       -1.224699974060059
       -2.642199993133545
       -3.644700050354004
       -4.402200222015381
       -3.410399913787842
       -4.033899784088135
       -4.145100116729736
       -5.487599849700928
       -7.125599861145020
       -5.164199829101563
       -3.170000076293945
       -2.000999927520752
       -2.133399963378906
  -9.272999763488770E-001
  -1.479000002145767E-001
   6.270000338554382E-002
   4.208999872207642E-001
        1.351500034332275
   4.839000105857849E-001
       -1.133299946784973
       -1.058300018310547
   4.095000028610230E-001
   8.040999770164490E-001
  -7.530000209808350E-001
   3.698000013828278E-001
        1.787999987602234
   7.336999773979187E-001
   5.286999940872192E-001
   5.717999935150147E-001
        1.280599951744080
       -2.089999914169312
  -2.197999954223633E-001
   4.154999852180481E-001
  -4.347999989986420E-001
       -1.222300052642822
  -2.858000099658966E-001
  -3.192000091075897E-001
  -9.822999835014343E-001
   9.487000107765198E-001
        1.097599983215332
        1.491400003433228
   4.115000069141388E-001
        1.801900029182434
       -2.450299978256226
       -1.217399954795837
       -2.213500022888184
       -3.738899946212769
       -2.675699949264526
       -2.448400020599365
       -3.209899902343750
       -2.187900066375732
       -1.373800039291382
   2.228000015020371E-001
       -1.125000000000000
       -2.779900074005127
       -1.794199943542481
  -1.395000070333481E-001
       -1.288400053977966
       -1.257099986076355
  -8.131999969482422E-001
  -9.686999917030335E-001
       -3.639400005340576
       -4.618800163269043
       -5.292799949645996
       -4.140200138092041
       -5.327600002288818
       -4.282400131225586
       -5.492300033569336
       -5.726099967956543
       -4.001399993896484
       -1.773399949073792
       -1.167400002479553
       -1.389700055122376
   6.079000234603882E-001
  -7.907999753952026E-001
       -1.180400013923645
        1.132400035858154
        2.282299995422363
        2.920700073242188
        2.291100025177002
        2.735599994659424
   9.261000156402588E-001
   1.058000028133392E-001
        1.998100042343140
        2.143500089645386
        4.271500110626221
        2.181200027465820
        1.198899984359741
        2.292099952697754
        1.499899983406067
   8.999999761581421E-001
   4.820000007748604E-002
       -1.109400033950806
       -1.606299996376038
       -2.020400047302246
       -2.304600000381470
       -1.167600035667419
   1.017000004649162E-001
       -1.340700030326843
   5.515000224113464E-001
        2.044100046157837
        1.107300043106079
        1.854699969291687
  -7.651000022888184E-001
  -3.682000041007996E-001
       -2.004800081253052
       -4.087299823760986
       -3.316900014877319
       -1.646900057792664
       -1.145699977874756
       -1.748299956321716
        1.345299959182739
        1.907600045204163
       -1.852499961853027
       -2.590600013732910
       -2.049999952316284
       -2.067600011825562
       -1.529199957847595
       -1.384099960327148
       -1.296599984169006
  -9.323999881744385E-001
       -1.278699994087219
       -4.048299789428711
       -5.092599868774414
       -7.342999935150147
       -6.565100193023682
       -3.362099885940552
       -3.826699972152710
       -3.571799993515015
       -2.603699922561646
       -1.582299947738648
   4.903999865055084E-001
  -1.933999955654144E-001
   4.043999910354614E-001
       -1.132500052452087
  -5.058000087738037E-001
  -1.359000056982040E-001
        1.869199991226196
        3.262799978256226
        2.410099983215332
        3.057100057601929
   9.225000143051148E-001
        2.595700025558472
        3.423000097274780
        3.432699918746948
        3.701100111007690
        2.594799995422363
        2.569099903106690
        3.992899894714356
        2.645800113677979
        1.749899983406067
  -2.099999925121665E-003
       -1.674600005149841
       -2.064199924468994
       -2.070100069046021
  -6.941999793052673E-001
  -2.356999963521957E-001
        1.065400004386902
   2.217999994754791E-001
       -1.130699992179871
        2.842499971389771
        3.782700061798096
        1.205600023269653
        1.798099994659424
   9.402999877929688E-001
  -3.786000013351440E-001
       -3.098500013351440
       -2.756400108337402
       -1.830600023269653
       -1.208600044250488
  -9.362000226974487E-001
  -4.349999874830246E-002
        1.588199973106384
  -4.512000083923340E-001
       -1.733999967575073
       -2.653899908065796
       -2.989399909973145
       -2.699700117111206
       -4.451900005340576
       -3.168200016021729
       -1.341799974441528
       -1.681100010871887
       -5.318999767303467
       -5.341800212860107
       -5.911799907684326
       -5.409900188446045
       -3.793900012969971
       -3.626600027084351
       -4.241300106048584
       -3.726799964904785
       -2.571599960327148
  -7.785999774932861E-001
  -6.952999830245972E-001
  -8.489999771118164E-001
       -2.674599885940552
  -9.338999986648560E-001
   8.974000215530396E-001
        1.049600005149841
        2.752599954605103
        3.077899932861328
        4.157700061798096
        3.256099939346314
        2.538300037384033
        4.472799777984619
        4.197100162506104
        3.752700090408325
        4.176400184631348
        4.721600055694580
        2.815999984741211
        1.678400039672852
        1.571599960327148
  -7.501999735832214E-001
       -1.565099954605103
       -1.759600043296814
  -4.447999894618988E-001
   2.260000072419643E-002
  -1.128000020980835E-001
   9.143999814987183E-001
        1.252699971199036
        1.831500053405762
        1.328699946403503
        3.420099973678589
        2.871900081634522
        2.503900051116943
        1.411200046539307
        1.859799981117249
       -2.674799919128418
       -1.246600031852722
       -1.650099992752075
  -7.670000195503235E-002
  -4.277999997138977E-001
  -9.965000152587891E-001
  -7.251999974250794E-001
       -1.223399996757507
       -2.525500059127808
       -4.038099765777588
       -3.973799943923950
       -3.682399988174439
       -3.058000087738037
       -4.937300205230713
       -2.330199956893921
  -7.857999801635742E-001
       -1.457000017166138
       -4.666900157928467
       -2.814500093460083
       -2.104500055313110
       -3.270900011062622
       -3.549599885940552
       -5.091199874877930
       -4.138100147247315
       -3.629499912261963
  -3.041999936103821E-001
       -1.575500011444092
       -2.068900108337402
       -1.678699970245361
   6.159999966621399E-001
        2.325299978256226
        3.520100116729736
        2.860100030899048
        2.693700075149536
        2.762399911880493
        2.527600049972534
        1.541499972343445
        2.181400060653687
        1.017099976539612
   1.951999962329865E-001
        2.586100101470947
        2.847500085830689
        1.873000025749207
  -3.084999918937683E-001
  -6.614999771118164E-001
  -2.409999966621399E-001
  -8.155000209808350E-001
       -1.109599947929382
  -9.347000122070313E-001
  -3.100999891757965E-001
   5.625000000000000E-001
  -2.160000056028366E-001
   8.953999876976013E-001
        1.445700049400330
        2.404599905014038
        2.784199953079224
   9.998999834060669E-001
   4.474999904632568E-001
        2.446899890899658
   4.844000041484833E-001
       -3.405900001525879
       -2.664400100708008
       -1.950000047683716
  -5.472999811172485E-001
  -4.217000007629395E-001
       -2.042799949645996
       -1.321200013160706
       -1.137300014495850
       -3.164900064468384
       -3.935699939727783
       -4.264400005340576
       -2.246599912643433
       -2.507200002670288
  -8.445000052452087E-001
       -3.315900087356567
       -1.974200010299683
       -1.685099959373474
       -2.384000062942505
  -5.207999944686890E-001
       -1.303400039672852
       -1.369199991226196
       -2.896699905395508
       -2.937000036239624
       -5.325300216674805
       -2.404599905014038
       -2.707600116729736
  -8.877000212669373E-001
       -2.598000049591065
       -2.647300004959106
  -9.236999750137329E-001
        1.583999991416931
        2.673199892044067
        1.306200027465820
        1.728199958801270
        1.636399984359741
        1.448400020599365
        1.158599972724915
        1.633599996566773
        1.388000011444092
        2.125200033187866
        3.822999954223633
   4.526999890804291E-001
       -1.095199942588806
       -2.405699968338013
       -2.837100028991699
       -2.142999887466431
  -8.547000288963318E-001
  -1.668999940156937E-001
       -1.558300018310547
   4.950000047683716E-001
  -1.447000056505203E-001
       -2.546600103378296
  -3.064999878406525E-001
        2.261499881744385
        3.470599889755249
        3.783600091934204
        1.534600019454956
   6.955000162124634E-001
  -9.722999930381775E-001
       -1.345499992370606
       -3.381900072097778
       -5.498499870300293
       -2.388200044631958
  -5.570999979972839E-001
  -8.137000203132629E-001
       -2.051899909973145
       -1.397199988365173
       -2.185600042343140
       -2.049999952316284
       -3.061599969863892
       -4.363299846649170
       -2.256200075149536
  -9.631000161170960E-001
   9.030000120401382E-002
       -2.626199960708618
       -3.360399961471558
       -2.140300035476685
       -1.959300041198731
       -1.115599989891052
       -1.281100034713745
       -2.385699987411499
       -1.965600013732910
       -4.725800037384033
       -4.979300022125244
       -6.624100208282471
       -1.871000051498413
       -1.824000000953674
       -3.607000112533569
       -2.933099985122681
  -5.464000105857849E-001
        1.152400016784668
   4.916999936103821E-001
  -5.669999718666077E-001
  -5.499999970197678E-002
   8.100000023841858E-001
        2.353300094604492
        2.436899900436401
  -1.715999990701675E-001
   1.164999976754189E-001
   9.761000275611877E-001
        1.359899997711182
        1.053400039672852
        1.193199992179871
   7.617999911308289E-001
       -2.740000009536743
       -2.499399900436401
  -3.914000093936920E-001
  -9.624000191688538E-001
       -1.785099983215332
       -1.338400006294251
   9.503999948501587E-001
   3.061999976634979E-001
   9.200000166893005E-001
        2.011800050735474
        3.696099996566773
        2.934200048446655
        1.052800059318543
  -6.859999895095825E-002
   6.208999752998352E-001
   1.154000014066696E-001
  -8.292000293731690E-001
       -1.870800018310547
       -2.850500106811523
  -6.078000068664551E-001
       -1.917299985885620
       -2.567300081253052
       -1.777699947357178
       -2.910000085830689
       -1.750000000000000
  -5.645999908447266E-001
       -1.182700037956238
       -1.600499987602234
       -2.242199897766113
       -1.570999979972839
       -1.599599957466126
       -1.852200031280518
       -2.618799924850464
  -9.899999946355820E-003
       -1.245200037956238
       -2.986399888992310
  -8.853999972343445E-001
  -7.796000242233276E-001
       -3.415999889373779
       -4.475500106811523
       -4.823100090026856
       -3.884000062942505
       -2.178400039672852
   8.330000191926956E-002
   5.904999971389771E-001
       -1.123499989509583
   3.625000119209290E-001
  -3.089999966323376E-002
       -1.526100039482117
   5.781999826431274E-001
   9.208999872207642E-001
        2.917399883270264
        1.245499968528748
   7.527999877929688E-001
   7.831000089645386E-001
   9.161999821662903E-001
        2.595999956130981
        2.691400051116943
        2.932699918746948
        1.973999977111816
       -1.434299945831299
       -1.213000059127808
       -1.249199986457825
  -2.721000015735626E-001
   2.252999991178513E-001
   8.155999779701233E-001
   4.587999880313873E-001
        1.593500018119812
        1.519600033760071
        3.033400058746338
        1.445700049400330
   3.795000016689301E-001
  -6.653000116348267E-001
  -2.128999978303909E-001
  -4.011999964714050E-001
       -1.035199999809265
  -5.706999897956848E-001
  -1.906999945640564E-001
  -2.493000030517578E-001
       -3.019900083541870
       -3.295900106430054
       -4.102499961853027
       -2.895200014114380
       -2.030100107192993
  -7.876999974250794E-001
   6.353999972343445E-001
       -1.617799997329712
       -1.578899979591370
       -2.579999923706055
       -2.688999891281128
       -1.017899990081787
       -1.774799942970276
       -1.995499968528748
       -2.397799968719482
  -5.648000240325928E-001
   2.628000080585480E-001
  -4.487000107765198E-001
       -1.566400051116943
       -2.008199930191040
       -3.553200006484985
       -2.647000074386597
       -2.507400035858154
       -1.437299966812134
   9.035999774932861E-001
  -6.284999847412109E-001
  -5.293999910354614E-001
  -5.167000293731690E-001
   4.864000082015991E-001
   5.170999765396118E-001
        1.561400055885315
  -7.473999857902527E-001
   2.863000035285950E-001
        2.113899946212769
        2.288899898529053
        1.050799965858460
        2.966300010681152
        2.556499958038330
        2.763299942016602
        1.671200037002564
        2.066600084304810
  -8.942999839782715E-001
       -3.003599882125855
       -1.932000041007996
   2.216999977827072E-001
  -3.158999979496002E-001
   7.979000210762024E-001
       -1.292199969291687
       -1.151000022888184
   2.122000008821487E-001
        1.377699971199036
   3.388999998569489E-001
        1.528900027275085
        1.334900021553040
       -1.784600019454956
       -2.039499998092651
       -1.531800031661987
   9.609000086784363E-001
  -4.305000007152557E-001
       -2.162499904632568
       -3.088200092315674
       -2.826699972152710
       -2.923700094223023
       -3.461699962615967
   1.119000017642975E-001
   3.892000019550324E-001
   8.039000034332275E-001
  -8.062999844551086E-001
       -2.805799961090088
       -1.442000031471252
  -6.608999967575073E-001
   2.451999932527542E-001
       -1.958600044250488
   7.843999862670898E-001
       -1.072000026702881
   2.705000042915344E-001
   8.343999981880188E-001
   3.695999979972839E-001
       -1.263599991798401
  -6.649000048637390E-001
       -2.062799930572510
       -2.950900077819824
       -1.508499979972839
  -3.488000035285950E-001
  -8.385000228881836E-001
       -1.665300011634827
       -1.708600044250488
  -6.826000213623047E-001
  -5.562000274658203E-001
        1.772099971771240
        2.017499923706055
        2.279400110244751
       -1.081300020217896
   7.615000009536743E-001
        1.936599969863892
        2.174200057983398
        2.707799911499023
        2.117899894714356
        2.944700002670288
        1.535699963569641
  -5.243999958038330E-001
   6.444000005722046E-001
       -1.139400005340576
       -1.399399995803833
       -1.022300004959106
       -1.568799972534180
       -1.215000033378601
       -2.545000076293945
  -9.031000137329102E-001
   5.824000239372253E-001
        2.046700000762940
   9.108999967575073E-001
        1.219599962234497
   6.147000193595886E-001
       -1.856899976730347
  -8.041999936103821E-001
       -1.692899942398071
   6.424000263214111E-001
       -1.000100016593933
       -1.837499976158142
       -2.875099897384644
       -1.599099993705750
       -1.756100058555603
       -1.103000044822693
   3.424000144004822E-001
   3.479999899864197E-001
        1.107200026512146
   1.958999931812286E-001
  -8.828999996185303E-001
  -4.824999868869782E-001
       -1.460100054740906
   4.636000096797943E-001
       -2.394200086593628
  -9.674999713897705E-001
       -1.448500037193298
        1.062299966812134
       -1.397400021553040
  -1.253000050783157E-001
  -2.845000028610230E-001
       -2.731699943542481
       -3.083499908447266
       -1.839699983596802
       -2.145699977874756
       -2.880500078201294
       -2.074700117111206
       -1.626799941062927
       -1.138399958610535
       -1.047899961471558
  -3.150000050663948E-002
        3.717400074005127
        3.615299940109253
        2.522900104522705
  -5.723999738693237E-001
  -1.448999941349030E-001
        1.822600007057190
        1.307299971580505
        4.175700187683106
        2.494899988174439
        1.539700031280518
  -4.571000039577484E-001
   4.230000078678131E-002
       -1.366299986839294
       -1.304200053215027
  -7.504000067710877E-001
       -1.741199970245361
   5.999999865889549E-002
   4.832000136375427E-001
        1.580800056457520
   8.713999986648560E-001
        1.003700017929077
   7.009000182151794E-001
        1.006800055503845
   5.809999704360962E-001
  -2.810000069439411E-002
  -4.981999993324280E-001
  -7.105000019073486E-001
  -7.682999968528748E-001
  -5.824999809265137E-001
       -1.149799942970276
  -1.850000023841858E-001
       -1.463500022888184
       -2.704600095748901
       -2.295599937438965
       -1.836300015449524
       -1.513000011444092
       -2.171400070190430
       -1.420500040054321
       -1.498900055885315
       -1.266000032424927
       -1.883299946784973
  -8.932999968528748E-001
       -3.201800107955933
       -5.754499912261963
       -3.425400018692017
       -2.649800062179565
       -2.222399950027466
       -3.025799989700317
       -2.786799907684326
       -1.100600004196167
       -3.715800046920776
       -3.717000007629395
       -1.873100042343140
       -2.220700025558472
       -2.414999961853027
       -3.434200048446655
       -2.663500070571899
  -6.359000205993652E-001
  -5.241000056266785E-001
   5.555999875068665E-001
        2.960200071334839
        2.095400094985962
   1.825000047683716E-001
       -1.371700048446655
   9.905999898910523E-001
   5.950999855995178E-001
        1.393200039863586
        3.676800012588501
        4.344600200653076
        2.860599994659424
   4.149999842047691E-002
   7.167000174522400E-001
       -1.030400037765503
   6.777999997138977E-001
        1.687700033187866
       -1.223199963569641
        2.434999942779541
        1.771299958229065
  -1.970000006258488E-002
        1.359300017356873
        1.846400022506714
   4.456000030040741E-001
   7.660999894142151E-001
        1.594099998474121
       -2.696099996566773
  -7.131999731063843E-001
       -1.281900048255920
       -1.208699941635132
   1.212999969720841E-001
  -3.779999911785126E-002
   1.608999967575073E-001
  -4.803000092506409E-001
       -1.188099980354309
       -3.005700111389160
       -1.595600008964539
       -1.202499985694885
       -1.661700010299683
       -1.829699993133545
       -2.013499975204468
       -2.346299886703491
       -3.393699884414673
       -1.148699998855591
       -3.273600101470947
       -5.642000198364258
       -4.665800094604492
       -4.774300098419190
       -3.908499956130981
       -4.493999958038330
       -4.681099891662598
       -5.442399978637695
       -4.954899787902832
       -3.886199951171875
       -3.453099966049194
       -3.068000078201294
       -2.625200033187866
       -3.671200037002564
       -2.372299909591675
  -9.832000136375427E-001
       -1.149299979209900
  -8.111000061035156E-001
        1.937000036239624
        1.644000053405762
        2.285500049591065
        1.433300018310547
   8.823000192642212E-001
   5.370000004768372E-002
        2.118599891662598
        2.429399967193604
        5.021599769592285
        2.521100044250488
   3.265999853610992E-001
   9.571999907493591E-001
        1.400500059127808
        2.400700092315674
   4.345000088214874E-001
        1.877500057220459
        2.950200080871582
        1.636399984359741
        2.941200017929077
        1.642899990081787
        2.047399997711182
        2.499099969863892
        2.176100015640259
        3.338599920272827
        1.357300043106079
        1.426900029182434
        1.180199980735779
  -1.769999973475933E-002
   8.256999850273132E-001
        2.115799903869629
  -6.538000106811523E-001
  -4.120000079274178E-002
       -2.682600021362305
       -1.313099980354309
  -4.808999896049500E-001
       -1.647600054740906
       -2.199399948120117
       -2.871900081634522
       -2.926399946212769
       -2.246900081634522
       -3.642800092697144
       -3.467499971389771
       -4.800000190734863
       -4.984300136566162
       -4.385700225830078
       -4.840499877929688
       -5.041299819946289
       -4.709799766540527
       -4.378799915313721
       -3.667999982833862
       -4.243599891662598
       -3.562799930572510
       -3.182399988174439
       -2.142100095748901
  -2.415000051259995E-001
  -6.184999942779541E-001
   1.018000021576881E-001
        1.784999966621399
   5.120999813079834E-001
        1.585299968719482
        3.090300083160400
        2.384599924087524
        1.479900002479553
        2.325200080871582
        2.770999908447266
        1.537899971008301
        1.017899990081787
  -8.810000121593475E-002
        1.823400020599365
   4.460999965667725E-001
   1.775999963283539E-001
        2.005000114440918
  -3.950000107288361E-001
        1.592700004577637
        1.270400047302246
        1.550199985504150
        1.718500018119812
        2.306799888610840
        2.029799938201904
        2.243400096893311
   9.944000244140625E-001
        2.271600008010864
        3.663599967956543
        2.256999969482422
   9.549999833106995E-001
        1.262400031089783
        1.048300027847290
  -4.302999973297119E-001
   2.061000019311905E-001
       -3.438999891281128
       -3.079999923706055
       -5.627600193023682
       -3.508599996566773
  -4.462000131607056E-001
       -1.613600015640259
       -2.236900091171265
       -3.043999910354614
       -2.234699964523315
       -2.334100008010864
       -4.239500045776367
       -4.715400218963623
       -2.415800094604492
       -5.175899982452393
       -5.384799957275391
       -5.357699871063232
       -4.431700229644775
       -5.440400123596191
       -6.602099895477295
       -4.367000102996826
       -4.519999980926514
       -4.807700157165527
       -2.325500011444092
       -3.360100030899048
       -3.131599903106690
       -2.965199947357178
   7.900000363588333E-002
        2.455899953842163
        1.960299968719482
        2.253900051116943
        1.967599987983704
        3.236500024795532
        3.843899965286255
        1.621700048446655
        2.827399969100952
        2.603899955749512
        2.159300088882446
   1.815000027418137E-001
        1.183400034904480
   7.692999839782715E-001
  -7.600000128149986E-003
   5.109999775886536E-001
  -1.695999950170517E-001
  -3.932999968528748E-001
   1.370000001043081E-002
        1.131700038909912
        2.225800037384033
        2.587899923324585
        2.883599996566773
   3.345000147819519E-001
        2.224999904632568
   9.789000153541565E-001
        1.225800037384033
        2.406899929046631
   2.515000104904175E-001
  -3.199000060558319E-001
  -6.715000271797180E-001
  -3.079000115394592E-001
       -1.375499963760376
  -5.004000067710877E-001
  -7.919999957084656E-002
       -1.876199960708618
       -4.129199981689453
  -7.850999832153320E-001
  -1.501999944448471E-001
       -2.291100025177002
       -2.986999988555908
       -2.566800117492676
       -1.654099941253662
       -1.875000000000000
       -2.789099931716919
       -4.116600036621094
       -4.375400066375732
       -5.345900058746338
       -4.644000053405762
       -4.517899990081787
       -6.029099941253662
       -4.620500087738037
       -3.444400072097778
       -4.128799915313721
       -3.748500108718872
       -3.684600114822388
       -3.776900053024292
       -1.931599974632263
       -1.813099980354309
       -2.006000041961670
   1.879999972879887E-002
        2.096800088882446
        2.414900064468384
        4.055300235748291
        1.035400032997131
        2.608400106430054
        2.512700080871582
        1.422299981117249
   1.862999945878983E-001
        2.572299957275391
        1.541700005531311
   9.427999854087830E-001
  -2.682999968528748E-001
       -1.490300059318543
       -2.379699945449829
  -6.988999843597412E-001
       -1.354500055313110
   1.780000030994415E-001
   1.365000009536743E-001
        1.952100038528442
        1.960800051689148
   7.312999963760376E-001
        1.308799982070923
   8.797000050544739E-001
        1.386700034141541
  -3.420999944210053E-001
   8.802000284194946E-001
        2.971899986267090
   8.205999732017517E-001
       -1.695600032806397
       -1.892600059509277
       -1.746000051498413
  -9.950000047683716E-001
   4.257000088691711E-001
   2.119999937713146E-002
       -1.153100013732910
       -3.299799919128418
       -2.696099996566773
   1.402000039815903E-001
   3.271999955177307E-001
  -9.399999976158142E-001
       -1.257799983024597
  -4.124999940395355E-001
        1.123700022697449
   6.528000235557556E-001
       -1.823300004005432
       -4.221899986267090
       -2.772900104522705
       -3.094899892807007
       -3.765199899673462
       -5.228799819946289
       -4.647799968719482
       -1.783800005912781
       -1.606699943542481
       -2.251300096511841
       -5.257599830627441
       -4.340700149536133
       -1.975900053977966
       -3.135499954223633
       -1.534399986267090
  -6.134999990463257E-001
   2.285999953746796E-001
        4.691999912261963
        3.648299932479858
        1.996299982070923
  -6.399999838322401E-003
        1.879099965095520
   8.001000285148621E-001
   3.556999862194061E-001
        1.093799948692322
   5.726000070571899E-001
   7.957999706268311E-001
  -8.460999727249146E-001
       -1.330299973487854
       -2.994100093841553
       -2.660900115966797
       -1.991799950599670
       -2.139800071716309
   3.371999859809876E-001
        1.449100017547607
   6.581000089645386E-001
   4.089999943971634E-002
   7.771000266075134E-001
  -1.547999978065491E-001
  -1.596000045537949E-001
  -4.305999875068665E-001
        2.200400114059448
        3.266400098800659
   9.990000128746033E-001
       -1.386199951171875
       -1.652699947357178
       -1.779500007629395
       -1.780699968338013
   8.550999760627747E-001
        1.174800038337708
  -5.109000205993652E-001
       -1.622900009155273
       -1.237699985504150
        1.232200026512146
   6.912999749183655E-001
  -9.621000289916992E-001
   3.752999901771545E-001
  -5.889999866485596E-002
        1.251600027084351
        1.044999957084656
  -3.583999872207642E-001
   6.410999894142151E-001
       -1.868999958038330
       -2.798799991607666
       -3.835099935531616
       -4.188700199127197
       -2.845999956130981
       -1.373399972915649
       -2.082799911499023
       -2.411000013351440
       -3.161700010299683
       -3.525199890136719
       -1.549900054931641
   7.143999934196472E-001
  -2.454999983310700E-001
  -4.621999859809876E-001
   3.174999952316284E-001
        3.348200082778931
        1.414199948310852
   7.978000044822693E-001
  -9.337000250816345E-001
        2.153599977493286
   2.173999994993210E-001
   6.937000155448914E-001
        2.322499990463257
        1.285400032997131
  -6.930999755859375E-001
  -9.180999994277954E-001
       -2.058599948883057
       -2.858599901199341
       -2.320300102233887
       -2.383399963378906
  -8.429999947547913E-001
  -6.976000070571899E-001
  -7.132999897003174E-001
  -7.519999742507935E-001
  -7.102000117301941E-001
        1.382799983024597
   7.519999742507935E-001
  -2.188999950885773E-001
   4.212000072002411E-001
        1.415500044822693
        5.093200206756592
        1.347300052642822
   2.955000102519989E-001
  -2.579999864101410E-001
       -3.173099994659424
       -1.454699993133545
        4.081200122833252
        2.782399892807007
   3.512000143527985E-001
   3.883000016212463E-001
  -6.732000112533569E-001
   5.189999938011169E-002
   2.170999944210053E-001
       -1.523200035095215
       -3.543999910354614
       -1.992100000381470
  -9.182000160217285E-001
   4.260999858379364E-001
       -1.949599981307983
       -2.482399940490723
       -2.998300075531006
       -2.103800058364868
       -2.175699949264526
       -1.792199969291687
  -5.558000206947327E-001
       -2.194400072097778
       -2.277699947357178
       -1.347499966621399
       -1.452399969100952
       -3.449599981307983
       -2.555999994277954
  -8.537999987602234E-001
       -1.612400054931641
       -2.330699920654297
  -8.909000158309937E-001
        1.112900018692017
        2.726200103759766
        2.499200105667114
        2.047399997711182
  -8.246999979019165E-001
  -2.387000024318695E-001
   4.894999861717224E-001
        1.618999958038330
  -1.009000018239021E-001
       -1.252200007438660
       -2.526799917221069
       -1.921599984169006
       -3.030600070953369
       -2.583400011062622
       -2.857800006866455
       -2.074599981307983
       -2.753599882125855
  -6.901000142097473E-001
       -1.526200056076050
  -3.634000122547150E-001
  -4.936999976634979E-001
       -1.726300001144409
   2.324000000953674E-001
        2.161499977111816
        1.542999982833862
        3.789000034332275
        3.823699951171875
   6.262000203132629E-001
   3.806999921798706E-001
       -2.613100051879883
       -3.007999897003174
        4.423299789428711
        4.129899978637695
        2.194900035858154
        2.908999919891357
        1.224799990653992
  -9.587000012397766E-001
  -5.927000045776367E-001
       -2.776999950408936
       -2.409499883651733
       -2.419600009918213
       -1.034299969673157
       -1.412099957466126
       -3.182699918746948
       -3.726000070571899
       -2.726300001144409
       -1.125300049781799
       -1.212599992752075
   3.156999945640564E-001
   6.747000217437744E-001
   5.141999721527100E-001
  -3.506000041961670E-001
       -2.312700033187866
       -2.128299951553345
       -1.781100034713745
  -9.987999796867371E-001
  -6.919999718666077E-001
       -1.067999958992004
       -1.098500013351440
  -7.211999893188477E-001
   4.512999951839447E-001
   3.551000058650971E-001
        2.117300033569336
        1.851099967956543
        1.529299974441528
        1.278200030326843
   9.172000288963318E-001
   8.378000259399414E-001
        1.034199953079224
       -2.475800037384033
       -2.253700017929077
       -3.549400091171265
       -5.151700019836426
       -2.654900074005127
       -2.419899940490723
  -9.587000012397766E-001
       -3.214900016784668
       -1.246299982070923
       -3.047100067138672
       -3.212800025939941
   8.259999752044678E-002
       -1.224300026893616
   3.411000072956085E-001
        1.034999966621399
        2.226399898529053
        3.286700010299683
        1.979900002479553
        1.710399985313416
  -2.770999968051910E-001
       -1.948400020599365
       -1.575899958610535
        2.872800111770630
        3.858999967575073
        3.222500085830689
        3.049400091171265
        3.036799907684326
   6.438999772071838E-001
   3.655999898910523E-001
       -2.493400096893311
       -1.480800032615662
       -1.717399954795837
       -2.378599882125855
       -3.709199905395508
       -4.212200164794922
       -4.520599842071533
       -3.099699974060059
  -8.373000025749207E-001
  -9.821000099182129E-001
       -2.770200014114380
       -2.270400047302246
  -4.873000085353851E-001
       -2.449599981307983
       -3.119699954986572
       -2.112900018692017
       -1.934800028800964
  -3.294999897480011E-001
       -1.470000028610230
       -1.095900058746338
        1.296200037002564
   8.328999876976013E-001
   6.876999735832214E-001
  -7.699999958276749E-002
        1.297399997711182
        2.461600065231323
        2.936599969863892
        1.182500004768372
   7.562999725341797E-001
   8.270999789237976E-001
  -4.370999932289124E-001
       -1.528900027275085
       -5.086800098419190
       -4.889200210571289
       -4.233500003814697
       -3.567199945449829
       -3.886899948120117
       -3.319499969482422
       -2.559700012207031
  -2.989999949932098E-001
       -3.337100028991699
       -1.278900027275085
   6.342999935150147E-001
        1.125300049781799
   9.836000204086304E-001
  -5.090000033378601E-001
   5.928000211715698E-001
        1.862200021743774
   7.756000161170960E-001
        1.385699987411499
   8.309999853372574E-002
  -6.150000169873238E-002
  -6.639999747276306E-001
        2.963399887084961
        3.608200073242188
        3.788000106811523
        2.996700048446655
        2.970099925994873
        3.137900114059448
        1.332499980926514
       -1.669600009918213
       -2.796299934387207
       -2.124799966812134
       -4.727799892425537
       -5.574600219726563
       -4.595399856567383
       -4.607100009918213
       -2.603300094604492
       -1.230200052261353
       -2.716099977493286
       -2.395999908447266
       -1.228199958801270
  -2.581999897956848E-001
       -1.559499979019165
       -2.190299987792969
       -1.331099987030029
       -1.316100001335144
       -2.899600028991699
       -1.631500005722046
  -9.603000283241272E-001
  -6.046000123023987E-001
        1.300099968910217
        3.218300104141235
        3.236399888992310
        3.346100091934204
        2.241499900817871
        1.659299969673157
        2.203999996185303
        1.302299976348877
        2.187299966812134
   3.578999936580658E-001
       -2.080199956893921
       -3.715600013732910
       -3.820699930191040
       -2.160500049591065
       -3.005199909210205
       -4.647900104522705
       -3.365099906921387
   2.630999982357025E-001
        1.097599983215332
   4.769999980926514E-001
        1.583099961280823
   8.589000105857849E-001
        1.765400052070618
  -5.963000059127808E-001
       -1.654399991035461
       -1.163499951362610
   5.357000231742859E-001
   5.124999880790710E-001
       -1.411900043487549
   3.567999899387360E-001
   1.001999974250794E-001
   6.294000148773193E-001
        4.761099815368652
        2.903500080108643
        5.872099876403809
        4.525800228118897
        2.696000099182129
        4.128399848937988
   3.682000041007996E-001
  -8.992000222206116E-001
       -2.583699941635132
       -3.173500061035156
       -2.945300102233887
       -3.954900026321411
       -3.749200105667114
       -2.542200088500977
       -2.322900056838989
       -2.276900053024292
       -2.343100070953369
       -2.540499925613403
       -1.299499988555908
       -1.707200050354004
       -1.360599994659424
  -8.906000256538391E-001
       -1.706200003623962
       -3.917299985885620
       -2.540699958801270
       -2.153000116348267
  -2.508000135421753E-001
        1.208699941635132
   7.990999817848206E-001
        1.904500007629395
        4.766699790954590
        3.083300113677979
        2.501300096511841
   9.052000045776367E-001
   2.768999934196472E-001
   1.352999955415726E-001
   1.536000072956085E-001
   1.008000001311302E-001
  -8.245999813079834E-001
       -1.165799975395203
       -3.187299966812134
       -2.004699945449829
       -3.584800004959106
       -3.800400018692017
  -2.122000008821487E-001
  -4.540000110864639E-002
        2.674700021743774
   5.656999945640564E-001
   3.519999980926514E-001
        1.241600036621094
   9.495999813079834E-001
       -1.239699959754944
       -1.291700005531311
   1.771000027656555E-001
        1.682999968528748
   5.127999782562256E-001
       -2.548500061035156
       -1.198500037193298
   1.667000055313110E-001
   7.522000074386597E-001
        4.951200008392334
        5.415299892425537
        3.966000080108643
        3.534100055694580
        2.746799945831299
        2.809600114822388
        1.128700017929077
       -2.367000102996826
       -4.174799919128418
       -4.125000000000000
       -4.593500137329102
       -2.855200052261353
       -2.490099906921387
       -3.644200086593628
       -2.264800071716309
       -2.621599912643433
       -2.625299930572510
       -1.421000003814697
       -2.613300085067749
       -1.663900017738342
       -4.000100135803223
       -2.667200088500977
       -1.221699953079224
       -1.486700057983398
       -2.468499898910523
       -2.445399999618530
  -9.588999748229981E-001
  -4.952999949455261E-001
   9.153000116348267E-001
        2.675699949264526
        2.630100011825562
        2.661499977111816
   9.473000168800354E-001
        1.203600049018860
        1.702600002288818
   5.789999961853027E-001
  -4.636999964714050E-001
   1.349000036716461E-001
  -8.762000203132629E-001
  -8.100000023841858E-002
  -2.025000005960465E-001
       -3.625499963760376
       -5.039299964904785
       -2.659800052642822
  -6.753000020980835E-001
  -7.106000185012817E-001
        1.085199952125549
        2.002700090408325
        1.319599986076355
        2.002399921417236
   5.113999843597412E-001
  -4.027999937534332E-001
       -1.596300005912781
        1.098999977111816
  -7.796999812126160E-001
   3.973000049591065E-001
  -7.720999717712402E-001
   3.921999931335449E-001
  -1.277000010013580E-001
        1.090600013732910
        3.718499898910523
        3.596400022506714
        3.007200002670288
        3.594599962234497
        2.825099945068359
        1.918200016021729
        1.631899952888489
  -6.746000051498413E-001
       -3.023099899291992
       -5.490200042724609
       -5.191999912261963
       -3.539299964904785
       -3.037400007247925
       -1.998499989509583
       -1.527500033378601
       -4.060500144958496
       -4.130899906158447
       -2.959599971771240
       -2.572900056838989
       -3.636699914932251
       -3.444499969482422
       -1.946900010108948
        1.092599987983704
  -7.493000030517578E-001
       -3.107000112533569
       -2.761399984359741
   2.480000071227551E-002
       -1.225900053977966
   4.251999855041504E-001
        3.787100076675415
        2.545500040054321
  -1.212000027298927E-001
  -2.958000004291534E-001
  -5.139999985694885E-001
  -1.783999949693680E-001
   7.408000230789185E-001
        2.278700113296509
        1.282400012016296
       -1.069900035858154
  -3.380999863147736E-001
  -2.940999865531921E-001
       -3.310499906539917
       -3.679500102996826
       -1.454300045967102
       -1.123200058937073
       -2.144700050354004
  -6.983000040054321E-001
  -3.871999979019165E-001
   5.960000157356262E-001
  -9.709999710321426E-002
        1.483800053596497
   2.829999923706055E-001
       -1.169199943542481
       -1.204900026321411
   1.632999926805496E-001
   7.281000018119812E-001
        1.463099956512451
        1.474400043487549
  -7.919999957084656E-002
  -6.840000301599503E-002
        1.837299942970276
        2.639800071716309
        3.416800022125244
   7.601000070571899E-001
   7.976999878883362E-001
        1.268000006675720
        1.830100059509277
   5.389999970793724E-002
       -1.847000002861023
       -4.918799877166748
       -2.147900104522705
       -1.860399961471558
       -1.567000031471252
       -2.596400022506714
       -3.054699897766113
       -5.191500186920166
       -3.763900041580200
       -4.560200214385986
       -3.700799942016602
       -2.875200033187866
       -1.284299969673157
       -1.637199997901917
       -1.298699975013733
       -1.377500057220459
       -2.187799930572510
       -2.191400051116943
       -1.766100049018860
        1.160599946975708
        3.930599927902222
        3.597700119018555
        1.130100011825562
   6.270000338554382E-002
       -2.684999942779541
  -6.305000185966492E-001
   8.506000041961670E-001
        1.201599955558777
  -2.170000039041042E-002
   2.869999967515469E-002
  -9.889999777078629E-002
  -1.379999984055758E-002
   4.891999959945679E-001
   1.410000026226044E-002
       -2.113800048828125
       -2.407000064849854
       -3.801800012588501
       -2.868999958038330
       -2.081300020217896
       -1.546900033950806
   2.417999953031540E-001
  -8.564000129699707E-001
   1.328999996185303E-001
        1.621399998664856
   6.442999839782715E-001
  -4.032999873161316E-001
       -1.283400058746338
       -1.770799994468689
        1.455800056457520
        1.763299942016602
        2.773099899291992
        2.030800104141235
        1.465499997138977
        1.490800023078919
        1.913699984550476
        1.827999949455261
        2.351799964904785
        3.141299962997437
        3.404299974441528
  -2.471999973058701E-001
   6.855000257492065E-001
       -1.052500009536743
  -6.966999769210815E-001
   7.569000124931335E-001
       -1.356299996376038
       -3.626899957656860
       -5.283800125122070
       -4.636799812316895
       -4.550000190734863
       -4.554599761962891
       -3.819600105285645
       -3.340699911117554
       -1.337900042533875
       -3.036799907684326
  -8.902999758720398E-001
       -2.112999916076660
       -1.301200032234192
       -3.590899944305420
       -2.063800096511841
   9.158999919891357E-001
        1.509600043296814
        1.809900045394898
   9.649000167846680E-001
       -1.865000009536743
       -3.318200111389160
  -4.846999943256378E-001
        1.120000004768372
   8.350999951362610E-001
   7.997999787330627E-001
  -5.253999829292297E-001
        1.422999978065491
        1.171499967575073
   1.124000027775765E-001
        1.197999954223633
   3.605000078678131E-001
       -2.597199916839600
       -3.393199920654297
       -1.713199973106384
       -2.498699903488159
       -2.402800083160400
       -1.007699966430664
        2.019200086593628
        2.035099983215332
        2.399499893188477
        2.445800065994263
        2.136199951171875
  -8.246999979019165E-001
  -5.343999862670898E-001
        1.942899942398071
        3.210900068283081
        2.754899978637695
   6.247000098228455E-001
        1.732800006866455
       -1.573699951171875
        1.596400022506714
   6.359000205993652E-001
        1.584800004959106
        1.643399953842163
        1.155200004577637
        1.133000016212463
        3.530600070953369
        1.982200026512146
   9.477999806404114E-001
  -1.632999926805496E-001
       -2.134999990463257
       -2.276200056076050
       -3.055799961090088
       -6.799699783325195
       -4.985099792480469
       -2.392299890518189
       -1.682700037956238
       -1.784399986267090
       -1.623999953269959
       -2.036099910736084
       -1.431300044059753
  -8.508999943733215E-001
       -1.576400041580200
       -2.694900035858154
       -2.593499898910523
       -1.251799941062927
   8.565999865531921E-001
        1.277099967002869
   6.809999942779541E-001
       -1.276100039482117
  -8.375999927520752E-001
   3.538999855518341E-001
        1.717399954795837
   6.980999708175659E-001
   5.218999981880188E-001
       -2.604700088500977
  -3.794000148773193E-001
  -5.630999803543091E-001
  -4.277000129222870E-001
       -1.286499977111816
  -2.381999939680100E-001
       -2.706700086593628
       -1.768100023269653
       -1.730499982833862
   9.350000321865082E-002
       -1.670699954032898
       -1.783900022506714
        1.995900034904480
        1.359599947929382
        2.688600063323975
        1.410799980163574
        1.410300016403198
   2.131000012159348E-001
        1.289600014686585
        2.790999889373779
        1.896800041198731
        2.849400043487549
        2.399100065231323
   6.524999737739563E-001
        1.532400012016296
        1.058899998664856
   4.311000108718872E-001
  -5.519999861717224E-001
   3.027999997138977E-001
        1.718999981880188
        3.275199890136719
        4.472199916839600
        2.447400093078613
        2.642800092697144
       -1.079200029373169
  -5.794000029563904E-001
       -1.374300003051758
       -1.872099995613098
       -4.012000083923340
       -3.664200067520142
  -3.680999875068665E-001
       -1.642600059509277
  -2.673000097274780E-001
       -1.876199960708618
       -1.922000050544739
  -7.450000047683716E-001
  -2.538000047206879E-001
       -1.475999951362610
       -1.069599986076355
       -1.909299969673157
       -1.361700057983398
  -4.117000102996826E-001
       -1.341099977493286
       -1.129500031471252
       -2.712399959564209
       -3.097500085830689
  -1.999999949475750E-004
   5.863000154495239E-001
        1.021000027656555
   5.769000053405762E-001
  -6.317999958992004E-001
  -7.936999797821045E-001
  -6.190999746322632E-001
  -9.204000234603882E-001
  -4.880999922752380E-001
   7.738999724388123E-001
  -3.512000143527985E-001
  -1.748999953269959E-001
  -1.429000049829483E-001
       -1.763200044631958
       -2.207799911499023
       -1.689700007438660
  -7.382000088691711E-001
        2.221400022506714
        3.745899915695190
        3.773600101470947
        1.821499943733215
        1.750300049781799
        1.890499949455261
        1.798200011253357
        1.014500021934509
        3.067300081253052
        1.423300027847290
        1.136199951171875
   1.616999953985214E-001
   4.268000125885010E-001
   9.043999910354614E-001
  -8.309000134468079E-001
   2.010000050067902E-001
        2.455300092697144
        2.578399896621704
        2.048000097274780
        1.544399976730347
   8.777999877929688E-001
   4.551999866962433E-001
       -2.353300094604492
       -1.687299966812134
       -2.539200067520142
       -1.915099978446960
   4.334000051021576E-001
  -3.472999930381775E-001
       -2.002000093460083
       -2.078500032424927
       -2.740499973297119
       -3.141900062561035
  -8.360999822616577E-001
   3.289000093936920E-001
       -1.407099962234497
       -1.569700002670288
  -2.140000090003014E-002
  -7.138000130653381E-001
        1.140100002288818
  -5.261999964714050E-001
       -2.199100017547607
  -5.626999735832214E-001
       -1.442499995231628
       -2.934299945831299
       -1.016800045967102
       -1.264999985694885
  -5.443000197410584E-001
       -1.919399976730347
  -7.734000086784363E-001
  -8.919999748468399E-002
  -8.083000183105469E-001
  -4.066999852657318E-001
        2.396600008010864
   3.729000091552734E-001
  -4.483999907970429E-001
       -1.616799950599670
       -1.506999969482422
       -2.925499916076660
       -4.203499794006348
       -2.433599948883057
        1.305699944496155
        2.835400104522705
        2.463700056076050
        2.080100059509277
  -1.738000065088272E-001
        1.252500057220459
   6.945999860763550E-001
        1.867200016975403
        1.892400026321411
        2.913100004196167
        1.172600030899048
        1.068300008773804
   2.725999951362610E-001
   3.463000059127808E-001
  -8.241999745368958E-001
       -1.710399985313416
        1.440099954605103
        1.826799988746643
        1.553099989891052
   4.266000092029572E-001
   7.925000190734863E-001
   5.770000070333481E-002
   5.159999728202820E-001
       -1.238600015640259
       -2.860199928283691
       -3.135900020599365
  -7.602000236511231E-001
  -8.472999930381775E-001
       -2.340399980545044
  -7.296000123023987E-001
       -1.125000000000000
       -2.267600059509277
       -2.512399911880493
  -4.745000004768372E-001
   1.532000005245209E-001
       -1.307700037956238
  -2.313999980688095E-001
  -1.574999988079071E-001
  -4.345999956130981E-001
  -5.494999885559082E-001
       -1.026600003242493
        1.704900026321411
        1.082999944686890
       -2.148999929428101
       -2.462199926376343
       -2.696799993515015
       -1.662999987602234
   6.480000019073486E-001
        1.153100013732910
        1.571499943733215
        2.318599939346314
        2.972599983215332
        3.120100021362305
   8.787999749183655E-001
  -3.605999946594238E-001
       -2.974699974060059
       -1.558500051498413
       -2.160700082778931
       -2.802299976348877
       -2.035300016403198
  -7.774999737739563E-001
        1.628399968147278
        1.575600028038025
        1.814599990844727
  -1.830000057816505E-002
        1.373600006103516
        2.092600107192993
   7.717000246047974E-001
   3.750999867916107E-001
   6.482999920845032E-001
   3.046000003814697E-001
   3.542000055313110E-001
   2.755999863147736E-001
        1.356999993324280
  -2.869999967515469E-002
  -8.309000134468079E-001
  -4.214999973773956E-001
  -6.927000284194946E-001
  -1.350000035017729E-002
   4.031000137329102E-001
       -1.423599958419800
   8.913999795913696E-001
        1.897199988365173
        1.481999993324280
  -9.139999747276306E-002
       -2.840699911117554
       -2.301899909973145
  -5.884000062942505E-001
       -1.817199945449829
       -2.111200094223023
       -1.555699944496155
       -1.528599977493286
       -2.828500032424927
       -2.853699922561646
       -1.936599969863892
  -6.614999771118164E-001
   7.238000035285950E-001
  -2.601000070571899E-001
  -4.586000144481659E-001
  -8.077999949455261E-001
       -1.256899952888489
   8.061000108718872E-001
        1.051300048828125
       -2.345299959182739
       -1.544600009918213
  -8.501999974250794E-001
       -2.441900014877319
  -4.262999892234802E-001
  -5.777000188827515E-001
        1.722200036048889
        1.450899958610535
        3.966000080108643
        3.587300062179565
        1.265400052070618
   6.516000032424927E-001
   8.255000114440918E-001
       -1.565500020980835
       -3.149600028991699
       -3.963999986648560
       -1.534299969673157
   3.571999967098236E-001
        2.506299972534180
        1.110499978065491
        1.424800038337708
   1.199000030755997E-001
  -5.346999764442444E-001
        1.538100004196167
        2.772099971771240
        2.092700004577637
   3.759999871253967E-001
   9.552000164985657E-001
   7.500000298023224E-002
  -2.570999860763550E-001
   2.635000050067902E-001
        2.789299964904785
  -2.804999947547913E-001
   3.756000101566315E-001
   2.471999973058701E-001
  -5.630999803543091E-001
   3.206999897956848E-001
   2.494000047445297E-001
  -2.058999985456467E-001
        3.344599962234497
        2.433700084686279
   4.760000109672546E-002
       -1.782199978828430
       -1.739699959754944
       -1.173799991607666
       -1.039499998092651
  -9.333999752998352E-001
  -2.901999950408936E-001
   6.362000107765198E-001
       -1.984400033950806
       -1.571799993515015
       -1.977300047874451
  -5.594000220298767E-001
   9.695000052452087E-001
        1.685600042343140
        1.151499986648560
   9.469000101089478E-001
   6.960999965667725E-001
   9.896000027656555E-001
   3.161999881267548E-001
   1.599999959580600E-003
  -8.503000140190125E-001
  -1.605000048875809E-001
   5.823000073432922E-001
       -1.330999970436096
   9.958000183105469E-001
        1.960299968719482
        3.929300069808960
        3.894999980926514
        4.378399848937988
        3.659199953079224
  -4.359999895095825E-001
       -1.153200030326843
       -3.911799907684326
       -3.278800010681152
       -3.801500082015991
       -3.782900094985962
       -1.888599991798401
   1.747000068426132E-001
        1.172099947929382
        4.061500072479248
   9.286000132560730E-001
        1.395900011062622
        2.595900058746338
        1.655699968338013
   4.654000103473663E-001
   2.069000005722046E-001
        1.940700054168701
  -1.624999940395355E-001
       -1.442199945449829
   6.403999924659729E-001
  -7.170000076293945E-001
   4.691999852657318E-001
  -6.976000070571899E-001
       -1.974699974060059
  -5.066999793052673E-001
   3.500000108033419E-003
   8.582000136375427E-001
        2.375799894332886
        2.757400035858154
        1.950399994850159
        1.023599982261658
  -6.151999831199646E-001
   8.963000178337097E-001
  -6.945000290870667E-001
   1.092000007629395E-001
  -3.086000084877014E-001
   9.587000012397766E-001
  -3.039000034332275E-001
  -4.711000025272369E-001
       -1.230100035667419
       -1.012799978256226
   5.231000185012817E-001
   8.920999765396118E-001
        1.481799960136414
        1.789000034332275
        1.286499977111816
  -5.790000036358833E-002
       -1.458600044250488
        1.463999986648560
        3.060800075531006
        1.757599949836731
  -9.009999781847000E-002
   1.398999989032745E-001
  -7.329999655485153E-002
   6.715999841690064E-001
        2.871299982070923
        1.967800021171570
        1.401999950408936
        1.143200039863586
        1.907500028610230
        1.013499975204468
       -1.554000020027161
  -9.952999949455261E-001
       -1.281299948692322
  -4.839999973773956E-001
       -2.938199996948242
       -3.038300037384033
   7.107999920845032E-001
        3.219799995422363
        3.477699995040894
        2.967000007629395
        1.925199985504150
        2.006599903106690
        2.125600099563599
        1.837700009346008
        1.562800049781799
  -6.044999957084656E-001
       -1.703299999237061
       -2.640300035476685
       -1.613700032234192
   2.436999976634979E-001
   2.996999919414520E-001
       -3.262000083923340
       -2.976900100708008
       -1.667999982833862
  -9.469000101089478E-001
        1.788200020790100
   7.458999752998352E-001
        1.674999952316284
        2.140599966049194
        1.723500013351440
   6.150000095367432E-001
        2.473099946975708
        1.185400009155273
   2.238000035285950E-001
  -6.912999749183655E-001
       -1.554200053215027
  -1.341000050306320E-001
       -1.183599948883057
  -1.657000035047531E-001
  -8.870000243186951E-001
       -1.873299956321716
       -1.307199954986572
   7.857999801635742E-001
        1.262699961662293
  -4.627000093460083E-001
   1.310000009834766E-002
        1.119199991226196
   8.636999726295471E-001
        2.889300107955933
        1.852300047874451
   2.450000047683716E-001
   3.500000108033419E-003
   9.548000097274780E-001
   8.319000005722046E-001
        1.489400029182434
        2.238899946212769
        1.510100007057190
   8.065000176429749E-001
        1.251799941062927
        1.633700013160706
        1.154999971389771
  -5.666000247001648E-001
  -3.680999875068665E-001
       -2.086699962615967
  -3.197000026702881E-001
  -3.673000037670136E-001
   7.320000231266022E-002
        1.426200032234192
        2.007400035858154
        4.023300170898438
        2.738199949264526
        3.691600084304810
        2.274499893188477
        2.306400060653687
        3.000499963760376
        1.692399978637695
  -2.750000059604645E-001
   3.208999931812286E-001
       -1.401499986648560
  -7.419999688863754E-002
       -2.819700002670288
       -2.484999895095825
       -2.356199979782105
       -1.259799957275391
  -8.860999941825867E-001
  -3.630000054836273E-001
   7.881000041961670E-001
        1.561599969863892
  -1.339999958872795E-002
       -1.794499993324280
        2.396100044250488
   7.146000266075134E-001
   1.985999941825867E-001
  -5.130000114440918E-001
  -5.755000114440918E-001
   3.490999937057495E-001
  -7.366999983787537E-001
       -1.127200007438660
   8.259999752044678E-002
  -5.702999830245972E-001
       -1.521600008010864
       -1.807800054550171
       -1.013499975204468
       -1.900300025939941
  -2.540000081062317E-001
  -1.967999935150147E-001
        2.712800025939941
        1.446200013160706
        1.844200015068054
   5.658000111579895E-001
  -4.999999888241291E-003
   1.272000074386597E-001
        1.320600032806397
   1.530999988317490E-001
        2.824700117111206
        3.267400026321411
        2.576600074768066
        2.460200071334839
        3.855000019073486
        2.265100002288818
  -1.483000069856644E-001
       -1.297899961471558
       -1.046599984169006
       -1.717700004577637
        1.134400010108948
        2.878000020980835
        1.662299990653992
   7.616999745368958E-001
        1.877200007438660
   6.086000204086304E-001
        2.031199932098389
        3.160099983215332
        2.576999902725220
   4.891999959945679E-001
        1.144999980926514
        1.530400037765503
   3.445999920368195E-001
  -6.065000295639038E-001
  -9.435999989509583E-001
       -1.488100051879883
       -1.237300038337708
       -2.699100017547607
       -1.644899964332581
       -1.442600011825562
        1.007799983024597
        1.632599949836731
        1.719599962234497
   8.215000033378601E-001
        1.658800005912781
  -6.987000107765198E-001
   3.644999861717224E-001
   1.756000071763992E-001
   1.093999966979027E-001
  -4.381000101566315E-001
       -1.687700033187866
  -7.526999711990356E-001
   8.493000268936157E-001
  -3.732999861240387E-001
  -1.031000018119812E-001
  -7.221000194549561E-001
       -1.524099946022034
       -1.613299965858460
  -3.463999927043915E-001
  -9.750999808311462E-001
   5.597000122070313E-001
  -8.070000261068344E-002
        1.042299985885620
        2.715100049972534
        2.843699932098389
  -4.350999891757965E-001
       -1.471099972724915
   1.473000049591065E-001
  -1.836999952793121E-001
        2.317300081253052
        1.233700037002564
        1.992100000381470
        2.115400075912476
        1.453299999237061
        2.186599969863892
        4.119200229644775
        1.582000017166138
   3.955999910831451E-001
       -1.227300047874451
   1.659999974071980E-002
  -4.438999891281128E-001
        1.208199977874756
        2.871799945831299
        1.727599978446960
        2.306299924850464
       -1.626299977302551
        1.281999945640564
   4.363000094890595E-001
   8.733999729156494E-001
   7.002999782562256E-001
   5.095000267028809E-001
        2.385099887847900
        1.688099980354309
  -4.345000088214874E-001
  -7.631999850273132E-001
  -4.774000048637390E-001
       -1.188699960708618
       -2.404900074005127
       -1.733700037002564
  -6.024000048637390E-001
  -1.606000065803528E-001
        1.718899965286255
        2.540400028228760
        2.725199937820435
        2.193399906158447
        2.552700042724609
        3.210599899291992
   7.991999983787537E-001
  -1.272999942302704E-001
  -3.941000103950501E-001
  -5.325000286102295E-001
   1.446000039577484E-001
   4.111999869346619E-001
  -3.016000092029572E-001
  -2.690000087022781E-002
       -2.162600040435791
       -2.071300029754639
  -5.891000032424927E-001
   7.659999728202820E-001
        1.190500020980835
  -3.801000118255615E-001
        1.424499988555908
   7.250999808311462E-001
        1.369500041007996
        1.095999956130981
  -1.743000000715256E-001
       -1.050799965858460
  -9.035000205039978E-001
  -1.191999986767769E-001
  -9.822999835014343E-001
   3.790000081062317E-002
   1.020999997854233E-001
   7.354999780654907E-001
   9.444000124931335E-001
   3.510999977588654E-001
        2.094399929046631
        1.603700041770935
   3.898999989032745E-001
   7.419000267982483E-001
        1.043599963188171
   4.841000139713287E-001
        1.352200031280518
        1.206099987030029
  -5.700000096112490E-003
        1.416399955749512
        1.277600049972534
        1.703600049018860
   5.965999960899353E-001
   2.178000062704086E-001
  -3.312000036239624E-001
       -1.378600001335144
        2.648999929428101
        1.716599941253662
        1.692499995231628
   2.490000054240227E-002
   6.647999882698059E-001
  -6.129999756813049E-001
  -7.081000208854675E-001
       -1.352300047874451
   3.486000001430512E-001
  -3.459999859333038E-001
        2.900099992752075
        1.644099950790405
   9.472000002861023E-001
        3.626199960708618
        2.359499931335449
        2.093800067901611
  -4.459999874234200E-002
   6.039000153541565E-001
       -1.109699964523315
   3.790000081062317E-001
  -2.999999932944775E-002
        1.197800040245056
  -1.882999986410141E-001
       -1.014000058174133
   4.966999888420105E-001
   3.817999958992004E-001
        1.868700027465820
        1.239599943161011
        1.867799997329712
        1.192199945449829
        1.371700048446655
        1.288400053977966
   7.121999859809876E-001
   1.242000013589859E-001
   6.467000246047974E-001
       -1.086599946022034
       -1.310500025749207
  -8.269999921321869E-002
       -1.317800045013428
  -5.620999932289124E-001
        1.489500045776367
  -1.447000056505203E-001
  -7.052999734878540E-001
  -3.036000132560730E-001
        1.091300010681152
        2.596800088882446
        1.141399979591370
   5.409999936819077E-002
        1.329499959945679
   6.854000091552734E-001
        2.311899900436401
   9.904999732971191E-001
  -1.231999993324280E-001
   2.542999982833862E-001
   8.054000139236450E-001
        1.174000024795532
        1.770599961280823
   2.971999943256378E-001
  -9.021999835968018E-001
   5.249999761581421E-001
