   8.622999787330627E-001
       -2.843499898910523
       -2.469399929046631
       -3.331399917602539
       -3.750699996948242
       -4.180600166320801
       -3.689300060272217
       -1.545699954032898
   5.279999971389771E-002
        1.073899984359741
  -1.246000006794930E-001
        1.423699975013733
   9.399999678134918E-002
        1.392099976539612
  -2.967999875545502E-001
   2.389999926090241E-001
  -2.619000077247620E-001
  -9.629999995231628E-001
  -6.916000247001648E-001
       -2.984100103378296
       -2.166100025177002
       -1.782400012016296
       -2.376800060272217
       -4.168099880218506
       -1.236999988555908
       -1.435099959373474
       -2.238899946212769
       -2.790499925613403
       -1.332100033760071
       -1.954200029373169
  -7.087000012397766E-001
       -1.381600022315979
       -1.676900029182434
       -1.287400007247925
       -2.109499931335449
  -8.464999794960022E-001
   8.763999938964844E-001
        1.365599989891052
   3.152000010013580E-001
  -6.978999972343445E-001
       -1.177500009536743
        1.479799985885620
        2.901000022888184
        2.665899991989136
        2.585099935531616
        1.166000008583069
  -2.908999919891357E-001
  -3.474000096321106E-001
  -7.259999960660934E-002
  -1.720000058412552E-002
   4.778999984264374E-001
       -1.855499982833862
  -1.941999942064285E-001
  -8.238999843597412E-001
  -6.984999775886536E-001
  -1.374000012874603E-001
       -1.292299985885620
       -1.003999948501587
   6.320999860763550E-001
       -1.085700035095215
       -2.018100023269653
       -2.252000093460083
       -4.259300231933594
       -4.278900146484375
       -5.750999927520752
       -4.013299942016602
       -3.857300043106079
       -3.143500089645386
   1.855999976396561E-001
   4.690000116825104E-001
   8.568000197410584E-001
  -2.930000051856041E-002
   5.961999893188477E-001
  -3.059000074863434E-001
  -5.449999868869782E-002
  -4.826000034809113E-001
       -1.852900028228760
  -3.874000012874603E-001
  -9.362000226974487E-001
  -4.503999948501587E-001
       -2.626199960708618
       -1.775400042533875
   3.406000137329102E-001
       -1.742400050163269
       -2.716700077056885
       -2.097599983215332
  -8.562999963760376E-001
       -3.263299942016602
       -2.926899909973145
       -1.321400046348572
       -1.105000019073486
       -1.112300038337708
       -1.778100013732910
       -2.073999881744385
       -1.802299976348877
  -2.467000037431717E-001
   1.160999983549118E-001
       -1.041200041770935
  -7.900000363588333E-002
  -5.508999824523926E-001
   8.817999958992004E-001
        2.626100063323975
        2.798300027847290
        1.351099967956543
        1.196200013160706
        1.356299996376038
  -1.375000029802322E-001
       -1.627400040626526
   2.034000009298325E-001
        1.591199994087219
        1.034000039100647
       -1.593899965286255
  -1.529999971389771E-001
  -5.921000242233276E-001
       -1.021499991416931
       -1.732399940490723
       -1.215399980545044
       -2.970499992370606
       -2.258699893951416
       -2.001300096511841
   6.496999859809876E-001
  -9.265999794006348E-001
       -2.342099905014038
       -3.605799913406372
       -3.766599893569946
       -3.170599937438965
       -2.117500066757202
       -3.084000110626221
  -5.317000150680542E-001
       -1.893000006675720
  -2.474000006914139E-001
  -3.034999966621399E-001
   6.571999788284302E-001
  -3.628999888896942E-001
       -1.562299966812134
   8.427000045776367E-001
   8.220000267028809E-001
   7.264999747276306E-001
  -4.930000007152557E-002
  -2.723999917507172E-001
  -8.791000247001648E-001
   1.366000026464462E-001
   7.365000247955322E-001
       -1.890300035476685
       -1.733800053596497
       -1.203400015830994
  -2.709000110626221E-001
       -2.072900056838989
       -2.540400028228760
       -2.649399995803833
  -2.588999867439270E-001
  -1.753000020980835E-001
       -1.861500024795532
  -3.088999986648560E-001
       -1.543799996376038
   6.748999953269959E-001
  -2.953000068664551E-001
   4.841000139713287E-001
   7.325999736785889E-001
  -6.000000052154064E-003
        2.109299898147583
        1.173400044441223
        2.528599977493286
        2.113399982452393
        1.311100006103516
        1.674999952316284
   5.245000123977661E-001
   4.187000095844269E-001
   9.768999814987183E-001
        2.397099971771240
        1.014199972152710
       -1.516299962997437
   2.587999999523163E-001
   6.589000225067139E-001
  -3.370999991893768E-001
  -1.817999929189682E-001
       -1.147600054740906
       -1.396999955177307
       -2.563999891281128
   6.644999980926514E-001
  -8.896999955177307E-001
       -1.445700049400330
  -6.215999722480774E-001
       -2.274699926376343
       -2.982300043106079
       -2.877500057220459
       -4.362699985504150
       -1.244500041007996
  -6.115999817848206E-001
       -2.457700014114380
       -1.615399956703186
  -5.590999722480774E-001
       -1.112599968910217
       -2.608900070190430
  -9.878000020980835E-001
   5.110999941825867E-001
        1.135400056838989
        1.119500041007996
   4.147999882698059E-001
        1.084400057792664
  -9.380000084638596E-002
   7.730000019073486E-001
   7.447999715805054E-001
       -1.213899970054627
   5.886999964714050E-001
   7.164000272750855E-001
  -2.711000144481659E-001
       -2.110199928283691
       -3.028199911117554
   1.386000066995621E-001
       -1.285599946975708
  -6.032999753952026E-001
  -4.079000055789948E-001
  -4.758999943733215E-001
  -3.299999982118607E-003
  -1.630000025033951E-001
  -9.365000128746033E-001
   3.583999872207642E-001
       -2.397300004959106
   1.835999935865402E-001
   9.922999739646912E-001
        1.561800003051758
        1.654899954795837
        2.564300060272217
        2.554800033569336
        2.339099884033203
   6.315000057220459E-001
        1.042199969291687
        2.268199920654297
        2.619299888610840
   2.480000071227551E-002
       -1.632799983024597
       -1.030500054359436
   8.280000090599060E-002
   8.079000115394592E-001
        1.911000013351440
        1.520099997520447
  -2.957000136375427E-001
   4.930000007152557E-001
  -3.093999922275543E-001
  -3.610000014305115E-001
  -4.521000087261200E-001
  -8.116999864578247E-001
       -2.605200052261353
       -4.519999980926514
       -4.499800205230713
       -1.806300044059753
       -3.162300109863281
       -3.049700021743774
       -4.298900127410889
       -4.019199848175049
       -4.121799945831299
       -1.307199954986572
       -2.636800050735474
       -2.147099971771240
  -5.633000135421753E-001
  -3.560000061988831E-001
       -1.491099953651428
  -7.371000051498413E-001
   6.872000098228455E-001
        1.256600022315979
        3.242399930953980
        1.580100059509277
        1.125900030136108
        1.178400039672852
        1.942600011825562
       -2.174599885940552
  -3.506000041961670E-001
  -5.480999946594238E-001
  -8.945999741554260E-001
  -4.399999976158142E-001
   2.953000068664551E-001
   8.264999985694885E-001
  -1.500000013038516E-003
  -4.478999972343445E-001
   5.615000128746033E-001
   3.388000130653381E-001
  -5.751000046730042E-001
  -9.229999780654907E-001
       -1.829599976539612
        2.674799919128418
        1.324200034141541
        2.589999914169312
        2.450599908828735
        3.994299888610840
        2.426800012588501
        2.192699909210205
        2.381000041961670
        2.788599967956543
        1.007300019264221
  -3.064999878406525E-001
  -8.511999845504761E-001
       -1.315400004386902
        1.695099949836731
        1.692100048065186
        1.580100059509277
   7.333999872207642E-001
   6.370000243186951E-001
  -2.398999929428101E-001
   2.570999860763550E-001
       -2.355499982833862
       -1.996700048446655
       -2.332299947738648
       -2.563400030136108
       -2.905600070953369
       -2.273799896240234
       -2.059299945831299
       -3.337199926376343
       -3.622200012207031
       -5.052800178527832
       -5.575500011444092
       -5.794300079345703
       -4.641600131988525
       -3.422800064086914
       -3.711100101470947
       -1.820600032806397
       -2.058500051498413
  -9.897000193595886E-001
       -1.658100008964539
  -5.616999864578247E-001
        1.651900053024292
        2.193900108337402
   8.169000148773193E-001
   4.176999926567078E-001
        1.220800042152405
  -6.109999865293503E-002
       -1.035199999809265
       -1.540300011634827
  -9.182000160217285E-001
  -7.857000231742859E-001
   2.754000127315521E-001
   9.730000048875809E-002
  -5.792999863624573E-001
  -3.831999897956848E-001
       -1.337200045585632
   9.169999957084656E-001
  -1.510999947786331E-001
   3.440000116825104E-002
   6.658999919891357E-001
   9.879000186920166E-001
        5.834700107574463
        4.194499969482422
        2.305500030517578
  -1.220000013709068E-001
        1.171599984169006
   3.833999931812286E-001
   5.479000210762024E-001
        1.190099954605103
        2.144900083541870
        1.733000040054321
        1.304999947547913
        1.008100032806397
   1.204999983310700E-001
        1.110399961471558
        3.698100090026856
        1.940099954605103
        2.620199918746948
  -3.118000030517578E-001
   5.363000035285950E-001
  -9.994000196456909E-001
       -1.255699992179871
       -1.511100053787231
       -3.062799930572510
       -3.256200075149536
       -3.701800107955933
       -4.703199863433838
       -2.975800037384033
       -2.175899982452393
       -2.019099950790405
       -4.288700103759766
       -5.574600219726563
       -4.229199886322022
       -2.717499971389771
       -3.221299886703491
       -2.828299999237061
       -4.678899765014648
       -2.868999958038330
       -2.302299976348877
       -1.034399986267090
  -1.143999993801117E-001
        1.545099973678589
   6.626999974250794E-001
        1.012500047683716
        2.006400108337402
  -1.180000044405460E-002
  -1.944999992847443E-001
   5.756999850273132E-001
  -7.390000224113464E-001
  -1.579000055789948E-001
   1.307999938726425E-001
   1.374000012874603E-001
       -1.767699956893921
       -2.268699884414673
       -1.414700031280518
  -8.069999814033508E-001
  -8.697000145912170E-001
        2.196700096130371
        1.674800038337708
        2.251800060272217
        1.679999947547913
        3.853100061416626
        4.292300224304199
        2.542399883270264
        2.152699947357178
        1.322100043296814
        1.193400025367737
        1.614799976348877
   7.422999739646912E-001
        2.029299974441528
        3.284600019454956
  -2.358999997377396E-001
   5.199000239372253E-001
        1.493199944496155
   8.033999800682068E-001
        1.208699941635132
        1.181800007820129
        2.396100044250488
        2.215399980545044
  -2.597000002861023E-001
   9.545000195503235E-001
       -1.547399997711182
       -1.004400014877319
       -2.064399957656860
       -1.230599999427795
       -3.140899896621704
       -3.031100034713745
       -2.305900096893311
       -2.285700082778931
   5.209999904036522E-002
       -2.749500036239624
       -2.496799945831299
       -4.012599945068359
       -4.650000095367432
       -4.956099987030029
       -5.246200084686279
       -3.746000051498413
       -3.154099941253662
       -1.725000023841858
  -5.748999714851379E-001
       -2.015700101852417
  -1.516000032424927E-001
        1.484099984169006
        1.228199958801270
        3.109899997711182
        2.360100030899048
   8.528000116348267E-001
        1.658800005912781
   4.413999915122986E-001
   8.233000040054321E-001
        1.783800005912781
   2.804000079631805E-001
   1.929000020027161E-001
  -4.226999878883362E-001
  -1.243999972939491E-001
  -1.195999979972839E-001
        1.036599993705750
        1.912999987602234
        4.585599899291992
        3.865200042724609
        3.766700029373169
        5.268799781799316
        2.026200056076050
   7.330999970436096E-001
        1.979300022125244
        2.212300062179565
   9.527000188827515E-001
   9.143999814987183E-001
        1.933099985122681
        2.810100078582764
        3.085599899291992
   9.458000063896179E-001
   5.827999711036682E-001
        1.186900019645691
   3.244999945163727E-001
        1.845800042152405
   6.137999892234802E-001
  -4.614999890327454E-001
   8.810999989509583E-001
  -3.519000113010407E-001
   6.826999783515930E-001
       -2.656699895858765
       -1.391399979591370
       -4.324100017547607
       -3.622699975967407
       -4.202300071716309
       -3.744999885559082
       -2.655100107192993
       -1.473799943923950
   6.613000035285950E-001
       -1.273699998855591
       -3.632899999618530
       -3.880100011825562
       -3.070899963378906
       -4.440700054168701
       -4.374899864196777
       -3.328299999237061
       -3.296200037002564
       -3.582099914550781
       -1.343400001525879
  -7.519000172615051E-001
  -1.101000010967255E-001
        1.133499979972839
        1.998299956321716
        1.901200056076050
        3.581799983978272
        3.535300016403198
        2.921499967575073
        3.719599962234497
        2.217600107192993
        1.930099964141846
        1.840100049972534
   2.569999918341637E-002
        1.084800004959106
   7.523000240325928E-001
   8.479999899864197E-001
        3.675299882888794
        1.627200007438660
        2.716599941253662
        3.633599996566773
        3.534800052642822
        3.070199966430664
        3.395299911499023
   8.285999894142151E-001
   5.530999898910523E-001
        1.769199967384338
   9.456999897956848E-001
        1.093899965286255
  -1.467999964952469E-001
   7.714999914169312E-001
        3.387500047683716
        1.866999983787537
  -5.422000288963318E-001
  -1.943999975919724E-001
        1.491799950599670
        2.628099918365479
   7.792000174522400E-001
       -1.109200000762940
  -3.102000057697296E-001
  -2.316000014543533E-001
       -1.588000059127808
       -2.236500024795532
       -3.494100093841553
       -3.284100055694580
       -3.135799884796143
       -2.387099981307983
       -2.440999984741211
       -1.295899987220764
   4.447000026702881E-001
  -8.064000010490418E-001
       -2.520400047302246
       -3.875000000000000
       -2.913700103759766
       -1.581099987030029
   3.440000116825104E-002
   1.482000052928925E-001
       -1.138200044631958
       -2.488600015640259
       -3.087899923324585
  -9.441999793052673E-001
  -1.019999980926514E-001
   7.953000068664551E-001
  -7.519000172615051E-001
   5.091000199317932E-001
        2.033099889755249
        3.741499900817871
        6.271299839019775
        3.605000019073486
        3.136399984359741
   6.349999904632568E-001
  -4.113999903202057E-001
   8.755999803543091E-001
  -4.471000134944916E-001
        1.898000001907349
        1.817700028419495
   4.939999878406525E-001
   4.330999851226807E-001
  -3.603999912738800E-001
        1.919199943542481
        2.862999916076660
        1.115100026130676
   9.276999831199646E-001
        2.986500024795532
        2.779700040817261
   5.651000142097473E-001
   6.199999898672104E-002
        1.176800012588501
  -6.094999909400940E-001
   5.130000039935112E-002
        2.568900108337402
        2.014899969100952
        3.319900035858154
        1.180699944496155
  -4.273999929428101E-001
   3.330000042915344E-001
        1.934100031852722
        1.787799954414368
   1.659999974071980E-002
  -7.370000332593918E-002
  -3.932000100612640E-001
  -3.890999853610992E-001
       -3.479199886322022
       -2.107599973678589
       -2.744299888610840
       -3.506799936294556
       -2.059999942779541
       -3.020299911499023
       -1.873100042343140
   8.367000222206116E-001
       -1.817999958992004
       -2.783900022506714
       -5.256800174713135
       -1.298400044441223
  -9.742000102996826E-001
  -5.499999970197678E-003
        1.215100049972534
  -6.718999743461609E-001
       -1.127300024032593
  -5.583000183105469E-001
       -1.201900005340576
       -1.556100010871887
       -1.063300013542175
  -5.333999991416931E-001
  -1.508000046014786E-001
        1.578699946403503
        4.139400005340576
        6.195000171661377
        4.337200164794922
        2.592600107192993
  -1.710000038146973E-001
       -1.327999949455261
   1.792999953031540E-001
       -1.896000027656555
  -2.000000029802322E-001
   6.618000268936157E-001
   3.237000107765198E-001
  -5.375000238418579E-001
   9.358999729156494E-001
        1.852699995040894
        1.690799951553345
   7.425000071525574E-001
        1.790599942207336
        3.166500091552734
        2.973400115966797
  -5.670999884605408E-001
   3.388000130653381E-001
   5.900000222027302E-003
   9.660000205039978E-001
        1.389700055122376
        1.839900016784668
        2.599800109863281
        2.839699983596802
        2.092600107192993
        1.204100012779236
   4.636000096797943E-001
        2.079200029373169
        1.390699982643127
   8.320000022649765E-002
       -1.200000047683716
  -2.199999988079071E-001
  -7.968999743461609E-001
       -3.147300004959106
       -2.099400043487549
       -1.075600028038025
       -2.542500019073486
       -2.795300006866455
       -2.565700054168701
       -2.676700115203857
       -1.630300045013428
       -2.090800046920776
       -2.009500026702881
       -1.823400020599365
  -9.659000039100647E-001
       -1.032600045204163
   7.926999926567078E-001
   2.078000009059906E-001
       -1.789499998092651
       -3.678400039672852
       -2.878000020980835
       -2.448800086975098
       -3.140500068664551
       -2.642899990081787
  -2.810000069439411E-002
       -1.029000043869019
        1.384799957275391
        2.023200035095215
        3.341599941253662
        3.509599924087524
        1.860499978065491
   1.080000028014183E-001
       -2.410799980163574
       -3.682899951934815
       -3.041500091552734
       -1.661599993705750
  -8.126999735832214E-001
        1.120300054550171
        1.160899996757507
        1.268599987030029
        2.026299953460693
        1.655400037765503
        1.070299983024597
        1.391899943351746
        2.266700029373169
        1.745100021362305
   1.394000053405762E-001
       -1.088999986648560
       -1.108299970626831
  -3.086999952793121E-001
   2.885999977588654E-001
        1.343500018119812
        1.734300017356873
        2.404500007629395
        2.181799888610840
        1.915400028228760
       -1.339800000190735
   2.808000147342682E-001
       -1.273900032043457
       -2.250400066375732
       -2.134500026702881
       -1.364699959754944
   5.342000126838684E-001
       -4.002099990844727
       -1.574300050735474
       -2.757800102233887
       -2.024699926376343
       -3.552099943161011
       -3.918600082397461
       -3.526200056076050
       -2.875999927520752
       -1.185500025749207
       -1.508000016212463
  -7.559000253677368E-001
       -1.055099964141846
       -1.728199958801270
  -8.083999752998352E-001
       -2.088000059127808
       -1.406499981880188
       -2.223500013351440
       -2.619299888610840
       -2.265599966049194
       -2.618099927902222
       -3.040299892425537
  -5.246000289916992E-001
  -7.270000129938126E-002
   5.626000165939331E-001
   8.120999932289124E-001
        2.065799951553345
   5.777999758720398E-001
   4.989999905228615E-002
       -2.653599977493286
       -3.046299934387207
       -4.347700119018555
       -3.717600107192993
       -2.269900083541870
  -6.560999751091003E-001
        1.451300024986267
        2.451200008392334
   8.517000079154968E-001
   8.634999990463257E-001
  -4.160999953746796E-001
  -7.135000228881836E-001
   6.194000244140625E-001
   1.428000032901764E-001
  -5.590000152587891E-001
  -6.104000210762024E-001
  -4.929000139236450E-001
  -8.399000167846680E-001
   3.476999998092651E-001
   2.260000072419643E-002
        1.887799978256226
   8.263999819755554E-001
        3.111000061035156
        3.426100015640259
   5.076000094413757E-001
       -2.392899990081787
       -1.565799951553345
       -1.298300027847290
  -7.574999928474426E-001
       -1.486400008201599
       -1.297099947929382
       -1.270200014114380
       -3.714200019836426
       -2.565599918365479
       -3.590800046920776
       -2.774899959564209
       -5.969799995422363
       -4.720399856567383
       -3.721499919891357
       -3.631400108337402
       -2.601099967956543
       -1.916000008583069
  -5.963000059127808E-001
  -6.624000072479248E-001
  -2.255000025033951E-001
  -4.977999925613403E-001
  -2.520000040531158E-001
  -1.365000009536743E-001
   2.053000032901764E-001
       -1.606600046157837
       -2.267499923706055
       -1.660500049591065
  -8.460000157356262E-002
  -5.548999905586243E-001
  -1.631000041961670E-001
   4.724000096321106E-001
        1.425500035285950
   7.311999797821045E-001
   3.441999852657318E-001
  -4.453999996185303E-001
       -3.131599903106690
       -3.019500017166138
       -4.409500122070313
       -3.015500068664551
   2.725999951362610E-001
        1.350399971008301
        1.125900030136108
        1.720900058746338
  -6.072999835014343E-001
  -1.799999922513962E-002
  -5.964000225067139E-001
       -1.794600009918213
        1.177899956703186
  -7.666000127792358E-001
   1.379999965429306E-001
  -1.675000041723251E-001
  -4.940000176429749E-002
  -7.544000148773193E-001
        1.722699999809265
   3.910000026226044E-001
   5.676000118255615E-001
   6.482999920845032E-001
        4.073299884796143
        2.347100019454956
        1.101300001144409
  -7.059999704360962E-001
       -1.207399964332581
       -1.330100059509277
       -2.237900018692017
  -6.410999894142151E-001
  -3.384000062942505E-001
   8.285999894142151E-001
       -1.426399946212769
       -2.019200086593628
       -3.918999910354614
       -3.720999956130981
       -3.334700107574463
       -3.740400075912476
       -1.272500038146973
       -2.515000104904175
       -2.123100042343140
       -3.464400053024292
       -3.177999973297119
       -1.606799960136414
       -2.358599901199341
  -6.809999793767929E-002
       -1.132899999618530
       -1.034600019454956
       -1.240900039672852
       -1.751399993896484
       -2.189699888229370
  -2.163999974727631E-001
   2.955999970436096E-001
   7.577999830245972E-001
  -6.639999747276306E-001
        2.220299959182739
        1.679900050163269
   5.200000107288361E-002
   6.029999852180481E-001
  -8.662999868392944E-001
  -7.795000076293945E-001
       -1.628100037574768
       -1.766700029373169
       -4.617700099945068
   8.820000290870667E-002
   9.217000007629395E-001
  -6.089999899268150E-002
       -1.139500021934509
       -1.315199971199036
  -1.781000047922134E-001
       -1.265499949455261
  -9.532999992370606E-001
       -2.070100069046021
       -1.042400002479553
  -4.848999977111816E-001
  -1.990000009536743E-001
   4.158000051975250E-001
  -7.803000211715698E-001
   4.470000043511391E-002
   7.552000284194946E-001
  -5.080000162124634E-001
   9.523000121116638E-001
        3.416100025177002
        1.924000024795532
  -7.109000086784363E-001
  -2.328000068664551E-001
       -1.730100035667419
       -1.760900020599365
       -2.613300085067749
       -1.538699984550476
       -1.022400021553040
  -7.836999893188477E-001
   4.239999875426292E-002
       -1.222699999809265
       -1.348700046539307
       -1.919600009918213
       -2.687500000000000
       -3.671299934387207
       -3.442600011825562
       -2.405200004577637
       -2.664200067520142
       -3.494499921798706
       -2.753900051116943
       -2.045099973678589
       -2.088200092315674
  -9.059000015258789E-001
   6.740000098943710E-002
  -7.882000207901001E-001
   1.308999955654144E-001
  -8.033000230789185E-001
  -5.020999908447266E-001
   7.746999859809876E-001
   4.485999941825867E-001
   1.820999979972839E-001
   1.024999991059303E-001
        1.130399942398071
        1.377900004386902
        1.977800011634827
        1.305799961090088
  -4.708999991416931E-001
  -6.363999843597412E-001
  -8.866000175476074E-001
  -8.378000259399414E-001
       -1.857699990272522
   5.684000253677368E-001
        1.096400022506714
  -2.633999884128571E-001
       -3.320600032806397
       -1.060799956321716
       -1.705500006675720
       -1.864099979400635
       -3.641599893569946
       -4.817399978637695
       -1.402500033378601
       -1.887199997901917
  -8.209999799728394E-001
   5.098999738693237E-001
   9.491999745368958E-001
   5.058000087738037E-001
        2.156199932098389
   2.869000136852264E-001
  -6.769999861717224E-002
   2.556000053882599E-001
        2.101000070571899
  -8.290000259876251E-002
       -1.406999945640564
  -2.329999953508377E-002
       -1.922000050544739
       -2.070800065994263
       -3.036200046539307
   4.158999919891357E-001
  -4.763999879360199E-001
  -3.057000041007996E-001
       -1.649899959564209
       -1.528900027275085
       -1.366299986839294
       -3.722399950027466
       -4.805699825286865
       -3.568399906158447
       -2.169199943542481
       -2.382999897003174
       -3.128200054168701
       -2.489799976348877
       -2.068700075149536
  -4.848000109195709E-001
  -5.746999979019165E-001
        1.735499978065491
   8.468000292778015E-001
        1.995200037956238
   4.372000098228455E-001
  -9.154999852180481E-001
        2.296499967575073
        3.707700014114380
        1.613999962806702
        1.444200038909912
        2.040100097656250
        1.116199970245361
        1.025200009346008
   7.853999733924866E-001
       -2.123699903488159
       -2.245800018310547
       -1.305099964141846
  -5.246999859809876E-001
  -8.991000056266785E-001
  -4.366999864578247E-001
  -3.550000116229057E-002
  -5.120999813079834E-001
       -1.518100023269653
       -2.074599981307983
       -2.774399995803833
       -3.280400037765503
       -4.070099830627441
       -6.044300079345703
       -6.092100143432617
       -4.415299892425537
       -1.125900030136108
       -1.016100049018860
        2.191299915313721
   8.223000168800354E-001
        1.990100026130676
   6.338999867439270E-001
   3.179999887943268E-001
   5.572000145912170E-001
   9.846000075340271E-001
        1.379199981689453
  -7.807000279426575E-001
       -1.587499976158142
  -5.769000053405762E-001
   1.805000007152557E-001
       -1.372599959373474
       -1.870399951934815
        1.781100034713745
       -2.282500028610230
       -4.260300159454346
       -2.044100046157837
       -1.749300003051758
       -2.349999904632568
       -2.628499984741211
       -1.544800043106079
       -2.825099945068359
       -3.194099903106690
       -3.289099931716919
       -2.983799934387207
  -8.432000279426575E-001
  -1.120999976992607E-001
        1.518000006675720
        1.558200001716614
  -1.163000017404556E-001
  -1.196999996900559E-001
   1.379999984055758E-002
  -6.065000295639038E-001
   6.553999781608582E-001
        3.251499891281128
        1.383999943733215
        2.573699951171875
        1.526600003242493
   2.234999984502792E-001
   2.620000019669533E-002
  -9.049000144004822E-001
       -1.521199941635132
       -1.330199956893921
       -1.444000005722046
       -3.665199995040894
       -1.835000038146973
  -2.431000024080277E-001
  -5.084999799728394E-001
       -2.054500102996826
  -9.495000243186951E-001
       -2.233799934387207
       -2.451800107955933
       -3.132200002670288
       -2.226599931716919
       -3.842900037765503
       -5.364699840545654
       -3.718600034713745
       -1.929000020027161
       -1.374300003051758
   5.184999704360962E-001
  -6.190000176429749E-001
        1.738100051879883
   4.841000139713287E-001
  -1.934999972581863E-001
   4.656000137329102E-001
   9.771000146865845E-001
  -7.764999866485596E-001
        1.301300048828125
  -8.521999716758728E-001
       -1.359200000762940
        1.326099991798401
  -5.701000094413757E-001
        1.574800014495850
        1.364500045776367
  -7.509999871253967E-001
  -5.077999830245972E-001
       -1.070199966430664
       -1.713099956512451
       -1.433200001716614
       -1.712599992752075
       -2.464600086212158
       -3.289999961853027
       -3.988500118255615
       -3.889800071716309
       -2.175400018692017
  -5.649999976158142E-001
        2.072799921035767
        1.246700048446655
   3.846000134944916E-001
  -6.353999972343445E-001
       -1.500100016593933
  -2.494000047445297E-001
  -5.565000176429749E-001
   4.521999955177307E-001
        2.060899972915649
        1.511700034141541
   9.488000273704529E-001
       -1.337499976158142
       -2.182300090789795
       -2.042599916458130
  -4.467000067234039E-001
  -1.371999979019165E-001
       -1.528699994087219
       -1.268000006675720
       -3.480799913406372
       -1.471899986267090
   6.378999948501587E-001
   7.118999958038330E-001
        2.665999889373779
  -1.184000000357628E-001
   1.757999956607819E-001
  -9.516999721527100E-001
       -1.806699991226196
       -2.134900093078613
       -3.499000072479248
       -2.663199901580811
       -1.178699970245361
       -1.388700008392334
       -2.138099908828735
  -1.788000017404556E-001
  -6.697999835014343E-001
  -6.126999855041504E-001
  -8.173000216484070E-001
       -2.059099912643433
  -1.040999963879585E-001
  -3.679000139236450E-001
       -1.981600046157837
  -9.088000059127808E-001
       -2.156500101089478
  -4.661000072956085E-001
        1.916800022125244
  -6.632999777793884E-001
   9.850999712944031E-001
        1.463600039482117
   1.221999973058701E-001
  -1.704999953508377E-001
       -2.536799907684326
       -1.329800009727478
       -1.132500052452087
  -8.540000021457672E-002
       -1.061800003051758
       -4.311200141906738
       -5.326000213623047
       -5.052899837493897
       -3.856199979782105
   2.979999966919422E-002
   5.462999939918518E-001
        1.288499951362610
  -8.730000257492065E-002
   1.456000059843063E-001
  -7.329999655485153E-002
        1.194300055503845
   3.662000000476837E-001
  -4.183999896049500E-001
   2.284000068902969E-001
   2.219000011682510E-001
   6.669999957084656E-001
   5.554000139236450E-001
       -2.046900033950806
       -1.619300007820129
       -2.710200071334839
       -1.589699983596802
       -1.360100030899048
       -3.336899995803833
       -2.887000083923340
  -8.467000126838684E-001
   5.700000002980232E-002
        2.836899995803833
        1.640100002288818
  -5.824000239372253E-001
   9.172999858856201E-001
        1.007300019264221
  -6.093999743461609E-001
       -2.973999977111816
       -1.888900041580200
       -1.850499987602234
        1.415599942207336
  -8.930000066757202E-001
       -1.847599983215332
       -1.870900034904480
       -2.056499958038330
  -9.477999806404114E-001
       -1.458500027656555
       -1.134199976921082
       -1.705500006675720
  -7.260000109672546E-001
  -1.741999983787537E-001
       -1.833500027656555
  -2.707000076770783E-001
        1.257099986076355
        1.217800021171570
        1.666399955749512
        1.577600002288818
        2.647399902343750
   2.597000002861023E-001
  -4.690999984741211E-001
  -8.536999821662903E-001
       -2.071599960327148
       -1.964300036430359
       -1.856699943542481
       -1.448899984359741
       -5.100299835205078
       -4.932199954986572
       -5.620200157165527
       -2.822700023651123
       -1.140100002288818
   2.781000137329102E-001
        1.337299942970276
   3.481000065803528E-001
  -9.107999801635742E-001
   2.849999964237213E-001
        2.164999961853027
        2.341799974441528
        1.090899944305420
   3.449999988079071E-001
   1.075000017881393E-001
   1.290000043809414E-002
        1.871099948883057
  -6.797999739646912E-001
  -2.316000014543533E-001
  -3.855000138282776E-001
   4.411999881267548E-001
       -1.100200057029724
       -3.151400089263916
       -1.685099959373474
   5.938000082969666E-001
   3.831999897956848E-001
        3.282299995422363
        2.867399930953980
        1.994799971580505
  -1.400000005960465E-001
        1.036200046539307
       -1.589200019836426
       -1.221799969673157
  -6.230000257492065E-001
   5.235999822616577E-001
  -4.749000072479248E-001
   1.070000007748604E-001
       -2.518599987030029
       -3.262599945068359
       -3.413800001144409
       -2.010799884796143
        1.447900056838989
  -3.167999982833862E-001
        1.939700007438660
        1.226300001144409
   1.590000092983246E-002
   1.351999938488007E-001
       -1.048699975013733
  -3.864000141620636E-001
  -4.809999838471413E-002
        1.267400026321411
        2.260699987411499
        1.381500005722046
        1.677700042724609
   6.309000253677368E-001
  -6.953999996185303E-001
       -1.365000009536743
       -2.213500022888184
       -1.329900026321411
       -3.246400117874146
       -3.678100109100342
       -3.631900072097778
       -6.430300235748291
       -3.800800085067749
       -2.852099895477295
  -9.484999775886536E-001
        1.684999942779541
  -4.106999933719635E-001
       -1.906399965286255
   7.620999813079834E-001
        1.932800054550171
        1.803900003433228
   3.966000080108643E-001
       -1.025799989700317
  -1.554999947547913E-001
   4.343999922275543E-001
        1.090399980545044
       -1.338199973106384
       -1.424100041389465
   4.158999919891357E-001
       -1.023800015449524
       -1.473999977111816
       -3.330600023269653
  -8.970000147819519E-001
   5.019999742507935E-001
   5.060999989509583E-001
        2.684200048446655
        3.611099958419800
        2.619699954986572
        1.617400050163269
        1.174299955368042
  -7.475000023841858E-001
       -1.730900049209595
  -5.371000170707703E-001
  -1.799999922513962E-002
  -5.723999738693237E-001
       -3.041100025177002
       -1.310099959373474
       -2.698199987411499
       -3.482100009918213
       -2.515599966049194
   8.830000162124634E-001
  -3.932999968528748E-001
        2.345700025558472
        2.599400043487549
  -3.161999881267548E-001
        1.024799942970276
  -8.616999983787537E-001
       -1.268300056457520
       -1.247499942779541
   3.258999884128571E-001
        1.547600030899048
        2.789499998092651
        2.485199928283691
        1.914199948310852
        1.256700038909912
  -2.809000015258789E-001
  -6.916999816894531E-001
   8.590000122785568E-002
       -2.520900011062622
       -5.661200046539307
       -5.183499813079834
       -4.401100158691406
       -4.505000114440918
       -3.774800062179565
       -2.797399997711182
  -4.350999891757965E-001
       -1.568699955940247
       -2.477299928665161
  -6.790000200271606E-001
   6.739000082015991E-001
   6.976000070571899E-001
       -2.265799999237061
       -1.339400053024292
       -1.282099962234497
   7.069000005722046E-001
   4.614000022411346E-001
       -1.128200054168701
       -1.714300036430359
       -2.519999980926514
   2.879999950528145E-002
       -2.339999914169312
       -2.968300104141235
       -1.272500038146973
       -1.290099978446960
  -2.685999870300293E-001
   5.734000205993652E-001
        3.168100118637085
        3.315299987792969
        2.346899986267090
        1.301100015640259
  -6.714000105857849E-001
  -6.998000144958496E-001
  -4.756000041961670E-001
       -1.300600051879883
       -2.687500000000000
       -2.145299911499023
       -1.840800046920776
       -1.935199975967407
  -4.122000038623810E-001
  -2.960000000894070E-002
        1.353000044822693
  -4.083999991416931E-001
        1.791700005531311
        1.027400016784668
        2.595299959182739
   3.797999918460846E-001
  -7.890999913215637E-001
       -2.197999954223633
  -2.148000001907349E-001
   5.730000138282776E-002
        3.351700067520142
        3.390199899673462
        3.002000093460083
        1.394199967384338
  -2.213000059127808E-001
        1.912899971008301
   9.700000286102295E-002
  -3.634999990463257E-001
  -5.759000182151794E-001
       -3.561399936676025
       -4.753200054168701
       -4.505000114440918
       -3.964400053024292
       -2.671099901199341
       -1.678500056266785
       -2.792599916458130
       -1.354200005531311
  -8.064000010490418E-001
        1.313400030136108
   1.551000028848648E-001
       -1.995499968528748
       -3.195499897003174
       -3.389199972152710
       -2.704499959945679
       -1.550099968910217
  -1.810000091791153E-002
       -1.656100034713745
       -2.714999914169312
       -1.864699959754944
  -8.920999765396118E-001
       -2.677799940109253
       -2.495800018310547
       -1.853500008583069
   2.493000030517578E-001
        1.142300009727478
        1.628000020980835
        1.811300039291382
   4.295000135898590E-001
        2.686500072479248
        2.351500034332275
        1.253900051116943
  -1.381999999284744E-001
       -1.485299944877625
       -2.439500093460083
       -1.345299959182739
  -7.143999934196472E-001
  -4.330999851226807E-001
       -1.487699985504150
   6.381999850273132E-001
   7.675999999046326E-001
       -1.948799967765808
       -2.172100067138672
        1.192100048065186
        1.271800041198731
        1.154999971389771
       -1.562399983406067
       -2.595200061798096
  -8.572999835014343E-001
       -1.030400037765503
  -5.453000068664551E-001
        1.920799970626831
        3.766099929809570
        1.746399998664856
        1.141999959945679
  -1.921000033617020E-001
       -1.171200037002564
   2.090000063180924E-001
  -6.291000247001648E-001
  -7.016999721527100E-001
       -3.275599956512451
       -3.016099929809570
  -8.781999945640564E-001
       -3.206599950790405
       -4.521800041198731
       -3.279500007629395
       -1.626899957656860
       -1.058500051498413
   8.298000097274780E-001
  -8.385000228881836E-001
  -1.997999995946884E-001
       -1.545699954032898
       -1.205000042915344
       -2.479399919509888
       -4.305300235748291
       -2.719500064849854
       -2.490999937057495
       -1.776800036430359
  -8.238000273704529E-001
       -2.015300035476685
       -2.379199981689453
       -1.021999955177307
       -1.309800028800964
       -2.221600055694580
       -1.728800058364868
       -1.571799993515015
   6.486999988555908E-001
        3.697599887847900
        2.345900058746338
        3.723799943923950
        2.893699884414673
        1.891199946403503
        1.199800014495850
   7.859999686479569E-002
   3.900000080466270E-002
  -3.659999966621399E-001
       -1.260699987411499
  -6.477000117301941E-001
  -9.542999863624573E-001
   2.838999927043915E-001
   3.486999869346619E-001
       -1.940000057220459
   6.033999919891357E-001
       -1.386999964714050
  -9.164000153541565E-001
       -2.051199913024902
       -1.678699970245361
  -4.176999926567078E-001
   7.314000129699707E-001
   1.323000043630600E-001
        1.707900047302246
        1.742699980735779
        2.256299972534180
        3.086100101470947
        2.741300106048584
   9.653000235557556E-001
   2.978999912738800E-001
   9.049000144004822E-001
       -1.486299991607666
       -2.051899909973145
       -1.583999991416931
       -1.103000044822693
  -7.588000297546387E-001
  -4.451999962329865E-001
       -1.746899962425232
  -6.855000257492065E-001
       -1.825299978256226
  -5.766000151634216E-001
   6.039000153541565E-001
  -5.989000201225281E-001
  -7.871999740600586E-001
       -1.032899975776672
  -3.698999881744385E-001
       -1.522600054740906
       -2.875099897384644
       -3.436199903488159
       -3.108900070190430
       -3.022200107574463
       -1.226300001144409
       -3.168299913406372
       -1.752099990844727
  -7.096999883651733E-001
       -1.325299978256226
  -9.516999721527100E-001
  -9.041000008583069E-001
       -1.674900054931641
  -7.540000230073929E-002
        2.730299949645996
        2.303400039672852
        2.550299882888794
        2.659100055694580
        2.671499967575073
        3.327899932861328
        2.037100076675415
        2.207099914550781
        2.333800077438355
        1.120399951934815
  -4.255000054836273E-001
       -1.567199945449829
   9.958000183105469E-001
        1.184900045394898
        1.781399965286255
        2.305099964141846
   5.103999972343445E-001
       -1.428300023078919
  -2.441000044345856E-001
   2.416999936103821E-001
        1.496199965476990
        1.980499982833862
        1.572399973869324
        2.129699945449829
        1.545500040054321
        3.518100023269653
        2.382200002670288
        1.469799995422363
   7.454000115394592E-001
       -1.834200024604797
  -2.933000028133392E-001
       -2.454499959945679
       -2.236700057983398
  -4.514999985694885E-001
   2.199999988079071E-003
   1.841000020503998E-001
  -5.544000267982483E-001
  -4.876999855041504E-001
   6.212000250816345E-001
       -1.233600020408630
       -1.070600032806397
  -1.775999963283539E-001
  -9.635000228881836E-001
       -1.778399944305420
  -7.671999931335449E-001
   4.623000025749207E-001
       -1.077600002288818
       -2.154200077056885
       -3.684299945831299
       -3.701600074768066
       -1.344099998474121
       -2.785799980163574
       -2.122900009155273
       -1.196799993515015
  -8.734999895095825E-001
       -1.260800004005432
       -1.743800044059753
       -1.564000010490418
  -6.291000247001648E-001
  -4.889000058174133E-001
        1.240900039672852
        2.215300083160400
        3.275500059127808
        2.881999969482422
        2.044100046157837
        1.743700027465820
        1.308899998664856
   4.280999898910523E-001
        1.335800051689148
   4.083999991416931E-001
       -1.350700020790100
       -1.430699944496155
   4.221000075340271E-001
        3.367199897766113
        1.998299956321716
        2.836499929428101
   5.694000124931335E-001
   2.281000018119812E-001
   9.932000041007996E-001
   5.037999749183655E-001
        2.111900091171265
        3.261399984359741
        3.261600017547607
        3.103100061416626
        3.037499904632568
        3.988199949264526
        2.608999967575073
        2.612999916076660
        1.091699957847595
       -1.145900011062622
       -3.756000041961670
       -4.088699817657471
       -4.115300178527832
       -2.634099960327148
       -2.552500009536743
       -1.539499998092651
       -2.325500011444092
       -1.309700012207031
   4.108000099658966E-001
   3.188000023365021E-001
   3.623000085353851E-001
  -2.818000018596649E-001
  -8.787999749183655E-001
  -2.856000065803528E-001
       -1.880699992179871
       -2.426899909973145
   5.375999808311462E-001
   8.008000254631043E-001
       -1.816300034523010
       -1.550999999046326
       -2.207600116729736
       -1.331799983978272
   1.378999948501587E-001
  -1.296000033617020E-001
   8.316000103950501E-001
       -2.287400007247925
  -7.430999875068665E-001
  -5.949000120162964E-001
  -8.603000044822693E-001
   3.265999853610992E-001
   3.119999915361404E-002
        1.443300008773804
        4.071100234985352
        1.744600057601929
        1.794899940490723
        2.796099901199341
   2.737999856472015E-001
   3.612999916076660E-001
   7.118999958038330E-001
   8.062000274658203E-001
       -1.799700021743774
       -1.345800042152405
        1.519299983978272
        1.821400046348572
        2.660300016403198
   7.175999879837036E-001
        2.878999948501587
   5.789999961853027E-001
  -3.657000064849854E-001
   6.556000113487244E-001
        1.636000037193298
        3.161400079727173
        4.005899906158447
        3.658699989318848
        3.978499889373779
        2.153599977493286
        1.978199958801270
        1.776800036430359
   3.799000084400177E-001
       -2.679699897766113
       -2.924099922180176
       -2.597899913787842
       -5.007800102233887
       -3.198400020599365
       -2.184499979019165
       -1.581400036811829
       -1.417099952697754
   7.615000009536743E-001
   7.182000279426575E-001
   5.929999947547913E-001
        1.317199945449829
        1.025900006294251
   8.445000052452087E-001
   9.072999954223633E-001
        1.113100051879883
        1.395599961280823
        1.225800037384033
       -1.393700003623962
       -1.468199968338013
       -1.476199984550476
  -5.723999738693237E-001
  -3.664999902248383E-001
        1.191900014877319
   7.319999933242798E-001
  -8.144999742507935E-001
       -1.372200012207031
       -2.540400028228760
  -2.335000038146973E-001
  -9.710000157356262E-001
   1.753000020980835E-001
   6.259999871253967E-001
        1.147099971771240
        1.832299947738648
        2.032999992370606
        1.432500004768372
        2.122900009155273
        1.744600057601929
  -4.453000128269196E-001
       -1.043099999427795
       -2.081700086593628
  -7.366999983787537E-001
   4.262000024318695E-001
        1.034500002861023
        2.740700006484985
   4.733999967575073E-001
  -5.429999902844429E-002
   4.898999929428101E-001
        2.059499979019165
   8.246999979019165E-001
        2.255500078201294
        2.883699893951416
        3.142400026321411
        2.393599987030029
        2.859499931335449
        1.265499949455261
        2.669899940490723
   6.381999850273132E-001
   2.169999927282333E-001
  -3.860999941825867E-001
       -2.479799985885620
  -2.425999939441681E-001
       -1.947800040245056
       -2.052599906921387
       -2.671200037002564
       -1.513499975204468
       -1.985999941825867
       -1.867599964141846
  -1.877000033855438E-001
  -8.161000013351440E-001
  -9.489999711513519E-002
   1.988999992609024E-001
   9.046999812126160E-001
        2.694099903106690
        2.732000112533569
        1.953099966049194
        1.131500005722046
        1.434599995613098
  -4.390000104904175E-001
       -1.929999947547913
       -1.991000056266785
       -1.634099960327148
        1.170300006866455
        1.723399996757507
        1.228099942207336
   4.360000044107437E-002
       -1.474499940872192
       -1.747799992561340
       -1.793699979782105
  -3.233999907970429E-001
        1.033300042152405
        1.592000007629395
   1.099999994039536E-003
   6.984999775886536E-001
        1.604400038719177
        1.327700018882752
        2.210700035095215
        2.418200016021729
   1.435000002384186E-001
  -6.029999852180481E-001
  -3.869999945163727E-002
        1.796499967575073
   4.408999979496002E-001
  -2.075999975204468E-001
  -2.320999950170517E-001
        1.201500058174133
  -3.133000135421753E-001
   9.886999726295471E-001
        2.435800075531006
        1.574499964714050
  -5.669999867677689E-002
        2.611399888992310
        3.316499948501587
        3.272599935531616
        3.172100067138672
        1.379799962043762
   8.859000205993652E-001
   2.980999946594238E-001
  -9.883000254631043E-001
  -6.366999745368958E-001
  -5.487999916076660E-001
       -1.468899965286255
  -5.600000023841858E-001
       -2.877500057220459
       -3.422300100326538
       -1.468000054359436
       -1.891399979591370
       -1.510900020599365
       -1.910599946975708
  -8.145999908447266E-001
       -1.126299977302551
       -1.493199944496155
   1.976999938488007E-001
        2.439899921417236
        2.892899990081787
        2.997999906539917
        2.498500108718872
        2.409399986267090
   4.129000008106232E-001
        1.284100055694580
        1.475600004196167
        1.927399992942810
   5.713999867439270E-001
        1.846300005912781
        2.523099899291992
        1.978099942207336
   1.486999988555908E-001
   7.649999856948853E-002
        1.020599961280823
   2.630000114440918E-001
   5.727000236511231E-001
        1.068899989128113
   6.478999853134155E-001
   1.329999975860119E-002
   3.246000111103058E-001
        1.065899968147278
        1.169100046157837
        2.003400087356567
        1.149600028991699
        1.691100001335144
   7.012000083923340E-001
   2.395000010728836E-001
  -5.375000238418579E-001
  -6.711000204086304E-001
  -1.620000042021275E-002
  -6.570000052452087E-001
  -9.057000279426575E-001
  -8.436999917030335E-001
   4.068000018596649E-001
        1.598199963569641
  -2.750000059604645E-001
   5.734999775886536E-001
        2.382100105285645
        2.536700010299683
        5.456099987030029
        5.834899902343750
        2.798899888992310
        2.230099916458130
   8.420000076293945E-001
   9.542000293731690E-001
  -1.758999973535538E-001
       -1.778699994087219
       -1.631500005722046
       -3.393399953842163
       -1.267199993133545
  -9.904999732971191E-001
       -1.003000020980835
       -2.624500036239624
  -4.120000004768372E-001
       -1.495499968528748
       -1.486500024795532
  -1.532000005245209E-001
  -1.893000006675720E-001
        2.192699909210205
        4.491799831390381
        2.649499893188477
        2.734499931335449
        1.455299973487854
  -4.693000018596649E-001
        1.886100053787231
        2.592200040817261
        2.196300029754639
        1.828500032424927
        1.396800041198731
        2.953299999237061
        2.395600080490112
        2.034100055694580
   1.489000022411346E-001
  -1.030000001192093E-001
        2.005899906158447
   5.374000072479248E-001
   9.771000146865845E-001
   2.502000033855438E-001
       -2.152400016784668
  -5.292000174522400E-001
   9.523000121116638E-001
  -5.869999900460243E-002
   4.304000139236450E-001
        1.043099999427795
        1.589100003242493
  -6.400000303983688E-002
  -1.924999952316284E-001
   6.593999862670898E-001
        1.766199946403503
        1.061900019645691
   4.411000013351440E-001
       -1.693500041961670
  -9.969000220298767E-001
        1.188699960708618
        1.711899995803833
        1.575000047683716
        1.841300010681152
        2.281800031661987
        2.992700099945068
        4.580100059509277
        6.137300014495850
        5.439300060272217
  -8.579000234603882E-001
        1.292099952697754
        2.124200105667114
   5.788999795913696E-001
  -5.437999963760376E-001
       -1.770799994468689
       -2.872999906539917
       -1.778399944305420
  -7.978000044822693E-001
  -4.517000019550324E-001
       -1.499400019645691
   1.921000033617020E-001
  -1.286000013351440E-001
  -8.422999978065491E-001
   5.832999944686890E-001
        2.113800048828125
        2.137000083923340
        3.366899967193604
        2.223999977111816
        3.008599996566773
   1.377000063657761E-001
  -2.716000080108643E-001
        1.760599970817566
   9.399999976158142E-001
        2.389800071716309
        1.119099974632263
   6.923000216484070E-001
        2.700799942016602
        2.112299919128418
        2.100800037384033
        2.411499977111816
   4.668000042438507E-001
   7.968999743461609E-001
        1.162999987602234
        1.052800059318543
   4.496000111103058E-001
  -3.145999908447266E-001
        1.338899970054627
        2.131900072097778
   4.205000102519989E-001
   2.527999877929688E-001
        2.394900083541870
   9.448000192642212E-001
   2.401999980211258E-001
   3.682000041007996E-001
  -8.931999802589417E-001
   6.736999750137329E-001
  -3.294000029563904E-001
   6.241000294685364E-001
   8.623999953269959E-001
   3.495000004768372E-001
   9.595000147819519E-001
   6.157000064849854E-001
   6.664999723434448E-001
        2.957900047302246
        1.345199942588806
        2.066099882125855
        5.348800182342529
        5.802000045776367
        6.537799835205078
   5.110000073909760E-002
        1.710199952125549
   9.373000264167786E-001
  -6.650000065565109E-002
  -5.561000108718872E-001
  -4.736000001430512E-001
       -2.374599933624268
       -1.198500037193298
   7.304999828338623E-001
       -1.452900052070618
        1.338099956512451
        1.064900040626526
        2.854899883270264
   8.299999833106995E-001
   5.665000081062317E-001
   6.024000048637390E-001
        1.908100008964539
        3.232700109481812
        3.894599914550781
        1.634299993515015
  -2.460999935865402E-001
  -3.486000001430512E-001
        1.778100013732910
        3.834599971771240
        1.375000000000000
        1.549000024795532
        1.942199945449829
        2.159899950027466
        1.372300028800964
        2.238300085067749
        1.526800036430359
   1.070000007748604E-001
   5.669999867677689E-002
   4.905999898910523E-001
   5.304999947547913E-001
        1.475700020790100
  -7.559999823570252E-001
   6.072000265121460E-001
        1.899000048637390
        2.754800081253052
        3.180500030517578
        2.449800014495850
        2.023900032043457
  -5.640000104904175E-002
        1.071900010108948
       -1.677399992942810
  -7.148000001907349E-001
  -4.792000055313110E-001
       -1.786200046539307
        1.098799943923950
   1.068999990820885E-001
   2.477000057697296E-001
  -6.419000029563904E-001
        1.635100007057190
        2.634599924087524
   7.319999933242798E-001
        2.383199930191040
        5.552599906921387
        4.238699913024902
        5.019599914550781
  -7.271000146865845E-001
       -1.155099987983704
   5.162000060081482E-001
  -3.409999981522560E-002
   3.212999999523163E-001
  -2.215999960899353E-001
   6.984999775886536E-001
   1.812999993562698E-001
   4.934999942779541E-001
   5.417000055313110E-001
   9.830000251531601E-002
        1.953699946403503
        2.120300054550171
        1.215899944305420
   9.253000020980835E-001
        1.847699999809265
        1.317499995231628
        2.279700040817261
        2.482399940490723
  -9.080000221729279E-002
   7.940000295639038E-001
  -4.603999853134155E-001
        2.758800029754639
        3.755000114440918
        2.627700090408325
  -1.362999975681305E-001
   3.648999929428101E-001
        1.094400048255920
   6.949999928474426E-002
        1.450999975204468
        2.595200061798096
   3.792999982833862E-001
       -1.208600044250488
        1.304800033569336
        1.420300006866455
   7.185999751091003E-001
        1.070700049400330
        1.723899960517883
        2.312200069427490
        3.896399974822998
        3.496400117874146
        2.537899971008301
        1.318600058555603
  -2.529999911785126E-001
  -6.446999907493591E-001
       -1.906700015068054
       -1.946799993515015
       -1.260800004005432
       -2.894500017166138
   4.512999951839447E-001
       -2.223700046539307
  -1.052000001072884E-001
        1.341799974441528
  -6.061999797821045E-001
   4.138000011444092E-001
        3.166800022125244
        3.772200107574463
        3.420099973678589
        4.363200187683106
        2.709800004959106
   4.672000110149384E-001
   3.172999918460846E-001
       -1.689399957656860
  -9.081000089645386E-001
       -1.556499958038330
  -2.876000106334686E-001
   5.223000049591065E-001
  -8.600000292062759E-002
  -7.670000195503235E-002
   6.732000112533569E-001
   5.914000272750855E-001
  -7.623999714851379E-001
       -1.421900033950806
        1.202299952507019
        1.253000020980835
        1.843099951744080
        2.207499980926514
   3.079000115394592E-001
        1.269999980926514
   9.958999752998352E-001
        1.167000055313110
   4.000000189989805E-003
   8.722000122070313E-001
        2.432800054550171
        2.968800067901611
  -8.686000108718872E-001
       -1.153900027275085
  -2.057999968528748E-001
  -1.700000092387199E-002
   8.199999928474426E-001
        1.996999979019165
        1.170899987220764
       -1.584900021553040
  -2.838999927043915E-001
   3.610000014305115E-002
        1.065400004386902
        2.689500093460083
        3.622400045394898
        1.104300022125244
        2.193200111389160
        2.254800081253052
        1.453600049018860
  -6.099999882280827E-003
       -1.223700046539307
       -2.940999984741211
       -1.749099969863892
       -1.555400013923645
       -1.822000026702881
       -1.803699970245361
       -2.392600059509277
   2.416000068187714E-001
  -6.340000033378601E-002
  -3.989000022411346E-001
  -3.429000079631805E-001
   3.353999853134155E-001
        2.733000040054321
        2.444900035858154
        2.665100097656250
        3.721899986267090
        4.039999961853027
        1.809999942779541
        1.025200009346008
       -1.369699954986572
       -2.489399909973145
   4.436999857425690E-001
       -1.609500050544739
   9.435999989509583E-001
   4.736999869346619E-001
        1.069200038909912
  -9.358000159263611E-001
  -4.505000114440918E-001
  -4.426999986171722E-001
  -8.245000243186951E-001
   2.036000043153763E-001
   7.473000288009644E-001
   7.968999743461609E-001
   3.228000104427338E-001
   4.668999910354614E-001
   9.266999959945679E-001
  -1.030000001192093E-001
  -3.362999856472015E-001
        1.541000008583069
        1.775599956512451
        1.799499988555908
        1.489199995994568
   6.225000023841858E-001
  -2.833000123500824E-001
       -1.570199966430664
        1.827600002288818
        2.556499958038330
        2.007800102233887
   5.929999947547913E-001
  -9.879000186920166E-001
  -2.675999999046326E-001
        1.111600041389465
        2.399699926376343
        1.713799953460693
        1.867100000381470
        1.935600042343140
        1.045300006866455
   8.246999979019165E-001
   1.151999980211258E-001
       -1.522300004959106
       -2.187099933624268
       -2.989200115203857
       -2.703700065612793
       -3.805799961090088
       -3.302000045776367
       -1.220000028610230
       -1.266199946403503
   5.751000046730042E-001
        1.445000052452087
   1.925999969244003E-001
   3.057999908924103E-001
        1.455100059509277
        3.473799943923950
        2.395200014114380
        3.483400106430054
        3.546700000762940
        3.763000011444092
   6.762999892234802E-001
       -2.396600008010864
       -3.302099943161011
       -2.231400012969971
       -1.037099957466126
       -3.233400106430054
       -2.299599885940552
       -1.740800023078919
       -2.701699972152710
       -1.881600022315979
  -7.045000195503235E-001
        1.417700052261353
  -2.879999876022339E-001
  -8.600000292062759E-003
   9.552000164985657E-001
   5.670999884605408E-001
  -7.048000097274780E-001
  -2.693000137805939E-001
        1.335000038146973
   7.199999876320362E-003
   9.042999744415283E-001
   1.264999955892563E-001
  -9.340000152587891E-001
        1.102599978446960
        2.049099922180176
   8.319000005722046E-001
       -1.167899966239929
       -1.041700005531311
   1.881999969482422E-001
        1.268200039863586
        1.385400056838989
   6.528000235557556E-001
   1.935999989509583E-001
        1.335100054740906
  -7.522000074386597E-001
        1.755599975585938
   5.041000247001648E-001
        1.979099988937378
        1.404999971389771
  -1.841000020503998E-001
       -1.020499944686890
  -4.228999912738800E-001
  -3.747999966144562E-001
       -2.365200042724609
       -3.699199914932251
       -4.248199939727783
       -4.355000019073486
       -4.959000110626221
       -5.357200145721436
  -9.114999771118164E-001
   1.644999980926514E-001
        1.891600012779236
   5.006999969482422E-001
   9.545999765396118E-001
        1.535300016403198
        2.911700010299683
        3.063199996948242
        2.869600057601929
        2.923899888992310
        1.893900036811829
       -1.793599963188171
       -2.859100103378296
       -2.017199993133545
       -2.191999912261963
       -2.748500108718872
       -2.089099884033203
       -3.310899972915649
   7.349999994039536E-002
       -1.038200020790100
  -4.388999938964844E-001
        2.435800075531006
        2.833300113677979
   2.777999937534332E-001
   4.670000076293945E-001
   6.679000258445740E-001
   1.070000045001507E-002
       -1.111799955368042
        1.374199986457825
       -2.088500022888184
  -3.820999860763550E-001
   7.880000025033951E-002
       -1.713600039482117
  -6.683999896049500E-001
   7.936999797821045E-001
        1.314700007438660
        1.099300026893616
   2.087000012397766E-001
  -9.277999997138977E-001
  -2.232999950647354E-001
        3.375699996948242
        2.509399890899658
   9.438999891281128E-001
        1.028900027275085
        1.851099967956543
        1.782400012016296
   7.031000256538391E-001
   4.562000036239624E-001
        1.394099950790405
  -4.589999914169312E-001
  -7.304999828338623E-001
       -1.818600058555603
   8.302999734878540E-001
  -9.337000250816345E-001
       -1.726899981498718
       -4.068099975585938
       -4.851500034332275
       -3.639800071716309
       -5.338699817657471
       -3.646199941635132
       -1.527699947357178
   1.501999944448471E-001
        1.785199999809265
   7.422999739646912E-001
        1.034500002861023
        1.346500039100647
        1.557299971580505
  -4.140000045299530E-002
        2.842000007629395
        2.350199937820435
        2.195399999618530
   2.700000070035458E-003
  -9.882000088691711E-001
       -2.865299940109253
       -1.834300041198731
       -2.572799921035767
       -3.136499881744385
       -1.465800046920776
       -1.780900001525879
   2.070000022649765E-002
        1.939599990844727
        1.792000055313110
        2.857599973678589
        1.406499981880188
        3.009200096130371
  -2.587999999523163E-001
   3.005999922752380E-001
  -6.603999733924866E-001
       -1.033100008964539
       -2.002500057220459
       -1.415899991989136
       -3.548099994659424
       -3.046700000762940
  -7.979000210762024E-001
  -5.414000153541565E-001
   8.959000110626221E-001
   7.911999821662903E-001
   6.047000288963318E-001
       -1.131399989128113
   1.018999963998795E-001
   5.102999806404114E-001
   4.352000057697296E-001
   3.343000113964081E-001
        2.466599941253662
        3.077500104904175
        2.870100021362305
        3.875400066375732
        1.634600043296814
        2.317399978637695
   3.364999890327454E-001
  -3.032000064849854E-001
       -1.125599980354309
  -9.095000028610230E-001
  -5.663999915122986E-001
       -1.588299989700317
       -3.565399885177612
       -4.751699924468994
       -3.885200023651123
       -3.813499927520752
       -4.450399875640869
       -3.729300022125244
  -7.210999727249146E-001
       -1.050799965858460
  -3.465999960899353E-001
   9.170000255107880E-002
        1.344400048255920
   2.304999977350235E-001
       -2.132200002670288
   5.644999742507935E-001
        1.544800043106079
        2.373199939727783
  -3.923000097274780E-001
       -1.138299942016602
       -1.007699966430664
       -1.332299947738648
       -3.901200056076050
       -3.559200048446655
       -1.071400046348572
   3.434999883174896E-001
  -5.835000276565552E-001
   1.950000040233135E-002
   4.402000010013580E-001
        1.591199994087219
        1.585899949073792
        3.439100027084351
   7.534000277519226E-001
       -1.103899955749512
       -2.084199905395508
       -2.872100114822388
       -3.474200010299683
       -1.805099964141846
       -4.361599922180176
       -3.618999958038330
       -2.163700103759766
   4.820000007748604E-002
   2.196999937295914E-001
   4.799999892711639E-001
   6.674000024795532E-001
  -4.564000070095062E-001
   7.976999878883362E-001
  -7.382000088691711E-001
       -1.161900043487549
       -1.217300057411194
        1.589400053024292
        3.142999887466431
        4.187300205230713
        3.363699913024902
        2.860899925231934
   3.469999879598618E-002
       -2.053100109100342
       -1.333600044250488
   3.034999966621399E-001
  -5.911999940872192E-001
  -5.873000025749207E-001
       -3.116600036621094
       -2.815700054168701
       -4.487100124359131
       -5.296700000762940
       -4.828700065612793
       -3.328200101852417
       -2.882499933242798
   9.161000251770020E-001
  -2.046999931335449E-001
   7.459999918937683E-001
   6.887000203132629E-001
        1.945500016212463
  -9.243000149726868E-001
       -1.201599955558777
  -6.890000104904175E-001
   2.143000066280365E-001
        2.078500032424927
  -6.514999866485596E-001
       -1.490599989891052
        1.400699973106384
   1.499000042676926E-001
       -2.473500013351440
       -2.821199893951416
   4.268000125885010E-001
        2.811300039291382
        2.063999891281128
        1.463999986648560
        1.392300009727478
   5.299999844282866E-003
   1.392000019550324E-001
        1.836199998855591
       -1.643399953842163
       -3.295000076293945
       -3.398799896240234
       -3.700500011444092
       -2.485300064086914
       -3.105400085449219
       -3.190000057220459
       -3.612600088119507
       -2.531699895858765
  -9.023000001907349E-001
   1.870999932289124E-001
        3.091500043869019
        1.748900055885315
        2.730999946594238
        1.016000032424927
        1.303799986839294
        1.335100054740906
   3.964999914169312E-001
        2.343600034713745
        4.245399951934815
        4.944399833679199
        2.799799919128418
        2.435100078582764
   1.527000069618225E-001
       -2.020499944686890
       -2.578599929809570
       -1.781800031661987
       -1.560600042343140
  -8.817999958992004E-001
       -1.483500003814697
       -3.208699941635132
       -4.691500186920166
       -4.580100059509277
       -4.548999786376953
       -2.800899982452393
       -2.221100091934204
   5.051000118255615E-001
   4.257999956607819E-001
        2.017100095748901
        1.137300014495850
        1.384299993515015
       -1.873800039291382
  -9.236000180244446E-001
  -8.363000154495239E-001
  -3.436999917030335E-001
   7.990999817848206E-001
   9.200000017881393E-002
       -1.694700002670288
  -1.441999971866608E-001
   9.667000174522400E-001
       -2.268800020217896
  -9.225000143051148E-001
        1.021600008010864
        3.237200021743774
        3.454699993133545
        2.164799928665161
  -2.012999951839447E-001
       -1.570700049400330
   3.334999978542328E-001
        1.317199945449829
       -3.051700115203857
       -2.559099912643433
       -4.355299949645996
       -2.212800025939941
       -3.085299968719482
       -2.567100048065186
       -1.964699983596802
       -1.846300005912781
  -9.351999759674072E-001
       -1.394999980926514
   8.240000009536743E-001
        2.119600057601929
   7.548999786376953E-001
        1.955999970436096
        1.039999961853027
   2.702000141143799E-001
   2.734000086784363E-001
        3.233799934387207
        3.003299951553345
        3.306299924850464
        3.087899923324585
        3.372800111770630
        2.013200044631958
  -8.603000044822693E-001
       -1.382899999618530
       -2.897000074386597
       -1.377799987792969
       -1.677899956703186
       -2.959500074386597
       -2.262200117111206
       -2.980999946594238
       -2.307800054550171
       -3.295200109481812
       -3.986099958419800
       -3.698499917984009
       -2.569099903106690
       -1.110499978065491
   2.300000041723251E-001
   4.805999994277954E-001
   8.647000193595886E-001
   4.939000010490418E-001
  -7.185000181198120E-001
  -8.680999875068665E-001
       -1.201200008392334
  -2.850000001490116E-002
        3.050400018692017
   5.112000107765198E-001
        1.682999968528748
        1.950399994850159
        3.100100040435791
  -3.438999950885773E-001
   8.212000131607056E-001
        1.916100025177002
        3.056099891662598
        2.216799974441528
        2.060600042343140
       -1.204699993133545
       -2.472800016403198
       -1.831500053405762
  -9.521999955177307E-001
  -1.645999997854233E-001
       -2.694099903106690
       -4.782700061798096
       -3.031199932098389
       -1.424200057983398
  -2.520000003278256E-002
   3.260000050067902E-001
   3.551000058650971E-001
  -3.730000182986260E-002
   1.303000003099442E-001
        1.298599958419800
        2.363699913024902
        2.048899888992310
        2.064599990844727
  -8.040999770164490E-001
   6.050000190734863E-001
   3.346000015735626E-001
        2.809700012207031
        3.123199939727783
        1.863499999046326
        1.588199973106384
  -5.672000050544739E-001
  -7.685999870300293E-001
       -1.632200002670288
       -1.401900053024292
       -2.514499902725220
  -9.106000065803528E-001
  -5.404999852180481E-001
       -2.593600034713745
       -2.132899999618530
       -2.246900081634522
       -1.964400053024292
       -1.966899991035461
       -1.227300047874451
   3.930000066757202E-001
  -4.602999985218048E-001
  -2.942000031471252E-001
  -7.999999821186066E-002
   1.571999937295914E-001
       -2.365099906921387
  -3.366999924182892E-001
   3.582000136375427E-001
  -9.107000231742859E-001
       -1.765900015830994
        1.150599956512451
        2.555500030517578
        1.223700046539307
        2.976700067520142
        2.559700012207031
        4.899799823760986
        3.862400054931641
        2.148799896240234
        1.791700005531311
        1.220199942588806
        2.664099931716919
        2.769000053405762
  -4.779999852180481E-001
       -3.458400011062622
       -2.222199916839600
   1.371999979019165E-001
  -6.147999763488770E-001
       -1.088199973106384
       -2.323400020599365
       -1.512599945068359
       -1.684800028800964
   9.740000218153000E-002
   5.930000171065331E-002
   1.199999973177910E-001
        1.191100001335144
        1.467300057411194
        3.610399961471558
        2.367700099945068
        3.995800018310547
   5.778999924659729E-001
  -2.102999985218048E-001
        1.682700037956238
   2.319999933242798E-001
   6.401000022888184E-001
        2.077699899673462
   8.689000010490418E-001
        1.587200045585632
       -1.133599996566773
       -1.778100013732910
       -1.142300009727478
       -1.585700035095215
       -1.673499941825867
       -1.817199945449829
   6.309000253677368E-001
  -5.303000211715698E-001
  -6.766999959945679E-001
  -1.174999997019768E-001
       -1.717499971389771
       -1.730499982833862
   6.697999835014343E-001
        1.298400044441223
        2.492799997329712
        1.179700016975403
   2.100999951362610E-001
  -8.740000128746033E-001
       -2.871900081634522
  -8.087999820709229E-001
   4.929000139236450E-001
   5.349000096321106E-001
   4.600000102072954E-003
  -6.705999970436096E-001
   3.768000006675720E-001
        1.547899961471558
        1.732399940490723
        4.295199871063232
        5.398900032043457
        3.773000001907349
        3.177200078964233
        3.113399982452393
   8.453000187873840E-001
        1.646600008010864
        1.814499974250794
   3.605000078678131E-001
       -2.631500005722046
       -2.905400037765503
       -3.125699996948242
  -8.215000033378601E-001
  -8.869999647140503E-002
       -1.924200057983398
       -2.811700105667114
  -4.621999859809876E-001
  -6.126000285148621E-001
        1.223399996757507
   7.774999737739563E-001
   9.419000148773193E-001
        2.503400087356567
        2.751800060272217
        2.995399951934815
        3.885200023651123
        2.075599908828735
   9.616000056266785E-001
        1.059900045394898
   5.641999840736389E-001
  -4.375999867916107E-001
   6.345999836921692E-001
        2.393399953842163
        1.678099989891052
   3.294000029563904E-001
        2.103600025177002
        1.163800001144409
   4.890000075101852E-002
       -1.004799962043762
       -1.052600026130676
   6.700999736785889E-001
  -3.914000093936920E-001
  -8.256000280380249E-001
   1.738999933004379E-001
       -1.290500044822693
        1.397199988365173
        2.581199884414673
        3.010499954223633
  -1.900000032037497E-003
  -5.480000004172325E-002
       -1.267600059509277
       -1.216599941253662
       -1.540099978446960
  -4.939999878406525E-001
   5.958999991416931E-001
   3.871000111103058E-001
  -8.077999949455261E-001
  -3.489999845623970E-002
        1.715199947357178
        1.598000049591065
        2.353199958801270
        4.131100177764893
        6.983099937438965
        3.806600093841553
        3.511699914932251
        3.160700082778931
        1.068400025367737
   4.916999936103821E-001
   9.563000202178955E-001
   2.509000003337860E-001
       -3.133399963378906
       -2.484100103378296
       -1.112100005149841
       -2.325200080871582
       -1.273800015449524
       -1.996299982070923
       -1.094300031661987
       -2.599900007247925
       -1.553400039672852
  -6.589999794960022E-001
  -5.916000008583069E-001
  -1.615000069141388E-001
        1.999300003051758
        2.256999969482422
   6.689000129699707E-001
        2.200400114059448
        1.712800025939941
        2.676800012588501
   7.559000253677368E-001
   3.328999876976013E-001
   4.772999882698059E-001
  -7.215999960899353E-001
        1.384299993515015
        1.957800030708313
        2.315799951553345
        2.492599964141846
        2.073699951171875
   5.368000268936157E-001
       -1.700700044631958
  -7.404000163078308E-001
  -4.930000007152557E-002
   7.445999979972839E-001
  -9.326999783515930E-001
       -2.458699941635132
       -1.177600026130676
  -5.029999837279320E-002
   5.842999815940857E-001
   5.970000103116036E-002
  -8.479999750852585E-002
       -1.541900038719177
       -2.325400114059448
       -2.075400114059448
       -1.159199953079224
  -2.856999933719635E-001
  -6.991000175476074E-001
   4.368999898433685E-001
  -6.904000043869019E-001
  -4.212000072002411E-001
  -4.469999969005585E-001
        3.078000068664551
        2.365700006484985
        3.527600049972534
        5.632400035858154
        3.892899990081787
        3.226599931716919
        1.565400004386902
   6.409999728202820E-001
   1.779000014066696E-001
  -9.377999901771545E-001
       -1.013200044631958
       -2.674799919128418
       -1.461099982261658
  -8.052999973297119E-001
       -1.719300031661987
  -5.841000080108643E-001
       -1.754500031471252
       -2.349299907684326
   2.619000077247620E-001
        1.370499968528748
  -9.541000127792358E-001
       -1.488000035285950
  -7.785999774932861E-001
   4.902000129222870E-001
        1.966199994087219
        2.581599950790405
        1.958099961280823
  -1.604000031948090E-001
  -2.168000042438507E-001
   8.621000051498413E-001
  -6.384999752044678E-001
  -4.088999927043915E-001
   6.022999882698059E-001
   4.981999993324280E-001
        1.253200054168701
        2.633800029754639
        3.886800050735474
        3.091099977493286
   2.748000025749207E-001
   4.221000075340271E-001
   4.639999866485596E-001
   3.790000081062317E-002
       -1.482699990272522
  -5.047000050544739E-001
   3.032999932765961E-001
       -1.137699961662293
   3.623000085353851E-001
  -1.569999940693378E-002
       -1.410400032997131
  -3.774000108242035E-001
  -8.069000244140625E-001
  -9.546999931335449E-001
       -1.291399955749512
  -6.136999726295471E-001
   3.855000138282776E-001
   7.498999834060669E-001
   7.013000249862671E-001
  -7.361000180244446E-001
   5.529000163078308E-001
        2.232000112533569
        3.236799955368042
        3.910099983215332
        2.679199934005737
        3.061800003051758
        4.235899925231934
        3.029799938201904
        3.949100017547607
        2.565099954605103
  -2.935000061988831E-001
   6.546000242233276E-001
       -1.427099943161011
       -2.624799966812134
  -8.337000012397766E-001
  -9.544000029563904E-001
       -2.554399967193604
       -2.408600091934204
       -2.517299890518189
       -1.901499986648560
  -2.565999925136566E-001
   5.200000107288361E-002
       -1.455199956893921
       -1.893800020217896
       -1.217800021171570
   9.668999910354614E-001
        4.169000148773193
        3.455499887466431
        1.806399941444397
        1.625900030136108
   4.995000064373016E-001
   8.057000041007996E-001
  -3.046999871730804E-001
  -2.391999959945679E-001
  -3.722000122070313E-001
   1.318999975919724E-001
        1.221699953079224
        2.776400089263916
        1.644799947738648
        1.213400006294251
       -1.281900048255920
   9.189999848604202E-002
  -8.169999718666077E-002
   5.613999962806702E-001
   5.565999746322632E-001
   9.142000079154968E-001
  -8.571000099182129E-001
       -1.569000005722046
  -4.767999947071075E-001
   1.387999951839447E-001
   4.383000135421753E-001
  -2.926000058650971E-001
  -8.342999815940857E-001
  -4.066999852657318E-001
  -8.593000173568726E-001
        1.908800005912781
        1.653699994087219
        2.170099973678589
        1.998600006103516
        2.314699888229370
        2.033600091934204
   6.772999763488770E-001
        5.077400207519531
        4.990900039672852
        4.005700111389160
        4.564700126647949
        4.716899871826172
        4.078499794006348
        2.506400108337402
   9.684000015258789E-001
   3.889999911189079E-002
       -2.364599943161011
       -2.222500085830689
       -1.614400029182434
  -9.564999938011169E-001
   3.785000145435333E-001
       -1.694399952888489
       -2.219099998474121
       -2.001300096511841
  -5.393000245094299E-001
  -9.581000208854675E-001
   9.923999905586243E-001
  -4.875999987125397E-001
       -1.112499952316284
   2.117000073194504E-001
        3.795399904251099
        3.452800035476685
        3.087300062179565
   8.550000190734863E-001
        2.206099987030029
        2.152100086212158
        1.095399975776672
  -6.021999716758728E-001
   3.127000033855438E-001
        1.813799977302551
        1.919299960136414
        2.735399961471558
        2.436700105667114
        2.474800109863281
        2.805999994277954
   1.269999984651804E-002
  -1.880999952554703E-001
       -1.762500047683716
       -1.621500015258789
   5.000000074505806E-002
  -4.194000065326691E-001
  -2.492000013589859E-001
       -2.333400011062622
  -1.594000011682510E-001
        1.290699958801270
        3.964600086212158
        1.062100052833557
        2.081700086593628
        3.164299964904785
        2.067600011825562
        1.275599956512451
        2.541199922561646
        4.031499862670898
        1.663400053977966
        1.729799985885620
        2.120300054550171
  -4.381000101566315E-001
        3.136899948120117
        2.380800008773804
        1.224699974060059
        1.656800031661987
        3.011699914932251
        3.337500095367432
        3.244299888610840
        1.303799986839294
       -1.107800006866455
       -1.764600038528442
       -1.042600035667419
  -6.103000044822693E-001
       -1.664999961853027
   6.919999718666077E-001
   1.129999980330467E-001
       -2.227999925613403
  -2.642000019550324E-001
       -1.019400000572205
   6.171000003814697E-001
   9.592999815940857E-001
        1.032199978828430
        1.278100013732910
        1.166599988937378
        2.216200113296509
        1.523300051689148
        1.404500007629395
  -1.589999943971634E-001
   2.789999917149544E-002
   7.265999913215637E-001
        1.153900027275085
  -5.447999835014343E-001
  -2.405000030994415E-001
        1.185700058937073
        2.095900058746338
        2.880500078201294
        3.200900077819824
        1.674499988555908
   2.102999985218048E-001
  -4.509999975562096E-002
       -3.059499979019165
       -2.294300079345703
       -2.335500001907349
       -3.276799917221069
  -6.829000115394592E-001
  -8.044000267982483E-001
       -1.709900021553040
  -2.485000044107437E-001
        1.250200033187866
        1.341199994087219
   8.310999870300293E-001
        1.771499991416931
        2.293900012969971
        2.575900077819824
  -4.878999888896942E-001
        2.349299907684326
        1.358600020408630
        2.373800039291382
        1.100499987602234
       -1.122599959373474
  -1.811999976634979E-001
        1.567399978637695
  -1.410000026226044E-001
       -1.189399957656860
       -1.292700052261353
  -3.971999883651733E-001
   9.463000297546387E-001
        1.293900012969971
        1.023800015449524
   7.971000075340271E-001
   2.865999937057495E-001
   4.262000024318695E-001
  -8.514000177383423E-001
  -8.917999863624573E-001
  -2.520000040531158E-001
        1.492300033569336
  -7.501000165939331E-001
   5.370000004768372E-001
   4.296999871730804E-001
  -2.478999942541122E-001
        1.277300000190735
   4.729999899864197E-001
        1.089800000190735
        1.114599943161011
        1.860800027847290
        2.592000007629395
  -7.921000123023987E-001
  -2.266999930143356E-001
       -1.569100022315979
  -4.569999873638153E-001
        2.008399963378906
        1.070299983024597
   3.458000123500824E-001
        1.856899976730347
   9.178000092506409E-001
        2.144999980926514
        1.810999989509583
  -8.630000054836273E-002
       -1.790300011634827
       -1.223899960517883
       -3.130199909210205
       -3.548300027847290
       -3.102600097656250
       -4.964799880981445
       -2.240799903869629
       -2.095400094985962
       -2.719000101089478
  -5.315999984741211E-001
   2.390000037848949E-002
   3.668000102043152E-001
   9.977999925613403E-001
  -5.900000222027302E-003
   7.526999711990356E-001
        1.414800047874451
       -1.001899957656860
   1.208000034093857E-001
   1.979999989271164E-001
  -2.260000072419643E-002
       -1.642600059509277
  -3.235000073909760E-001
  -7.619000077247620E-001
        1.324900031089783
   2.863999903202057E-001
  -9.539999812841415E-002
       -2.694400072097778
  -7.878000140190125E-001
  -2.257999926805496E-001
  -7.494999766349793E-001
  -9.143000245094299E-001
   8.733999729156494E-001
   1.645999997854233E-001
  -6.729999780654907E-001
        1.107499957084656
   6.777999997138977E-001
   4.426000118255615E-001
        1.602200031280518
   9.104999899864197E-001
        1.731500029563904
        1.173099994659424
        3.054600000381470
        1.732900023460388
        1.888299942016602
        2.077100038528442
        2.324199914932251
   4.921000003814697E-001
        2.029099941253662
        1.820600032806397
  -2.319999933242798E-001
  -7.013999819755554E-001
   3.086999952793121E-001
        1.661800026893616
   3.670000135898590E-001
  -7.318999767303467E-001
       -1.042500019073486
        2.186700105667114
        3.028899908065796
   7.943999767303467E-001
       -1.912600040435791
       -3.284800052642822
       -3.732899904251099
       -3.949599981307983
       -2.913399934768677
       -4.743100166320801
       -4.089700222015381
       -4.419000148773193
       -4.782899856567383
  -9.043999910354614E-001
   1.750999987125397E-001
       -1.625900030136108
  -6.089999899268150E-002
  -8.406999707221985E-001
       -1.144000053405762
  -8.664000034332275E-001
  -2.026000022888184E-001
       -2.553699970245361
       -1.429900050163269
       -2.177400112152100
  -5.155000090599060E-001
  -6.765000224113464E-001
   7.879999876022339E-001
  -1.955000013113022E-001
  -2.906999886035919E-001
       -1.330600023269653
  -4.115000069141388E-001
       -1.994099974632263
   2.150000073015690E-002
  -9.575999975204468E-001
  -4.771000146865845E-001
        1.280799984931946
  -3.237000107765198E-001
        2.029200077056885
   1.939000040292740E-001
       -1.178400039672852
  -4.930000007152557E-002
        1.944900035858154
   8.298000097274780E-001
  -5.297999978065491E-001
   7.297000288963318E-001
   7.304999828338623E-001
        2.463099956512451
        2.436000108718872
        2.380700111389160
        1.915400028228760
        1.439800024032593
        1.809200048446655
        1.591599941253662
        2.680299997329712
        1.022199988365173
   7.688999772071838E-001
        1.951300024986267
        2.224100112915039
        2.433000087738037
        1.242200016975403
        1.794499993324280
        2.488300085067749
        2.449899911880493
        1.238800048828125
   6.500000134110451E-003
   9.849999845027924E-002
  -8.144000172615051E-001
       -2.591799974441528
       -3.776099920272827
       -4.354000091552734
       -5.650000095367432
       -6.779200077056885
       -2.946700096130371
       -1.567399978637695
       -1.001999974250794
       -2.313899993896484
   4.280999898910523E-001
       -1.182000041007996
       -2.773999929428101
       -3.622299909591675
       -2.236599922180176
       -2.724400043487549
  -3.905999958515167E-001
  -5.989000201225281E-001
       -1.459400057792664
   1.500999927520752E-001
  -2.365999966859818E-001
   2.064999938011169E-001
       -1.344099998474121
  -9.352999925613403E-001
       -1.286499977111816
  -7.982000112533569E-001
       -1.092200040817261
  -7.143999934196472E-001
  -5.268999934196472E-001
   1.914000064134598E-001
   3.433000147342682E-001
   6.172999739646912E-001
        1.147600054740906
   6.966999769210815E-001
   1.694000065326691E-001
  -1.072999984025955E-001
   2.380000054836273E-001
  -6.273999810218811E-001
   6.432999968528748E-001
        1.279099941253662
   9.646999835968018E-001
        3.342499971389771
        2.743400096893311
        1.693799972534180
        1.075799942016602
   4.230999946594238E-001
        3.223500013351440
        2.703000068664551
        2.627599954605103
        2.150399923324585
        2.438600063323975
        4.188799858093262
        3.215800046920776
        3.413800001144409
        3.459599971771240
        3.726900100708008
        3.872999906539917
        2.465899944305420
        1.043799996376038
       -1.466500043869019
       -1.411700010299683
       -2.193500041961670
       -4.124000072479248
       -6.083399772644043
       -4.648399829864502
       -3.794699907302856
       -2.120100021362305
       -3.180099964141846
       -2.747400045394898
       -3.022300004959106
       -2.168699979782105
       -2.018300056457520
       -2.484999895095825
       -3.146100044250488
       -4.331399917602539
       -2.349499940872192
       -2.053200006484985
       -1.311699986457825
   3.409999981522560E-002
   2.610999941825867E-001
        1.237499952316284
        1.603199958801270
  -8.162999749183655E-001
       -1.786200046539307
       -2.705899953842163
  -4.907000064849854E-001
  -3.579999879002571E-002
       -1.181900024414063
   3.064999878406525E-001
   7.093999981880188E-001
  -4.984999895095825E-001
   5.939000248908997E-001
        1.061100006103516
        1.009199976921082
   6.963999867439270E-001
   3.497999906539917E-001
   1.801999956369400E-001
  -7.899999618530273E-003
   4.715000092983246E-001
        1.494699954986572
        3.098700046539307
        3.483900070190430
        3.528599977493286
        2.994299888610840
        2.470499992370606
        2.162199974060059
        2.439199924468994
        2.116600036621094
        3.342600107192993
        3.981699943542481
        2.234299898147583
        1.912199974060059
        3.743700027465820
        4.875699996948242
        3.435600042343140
        4.499400138854981
        2.183500051498413
        3.236000061035156
        4.027900218963623
  -2.296999990940094E-001
       -5.537499904632568
       -5.042600154876709
       -3.126499891281128
       -5.329800128936768
       -5.362699985504150
       -2.688600063323975
       -3.073299884796143
       -4.257999897003174
       -2.425299882888794
       -2.476999998092651
       -1.864799976348877
       -2.496000051498413
       -3.131900072097778
       -2.529900074005127
       -3.075599908828735
       -1.620900034904480
       -2.145100116729736
       -1.136600017547607
  -5.139999985694885E-001
        1.032799959182739
        1.616600036621094
        2.099999904632568
       -1.796200037002564
       -1.974599957466126
       -1.942899942398071
       -1.344200015068054
       -1.563699960708618
       -1.465199947357178
   3.411999940872192E-001
   5.041999816894531E-001
       -1.809000015258789
  -1.745000034570694E-001
   1.280000060796738E-001
   9.384999871253967E-001
   8.029999732971191E-001
        1.165199995040894
   7.461000084877014E-001
   2.587000131607056E-001
   2.743000090122223E-001
        1.199699997901917
        3.256999969482422
        4.061299800872803
        4.048399925231934
        3.038199901580811
        2.526999950408936
        1.600999951362610
        1.370700001716614
        3.125499963760376
        2.816400051116943
        2.784199953079224
        1.286399960517883
        1.988600015640259
        4.154500007629395
        4.442699909210205
        1.669199943542481
        3.148699998855591
        2.502300024032593
        2.394700050354004
        3.174900054931641
        1.676499962806702
       -2.931799888610840
       -3.915499925613403
       -4.756499767303467
       -5.873600006103516
       -5.921500205993652
       -3.724900007247925
       -4.267000198364258
       -4.146100044250488
       -3.239399909973145
       -3.303499937057495
       -2.207099914550781
       -2.884200096130371
       -3.292099952697754
  -5.658000111579895E-001
       -1.453899979591370
       -1.301800012588501
       -2.581500053405762
       -1.064599990844727
  -7.742000222206116E-001
   6.782000064849854E-001
        2.392199993133545
        2.230099916458130
       -1.734200000762940
       -3.506400108337402
       -2.339900016784668
       -2.309799909591675
       -2.769999980926514
       -1.364799976348877
       -4.690199851989746
       -2.018399953842163
       -2.938400030136108
       -1.544100046157837
       -2.224400043487549
       -1.501700043678284
   7.103999853134155E-001
   2.865999937057495E-001
        1.466899991035461
   6.385999917984009E-001
   2.578000128269196E-001
        2.204400062561035
        4.189899921417236
        4.148799896240234
        3.320699930191040
        2.794500112533569
        1.582000017166138
        1.213099956512451
        1.952800035476685
        3.008300065994263
        3.257699966430664
        2.220099925994873
        1.959100008010864
        2.549200057983398
        2.529299974441528
        3.552500009536743
        3.594599962234497
        2.093100070953369
        1.627900004386902
        3.869999885559082
   6.500000134110451E-003
       -1.259099960327148
       -1.792400002479553
       -3.751899957656860
       -5.208399772644043
       -4.592800140380859
       -4.174099922180176
       -2.333300113677979
       -3.456399917602539
       -3.734299898147583
       -3.290100097656250
  -8.177000284194946E-001
       -1.025599956512451
  -6.708999872207642E-001
       -3.393300056457520
  -9.923999905586243E-001
   3.659000098705292E-001
        1.261399984359741
       -1.244500041007996
       -2.550100088119507
       -1.538100004196167
        1.275900006294251
   2.960000000894070E-002
        1.394899964332581
   5.753999948501587E-001
       -1.899899959564209
       -1.652500033378601
       -1.185999989509583
       -4.782000064849854
       -3.175299882888794
       -2.123899936676025
       -2.956599950790405
  -9.164000153541565E-001
  -8.737000226974487E-001
       -1.492900013923645
       -2.700099945068359
  -6.938999891281128E-001
   7.804999947547913E-001
        2.743700027465820
        4.256199836730957
        3.846400022506714
        4.482600212097168
        4.342700004577637
        3.103699922561646
        3.170900106430054
        2.452199935913086
   2.110999971628189E-001
   9.808999896049500E-001
   1.821999996900559E-001
        2.152400016784668
        1.757699966430664
        2.147000074386597
        2.754699945449829
        1.717499971389771
        2.000099897384644
        3.723900079727173
        2.185400009155273
  -3.519999980926514E-002
        1.401299953460693
        1.748100042343140
  -2.533999979496002E-001
       -2.149499893188477
       -3.414099931716919
       -2.761399984359741
       -2.244299888610840
       -2.221899986267090
       -2.648000001907349
  -8.758000135421753E-001
       -1.622499942779541
       -2.114599943161011
       -1.639199972152710
   1.074000000953674E-001
   5.857999920845032E-001
  -6.445000171661377E-001
  -5.900999903678894E-001
  -2.678000032901764E-001
  -1.360000018030405E-002
   1.680999994277954E-001
       -1.107800006866455
       -2.199700117111206
       -2.250699996948242
   2.851999998092651E-001
        1.903300046920776
   8.079999685287476E-002
        1.258499979972839
       -1.130900025367737
       -1.231999993324280
       -2.885900020599365
       -4.282899856567383
       -3.654400110244751
       -1.178900003433228
       -1.885800004005432
       -1.843500018119812
       -1.335100054740906
       -2.896600008010864
       -3.556699991226196
       -1.460100054740906
        1.089100003242493
        2.835799932479858
        4.500699996948242
        3.736700057983398
        3.768699884414673
        4.515299797058106
        4.441999912261963
        2.913599967956543
        1.028300046920776
  -4.000999927520752E-001
   4.679999947547913E-001
   2.073000073432922E-001
  -1.640000008046627E-002
        2.704799890518189
        1.808099985122681
        2.062500000000000
        1.925099968910217
        4.409900188446045
        3.410599946975708
        2.317699909210205
   7.368000149726868E-001
   8.259999752044678E-001
   8.191000223159790E-001
  -2.132000029087067E-001
       -1.440299987792969
       -2.176199913024902
       -1.661999940872192
       -1.188400030136108
  -2.050000056624413E-002
       -1.103099942207336
  -4.711999893188477E-001
  -4.665000140666962E-001
       -1.119799971580505
       -1.874600052833557
  -9.200000166893005E-001
  -1.289000064134598E-001
       -1.009099960327148
  -7.771000266075134E-001
   6.626999974250794E-001
  -9.804000258445740E-001
       -1.912500023841858
       -2.662300109863281
       -2.064199924468994
       -1.014199972152710
       -1.035899996757507
   8.158000111579895E-001
   1.159000024199486E-001
  -1.389999985694885E-001
       -1.075700044631958
       -2.963200092315674
       -4.200600147247315
       -3.165699958801270
       -2.411799907684326
       -1.336199998855591
       -3.532000064849854
       -2.316699981689453
  -2.552999854087830E-001
       -1.825700044631958
       -1.888599991798401
   2.824999988079071E-001
        2.979799985885620
        2.582799911499023
        4.623600006103516
        5.924300193786621
        5.467299938201904
        4.529900074005127
        1.841199994087219
        2.923799991607666
   8.878999948501587E-001
  -4.361999928951263E-001
   9.283999800682068E-001
   2.073000073432922E-001
        1.005100011825562
        1.905500054359436
   9.623000025749207E-001
   8.263999819755554E-001
   7.613000273704529E-001
        2.434799909591675
   8.858000040054321E-001
   6.945999860763550E-001
   9.011999964714050E-001
   6.750000119209290E-001
   6.190000101923943E-002
  -2.809000015258789E-001
       -1.503800034523010
  -7.833999991416931E-001
       -1.075899958610535
  -6.966000199317932E-001
  -8.643000125885010E-001
  -9.623000025749207E-001
  -1.455000042915344E-001
   8.504999876022339E-001
   1.968999952077866E-001
   7.030000090599060E-001
  -7.957000136375427E-001
   1.651999950408936E-001
       -1.499600052833557
       -1.457900047302246
  -7.878000140190125E-001
   5.645999908447266E-001
       -2.932899951934815
       -3.267899990081787
       -3.961100101470947
  -5.266000032424927E-001
  -4.237000048160553E-001
  -5.346000194549561E-001
  -3.499000072479248E-001
   5.469999909400940E-001
       -1.226799964904785
       -1.472000002861023
       -1.549499988555908
       -1.213600039482117
       -1.847399950027466
       -1.144700050354004
       -1.491299986839294
  -9.880000352859497E-002
   2.466000020503998E-001
  -2.511000037193298E-001
  -7.786999940872192E-001
   4.785999953746796E-001
   9.077000021934509E-001
        2.445399999618530
        3.619899988174439
        4.315800189971924
        4.339300155639648
        4.979300022125244
        3.106100082397461
        1.781900048255920
        1.764000058174133
   6.082000136375427E-001
        1.557399988174439
   6.283000111579895E-001
        1.049900054931641
       -1.369799971580505
       -1.424600005149841
   4.837000072002411E-001
        1.345000028610230
        1.619600057601929
   9.352999925613403E-001
        1.422099947929382
        1.746099948883057
  -6.150000095367432E-001
       -2.016099929809570
       -2.871000051498413
       -2.057600021362305
       -3.591399908065796
       -3.187000036239624
       -3.333899974822998
  -3.894999921321869E-001
        1.466300010681152
        2.598000049591065
        2.725199937820435
        1.458299994468689
        1.960500001907349
        1.357499957084656
  -3.163000047206879E-001
   6.287000179290772E-001
  -7.343999743461609E-001
       -3.389899969100952
  -9.628999829292297E-001
       -1.881100058555603
       -2.543299913406372
       -1.326200008392334
       -1.638499975204468
       -1.245200037956238
   6.129999756813049E-001
        1.811599969863892
   6.719999909400940E-001
  -2.275000065565109E-001
  -8.421999812126160E-001
       -2.756400108337402
       -2.485399961471558
       -2.921799898147583
       -1.245800018310547
  -7.983999848365784E-001
   5.425999760627747E-001
  -7.846999764442444E-001
   1.592999994754791E-001
       -1.413699984550476
  -1.181000024080277E-001
   4.898000061511993E-001
        3.164400100708008
        2.381299972534180
        3.594899892807007
        2.343699932098389
        3.903300046920776
        3.515199899673462
   5.246000289916992E-001
        2.423799991607666
   8.025000095367432E-001
        2.047800064086914
  -1.970999985933304E-001
       -1.000499963760376
       -1.199100017547607
       -2.183099985122681
   4.341000020503998E-001
   8.399000167846680E-001
        3.630100011825562
        1.193799972534180
        2.375799894332886
   1.307000070810318E-001
       -1.467499971389771
  -5.332999825477600E-001
       -1.948099970817566
       -3.482300043106079
       -3.234400033950806
       -2.603800058364868
       -2.352999925613403
   3.874999880790710E-001
       -1.131600022315979
        2.223700046539307
        1.466500043869019
        2.754300117492676
        1.689700007438660
        1.105900049209595
   9.495000243186951E-001
  -1.908999979496002E-001
       -2.265300035476685
       -2.882600069046021
   1.149000003933907E-001
       -1.379999995231628
       -3.268699884414673
       -2.543299913406372
   3.294000029563904E-001
        1.332000017166138
        1.382799983024597
   1.525000035762787E-001
   1.380999982357025E-001
       -1.342200040817261
       -2.125200033187866
       -1.812600016593933
       -2.207200050354004
       -1.528599977493286
       -4.117700099945068
       -2.234100103378296
  -4.851999878883362E-001
  -3.089999966323376E-002
       -1.809200048446655
       -1.410500049591065
  -1.518999934196472E-001
   1.905000060796738E-001
        1.338199973106384
        3.120100021362305
        3.461699962615967
        2.456300020217896
        2.138999938964844
        3.143800020217896
        3.471499919891357
        4.994900226593018
        2.476300001144409
        2.730400085449219
   4.607000052928925E-001
       -1.520900011062622
       -2.070499897003174
       -2.399499893188477
       -2.649100065231323
   1.014999970793724E-001
        1.938699960708618
        1.115300059318543
   1.093000024557114E-001
   1.164000034332275E-001
       -1.720299959182739
  -6.772000193595886E-001
  -6.173999905586243E-001
       -3.516799926757813
       -1.731899976730347
   8.980000019073486E-001
        1.616199970245361
   8.375999927520752E-001
        1.388900041580200
   9.289000034332275E-001
        1.998499989509583
        1.517099976539612
        2.883800029754639
        1.271900057792664
        1.451300024986267
  -9.559000134468079E-001
  -6.080999970436096E-001
  -1.911000013351440E-001
   2.009999938309193E-002
  -3.116999864578247E-001
       -1.509299993515015
       -1.101899981498718
  -4.463999867439270E-001
   2.768999934196472E-001
  -8.349999785423279E-001
       -2.235300064086914
   2.930000126361847E-001
       -1.022400021553040
        1.168900012969971
  -7.250999808311462E-001
  -6.909000277519226E-001
       -2.309200048446655
       -2.767699956893921
       -3.283200025558472
       -1.797700047492981
       -3.630700111389160
       -2.564800024032593
  -1.369999945163727E-001
       -1.551699995994568
  -2.680999934673309E-001
        3.103600025177002
        3.019200086593628
        4.301099777221680
        3.892299890518189
        1.532500028610230
        4.113399982452393
        4.413400173187256
        3.294899940490723
        2.793400049209595
        2.282500028610230
       -1.034000039100647
  -7.203000187873840E-001
       -1.715399980545044
       -2.082600116729736
       -1.381700038909912
  -7.581999897956848E-001
        1.461500048637390
   5.221999883651733E-001
   8.062000274658203E-001
       -1.225499987602234
       -2.455899953842163
  -3.361000120639801E-001
  -2.002000063657761E-001
       -1.539299964904785
   5.536000132560730E-001
        2.171400070190430
        1.858000040054321
        1.777999997138977
        2.675899982452393
        1.933500051498413
   5.570999979972839E-001
   2.921000123023987E-001
   2.759000062942505E-001
        1.273100018501282
   2.462999969720841E-001
  -3.479000031948090E-001
       -1.134199976921082
  -9.897000193595886E-001
       -3.088200092315674
       -2.930299997329712
       -1.325999975204468
       -1.305899977684021
   5.568000078201294E-001
   4.505000114440918E-001
  -6.406000256538391E-001
       -2.306499958038330
        1.770300030708313
   4.699999932199717E-003
        1.734300017356873
        1.255900025367737
  -8.402000069618225E-001
       -2.959599971771240
       -3.873500108718872
       -3.825599908828735
       -2.876800060272217
       -4.470900058746338
       -3.574899911880493
       -1.498299956321716
  -4.675999879837036E-001
        1.200199961662293
        2.210799932479858
        4.489600181579590
        2.745199918746948
        1.592399954795837
   9.675999879837036E-001
        1.499400019645691
        2.581500053405762
        4.018400192260742
        1.950399994850159
        5.163199901580811
        1.909999966621399
   5.666999816894531E-001
   3.885000050067902E-001
   4.833000004291534E-001
        1.059399962425232
        1.627099990844727
        1.689499974250794
   5.896999835968018E-001
  -8.468999862670898E-001
  -9.538000226020813E-001
       -2.338799953460693
  -5.514000058174133E-001
   7.109000086784363E-001
       -2.028000116348267
   2.305999994277954E-001
        2.200900077819824
        1.040500044822693
        2.463099956512451
        3.684400081634522
        2.529599905014038
  -8.960000276565552E-001
       -1.477499961853027
  -1.956000030040741E-001
  -3.425000011920929E-001
   6.324999928474426E-001
        2.282999992370606
   1.493999958038330E-001
   5.497999787330627E-001
       -2.346600055694580
       -1.112100005149841
       -2.102600097656250
   6.808000206947327E-001
   2.223999947309494E-001
  -5.921999812126160E-001
  -7.286000251770020E-001
       -1.587000012397766
  -1.116999983787537E-001
  -5.304999947547913E-001
   2.228000015020371E-001
   2.737999856472015E-001
  -6.881999969482422E-001
       -2.104799985885620
       -3.378200054168701
       -4.195499897003174
       -2.132899999618530
       -2.381599903106690
       -1.005599975585938
        1.256299972534180
        2.640100002288818
        1.095900058746338
        2.365499973297119
        3.685400009155273
        2.532099962234497
        2.704099893569946
        2.880000114440918
        2.326800107955933
        2.252000093460083
        1.332499980926514
        1.951200008392334
        3.875400066375732
        3.454999923706055
        3.017199993133545
        4.043099880218506
        2.982199907302856
        2.659899950027466
        1.439399957656860
   3.934000134468079E-001
   4.627999961376190E-001
  -3.515000045299530E-001
  -5.284000039100647E-001
       -1.232399940490723
       -1.123999953269959
       -2.322400093078613
  -8.406999707221985E-001
       -1.665500044822693
        2.230000019073486
        2.108500003814697
        1.365499973297119
        2.177400112152100
        1.865100026130676
  -6.883000135421753E-001
       -1.359400033950806
   3.948000073432922E-001
        2.099299907684326
        1.988600015640259
        3.816200017929077
        1.235000014305115
  -9.053000211715698E-001
   9.099999815225601E-002
       -1.512799978256226
  -1.198000013828278E-001
       -1.677299976348877
  -8.172000050544739E-001
       -1.944399952888489
   1.497000008821487E-001
        2.121799945831299
  -5.428000092506409E-001
   1.884000003337860E-001
   4.377000033855438E-001
       -2.483200073242188
       -3.141999959945679
       -3.202399969100952
       -3.053100109100342
       -4.583899974822998
       -2.290100097656250
       -1.971899986267090
       -1.512199997901917
       -1.101099967956543
        1.710399985313416
        1.401800036430359
        1.529700040817261
        2.545399904251099
        3.054800033569336
        2.543600082397461
        1.628100037574768
        1.944000005722046
        2.808099985122681
        3.616300106048584
        2.686599969863892
        3.428200006484985
        4.338699817657471
        4.090899944305420
        3.351500034332275
        4.558000087738037
        3.327899932861328
        2.291399955749512
   5.798000097274780E-001
        1.003100037574768
        1.308200001716614
        1.205199956893921
  -2.319000065326691E-001
  -5.957000255584717E-001
       -2.294500112533569
  -3.021999895572662E-001
       -2.340399980545044
  -9.070000052452087E-002
        1.023399949073792
        1.002099990844727
   7.174000144004822E-001
   2.538000047206879E-001
       -2.237099885940552
       -1.393900036811829
   5.160999894142151E-001
        1.539100050926209
        1.908499956130981
        2.233200073242188
        1.119400024414063
  -6.021999716758728E-001
        1.445500016212463
  -8.160000294446945E-002
  -4.214000105857849E-001
  -7.559999823570252E-002
       -2.300699949264526
       -1.306100010871887
  -3.684000074863434E-001
        2.118099927902222
   8.108999729156494E-001
        1.741299986839294
   5.442000031471252E-001
       -1.364599943161011
       -3.202100038528442
       -2.934400081634522
       -4.000500202178955
       -3.335900068283081
       -1.667899966239929
       -2.646100044250488
       -1.432899951934815
       -1.612699985504150
   2.685000002384186E-001
       -2.458600044250488
  -3.209999948740006E-002
        2.300899982452393
        3.669199943542481
        3.399800062179565
        5.269999980926514
        5.416100025177002
        4.716000080108643
        2.306600093841553
        3.340600013732910
        2.834000110626221
        3.790199995040894
        3.595999956130981
        4.261300086975098
        4.996799945831299
        3.564500093460083
        1.796800017356873
   3.086000084877014E-001
   7.811999917030335E-001
        1.502699971199036
        1.308500051498413
        1.199200034141541
  -3.795999884605408E-001
       -1.162199974060059
       -1.549299955368042
       -1.225900053977966
   3.400000035762787E-001
  -2.682000100612640E-001
  -2.117000073194504E-001
  -4.286000132560730E-001
  -9.440000057220459E-001
   5.550000071525574E-001
   4.932000041007996E-001
        1.182800054550171
        2.812400102615356
   4.717000126838684E-001
        1.212599992752075
        2.417599916458130
   6.664999723434448E-001
  -1.367000043392181E-001
   2.883000075817108E-001
   2.901999950408936E-001
       -1.458999991416931
       -3.502000093460083
       -3.447999954223633
   1.847999989986420E-001
   6.049999967217445E-002
  -6.873999834060669E-001
        1.222499966621399
        1.191400051116943
       -1.804900050163269
       -2.753799915313721
       -2.483599901199341
       -3.167900085449219
       -4.780399799346924
       -2.352600097656250
       -2.312799930572510
       -1.853600025177002
       -1.595700025558472
  -7.281000018119812E-001
        2.111599922180176
        2.233799934387207
        4.102900028228760
        4.493599891662598
        3.583400011062622
        4.487500190734863
        5.348400115966797
        3.447299957275391
        1.542099952697754
        2.840300083160400
        5.492899894714356
        2.348700046539307
        3.774300098419190
        2.690399885177612
        2.698699951171875
        3.344599962234497
        1.699300050735474
        1.897099971771240
   7.651000022888184E-001
   9.950000047683716E-002
  -1.044000014662743E-001
        1.753800034523010
        1.134899973869324
       -1.212100028991699
  -4.476000070571899E-001
   2.009999938309193E-002
  -4.106000065803528E-001
   7.623999714851379E-001
  -4.887000024318695E-001
  -2.549000084400177E-001
  -3.653999865055084E-001
   8.382999897003174E-001
        2.015500068664551
        1.898900032043457
        1.707599997520447
   3.589999973773956E-001
        1.504500031471252
   9.200999736785889E-001
        1.592100024223328
  -6.047999858856201E-001
       -2.224699974060059
  -5.095999836921692E-001
       -1.748999953269959
       -2.906300067901611
       -2.688299894332886
   5.723999738693237E-001
  -3.091999888420105E-001
       -1.439499974250794
  -6.413999795913696E-001
   3.203000128269196E-001
       -2.752899885177612
       -3.830499887466431
       -3.549499988555908
       -4.577700138092041
       -4.344999790191650
       -2.912499904632568
       -1.685299992561340
   3.156000077724457E-001
       -1.554600000381470
  -3.591000139713287E-001
        3.372400045394898
        4.541100025177002
        4.456399917602539
        4.383800029754639
        3.834800004959106
        2.854300022125244
        3.306400060653687
        1.917700052261353
        2.403800010681152
        3.393199920654297
        6.686299800872803
        5.523099899291992
        3.940999984741211
        3.445699930191040
        4.732900142669678
        2.108299970626831
  -6.610000133514404E-002
        1.565600037574768
        1.001700043678284
   7.063000202178955E-001
   9.889000058174133E-001
        3.075099945068359
        1.140100002288818
        1.624199986457825
        2.016999959945679
        2.387000083923340
   7.260000109672546E-001
  -7.326999902725220E-001
   1.713999956846237E-001
        2.600199937820435
        1.233899950981140
        1.670300006866455
        2.627000093460083
   6.331999897956848E-001
        2.266799926757813
        1.048900008201599
        1.858100056648254
   6.564999818801880E-001
       -1.045699954032898
       -2.955199956893921
       -2.404200077056885
       -1.479099988937378
       -1.057199954986572
       -2.122699975967407
   1.115999966859818E-001
  -4.016000032424927E-001
  -4.941000044345856E-001
       -1.020200014114380
   7.968999743461609E-001
  -5.115000009536743E-001
       -3.165100097656250
       -4.262599945068359
       -4.723299980163574
       -2.931799888610840
       -4.664000034332275
       -4.566999912261963
       -4.261300086975098
       -1.519999980926514
       -2.082299947738648
        1.245300054550171
        2.056499958038330
        2.653899908065796
        3.020800113677979
        2.628400087356567
        4.088300228118897
        4.278100013732910
        4.664800167083740
        3.392999887466431
        4.081399917602539
        4.347199916839600
        5.912700176239014
        4.756299972534180
        4.144100189208984
        4.281000137329102
        4.708199977874756
        2.500699996948242
        1.886700034141541
        3.861799955368042
        2.357199907302856
   7.342000007629395E-001
        1.106199979782105
        4.738699913024902
        2.531899929046631
   4.753000140190125E-001
        1.291000008583069
        2.775700092315674
        2.241100072860718
        3.162199974060059
        3.842099905014038
        1.937000036239624
        1.318699955940247
        3.752300024032593
        2.346100091934204
        2.331000089645386
        1.294700026512146
        2.499099969863892
        3.101799964904785
        1.879500031471252
       -1.669100046157837
       -3.701699972152710
       -4.256999969482422
       -1.263599991798401
  -9.070000052452087E-001
       -1.228500008583069
  -5.802999734878540E-001
   5.353999733924866E-001
   1.471000015735626E-001
       -2.719199895858765
       -3.442800045013428
       -2.558000087738037
       -3.389400005340576
       -4.623600006103516
       -4.468900203704834
       -4.769499778747559
       -4.370100021362305
       -4.136400222778320
       -3.200400114059448
       -3.033099889755249
       -2.361000061035156
   1.167000010609627E-001
  -4.210999906063080E-001
        1.977100014686585
        1.345800042152405
        3.184200048446655
        5.220099925994873
        4.639200210571289
        5.431900024414063
        3.531100034713745
        3.690200090408325
        2.724900007247925
        4.777200222015381
        5.880899906158447
        5.639100074768066
        5.487199783325195
        2.713900089263916
        2.092600107192993
        1.950500011444092
        3.361099958419800
        2.403899908065796
   8.054999709129334E-001
        3.674999952316284
        2.488800048828125
   4.519000053405762E-001
   3.797999918460846E-001
   6.200000047683716E-001
        3.003299951553345
        2.535799980163574
        3.740600109100342
        4.474800109863281
        2.928499937057495
        2.576400041580200
        2.185499906539917
        2.422800064086914
        1.782400012016296
        1.439700007438660
        1.361400008201599
        1.900599956512451
  -6.270000338554382E-002
       -2.313199996948242
       -2.587899923324585
       -3.869999885559082
       -1.282099962234497
   5.867000222206116E-001
       -1.084499955177307
   1.479000002145767E-001
       -1.581500053405762
  -9.677000045776367E-001
       -2.717200040817261
       -2.532900094985962
       -5.682499885559082
       -2.785300016403198
       -3.265799999237061
       -2.715500116348267
       -3.428800106048584
       -4.178400039672852
       -3.217000007629395
       -1.897699952125549
       -2.604199886322022
       -1.651600003242493
   2.190000005066395E-002
   9.708999991416931E-001
   2.446999996900559E-001
        1.118800044059753
        3.537400007247925
        3.195300102233887
        3.526000022888184
        3.791500091552734
        3.655600070953369
        4.335599899291992
        3.302999973297119
        5.466599941253662
        5.010600090026856
        3.528700113296509
        3.014400005340576
        3.401900053024292
   7.982000112533569E-001
   8.080999851226807E-001
        1.704499959945679
        1.905599951744080
   7.325000166893005E-001
        1.688799977302551
        1.271399974822998
        1.138900041580200
        2.452399969100952
   5.293999910354614E-001
   8.079000115394592E-001
        2.012900114059448
        1.188300013542175
        4.465499877929688
        3.624500036239624
        2.727099895477295
        2.850600004196167
        3.492799997329712
        1.404000043869019
        1.284299969673157
        1.717100024223328
   7.056000232696533E-001
        1.093199968338013
       -3.039200067520142
       -3.394799947738648
       -3.325200080871582
       -1.985599994659424
   6.231999993324280E-001
  -6.161000132560730E-001
       -1.018700003623962
       -1.726699948310852
  -6.114000082015991E-001
       -3.746599912643433
       -3.483799934387207
       -3.088700056076050
       -2.207999944686890
       -1.584499955177307
       -2.025599956512451
       -1.626999974250794
       -2.872900009155273
       -2.609499931335449
       -3.822099924087524
       -3.915999889373779
       -2.312599897384644
       -2.108200073242188
       -1.199900031089783
  -7.979000210762024E-001
   8.774999976158142E-001
        2.001600027084351
        2.914400100708008
        4.120299816131592
        4.683400154113770
        5.130700111389160
        4.420899868011475
        3.163199901580811
        2.973700046539307
        3.538100004196167
        4.082399845123291
        3.988199949264526
        2.929800033569336
        2.279099941253662
        1.774799942970276
   8.649999648332596E-002
  -1.920000016689301E-001
       -1.402999997138977
        1.337200045585632
        1.969099998474121
        1.216199994087219
   6.204000115394592E-001
   1.819999963045120E-001
        1.913400053977966
        1.412400007247925
        2.494400024414063
        3.398999929428101
        3.619199991226196
        3.524699926376343
        2.763099908828735
        2.941999912261963
        3.899899959564209
        2.003499984741211
        1.354599952697754
   9.408000111579895E-001
        1.306499958038330
       -2.522300004959106
   1.606000065803528E-001
       -1.206799983978272
   9.865000247955322E-001
   2.199999988079071E-001
       -1.928400039672852
  -4.785000085830689E-001
  -8.716999888420105E-001
  -9.567000269889832E-001
       -1.794700026512146
       -2.273699998855591
       -1.714900016784668
   2.329999953508377E-002
   5.823000073432922E-001
  -5.127000212669373E-001
       -2.122400045394898
       -2.591500043869019
       -2.806299924850464
       -4.014599800109863
       -4.489399909973145
       -4.058199882507324
       -2.014300107955933
       -1.633599996566773
       -1.551100015640259
       -1.090999960899353
        2.536799907684326
        2.388900041580200
        1.845800042152405
        4.521900177001953
        4.135200023651123
        2.735699892044067
        4.267000198364258
        1.106899976730347
        2.259500026702881
        3.764899969100952
        3.000900030136108
        2.761699914932251
        3.510900020599365
        3.485699892044067
   9.247999787330627E-001
  -1.102000027894974E-001
  -4.817999899387360E-001
   1.754000037908554E-001
   9.438999891281128E-001
        3.200799942016602
        1.611700057983398
   1.759999990463257E-001
        1.261399984359741
   6.046000123023987E-001
        1.571300029754639
        2.039499998092651
        3.072099924087524
        2.220700025558472
        1.388800024986267
        3.263799905776978
        2.557300090789795
   6.586999893188477E-001
        2.107000112533569
   3.808999955654144E-001
   9.272000193595886E-001
  -1.796000003814697E-001
       -1.517600059509277
  -8.665999770164490E-001
   6.284999847412109E-001
   8.339999914169312E-001
       -1.500100016593933
  -8.992000222206116E-001
       -2.603300094604492
       -2.998500108718872
       -1.247799992561340
       -1.745100021362305
        1.527400016784668
        2.533600091934204
        2.181799888610840
   2.169999927282333E-001
       -1.743800044059753
       -2.515000104904175
       -1.530300021171570
       -4.795899868011475
       -4.559299945831299
       -4.210000038146973
       -4.472199916839600
       -2.923799991607666
   5.680000185966492E-001
        1.197100043296814
  -1.961999982595444E-001
        1.991500020027161
        3.700900077819824
        5.931499958038330
        6.768700122833252
        6.103300094604492
        4.410999774932861
        4.373899936676025
        4.598100185394287
        3.914299964904785
        4.289500236511231
        1.953899979591370
        1.002099990844727
        3.261199951171875
        1.584900021553040
        1.407699942588806
  -4.374000132083893E-001
   6.287000179290772E-001
   8.424999713897705E-001
        1.089699983596802
   4.593999981880188E-001
        1.125000000000000
   9.018999934196472E-001
        1.413499951362610
   7.351999878883362E-001
        3.249700069427490
        1.882599949836731
        3.109200000762940
        3.236599922180176
        1.557999968528748
        1.753399968147278
        1.559599995613098
  -1.970000006258488E-002
   7.240000367164612E-002
   4.237000048160553E-001
   4.871999919414520E-001
  -4.975999891757965E-001
  -6.991000175476074E-001
  -6.384000182151794E-001
        1.262799978256226
        1.755300045013428
       -1.443199992179871
  -5.317999720573425E-001
  -9.427000284194946E-001
   5.091999769210815E-001
   1.771000027656555E-001
   8.920000195503235E-001
        2.016700029373169
        2.275300025939941
   5.359999835491180E-002
       -1.755300045013428
       -1.925999999046326
       -3.159399986267090
       -4.257699966430664
       -5.737599849700928
       -4.530399799346924
       -4.408800125122070
       -3.927099943161011
       -2.812000036239624
       -1.586699962615967
       -1.142199993133545
   5.838999748229981E-001
        2.909699916839600
        3.459399938583374
        7.886700153350830
        8.501099586486816
        4.668000221252441
        3.237400054931641
        2.550499916076660
        4.150899887084961
        4.363900184631348
        2.895100116729736
        2.121000051498413
        2.426199913024902
   9.110999703407288E-001
  -6.417999863624573E-001
  -8.123999834060669E-001
       -2.761699914932251
   1.173999980092049E-001
        2.113300085067749
       -1.282299995422363
        1.779199957847595
        3.227799892425537
        2.857300043106079
        2.389400005340576
        2.142899990081787
   9.143999814987183E-001
        2.830800056457520
        3.657999992370606
        2.228800058364868
        2.003999948501587
        1.078199982643127
  -2.768000066280365E-001
        2.567300081253052
        1.684499979019165
   6.312999725341797E-001
   9.661999940872192E-001
   8.068000078201294E-001
  -2.048999965190888E-001
   6.205999851226807E-001
       -1.708400011062622
       -1.315899968147278
  -6.582999825477600E-001
  -3.526000082492828E-001
   4.089999943971634E-002
  -1.014000028371811E-001
   7.559999823570252E-002
  -1.447000056505203E-001
  -6.920000165700913E-002
  -6.753000020980835E-001
       -1.937999963760376
       -1.825299978256226
       -3.546299934387207
       -3.612200021743774
       -3.905900001525879
       -2.841200113296509
       -2.314599990844727
       -3.849200010299683
       -1.663300037384033
       -2.079699993133545
  -8.877000212669373E-001
   7.987999916076660E-001
        2.649399995803833
        3.425499916076660
        4.766300201416016
        6.364299774169922
        5.644199848175049
        4.916699886322022
        3.580800056457520
        4.060200214385986
        3.785500049591065
        4.725800037384033
        3.315900087356567
   7.109000086784363E-001
   1.420000009238720E-002
       -2.192399978637695
       -1.250000000000000
       -1.532400012016296
   3.921000063419342E-001
        3.350199937820435
        2.658400058746338
        2.742599964141846
        2.776499986648560
        3.525199890136719
        2.291100025177002
        2.980200052261353
        2.090699911117554
        3.488500118255615
        2.735199928283691
        2.120500087738037
        2.854000091552734
        2.517699956893921
        2.190000057220459
   9.703999757766724E-001
        2.830399990081787
        1.438400030136108
        2.759200096130371
        1.421599984169006
  -6.559000015258789E-001
  -9.147999882698059E-001
   2.899999916553497E-001
        1.613999962806702
  -2.793000042438507E-001
  -1.633999943733215E-001
       -1.962900042533875
       -1.644899964332581
       -2.174999952316284
       -2.557800054550171
       -2.673799991607666
       -1.785899996757507
       -3.498600006103516
       -3.798399925231934
       -3.145200014114380
       -2.484100103378296
       -3.850399971008301
       -2.295799970626831
       -1.746899962425232
       -2.024800062179565
       -1.495499968528748
       -1.055199980735779
   1.415999978780747E-001
        1.790799975395203
        2.361900091171265
        2.306200027465820
        6.537399768829346
        7.219299793243408
        6.516499996185303
        5.624499797821045
        5.311200141906738
        2.681499958038330
        3.466000080108643
        2.434700012207031
        2.171499967575073
        1.393499970436096
   3.720999956130981E-001
   1.362999975681305E-001
       -1.208699941635132
       -1.564700007438660
  -5.509999990463257E-001
        1.115100026130676
        2.866899967193604
        3.291500091552734
        3.589099884033203
        2.269700050354004
        4.025800228118897
        3.109899997711182
        3.802599906921387
        4.508900165557861
        3.680900096893311
        3.073100090026856
        1.272600054740906
   8.870999813079834E-001
        1.778300046920776
   6.862000226974487E-001
   5.145000219345093E-001
        2.027499914169312
   9.449999928474426E-001
        3.049099922180176
        1.546599984169006
   4.262000024318695E-001
       -1.726699948310852
  -7.819999754428864E-002
   5.586000084877014E-001
  -9.556000232696533E-001
       -2.918800115585327
  -3.373999893665314E-001
  -5.588999986648560E-001
  -8.999000191688538E-001
       -2.784699916839600
       -4.463099956512451
       -2.372999906539917
       -3.430200099945068
       -4.061399936676025
       -3.412600040435791
  -7.408000230789185E-001
   2.533000111579895E-001
  -7.904999852180481E-001
  -6.489999890327454E-001
  -1.306000053882599E-001
   2.890000045299530E-001
   9.448000192642212E-001
        2.845000028610230
        3.106800079345703
        2.600199937820435
        6.126100063323975
        5.511199951171875
        5.553999900817871
        5.220900058746338
        3.458699941635132
        1.103299975395203
        1.497799992561340
        1.797399997711182
        3.232800006866455
        2.334500074386597
        2.632600069046021
   1.133000031113625E-001
   3.659999966621399E-001
       -1.320299983024597
        1.277300000190735
        2.092799901962280
        3.351500034332275
        5.501800060272217
        4.702000141143799
        4.920599937438965
        4.585800170898438
        3.040499925613403
        4.469799995422363
        5.739799976348877
        5.487800121307373
        4.161399841308594
        3.295099973678589
        2.465199947357178
        2.402499914169312
  -4.401000142097473E-001
   3.361999988555908E-001
        1.873700022697449
        2.700400114059448
        1.582000017166138
   9.609000086784363E-001
        1.481999993324280
  -2.157000005245209E-001
  -7.361000180244446E-001
   1.625999957323074E-001
        1.244899988174439
        1.119099974632263
        1.072700023651123
   4.679000079631805E-001
       -1.027500033378601
       -3.378700017929077
       -2.780900001525879
       -3.421000003814697
       -2.074899911880493
  -5.958999991416931E-001
       -1.333699941635132
  -6.165000200271606E-001
        1.234200000762940
  -1.412000060081482E-001
  -6.213999986648560E-001
   5.253000259399414E-001
        1.132699966430664
        1.011299967765808
        1.582100033760071
  -4.970000088214874E-001
        3.234200000762940
        4.364299774169922
        5.472899913787842
        4.578400135040283
        4.395999908447266
        3.459100008010864
        1.170899987220764
        1.799999952316284
        2.218699932098389
        2.935400009155273
        2.210200071334839
        1.353600025177002
        1.426100015640259
        1.197299957275391
   8.471000194549561E-001
        3.123699903488159
        2.905200004577637
        4.365600109100342
        3.409399986267090
        6.199399948120117
        4.584499835968018
        4.818200111389160
        3.810400009155273
        4.534599781036377
        5.872300148010254
        4.843299865722656
        4.458399772644043
        3.386699914932251
        4.569200038909912
  -1.864999979734421E-001
   7.353000044822693E-001
        3.506400108337402
        3.424299955368042
        3.900300025939941
   8.478999733924866E-001
        1.615499973297119
        1.802099943161011
  -1.675000041723251E-001
   5.954999923706055E-001
        1.248000025749207
        1.120599985122681
   9.898999929428101E-001
        2.172800064086914
   4.803000092506409E-001
  -3.691000044345856E-001
       -1.252300024032593
       -1.303599953651428
       -3.381500005722046
       -3.502300024032593
       -1.986099958419800
       -1.570399999618530
  -7.979999780654907E-001
        1.816200017929077
  -9.124000072479248E-001
   4.772999882698059E-001
        1.344799995422363
        2.182899951934815
        2.787600040435791
   1.576000005006790E-001
       -1.044199943542481
        3.598900079727173
        3.087899923324585
        5.970600128173828
        5.039500236511231
        3.929399967193604
        2.480799913406372
        2.151000022888184
   2.083999961614609E-001
        2.020400047302246
        1.615800023078919
        1.146499991416931
        2.026599884033203
   2.046000063419342E-001
        1.788599967956543
        2.228899955749512
        2.121099948883057
        6.575900077819824
        4.853300094604492
        4.544600009918213
        5.089399814605713
        6.170199871063232
        4.658800125122070
        3.471999883651733
        5.407700061798096
        5.890799999237061
        5.566299915313721
        4.654099941253662
        4.930399894714356
        3.159800052642822
        1.353999972343445
        1.675199985504150
        2.003299951553345
        2.426599979400635
        3.194400072097778
        2.461100101470947
        1.508599996566773
   5.931000113487244E-001
   9.835000038146973E-001
        3.130899906158447
        1.391499996185303
        2.775300025939941
   7.519999891519547E-002
        2.196500062942505
        1.875399947166443
        1.303400039672852
   4.050999879837036E-001
       -1.883299946784973
       -3.093800067901611
       -3.233299970626831
       -4.316800117492676
       -2.207099914550781
   6.402000188827515E-001
   2.337999939918518E-001
   6.195999979972839E-001
   2.040000073611736E-002
        2.529299974441528
        4.021100044250488
        2.942500114440918
   8.669999837875366E-001
   2.314999997615814E-001
        1.787700057029724
        1.758399963378906
        2.868400096893311
        6.097700119018555
        4.119999885559082
        3.516700029373169
        1.261700034141541
   2.418999969959259E-001
        2.763200044631958
        1.592900037765503
        1.712599992752075
        3.041599988937378
        2.072200059890747
        2.567600011825562
        2.839499950408936
        3.508300065994263
        4.203299999237061
        4.586299896240234
        3.545300006866455
        3.514199972152710
        4.449200153350830
        2.649800062179565
        2.572499990463257
        3.895100116729736
        3.713599920272827
        5.654699802398682
        3.775300025939941
        4.619200229644775
        2.230900049209595
        1.164700031280518
   4.517000019550324E-001
        2.635600090026856
        4.267099857330322
        3.989599943161011
        4.342500209808350
        2.065799951553345
   6.043000221252441E-001
   7.153999805450440E-001
        1.624300003051758
        3.330800056457520
   6.125000119209290E-001
        1.413300037384033
        2.747499942779541
        3.040400028228760
   6.945999860763550E-001
  -4.587999880313873E-001
       -4.081699848175049
       -3.176000118255615
       -4.146200180053711
       -2.994100093841553
  -9.419000148773193E-001
  -4.108999967575073E-001
       -2.243299961090088
  -1.169999986886978E-001
  -3.664000034332275E-001
   6.934000253677368E-001
        2.448800086975098
        3.169699907302856
        2.772500038146973
   4.823000133037567E-001
        2.588900089263916
        3.220499992370606
        2.892499923706055
        3.537600040435791
        2.965600013732910
        2.399199962615967
   6.837999820709229E-001
        1.324200034141541
   5.799999833106995E-001
   8.593999743461609E-001
        2.132100105285645
   5.667999982833862E-001
   9.595000147819519E-001
        2.655299901962280
        3.900300025939941
        3.903000116348267
        4.059599876403809
        4.137300014495850
        2.071799993515015
        1.246700048446655
        1.036700010299683
   9.793000221252441E-001
        1.777500033378601
        1.429200053215027
        2.320399999618530
        3.234299898147583
        3.823899984359741
        1.575799942016602
   5.031999945640564E-001
   6.739000082015991E-001
        2.022799968719482
        3.289200067520142
        5.328400135040283
        3.798000097274780
        4.262700080871582
   8.766000270843506E-001
  -6.741999983787537E-001
   6.096000075340271E-001
        1.488299965858460
        1.055699944496155
        1.511000037193298
   8.429999947547913E-001
        1.988100051879883
        3.550800085067749
        1.495900034904480
       -1.697700023651123
       -3.032500028610230
       -4.312099933624268
       -4.165400028228760
       -5.701600074768066
       -4.048799991607666
       -3.747900009155273
       -2.987200021743774
       -3.392699956893921
       -2.754600048065186
  -4.422000050544739E-001
        1.320899963378906
   5.788999795913696E-001
   6.818000078201294E-001
  -2.612999975681305E-001
        1.080500006675720
        2.730000019073486
   3.488999903202057E-001
   3.242000043392181E-001
        2.964400053024292
        2.468899965286255
        1.399600028991699
   7.059999704360962E-001
        1.387799978256226
        2.269099950790405
        1.286700010299683
   7.214999794960022E-001
        1.072900056838989
   8.385000228881836E-001
        2.552000045776367
        2.236000061035156
   8.068000078201294E-001
        3.010200023651123
   4.790999889373779E-001
        2.714900016784668
   2.558000087738037E-001
        1.564100027084351
   8.345000147819519E-001
   7.779999971389771E-001
        1.793599963188171
        2.837399959564209
        2.017199993133545
        3.728899955749512
   8.844000101089478E-001
        2.065700054168701
        2.577100038528442
        6.033199787139893
        4.684599876403809
        3.955800056457520
        3.655499935150147
        3.336499929428101
        3.634500026702881
        1.478500008583069
        1.282600045204163
        1.068699955940247
        1.047799944877625
   9.782000184059143E-001
        2.165199995040894
        2.897099971771240
        1.799000024795532
  -1.130000036209822E-002
       -2.765199899673462
       -3.560199975967407
       -2.967700004577637
       -4.544899940490723
       -5.048299789428711
       -5.681300163269043
       -5.186299800872803
       -4.835899829864502
       -2.970000028610230
       -2.748600006103516
       -1.670099973678589
       -1.208799958229065
  -6.419999897480011E-002
  -7.139000296592712E-001
  -1.648000031709671E-001
  -5.123999714851379E-001
  -7.677999734878540E-001
        1.479500055313110
   6.610999703407288E-001
   6.316999793052673E-001
  -6.657000184059143E-001
   9.009000062942505E-001
        1.273300051689148
       -1.138800024986267
       -2.153899908065796
        1.578899979591370
  -1.731999963521957E-001
  -3.560000061988831E-001
   6.032999753952026E-001
        1.363899946212769
   2.901000082492828E-001
   2.612999975681305E-001
        1.424800038337708
   9.416000247001648E-001
        1.917500019073486
  -1.171000003814697E-001
  -5.996999740600586E-001
   4.419999942183495E-002
        1.325999975204468
        2.606100082397461
        3.290899991989136
        3.563499927520752
        2.827600002288818
        4.237299919128418
        4.163400173187256
        5.657100200653076
        5.887100219726563
        4.955500125885010
        2.856699943542481
        3.455199956893921
        1.762300014495850
        2.624799966812134
        3.691600084304810
        1.837599992752075
   2.241999953985214E-001
        3.357100009918213
        2.974299907684326
        2.653300046920776
        2.999200105667114
  -3.513999879360199E-001
       -1.623900055885315
       -2.519299983978272
       -3.346400022506714
       -3.680399894714356
       -2.444900035858154
       -4.586400032043457
       -4.690499782562256
       -5.465899944305420
       -3.454600095748901
       -3.503999948501587
       -4.790999889373779
       -3.075000047683716
       -2.424000024795532
       -3.010400056838989
       -1.065000057220459
       -1.707900047302246
  -8.528000116348267E-001
   1.935999989509583E-001
       -1.309200048446655
  -4.323999881744385E-001
  -5.579000115394592E-001
        1.435400009155273
  -8.668000102043152E-001
       -1.811699986457825
       -2.414700031280518
  -2.319999970495701E-002
   5.551999807357788E-001
       -2.036600112915039
       -2.291599988937378
  -1.420000009238720E-002
        1.271600008010864
   5.684999823570252E-001
        1.588700056076050
        1.526700019836426
   4.025000035762787E-001
   3.537000119686127E-001
  -9.781000018119812E-001
   9.402999877929688E-001
   3.486999869346619E-001
        1.000000000000000
        3.062299966812134
        3.462800025939941
        3.157799959182739
        3.087300062179565
        3.747900009155273
        4.499899864196777
        5.140299797058106
        4.372900009155273
        2.941699981689453
        1.699699997901917
        2.073800086975098
        2.055000066757202
        2.442600011825562
        2.007100105285645
        3.197299957275391
        3.268100023269653
        3.164900064468384
        2.656899929046631
        3.392499923706055
  -1.996999979019165E-001
       -2.180299997329712
       -2.782099962234497
       -2.760299921035767
       -2.070499897003174
       -1.256100058555603
  -8.593999743461609E-001
       -1.965199947357178
       -2.374099969863892
  -7.919999957084656E-001
       -5.076300144195557
       -3.200799942016602
       -2.758800029754639
       -2.769399881362915
       -2.624700069427490
       -2.787899971008301
       -1.585800051689148
  -2.248000055551529E-001
   5.394999980926514E-001
  -7.206000089645386E-001
  -7.922999858856201E-001
       -1.969799995422363
  -4.774000048637390E-001
  -8.197000026702881E-001
       -1.812999963760376
   7.146000266075134E-001
   5.000000074505806E-002
   3.601999878883362E-001
       -1.187500000000000
  -8.822000026702881E-001
  -7.757999897003174E-001
        1.231999993324280
  -1.014000028371811E-001
   5.863000154495239E-001
   4.142999947071075E-001
  -4.562000036239624E-001
       -1.263299942016602
       -2.649100065231323
  -8.213999867439270E-001
       -1.258999943733215
   3.657999932765961E-001
   5.750000104308128E-002
  -7.426000237464905E-001
        2.161200046539307
        1.138299942016602
        2.912499904632568
        4.925199985504150
        3.534399986267090
        4.177400112152100
        1.689100027084351
        1.449699997901917
        2.027699947357178
        3.828200101852417
        2.442800045013428
        3.252599954605103
        3.877300024032593
        1.700099945068359
        3.387000083923340
        3.023900032043457
        4.944300174713135
   8.744000196456909E-001
  -7.407000064849854E-001
       -1.736700057983398
       -2.361900091171265
       -1.069399952888489
  -4.623999893665314E-001
  -4.156000018119812E-001
  -2.339999973773956E-001
  -5.620999932289124E-001
       -2.579200029373169
       -3.811199903488159
       -2.743200063705444
       -2.253299951553345
  -8.562999963760376E-001
       -2.143199920654297
       -3.035099983215332
       -1.048300027847290
  -5.529999732971191E-001
        1.288400053977966
        1.621700048446655
  -7.545999884605408E-001
  -4.435000121593475E-001
   2.628000080585480E-001
  -3.684000074863434E-001
       -1.406200051307678
       -1.870300054550171
       -1.346300005912781
  -9.125000238418579E-001
  -7.515000104904175E-001
  -1.835999935865402E-001
  -3.404999971389771E-001
  -3.366000056266785E-001
       -1.016499996185303
  -8.177999854087830E-001
       -1.868100047111511
       -3.303299903869629
       -2.222199916839600
       -2.223299980163574
       -1.738999962806702
       -1.443300008773804
       -2.029200077056885
       -2.556400060653687
       -2.128099918365479
   6.604999899864197E-001
   8.781999945640564E-001
        2.651299953460693
        4.170499801635742
        5.661099910736084
        5.171800136566162
        2.704499959945679
        2.323499917984009
        4.026700019836426
        4.393300056457520
        4.702799797058106
        2.797600030899048
        3.549000024795532
        2.408699989318848
        3.786999940872192
        3.444400072097778
        3.050400018692017
        2.859699964523315
   8.216999769210815E-001
  -3.488000035285950E-001
       -2.029000043869019
   2.421000003814697E-001
  -7.513999938964844E-001
  -2.662999927997589E-001
       -1.568899989128113
       -2.111099958419800
       -2.869100093841553
       -2.060400009155273
       -1.340100049972534
       -1.618999958038330
  -7.250999808311462E-001
   7.842000126838684E-001
  -7.231000065803528E-001
       -1.176300048828125
       -1.020900011062622
        1.566900014877319
        2.252500057220459
  -1.324000060558319E-001
   1.947000026702881E-001
   3.759999945759773E-002
  -4.629999995231628E-001
  -2.608999907970429E-001
       -1.286800026893616
   3.650999963283539E-001
  -3.999999910593033E-002
        2.190000057220459
   2.734000086784363E-001
   5.526000261306763E-001
  -2.928999960422516E-001
  -4.417999982833862E-001
       -3.084000110626221
       -3.278100013732910
       -3.451299905776978
       -1.674399971961975
   3.596000075340271E-001
        1.215499997138977
  -2.718999981880188E-001
  -1.379999984055758E-002
       -1.353099942207336
       -2.183500051498413
  -8.672000169754028E-001
        1.051800012588501
        2.392499923706055
        3.878299951553345
        3.086999893188477
        2.235500097274780
        1.887300014495850
        2.931699991226196
        4.574699878692627
        5.219500064849854
        3.470400094985962
        2.673700094223023
        4.184199810028076
        1.905599951744080
        1.579599976539612
        3.450999975204468
        2.623199939727783
        1.192800045013428
   8.330000042915344E-001
        1.262799978256226
       -1.157799959182739
  -3.526000082492828E-001
  -5.142999887466431E-001
  -9.440000355243683E-002
       -1.309800028800964
       -1.695799946784973
       -1.903300046920776
       -2.286400079727173
       -1.486899971961975
   3.057999908924103E-001
        1.171700000762940
   7.710000276565552E-001
       -1.043400049209595
  -7.203000187873840E-001
   6.243000030517578E-001
  -2.903999984264374E-001
        2.087699890136719
        1.725499987602234
   2.212000042200089E-001
   9.969999790191650E-001
   3.199999928474426E-001
   8.816999793052673E-001
  -2.369000017642975E-001
        1.347599983215332
        1.223000049591065
        4.561500072479248
        1.444800019264221
  -4.472000002861023E-001
       -2.209100008010864
       -2.395400047302246
       -1.142899990081787
       -3.068399906158447
       -2.433000087738037
  -3.131999969482422E-001
        2.365999937057495
        3.323600053787231
        3.201600074768066
        1.960899949073792
  -6.268000006675720E-001
       -1.720399975776672
       -2.096699953079224
   1.120000034570694E-001
        1.915199995040894
        3.943099975585938
        3.503099918365479
        3.447700023651123
        3.010200023651123
        3.912800073623657
        4.743199825286865
        4.201399803161621
        3.579499959945679
        5.633699893951416
        5.881100177764893
        1.907799959182739
        1.594699978828430
        2.169899940490723
        2.609899997711182
   9.016000032424927E-001
   5.439000129699707E-001
        1.685600042343140
   6.554999947547913E-001
   3.210999965667725E-001
   3.233999907970429E-001
  -4.081000089645386E-001
       -2.348200082778931
  -9.229999780654907E-001
       -3.101900100708008
       -2.224499940872192
       -2.144000053405762
  -4.129999876022339E-001
   5.213999748229981E-001
  -3.616000115871429E-001
  -1.950000040233135E-002
  -5.903000235557556E-001
   1.031000018119812E-001
  -1.129999980330467E-001
   2.336000055074692E-001
  -5.821999907493591E-001
   7.534000277519226E-001
   6.111000180244446E-001
   3.736999928951263E-001
       -1.215000033378601
  -1.863999962806702E-001
  -6.334000229835510E-001
   7.401999831199646E-001
        2.319900035858154
   8.600000143051148E-001
   5.038999915122986E-001
  -6.546999812126160E-001
   2.226999998092651E-001
   8.971999883651733E-001
   9.229999780654907E-002
  -9.865000247955322E-001
   7.397999763488770E-001
        1.968400001525879
        3.732199907302856
        1.448899984359741
        1.478299975395203
  -4.713000059127808E-001
   2.414000034332275E-001
  -7.631000280380249E-001
        1.292500019073486
        3.072099924087524
        2.717999935150147
        2.069000005722046
        2.367799997329712
        1.703899979591370
        4.507299900054932
        3.407900094985962
        3.966599941253662
        4.466199874877930
        6.692800045013428
        5.843400001525879
  -2.258999943733215E-001
  -4.031000137329102E-001
        1.178300023078919
        2.070699930191040
        2.639499902725220
        2.959899902343750
        1.133200049400330
  -5.174000263214111E-001
   3.515000045299530E-001
   5.429000258445740E-001
       -1.472200036048889
  -7.342000007629395E-001
       -1.702399969100952
       -1.781700015068054
       -2.764100074768066
       -1.642300009727478
       -1.564499974250794
        1.407600045204163
       -1.205399990081787
       -1.038599967956543
  -5.705000162124634E-001
       -1.353199958801270
  -3.140999972820282E-001
   4.683000147342682E-001
   3.030000068247318E-002
        1.443799972534180
  -2.237000018358231E-001
   2.991999983787537E-001
  -2.373999953269959E-001
  -8.420000076293945E-001
  -4.120999872684479E-001
   8.626999855041504E-001
        1.856699943542481
        2.466000080108643
        2.261100053787231
   2.362000048160553E-001
   3.580999970436096E-001
        1.597000002861023
        2.523400068283081
        2.170200109481812
   6.726999878883362E-001
  -8.676999807357788E-001
   3.068999946117401E-001
       -1.592599987983704
   1.030000019818544E-002
  -4.772000014781952E-001
  -8.256000280380249E-001
   9.921000003814697E-001
        1.860000014305115
        2.794199943542481
        1.976600050926209
        2.443000078201294
        1.998700022697449
   6.507999897003174E-001
        2.878099918365479
        3.914400100708008
        4.271200180053711
        3.312299966812134
        7.101099967956543
        6.627999782562256
   2.466000020503998E-001
       -1.093799948692322
  -2.199999988079071E-002
   4.560999870300293E-001
        1.251899957656860
        2.638499975204468
   8.123000264167786E-001
       -1.501999974250794
       -1.218199968338013
   6.287999749183655E-001
   2.585000097751617E-001
       -1.139600038528442
  -7.602000236511231E-001
       -2.732399940490723
       -2.129800081253052
       -1.399099946022034
   1.430999934673309E-001
  -4.553999900817871E-001
       -1.604799985885620
       -3.254199981689453
       -1.365100026130676
   4.638999998569489E-001
   4.462000131607056E-001
   8.259999752044678E-002
   1.335999965667725E-001
   2.592000067234039E-001
   9.914000034332275E-001
  -4.327000081539154E-001
  -1.733999997377396E-001
  -2.547000050544739E-001
        1.449000000953674
        1.039199948310852
        1.234400033950806
        2.477099895477295
        2.968499898910523
        1.788900017738342
   4.004999995231628E-001
        1.136800050735474
  -4.129999876022339E-001
        1.128600001335144
  -2.648999989032745E-001
  -1.045999974012375E-001
       -1.225999951362610
  -8.167999982833862E-001
        1.443899989128113
   8.417999744415283E-001
  -3.792999982833862E-001
  -1.570000052452087E-001
        1.046599984169006
   7.865999937057495E-001
        1.168300032615662
   2.752000093460083E-001
  -6.628000140190125E-001
   1.532000005245209E-001
        1.723000049591065
        3.608700037002564
        3.810800075531006
        4.306399822235107
        5.384600162506104
        5.903200149536133
   2.029999941587448E-001
   4.925999939441681E-001
   3.416999876499176E-001
        2.786499977111816
        1.076400041580200
        1.995900034904480
   4.004999995231628E-001
  -8.241999745368958E-001
       -1.053699970245361
  -6.171000003814697E-001
       -2.379199981689453
       -2.511399984359741
  -7.861999869346619E-001
       -2.120100021362305
       -2.670000076293945
  -8.378000259399414E-001
   3.159999847412109E-002
   8.414999842643738E-001
        1.231299996376038
       -1.877799987792969
       -1.534000039100647
       -1.004500031471252
  -2.469999939203262E-001
   7.074999809265137E-001
   9.350000321865082E-002
        1.297700047492981
  -7.110999822616577E-001
        1.141600012779236
  -4.196000099182129E-001
   6.331999897956848E-001
        2.181200027465820
        2.819999933242798
        1.533100008964539
        1.165699958801270
        1.555400013923645
        2.368499994277954
  -1.562999933958054E-001
  -9.373000264167786E-001
       -1.038800001144409
       -1.769099950790405
   3.059999942779541E-001
   7.756000161170960E-001
       -1.276700019836426
        1.292099952697754
   9.142000079154968E-001
  -5.000000237487257E-004
   9.671000242233276E-001
  -1.940000057220459E-001
   5.460000038146973E-001
        1.207200050354004
   9.042999744415283E-001
  -4.947000145912170E-001
  -1.186000034213066E-001
  -7.946000099182129E-001
        1.682100057601929
        2.060899972915649
        3.654500007629395
        5.175199985504150
        6.274799823760986
        6.535200119018555
   7.031000256538391E-001
   9.503999948501587E-001
        1.215399980545044
        2.945499897003174
   6.550999879837036E-001
  -2.951000034809113E-001
  -1.905000060796738E-001
  -3.440000116825104E-001
        2.494999885559082
        1.050099968910217
  -9.229999780654907E-001
  -2.739000022411346E-001
       -2.707299947738648
       -1.625100016593933
       -1.637699961662293
   8.939999938011169E-001
       -1.180999994277954
   5.799000263214111E-001
   1.569999940693378E-002
       -1.479200005531311
       -1.773100018501282
  -7.838000059127808E-001
   5.604000091552734E-001
   3.673999905586243E-001
        2.009999990463257
        1.192499995231628
        1.456900000572205
        1.006999969482422
       -1.897099971771240
   6.177999973297119E-001
        3.163300037384033
        3.791899919509888
        2.782099962234497
  -4.129000008106232E-001
  -2.831999957561493E-001
        2.284899950027466
        2.062299966812134
   7.318999767303467E-001
        1.272099971771240
   4.521999955177307E-001
  -9.384999871253967E-001
       -1.416300058364868
  -6.007000207901001E-001
        2.875900030136108
  -1.427000015974045E-001
  -7.109000086784363E-001
   8.353999853134155E-001
        1.886600017547607
        2.388600111007690
        2.296099901199341
   7.914000153541565E-001
  -5.293999910354614E-001
  -3.786999881267548E-001
       -1.517099976539612
  -3.730000182986260E-002
       -1.289800047874451
  -6.640999913215637E-001
   1.300999969244003E-001
        3.334199905395508
        3.515399932861328
        1.276600003242493
   4.029999971389771E-001
   1.290999948978424E-001
       -1.674399971961975
       -1.896000027656555
  -7.698000073432922E-001
        1.043499946594238
        1.062899947166443
   6.611999869346619E-001
        2.299499988555908
  -3.504000008106232E-001
       -2.060199975967407
       -3.113300085067749
       -2.670000076293945
   1.142000034451485E-001
   8.680999875068665E-001
        1.693699955940247
        1.534000039100647
   3.980999886989594E-001
  -1.209999993443489E-001
   1.298000067472458E-001
  -7.828000187873840E-001
  -6.614999771118164E-001
   8.511000275611877E-001
   8.702999949455261E-001
  -4.386000037193298E-001
   9.460999965667725E-001
  -6.840999722480774E-001
       -1.302999973297119
  -6.800000369548798E-002
        3.059600114822388
        3.316099882125855
   5.634999871253967E-001
       -2.139800071716309
       -1.739899992942810
  -3.041000068187714E-001
        1.867200016975403
        2.070899963378906
        3.873399972915649
        1.206900000572205
  -7.771000266075134E-001
   3.920000046491623E-002
        1.355900049209595
        2.013200044631958
   6.179000139236450E-001
  -7.117000222206116E-001
   7.463999986648560E-001
        1.866099953651428
        1.314700007438660
        1.621600031852722
   3.867999911308289E-001
  -7.702000141143799E-001
  -5.479999780654907E-001
       -1.571200013160706
       -2.709700107574463
  -9.463999867439270E-001
       -2.718800067901611
  -7.968000173568726E-001
        1.576799988746643
        3.685499906539917
       -1.381999969482422
       -1.300600051879883
  -5.874000191688538E-001
  -4.963999986648560E-001
        1.503800034523010
       -1.080199956893921
   9.240999817848206E-001
        2.135999917984009
        2.669600009918213
        1.980599999427795
  -7.351999878883362E-001
  -9.509999752044678E-001
       -3.626699924468994
       -2.187900066375732
       -1.480999946594238
        2.016700029373169
        1.961099982261658
        1.379400014877319
   8.015000224113464E-001
        1.384299993515015
       -1.745000004768372
       -1.761399984359741
       -1.611600041389465
  -8.708000183105469E-001
  -5.023999810218811E-001
  -5.909000039100647E-001
       -1.246799945831299
  -2.044000029563904E-001
       -1.115499973297119
  -8.364999890327454E-001
  -2.309000045061112E-001
       -1.171200037002564
       -1.741500020027161
       -3.282099962234497
       -3.276000022888184
  -9.075999855995178E-001
  -2.335000038146973E-001
   4.327999949455261E-001
        1.836599946022034
        2.211699962615967
   7.203000187873840E-001
   7.070000171661377E-001
        1.733399987220764
        1.156900048255920
   4.359999895095825E-001
   8.938000202178955E-001
   7.724999785423279E-001
        1.951400041580200
   9.933999776840210E-001
        1.674100041389465
   3.359000086784363E-001
       -1.807800054550171
  -8.233000040054321E-001
  -8.659999966621399E-001
       -1.123800039291382
       -1.664100050926209
       -1.054399967193604
  -9.799999743700028E-002
        1.065799951553345
        1.346099972724915
  -6.638000011444092E-001
   7.455000281333923E-001
   3.077000081539154E-001
        1.293599963188171
   8.621000051498413E-001
        1.023300051689148
   8.633999824523926E-001
        3.076900005340576
        2.441099882125855
   6.872000098228455E-001
   5.640000104904175E-002
       -2.098299980163574
       -3.003099918365479
  -8.597999811172485E-001
  -4.329999983310700E-001
   9.878000020980835E-001
        1.202600002288818
   7.656000256538391E-001
        2.226099967956543
   2.887000143527985E-001
   6.759999692440033E-002
       -2.102799892425537
       -3.147099971771240
       -2.646399974822998
       -1.699900031089783
  -9.088000059127808E-001
  -5.762000083923340E-001
        2.252500057220459
       -2.336999893188477
       -1.160199999809265
  -8.969999849796295E-002
  -5.133000016212463E-001
       -2.294899940490723
       -3.657900094985962
       -3.237099885940552
       -1.280599951744080
  -1.141000017523766E-001
   2.125999927520752E-001
        2.141000032424927
        3.210599899291992
        1.192600011825562
        2.794100046157837
   6.549000144004822E-001
        1.235100030899048
  -3.492999970912933E-001
  -4.648000001907349E-001
        2.133699893951416
        2.368599891662598
        2.262200117111206
   4.411999881267548E-001
       -1.375200033187866
  -9.735999703407288E-001
       -2.228899955749512
  -4.630999863147736E-001
  -6.378999948501587E-001
       -1.386800050735474
       -1.762300014495850
        1.565600037574768
  -3.740999996662140E-001
        1.014099955558777
       -1.403300046920776
   2.407000064849854E-001
   1.017000004649162E-001
   1.875000000000000E-001
        1.014999985694885
        1.565299987792969
        1.768499970436096
        2.155499935150147
        2.260099887847900
  -5.146999955177307E-001
       -2.011600017547607
       -1.159700036048889
       -2.782799959182739
  -1.591999977827072E-001
  -6.453999876976013E-001
        1.440199971199036
   1.658000051975250E-001
   4.018000066280365E-001
        1.579399943351746
  -6.710000038146973E-001
  -5.803999900817871E-001
       -2.092999935150147
       -2.772099971771240
       -2.080899953842163
  -1.388999968767166E-001
  -4.068999886512756E-001
  -4.257000088691711E-001
   2.072000056505203E-001
       -1.787500023841858
       -2.566099882125855
       -1.333600044250488
  -6.759999990463257E-001
       -3.033799886703491
       -3.478600025177002
       -3.099900007247925
  -5.371000170707703E-001
        1.146900057792664
       -1.321799993515015
  -8.150000125169754E-002
        3.677700042724609
        2.232100009918213
        1.289399981498718
   1.911000013351440E-001
   2.161000072956085E-001
   4.368999898433685E-001
   1.562999933958054E-001
        1.948300004005432
   7.630000114440918E-001
  -8.838999867439270E-001
   1.134999990463257E-001
       -2.538000106811523
       -2.400700092315674
       -1.566599965095520
       -1.221500039100647
  -4.684999883174896E-001
       -1.795600056648254
       -1.181100010871887
       -2.105900049209595
       -1.524600028991699
       -1.119799971580505
       -1.317199945449829
  -3.064000010490418E-001
   7.889000177383423E-001
   4.476000070571899E-001
        2.400500059127808
        3.468899965286255
        2.209199905395508
   9.348999857902527E-001
   6.208000183105469E-001
       -1.597800016403198
       -1.385900020599365
  -6.732000112533569E-001
  -9.207999706268311E-001
  -5.873000025749207E-001
        1.116199970245361
   8.900000154972076E-002
  -2.251999974250794E-001
       -1.228199958801270
   4.459999874234200E-002
  -7.612000107765198E-001
  -6.611999869346619E-001
       -1.490300059318543
       -1.543599963188171
       -1.821099996566773
       -1.147600054740906
       -2.242899894714356
       -1.302500009536743
   2.333000004291534E-001
  -7.260000109672546E-001
       -2.187799930572510
       -1.079599976539612
       -1.210199952125549
  -4.869000017642975E-001
       -2.975399971008301
       -1.876700043678284
   5.551000237464905E-001
  -2.240000069141388E-001
       -1.790599942207336
       -1.157699942588806
        1.933799982070923
        2.591200113296509
        1.072199940681458
  -6.832000017166138E-001
   4.404999911785126E-001
   6.284000277519226E-001
  -2.707000076770783E-001
        1.844900012016296
   1.173999980092049E-001
       -1.128900051116943
  -8.324999809265137E-001
       -1.977100014686585
  -9.207999706268311E-001
   8.929999917745590E-002
  -2.342000007629395E-001
       -1.337100028991699
       -1.350999951362610
  -9.455000162124634E-001
        1.829900026321411
   4.348999857902527E-001
   6.661999821662903E-001
  -6.826999783515930E-001
   1.274999976158142E-001
  -3.386000096797943E-001
        1.898599982261658
        2.703000068664551
        2.318000078201294
        2.013799905776978
   3.147999942302704E-001
  -3.206000030040741E-001
  -5.985000133514404E-001
  -4.000000059604645E-001
        1.190899968147278
  -4.171999990940094E-001
   3.637999892234802E-001
   9.732000231742859E-001
        2.030299901962280
        2.091200113296509
   9.369999915361404E-002
  -1.728000044822693E-001
       -2.107800006866455
  -2.511999905109406E-001
   2.035000026226044E-001
       -1.514899969100952
       -1.562899947166443
  -9.502000212669373E-001
  -5.779999867081642E-002
       -1.136700034141541
       -2.568200111389160
  -6.658999919891357E-001
       -1.641100049018860
  -7.193999886512756E-001
  -7.706000208854675E-001
   7.660000026226044E-002
  -9.957000017166138E-001
  -6.644999980926514E-001
       -1.916000008583069
  -5.155000090599060E-001
  -9.060000181198120E-001
   8.395000100135803E-001
        1.054200053215027
        2.597700119018555
        1.912700057029724
   4.275000095367432E-001
   2.849999964237213E-001
  -4.756000041961670E-001
  -8.446999788284302E-001
  -7.542999982833862E-001
  -5.832999944686890E-001
       -1.221300005912781
  -2.876999974250794E-001
  -4.824000000953674E-001
   4.710000008344650E-002
   2.195000052452087E-001
        1.171399950981140
   1.252000033855438E-001
   1.755000054836273E-001
   5.397999882698059E-001
  -3.684999942779541E-001
        2.911299943923950
   4.404000043869019E-001
  -3.064000010490418E-001
       -1.718600034713745
       -1.065099954605103
        2.131400108337402
        3.871900081634522
   5.171999931335449E-001
   9.204999804496765E-001
  -1.516000032424927E-001
       -1.421900033950806
       -2.969899892807007
  -3.526000082492828E-001
       -1.303699970245361
       -1.891100049018860
       -1.314800024032593
   1.006999984383583E-001
       -1.128700017929077
   5.055999755859375E-001
   3.314000070095062E-001
   1.439999975264072E-002
  -4.523999989032745E-001
  -8.313999772071838E-001
  -4.009000062942505E-001
   4.812999963760376E-001
  -3.413000106811523E-001
  -2.987000048160553E-001
  -3.079000115394592E-001
       -1.339200019836426
       -1.961300015449524
       -2.724600076675415
       -2.467999935150147
       -2.754899978637695
       -2.291100025177002
        1.174399971961975
        1.521299958229065
   3.434999883174896E-001
  -5.505999922752380E-001
        1.308899998664856
   3.948999941349030E-001
  -6.121000051498413E-001
        1.274399995803833
        2.589200019836426
        2.640700101852417
  -8.000000379979610E-003
  -1.701000034809113E-001
  -9.128000140190125E-001
  -8.801000118255615E-001
  -7.319999933242798E-001
       -1.148399949073792
  -1.896000057458878E-001
  -2.759999930858612E-001
   1.854999959468842E-001
  -7.565000057220459E-001
  -9.489999711513519E-002
   3.251000046730042E-001
  -4.639999866485596E-001
  -1.596000045537949E-001
  -5.643000006675720E-001
   4.302000105381012E-001
        1.675699949264526
        3.381700038909912
  -5.465999841690064E-001
  -7.275000214576721E-001
   5.220000073313713E-002
        2.436000108718872
        2.680099964141846
        1.950600028038025
        1.131000041961670
   2.978000044822693E-001
  -6.750000268220902E-002
       -1.860399961471558
       -2.338399887084961
  -9.652000069618225E-001
       -1.550199985504150
       -2.870500087738037
       -2.357899904251099
       -1.477699995040894
  -7.896999716758728E-001
       -1.152400016784668
  -4.620999991893768E-001
   3.240000009536743E-001
        2.607500076293945
        1.630900025367737
   8.313000202178955E-001
   7.088000178337097E-001
        1.167299985885620
  -3.553000092506409E-001
  -5.594000220298767E-001
       -1.453299999237061
       -2.105999946594238
       -2.352799892425537
       -2.158600091934204
  -1.395000070333481E-001
  -1.597000062465668E-001
        1.359200000762940
        1.506299972534180
   8.019000291824341E-001
        1.479200005531311
        2.007699966430664
        1.174700021743774
        1.485000014305115
        2.615499973297119
        1.800899982452393
  -6.911000013351440E-001
       -1.361799955368042
       -1.508000016212463
       -1.401200056076050
       -1.808200001716614
  -5.738000273704529E-001
   6.660000085830689E-001
   1.879999972879887E-002
        1.004799962043762
  -6.955000162124634E-001
   1.651999950408936E-001
  -9.003999829292297E-001
       -2.291699886322022
       -3.052500009536743
  -7.878000140190125E-001
        1.175899982452393
        1.651900053024292
        2.993200063705444
        2.132800102233887
   9.880000352859497E-002
  -1.057000011205673E-001
        2.066900014877319
        1.804299950599670
   3.750000000000000E-001
       -1.305500030517578
  -9.529999643564224E-002
   5.315999984741211E-001
   1.767999976873398E-001
        1.135300040245056
       -1.078400015830994
  -4.038000106811523E-001
  -5.533000230789185E-001
       -1.298300027847290
  -3.959999978542328E-001
        1.539100050926209
        1.514799952507019
        2.687900066375732
        2.849100112915039
        1.110299944877625
   6.953999996185303E-001
  -1.178999990224838E-001
   3.441999852657318E-001
        1.299900054931641
        1.407799959182739
   7.498999834060669E-001
   8.008000254631043E-001
   3.578999936580658E-001
       -2.345499992370606
        1.051900029182434
        1.871700048446655
   7.319999933242798E-001
  -9.000000357627869E-002
        1.317999958992004
   8.392999768257141E-001
   7.552000284194946E-001
        2.075500011444092
        1.275099992752075
        2.867700099945068
        2.793499946594238
        1.906800031661987
   6.492999792098999E-001
   3.745999932289124E-001
  -4.151000082492828E-001
   1.692000031471252E-001
  -9.017999768257141E-001
   1.555999964475632E-001
  -2.250000089406967E-002
       -1.348399996757507
       -1.561200022697449
       -1.427899956703186
  -5.292000174522400E-001
       -2.128999948501587
       -3.013400077819824
       -2.471600055694580
  -4.862000048160553E-001
        1.886399984359741
        2.200099945068359
        1.748900055885315
        1.090700030326843
        2.320699930191040
        3.526999950408936
        2.985399961471558
        1.434800028800964
  -8.901000022888184E-001
       -1.937000036239624
       -2.696399927139282
        1.317499995231628
        1.261199951171875
        1.585500001907349
        1.089200019836426
   6.916999816894531E-001
  -4.399999976158142E-002
  -8.162000179290772E-001
  -6.007000207901001E-001
        1.345600008964539
        2.446000099182129
        4.596199989318848
        4.104599952697754
        4.892899990081787
        2.882400035858154
        2.230600118637085
   6.823999881744385E-001
        3.646199941635132
        3.674400091171265
        2.089600086212158
       -1.720800042152405
   9.080000221729279E-002
        2.092999935150147
        2.804699897766113
   6.367999911308289E-001
        2.453599929809570
        1.434499979019165
        1.571699976921082
  -6.061000227928162E-001
        1.054399967193604
        1.053400039672852
        2.529099941253662
        1.975100040435791
        2.337699890136719
        2.559700012207031
        2.711899995803833
        1.728500008583069
   5.142999887466431E-001
  -2.064999938011169E-001
       -1.095499992370606
  -5.666000247001648E-001
       -1.418300032615662
       -1.359799981117249
   5.374000072479248E-001
       -1.305099964141846
       -1.011800050735474
  -8.853999972343445E-001
   1.225999966263771E-001
  -9.380999803543091E-001
   5.950000137090683E-002
   3.583000004291534E-001
        1.511000037193298
        2.134099960327148
        1.448699951171875
        1.072700023651123
        1.697000026702881
        2.614399909973145
        1.605999946594238
       -1.723399996757507
       -2.491800069808960
       -3.662800073623657
       -1.244199991226196
  -6.676999926567078E-001
        1.068500041961670
        1.478800058364868
        1.428200006484985
   4.478999972343445E-001
   6.560999751091003E-001
   8.385000228881836E-001
        1.157500028610230
   7.181000113487244E-001
        3.853899955749512
        4.563199996948242
        4.048699855804443
        3.903800010681152
        3.937799930572510
        2.362999916076660
        2.661999940872192
        1.852800011634827
        3.160300016403198
   1.348000019788742E-001
   7.226999998092651E-001
        1.236500024795532
        1.157799959182739
        1.077100038528442
   2.754000127315521E-001
        2.428999900817871
   3.813000023365021E-001
  -6.694999933242798E-001
        1.148100018501282
   3.844000101089478E-001
   4.988000094890595E-001
        1.532799959182739
        1.231299996376038
        1.157099962234497
        2.806299924850464
        1.415099978446960
   4.783999919891357E-001
  -9.923999905586243E-001
  -2.660999894142151E-001
       -1.447800040245056
       -1.832499980926514
  -5.810000002384186E-002
  -8.102999925613403E-001
  -3.585999906063080E-001
       -1.520200014114380
       -1.836699962615967
  -2.407000064849854E-001
  -9.143999814987183E-001
       -1.546800017356873
   2.768000066280365E-001
        1.095700025558472
        1.335600018501282
        2.743200063705444
        1.043200016021729
        1.210199952125549
   6.614999771118164E-001
        1.048900008201599
   7.761999964714050E-001
       -1.043300032615662
       -1.751099944114685
       -1.499799966812134
  -4.447999894618988E-001
   5.228999853134155E-001
   1.499999966472387E-002
        1.392099976539612
   4.338999986648560E-001
        1.206099987030029
        1.815199971199036
   8.325999975204468E-001
        1.631700038909912
        3.962100028991699
        4.903100013732910
        5.242499828338623
        5.820899963378906
        3.317300081253052
        2.682899951934815
        2.498600006103516
        1.015599966049194
        1.991999983787537
        1.177299976348877
   2.442000061273575E-001
        1.003900051116943
        1.353199958801270
        1.975100040435791
        1.070799946784973
   4.101999998092651E-001
   4.122999906539917E-001
        1.499500036239624
  -3.398000001907349E-001
  -1.316999942064285E-001
   3.152000010013580E-001
        1.121099948883057
        4.153200149536133
        2.738600015640259
        1.326500058174133
   9.549999833106995E-001
       -1.738899946212769
       -1.091799974441528
       -1.858299970626831
  -3.562999963760376E-001
   3.470999896526337E-001
  -9.136999845504761E-001
  -6.140000224113464E-001
       -1.812299966812134
       -2.138200044631958
       -2.677000045776367
       -3.441699981689453
       -1.655300021171570
  -6.111999750137329E-001
       -1.062000036239624
   5.410000085830689E-001
        1.443300008773804
   9.406999945640564E-001
   8.335000276565552E-001
        1.114400029182434
       -1.355800032615662
  -6.051999926567078E-001
   7.911000251770020E-001
       -2.190999984741211
  -6.966000199317932E-001
       -1.685700058937073
  -7.828999757766724E-001
  -6.660000234842300E-002
        2.209199905395508
        1.412799954414368
       -1.546100020408630
  -7.182999849319458E-001
   1.706999987363815E-001
        3.308399915695190
        1.137099981307983
        2.464699983596802
        5.455399990081787
        5.401599884033203
        4.723899841308594
        2.982500076293945
   4.501999914646149E-001
   8.148999810218811E-001
  -4.311000108718872E-001
   3.346000015735626E-001
        1.031100034713745
   6.294999718666077E-001
  -3.007999956607819E-001
        1.163100004196167
        1.086300015449524
       -1.431900024414063
       -1.812999963760376
   3.079999983310700E-002
   5.849999934434891E-002
  -2.100999951362610E-001
       -1.528599977493286
       -1.275099992752075
   8.436999917030335E-001
        3.412800073623657
        4.068699836730957
        2.644900083541870
        1.781999945640564
  -3.614999949932098E-001
       -1.491899967193604
  -1.829999983310700E-001
  -8.751999735832214E-001
   7.883999943733215E-001
       -1.164700031280518
  -9.187999963760376E-001
  -6.966999769210815E-001
       -2.015199899673462
       -3.072400093078613
       -4.029099941253662
       -3.398699998855591
       -3.628700017929077
       -2.846999883651733
       -1.034399986267090
  -1.086999997496605E-001
   6.870000064373016E-002
       -1.487100005149841
  -7.103999853134155E-001
  -6.693999767303467E-001
   7.975999712944031E-001
   8.802000284194946E-001
   5.680999755859375E-001
   6.053000092506409E-001
  -8.722000122070313E-001
   3.635999858379364E-001
   7.457000017166138E-001
        1.322600007057190
   5.146999955177307E-001
   1.041999980807304E-001
  -6.560000032186508E-002
   1.314000040292740E-001
        2.801100015640259
        2.796600103378296
        3.036999940872192
        4.603499889373779
        4.611800193786621
        3.605299949645996
        3.657000064849854
        2.357000112533569
        1.084699988365173
   2.217999994754791E-001
  -6.377999782562256E-001
  -8.309999853372574E-002
       -1.789399981498718
   5.139999985694885E-001
  -7.890000194311142E-002
       -1.425999999046326
       -3.304100036621094
       -3.008599996566773
       -2.199399948120117
  -5.975000262260437E-001
   5.330000072717667E-002
   3.571000099182129E-001
  -4.183999896049500E-001
        1.165400028228760
        1.526100039482117
        2.419899940490723
        2.525199890136719
   7.379000186920166E-001
   1.127000004053116E-001
   6.340000033378601E-001
  -1.535000056028366E-001
       -1.319399952888489
  -2.266000062227249E-001
   4.810999929904938E-001
       -1.063300013542175
  -3.655999898910523E-001
       -1.746899962425232
       -2.000699996948242
       -3.000000000000000
       -3.188299894332886
       -4.999400138854981
       -3.647099971771240
       -2.540100097656250
       -1.628200054168701
   5.401999950408936E-001
       -1.958199977874756
       -1.478399991989136
       -1.737200021743774
        1.268599987030029
  -9.962000250816345E-001
   7.226999998092651E-001
  -3.032000064849854E-001
   1.592999994754791E-001
   2.155999988317490E-001
   4.253999888896942E-001
        2.236999988555908
        3.559099912643433
        1.618600010871887
       -1.532299995422363
        1.037999987602234
        2.483200073242188
        4.289400100708008
        3.786700010299683
        3.488199949264526
        4.493599891662598
        3.035200119018555
        1.470000028610230
        3.796799898147583
        2.980099916458130
   8.576999902725220E-001
  -7.299000024795532E-001
   7.204999923706055E-001
   1.917999982833862E-001
  -5.027999877929688E-001
       -1.883499979972839
       -3.451400041580200
       -1.135400056838989
       -2.286400079727173
       -2.170300006866455
   3.551999926567078E-001
  -2.302999943494797E-001
   9.514999985694885E-001
   8.361999988555908E-001
  -9.667999744415283E-001
   2.357999980449677E-001
        1.228000044822693
        2.262599945068359
  -9.139999747276306E-001
  -4.284999966621399E-001
   9.794999957084656E-001
   2.922999858856201E-001
       -1.887099981307983
  -6.485000252723694E-001
   1.789999939501286E-002
        1.391100049018860
   5.821999907493591E-001
  -6.667000055313110E-001
       -1.727499961853027
       -3.069900035858154
       -2.092700004577637
       -4.738100051879883
       -5.589499950408936
       -3.913300037384033
       -1.781100034713745
  -2.239000052213669E-001
       -1.151499986648560
       -2.289299964904785
  -7.709000110626221E-001
   1.491000056266785E-001
        1.740100026130676
        1.112599968910217
  -1.040999963879585E-001
   1.049999967217445E-001
       -1.880499958992004
  -8.051000237464905E-001
        2.190399885177612
        2.174900054931641
   7.879999876022339E-001
   3.100000089034438E-003
  -2.416000068187714E-001
        1.426100015640259
        3.339099884033203
        3.049299955368042
        4.026599884033203
        3.205800056457520
        3.237299919128418
  -2.475000023841858E-001
   9.573000073432922E-001
        1.689599990844727
   5.361999869346619E-001
   4.183000028133392E-001
  -1.996999979019165E-001
  -8.649999648332596E-002
  -3.747000098228455E-001
       -2.709399938583374
       -2.447999954223633
  -6.895999908447266E-001
       -1.581300020217896
  -6.184999942779541E-001
  -8.917000293731690E-001
   1.000000047497451E-003
  -7.010999917984009E-001
       -1.071599960327148
       -1.114599943161011
       -1.055400013923645
   5.310999751091003E-001
       -1.109300017356873
       -1.098600029945374
       -1.595800042152405
   8.134999871253967E-001
   8.500000089406967E-002
       -2.219300031661987
       -2.814500093460083
       -2.033900022506714
   6.019999831914902E-002
  -5.457999706268311E-001
  -6.650999784469605E-001
       -1.872599959373474
       -2.233900070190430
       -2.629300117492676
       -3.866600036621094
       -4.706799983978272
       -4.165500164031982
       -1.906200051307678
   8.399999737739563E-001
       -1.471699953079224
       -1.635300040245056
       -1.587800025939941
       -1.382400035858154
        1.141199946403503
   4.742999970912933E-001
        1.882300019264221
   2.549000084400177E-001
  -2.763999998569489E-001
  -6.680999994277954E-001
        1.432299971580505
   6.649000048637390E-001
   5.565999746322632E-001
  -8.503000140190125E-001
       -1.118600010871887
   5.317999720573425E-001
        2.084599971771240
        1.175699949264526
        2.877000093460083
        2.314599990844727
        3.059299945831299
        2.488899946212769
   5.302000045776367E-001
  -4.201000034809113E-001
   7.469999790191650E-002
   8.220000267028809E-001
   1.915999948978424E-001
  -8.269000053405762E-001
       -2.050100088119507
       -2.914400100708008
       -3.356800079345703
       -2.387700080871582
  -6.949999928474426E-001
       -1.477699995040894
       -2.521600008010864
       -2.540600061416626
       -1.245700001716614
       -2.280600070953369
       -2.549200057983398
       -2.138900041580200
       -1.626099944114685
       -2.968600034713745
       -2.528899908065796
       -1.012199997901917
       -1.175400018692017
       -1.873900055885315
       -3.094899892807007
       -1.934700012207031
       -3.100600004196167
       -1.306200027465820
       -1.122300028800964
  -9.115999937057495E-001
       -1.217800021171570
       -2.781500101089478
       -4.243800163269043
       -4.132800102233887
       -4.505099773406982
       -5.604700088500977
       -2.091799974441528
       -1.417899966239929
  -9.081000089645386E-001
  -2.383999973535538E-001
  -5.860999822616577E-001
       -1.518599987030029
       -1.249099969863892
  -3.860000148415566E-002
        2.597599983215332
        2.312400102615356
   3.459999859333038E-001
  -8.129999786615372E-002
        3.139800071716309
        4.223899841308594
  -5.570999979972839E-001
       -1.662999987602234
       -2.455499887466431
       -1.388399958610535
   2.969999909400940E-001
   2.777000069618225E-001
        1.563099980354309
        3.610100030899048
        3.571500062942505
        3.639800071716309
  -2.450000047683716E-001
       -1.779199957847595
   3.619999885559082E-001
        1.782899975776672
   6.952000260353088E-001
       -1.299100041389465
       -1.834200024604797
       -2.148600101470947
       -3.091200113296509
       -2.200999975204468
  -5.392000079154968E-001
       -1.959699988365173
       -2.683599948883057
       -1.085100054740906
   5.266000032424927E-001
       -2.034399986267090
       -2.799200057983398
       -1.190899968147278
  -6.489999890327454E-001
       -3.958199977874756
       -2.633699893951416
       -1.787899971008301
       -1.977300047874451
  -3.107999861240387E-001
       -3.683900117874146
       -4.251800060272217
       -3.136199951171875
       -3.190700054168701
       -1.917700052261353
       -1.758900046348572
       -1.887500047683716
       -3.176399946212769
       -5.284800052642822
       -5.699999809265137
       -6.646299839019775
       -5.227399826049805
       -4.295000076293945
       -1.349699974060059
        1.318199992179871
        1.237900018692017
        1.007599949836731
  -6.958000063896179E-001
       -2.741899967193604
        1.095600008964539
        2.725199937820435
        2.748100042343140
  -2.820000052452087E-001
  -7.734000086784363E-001
        2.621599912643433
        2.072799921035767
       -1.282500028610230
       -1.303500056266785
       -1.779700040817261
       -1.502099990844727
       -1.463299989700317
       -2.381500005722046
  -2.978000044822693E-001
        1.838899970054627
        2.766099929809570
        2.344199895858765
   3.309000134468079E-001
  -3.903999924659729E-001
   6.969000101089478E-001
        1.524899959564209
   5.229999870061874E-002
  -9.319999814033508E-002
   4.903999865055084E-001
       -2.135299921035767
       -2.765399932861328
       -2.176100015640259
       -2.546799898147583
       -1.596500039100647
  -4.244999885559082E-001
   5.206000208854675E-001
  -6.493999958038330E-001
       -1.511299967765808
  -8.921999931335449E-001
  -6.676999926567078E-001
       -2.551700115203857
       -3.675499916076660
       -3.560400009155273
       -1.594200015068054
  -2.122000008821487E-001
  -2.806000113487244E-001
       -2.234899997711182
       -2.121200084686279
       -2.389800071716309
       -1.328899979591370
       -1.370900034904480
  -5.691999793052673E-001
       -1.103000044822693
       -3.087699890136719
       -4.530900001525879
       -4.382800102233887
       -5.384600162506104
       -5.744100093841553
       -4.526199817657471
        2.494999885559082
        3.648400068283081
        1.310600042343140
   8.956999778747559E-001
       -1.070700049400330
  -8.341000080108643E-001
   2.011999934911728E-001
   4.402999877929688E-001
        2.303600072860718
   2.037999927997589E-001
       -1.095100045204163
   4.273000061511993E-001
  -2.180000022053719E-002
  -9.671999812126160E-001
       -2.051000118255615
       -2.870500087738037
       -1.728199958801270
       -2.663100004196167
       -3.958699941635132
       -3.259599924087524
       -1.608100056648254
   6.511999964714050E-001
        1.175899982452393
  -9.520000219345093E-001
  -1.006999984383583E-001
  -3.226000070571899E-001
  -6.468999981880188E-001
  -6.039000153541565E-001
  -6.753000020980835E-001
  -4.909000098705292E-001
       -1.013399958610535
       -2.924099922180176
       -3.307399988174439
       -1.273499965667725
  -5.056999921798706E-001
   4.889000058174133E-001
        1.919100046157837
   3.946999907493591E-001
       -1.151800036430359
       -2.000000000000000
       -1.955299973487854
       -2.867500066757202
       -2.112200021743774
       -1.221500039100647
       -2.594300031661987
       -1.598899960517883
  -1.150000020861626E-001
       -1.503900051116943
  -8.755000233650208E-001
  -6.560000032186508E-002
   1.200000010430813E-002
  -2.926000058650971E-001
   9.577000141143799E-001
       -1.488199949264526
       -4.876399993896484
       -6.276800155639648
       -5.101900100708008
       -4.793099880218506
       -5.181099891662598
       -4.642499923706055
   7.497000098228455E-001
        1.353299975395203
   1.711000055074692E-001
   5.720000267028809E-001
  -5.038999915122986E-001
       -1.808500051498413
       -3.372600078582764
  -9.154999852180481E-001
        2.786200046539307
  -4.980000108480454E-002
  -4.242999851703644E-001
   9.693999886512756E-001
       -1.338700056076050
       -1.741199970245361
       -3.936700105667114
       -3.727799892425537
       -2.334100008010864
       -1.250900030136108
  -4.160000085830689E-001
  -9.243999719619751E-001
  -7.355999946594238E-001
   8.420000225305557E-002
   5.508999824523926E-001
       -2.911400079727173
   2.640999853610992E-001
  -6.029999852180481E-001
       -1.077399969100952
   3.106000125408173E-001
  -9.709999710321426E-002
   5.426999926567078E-001
   2.082999944686890E-001
  -2.554000020027161E-001
       -1.683200001716614
  -2.779999934136868E-002
       -2.017100095748901
        2.346999883651733
   6.007999777793884E-001
        1.281700015068054
  -9.401000142097473E-001
       -1.131000041961670
       -1.924600005149841
       -3.848700046539307
       -2.950099945068359
       -2.522700071334839
       -2.034499883651733
       -1.398000001907349
       -1.124400019645691
  -7.580000162124634E-002
  -6.793000102043152E-001
  -1.194999963045120E-001
  -2.433999925851822E-001
  -5.238999724388123E-001
       -1.368299961090088
       -1.297000050544739
       -4.416399955749512
       -5.351600170135498
       -5.332399845123291
       -5.700600147247315
       -6.293399810791016
       -4.192699909210205
        1.617799997329712
        1.596400022506714
        1.286700010299683
   8.705999851226807E-001
        1.637699961662293
  -8.884000182151794E-001
       -1.076400041580200
  -7.702000141143799E-001
        1.126000046730042
        1.986199975013733
   8.885999917984009E-001
   3.731000125408173E-001
  -2.184000015258789E-001
       -3.917000055313110
       -1.616799950599670
       -2.371000051498413
       -2.020400047302246
  -4.817999899387360E-001
  -3.585999906063080E-001
   2.560000121593475E-001
  -9.498000144958496E-001
        1.168499946594238
  -8.841999769210815E-001
  -9.038000106811523E-001
  -4.663999974727631E-001
   9.197000265121460E-001
       -1.349900007247925
       -1.045799970626831
        1.589599967002869
  -7.299000024795532E-001
   5.152999758720398E-001
        1.349799990653992
   3.249999880790710E-001
   3.734000027179718E-001
   7.695999741554260E-001
   9.305999875068665E-001
        1.457000017166138
        1.096300005912781
  -4.347999989986420E-001
  -2.657000124454498E-001
       -1.902699947357178
       -2.870800018310547
       -1.976699948310852
       -2.901400089263916
       -2.235500097274780
  -1.083000004291534E-001
   7.026000022888184E-001
   3.795000016689301E-001
       -1.841699957847595
       -1.216799974441528
       -2.178200006484985
  -9.121999740600586E-001
       -4.221799850463867
       -3.509399890899658
       -3.101799964904785
       -3.135799884796143
       -4.164599895477295
       -4.109799861907959
       -5.223299980163574
       -5.640200138092041
        2.128599882125855
        1.953600049018860
        1.953699946403503
   9.932000041007996E-001
        2.609600067138672
        2.368200063705444
   5.097000002861023E-001
        1.480999946594238
   8.611000180244446E-001
   5.263000130653381E-001
        1.080500006675720
  -1.750999987125397E-001
       -1.279399991035461
       -1.902699947357178
       -1.045899987220764
   6.098999977111816E-001
   6.899999976158142E-001
   4.837000072002411E-001
   7.853000164031982E-001
        1.396800041198731
   8.531000018119812E-001
   1.441999971866608E-001
  -2.386000007390976E-001
  -1.779000014066696E-001
        1.769199967384338
   7.608000040054321E-001
        1.099499940872192
        1.165899991989136
       -1.258999943733215
   1.547999978065491E-001
  -7.454000115394592E-001
  -7.639999985694885E-001
   2.451000064611435E-001
   6.639000177383423E-001
       -1.597800016403198
   2.229000031948090E-001
   5.019000172615051E-001
        2.063100099563599
  -4.867999851703644E-001
  -4.878999888896942E-001
       -1.382200002670288
   5.090000107884407E-002
       -1.909700036048889
       -1.096500039100647
  -8.659999817609787E-002
        2.142199993133545
  -7.738000154495239E-001
       -1.081599950790405
  -1.075000017881393E-001
  -9.477000236511231E-001
  -3.057999908924103E-001
       -2.212599992752075
       -2.947999954223633
       -2.280100107192993
       -3.293499946594238
       -4.308199882507324
       -2.934700012207031
       -2.649899959564209
       -2.711999893188477
       -3.675899982452393
        2.483099937438965
        4.734600067138672
        3.758899927139282
        3.731800079345703
        1.144600033760071
   8.968999981880188E-001
        3.311300039291382
        4.140299797058106
        2.352099895477295
        1.943500041961670
   1.066000014543533E-001
       -1.775599956512451
  -8.992999792098999E-001
       -1.585899949073792
       -3.174400091171265
       -1.516299962997437
  -2.940999865531921E-001
       -1.224599957466126
       -2.235699892044067
  -4.648999869823456E-001
   6.520000100135803E-002
   9.050999879837036E-001
   1.598999947309494E-001
        1.390300035476685
        1.962200045585632
        1.844400048255920
   8.101000189781189E-001
        1.850800037384033
        1.452700018882752
        2.194200038909912
  -8.410000205039978E-001
       -1.055600047111511
       -1.689800024032593
       -1.827100038528442
       -1.725000023841858
       -2.334899902343750
   9.386000037193298E-001
        2.076900005340576
        1.404099941253662
        1.048499941825867
  -3.003999888896942E-001
       -1.201900005340576
  -4.176999926567078E-001
   4.873999953269959E-001
        1.634299993515015
   3.100000023841858E-001
   7.483000159263611E-001
  -4.729000031948090E-001
  -6.013000011444092E-001
  -8.460999727249146E-001
       -1.217000007629395
       -1.682899951934815
  -6.669999957084656E-001
       -4.264400005340576
       -3.283699989318848
       -3.543699979782105
       -1.540199995040894
  -8.598999977111816E-001
       -2.141599893569946
       -1.999199986457825
        3.614200115203857
        3.047300100326538
        3.692800045013428
        3.940500020980835
        1.309000015258789
   9.240999817848206E-001
   9.689999818801880E-001
        2.797300100326538
        3.982300043106079
   9.947999715805054E-001
  -3.590000048279762E-002
       -1.781200051307678
   4.792999923229218E-001
   6.883999705314636E-001
  -9.545000195503235E-001
   6.209999918937683E-001
   8.179999887943268E-002
       -1.919100046157837
  -6.622999906539917E-001
  -4.792999923229218E-001
   4.862999916076660E-001
        1.385900020599365
  -5.861999988555908E-001
  -1.098999977111816E-001
        2.563699960708618
   5.713999867439270E-001
        1.516000032424927
        2.412899971008301
        2.056999921798706
   7.807999849319458E-001
        1.710800051689148
        1.218799948692322
       -1.512199997901917
       -2.224900007247925
       -2.721400022506714
  -4.239999949932098E-001
  -7.421000003814697E-001
   1.330000013113022E-001
  -6.718000173568726E-001
  -4.605000019073486E-001
       -2.929699897766113
  -5.848000049591065E-001
  -8.030000329017639E-002
  -2.628000080585480E-001
   9.639999866485596E-001
       -1.315700054168701
       -1.812899947166443
   8.820000290870667E-001
   9.866999983787537E-001
   4.068000018596649E-001
       -1.304299950599670
  -9.904000163078308E-001
       -1.731999993324280
       -3.122299909591675
       -1.708199977874756
       -1.664000034332275
       -2.935600042343140
       -1.781499981880188
       -3.352600097656250
       -1.142799973487854
        4.522399902343750
        6.462699890136719
        3.668400049209595
        3.154900074005127
   2.572000026702881E-001
   5.473999977111816E-001
   4.670999944210053E-001
        2.779599905014038
        1.459100008010864
        1.912600040435791
   2.996999919414520E-001
        1.659899950027466
   3.115999996662140E-001
  -2.343000024557114E-001
       -1.490300059318543
  -9.072999954223633E-001
   5.508999824523926E-001
  -3.709999844431877E-002
   1.493999958038330E-001
   4.291999936103821E-001
  -4.034999907016754E-001
   5.139999836683273E-002
   3.215999901294708E-001
   4.440999925136566E-001
   1.226999983191490E-001
   4.968000054359436E-001
   9.635000228881836E-001
        1.647699952125549
        2.809900045394898
        1.362200021743774
   6.588000059127808E-001
        1.557800054550171
   7.326999902725220E-001
       -1.248200058937073
  -5.805000066757202E-001
        1.092000007629395
   4.454999864101410E-001
  -4.383000135421753E-001
        1.022500038146973
   5.823000073432922E-001
       -2.633100032806397
       -1.215899944305420
  -4.898000061511993E-001
       -1.092000007629395
       -1.267199993133545
  -6.043999791145325E-001
   6.704000234603882E-001
  -4.325999915599823E-001
        1.705800056457520
   1.026000007987022E-001
   1.650999933481216E-001
       -1.449000000953674
       -1.732200026512146
       -1.799100041389465
       -1.247799992561340
  -6.022999882698059E-001
  -5.285000205039978E-001
       -2.406800031661987
       -2.551000118255615
       -3.542299985885620
        4.484099864959717
        3.903100013732910
        1.333999991416931
   2.829999923706055E-001
       -1.293499946594238
  -6.798999905586243E-001
        1.272300004959106
        2.356499910354614
        1.295400023460388
   6.291000247001648E-001
        1.735399961471558
   2.788999974727631E-001
  -3.447000086307526E-001
  -8.155999779701233E-001
       -1.088999986648560
   3.215999901294708E-001
   8.299999833106995E-001
        1.097800016403198
        3.318099975585938
        3.195499897003174
        1.562299966812134
  -3.558999896049500E-001
       -1.487400054931641
  -1.169999968260527E-002
       -1.520900011062622
  -3.666999936103821E-001
   9.661999940872192E-001
  -2.648000121116638E-001
        1.838000059127808
   9.542000293731690E-001
   4.133000075817108E-001
        1.854500055313110
        2.569499969482422
   5.849999934434891E-002
  -7.299000024795532E-001
   1.439999975264072E-002
        1.631000041961670
        2.754600048065186
   9.593999981880188E-001
        1.149999976158142
   3.125000000000000E-001
  -3.799999952316284E-001
   2.049999982118607E-001
       -1.858500003814697
   1.544000059366226E-001
  -6.539999842643738E-001
   3.774000108242035E-001
        1.006299972534180
   6.482999920845032E-001
  -7.142999768257141E-001
   1.193000003695488E-001
       -1.070600032806397
       -2.030200004577637
       -1.875200033187866
       -1.641499996185303
   9.261999726295471E-001
  -5.824999809265137E-001
       -2.668400049209595
       -5.037300109863281
       -6.392499923706055
        2.821599960327148
        2.496599912643433
   9.398999810218811E-001
  -9.487000107765198E-001
       -2.376899957656860
       -2.524800062179565
       -1.597499966621399
   3.909999877214432E-002
       -1.806100010871887
  -2.132000029087067E-001
       -2.430999994277954
  -3.722999989986420E-001
  -4.568000137805939E-001
  -6.044999957084656E-001
       -1.650200009346008
   6.445000171661377E-001
   5.350000038743019E-002
        1.779500007629395
        4.008800029754639
        2.505000114440918
   9.958999752998352E-001
       -1.381600022315979
       -1.678200006484985
  -2.272000014781952E-001
  -1.066000014543533E-001
       -3.103399991989136
       -1.643700003623962
  -8.935999870300293E-001
  -4.939000010490418E-001
   1.368000060319901E-001
  -3.181000053882599E-001
        1.427700042724609
        2.056600093841553
   8.636999726295471E-001
   2.142000049352646E-001
   3.643999993801117E-001
        1.451599955558777
        2.252599954605103
        2.352900028228760
   8.780000209808350E-001
  -2.053000032901764E-001
       -3.180599927902222
       -1.598600029945374
       -2.664400100708008
       -1.921700000762940
  -6.157000064849854E-001
   8.770000189542770E-002
        1.407199978828430
   3.495999872684479E-001
   6.450999975204468E-001
  -8.945999741554260E-001
       -1.264799952507019
       -2.797899961471558
       -1.938599944114685
       -2.537400007247925
       -1.345399975776672
       -1.997200012207031
       -1.073500037193298
       -3.245699882507324
       -4.503300189971924
   5.131999850273132E-001
        1.540599942207336
  -7.106999754905701E-001
       -2.399800062179565
       -1.574100017547607
       -2.782700061798096
  -9.405000209808350E-001
       -1.465700030326843
       -2.318500041961670
       -1.822800040245056
       -3.310300111770630
       -2.100800037384033
       -1.031800031661987
       -1.634799957275391
  -7.605000138282776E-001
   4.300000146031380E-002
   4.154999852180481E-001
        2.354799985885620
        2.947099924087524
        3.068399906158447
        1.953299999237061
  -7.659999728202820E-001
       -1.661800026893616
       -2.266099929809570
       -3.146500110626221
       -4.018000125885010
       -2.707700014114380
       -2.628999948501587
       -2.321000099182129
       -1.325999975204468
  -7.947000265121460E-001
   1.879999972879887E-002
        1.247900009155273
   2.903000116348267E-001
        2.087500095367432
        2.249700069427490
        1.058200001716614
        1.565400004386902
  -4.774000048637390E-001
       -1.394600033760071
       -2.306699991226196
       -3.549900054931641
       -4.811800003051758
       -3.100800037384033
       -1.648499965667725
       -2.152299880981445
       -2.661499977111816
   4.745000004768372E-001
        2.649800062179565
        1.544700026512146
        1.309000015258789
       -1.956300020217896
       -3.696399927139282
       -3.562799930572510
       -2.016200065612793
       -2.918400049209595
       -2.337599992752075
       -2.516700029373169
  -6.449999809265137E-001
  -8.765000104904175E-001
   6.790999770164490E-001
   3.209999948740006E-002
  -3.420000076293945E-001
  -1.010999977588654E-001
  -5.860000252723694E-001
  -7.971000075340271E-001
       -1.347399950027466
       -2.647200107574463
       -3.941400051116943
       -3.315000057220459
       -3.993900060653687
       -2.871799945831299
       -2.017100095748901
       -2.958300113677979
       -1.866199970245361
   4.492000043392181E-001
        1.484400033950806
        3.310499906539917
        2.154500007629395
        1.642199993133545
        1.943400025367737
        1.240200042724609
  -8.370000123977661E-001
       -3.025700092315674
       -4.065100193023682
       -3.829999923706055
       -2.831000089645386
       -3.056200027465820
       -1.821400046348572
  -3.064000010490418E-001
       -1.117100000381470
  -8.902999758720398E-001
        1.016399979591370
   2.114000022411346E-001
  -9.375000000000000E-001
   4.519999921321869E-001
   3.975999951362610E-001
  -7.915999889373779E-001
       -2.368700027465820
       -1.642300009727478
       -1.703799962997437
       -3.426500082015991
       -4.965400218963623
       -1.907699942588806
  -4.192999899387360E-001
       -2.850800037384033
       -2.488699913024902
  -6.697999835014343E-001
        2.278100013732910
   5.864999890327454E-001
        1.268599987030029
  -9.332000017166138E-001
       -1.126700043678284
       -1.390900015830994
       -2.097800016403198
       -2.855299949645996
       -2.700000047683716
       -2.140300035476685
   1.605000048875809E-001
  -2.449999935925007E-002
        2.031399965286255
   2.836999893188477E-001
  -2.558000087738037E-001
  -6.735000014305115E-001
       -1.521000027656555
       -2.472300052642822
  -9.981999993324280E-001
       -2.794899940490723
       -3.641200065612793
       -2.588599920272827
       -4.486800193786621
       -2.372400045394898
       -1.039600014686585
       -1.592900037765503
  -3.691000044345856E-001
        1.150799989700317
        1.484899997711182
        2.646600008010864
        3.266599893569946
        2.900000095367432
        1.815400004386902
        2.438600063323975
        1.165799975395203
   6.118000149726868E-001
  -9.800999760627747E-001
       -1.462399959564209
       -1.059599995613098
       -3.080100059509277
       -2.694499969482422
       -1.224799990653992
   2.716000080108643E-001
  -2.558999955654144E-001
        1.229300022125244
       -1.052399992942810
       -1.546100020408630
  -4.620000123977661E-001
       -1.023399949073792
  -2.515000104904175E-001
  -5.120000243186951E-001
       -3.316999912261963
       -3.720499992370606
       -3.688899993896484
       -4.567399978637695
       -2.956399917602539
       -1.921499967575073
       -1.652099967002869
  -8.820999860763550E-001
   8.855000138282776E-001
        2.160000085830689
        2.845000028610230
        1.394299983978272
        1.945399999618530
        1.852100014686585
        2.321799993515015
  -1.115000024437904E-001
       -2.628999948501587
       -3.751300096511841
       -2.963700056076050
  -7.505000233650208E-001
   5.957000255584717E-001
        2.508599996566773
        1.983500003814697
  -5.661000013351440E-001
  -6.094999909400940E-001
  -6.988000273704529E-001
       -1.029800057411194
       -1.638599991798401
       -3.734699964523315
       -3.902199983596802
       -3.829799890518189
       -3.551000118255615
       -3.404700040817261
       -2.940000057220459
       -2.550299882888794
   4.564999938011169E-001
   6.078000068664551E-001
        2.201499938964844
        1.807199954986572
        1.317299962043762
   8.750000000000000E-001
        1.498499989509583
   8.501999974250794E-001
   4.961999952793121E-001
  -2.422000020742416E-001
   5.418000221252441E-001
  -7.814999818801880E-001
       -2.475300073623657
       -2.515599966049194
       -2.250999927520752
       -2.696300029754639
   4.040000140666962E-001
   7.962999939918518E-001
   4.960000142455101E-002
  -5.006999969482422E-001
       -1.289899945259094
       -2.826600074768066
       -1.032199978828430
       -2.293200016021729
       -3.486999988555908
  -6.880999803543091E-001
       -2.705100059509277
       -2.727400064468384
       -3.592499971389771
       -2.423500061035156
       -1.753100037574768
       -2.273299932479858
  -7.087000012397766E-001
        1.776399970054627
        1.592399954795837
        1.723999977111816
        2.004100084304810
        1.459100008010864
   7.904999852180481E-001
   4.925000071525574E-001
       -1.009500026702881
       -1.659700036048889
       -1.760599970817566
       -1.375100016593933
       -1.826599955558777
       -1.172999978065491
        1.311200022697449
        1.387899994850159
       -1.275799989700317
       -2.869499921798706
       -4.011199951171875
       -2.368299961090088
       -2.391799926757813
       -3.341700077056885
       -4.175899982452393
       -4.738200187683106
       -4.831099987030029
       -4.630000114440918
       -2.442899942398071
       -1.324800014495850
   6.768000125885010E-001
        1.272500038146973
   5.824000239372253E-001
   6.269999742507935E-001
   2.369000017642975E-001
   5.870000123977661E-001
   8.190000057220459E-002
  -7.838000059127808E-001
   4.949999973177910E-002
        1.432000041007996
        1.207599997520447
        1.357599973678589
       -1.699900031089783
       -1.593799948692322
  -6.762999892234802E-001
       -2.502599954605103
  -7.070999741554260E-001
  -8.285999894142151E-001
        1.029999971389771
        1.084900021553040
  -2.470999956130981E-001
  -9.075999855995178E-001
  -1.324000060558319E-001
       -1.354799985885620
  -9.284999966621399E-001
  -7.073000073432922E-001
  -3.740000128746033E-001
       -1.960800051689148
       -3.177799940109253
       -4.151299953460693
       -1.733800053596497
       -1.928300023078919
       -2.256700038909912
        1.498299956321716
        2.308700084686279
   8.368999958038330E-001
  -1.445000022649765E-001
  -4.307000041007996E-001
   1.163000017404556E-001
       -1.507699966430664
  -9.136000275611877E-001
       -1.742799997329712
       -1.700399994850159
       -1.761700034141541
  -9.207000136375427E-001
  -3.640000149607658E-002
  -5.378000140190125E-001
       -1.749400019645691
       -1.178799986839294
       -3.450700044631958
       -3.809799909591675
       -3.912600040435791
       -2.797600030899048
       -2.472100019454956
       -5.045000076293945
       -4.940999984741211
       -4.121600151062012
       -3.990499973297119
       -2.774100065231323
       -2.052299976348877
   6.489999890327454E-001
        2.333199977874756
   9.340000152587891E-002
       -2.614799976348877
       -1.640100002288818
       -1.558899998664856
  -2.887000143527985E-001
  -1.185000017285347E-001
   5.700000002980232E-002
  -4.540000110864639E-002
   7.909999787807465E-002
        1.014799952507019
  -3.055000007152557E-001
  -9.868000149726868E-001
       -3.303499937057495
       -2.719199895858765
  -6.991000175476074E-001
   3.010999858379364E-001
        2.017899990081787
        1.311200022697449
        1.899399995803833
   8.999999761581421E-001
       -1.942100048065186
  -9.911000132560730E-001
       -1.332499980926514
  -3.048999905586243E-001
  -5.131000280380249E-001
       -1.390900015830994
       -2.250499963760376
       -2.763200044631958
       -2.680000066757202
       -1.482100009918213
       -1.987200021743774
        2.744400024414063
        1.447499990463257
        1.416900038719177
   9.070000052452087E-002
        1.659800052642822
       -1.344799995422363
       -3.740600109100342
       -3.412899971008301
       -2.616699934005737
       -1.772600054740906
  -2.119999974966049E-001
   4.866999983787537E-001
       -1.325600028038025
       -1.363299965858460
       -1.373800039291382
       -3.855700016021729
       -4.484099864959717
       -4.134200096130371
       -3.438699960708618
       -3.117300033569336
       -3.778300046920776
       -4.176799774169922
       -2.885900020599365
       -2.853800058364868
       -2.933300018310547
       -1.019700050354004
   1.582999974489212E-001
       -1.287899971008301
  -7.268000245094299E-001
  -7.799999713897705E-001
       -2.136399984359741
       -1.287299990653992
       -2.952699899673462
       -1.140300035476685
   3.896999955177307E-001
   7.027999758720398E-001
  -7.310000061988831E-001
  -2.757000029087067E-001
        1.803599953651428
   9.204999804496765E-001
  -6.276999711990356E-001
       -1.918799996376038
       -1.536399960517883
  -6.579999923706055E-001
  -1.830000057816505E-002
   7.483999729156494E-001
        1.367400050163269
   4.447000026702881E-001
  -3.989000022411346E-001
  -5.285000205039978E-001
  -6.177999973297119E-001
        1.646900057792664
   2.368000000715256E-001
       -1.023599982261658
  -7.850999832153320E-001
       -2.703799962997437
       -3.960400104522705
       -1.788699984550476
  -2.567999958992004E-001
  -5.631999969482422E-001
  -3.876000046730042E-001
   3.433000147342682E-001
  -3.152000010013580E-001
  -6.157000064849854E-001
       -1.003600001335144
  -8.345000147819519E-001
       -1.778200030326843
       -3.240499973297119
       -2.687900066375732
       -2.789799928665161
  -1.724999994039536E-001
  -7.785999774932861E-001
       -1.270200014114380
       -3.434999942779541
       -2.561000108718872
       -3.886499881744385
       -3.481400012969971
       -2.946000099182129
       -1.720199942588806
       -2.606699943542481
       -3.091300010681152
       -1.836899995803833
       -2.972500085830689
       -3.109499931335449
       -2.295799970626831
  -7.924000024795532E-001
  -1.287000030279160E-001
       -1.282999992370606
       -2.031300067901611
       -2.892899990081787
       -2.650700092315674
       -3.473099946975708
       -4.410799980163574
       -1.897199988365173
  -8.359000086784363E-001
   5.076000094413757E-001
       -1.185799956321716
        1.452100038528442
       -1.002599954605103
   4.903999865055084E-001
  -3.610999882221222E-001
  -8.712999820709229E-001
   5.817000269889832E-001
       -1.350200057029724
  -3.161999881267548E-001
        2.408299922943115
        4.723700046539307
   7.379999756813049E-001
  -4.500000178813934E-002
        1.129600048065186
   8.072000145912170E-001
  -7.874000072479248E-001
  -8.343999981880188E-001
   1.281999945640564E-001
       -1.497900009155273
       -1.879999995231628
       -2.754400014877319
       -1.412500023841858
       -1.037600040435791
        1.931800007820129
        1.180600047111511
        1.890499949455261
  -7.509999722242355E-002
  -8.223000168800354E-001
       -1.942600011825562
       -1.582000017166138
       -1.971099972724915
       -1.243499994277954
  -6.083999872207642E-001
  -2.820999920368195E-001
  -4.212000072002411E-001
  -9.279000163078308E-001
       -2.168100118637085
       -3.928600072860718
       -4.887700080871582
       -3.625099897384644
       -3.190000057220459
       -3.844099998474121
       -2.204699993133545
  -9.016000032424927E-001
       -1.679999947547913
       -1.189299941062927
       -2.289499998092651
       -3.105799913406372
       -2.133899927139282
       -2.280800104141235
       -2.229300022125244
   1.427000015974045E-001
       -1.706500053405762
       -3.502899885177612
       -4.150599956512451
       -5.101399898529053
       -4.923799991607666
       -4.552400112152100
       -2.124500036239624
   6.302999854087830E-001
  -7.128999829292297E-001
   3.125999867916107E-001
  -9.562000036239624E-001
       -1.020599961280823
  -1.957000046968460E-001
  -2.899000048637390E-001
        1.438400030136108
   7.461000084877014E-001
   6.848000288009644E-001
        2.817300081253052
        2.542900085449219
        2.974299907684326
        1.389299988746643
  -3.986999988555908E-001
   2.194000035524368E-001
       -1.142600059509277
   1.979999989271164E-001
   6.632000207901001E-001
  -4.031000137329102E-001
       -1.514700055122376
   3.217999935150147E-001
       -1.140699982643127
  -9.650999903678894E-001
  -4.997000098228455E-001
  -5.460000038146973E-001
   1.209999993443489E-001
       -2.237999916076660
  -9.763000011444092E-001
       -1.070999979972839
  -7.390000224113464E-001
  -7.688000202178955E-001
       -1.243100047111511
       -1.964599967002869
       -1.676200032234192
       -2.937900066375732
       -4.326499938964844
       -5.665900230407715
       -2.884900093078613
       -4.367899894714356
       -5.017600059509277
       -2.748899936676025
       -3.317800045013428
  -8.718000054359436E-001
        1.133999943733215
       -1.439800024032593
       -1.981500029563904
       -3.034399986267090
   3.125999867916107E-001
       -1.241700053215027
       -3.404400110244751
       -2.854700088500977
       -2.039000034332275
       -2.228600025177002
       -3.582499980926514
       -4.644599914550781
       -3.155100107192993
       -4.150199890136719
       -2.495599985122681
       -2.229000091552734
  -9.142000079154968E-001
   2.950000017881393E-002
  -9.108999967575073E-001
  -7.490000128746033E-001
       -1.392400026321411
  -5.746999979019165E-001
  -2.065999954938889E-001
  -1.489999983459711E-002
  -9.876000285148621E-001
   6.100999712944031E-001
        1.526800036430359
        1.296000003814697
        1.548900008201599
   7.800000160932541E-002
        1.035199999809265
       -1.904700040817261
       -1.330999970436096
       -1.165699958801270
  -8.472999930381775E-001
  -4.350000023841858E-001
       -1.242100000381470
       -1.585299968719482
       -2.827699899673462
       -2.618900060653687
       -1.833199977874756
  -2.942000031471252E-001
  -5.700000002980232E-002
  -8.873999714851379E-001
       -2.005300045013428
  -5.321000218391419E-001
       -3.457299947738648
       -2.397200107574463
       -1.754899978637695
       -1.979799985885620
       -2.993900060653687
       -3.107000112533569
       -5.661399841308594
       -4.693500041961670
       -1.788400053977966
       -3.293900012969971
       -1.664600014686585
       -1.895400047302246
       -2.547800064086914
  -3.106999993324280E-001
   3.540000021457672E-001
  -4.282000064849854E-001
  -6.481000185012817E-001
   6.988000273704529E-001
        1.217700004577637
   7.038999795913696E-001
       -2.348999977111816
       -2.497499942779541
       -1.617699980735779
       -1.462000012397766
  -5.102999806404114E-001
  -8.729000091552734E-001
       -1.596899986267090
       -1.595499992370606
       -2.200200080871582
       -4.622600078582764
       -1.264199972152710
  -5.501999855041504E-001
   4.185999929904938E-001
       -1.599499940872192
       -1.751099944114685
   1.254000067710877E-001
   7.468000054359436E-001
  -9.842000007629395E-001
  -2.170999944210053E-001
   8.756999969482422E-001
        1.048699975013733
   8.844000101089478E-001
   7.860999703407288E-001
  -1.304000020027161E-001
   8.762999773025513E-001
  -3.999999898951501E-004
       -1.757699966430664
       -1.231099963188171
  -1.685000061988831E-001
       -1.615700006484985
       -1.627200007438660
       -1.850800037384033
       -1.085999965667725
       -1.705199956893921
   1.590000092983246E-002
        2.396500110626221
   4.129999876022339E-002
   9.880999922752380E-001
       -2.151599884033203
       -3.398099899291992
       -3.667700052261353
       -2.368099927902222
       -3.085500001907349
       -2.434799909591675
       -1.582599997520447
       -3.209700107574463
       -4.146500110626221
       -5.066800117492676
       -5.523399829864502
       -2.682199954986572
       -2.142400026321411
       -1.754500031471252
  -8.223000168800354E-001
        2.066800117492676
        1.337700009346008
   4.981000125408173E-001
       -1.595800042152405
  -6.542999744415283E-001
        2.098200082778931
        2.080300092697144
        1.015100002288818
  -5.759999752044678E-001
   4.492999911308289E-001
   2.509999871253967E-001
  -7.859999686479569E-002
        1.203899979591370
   1.263999938964844E-001
  -9.811999797821045E-001
   1.577000021934509E-001
       -2.297499895095825
       -2.864799976348877
       -2.327699899673462
       -1.499899983406067
  -9.650999903678894E-001
  -1.928000003099442E-001
       -1.957700014114380
   4.794000089168549E-001
  -2.049999982118607E-001
  -9.960000216960907E-002
   1.913000047206879E-001
   8.749999850988388E-002
       -2.122299909591675
       -1.212499976158142
       -1.095999956130981
  -2.590000070631504E-002
  -8.963999748229981E-001
  -5.706999897956848E-001
   7.634999752044678E-001
   1.360000073909760E-001
       -1.423699975013733
       -2.247600078582764
       -2.181400060653687
       -1.084599971771240
   5.924000144004822E-001
   6.186000108718872E-001
        1.060199975967407
  -1.921000033617020E-001
  -2.166000008583069E-001
       -2.738899946212769
  -6.220999956130981E-001
       -3.015300035476685
       -1.965299963951111
       -2.501399993896484
       -1.641000032424927
  -5.669999867677689E-002
       -1.578400015830994
       -3.088200092315674
       -4.637700080871582
       -5.458099842071533
       -5.050099849700928
       -2.951299905776978
  -2.840000018477440E-002
   6.172999739646912E-001
        2.310300111770630
        1.798200011253357
   8.180000185966492E-001
   5.536999702453613E-001
   3.653999865055084E-001
        3.405999898910523
        2.742300033569336
        1.199599981307983
        1.652099967002869
        1.898499965667725
        1.704900026321411
        2.263700008392334
   8.946999907493591E-001
        1.087299942970276
        1.893399953842163
  -1.244999989867210E-001
   7.612000107765198E-001
       -1.408400058746338
  -6.696000099182129E-001
       -2.457000017166138
   4.349999874830246E-002
       -1.728500008583069
       -1.508999943733215
  -4.560000076889992E-002
       -1.900300025939941
  -3.768999874591827E-001
   1.594000011682510E-001
       -1.067399978637695
       -1.050600051879883
       -1.412799954414368
       -2.116100072860718
       -2.378499984741211
       -1.017099976539612
   5.415999889373779E-001
   1.171000003814697E-001
  -3.966000080108643E-001
       -1.514099955558777
  -5.436999797821045E-001
  -7.718999981880188E-001
  -4.223000109195709E-001
   3.621999919414520E-001
   6.822999715805054E-001
   2.791999876499176E-001
  -2.689999938011169E-001
        1.062399983406067
  -9.236000180244446E-001
       -1.790099978446960
       -1.129400014877319
        1.298300027847290
  -1.815000027418137E-001
  -4.736999869346619E-001
        2.075999975204468
       -1.359899997711182
       -2.358400106430054
       -4.165299892425537
       -7.159399986267090
       -5.212600231170654
       -3.387599945068359
       -2.175699949264526
  -4.593000113964081E-001
  -6.211000084877014E-001
   4.972999989986420E-001
  -7.670000195503235E-001
  -2.969999983906746E-002
   9.469000101089478E-001
        2.256500005722046
        3.657999992370606
        2.246799945831299
        3.231899976730347
        4.044499874114990
        3.387900114059448
        2.571399927139282
        1.291100025177002
   3.118999898433685E-001
   8.990000188350678E-002
   4.340000078082085E-002
  -3.476999998092651E-001
       -1.917099952697754
   3.203000128269196E-001
       -2.306900024414063
       -1.018200039863586
       -1.402999997138977
  -8.669999837875366E-001
   1.196999996900559E-001
   5.446000099182129E-001
  -3.346000015735626E-001
  -9.122999906539917E-001
  -6.427999734878540E-001
       -1.485200047492981
       -1.809200048446655
       -2.972899913787842
       -4.103099822998047
       -1.850200057029724
       -1.386500000953674
  -6.948000192642212E-001
       -1.937500000000000
  -1.559999957680702E-002
        1.732100009918213
        1.536499977111816
  -3.200000151991844E-002
   5.325000286102295E-001
  -4.499999880790710E-001
   4.348999857902527E-001
  -9.431999921798706E-001
   1.841000020503998E-001
       -1.539600014686585
       -2.524499893188477
  -4.805999994277954E-001
        1.049399971961975
        2.965300083160400
        2.028300046920776
        1.957299947738648
   2.768000066280365E-001
       -2.907399892807007
       -2.762399911880493
       -5.522399902343750
       -3.153700113296509
       -1.682500004768372
       -2.242399930953980
  -6.880000233650208E-001
   3.427999913692474E-001
  -2.040999978780747E-001
   1.673000007867813E-001
   9.377999901771545E-001
   9.427000284194946E-001
        2.473799943923950
        3.683099985122681
        5.020999908447266
        5.911699771881104
        5.727900028228760
        3.583699941635132
        1.937899947166443
   2.261999994516373E-001
       -3.141799926757813
       -1.537600040435791
       -1.653200030326843
  -7.810999751091003E-001
       -1.294700026512146
        1.129099965095520
   2.739999890327454E-001
  -9.028000235557556E-001
       -2.744400024414063
       -1.257200002670288
       -1.733399987220764
       -1.014999985694885
       -2.876600027084351
       -2.339200019836426
       -1.384799957275391
  -6.509000062942505E-001
       -1.388499975204468
       -2.290499925613403
       -3.737499952316284
       -3.404500007629395
       -1.947000026702881
  -4.147000014781952E-001
  -8.568000197410584E-001
       -1.126700043678284
  -2.964000105857849E-001
  -6.607000231742859E-001
       -1.326599955558777
  -6.887000203132629E-001
  -4.668000042438507E-001
       -2.645499944686890
       -2.589200019836426
       -3.870599985122681
       -3.334800004959106
       -1.687399983406067
   8.607000112533569E-001
        2.605299949645996
        2.379899978637695
        1.962499976158142
   9.750000238418579E-001
   6.629999727010727E-002
   9.669999778270721E-002
  -6.736000180244446E-001
       -2.894500017166138
       -2.818599939346314
       -1.302199959754944
       -1.014500021934509
  -7.222999930381775E-001
  -5.245000123977661E-001
  -2.284999936819077E-001
        1.561599969863892
        1.804200053215027
        1.034399986267090
        3.783799886703491
        3.301300048828125
        6.847599983215332
        6.408800125122070
        5.316100120544434
        5.182300090789795
        3.956099987030029
  -5.428000092506409E-001
  -5.088000297546387E-001
       -1.588199973106384
       -1.576599955558777
       -1.241199970245361
  -7.419000267982483E-001
   4.876999855041504E-001
       -1.424800038337708
       -1.881800055503845
       -2.388499975204468
       -1.523100018501282
  -4.959999918937683E-001
       -2.165400028228760
       -1.201900005340576
  -2.872000038623810E-001
   4.038000106811523E-001
   1.379999965429306E-001
       -2.438800096511841
       -3.348400115966797
       -3.544600009918213
       -2.387000083923340
  -7.332000136375427E-001
  -2.509000003337860E-001
       -1.442899942398071
  -5.845999717712402E-001
  -1.809999942779541E-001
   5.018000006675720E-001
       -1.089100003242493
   4.369999840855598E-002
       -1.628100037574768
       -3.020200014114380
       -1.429299950599670
       -2.241300106048584
       -2.858000040054321
   9.887999892234802E-001
   3.680000081658363E-002
   4.584000110626221E-001
        2.026000022888184
        1.037600040435791
        1.153399944305420
        1.371000051498413
        1.441100001335144
       -1.255699992179871
  -9.298999905586243E-001
       -2.145100116729736
   1.229000017046928E-001
       -1.703799962997437
  -6.035000085830689E-001
       -1.699800014495850
   2.536999881267548E-001
   5.342000126838684E-001
  -1.238000020384789E-001
   4.742999970912933E-001
        3.006200075149536
        3.142299890518189
        5.121099948883057
        5.129899978637695
        4.742400169372559
        3.518300056457520
        2.321300029754639
        1.587000012397766
  -3.199000060558319E-001
       -1.701900005340576
       -2.361799955368042
       -2.464900016784668
       -2.793499946594238
       -1.779399991035461
       -2.245899915695190
       -1.495499968528748
       -3.062000036239624
       -2.787300109863281
       -1.879199981689453
  -7.714999914169312E-001
  -3.883000016212463E-001
  -5.539999902248383E-002
   4.882999956607819E-001
   1.321000009775162E-001
       -1.887899994850159
       -2.801500082015991
       -1.313500046730042
       -1.796200037002564
   7.414000034332275E-001
        1.934000015258789
        1.193400025367737
        1.344799995422363
        2.205600023269653
   3.057000041007996E-001
   6.191999912261963E-001
        1.319499969482422
   1.449999958276749E-002
       -1.004799962043762
       -1.878900051116943
       -1.593400001525879
  -2.842000126838684E-001
        2.896399974822998
        2.369299888610840
   6.589999794960022E-001
        1.478500008583069
   9.914000034332275E-001
   5.845000147819519E-001
   6.006000041961670E-001
   9.019999951124191E-002
   4.738999903202057E-001
  -6.013000011444092E-001
  -2.811000049114227E-001
       -3.159699916839600
       -3.203399896621704
       -1.381899952888489
       -1.043499946594238
        1.066699981689453
   9.952999949455261E-001
        1.745599985122681
        1.187999963760376
        1.622099995613098
        3.526200056076050
        2.629400014877319
        2.277600049972534
        3.327300071716309
        4.238200187683106
        2.421000003814697
   8.795999884605408E-001
       -1.241299986839294
       -2.170200109481812
       -2.957999944686890
       -6.862599849700928
       -3.866800069808960
       -2.372699975967407
  -5.275999903678894E-001
  -2.249999940395355E-001
  -5.857999920845032E-001
       -3.500699996948242
       -2.268699884414673
   2.265000045299530E-001
  -7.997000217437744E-001
       -1.974900007247925
  -5.837000012397766E-001
       -1.638100028038025
       -1.036800026893616
       -1.403900027275085
  -5.299999713897705E-001
       -2.483900070190430
        1.664499998092651
        2.682100057601929
        2.156199932098389
        1.648200035095215
        1.005699992179871
        1.102900028228760
        1.071400046348572
        1.715199947357178
       -1.406800031661987
       -1.079200029373169
  -2.140000015497208E-001
  -8.816999793052673E-001
  -6.870000064373016E-002
        2.077199935913086
        3.464099884033203
        1.086300015449524
  -4.280999898910523E-001
  -1.254000067710877E-001
       -1.181699991226196
       -1.400799989700317
  -3.810000121593475E-001
        1.061100006103516
  -7.167999744415283E-001
  -2.736000120639801E-001
       -1.825500011444092
       -4.289999961853027
       -1.791200041770935
  -6.840000152587891E-001
  -5.611000061035156E-001
   8.417000174522400E-001
        2.164200067520142
        2.363600015640259
        1.343700051307678
        3.370500087738037
        2.974999904632568
        3.606400012969971
        4.619599819183350
        3.659899950027466
        1.288800001144409
   4.180000126361847E-001
       -1.521900057792664
       -2.769099950790405
       -3.756900072097778
       -5.475200176239014
       -2.661499977111816
       -1.870499968528748
  -2.053000032901764E-001
  -3.987999856472015E-001
  -8.999999761581421E-001
       -2.395499944686890
       -2.056099891662598
       -3.047399997711182
       -3.601300001144409
       -3.876399993896484
       -2.944999933242798
       -2.026599884033203
       -1.223600029945374
       -1.846699953079224
       -2.544399976730347
       -1.503499984741211
  -2.327000051736832E-001
        2.316800117492676
        2.112799882888794
        3.226999998092651
        3.873199939727783
        2.845599889755249
        4.139400005340576
        1.913300037384033
   6.356999874114990E-001
   4.092000126838684E-001
        1.107900023460388
   5.913000106811523E-001
        1.445500016212463
        2.453900098800659
        2.425699949264526
        1.044000029563904
       -1.688799977302551
       -3.041899919509888
       -2.625099897384644
       -1.390300035476685
  -4.541999995708466E-001
   5.861999988555908E-001
   7.874000072479248E-001
  -8.461999893188477E-001
       -1.147099971771240
       -1.928200006484985
       -1.251399993896484
   2.649999856948853E-001
   4.603999853134155E-001
        1.276100039482117
        3.129600048065186
        1.042199969291687
        1.851199984550476
        3.818000078201294
        3.047899961471558
        4.489200115203857
        3.448400020599365
   6.521000266075134E-001
  -1.191999986767769E-001
       -1.498000025749207
       -2.751199960708618
       -1.891100049018860
       -3.364900112152100
       -3.369299888610840
       -1.154099941253662
   6.728000044822693E-001
        1.174100041389465
  -5.983999967575073E-001
       -1.435099959373474
       -2.222700119018555
       -3.953799962997437
       -3.198699951171875
       -3.009799957275391
       -2.600300073623657
       -3.588399887084961
       -1.899899959564209
       -2.197799921035767
  -4.918999969959259E-001
       -2.707499980926514
       -1.512099981307983
   2.224999964237213E-001
        2.202300071716309
        1.234500050544739
   5.701000094413757E-001
        2.818500041961670
        2.190099954605103
        3.959899902343750
        3.216399908065796
        2.233999967575073
  -7.893999814987183E-001
   7.271999716758728E-001
        2.001800060272217
        2.503299951553345
        3.079299926757813
        2.716000080108643
  -7.414000034332275E-001
       -1.053900003433228
       -2.839099884033203
       -1.533400058746338
       -3.367899894714356
       -1.306200027465820
       -1.150900006294251
  -9.865000247955322E-001
       -1.291499972343445
   3.200000151991844E-002
  -1.400000005960465E-001
  -2.018000036478043E-001
  -5.996999740600586E-001
   2.879999950528145E-002
  -9.365000128746033E-001
   3.567000031471252E-001
        1.472300052642822
  -6.000000238418579E-001
   8.159999847412109E-001
   4.171999990940094E-001
        2.571500062942505
   2.453999966382980E-001
        1.321799993515015
   7.993000149726868E-001
       -1.807500004768372
       -3.990000009536743
       -3.128400087356567
       -2.839699983596802
       -2.351099967956543
       -1.012500047683716
  -2.739999890327454E-001
   8.849999904632568E-001
   2.533000111579895E-001
       -1.716699957847595
       -4.204599857330322
       -3.250099897384644
       -2.246099948883057
       -3.289599895477295
       -3.090399980545044
       -2.726099967956543
       -2.045300006866455
       -2.917900085449219
       -1.481500029563904
       -1.227900028228760
       -1.218500018119812
  -5.762000083923340E-001
   8.292000293731690E-001
   9.833999872207642E-001
       -1.074800014495850
        1.517799973487854
        2.995500087738037
        3.983700037002564
        1.916599988937378
   2.606000006198883E-001
  -3.370000123977661E-001
        1.743199944496155
        2.171700000762940
        3.036799907684326
        2.848500013351440
        2.032099962234497
        1.572199940681458
       -1.136100053787231
       -1.805099964141846
  -9.368000030517578E-001
       -1.333600044250488
       -1.241199970245361
       -3.080499887466431
   6.546999812126160E-001
  -3.222000002861023E-001
       -2.757999897003174
  -3.456999957561493E-001
   8.093000054359436E-001
  -3.489999845623970E-002
  -6.001999974250794E-001
  -2.004999965429306E-001
  -3.264000117778778E-001
   2.373999953269959E-001
       -1.217900037765503
  -1.080999970436096E-001
       -1.556499958038330
  -4.627999961376190E-001
       -1.162999987602234
  -4.616999924182892E-001
       -1.225700020790100
  -8.885999917984009E-001
       -2.454699993133545
       -2.671999931335449
       -1.302899956703186
   4.600999951362610E-001
       -1.621899962425232
  -6.401000022888184E-001
       -1.985299944877625
       -2.225500106811523
  -1.709000021219254E-001
       -3.064399957656860
       -4.354400157928467
       -3.837599992752075
       -4.560200214385986
       -3.262599945068359
       -3.986900091171265
       -3.464299917221069
       -4.095900058746338
       -3.186599969863892
  -5.971999764442444E-001
   2.542000114917755E-001
       -1.207100033760071
  -8.483999967575073E-001
  -5.562999844551086E-001
  -3.910999894142151E-001
  -1.277000010013580E-001
        1.018000006675720
        1.327700018882752
  -1.659999936819077E-001
   2.687000036239624E-001
  -3.837000131607056E-001
       -1.001600027084351
   7.695999741554260E-001
  -5.454000234603882E-001
   5.952000021934509E-001
  -2.644999921321869E-001
  -8.489999771118164E-001
       -1.789800047874451
  -5.839999914169312E-001
  -3.840000033378601E-001
       -1.554800033569336
  -9.686999917030335E-001
       -1.205399990081787
  -7.725999951362610E-001
  -2.816999852657318E-001
  -1.559000015258789E-001
        2.534800052642822
        1.195099949836731
   9.002000093460083E-001
  -8.242999911308289E-001
  -1.538999974727631E-001
   2.392999976873398E-001
       -1.319200038909912
       -3.240799903869629
       -1.363100051879883
       -1.834699988365173
  -7.736999988555908E-001
       -2.577500104904175
       -2.630700111389160
  -7.476999759674072E-001
       -1.036999940872192
        1.280500054359436
   6.157000064849854E-001
   8.050000071525574E-001
        3.057100057601929
        1.560899972915649
  -9.998999834060669E-001
  -4.800000227987766E-003
   1.350000035017729E-002
  -2.680000066757202E-001
  -4.422999918460846E-001
       -1.633399963378906
       -4.439000129699707
       -5.722499847412109
       -3.559499979019165
       -3.933599948883057
       -3.862099885940552
       -4.771200180053711
       -1.589300036430359
  -5.267000198364258E-001
       -2.217400074005127
       -1.378999948501587
       -1.243299961090088
       -1.856699943542481
   4.338999986648560E-001
       -1.082299947738648
       -1.405799984931946
  -5.641000270843506E-001
   4.647000133991242E-001
       -1.545300006866455
       -2.716599941253662
       -2.792599916458130
  -8.850000053644180E-002
  -3.777999877929688E-001
   2.949999868869782E-001
   3.449000120162964E-001
   8.739999681711197E-002
       -1.237900018692017
  -8.618999719619751E-001
  -6.729999929666519E-002
       -1.309299945831299
       -2.005599975585938
  -6.233000159263611E-001
       -1.289499998092651
   1.394000053405762E-001
        1.537899971008301
        2.981199979782105
        3.770999908447266
   8.575999736785889E-001
  -7.706000208854675E-001
       -1.939800024032593
  -7.857999801635742E-001
       -1.358500003814697
  -6.973000168800354E-001
  -5.058000087738037E-001
  -9.498999714851379E-001
  -3.485000133514404E-001
       -1.604900002479553
  -3.160000145435333E-001
   2.809999883174896E-001
        2.044800043106079
        1.895099997520447
        1.090000033378601
        1.114400029182434
        6.060400009155273
        3.259200096130371
   7.383999824523926E-001
   1.957000046968460E-001
  -2.926999926567078E-001
   8.403999805450440E-001
  -6.524000167846680E-001
  -6.994000077247620E-001
       -1.482200026512146
       -3.253799915313721
       -2.722599983215332
       -3.389100074768066
       -3.737400054931641
       -3.006799936294556
       -2.854399919509888
       -1.950099945068359
       -1.926300048828125
       -1.114899992942810
  -3.072000145912170E-001
       -1.188400030136108
       -1.993299961090088
       -3.951999902725220
       -1.961500048637390
       -3.316299915313721
       -1.424000024795532
       -1.129199981689453
       -3.451499938964844
       -2.934600114822388
  -2.680000066757202E-001
       -1.295699954032898
  -3.853000104427338E-001
  -1.551000028848648E-001
  -4.718999862670898E-001
       -1.498000025749207
   3.596999943256378E-001
   6.485999822616577E-001
  -2.488999962806702E-001
       -1.766399979591370
       -1.552999973297119
  -3.000999987125397E-001
   7.189999818801880E-001
        3.276299953460693
        3.769000053405762
        3.438600063323975
        2.873399972915649
   3.368000090122223E-001
       -1.264299988746643
  -9.413999915122986E-001
       -1.042899966239929
       -2.614900112152100
       -1.225800037384033
       -3.521800041198731
  -4.000000059604645E-001
  -8.766000270843506E-001
  -5.848000049591065E-001
   1.997999995946884E-001
  -9.509999752044678E-001
        1.949399948120117
        1.751500010490418
        3.521100044250488
        4.618599891662598
        3.084700107574463
   9.825999736785889E-001
        1.628600001335144
   9.549000263214111E-001
   9.736999869346619E-001
  -8.040999770164490E-001
       -2.032200098037720
       -1.155500054359436
       -2.027199983596802
       -1.472000002861023
       -2.904599905014038
       -5.033800125122070
       -4.643599987030029
       -3.457600116729736
       -1.428500056266785
  -1.542000025510788E-001
   3.339999914169312E-001
  -1.982000023126602E-001
  -1.610000059008598E-002
       -2.530100107192993
       -4.203700065612793
       -3.723500013351440
       -3.338999986648560
  -8.835999965667725E-001
  -1.035000011324883E-001
       -1.391199946403503
       -1.365300059318543
       -2.289200067520142
       -2.570699930191040
       -1.611799955368042
   8.227999806404114E-001
        1.157199978828430
        2.559200048446655
        2.828000068664551
        3.071099996566773
        1.593799948692322
       -1.163900017738342
  -9.337999820709229E-001
