  -4.235000014305115E-001
       -2.453099966049194
       -4.787199974060059
       -6.483500003814697
       -5.849800109863281
       -5.213900089263916
       -3.414799928665161
       -3.037300109863281
       -3.453099966049194
   3.425000011920929E-001
        2.427099943161011
        1.445099949836731
  -8.291000127792358E-001
  -7.372000217437744E-001
  -2.293000072240830E-001
   2.919999957084656E-001
  -1.814000010490418E-001
   8.474000096321106E-001
   6.660000234842300E-002
  -2.856000065803528E-001
        1.100299954414368
   5.331000089645386E-001
        1.168900012969971
        4.409999847412109
        4.754099845886231
        2.806799888610840
        1.992799997329712
        1.856099963188171
        1.563400030136108
        2.155299901962280
   4.295000135898590E-001
        1.125200033187866
   8.677999973297119E-001
       -1.436400055885315
  -1.497000008821487E-001
  -8.151000142097473E-001
  -3.327000141143799E-001
       -4.394700050354004
       -3.320899963378906
       -4.540800094604492
       -2.488100051879883
       -2.946300029754639
       -3.200900077819824
       -3.369199991226196
       -3.075099945068359
       -4.314599990844727
       -6.080399990081787
       -3.425499916076660
       -2.799000024795532
       -2.887099981307983
       -1.299999952316284
       -2.471800088882446
  -5.212000012397766E-001
       -1.667700052261353
  -3.300999999046326E-001
  -5.608999729156494E-001
   9.093999862670898E-001
   1.102999970316887E-001
   1.290000043809414E-002
       -1.052299976348877
   7.536000013351440E-001
       -1.735100030899048
       -2.575500011444092
       -5.237299919128418
       -5.498000144958496
       -6.787799835205078
       -5.354300022125244
       -2.898499965667725
       -1.056800007820129
  -7.513999938964844E-001
   4.077000021934509E-001
        2.466500043869019
       -2.083800077438355
       -3.083100080490112
  -5.289000272750855E-001
   4.059999883174896E-001
   4.668000042438507E-001
   1.427000015974045E-001
  -2.405000030994415E-001
  -1.826000064611435E-001
  -8.751000165939331E-001
       -1.326099991798401
   9.524999856948853E-001
        4.120299816131592
        4.013400077819824
        2.683799982070923
        3.118999958038330
        1.343700051307678
        1.012199997901917
   8.241000175476074E-001
   5.487999916076660E-001
        1.549000024795532
        2.373300075531006
        1.663499951362610
        1.424100041389465
   2.509000003337860E-001
  -6.341000199317932E-001
       -1.981299996376038
       -1.522300004959106
       -3.053499937057495
       -2.235599994659424
       -4.235199928283691
       -2.979099988937378
       -2.958300113677979
       -2.076400041580200
       -3.205399990081787
       -3.495500087738037
       -3.633800029754639
       -3.459899902343750
       -1.687899947166443
       -1.914800047874451
       -1.576400041580200
       -2.054100036621094
       -2.235100030899048
       -1.985200047492981
  -4.560999870300293E-001
   8.460000157356262E-002
  -6.606000065803528E-001
       -1.154199957847595
       -4.287199974060059
       -1.223099946975708
       -1.117200016975403
       -2.567399978637695
       -4.719900131225586
       -6.377900123596191
       -4.955399990081787
       -5.309999942779541
       -2.304600000381470
  -5.246999859809876E-001
   4.754000008106232E-001
       -1.029199957847595
  -3.357999920845032E-001
       -1.237499952316284
       -1.312899947166443
  -6.139000058174133E-001
  -9.589999914169312E-002
   5.146999955177307E-001
        1.619699954986572
   1.335999965667725E-001
       -1.085000038146973
  -7.473999857902527E-001
       -1.206699967384338
   3.659000098705292E-001
        1.437800049781799
        2.210500001907349
   9.150999784469605E-001
        2.498399972915649
        1.622499942779541
        1.891999959945679
        1.296900033950806
   6.675000190734863E-001
   9.837999939918518E-001
        2.309600114822388
        2.240700006484985
        1.135100007057190
        1.635800004005432
        1.698899984359741
       -2.343100070953369
  -2.301000058650971E-001
  -2.903000116348267E-001
  -8.345999717712402E-001
       -2.314100027084351
       -3.258500099182129
       -1.652400016784668
       -2.583699941635132
       -4.147999763488770
       -3.513900041580200
       -3.362699985504150
       -1.193199992179871
  -1.333000063896179E-001
  -5.771999955177307E-001
       -3.103199958801270
       -2.155100107192993
       -2.417000055313110
       -2.733500003814697
       -1.541100025177002
       -1.271700024604797
  -6.510000228881836E-001
       -1.540400028228760
       -2.929100036621094
   6.137999892234802E-001
       -2.733200073242188
       -1.782799959182739
       -4.200300216674805
       -4.734799861907959
       -3.517400026321411
       -4.769299983978272
       -3.684700012207031
  -4.330999851226807E-001
   1.898999959230423E-001
   1.023000031709671E-001
   2.901000082492828E-001
   8.079999685287476E-002
       -1.249099969863892
       -1.881299972534180
        1.012300014495850
   8.384000062942505E-001
        1.515300035476685
        2.516400098800659
   5.720000267028809E-001
  -1.228000000119209E-001
   3.579999879002571E-002
   2.842000126838684E-001
        2.963000059127808
   1.403000056743622E-001
        2.208100080490112
        1.641800045967102
        1.279199957847595
        1.562800049781799
        1.424100041389465
        2.297600030899048
        1.254099965095520
        3.315399885177612
        1.966199994087219
        1.379999995231628
        1.685999989509583
   8.920999765396118E-001
   1.962999999523163E-001
  -3.154999911785126E-001
       -2.152699947357178
       -1.777300000190735
  -9.617000222206116E-001
       -2.236000061035156
       -2.599600076675415
       -1.822299957275391
       -4.649000167846680
       -3.766200065612793
       -2.392299890518189
  -8.597000241279602E-001
   3.361999988555908E-001
   4.957000017166138E-001
       -1.483500003814697
  -8.086000084877014E-001
       -2.159800052642822
       -2.857399940490723
       -1.622599959373474
       -1.089699983596802
  -1.000000047497451E-003
       -1.963000059127808
       -4.532700061798096
       -3.321399927139282
       -2.581300020217896
       -2.858299970626831
       -3.504699945449829
       -3.634399890899658
       -3.043100118637085
       -4.255000114440918
       -3.448699951171875
  -8.845000267028809E-001
       -1.181800007820129
       -1.172600030899048
  -5.748999714851379E-001
       -1.312000036239624
       -1.682199954986572
  -1.781000047922134E-001
   9.983000159263611E-001
        2.527800083160400
        2.785599946975708
        1.487499952316284
        1.216099977493286
   5.464000105857849E-001
        1.041399955749512
        1.670099973678589
        2.545200109481812
        1.503399968147278
        1.561900019645691
   9.690999984741211E-001
   6.841999888420105E-001
        1.984500050544739
        2.794899940490723
        2.528500080108643
        1.957800030708313
        1.403599977493286
   4.002999961376190E-001
  -7.317000031471252E-001
  -5.820999741554260E-001
  -2.962000072002411E-001
       -1.292999982833862
       -1.687500000000000
       -1.612599968910217
       -2.093400001525879
       -2.011300086975098
       -1.132699966430664
       -1.438199996948242
  -9.211999773979187E-001
       -1.014700055122376
  -7.091000080108643E-001
   8.662999868392944E-001
        1.380300045013428
        1.104500055313110
   1.820999979972839E-001
  -3.039000034332275E-001
       -2.600699901580811
       -1.825000047683716
       -2.361599922180176
       -1.603800058364868
  -8.399999886751175E-002
       -1.342399954795837
       -1.295199990272522
       -3.354399919509888
       -3.763000011444092
       -2.648499965667725
       -3.195300102233887
       -3.995399951934815
       -1.664600014686585
       -1.839499950408936
       -2.516499996185303
       -1.691900014877319
       -1.261999964714050
   5.121999979019165E-001
  -4.494000077247620E-001
       -1.722300052642822
       -1.486700057983398
  -2.196000069379807E-001
   1.383000016212463E-001
        1.991799950599670
        3.812299966812134
        4.477300167083740
        2.558099985122681
        1.506899952888489
        2.127500057220459
        3.472700119018555
        4.622700214385986
        3.993499994277954
        1.904700040817261
   7.781000137329102E-001
        2.800400018692017
        1.849499940872192
        1.753800034523010
        2.535599946975708
        2.031100034713745
        1.885499954223633
   6.060000136494637E-002
   3.940000012516975E-002
       -1.127400040626526
       -2.019700050354004
       -3.526200056076050
       -4.940800189971924
       -1.238399982452393
       -2.110699892044067
       -2.742399930953980
       -1.375100016593933
       -1.885599970817566
  -4.879999905824661E-002
  -2.579999864101410E-001
       -1.130499958992004
   2.653000056743622E-001
   7.821999788284302E-001
   6.031000018119812E-001
  -9.926999807357788E-001
  -6.559000015258789E-001
   4.223000109195709E-001
  -4.918999969959259E-001
       -1.148800015449524
  -9.537000060081482E-001
  -5.504000186920166E-001
  -5.465000271797180E-001
  -7.518000006675720E-001
       -2.053600072860718
  -1.949000060558319E-001
       -1.451900005340576
       -2.509599924087524
       -2.761800050735474
       -2.457400083541870
  -4.776000082492828E-001
       -2.026799917221069
       -1.157400012016296
       -2.405499935150147
        1.782400012016296
        1.929200053215027
       -1.386999964714050
       -1.500800013542175
       -1.557500004768372
        1.136199951171875
        1.336699962615967
        2.821199893951416
        5.718800067901611
        3.727499961853027
        1.992400050163269
        1.806699991226196
        3.705899953842163
        2.716099977493286
        4.489299774169922
        4.138800144195557
        3.116600036621094
        2.255000114440918
        2.291300058364868
        3.266999959945679
        4.526400089263916
        3.990799903869629
        2.329799890518189
   4.381999969482422E-001
        1.328999996185303
  -6.108000278472900E-001
  -9.684000015258789E-001
  -2.804999947547913E-001
       -2.545900106430054
       -2.591700077056885
       -3.013700008392334
  -8.723000288009644E-001
       -1.975600004196167
  -7.361000180244446E-001
       -1.558699965476990
   3.668000102043152E-001
  -4.636000096797943E-001
  -9.474999904632568E-001
  -1.370000001043081E-002
        1.265300035476685
       -1.006800055503845
   9.730000048875809E-002
   3.700999915599823E-001
  -1.218999996781349E-001
       -1.016499996185303
   6.899999920278788E-003
   3.669999912381172E-002
  -5.066999793052673E-001
       -2.115900039672852
   4.523000121116638E-001
       -1.662899971008301
  -7.239999771118164E-001
       -2.792200088500977
       -2.233000040054321
       -3.420399904251099
       -3.577300071716309
       -2.518599987030029
       -2.408400058746338
       -1.769899964332581
  -4.023000001907349E-001
   1.640000008046627E-002
        1.264500021934509
        1.249799966812134
  -2.935999929904938E-001
  -1.643999963998795E-001
        3.293800115585327
        1.789100050926209
        2.944999933242798
        3.689300060272217
        4.213200092315674
        4.272399902343750
        2.071399927139282
        1.795199990272522
        1.463700056076050
        2.027400016784668
        1.771999955177307
        2.645100116729736
        1.783900022506714
        1.877699971199036
        1.853000044822693
        4.097899913787842
        3.402600049972534
        1.539999961853027
        1.368100047111511
   8.977000117301941E-001
       -1.031700015068054
   6.175000071525574E-001
  -3.436999917030335E-001
  -9.517999887466431E-001
       -1.647899985313416
       -1.264799952507019
  -5.099999904632568E-001
       -2.252300024032593
       -1.252500057220459
  -9.756000041961670E-001
   1.831000000238419E-001
  -7.081000208854675E-001
       -2.185899972915649
  -6.869999766349793E-001
        1.581099987030029
       -1.028399944305420
       -1.131800055503845
   6.380000114440918E-001
        1.611299991607666
        1.535899996757507
        2.001600027084351
        1.409500002861023
   8.051999807357788E-001
  -6.449999809265137E-001
  -1.196999996900559E-001
  -7.067000269889832E-001
   1.923000067472458E-001
       -1.636600017547607
        1.251999974250794
  -6.398000121116638E-001
       -3.055999994277954
       -3.023900032043457
       -1.152400016784668
       -1.450899958610535
  -3.691999912261963E-001
  -9.405000209808350E-001
        1.652699947357178
   2.531000077724457E-001
   7.714999914169312E-001
   1.764000058174133E-001
        3.318900108337402
        2.103499889373779
        1.783599972724915
        4.044099807739258
        4.390999794006348
        3.567100048065186
        2.644200086593628
        2.673000097274780
   3.675999939441681E-001
   4.614999890327454E-001
        2.008199930191040
        2.109200000762940
        1.116400003433228
        1.886600017547607
        2.600500106811523
        3.911499977111816
        4.099599838256836
        1.788200020790100
        2.029999971389771
   3.867000043392181E-001
       -1.971400022506714
   9.929999709129334E-002
   4.266999959945679E-001
  -2.628000080585480E-001
        1.134400010108948
       -1.458699941635132
       -2.283900022506714
       -2.222700119018555
       -2.872200012207031
  -9.023000001907349E-001
       -2.180500030517578
       -2.104199886322022
  -7.764999866485596E-001
       -1.131600022315979
       -1.058899998664856
  -1.838999986648560E-001
  -3.283999860286713E-001
  -2.736000120639801E-001
        3.576100111007690
        1.517500042915344
        1.890599966049194
        1.962499976158142
        1.030900001525879
   5.149000287055969E-001
   8.737000226974487E-001
       -1.132099986076355
       -1.070299983024597
       -1.621600031852722
  -5.608999729156494E-001
  -8.510000109672546E-001
   1.968999952077866E-001
  -2.390000037848949E-002
  -5.866000056266785E-001
       -1.780900001525879
  -1.588999927043915E-001
   6.468999981880188E-001
  -4.862000048160553E-001
        1.199800014495850
   7.045000195503235E-001
        1.139000058174133
        1.656000018119812
        2.471299886703491
        3.572400093078613
        3.244299888610840
        2.289299964904785
        1.857200026512146
        2.122200012207031
  -1.861999928951263E-001
   2.115000039339066E-001
  -6.049999967217445E-002
       -1.188300013542175
        1.236799955368042
       -1.385200023651123
   5.257999897003174E-001
        1.151600003242493
        1.927099943161011
        2.145100116729736
        2.417599916458130
        1.297199964523315
   3.684000074863434E-001
       -1.308599948883057
  -3.734999895095825E-001
  -1.350000035017729E-002
   6.261000037193298E-001
   9.283000230789185E-001
  -5.059999972581863E-002
       -1.430299997329712
       -2.213999986648560
  -6.983000040054321E-001
  -7.224000096321106E-001
   2.377000004053116E-001
   2.710000053048134E-002
       -1.196099996566773
   8.262000083923340E-001
        1.763499975204468
        1.037299990653992
   3.794000148773193E-001
   8.235999941825867E-001
        1.264199972152710
        2.554699897766113
   5.608000159263611E-001
        1.335600018501282
        1.869099974632263
        1.610499978065491
  -6.923000216484070E-001
       -1.222699999809265
   2.418999969959259E-001
        1.006899952888489
        1.141199946403503
   8.235999941825867E-001
   5.145000219345093E-001
   9.908000230789185E-001
  -3.301999866962433E-001
  -2.908000051975250E-001
  -4.862999916076660E-001
   8.445000052452087E-001
  -8.597000241279602E-001
        1.082399964332581
        1.258800029754639
        1.291499972343445
        3.619800090789795
        2.437999963760376
        3.619899988174439
   8.783000111579895E-001
   2.515999972820282E-001
   2.788999974727631E-001
   6.668999791145325E-001
       -1.621700048446655
       -3.460700035095215
       -1.720299959182739
  -9.900000095367432E-001
   6.474999785423279E-001
  -6.219999790191650E-001
       -1.104300022125244
  -7.810000181198120E-001
  -6.322000026702881E-001
   2.770999968051910E-001
        1.296700000762940
   7.221000194549561E-001
   3.036000132560730E-001
  -3.959999978542328E-002
       -1.198600053787231
   9.649000167846680E-001
        1.727499961853027
        1.421200037002564
  -1.960999965667725E-001
  -1.879999935626984E-001
  -1.592999994754791E-001
  -6.100000143051148E-001
  -6.409000158309937E-001
   5.322999954223633E-001
        1.179800033569336
        1.751000046730042
        1.455600023269653
        2.020400047302246
        2.619699954986572
        1.184399962425232
        1.423599958419800
  -3.542999923229218E-001
   5.252000093460083E-001
  -3.125000000000000E-001
   6.154999732971191E-001
       -1.036200046539307
   3.515000045299530E-001
   4.111999869346619E-001
   1.875000000000000E-001
   5.461000204086304E-001
   6.692000031471252E-001
        1.471099972724915
   5.060999989509583E-001
  -4.210999906063080E-001
        1.198899984359741
        1.779500007629395
   4.456999897956848E-001
       -1.124300003051758
       -1.177600026130676
        1.008700013160706
   7.506999969482422E-001
        1.667999982833862
        1.599300026893616
        3.927999973297119
        4.720900058746338
        2.438299894332886
   2.410999983549118E-001
   2.581000030040741E-001
   6.838999986648560E-001
   6.329999864101410E-002
       -1.144899964332581
       -2.288899898529053
       -2.257100105285645
   4.122000038623810E-001
  -1.329999975860119E-002
       -1.718899965286255
  -2.416000068187714E-001
       -2.712199926376343
       -2.449300050735474
   6.525999903678894E-001
  -8.533999919891357E-001
        2.839099884033203
   6.338000297546387E-001
   6.455000042915344E-001
   3.869000077247620E-001
        1.693300008773804
        1.417700052261353
        2.136899948120117
        2.774100065231323
        2.613500118255615
        1.195799946784973
  -3.610000014305115E-001
   5.978000164031982E-001
   7.563999891281128E-001
   7.976999878883362E-001
  -6.628000140190125E-001
   6.646999716758728E-001
        2.950200080871582
        1.997099995613098
  -5.544999837875366E-001
   1.460000034421682E-002
   2.596000134944916E-001
  -7.652999758720398E-001
  -9.789000153541565E-001
       -1.157199978828430
       -1.318199992179871
  -5.504000186920166E-001
        3.717099905014038
        2.463399887084961
        1.417400002479553
   6.972000002861023E-001
   9.501000046730042E-001
       -1.207700014114380
        2.495300054550171
   9.993000030517578E-001
   4.415000081062317E-001
        1.074699997901917
       -1.000100016593933
       -1.268499970436096
   8.760000020265579E-002
  -2.596000134944916E-001
   8.719999790191650E-001
        1.800699949264526
        4.664999961853027
        5.794000148773193
        4.367700099945068
        2.328000068664551
   1.491000056266785E-001
  -9.042000174522400E-001
       -1.584900021553040
       -1.339900016784668
       -2.657700061798096
       -2.309900045394898
       -1.035300016403198
  -5.921000242233276E-001
       -2.359400033950806
       -3.451999902725220
       -2.630800008773804
       -2.309400081634522
  -9.656999707221985E-001
       -1.260599970817566
        2.239200115203857
        2.310800075531006
        1.425699949264526
        1.002400040626526
        1.134899973869324
        2.651599884033203
        2.968800067901611
        4.173500061035156
        2.671299934387207
        2.657299995422363
   5.799000263214111E-001
   2.649999856948853E-001
   5.353000164031982E-001
  -5.774999856948853E-001
  -5.361999869346619E-001
        1.162500023841858
   9.916999936103821E-001
        1.473799943923950
   1.318999975919724E-001
  -3.043999969959259E-001
       -1.224900007247925
  -4.354000091552734E-001
   1.736000031232834E-001
       -1.172399997711182
       -2.351099967956543
       -1.036700010299683
        2.638499975204468
        1.345999956130981
        1.873900055885315
        2.838099956512451
  -6.129999756813049E-001
  -1.159000024199486E-001
        1.563799977302551
   2.029999941587448E-001
  -1.219999976456165E-002
  -5.871000289916992E-001
  -3.018999993801117E-001
  -7.135999798774719E-001
        1.068300008773804
        2.145600080490112
        2.020699977874756
        1.962399959564209
        3.483200073242188
        6.446499824523926
        6.495999813079834
        3.242199897766113
        2.364900112152100
   8.518000245094299E-001
       -1.064499974250794
       -1.158200025558472
  -7.089999914169312E-001
   6.886000037193298E-001
       -1.305600047111511
       -2.668699979782105
       -3.595499992370606
       -4.731699943542481
       -4.591400146484375
       -3.364300012588501
       -2.183900117874146
   8.417000174522400E-001
        1.631199955940247
        2.679600000381470
        2.535599946975708
        1.931499958038330
        2.760299921035767
        3.567300081253052
        3.899100065231323
        1.852100014686585
        1.924200057983398
        1.490499973297119
   2.363000065088272E-001
  -3.319999873638153E-001
        1.996999979019165
   7.299000024795532E-001
       -1.299700021743774
       -1.000100016593933
  -8.619999885559082E-001
        2.933700084686279
        1.256199955940247
  -6.507999897003174E-001
       -1.264799952507019
  -8.676000237464905E-001
   3.847000002861023E-001
  -7.250000238418579E-001
  -2.827000021934509E-001
  -9.089999645948410E-002
   4.940000176429749E-002
   3.140000104904175E-001
        1.543200016021729
  -9.092000126838684E-001
        1.196300029754639
        1.344599962234497
        1.874300003051758
   1.266999989748001E-001
   1.790000051259995E-001
  -4.749999940395355E-002
   7.186999917030335E-001
   3.632000088691711E-001
   3.163999915122986E-001
        1.732900023460388
        2.224400043487549
        2.294300079345703
        2.836800098419190
        4.223499774932861
        5.091499805450440
        3.749200105667114
        1.426100015640259
  -5.795999765396118E-001
       -1.288599967956543
   6.893000006675720E-001
       -1.588899970054627
       -1.608100056648254
       -1.884799957275391
       -3.352900028228760
       -6.235099792480469
       -4.331999778747559
       -4.184199810028076
       -3.565299987792969
       -1.818899989128113
   2.397000044584274E-001
        2.080800056457520
        2.412899971008301
        1.709100008010864
   5.914999842643738E-001
        3.709000110626221
        2.713200092315674
        3.757499933242798
        3.462500095367432
        2.616100072860718
        3.645400047302246
        2.605200052261353
   7.537999749183655E-001
  -2.840999960899353E-001
   3.200000151991844E-002
       -1.852100014686585
   1.614000052213669E-001
  -6.065000295639038E-001
        2.568500041961670
        1.738600015640259
  -7.082999944686890E-001
  -5.580000281333923E-001
   1.303000003099442E-001
  -3.395000100135803E-001
  -2.639999985694885E-002
       -1.334400057792664
        1.082299947738648
   7.014999985694885E-001
        1.419700026512146
        1.542500019073486
  -8.747000098228455E-001
        1.837599992752075
   6.804999709129334E-001
   6.509999930858612E-002
        1.486299991607666
   8.371000289916992E-001
        1.353399991989136
        1.873299956321716
        1.095299959182739
  -3.059999942779541E-001
   5.514000058174133E-001
        1.384400010108948
        2.492100000381470
        3.186500072479248
        2.708499908447266
        4.574999809265137
        3.386600017547607
   8.899999782443047E-003
       -1.798400044441223
       -3.108000040054321
  -1.327999979257584E-001
  -9.783999919891357E-001
       -2.060499906539917
       -3.312700033187866
       -4.236599922180176
       -3.585000038146973
       -3.297899961471558
       -3.233200073242188
       -2.028399944305420
  -6.570000201463699E-002
        1.582200050354004
        2.383699893951416
        4.036099910736084
        1.440400004386902
   5.059999972581863E-002
   5.597000122070313E-001
        2.970900058746338
        3.343300104141235
        5.346300125122070
        4.243500232696533
        2.671099901199341
        3.652199983596802
        2.364700078964233
        1.441900014877319
        1.710100054740906
   2.085999995470047E-001
   5.135999917984009E-001
        1.230999946594238
   3.181000053882599E-001
        1.587000012397766
        1.671599984169006
   4.593000113964081E-001
       -1.278200030326843
  -2.861999869346619E-001
  -2.520999908447266E-001
   5.314999818801880E-001
        1.914499998092651
   6.980999708175659E-001
        1.796700000762940
        1.925400018692017
       -1.707100033760071
   1.142999976873398E-001
   6.715000271797180E-001
   9.039000272750855E-001
   6.751999855041504E-001
        1.523000001907349
        3.475600004196167
        2.151599884033203
   9.825999736785889E-001
  -7.989999651908875E-002
   1.292999982833862E-001
        1.127099990844727
  -3.856000006198883E-001
        1.145200014114380
        1.375100016593933
        2.537899971008301
        1.044700026512146
       -2.236500024795532
       -3.207600116729736
       -2.471800088882446
   1.345999985933304E-001
  -1.757999956607819E-001
       -1.363100051879883
       -2.701699972152710
       -5.094699859619141
       -3.533499956130981
       -2.180999994277954
       -2.532599925994873
       -1.180299997329712
        1.499400019645691
   8.984000086784363E-001
   9.003000259399414E-001
        2.213599920272827
        2.356699943542481
   2.300000004470348E-002
   3.907999992370606E-001
        2.404500007629395
        1.623700022697449
        3.241699934005737
        2.595200061798096
        2.685800075531006
        1.375200033187866
        1.501600027084351
   1.889999955892563E-002
  -7.602000236511231E-001
  -5.087000131607056E-001
  -7.457000017166138E-001
   4.032000005245209E-001
   6.129999756813049E-001
        2.676100015640259
        2.952100038528442
        1.302500009536743
   8.049999922513962E-002
  -1.389999967068434E-002
        1.853500008583069
        1.678799986839294
        1.899299979209900
        1.643200039863586
        2.558900117874146
        2.779599905014038
       -2.445800065994263
       -1.230399966239929
   4.074000120162964E-001
        2.084599971771240
        1.000800013542175
   9.422000050544739E-001
   8.787999749183655E-001
        1.980700016021729
        1.506000041961670
   3.179000020027161E-001
   1.614000052213669E-001
   9.192000031471252E-001
        1.949599981307983
  -6.643999814987183E-001
       -2.005599975585938
       -1.207000017166138
  -8.169999718666077E-001
       -1.741099953651428
       -2.897599935531616
       -3.426100015640259
       -1.315600037574768
  -3.528000116348267E-001
       -1.355700016021729
       -2.642400026321411
       -4.816800117492676
       -4.886400222778320
       -3.510499954223633
       -2.839299917221069
       -2.044100046157837
   1.539999991655350E-001
        2.601200103759766
        1.010800004005432
        2.036400079727173
        1.621999979019165
       -1.257699966430664
  -6.366999745368958E-001
   8.519999980926514E-001
   2.337999939918518E-001
        2.884299993515015
        2.740499973297119
        1.713600039482117
  -8.420000076293945E-001
       -1.445399999618530
  -6.771000027656555E-001
       -1.077900052070618
  -8.934999704360962E-001
       -2.513700008392334
  -1.257999986410141E-001
   2.342000007629395E-001
        2.352099895477295
        1.360200047492981
   3.486999869346619E-001
   4.300999939441681E-001
        1.046399950981140
   7.344999909400940E-001
        1.905500054359436
   6.631000041961670E-001
        1.347200036048889
   9.243999719619751E-001
        1.196599960327148
       -1.242499947547913
       -1.848199963569641
        1.204300045967102
  -8.879999816417694E-002
  -4.347999989986420E-001
        1.246799945831299
        1.753499984741211
        1.385100007057190
        1.587700009346008
   9.103000164031982E-001
        1.125699996948242
  -5.181999802589417E-001
   9.097999930381775E-001
   8.396999835968018E-001
       -2.427299976348877
       -1.942800045013428
  -4.880999922752380E-001
  -7.314000129699707E-001
       -3.162100076675415
       -1.926200032234192
  -9.709999710321426E-002
       -1.608299970626831
       -2.073199987411499
       -1.154999971389771
       -3.912899971008301
       -5.946700096130371
       -3.482599973678589
       -1.913300037384033
       -1.659999966621399
       -1.803099989891052
  -9.312000274658203E-001
   9.621999859809876E-001
        1.879299998283386
   1.574999988079071E-001
        1.511999964714050
   8.417000174522400E-001
  -7.742000222206116E-001
  -1.973000019788742E-001
        1.086300015449524
  -5.059000253677368E-001
       -1.939200043678284
       -1.888599991798401
       -2.397099971771240
       -2.234800100326538
       -1.678699970245361
       -3.878599882125855
       -3.644799947738648
       -2.338999986648560
   6.274999976158142E-001
        1.209699988365173
   4.268000125885010E-001
  -3.830000013113022E-002
   8.705000281333923E-001
   8.050000071525574E-001
        1.735599994659424
        1.054800033569336
        1.261600017547607
       -1.670199990272522
   1.449999958276749E-002
        1.061599969863892
  -4.794999957084656E-001
  -1.810000091791153E-002
   9.869999885559082E-001
        1.142500042915344
  -1.764000058174133E-001
        1.634699940681458
        1.639999985694885
  -3.592000007629395E-001
   4.300000146031380E-003
        1.377799987792969
  -2.806000113487244E-001
  -4.963000118732452E-001
  -2.594999969005585E-001
   7.908999919891357E-001
  -7.530000060796738E-002
  -8.629999756813049E-001
   8.023999929428101E-001
       -1.100600004196167
       -1.011899948120117
  -4.934000074863434E-001
       -2.023600101470947
  -8.147000074386597E-001
   1.578000038862228E-001
  -8.524000048637390E-001
       -3.124099969863892
       -3.371900081634522
       -3.133300065994263
       -1.821599960327148
       -2.557199954986572
  -9.976999759674072E-001
  -3.984000086784363E-001
   9.333999752998352E-001
  -5.727000236511231E-001
  -3.040000051259995E-002
        1.861700057983398
   7.681999802589417E-001
   9.139000177383423E-001
  -2.773999869823456E-001
   9.031000137329102E-001
        1.017799973487854
       -2.256599903106690
       -2.998100042343140
       -4.447500228881836
       -3.943900108337402
       -3.840899944305420
       -4.990399837493897
       -5.024799823760986
       -2.503499984741211
       -1.095499992370606
        1.548499941825867
        2.030200004577637
   4.435999989509583E-001
  -6.410999894142151E-001
       -1.856199979782105
   6.849999725818634E-002
   7.135000228881836E-001
       -2.567100048065186
       -3.322000026702881
       -1.156200051307678
   2.234999984502792E-001
  -4.668999910354614E-001
        1.911399960517883
   6.031000018119812E-001
   5.780000090599060E-001
   9.011999964714050E-001
   7.910000085830689E-001
  -1.318999975919724E-001
  -9.420999884605408E-001
  -8.059999942779541E-001
       -1.134899973869324
   1.268000006675720E-001
        1.660799980163574
        1.652199983596802
        2.398000001907349
        1.299399971961975
   5.515999794006348E-001
       -1.376700043678284
  -7.396000027656555E-001
       -1.614500045776367
       -2.924799919128418
       -2.326499938964844
       -1.255599975585938
   2.090999931097031E-001
  -5.871999859809876E-001
       -2.882699966430664
       -2.015399932861328
  -9.901999831199646E-001
       -2.146399974822998
       -1.448899984359741
       -1.128399968147278
  -5.029999837279320E-002
  -7.890999913215637E-001
        2.406300067901611
  -1.881999969482422E-001
   1.798000037670136E-001
        1.039600014686585
   3.460000082850456E-002
  -2.049999982118607E-001
   8.884000182151794E-001
        1.839100003242493
        1.112800002098084
       -3.039000034332275
       -2.664799928665161
       -2.465300083160400
       -3.604300022125244
       -4.050799846649170
       -5.345600128173828
       -3.655600070953369
       -2.314100027084351
       -1.324300050735474
  -6.320000290870667E-001
  -2.737999856472015E-001
   2.955000102519989E-001
  -2.610000036656857E-002
   1.580999940633774E-001
  -8.810000121593475E-002
  -8.309999704360962E-001
       -2.453500032424927
       -2.895499944686890
  -2.917000055313110E-001
  -4.111999869346619E-001
   3.407999873161316E-001
  -8.799999952316284E-003
  -1.620000004768372E-001
   6.176000237464905E-001
        1.386399984359741
       -1.730100035667419
       -1.436499953269959
  -3.583000004291534E-001
   9.099000096321106E-001
   6.834999918937683E-001
        1.637799978256226
        1.943799972534180
        3.458499908447266
        1.796200037002564
   7.251999974250794E-001
   9.006999731063843E-001
       -1.002599954605103
       -3.348500013351440
       -2.886899948120117
       -1.488600015640259
  -6.319000124931335E-001
  -4.499000012874603E-001
       -1.007599949836731
       -3.198499917984009
       -1.311400055885315
       -2.584599971771240
       -2.235500097274780
       -1.641499996185303
       -1.540699958801270
       -1.695700049400330
  -4.262000024318695E-001
   4.523999989032745E-001
  -6.661999821662903E-001
  -2.299000024795532E-001
        2.589799880981445
  -6.175000071525574E-001
        1.707499980926514
        1.152699947357178
        1.670099973678589
        1.438599944114685
  -6.366999745368958E-001
       -2.415899991989136
       -2.594000101089478
       -4.565599918365479
       -2.499700069427490
       -3.958800077438355
       -3.174400091171265
       -2.571700096130371
       -2.885200023651123
       -1.901000022888184
  -8.119000196456909E-001
  -6.746000051498413E-001
       -2.832900047302246
       -2.081500053405762
       -3.122600078582764
       -1.025400042533875
       -1.855900049209595
       -2.615000009536743
       -2.032299995422363
       -2.060699939727783
       -2.350300073623657
       -1.605999946594238
  -5.979999899864197E-001
  -4.226999878883362E-001
  -3.934000134468079E-001
  -1.342999935150147E-001
   8.389999717473984E-002
  -3.605000078678131E-001
   7.570999860763550E-001
   5.921000242233276E-001
        1.817800045013428
        3.431699991226196
        4.086100101470947
        2.878200054168701
        1.017899990081787
        1.424100041389465
   8.879999816417694E-002
       -1.109300017356873
       -1.672600030899048
       -1.371099948883057
       -2.329600095748901
       -2.977999925613403
       -1.756500005722046
       -1.685600042343140
   2.720000036060810E-002
  -4.259000122547150E-001
       -2.343400001525879
       -3.251499891281128
       -2.531699895858765
  -4.151000082492828E-001
  -1.729999929666519E-001
   5.959999933838844E-002
  -2.698000073432922E-001
   1.472000032663345E-001
   2.506999969482422E-001
   6.983000040054321E-001
   9.229999780654907E-001
        1.628499984741211
   7.882000207901001E-001
        1.772699952125549
   1.686999946832657E-001
       -2.908699989318848
       -3.713099956512451
       -2.179699897766113
       -2.554600000381470
       -2.857899904251099
       -4.287300109863281
       -2.293200016021729
       -1.192899942398071
  -8.758999705314636E-001
  -9.707999825477600E-001
  -5.467000007629395E-001
       -1.932199954986572
       -3.125699996948242
       -2.512399911880493
       -2.000200033187866
       -2.154299974441528
       -2.344000101089478
       -2.331399917602539
       -2.121700048446655
       -3.417999982833862
       -2.524600028991699
  -9.707999825477600E-001
       -1.677099943161011
  -4.438999891281128E-001
  -9.210000187158585E-002
       -1.276000022888184
  -5.871999859809876E-001
   6.431999802589417E-001
        1.459800004959106
        2.420799970626831
        7.846199989318848
        7.605299949645996
        4.694399833679199
        2.424400091171265
        1.216099977493286
       -1.215199947357178
       -1.552500009536743
       -1.681300044059753
   9.130000323057175E-002
       -2.876399993896484
  -7.915999889373779E-001
       -2.601799964904785
       -1.333199977874756
       -1.442999958992004
       -1.946900010108948
       -3.615799903869629
       -5.354499816894531
       -3.253200054168701
       -2.840199947357178
  -1.985000073909760E-001
        1.027799963951111
  -9.603999853134155E-001
       -1.332599997520447
       -1.342900037765503
       -1.354799985885620
  -5.586000084877014E-001
   2.400000113993883E-003
        1.135800004005432
   7.558000087738037E-001
  -4.715000092983246E-001
       -3.730200052261353
       -3.176599979400635
       -2.507600069046021
       -3.652100086212158
       -2.490700006484985
       -4.272299766540527
       -2.654099941253662
       -1.320700049400330
  -4.248999953269959E-001
   7.980000227689743E-002
       -1.942399978637695
       -1.761999964714050
       -1.004899978637695
       -1.009500026702881
       -1.721199989318848
       -2.657200098037720
       -1.457900047302246
       -2.062700033187866
       -2.361000061035156
  -8.673999905586243E-001
       -1.087599992752075
       -1.941699981689453
   7.623999714851379E-001
        1.246899962425232
        1.354599952697754
        1.959800004959106
        1.133100032806397
        2.705800056457520
        2.497299909591675
        2.301100015640259
        5.320400238037109
        5.382999897003174
        2.371999979019165
        3.168299913406372
        1.360000014305115
       -2.555500030517578
       -1.351999998092651
       -1.438199996948242
  -9.559000134468079E-001
  -7.857000231742859E-001
       -2.352600097656250
       -3.782500028610230
       -3.252700090408325
       -4.121300220489502
       -6.015200138092041
       -3.335000038146973
       -4.899000167846680
       -2.253499984741211
       -1.642699956893921
   9.750000238418579E-001
        1.865000009536743
       -1.215000033378601
       -1.866899967193604
       -2.583400011062622
  -4.474000036716461E-001
       -2.245300054550171
  -5.961999893188477E-001
  -2.601000070571899E-001
  -6.898000240325928E-001
       -1.053699970245361
       -2.317500114440918
       -4.006700038909912
       -4.163099765777588
       -3.407399892807007
       -2.312000036239624
       -1.740499973297119
       -3.899899959564209
  -5.015000104904175E-001
   1.888999938964844E-001
  -1.360000073909760E-001
       -2.752000093460083
       -1.304299950599670
  -5.412999987602234E-001
       -1.869500041007996
       -1.933599948883057
       -1.158499956130981
  -4.047999978065491E-001
       -1.317899942398071
       -3.201100111007690
  -6.098999977111816E-001
  -2.939000129699707E-001
        1.106500029563904
        1.628700017929077
  -2.292000055313110E-001
        1.663900017738342
   2.243999987840653E-001
        3.195899963378906
        1.933500051498413
        1.573500037193298
        3.631500005722046
        1.580100059509277
        2.296299934387207
        1.817000031471252
        2.096199989318848
   2.948000133037567E-001
       -1.871700048446655
  -4.476000070571899E-001
       -1.784399986267090
       -1.111700057983398
  -9.702000021934509E-001
       -3.438800096511841
       -3.004699945449829
       -5.470499992370606
       -6.491499900817871
       -6.317599773406982
       -3.935600042343140
       -1.950399994850159
       -2.710099935531616
  -4.221000075340271E-001
  -9.186000227928162E-001
   5.660000070929527E-002
       -1.256500005722046
       -2.703099966049194
       -2.705600023269653
  -7.039999961853027E-001
   1.058000028133392E-001
  -7.080000042915344E-001
       -1.357900023460388
       -1.797199964523315
       -3.143399953842163
       -2.230700016021729
       -3.049999952316284
       -2.499000072479248
       -1.386800050735474
       -1.833600044250488
  -6.044999957084656E-001
  -8.062000274658203E-001
        1.487900018692017
  -9.344000220298767E-001
  -7.662000060081482E-001
       -2.617599964141846
       -3.581399917602539
       -1.715800046920776
       -3.125799894332886
       -1.462100028991699
  -7.429999709129334E-001
       -1.165699958801270
  -5.259000062942505E-001
       -4.306900024414063
       -1.312999963760376
  -5.390999913215637E-001
   3.003999888896942E-001
   4.311000108718872E-001
   2.531000077724457E-001
   8.629999756813049E-001
        1.123100042343140
        1.429399967193604
        1.389299988746643
        1.878999948501587
        1.753600001335144
        1.989400029182434
   9.999999776482582E-003
   7.526000142097473E-001
       -1.267500042915344
       -1.797799944877625
       -4.700799942016602
       -4.068399906158447
       -1.515499949455261
  -7.967000007629395E-001
  -6.496000289916992E-001
       -2.967499971389771
       -4.335999965667725
       -7.130199909210205
       -7.807899951934815
       -6.351299762725830
       -3.012599945068359
       -2.471499919891357
       -2.989700078964233
  -6.234999895095825E-001
   4.289999976754189E-002
  -7.224000096321106E-001
  -8.288000226020813E-001
  -9.453999996185303E-001
       -2.203700065612793
  -9.969999790191650E-001
  -5.449999868869782E-002
  -5.879999995231628E-001
       -1.366999983787537
       -2.259999990463257
   6.060000136494637E-002
       -1.546800017356873
       -2.134799957275391
       -4.309199810028076
       -1.827299952507019
       -1.328799962997437
  -1.300000026822090E-002
        1.253499984741211
   6.764000058174133E-001
        1.006700038909912
       -1.498200058937073
       -1.843700051307678
       -1.430099964141846
  -7.760999798774719E-001
       -1.890599966049194
       -1.168799996376038
  -4.381999969482422E-001
       -1.331500053405762
   8.398000001907349E-001
       -1.631899952888489
   1.694000065326691E-001
        1.194300055503845
   6.553999781608582E-001
        1.090000033378601
        1.365900039672852
        1.283300042152405
  -5.932999849319458E-001
  -7.696999907493591E-001
        2.274399995803833
        2.935800075531006
        1.755900025367737
        3.286099910736084
        1.070299983024597
       -1.415400028228760
       -2.587100028991699
       -2.434900045394898
       -3.766799926757813
       -2.976399898529053
       -1.290699958801270
  -5.127000212669373E-001
       -3.611900091171265
       -6.554500102996826
       -5.407100200653076
       -6.505899906158447
       -7.760600090026856
       -4.701600074768066
       -4.027699947357178
       -3.342900037765503
       -1.183300018310547
       -1.071499943733215
  -8.226000070571899E-001
       -2.683599948883057
       -2.586999893188477
  -5.218999981880188E-001
  -2.725999951362610E-001
       -1.857800006866455
       -1.478000044822693
       -1.764700055122376
       -2.699899911880493
   4.844000041484833E-001
  -8.913000226020813E-001
  -9.014000296592712E-001
       -1.586799979209900
  -9.657999873161316E-001
       -1.416300058364868
  -1.779999956488609E-002
   9.643999934196472E-001
        1.585100054740906
        2.956199884414673
   7.055000066757202E-001
   6.769999861717224E-001
       -2.162800073623657
   6.184999942779541E-001
       -1.574000000953674
       -1.735999941825867
       -2.107000112533569
       -1.327900052070618
   6.466000080108643E-001
        1.456799983978272
   6.628000140190125E-001
   2.567999958992004E-001
        2.395499944686890
        1.418400049209595
        1.231999993324280
        2.083600044250488
   6.179000139236450E-001
   7.257999777793884E-001
        1.133599996566773
        1.414999961853027
        1.364199995994568
        1.584400057792664
        1.331900000572205
        1.251700043678284
  -6.504999995231628E-001
  -2.928000092506409E-001
       -2.010099887847900
       -1.450500011444092
       -3.481699943542481
       -1.804800033569336
       -2.805799961090088
       -5.234200000762940
       -8.077799797058106
       -6.367300033569336
       -7.122399806976318
       -5.702700138092041
       -5.524600028991699
       -4.478400230407715
       -3.902699947357178
       -2.665999889373779
       -1.816400051116943
       -2.925299882888794
       -3.603899955749512
       -2.120699882507324
       -2.207000017166138
       -2.395699977874756
       -1.475999951362610
       -2.774899959564209
       -2.129300117492676
       -2.580499887466431
   8.197000026702881E-001
   7.946000099182129E-001
        2.494100093841553
        2.105099916458130
        1.505200028419495
  -9.237999916076660E-001
  -2.614000141620636E-001
        2.231899976730347
        1.940500020980835
        2.966300010681152
        3.920200109481812
        1.283599972724915
   8.822000026702881E-001
        1.127200007438660
        1.190999984741211
  -4.758999943733215E-001
       -2.083699941635132
       -3.264400005340576
   1.401000022888184E-001
        1.024299979209900
        1.792299985885620
        2.292999982833862
        1.044299960136414
   4.221000075340271E-001
  -4.663000106811523E-001
   1.477999985218048E-001
   2.335000038146973E-001
        1.155200004577637
        1.629299998283386
        2.782599925994873
        1.227599978446960
   3.693999946117401E-001
        1.412099957466126
   4.724000096321106E-001
   4.790000021457672E-001
   3.375000059604645E-001
       -2.482700109481812
  -8.637999892234802E-001
  -7.817999720573425E-001
       -1.730900049209595
       -2.739900112152100
       -6.328000068664551
       -5.273099899291992
       -5.083899974822998
       -5.404300212860107
       -4.176499843597412
       -3.758899927139282
       -4.506599903106690
       -3.758399963378906
       -2.787199974060059
       -2.800899982452393
       -3.101200103759766
       -2.290999889373779
       -2.183399915695190
  -3.463000059127808E-001
       -2.509500026702881
       -3.679699897766113
       -3.422899961471558
       -4.152999877929688
       -1.791700005531311
        1.554600000381470
        1.650699973106384
        2.814399957656860
        3.559000015258789
        3.408900022506714
        1.337599992752075
   8.309999704360962E-001
        1.541200041770935
        2.901700019836426
        3.801000118255615
        4.071800231933594
        3.727900028228760
        1.972699999809265
        1.104300022125244
        1.541200041770935
   5.038999915122986E-001
       -1.561400055885315
       -1.357499957084656
  -5.871999859809876E-001
        1.445600032806397
   1.264999955892563E-001
   4.553000032901764E-001
   2.930000051856041E-002
       -1.579800009727478
       -2.155699968338013
       -2.586800098419190
  -4.101000130176544E-001
        1.026999950408936
        1.103299975395203
        1.911100029945374
        2.615999937057495
   2.456000000238419E-001
   4.120999872684479E-001
   2.369000017642975E-001
        1.815600037574768
  -4.395000040531158E-001
       -1.278800010681152
       -3.431999921798706
  -4.544999897480011E-001
   5.590000152587891E-001
       -1.729400038719177
       -1.761500000953674
       -4.169600009918213
       -4.644199848175049
       -3.028199911117554
       -4.140699863433838
       -4.642600059509277
       -2.722500085830689
       -3.546400070190430
   2.749999985098839E-002
   5.429999902844429E-002
       -2.227099895477295
       -3.260299921035767
       -1.283699989318848
       -1.806499958038330
       -2.902199983596802
       -1.781399965286255
       -1.803900003433228
       -2.553499937057495
        1.211199998855591
        2.443700075149536
        2.285300016403198
        4.071599960327148
        5.674399852752686
        3.569799900054932
        4.829199790954590
        2.627500057220459
        2.707000017166138
        2.334700107574463
        2.050699949264526
        5.190400123596191
        4.976200103759766
        2.820300102233887
        1.391000032424927
        1.705399990081787
        1.672700047492981
       -1.148699998855591
  -7.980000227689743E-002
  -7.964000105857849E-001
   4.056000113487244E-001
   5.684999823570252E-001
   2.648999989032745E-001
  -2.741999924182892E-001
       -2.684299945831299
       -2.087800025939941
       -2.529700040817261
  -3.043000102043152E-001
   1.293999999761581E-001
   2.146999984979630E-001
        1.060600042343140
        3.258800029754639
        1.160599946975708
        2.618200063705444
        2.525199890136719
   4.979000091552734E-001
        1.820899963378906
   1.243000030517578E-001
  -5.829999968409538E-002
  -4.754000008106232E-001
   8.949000239372253E-001
        1.225700020790100
   7.202000021934509E-001
       -2.216900110244751
       -3.225300073623657
       -3.586199998855591
       -2.059400081634522
       -3.403800010681152
       -3.413399934768677
       -2.210799932479858
  -9.056000113487244E-001
   9.839999675750732E-002
       -2.375200033187866
       -2.724800109863281
       -2.886199951171875
       -2.207600116729736
       -3.102099895477295
       -3.652299880981445
       -1.843600034713745
   3.734999895095825E-001
        2.297600030899048
        3.122600078582764
        4.039599895477295
        4.078599929809570
        4.674399852752686
        3.010499954223633
        2.995199918746948
        1.775799989700317
        2.329900026321411
        1.247300028800964
        2.229899883270264
        2.699899911880493
        4.360899925231934
        4.351099967956543
        3.501199960708618
        2.021399974822998
        2.118099927902222
  -3.903000056743622E-001
  -1.627999991178513E-001
  -9.989999979734421E-002
       -1.700700044631958
  -1.001999974250794E-001
       -1.048599958419800
       -2.714099884033203
       -3.000400066375732
       -2.075400114059448
       -1.141499996185303
       -1.708199977874756
  -8.118000030517578E-001
   8.511999845504761E-001
        2.410399913787842
        2.066099882125855
        2.138099908828735
        2.416500091552734
        4.525599956512451
        2.661600112915039
  -1.090999990701675E-001
  -1.860000006854534E-002
  -3.767000138759613E-001
       -2.599999904632568
       -1.109799981117249
  -8.966000080108643E-001
   7.637000083923340E-001
   6.177999973297119E-001
       -1.896100044250488
       -2.131400108337402
       -2.586199998855591
       -2.719799995422363
       -1.916100025177002
       -1.695500016212463
       -2.267800092697144
  -3.943000137805939E-001
  -9.839999675750732E-002
       -1.199300050735474
       -2.476500034332275
       -1.979200005531311
  -6.610000133514404E-001
       -1.853399991989136
       -1.010699987411499
   3.296000063419342E-001
        2.362400054931641
        1.630699992179871
        5.448900222778320
        3.681099891662598
        4.019400119781494
        3.025700092315674
        2.974100112915039
        2.493700027465820
        3.897099971771240
        2.611200094223023
        2.461100101470947
        2.336299896240234
        4.603000164031982
        5.126599788665772
        3.295799970626831
        2.272700071334839
   7.519999742507935E-001
  -9.842000007629395E-001
   3.828000128269196E-001
  -7.350000143051148E-001
   8.701000213623047E-001
       -1.682999968528748
       -2.813600063323975
       -4.117099761962891
       -2.668600082397461
       -3.897599935531616
       -1.835700035095215
       -1.339699983596802
   8.009999990463257E-001
        1.437399983406067
        3.471600055694580
        1.975700020790100
  -4.557999968528748E-001
        2.232199907302856
        1.763800024986267
        2.909800052642822
        1.542600035667419
   8.416000008583069E-001
  -1.391000002622604E-001
       -1.990900039672852
  -9.833999872207642E-001
  -9.908000230789185E-001
        1.001500010490418
   3.057999908924103E-001
  -3.400999903678894E-001
       -1.195899963378906
       -2.087899923324585
       -2.707700014114380
       -1.879099965095520
  -5.807999968528748E-001
  -2.878000140190125E-001
       -1.116000056266785
  -5.651999711990356E-001
       -2.719500064849854
       -3.729399919509888
       -1.553200006484985
  -2.696000039577484E-001
  -4.977999925613403E-001
       -1.976400017738342
        1.090299963951111
   6.719999760389328E-002
   4.824999868869782E-001
        3.078200101852417
        5.986700057983398
        4.738699913024902
        5.157199859619141
        4.546100139617920
        1.511500000953674
        2.978399991989136
        3.562900066375732
        4.686299800872803
        2.192800045013428
        2.859299898147583
        2.544500112533569
        1.275799989700317
        1.309299945831299
   2.939000129699707E-001
        2.463500022888184
        2.464900016784668
        1.401200056076050
        2.440599918365479
       -2.059299945831299
       -2.658299922943115
       -1.117900013923645
       -3.880399942398071
       -4.038700103759766
       -3.482199907302856
       -1.848299980163574
  -4.063999950885773E-001
        1.815600037574768
  -2.840000092983246E-001
   5.649999901652336E-002
        1.865499973297119
        1.343999981880188
   7.951999902725220E-001
        3.535700082778931
        1.169999957084656
        1.028599977493286
   7.835999727249146E-001
  -7.148000001907349E-001
   5.965999960899353E-001
       -1.062199950218201
        1.499099969863892
        2.541899919509888
   2.693000137805939E-001
   8.141000270843506E-001
       -1.744500041007996
   2.714999914169312E-001
       -1.123600006103516
  -6.319000124931335E-001
       -1.138299942016602
   5.229999870061874E-002
       -1.696300029754639
       -2.506999969482422
       -2.895299911499023
       -1.507799983024597
       -2.730999946594238
  -6.741999983787537E-001
  -8.057000041007996E-001
       -1.501999974250794
       -1.054200053215027
  -2.387000024318695E-001
        3.303999900817871
        5.218999862670898
        4.367700099945068
        5.684800148010254
        4.928400039672852
        3.206799983978272
        1.982699990272522
        5.076900005340576
        4.950600147247315
        2.089799880981445
        4.380400180816650
        4.371099948883057
        3.009399890899658
        1.877300024032593
   8.761000037193298E-001
   4.930999875068665E-001
        1.883700013160706
        2.315900087356567
        2.708600044250488
       -2.532200098037720
       -2.116699934005737
       -1.765300035476685
       -1.673499941825867
       -2.888600111007690
       -2.998899936676025
       -2.769299983978272
   4.129999876022339E-002
  -6.462000012397766E-001
       -1.124099969863892
   5.593000054359436E-001
        1.236099958419800
  -2.939999997615814E-001
        1.764000058174133
        2.898799896240234
   9.861000180244446E-001
        1.152999997138977
   6.014999747276306E-001
   9.156000018119812E-001
        1.919899940490723
        2.341099977493286
        2.124200105667114
        2.587300062179565
        2.143199920654297
  -2.190999984741211E-001
   9.359999895095825E-001
        1.288800001144409
        1.516999959945679
        1.489099979400635
   8.683000206947327E-001
       -3.598099946975708
       -1.554999947547913
       -1.001899957656860
  -3.531000018119812E-001
  -5.824999809265137E-001
       -2.891099929809570
  -4.589999839663506E-002
   3.603999912738800E-001
  -5.982000231742859E-001
  -3.359999880194664E-002
        1.299700021743774
        4.301400184631348
        4.994299888610840
        4.407700061798096
        4.901800155639648
        3.494299888610840
        4.004000186920166
        5.003900051116943
        5.790400028228760
        6.509200096130371
        4.208600044250488
        4.227700233459473
        5.648200035095215
        3.318500041961670
        1.507300019264221
        2.013700008392334
   1.381999999284744E-001
       -2.008100032806397
        1.372099995613098
        2.726300001144409
       -3.495599985122681
       -3.360399961471558
       -1.347900032997131
       -1.128299951553345
       -1.031200051307678
       -2.736200094223023
  -8.375999927520752E-001
  -2.239999920129776E-002
   4.059999883174896E-001
  -7.576000094413757E-001
        1.355700016021729
        1.562299966812134
        1.025099992752075
   9.149000048637390E-001
  -7.135999798774719E-001
        1.692100048065186
        2.665899991989136
        2.158200025558472
        4.385799884796143
        3.568500041961670
        4.138000011444092
        3.641499996185303
        2.210599899291992
        2.199800014495850
  -5.228999853134155E-001
   8.100000023841858E-001
  -7.935000061988831E-001
       -1.349200010299683
       -1.281700015068054
       -1.152799963951111
       -2.706599950790405
       -2.228499889373779
  -3.149999976158142E-001
   5.110999941825867E-001
  -7.980999946594238E-001
       -3.275500059127808
       -2.094599962234497
       -1.232499957084656
  -9.812999963760376E-001
        1.298400044441223
   2.743000090122223E-001
        2.308099985122681
        4.036799907684326
        3.304300069808960
        5.562699794769287
        6.916500091552734
        5.610700130462647
        6.286300182342529
        6.880199909210205
        5.525000095367432
        4.069799900054932
        4.038799762725830
        4.508299827575684
        1.131000041961670
  -4.729999899864197E-001
  -8.276000022888184E-001
  -6.989999860525131E-002
  -9.495999813079834E-001
  -2.703999876976013E-001
   4.295000135898590E-001
  -5.435000061988831E-001
       -1.703199982643127
       -2.841399908065796
       -2.343899965286255
  -5.645999908447266E-001
       -1.858800053596497
       -2.070499897003174
  -6.468999981880188E-001
  -8.044999837875366E-001
   2.632000148296356E-001
        1.171399950981140
        1.049900054931641
   1.271000057458878E-001
  -3.233999907970429E-001
  -1.191999986767769E-001
        2.857100009918213
        4.093400001525879
        2.761699914932251
        3.173700094223023
        2.405200004577637
        1.611700057983398
        1.336899995803833
   4.855999946594238E-001
   2.020000070333481E-001
  -3.416000008583069E-001
  -1.960000023245812E-002
   7.230000197887421E-002
   1.835000067949295E-001
  -2.890000045299530E-001
  -8.952000141143799E-001
        1.380499958992004
  -7.311999797821045E-001
  -4.369999840855598E-002
       -2.016000032424927
       -1.869699954986572
       -3.089099884033203
       -2.923000097274780
  -7.767000198364258E-001
   5.213999748229981E-001
        1.379899978637695
        2.125900030136108
        2.529200077056885
        2.879199981689453
        2.545399904251099
        4.704699993133545
        7.436699867248535
        6.873499870300293
        6.979199886322022
        6.668200016021729
        3.804100036621094
        4.430799961090088
        2.822900056838989
        1.598000049591065
        1.678300023078919
   6.750000268220902E-002
        2.019299983978272
        2.779599905014038
       -1.093700051307678
        1.309800028800964
   1.826999932527542E-001
   5.460000038146973E-001
  -1.004000008106232E-001
       -2.170399904251099
       -1.968600034713745
   1.447000056505203E-001
  -7.320000231266022E-002
       -1.513200044631958
       -1.930699944496155
   2.211000025272369E-001
  -9.409999847412109E-001
   1.906999945640564E-001
       -1.397500038146973
  -3.486999869346619E-001
   3.447000086307526E-001
   9.814000129699707E-001
        1.783400058746338
        1.204499959945679
        3.496500015258789
        3.471999883651733
        2.747100114822388
   2.136999964714050E-001
  -1.156999990344048E-001
   8.575000166893005E-001
        1.594799995422363
   1.583999991416931E-001
       -1.918099999427795
       -2.350300073623657
  -7.824000120162964E-001
   3.027000129222870E-001
  -5.554000139236450E-001
   4.809999838471413E-002
  -4.153000116348267E-001
       -1.926399946212769
       -1.410099983215332
       -1.121600031852722
       -1.899299979209900
   1.692000031471252E-001
   6.816999912261963E-001
   2.295999974012375E-001
   9.603999853134155E-001
        1.365100026130676
        3.624399900436401
        3.008199930191040
        2.710599899291992
        2.765199899673462
        5.992499828338623
        7.323400020599365
        7.868000030517578
        6.946499824523926
        4.205999851226807
        3.190299987792969
        3.314599990844727
   8.331000208854675E-001
        2.188100099563599
        1.026499986648560
        2.280100107192993
        1.843299984931946
        1.494300007820129
  -3.952000141143799E-001
   4.077000021934509E-001
       -1.700899958610535
       -1.306300044059753
       -1.646499991416931
       -4.395400047302246
       -2.724200010299683
  -1.278000026941299E-001
  -3.549999892711639E-001
       -1.407400012016296
       -1.966599941253662
  -6.714000105857849E-001
       -2.855099916458130
       -2.730400085449219
       -1.725399971008301
  -1.599999959580600E-003
        2.000299930572510
        2.661700010299683
        1.934100031852722
        1.625000000000000
        3.141299962997437
        2.532500028610230
        1.681300044059753
   4.697999954223633E-001
  -5.012999773025513E-001
   7.028999924659729E-001
       -1.051499962806702
       -2.353300094604492
       -2.634599924087524
       -1.044800043106079
  -9.993000030517578E-001
   2.793000042438507E-001
   6.390000134706497E-002
       -1.256500005722046
       -1.473700046539307
       -1.432399988174439
       -2.716500043869019
  -8.881999850273132E-001
       -1.715399980545044
  -4.623000025749207E-001
  -5.012999773025513E-001
  -2.540000081062317E-001
        1.633900046348572
        1.840199947357178
        1.454300045967102
        2.661799907684326
        4.012000083923340
        6.684199810028076
        7.565499782562256
        7.973299980163574
        7.616799831390381
        6.700900077819824
        4.033199787139893
        2.042900085449219
        2.745699882507324
        1.768100023269653
        1.096500039100647
   8.921999931335449E-001
        1.652899980545044
   2.406000047922134E-001
   5.683000087738037E-001
   9.240000247955322E-001
  -6.588000059127808E-001
  -6.541000008583069E-001
   2.752000093460083E-001
       -2.304100036621094
       -2.126899957656860
  -3.481000065803528E-001
  -4.226000010967255E-001
       -2.172399997711182
       -2.717700004577637
       -1.608800053596497
       -2.164599895477295
       -2.449399948120117
       -2.086299896240234
   4.724000096321106E-001
        1.426699995994568
        2.811399936676025
   8.510000109672546E-001
   5.672000050544739E-001
        1.697100043296814
        1.639600038528442
   8.869000077247620E-001
        2.096499919891357
        1.344099998474121
  -3.023999929428101E-001
       -2.090600013732910
       -2.298899888992310
       -2.947900056838989
       -2.868900060653687
  -9.106000065803528E-001
       -1.209100008010864
       -1.365700006484985
       -2.868299961090088
       -2.395299911499023
       -1.765200018882752
       -3.420200109481812
       -2.119199991226196
       -4.585100173950195
       -2.171200037002564
       -1.565400004386902
       -1.646299958229065
  -3.657999932765961E-001
   4.287000000476837E-001
  -8.259999752044678E-001
   7.243000268936157E-001
        3.979500055313110
        5.076000213623047
        7.145500183105469
        8.970499992370606
        8.440999984741211
       10.746199607849120
        8.257900238037109
        4.973599910736084
        4.417500019073486
        3.269700050354004
        1.744199991226196
   1.272000074386597E-001
        2.092400074005127
   7.375000119209290E-001
  -3.319999873638153E-001
   8.855000138282776E-001
       -1.662999987602234
  -7.605000138282776E-001
   1.352999955415726E-001
       -1.695000052452087
  -6.243000030517578E-001
  -3.179999887943268E-001
       -1.183699965476990
       -1.020200014114380
       -2.129300117492676
       -3.188299894332886
       -1.255599975585938
       -2.432499885559082
       -3.219500064849854
       -1.513399958610535
        1.047000050544739
        1.434599995613098
        2.634900093078613
        1.600299954414368
        1.833799958229065
        1.026499986648560
   8.975999951362610E-001
  -7.062000036239624E-001
       -1.136600017547607
  -7.706999778747559E-001
       -1.508999943733215
       -1.950999975204468
       -1.913300037384033
       -1.059999942779541
       -1.688300013542175
  -3.524999916553497E-001
  -8.547999858856201E-001
       -2.030800104141235
       -3.024199962615967
       -3.214799880981445
       -4.118199825286865
       -2.884599924087524
       -2.956500053405762
       -1.516899943351746
  -7.919999957084656E-001
  -7.616000175476074E-001
       -1.884799957275391
       -1.088799953460693
  -9.983999729156494E-001
   9.542000293731690E-001
        3.121599912643433
        6.033999919891357
        8.201999664306641
        7.756199836730957
        7.124599933624268
        8.537199974060059
        8.153499603271484
        6.340899944305420
        5.703800201416016
        5.605100154876709
        4.058499813079834
        2.376800060272217
        1.643100023269653
        1.189000010490418
        1.063300013542175
   6.521999835968018E-001
  -5.131000280380249E-001
       -1.394999980926514
   1.343999952077866E-001
       -1.029099941253662
       -2.449899911880493
  -3.635999858379364E-001
  -4.828999936580658E-001
   3.305999934673309E-001
       -2.390899896621704
       -2.697999954223633
       -1.715100049972534
       -2.879600048065186
       -3.532799959182739
       -3.550299882888794
       -1.580000042915344
  -4.625999927520752E-001
   4.277000129222870E-001
   3.756999969482422E-001
  -2.830000035464764E-002
  -9.574000239372253E-001
       -1.005399942398071
   3.177999854087830E-001
       -1.266000032424927
       -1.177099943161011
       -1.589900016784668
   8.587999939918518E-001
   9.315000176429749E-001
  -5.102000236511231E-001
   9.714000225067139E-001
  -6.571000218391419E-001
  -8.676000237464905E-001
       -2.312999963760376
       -1.184000015258789
       -1.867599964141846
       -1.446200013160706
       -1.238000035285950
       -2.842900037765503
       -2.712699890136719
  -9.678000211715698E-001
       -1.938500046730042
       -1.714400053024292
   8.039999753236771E-002
   3.964999914169312E-001
   3.406000137329102E-001
   8.248999714851379E-001
        4.051700115203857
        6.220799922943115
        6.655900001525879
        7.043200016021729
        8.107799530029297
        7.879099845886231
        5.357900142669678
        5.652900218963623
        5.596600055694580
        5.475599765777588
        3.459700107574463
        3.702399969100952
        1.681300044059753
   7.547000050544739E-001
        1.745900034904480
  -4.384000003337860E-001
  -4.733999967575073E-001
   1.492000073194504E-001
   3.282000124454498E-001
        1.223000049591065
  -3.089999966323376E-002
       -2.580800056457520
       -1.536999940872192
   1.288000047206879E-001
        1.109300017356873
  -7.440000027418137E-002
       -3.241499900817871
       -3.142299890518189
       -3.775700092315674
       -2.953399896621704
  -8.798999786376953E-001
       -1.194000005722046
       -1.269500017166138
       -1.225000023841858
  -6.143000125885010E-001
  -8.985999822616577E-001
       -1.568300008773804
  -2.991000115871429E-001
       -1.180400013923645
   1.049999967217445E-001
        1.212900042533875
   5.950000137090683E-002
  -9.948999881744385E-001
   6.279999762773514E-002
   6.887999773025513E-001
   1.394000053405762E-001
       -1.416700005531311
       -3.255500078201294
       -3.221299886703491
  -7.868000268936157E-001
  -2.705000042915344E-001
       -1.926599979400635
       -2.192899942398071
       -2.400300025939941
       -2.860500097274780
  -7.014999985694885E-001
       -1.211400032043457
       -1.254500031471252
        1.212200045585632
        1.033699989318848
        4.259799957275391
        2.777100086212158
        4.580999851226807
        9.156000137329102
        8.348400115966797
        7.320700168609619
        4.627799987792969
        5.042399883270264
        4.559899806976318
        3.164000034332275
        2.476099967956543
        2.171600103378296
        1.040899991989136
   7.511000037193298E-001
        2.071300029754639
       -1.391499996185303
   5.982999801635742E-001
   9.981999993324280E-001
        1.455299973487854
        1.432299971580505
        1.060899972915649
       -1.530500054359436
  -4.474999904632568E-001
   9.562000036239624E-001
        2.141400098800659
        1.432299971580505
       -2.697700023651123
       -4.030600070953369
       -5.982999801635742
       -4.578499794006348
       -3.559600114822388
       -1.948899984359741
       -2.882800102233887
       -1.030300021171570
  -8.159999847412109E-001
   2.345999926328659E-001
   3.510000184178352E-002
   2.028000056743622E-001
  -6.129000186920166E-001
        1.228899955749512
        1.351500034332275
        1.514600038528442
   4.429999887943268E-001
  -2.486000061035156E-001
       -1.209599971771240
       -2.269799947738648
       -2.719599962234497
       -2.988300085067749
       -1.471099972724915
       -1.722599983215332
       -1.140400052070618
       -1.909399986267090
       -3.520400047302246
       -3.595200061798096
       -3.755300045013428
  -7.444999814033508E-001
       -1.395099997520447
       -1.241099953651428
        1.052700042724609
   2.109999954700470E-002
        1.731299996376038
        3.366499900817871
        6.324100017547607
        6.656199932098389
        6.224899768829346
        6.981900215148926
        3.553499937057495
        3.085599899291992
        2.266999959945679
        3.948199987411499
        2.415400028228760
        1.918599963188171
   4.896999895572662E-001
   1.527999937534332E-001
   9.492999911308289E-001
       -1.685500025749207
  -9.272999763488770E-001
   9.629999995231628E-001
  -2.520999908447266E-001
   1.468999981880188E-001
   1.395000070333481E-001
  -2.223999947309494E-001
   9.405000209808350E-001
        1.554700016975403
        2.346699953079224
   8.594999909400940E-001
       -1.120700001716614
       -4.162600040435791
       -5.769400119781494
       -3.744499921798706
       -3.932699918746948
       -2.943900108337402
       -4.950399875640869
       -3.407099962234497
       -1.665400028228760
  -5.417000055313110E-001
        1.065600037574768
   2.154999971389771E-001
   2.937000095844269E-001
  -6.449999809265137E-001
        1.608999967575073
   4.172999858856201E-001
       -1.151399970054627
       -2.663800001144409
       -4.309899806976318
       -4.409100055694580
       -3.728300094604492
       -2.061800003051758
  -5.220999717712402E-001
       -2.259900093078613
       -4.700600147247315
       -4.410900115966797
       -4.566599845886231
       -4.506899833679199
       -3.950599908828735
       -3.037400007247925
       -1.780400037765503
  -6.381000280380249E-001
   4.158999919891357E-001
        1.063500046730042
        2.508899927139282
        3.884999990463257
        3.956799983978272
        4.049699783325195
        5.716000080108643
        4.021100044250488
        1.677099943161011
   7.505999803543091E-001
        2.887500047683716
        3.612299919128418
        3.669699907302856
        2.831799983978272
  -5.562000274658203E-001
  -4.092000126838684E-001
       -1.229699969291687
       -1.648599982261658
       -1.789199948310852
   4.553000032901764E-001
  -5.508999824523926E-001
       -1.331599950790405
  -2.964999973773956E-001
  -4.790000021457672E-001
        2.385699987411499
  -1.313000023365021E-001
  -9.290000051259995E-002
       -1.190700054168701
       -1.953999996185303
       -2.218899965286255
       -1.504299998283386
       -2.879100084304810
       -2.741800069808960
       -4.242800235748291
       -3.354399919509888
       -4.034999847412109
       -4.394999980926514
       -3.348999977111816
  -2.883000075817108E-001
  -6.664000153541565E-001
   1.659000068902969E-001
   3.025000095367432E-001
   9.725000262260437E-001
       -1.177000045776367
       -2.450299978256226
       -2.572599887847900
       -3.661799907684326
       -2.985599994659424
       -1.283200025558472
       -1.511700034141541
       -2.986399888992310
       -3.470599889755249
       -4.230500221252441
       -3.686899900436401
       -4.817699909210205
       -3.536200046539307
       -3.145699977874756
       -3.557499885559082
  -9.499999880790710E-001
   2.205999940633774E-001
  -4.521999955177307E-001
  -4.866999983787537E-001
        2.411400079727173
        2.584599971771240
        3.073400020599365
        2.209199905395508
        3.843300104141235
        3.102299928665161
        1.713999986648560
        2.812700033187866
        4.139900207519531
        2.151900053024292
   7.113999724388123E-001
        1.991099953651428
   4.618999958038330E-001
   3.713999986648560E-001
  -2.127999961376190E-001
       -2.658999919891357
       -1.663100004196167
       -1.562299966812134
       -2.117000102996826
       -3.050800085067749
   4.850000143051148E-001
       -1.201400041580200
   6.535999774932861E-001
        1.996399998664856
   3.634000122547150E-001
  -5.893999934196472E-001
  -5.214999914169312E-001
        1.256199955940247
        1.162500023841858
       -1.081200003623962
       -3.721400022506714
       -5.372099876403809
       -3.667299985885620
       -3.057100057601929
       -3.604899883270264
       -3.558399915695190
       -1.325199961662293
        1.873399972915649
   5.659999847412109E-001
  -1.676000058650971E-001
  -6.312000155448914E-001
       -1.877200007438660
       -2.914799928665161
       -2.743099927902222
       -2.000200033187866
       -2.711100101470947
       -3.372100114822388
   4.126000106334686E-001
       -2.194799900054932
       -2.805299997329712
       -5.785799980163574
       -5.785399913787842
       -5.074399948120117
       -4.798299789428711
       -3.969700098037720
       -4.125100135803223
  -2.833999991416931E-001
   7.324000000953674E-001
   3.366000056266785E-001
        1.457700014114380
        1.878800034523010
        2.720299959182739
        4.462699890136719
        3.836400032043457
        1.425899982452393
        1.859599947929382
   1.272999942302704E-001
        3.415499925613403
        5.162600040435791
        4.433800220489502
        4.118800163269043
        2.167000055313110
        1.917700052261353
   5.713999867439270E-001
  -9.535999894142151E-001
       -1.562600016593933
       -1.193500041961670
       -1.496199965476990
       -2.275500059127808
       -3.458499908447266
       -2.465600013732910
  -6.478999853134155E-001
   4.060000181198120E-002
   6.912999749183655E-001
        1.887599945068359
        2.411700010299683
        2.070399999618530
        2.062799930572510
        2.608099937438965
        2.072799921035767
       -2.572599887847900
       -2.265100002288818
       -3.195800065994263
       -2.472700119018555
       -2.463500022888184
       -2.010099887847900
       -1.461300015449524
        2.020699977874756
   9.391000270843506E-001
   8.736000061035156E-001
       -1.412700057029724
  -8.274000287055969E-001
       -1.706300020217896
       -1.705999970436096
   2.912999987602234E-001
   2.769999951124191E-002
       -1.320500016212463
  -8.999000191688538E-001
       -1.316300034523010
       -2.277299880981445
       -3.090699911117554
       -2.684600114822388
       -2.445600032806397
       -3.791100025177002
       -2.346899986267090
       -1.168900012969971
  -3.122000098228455E-001
  -2.946999967098236E-001
   5.806000232696533E-001
        1.601400017738342
        1.156999945640564
        3.856600046157837
        3.730400085449219
        4.190199851989746
        1.764600038528442
        2.443599939346314
        3.188800096511841
        3.245500087738037
        3.480499982833862
        5.372700214385986
        4.179500102996826
        3.094899892807007
        1.550899982452393
   9.372000098228455E-001
  -2.248000055551529E-001
       -1.273000001907349
  -6.741999983787537E-001
  -9.146999716758728E-001
  -7.282000184059143E-001
       -2.481100082397461
       -2.076499938964844
   3.095000088214874E-001
   5.090000033378601E-001
        1.151100039482117
        3.319999933242798
        2.362900018692017
        2.158400058746338
        2.690000057220459
        2.683399915695190
        2.136399984359741
   5.468000173568726E-001
        1.282500028610230
  -3.289999961853027E-001
        1.540500044822693
  -5.616999864578247E-001
        1.248499989509583
   4.699999839067459E-002
        2.972100019454956
        2.780600070953369
        3.016499996185303
   3.966000080108643E-001
       -1.245100021362305
  -2.448000013828278E-001
   8.269999921321869E-002
        2.013700008392334
        2.593899965286255
   5.292999744415283E-001
  -1.819999963045120E-001
       -1.786100029945374
       -2.739099979400635
       -3.686100006103516
       -3.731899976730347
       -5.130599975585938
       -2.630199909210205
   1.425999999046326E-001
   1.560000032186508E-001
  -1.044000014662743E-001
  -2.199999988079071E-002
   9.085999727249146E-001
        2.329400062561035
        3.223799943923950
        4.375899791717529
        2.937299966812134
        1.993000030517578
        2.717700004577637
   5.209000110626221E-001
        1.891999959945679
        3.109299898147583
        3.866699934005737
        3.348999977111816
        3.976000070571899
        3.506000041961670
        2.090899944305420
  -3.991000056266785E-001
       -1.230599999427795
   6.381000280380249E-001
  -7.382000088691711E-001
       -1.359200000762940
   2.260999977588654E-001
  -9.998000264167786E-001
   4.419000148773193E-001
   2.000000029802322E-001
        1.251199960708618
        1.932399988174439
   4.524999856948853E-001
   4.805000126361847E-001
   4.794000089168549E-001
        2.529599905014038
        3.576400041580200
        3.191099882125855
        2.879100084304810
        2.510499954223633
        1.925099968910217
        3.506599903106690
        2.332200050354004
        2.003900051116943
        2.397900104522705
        1.240200042724609
        1.990900039672852
        3.436199903488159
        3.092600107192993
        1.036900043487549
        1.018599987030029
        1.479699969291687
   9.664999842643738E-001
        1.700399994850159
        1.136299967765808
   9.989999979734421E-002
       -2.318900108337402
       -2.825500011444092
       -3.355999946594238
       -5.423699855804443
       -4.109799861907959
       -3.553999900817871
  -9.427000284194946E-001
       -1.594300031661987
        1.194000005722046
   4.411999881267548E-001
        1.196900010108948
        2.174299955368042
        3.991899967193604
        4.165299892425537
        2.953500032424927
        1.716899991035461
        1.093000054359436
       -1.032500028610230
        2.394099950790405
        3.687200069427490
        3.317699909210205
        2.287600040435791
  -6.366000175476074E-001
        1.597499966621399
   8.698999881744385E-001
       -1.086599946022034
  -9.381999969482422E-001
   6.643000245094299E-001
   7.476999759674072E-001
       -1.016999959945679
  -6.168000102043152E-001
       -1.463600039482117
        2.036900043487549
   8.529999852180481E-001
        3.692899942398071
        2.715500116348267
        1.505499958992004
        1.390900015830994
        1.369500041007996
        3.397900104522705
        4.146699905395508
        4.648700237274170
        2.415800094604492
        1.776600003242493
        1.929700016975403
        2.919800043106079
        2.995300054550171
        3.015899896621704
        1.851899981498718
        1.118299961090088
        1.497400045394898
        1.547999978065491
        3.675400018692017
        2.567300081253052
   3.600000143051148E-001
  -3.483000099658966E-001
   6.672000288963318E-001
   1.521999984979630E-001
  -1.909999996423721E-001
       -1.636999964714050
       -3.082600116729736
       -3.866800069808960
       -2.574599981307983
       -5.693900108337402
       -4.920800209045410
       -3.568099975585938
  -8.090000152587891E-001
  -4.691999852657318E-001
  -7.192000150680542E-001
        2.637099981307983
        1.521499991416931
        2.884200096130371
        4.577099800109863
        3.844599962234497
        3.534199953079224
   9.097999930381775E-001
        1.776800036430359
  -8.633000254631043E-001
        1.653300046920776
        2.794500112533569
        3.335700035095215
        1.802700042724609
   1.791999936103821E-001
   8.295000195503235E-001
  -8.202999830245972E-001
       -1.281000018119812
       -2.103100061416626
   6.911000013351440E-001
  -1.764999926090241E-001
  -7.865999937057495E-001
  -4.580000042915344E-001
  -3.697000145912170E-001
        2.256400108337402
        3.972800016403198
        3.219599962234497
        2.117100000381470
        2.928699970245361
        1.053699970245361
   6.625000238418579E-001
        1.139400005340576
        3.129499912261963
        5.205299854278565
        4.912499904632568
        3.551500082015991
   9.672999978065491E-001
        2.135999917984009
        1.845299959182739
        3.374500036239624
   9.376000165939331E-001
        1.748200058937073
        1.672199964523315
        2.642400026321411
        5.242700099945068
        1.692000031471252
  -7.703999876976013E-001
       -1.557899951934815
       -2.075900077819824
       -2.195699930191040
       -4.072800159454346
       -2.991699934005737
       -3.621700048446655
       -2.705800056457520
       -3.149199962615967
       -3.885999917984009
       -2.935400009155273
       -2.106499910354614
   2.939999997615814E-001
   5.461000204086304E-001
   9.850999712944031E-001
        1.439200043678284
        2.125999927520752
        2.846499919891357
        4.208300113677979
        4.710700035095215
        3.648799896240234
        2.612400054931641
        1.777400016784668
  -1.230000033974648E-001
        1.252200007438660
        3.005300045013428
        1.274199962615967
        1.625900030136108
   3.179000020027161E-001
        1.879099965095520
  -4.722999930381775E-001
       -1.916399955749512
       -3.742500066757202
        1.812700033187866
       -1.248499989509583
   1.177999973297119E-001
   2.831999957561493E-001
        1.690000057220459
        1.338799953460693
        3.079900026321411
        2.854199886322022
        2.375499963760376
        1.863899946212769
  -9.260000288486481E-002
  -2.962999939918518E-001
   4.830999970436096E-001
        2.521100044250488
        3.674999952316284
        4.273099899291992
        1.701900005340576
  -6.187000274658203E-001
  -1.234999969601631E-001
        1.903599977493286
  -3.050000034272671E-002
        1.499799966812134
  -8.125000000000000E-001
  -6.319999694824219E-002
  -7.743999958038330E-001
        2.005899906158447
   5.027999877929688E-001
       -1.964300036430359
   2.730000019073486E-002
  -5.770999789237976E-001
   1.518999934196472E-001
       -3.604599952697754
       -3.772000074386597
       -4.515100002288818
       -2.878999948501587
       -3.922100067138672
       -3.111200094223023
       -2.796999931335449
       -3.136100053787231
       -2.197400093078613
   2.486999928951263E-001
        2.010699987411499
        2.827100038528442
        1.583199977874756
        2.067800045013428
        3.522200107574463
        4.410500049591065
        3.892499923706055
        2.879699945449829
   3.768999874591827E-001
   1.632999926805496E-001
  -8.539999723434448E-001
   9.151999950408936E-001
        1.318199992179871
   5.497999787330627E-001
       -1.083699941635132
  -5.764999985694885E-001
       -1.887500047683716
       -3.119299888610840
       -3.755800008773804
       -1.139199972152710
  -9.836000204086304E-001
  -5.849999934434891E-002
   1.309999972581863E-001
   3.287999927997589E-001
        1.385499954223633
        3.374900102615356
        4.336599826812744
        2.590600013732910
        2.767999887466431
   8.386999964714050E-001
  -7.100999951362610E-001
        1.047199964523315
        2.581399917602539
        1.622900009155273
        2.553499937057495
        1.645699977874756
   9.506999850273132E-001
  -9.573000073432922E-001
   8.906000256538391E-001
       -1.001999974250794
  -2.215999960899353E-001
       -1.351600050926209
       -1.409999966621399
  -6.960000097751617E-002
  -3.609000146389008E-001
        1.303300023078919
   4.859000146389008E-001
  -7.940999865531921E-001
  -8.240000009536743E-001
       -1.165300011634827
  -8.246999979019165E-001
       -2.374000072479248
       -1.963400006294251
       -1.316699981689453
       -2.210200071334839
  -4.697000086307526E-001
       -1.722499966621399
       -2.748699903488159
  -6.456000208854675E-001
        1.883000016212463
        1.950700044631958
        3.242700099945068
        2.089200019836426
        1.827299952507019
        4.007199764251709
        2.144999980926514
   8.339999914169312E-001
   8.316000103950501E-001
        1.993600010871887
        1.300999999046326
   8.608999848365784E-001
  -3.199999919161201E-003
   8.637999892234802E-001
  -1.360000018030405E-002
       -3.765700101852417
       -3.199399948120117
       -2.350699901580811
       -3.751899957656860
       -1.956900000572205
  -5.224000215530396E-001
  -2.265000045299530E-001
   8.636999726295471E-001
        1.544499993324280
        1.210299968719482
        1.760699987411499
        2.257400035858154
        2.780699968338013
        3.296799898147583
        3.106400012969971
        1.280099987983704
   9.495999813079834E-001
        1.201300024986267
        1.286700010299683
   9.014999866485596E-001
        2.782999992370606
   7.415999770164490E-001
   4.623999893665314E-001
   5.820999741554260E-001
       -1.404399991035461
       -1.628399968147278
   7.433999776840210E-001
        1.206200003623962
  -6.692000031471252E-001
  -4.711999893188477E-001
   8.070000261068344E-002
       -1.189900040626526
   1.473000049591065E-001
       -1.123999953269959
       -2.278500080108643
       -2.633899927139282
       -2.942500114440918
       -2.487400054931641
       -2.409600019454956
  -1.828999966382980E-001
  -2.702000141143799E-001
  -2.379000037908554E-001
  -1.968999952077866E-001
        1.189200043678284
   2.659999951720238E-002
        2.473900079727173
        1.904299974441528
        4.126500129699707
        1.445999979972839
        3.442699909210205
        2.658400058746338
        1.286000013351440
   2.944999933242798E-001
   2.707000076770783E-001
        1.540500044822693
        1.393200039863586
   6.818000078201294E-001
  -4.470000043511391E-002
   5.480999946594238E-001
       -1.257699966430664
       -2.246999979019165
       -1.834699988365173
       -3.387099981307983
       -2.470799922943115
       -2.346800088882446
        1.180500030517578
        1.597699999809265
        1.564499974250794
        3.972599983215332
        3.000799894332886
        3.600399971008301
        1.762400031089783
        4.280399799346924
        3.993499994277954
        3.494100093841553
        1.825799942016602
        1.445999979972839
        1.831099987030029
        1.694900035858154
        1.828299999237061
        2.011399984359741
        1.630900025367737
        1.029999971389771
   8.802000284194946E-001
       -1.625900030136108
       -1.413800001144409
       -1.307299971580505
   7.591000199317932E-001
  -7.540000230073929E-002
   3.370000123977661E-001
  -3.574000000953674E-001
       -1.925099968910217
   3.321999907493591E-001
       -1.669100046157837
       -1.813400030136108
       -1.552999973297119
       -1.791399955749512
       -2.821000099182129
       -2.890599966049194
        1.249500036239624
   7.602999806404114E-001
       -1.188300013542175
  -2.800999879837036E-001
   4.535999894142151E-001
        1.738899946212769
        3.925899982452393
        4.241799831390381
        5.646599769592285
        3.568799972534180
        3.400799989700317
        1.210500001907349
  -1.114000007510185E-001
  -6.080999970436096E-001
   5.023000240325928E-001
        2.544600009918213
        1.453600049018860
  -1.938000023365021E-001
   2.626999914646149E-001
   8.855000138282776E-001
       -1.463700056076050
       -1.428500056266785
       -1.601999998092651
       -1.370900034904480
       -1.394099950790405
       -1.615100026130676
   3.136000037193298E-001
   3.971999883651733E-001
   4.862000048160553E-001
        2.971899986267090
        2.868400096893311
        4.082699775695801
        4.333799839019775
        2.713200092315674
        4.709099769592285
        3.987699985504150
        3.127500057220459
        2.528899908065796
        1.397099971771240
        1.257300019264221
   8.148999810218811E-001
        1.089100003242493
   5.813999772071838E-001
       -1.429499983787537
       -1.079599976539612
   6.226999759674072E-001
   1.732999980449677E-001
  -9.259999990463257E-001
       -1.136199951171875
   6.715999841690064E-001
   1.906999945640564E-001
   6.776999831199646E-001
       -1.806599974632263
       -2.393399953842163
       -2.552000045776367
       -2.042799949645996
       -2.133100032806397
  -8.682000041007996E-001
       -2.741899967193604
       -1.639600038528442
  -3.070999979972839E-001
   4.059999883174896E-001
        1.275400042533875
        1.453199982643127
        1.641800045967102
        2.740099906921387
        1.785099983215332
        2.834300041198731
        3.302700042724609
        2.712199926376343
        3.023999929428101
   1.322000026702881E-001
   7.297999858856201E-001
   7.800999879837036E-001
        2.894500017166138
        2.732800006866455
        1.256299972534180
        2.467299938201904
        2.900199890136719
        2.766099929809570
        1.305799961090088
       -1.550500035285950
  -4.217000007629395E-001
   6.520000100135803E-002
       -1.511899948120117
       -2.254699945449829
   1.189000010490418E-001
       -1.972800016403198
        1.220700025558472
        1.262099981307983
        1.015499949455261
        2.272000074386597
        3.302000045776367
        3.055399894714356
        4.753799915313721
        4.227700233459473
        3.478100061416626
        3.416100025177002
        3.077800035476685
        1.430600047111511
        1.123499989509583
   9.232000112533569E-001
  -4.320999979972839E-001
       -1.187000036239624
       -1.811599969863892
   4.129999876022339E-001
  -1.897999942302704E-001
        1.870800018310547
   6.478999853134155E-001
        2.552999973297119
        1.841799974441528
        2.035599946975708
   3.359999954700470E-001
       -1.905799984931946
       -4.114900112152100
       -3.223900079727173
       -2.388200044631958
       -1.430099964141846
       -2.496400117874146
       -1.179999947547913
   1.650999933481216E-001
       -1.126500010490418
   3.567000031471252E-001
   1.719000041484833E-001
        1.220399975776672
        2.156800031661987
        2.156399965286255
        1.043400049209595
   6.664000153541565E-001
        3.181299924850464
        3.754100084304810
        2.676899909973145
        1.098700046539307
        1.659800052642822
        2.822599887847900
        2.653500080108643
        1.372099995613098
        2.092499971389771
        3.252300024032593
        1.956500053405762
        3.378200054168701
        3.000000000000000
   1.649999991059303E-002
   1.709000021219254E-001
       -1.716500043869019
       -2.766700029373169
   3.858999907970429E-001
       -1.011199951171875
   9.007999897003174E-001
        2.213099956512451
        2.251300096511841
        4.630799770355225
        5.493299961090088
        3.299799919128418
        3.127799987792969
        3.295000076293945
        3.012500047683716
        2.717499971389771
        2.556999921798706
        1.287700057029724
        1.700299978256226
        1.853600025177002
   6.076999902725220E-001
       -1.170500040054321
  -4.704000055789948E-001
   5.684999823570252E-001
        1.031599998474121
   5.346999764442444E-001
   2.748999893665314E-001
   6.530000269412994E-002
        1.540300011634827
        1.194900035858154
   8.604999780654907E-001
        2.413700103759766
  -1.960999965667725E-001
       -1.976600050926209
       -1.881299972534180
       -2.588299989700317
       -2.506400108337402
  -7.645000219345093E-001
  -4.934000074863434E-001
  -9.757999777793884E-001
       -2.456199884414673
       -1.552600026130676
        1.725200057029724
        1.203500032424927
   4.555000066757202E-001
        1.231099963188171
        3.191999912261963
        1.559399962425232
        2.138799905776978
        2.604899883270264
        1.401999950408936
        2.283900022506714
        1.042199969291687
        1.746199965476990
        1.794899940490723
        3.631700038909912
        3.768500089645386
        3.886100053787231
        2.260200023651123
        2.476099967956543
   6.201999783515930E-001
  -8.923000097274780E-001
  -9.711999893188477E-001
  -8.996999859809876E-001
        2.950999975204468
        1.847599983215332
        2.980600118637085
        3.902400016784668
        4.313300132751465
        3.850300073623657
        4.065400123596191
        3.627199888229370
        3.246400117874146
        1.490399956703186
        3.072099924087524
        1.264099955558777
        2.660300016403198
        2.131599903106690
        1.577800035476685
        3.484800100326538
        3.393399953842163
        2.162100076675415
   9.728999733924866E-001
   9.674000144004822E-001
        1.078699946403503
   2.845999896526337E-001
        1.497900009155273
        1.445399999618530
   9.911000132560730E-001
        2.910099983215332
        2.504699945449829
        3.068200111389160
   6.065999865531921E-001
   5.514000058174133E-001
       -1.735399961471558
       -3.564199924468994
       -1.558500051498413
       -1.783200025558472
  -9.132000207901001E-001
  -6.467000246047974E-001
       -1.860900044441223
       -1.048200011253357
        1.827399969100952
   7.354999780654907E-001
        1.216599941253662
        1.049000024795532
        1.779700040817261
        1.860900044441223
        1.568099975585938
        1.233800053596497
   9.901999831199646E-001
        1.709800004959106
        1.744199991226196
  -4.562999904155731E-001
        2.359699964523315
        3.009000062942505
        4.045499801635742
        4.218900203704834
        2.721899986267090
        2.473200082778931
        2.960900068283081
   3.531999886035919E-001
       -1.940700054168701
       -2.205899953842163
        2.192699909210205
   2.769999951124191E-002
        2.705800056457520
        5.311500072479248
        4.419000148773193
        2.955600023269653
        2.488399982452393
        2.080499887466431
        1.653399944305420
        1.120900034904480
        1.857300043106079
        3.020999908447266
        3.834700107574463
        4.023499965667725
        1.759799957275391
        3.278899908065796
        3.545000076293945
        1.055899977684021
   9.556999802589417E-001
   9.678000211715698E-001
        1.243199944496155
       -1.672199964523315
  -7.300000172108412E-003
        3.165899991989136
        2.710400104522705
        4.811200141906738
        4.382100105285645
        1.664299964904785
        2.391599893569946
   1.361999958753586E-001
  -8.133000135421753E-001
       -3.533799886703491
       -3.421900033950806
       -2.103300094604492
  -9.409999847412109E-001
  -6.639999896287918E-002
       -1.296200037002564
       -1.554499983787537
   4.842999875545502E-001
  -3.657999932765961E-001
   2.471999973058701E-001
        2.267699956893921
        3.401400089263916
        1.779600024223328
   6.218000054359436E-001
        1.672199964523315
        2.564699888229370
   7.818999886512756E-001
  -6.753000020980835E-001
   1.190999969840050E-001
   8.730999827384949E-001
        1.834499955177307
        2.575999975204468
        2.700700044631958
        3.029700040817261
        1.769799947738648
   8.162000179290772E-001
   8.154000043869019E-001
  -4.185999929904938E-001
  -1.233000010251999E-001
        4.712299823760986
        1.833899974822998
        3.214099884033203
        4.966599941253662
        2.990200042724609
        2.425100088119507
        2.594799995422363
  -4.907999932765961E-001
  -4.729000031948090E-001
  -6.955000162124634E-001
        1.635100007057190
        1.488700032234192
        2.757999897003174
        2.532799959182739
        3.047399997711182
        2.252899885177612
        3.130100011825562
        1.466699957847595
        1.445700049400330
        2.290100097656250
        1.925400018692017
        1.452999949455261
        1.610299944877625
        3.827899932861328
        3.258199930191040
        5.277299880981445
        4.067399978637695
        2.283799886703491
        2.680999994277954
  -5.119999870657921E-002
   2.569999992847443E-001
       -1.598399996757507
       -1.881100058555603
       -1.659600019454956
       -1.175099968910217
        1.870700001716614
  -4.776000082492828E-001
   6.657999753952026E-001
   8.623999953269959E-001
   5.260999798774719E-001
  -2.216999977827072E-001
   5.561000108718872E-001
   6.419999897480011E-002
   7.020999789237976E-001
        1.295199990272522
        2.154599905014038
        3.378400087356567
        1.600399971008301
        2.197099924087524
        1.094599962234497
   5.008999705314636E-001
        2.086199998855591
        2.727200031280518
        4.038499832153320
        3.864300012588501
        3.921099901199341
        1.627200007438660
        2.209300041198731
   5.350999832153320E-001
       -1.179200053215027
        1.262099981307983
        1.832800030708313
   8.791999816894531E-001
        2.134299993515015
        4.193500041961670
        2.658400058746338
        1.273900032043457
  -4.842999875545502E-001
  -9.143000245094299E-001
       -1.106099963188171
  -3.718000054359436E-001
   6.010000109672546E-001
        1.266700029373169
        3.397000074386597
        2.545000076293945
        1.907899975776672
        1.853399991989136
        2.414799928665161
        1.790300011634827
        3.249599933624268
        2.963099956512451
        2.232100009918213
        2.445199966430664
        2.871799945831299
        2.862299919128418
        3.746999979019165
        2.765799999237061
        3.059400081634522
        1.452100038528442
        1.140400052070618
        1.201200008392334
       -1.926599979400635
       -1.091899991035461
  -8.769999742507935E-001
       -1.779299974441528
        1.304600000381470
        2.657799959182739
   9.358999729156494E-001
  -6.015999913215637E-001
  -2.099999934434891E-001
        1.171300053596497
        1.079900026321411
   2.055000066757202E-001
   3.040000051259995E-002
        1.792199969291687
        1.459100008010864
        2.130500078201294
        3.046000003814697
        1.125900030136108
   4.785000085830689E-001
        1.028900027275085
        1.422799944877625
        1.998800039291382
        4.287300109863281
        2.583499908447266
        4.491099834442139
        2.368000030517578
        2.482199907302856
   4.607000052928925E-001
  -7.325999736785889E-001
   8.019999861717224E-001
        1.788699984550476
        2.858599901199341
        2.913599967956543
        2.995500087738037
        1.597300052642822
  -9.276000261306763E-001
  -1.483999937772751E-001
       -2.389899969100952
       -1.108500003814697
  -9.214000105857849E-001
   7.365000247955322E-001
        1.734099984169006
        3.995500087738037
   8.023999929428101E-001
        1.138700008392334
   2.962999939918518E-001
   7.894999980926514E-001
        1.738999962806702
        2.383500099182129
        2.309099912643433
        1.153699994087219
   3.743000030517578E-001
        2.665299892425537
        3.398699998855591
        2.630100011825562
        1.020599961280823
        2.803499937057495
        2.549999952316284
        1.764400005340576
   1.252000033855438E-001
       -1.903900027275085
  -6.146000027656555E-001
        1.142300009727478
       -1.279199957847595
  -4.569999873638153E-001
   4.404999911785126E-001
   4.009999930858612E-001
  -4.176000058650971E-001
       -1.757200002670288
   5.917999744415283E-001
        1.855499982833862
  -4.370000064373016E-001
  -8.314999938011169E-001
        1.743399977684021
        1.417500019073486
        1.449900031089783
        4.392099857330322
        2.070800065994263
        1.008900046348572
   6.805999875068665E-001
        1.519500017166138
        2.447900056838989
        3.235100030899048
        1.588199973106384
        1.274700045585632
        3.107899904251099
        1.563400030136108
        1.437299966812134
   7.236999869346619E-001
   4.174000024795532E-001
   5.102999806404114E-001
        3.578700065612793
        3.851300001144409
        2.499099969863892
   3.998999893665314E-001
       -1.320999979972839
   8.136000037193298E-001
       -1.350200057029724
       -2.134399890899658
       -1.818400025367737
   3.258000016212463E-001
        2.561100006103516
        1.366899967193604
  -3.463000059127808E-001
        1.858299970626831
        1.874300003051758
   6.414999961853027E-001
   2.705000042915344E-001
        1.330700039863586
        3.042999982833862
        1.894199967384338
        1.822199940681458
        2.112900018692017
        1.435199975967407
        1.256199955940247
        1.682999968528748
        1.256600022315979
   8.783000111579895E-001
        1.117799997329712
  -4.652000069618225E-001
  -8.025000095367432E-001
   5.505999922752380E-001
   4.262999892234802E-001
       -1.876600027084351
  -3.470999896526337E-001
       -1.650300025939941
  -5.672000050544739E-001
   7.154999971389771E-001
   8.977000117301941E-001
        1.630200028419495
   8.112999796867371E-001
  -9.164999723434448E-001
   2.808000147342682E-001
   8.303999900817871E-001
        1.553200006484985
        3.008599996566773
        4.252999782562256
        1.906800031661987
        1.352800011634827
        2.650199890136719
        2.484499931335449
        2.694600105285645
        1.600800037384033
        2.585000038146973
        2.600500106811523
        2.752000093460083
   8.705999851226807E-001
        1.806699991226196
   6.464999914169312E-001
        2.433799982070923
   8.421000242233276E-001
        1.192100048065186
        1.552999973297119
   8.644000291824341E-001
  -1.140000019222498E-002
   1.106999963521957E-001
  -2.160000056028366E-002
   3.449999913573265E-002
       -2.417200088500977
       -2.512399911880493
   2.113000005483627E-001
  -2.720000036060810E-002
   6.175000071525574E-001
  -8.780999779701233E-001
        1.778900027275085
   5.150000005960465E-002
  -5.429999902844429E-002
       -1.150200009346008
        2.105900049209595
        2.063400030136108
        1.689499974250794
        1.989300012588501
        2.366600036621094
   3.382000029087067E-001
       -2.111099958419800
   7.296000123023987E-001
  -6.521999835968018E-001
  -3.513000011444092E-001
  -3.106000125408173E-001
       -1.071499943733215
  -6.078000068664551E-001
   4.912999868392944E-001
   6.276000142097473E-001
  -7.408999800682068E-001
       -1.789700031280518
       -1.324100017547607
       -1.758200049400330
   2.788000106811523E-001
   4.837000072002411E-001
        1.871199965476990
   9.968000054359436E-001
   2.277999967336655E-001
   7.384999990463257E-001
   7.200000286102295E-001
        2.190599918365479
        1.269199967384338
        4.454199790954590
        2.965199947357178
        2.446399927139282
        1.131999969482422
   4.332999885082245E-001
  -1.040000002831221E-002
   4.275000095367432E-001
        2.981699943542481
        2.717999935150147
        3.743400096893311
        1.873299956321716
        1.601699948310852
        2.681900024414063
        2.109499931335449
        2.403500080108643
   5.709000229835510E-001
   5.469999834895134E-002
  -4.169999957084656E-001
        1.907099962234497
   6.708999872207642E-001
   9.384999871253967E-001
       -1.976699948310852
       -2.492000102996826
       -4.616499900817871
       -3.655999898910523
  -3.037999868392944E-001
       -1.592000007629395
       -2.097500085830689
       -1.055199980735779
       -1.856899976730347
       -1.299299955368042
  -8.648999929428101E-001
   9.279999881982803E-002
        1.119899988174439
        1.386199951171875
        1.669999957084656
        2.342700004577637
  -2.971999943256378E-001
  -9.850999712944031E-001
  -3.620000183582306E-002
  -2.689000070095062E-001
  -4.916000068187714E-001
        1.222000002861023
  -1.199999973177910E-001
   9.799999743700028E-002
       -1.695999979972839
       -3.278899908065796
       -3.696700096130371
       -3.041699886322022
       -2.056200027465820
       -2.551300048828125
       -1.082399964332581
       -1.037500023841858
        1.736700057983398
        3.075400114059448
        3.735100030899048
        1.133100032806397
   8.596000075340271E-001
   4.821999967098236E-001
  -4.246000051498413E-001
        3.031899929046631
        1.371500015258789
        1.777799963951111
   8.495000004768372E-001
   6.195999979972839E-001
   7.286000251770020E-001
        2.500799894332886
        2.358999967575073
        4.402500152587891
        4.071800231933594
   2.709000110626221E-001
   5.842999815940857E-001
   8.417000174522400E-001
        1.738399982452393
        1.637500047683716
   9.686999917030335E-001
   3.862999975681305E-001
        1.940000057220459
        1.116799950599670
   2.815000116825104E-001
       -1.312199950218201
       -3.246900081634522
       -2.722800016403198
       -1.532199978828430
       -1.938099980354309
       -1.894700050354004
       -1.408900022506714
       -2.815999984741211
       -1.539000034332275
  -9.656999707221985E-001
       -1.977399945259094
       -2.927500009536743
  -5.067999958992004E-001
       -1.092499971389771
        1.967000007629395
   6.893000006675720E-001
        1.618100047111511
        1.371999979019165
  -3.671999871730804E-001
  -5.335000157356262E-001
  -2.093999981880188E-001
  -1.862999945878983E-001
        1.130100011825562
   4.047999978065491E-001
  -2.723000049591065E-001
       -2.252799987792969
       -2.793900012969971
       -4.107900142669678
       -3.326499938964844
       -1.578799962997437
       -2.147799968719482
  -9.496999979019165E-001
   4.650999903678894E-001
        1.498800039291382
        1.440299987792969
        3.273600101470947
   7.850999832153320E-001
   1.035000011324883E-001
       -1.427800059318543
       -2.871799945831299
   4.442000091075897E-001
        2.172100067138672
  -4.501999914646149E-001
  -5.486999750137329E-001
  -7.123000025749207E-001
   6.150000095367432E-001
        1.126700043678284
        2.073800086975098
        3.946500062942505
        1.921599984169006
  -6.822000145912170E-001
       -2.555500030517578
       -1.680099964141846
        1.357800006866455
   1.391000002622604E-001
   2.789999917149544E-002
       -1.264899969100952
   5.587999820709229E-001
        1.132300019264221
   7.993999719619751E-001
  -8.011000156402588E-001
       -1.112599968910217
       -1.865399956703186
       -1.492300033569336
       -1.550300002098084
       -1.723899960517883
  -6.998999714851379E-001
       -1.276600003242493
       -1.340299963951111
       -1.128800034523010
  -5.752000212669373E-001
       -1.110900044441223
       -1.232100009918213
       -1.257899999618530
  -5.343000292778015E-001
  -6.050000190734863E-001
        2.479899883270264
        1.908100008964539
        1.274999976158142
        2.396899938583374
        2.212899923324585
   9.120000004768372E-001
        2.033799886703491
        1.817299962043762
       -1.042899966239929
       -1.429600000381470
       -2.792099952697754
       -2.409499883651733
       -3.801599979400635
       -2.078900098800659
       -1.646299958229065
       -2.104000091552734
  -2.896000146865845E-001
        1.767199993133545
        1.268900036811829
  -5.397999882698059E-001
   1.630000025033951E-002
  -9.217000007629395E-001
       -2.551899909973145
       -1.678799986839294
  -3.995000123977661E-001
  -5.238999724388123E-001
        2.125999927520752
        1.851899981498718
  -3.531999886035919E-001
       -1.798099994659424
  -9.218000173568726E-001
        2.135400056838989
        3.393100023269653
        1.233000040054321
  -2.969000041484833E-001
  -7.807999849319458E-001
        1.511299967765808
        1.570899963378906
   1.842000037431717E-001
  -3.957999944686890E-001
  -9.218999743461609E-001
  -4.230000078678131E-002
   9.789999723434448E-001
        1.194900035858154
  -6.298000216484070E-001
       -3.020699977874756
       -2.910599946975708
       -3.425800085067749
       -1.635699987411499
  -6.014000177383423E-001
  -6.176999807357788E-001
  -6.467000246047974E-001
       -1.894299983978272
       -1.129099965095520
  -1.794999986886978E-001
   9.294000267982483E-001
  -5.486000180244446E-001
       -1.218600034713745
  -3.264000117778778E-001
       -1.772899985313416
        2.605900049209595
        3.803400039672852
        2.599600076675415
        3.994899988174439
        1.996700048446655
        2.055999994277954
        2.295200109481812
        3.097300052642822
        2.635999917984009
  -9.266999959945679E-001
       -2.173899888992310
       -4.429599761962891
       -2.829099893569946
       -1.608399987220764
   2.009999938309193E-002
  -5.511000156402588E-001
  -9.265999794006348E-001
       -1.568099975585938
  -8.320999741554260E-001
       -1.044999957084656
  -9.742000102996826E-001
  -8.424999713897705E-001
       -1.052099943161011
       -1.320999979972839
  -2.318000048398972E-001
   1.720000058412552E-001
        1.820399999618530
        2.952699899673462
        1.669199943542481
   2.863999903202057E-001
   9.530000090599060E-001
   3.176999986171722E-001
  -6.258999705314636E-001
  -7.087000012397766E-001
   6.812000274658203E-001
  -2.531999945640564E-001
   1.606999933719635E-001
   7.109000086784363E-001
   3.750000000000000E-001
       -1.537799954414368
       -1.575199961662293
        1.171800017356873
   4.404999911785126E-001
        1.108500003814697
  -5.394999980926514E-001
       -2.675899982452393
       -3.982599973678589
       -3.219500064849854
       -2.706899881362915
       -1.142699956893921
       -1.934499979019165
  -9.282000064849854E-001
       -2.756400108337402
       -2.145900011062622
  -2.953000068664551E-001
        1.370599985122681
        2.607599973678589
        1.114799976348877
   6.689999997615814E-002
        1.368100047111511
        1.171100020408630
        3.892699956893921
        3.579799890518189
        4.428199768066406
        2.962399959564209
        3.240000009536743
        3.159300088882446
        2.699300050735474
        2.922899961471558
   6.962000131607056E-001
       -2.860399961471558
       -3.406699895858765
       -3.509200096130371
       -3.454999923706055
       -1.979300022125244
   4.968000054359436E-001
       -1.758599996566773
  -1.912000030279160E-001
       -2.643599987030029
       -3.771399974822998
       -2.081700086593628
       -1.081599950790405
       -1.750000000000000
       -1.202600002288818
       -1.011999964714050
        2.220200061798096
        2.262000083923340
        1.690799951553345
        2.262900114059448
   1.757999956607819E-001
  -9.490000009536743E-001
  -1.128000020980835E-001
   5.507000088691711E-001
  -4.889000058174133E-001
        1.636899948120117
        1.165300011634827
        2.088000059127808
  -6.193000078201294E-001
  -2.383999973535538E-001
       -1.518599987030029
  -9.330000281333923E-001
  -3.119999915361404E-002
   3.382000029087067E-001
  -8.820000290870667E-002
       -3.174599885940552
       -4.290599822998047
       -3.101200103759766
       -5.055399894714356
       -3.947799921035767
       -1.210199952125549
   2.296999990940094E-001
       -1.316100001335144
       -1.603500008583069
       -2.032700061798096
   8.741999864578247E-001
   6.258999705314636E-001
        1.544000029563904
        1.080600023269653
        1.899099946022034
   6.452000141143799E-001
        2.450700044631958
        3.452100038528442
        5.100800037384033
        2.138200044631958
        2.384099960327148
        2.709500074386597
        1.673799991607666
        2.763400077819824
        2.246700048446655
   9.739999771118164E-001
       -1.510200023651123
       -2.252099990844727
       -2.303800106048584
       -1.971899986267090
       -1.246500015258789
       -1.218500018119812
  -2.791999876499176E-001
        1.213000059127808
       -1.069000005722046
       -2.038199901580811
       -2.039400100708008
       -1.380699992179871
   5.364000201225281E-001
   4.510000050067902E-001
   6.983000040054321E-001
        3.397300004959106
        4.048500061035156
        2.375699996948242
        1.696099996566773
  -1.165999993681908E-001
  -2.642999887466431E-001
  -9.156000018119812E-001
  -2.035000026226044E-001
   4.686999917030335E-001
   7.311000227928162E-001
        1.077000021934509
        3.466599941253662
  -1.846999973058701E-001
   4.880000054836273E-001
       -1.817100048065186
       -1.502699971199036
  -9.749999642372131E-002
  -3.289000093936920E-001
   9.889999777078629E-002
       -1.720499992370606
       -4.022900104522705
       -5.845799922943115
       -6.320199966430664
       -3.368200063705444
  -6.980999708175659E-001
  -1.361999958753586E-001
   7.601000070571899E-001
  -7.718999981880188E-001
  -8.185999989509583E-001
        1.167600035667419
        1.878000020980835
        3.499200105667114
        1.793799996376038
        1.542099952697754
        1.629799962043762
        1.973299980163574
        3.183199882507324
        1.721799969673157
        2.748300075531006
   9.045000076293945E-001
        1.956200003623962
        1.578799962997437
        1.089100003242493
        2.049999952316284
   9.757000207901001E-001
       -1.163599967956543
       -2.051500082015991
  -1.898999959230423E-001
       -1.635800004005432
       -2.137200117111206
        1.267199993133545
       -1.333600044250488
  -9.322999715805054E-001
       -1.620200037956238
  -8.542000055313110E-001
  -2.467000037431717E-001
  -2.779000103473663E-001
   9.121000170707703E-001
        1.364899992942810
        1.840999960899353
        3.654500007629395
        2.959599971771240
        1.616299986839294
   9.787999987602234E-001
        1.087299942970276
   8.529000282287598E-001
        1.340800046920776
        2.617799997329712
        1.855999946594238
        1.221899986267090
        2.053100109100342
        3.854799985885620
        1.837200045585632
       -1.296700000762940
  -6.499000191688538E-001
  -2.657000124454498E-001
  -2.082999944686890E-001
   3.971000015735626E-001
  -8.673999905586243E-001
       -1.057000041007996
       -3.114300012588501
       -5.525899887084961
       -6.058400154113770
       -3.960599899291992
       -2.584100008010864
       -1.208899974822998
        2.133100032806397
        2.294699907302856
        1.039100050926209
   4.762000143527985E-001
        1.782199978828430
        3.850199937820435
        3.026599884033203
        2.581899881362915
        1.828600049018860
        2.374300003051758
        2.394599914550781
        1.186800003051758
        2.419399976730347
   4.117000102996826E-001
        1.579800009727478
        2.326200008392334
        3.002700090408325
        1.661299943923950
   3.000999987125397E-001
  -3.671000003814697E-001
       -2.463200092315674
   2.894000113010407E-001
   4.415000081062317E-001
       -1.804600000381470
   8.902999758720398E-001
   4.781999886035919E-001
  -4.654999971389771E-001
  -1.314000040292740E-001
  -9.319000244140625E-001
  -8.434000015258789E-001
  -3.095999956130981E-001
   5.703999996185303E-001
        2.476500034332275
        1.466099977493286
        2.455499887466431
        1.019700050354004
        1.104400038719177
       -1.391800045967102
   2.984000146389008E-001
   2.014999985694885E-001
        1.742900013923645
        2.519900083541870
        2.851000070571899
        3.294600009918213
        4.301400184631348
        4.921100139617920
        1.320799946784973
  -3.896999955177307E-001
       -1.865000009536743
       -1.948300004005432
       -1.804499983787537
  -1.299999952316284E-001
       -2.963399887084961
   5.824999809265137E-001
       -1.812500000000000
       -4.821400165557861
       -3.803699970245361
       -2.390199899673462
       -1.191599965095520
  -1.673000007867813E-001
   6.977000236511231E-001
   9.765999913215637E-001
        1.462700009346008
  -6.939999759197235E-002
   5.986999869346619E-001
        1.851999998092651
        1.724699974060059
        1.354799985885620
   8.167999982833862E-001
        1.260699987411499
        1.889400005340576
        1.568300008773804
        1.998299956321716
  -8.040999770164490E-001
  -2.666000127792358E-001
        2.013400077819824
        1.920699954032898
        1.136800050735474
  -4.833000004291534E-001
  -3.819999843835831E-002
       -1.579599976539612
  -8.072999715805054E-001
  -7.522000074386597E-001
   7.509999871253967E-001
   3.648999929428101E-001
        1.168699979782105
   9.456999897956848E-001
        2.482700109481812
   9.380000084638596E-002
   3.999999910593033E-002
  -9.121000170707703E-001
   6.299999952316284E-001
        1.794499993324280
        2.661700010299683
        2.185699939727783
   7.815999984741211E-001
   8.306000232696533E-001
       -1.074399948120117
       -1.225000023841858
  -9.186999797821045E-001
  -3.204999864101410E-001
        1.614199995994568
        2.252099990844727
        4.733200073242188
        5.320000171661377
        4.037600040435791
   3.550000116229057E-002
  -6.358000040054321E-001
  -9.808999896049500E-001
       -1.558799982070923
       -1.107699990272522
  -3.923999965190888E-001
       -1.073099970817566
       -2.716599941253662
       -3.028199911117554
       -3.815599918365479
       -2.722300052642822
       -1.317800045013428
  -9.796000123023987E-001
  -6.699999794363976E-003
   9.009000062942505E-001
        1.658100008964539
        1.122499942779541
        2.516599893569946
        1.117900013923645
        3.501199960708618
        3.068799972534180
        2.082299947738648
        2.645100116729736
        2.816499948501587
        2.723599910736084
   4.569000005722046E-001
   9.657999873161316E-001
   7.132999897003174E-001
  -4.030000045895577E-002
        1.519899964332581
   9.394999742507935E-001
       -1.264700055122376
       -1.605399966239929
  -7.217000126838684E-001
   1.777999997138977E-001
   9.805999994277954E-001
        1.665099978446960
        1.610900044441223
        2.698699951171875
   9.677000045776367E-001
   4.941000044345856E-001
   7.368000149726868E-001
   7.301999926567078E-001
       -1.492300033569336
       -1.428500056266785
   1.808000057935715E-001
  -1.580999940633774E-001
        2.819799900054932
        4.092700004577637
        2.568799972534180
        1.689599990844727
   5.110000073909760E-002
   2.520999908447266E-001
        1.433899998664856
        2.364700078964233
        3.465300083160400
        2.963700056076050
        5.096499919891357
        5.211999893188477
        2.777899980545044
   4.399999976158142E-003
       -1.281200051307678
  -3.400999903678894E-001
  -6.074000000953674E-001
  -3.815000057220459E-001
       -1.480700016021729
       -2.382299900054932
       -2.642800092697144
       -2.940599918365479
       -1.971899986267090
       -1.276200056076050
  -4.489000141620636E-001
  -2.849999964237213E-001
   2.285999953746796E-001
        3.134099960327148
        2.800899982452393
        3.222599983215332
        3.663300037384033
        3.649399995803833
        5.544600009918213
        3.436100006103516
        2.931900024414063
        1.189700007438660
        1.577700018882752
   3.995999991893768E-001
   8.514999747276306E-001
        1.307700037956238
   3.163999915122986E-001
  -6.990000009536743E-001
       -1.270499944686890
       -1.287700057029724
       -1.942199945449829
  -6.326000094413757E-001
       -2.395200014114380
  -2.370000034570694E-001
        1.621700048446655
   3.021999895572662E-001
        1.686599969863892
        1.930099964141846
       -2.303999900817871
  -1.402000039815903E-001
   7.616999745368958E-001
        1.240900039672852
       -1.593500018119812
       -1.868700027465820
       -2.525399923324585
  -5.986999869346619E-001
        2.234999895095825
        3.404999971389771
        2.820499897003174
        3.129600048065186
        2.154500007629395
        1.783900022506714
   7.178999781608582E-001
        1.489699959754944
   5.220000147819519E-001
        2.964400053024292
        4.342000007629395
        3.740999937057495
        1.346799969673157
  -6.175000071525574E-001
  -6.944000124931335E-001
  -9.548000097274780E-001
   5.700000096112490E-003
  -2.075999975204468E-001
  -3.445999920368195E-001
       -2.994100093841553
       -3.056200027465820
       -2.798199892044067
       -2.198899984359741
       -2.336299896240234
       -1.700500011444092
  -5.519999936223030E-002
        3.345799922943115
        2.833800077438355
        3.675499916076660
        4.176199913024902
        4.605999946594238
        3.904400110244751
        5.391499996185303
        2.051599979400635
        2.612600088119507
  -9.969999641180039E-002
       -1.598199963569641
       -1.908200025558472
  -8.314999938011169E-001
  -9.894000291824341E-001
        1.315400004386902
   4.905999898910523E-001
  -5.356000065803528E-001
  -6.019999831914902E-002
       -2.650500059127808
       -3.453200101852417
       -3.073800086975098
       -3.384599924087524
       -1.164899945259094
  -7.192000150680542E-001
       -1.057800054550171
   8.532000184059143E-001
  -3.048000037670136E-001
       -2.442600011825562
       -1.273300051689148
        1.087200045585632
  -9.009999781847000E-002
  -8.603000044822693E-001
  -2.755999863147736E-001
  -2.748000025749207E-001
        1.375499963760376
        2.421900033950806
   5.577999949455261E-001
        2.557199954986572
        1.871799945831299
        3.488600015640259
        1.915899991989136
        1.498100042343140
        1.924100041389465
        2.305599927902222
        1.538300037384033
        2.610300064086914
        1.325600028038025
   5.649999901652336E-002
        2.558700084686279
   9.591000080108643E-001
  -6.103000044822693E-001
   2.490000054240227E-002
  -5.629000067710877E-001
       -1.478099942207336
       -3.274800062179565
       -3.361200094223023
       -3.536600112915039
       -2.886699914932251
       -2.308799982070923
   8.679999709129334E-001
        2.223999977111816
        1.702200055122376
        1.807199954986572
        3.411999940872192
        3.708400011062622
        5.065899848937988
        4.666600227355957
        2.740200042724609
        1.889700055122376
   1.026000007987022E-001
       -2.060100078582764
       -1.993299961090088
  -8.561000227928162E-001
  -9.405000209808350E-001
  -1.171000003814697E-001
       -1.710600018501282
       -1.182199954986572
  -2.939000129699707E-001
       -1.308599948883057
       -1.809399962425232
       -5.691899776458740
       -2.046200037002564
       -1.343299984931946
       -1.208699941635132
        1.310199975967407
        1.649999976158142
  -9.397000074386597E-001
       -1.972800016403198
       -1.511399984359741
   3.946000039577484E-001
  -3.768000006675720E-001
       -1.383499979972839
  -5.640000104904175E-001
   5.526000261306763E-001
        1.326699972152710
        1.407699942588806
        1.864099979400635
        2.225500106811523
        2.031800031661987
        3.668600082397461
        2.238100051879883
        2.139400005340576
        2.501199960708618
        2.466599941253662
        1.931399941444397
        2.618400096893311
   7.378000020980835E-001
       -2.235500097274780
        1.420099973678589
        1.450799942016602
        1.089200019836426
   7.192000150680542E-001
  -3.424000144004822E-001
       -1.542600035667419
       -3.922300100326538
       -4.847199916839600
       -2.765199899673462
  -4.797999858856201E-001
   2.746999859809876E-001
        1.719499945640564
        2.488800048828125
        1.150699973106384
        3.033699989318848
        4.085700035095215
        3.789799928665161
        3.484899997711182
        3.794800043106079
   9.589999914169312E-001
   6.820999979972839E-001
       -1.097900032997131
       -1.957399964332581
  -4.278999865055084E-001
  -1.865999996662140E-001
       -1.884299993515015
       -2.809499979019165
       -2.453299999237061
  -9.635000228881836E-001
  -9.075999855995178E-001
       -1.159299969673157
       -2.785200119018555
       -3.418400049209595
       -4.244999885559082
  -6.984000205993652E-001
   6.621999740600586E-001
        2.487999916076660
   8.776000142097473E-001
   3.016999959945679E-001
   5.200000014156103E-003
       -2.351000070571899
  -2.989999949932098E-001
  -6.580000370740891E-002
  -8.079999685287476E-002
   7.123000025749207E-001
        1.281900048255920
        1.733399987220764
   7.967000007629395E-001
        2.326800107955933
        5.501999855041504
        4.152900218963623
        3.430599927902222
        3.628000020980835
        2.083100080490112
        2.296200037002564
        1.863600015640259
   6.780000030994415E-002
        3.370199918746948
   8.611000180244446E-001
       -2.776299953460693
   2.091999948024750E-001
        1.171599984169006
        2.411299943923950
        2.022500038146973
  -1.977999955415726E-001
       -1.651700019836426
       -2.429699897766113
       -2.863699913024902
       -2.016599893569946
  -3.664000034332275E-001
  -2.899999963119626E-003
        2.166699886322022
        1.923699975013733
        1.268200039863586
        2.279799938201904
        3.178699970245361
        3.579499959945679
        3.593400001525879
        1.489599943161011
   8.669000267982483E-001
   1.297000050544739E-001
  -1.112999990582466E-001
       -2.114099979400635
       -2.039299964904785
       -1.880699992179871
  -7.289999723434448E-002
  -9.860000014305115E-001
   2.599000036716461E-001
   7.864000201225281E-001
  -3.671000003814697E-001
       -1.498800039291382
       -1.595299959182739
       -1.747200012207031
  -9.297999739646912E-001
   3.878000080585480E-001
        2.912899971008301
        1.801300048828125
   6.636000275611877E-001
   3.725999891757965E-001
        1.428599953651428
   5.015000104904175E-001
  -9.649999737739563E-001
        2.653500080108643
        2.882499933242798
        1.427500009536743
        2.239300012588501
        2.137599945068359
   5.260000228881836E-001
        1.394899964332581
        4.445300102233887
        4.169600009918213
        2.895400047302246
        4.663099765777588
        1.929600000381470
        1.828999996185303
   8.445000052452087E-001
  -1.389999967068434E-002
        1.269400000572205
       -1.192600011825562
  -9.440000355243683E-002
   1.700000022538006E-003
   2.458000034093857E-001
        1.590100049972534
  -1.532000005245209E-001
       -1.080800056457520
       -2.330499887466431
       -2.921900033950806
       -1.930899977684021
       -1.477300047874451
  -2.335000038146973E-001
   7.387999892234802E-001
   4.517999887466431E-001
   9.456999897956848E-001
   9.056000113487244E-001
        1.855700016021729
   6.597999930381775E-001
        1.790099978446960
        1.002500057220459
  -4.900000095367432E-001
        1.054399967193604
   1.198000013828278E-001
  -4.411999881267548E-001
  -3.468999862670898E-001
  -7.545999884605408E-001
  -6.869999766349793E-001
  -4.244000017642975E-001
        1.524099946022034
  -1.704999953508377E-001
  -4.381999969482422E-001
       -1.544000029563904
       -1.940199971199036
       -1.114799976348877
   4.507000148296356E-001
  -1.967999935150147E-001
   6.075000166893005E-001
        1.280400037765503
  -3.415000140666962E-001
  -1.657000035047531E-001
   1.965000033378601E-001
   7.858999967575073E-001
        1.399000048637390
        2.524600028991699
        2.165299892425537
        3.263900041580200
        3.506400108337402
        3.439300060272217
        2.787300109863281
        3.020100116729736
        4.484600067138672
        4.609899997711182
        2.109499931335449
        1.356400012969971
   5.091000199317932E-001
        1.338199973106384
        1.156200051307678
        1.040300011634827
        2.020100116729736
   7.986999750137329E-001
  -6.358000040054321E-001
       -1.695600032806397
       -2.117399930953980
  -3.003999888896942E-001
   8.873000144958496E-001
  -2.991999983787537E-001
       -1.331500053405762
       -2.228300094604492
       -1.835199952125549
       -1.678099989891052
  -7.526000142097473E-001
   3.999999898951501E-004
  -1.536999940872192E-001
  -5.820999741554260E-001
   9.764000177383423E-001
        2.074300050735474
        2.297800064086914
   1.957000046968460E-001
        1.483999967575073
   5.059000253677368E-001
   3.853000104427338E-001
  -8.327999711036682E-001
       -1.967499971389771
  -2.906000018119812E-001
  -6.186000108718872E-001
  -3.914999961853027E-001
  -1.669999957084656E-002
   3.296000063419342E-001
        1.215299963951111
  -4.830000177025795E-002
       -2.286400079727173
       -2.155499935150147
       -3.261699914932251
       -2.848999977111816
   4.499999806284905E-003
   7.652000188827515E-001
   3.776000142097473E-001
        1.277500033378601
  -5.310000181198120E-001
  -9.714999794960022E-001
       -1.326500058174133
   3.228999972343445E-001
        1.540300011634827
        2.774800062179565
        3.059200048446655
        4.316999912261963
        4.514100074768066
        5.666399955749512
        5.072999954223633
        3.996799945831299
        2.322299957275391
        2.467799901962280
   4.476000070571899E-001
   1.581999957561493E-001
   9.556999802589417E-001
   7.555000185966492E-001
  -1.119000017642975E-001
   4.708000123500824E-001
        2.062400102615356
        2.232599973678589
        1.001899957656860
       -1.838899970054627
       -1.837599992752075
       -2.276999950408936
   1.023000031709671E-001
       -1.742300033569336
       -2.010499954223633
       -1.117100000381470
  -7.283999919891357E-001
  -3.689999878406525E-002
   6.427000164985657E-001
   3.072000145912170E-001
  -4.219999909400940E-002
   5.879999995231628E-001
        1.376399993896484
        3.523799896240234
        3.039700031280518
   8.607000112533569E-001
  -2.129999995231628E-001
  -3.500000014901161E-002
       -1.611500024795532
       -1.089699983596802
  -3.280000016093254E-002
  -7.267000079154968E-001
       -1.960199952125549
  -4.023999869823456E-001
  -9.093999862670898E-001
       -1.090100049972534
        1.117699980735779
   1.603000015020371E-001
        1.758200049400330
       -1.012500047683716
       -1.166000008583069
       -2.790199995040894
  -5.687000155448914E-001
  -3.389999866485596E-001
       -1.202800035476685
  -1.243000030517578E-001
  -3.592000007629395E-001
       -1.590800046920776
  -1.375000029802322E-001
  -2.689999938011169E-001
   6.607999801635742E-001
        2.239500045776367
        2.667500019073486
        4.026800155639648
        4.706799983978272
        4.367300033569336
        3.352400064468384
        2.660200119018555
        1.632599949836731
        2.029999971389771
        2.451600074768066
   4.769999906420708E-002
        1.393800020217896
  -4.185000061988831E-001
   1.905999928712845E-001
   6.187999844551086E-001
        2.378499984741211
        1.603500008583069
  -2.515999972820282E-001
       -2.820699930191040
       -2.940299987792969
       -1.975000023841858
       -1.864400029182434
       -2.445399999618530
       -2.382699966430664
       -1.271499991416931
       -1.837399959564209
       -1.962100028991699
   4.153999984264374E-001
       -1.646000027656555
       -1.444000005722046
  -4.478000104427338E-001
        1.115900039672852
   3.170000016689301E-001
   3.434999883174896E-001
   1.396999955177307E-001
       -1.112900018692017
   3.652000129222870E-001
       -1.352800011634827
       -1.696200013160706
  -9.205999970436096E-001
       -2.071500062942505
       -2.783999919891357
       -1.409700036048889
       -1.886500000953674
  -2.074999958276749E-001
  -1.513999998569489E-001
        1.285699963569641
   3.874999880790710E-001
        1.357800006866455
  -9.247999787330627E-001
  -4.686999917030335E-001
  -3.928000032901764E-001
   1.410000026226044E-002
  -3.197999894618988E-001
   5.394999980926514E-001
   2.268999963998795E-001
   3.801999986171722E-001
  -1.124999970197678E-001
        1.517400026321411
        3.087699890136719
        3.628900051116943
        3.079400062561035
        2.871599912643433
        3.321199893951416
        3.028399944305420
        3.370199918746948
        3.169800043106079
        2.756299972534180
   4.377999901771545E-001
  -5.133000016212463E-001
   3.226999938488007E-001
   2.840999960899353E-001
   8.197000026702881E-001
   8.213000297546387E-001
   5.009999871253967E-001
  -2.628000080585480E-001
       -1.822100043296814
       -3.668600082397461
       -2.940200090408325
       -3.022599935531616
       -4.078999996185303
  -9.768999814987183E-001
       -1.301300048828125
       -1.427000045776367
       -2.732000112533569
       -1.733299970626831
  -3.786999881267548E-001
       -1.637400031089783
       -1.678900003433228
       -1.241000056266785
       -1.795199990272522
       -1.232300043106079
       -1.167600035667419
  -6.294999718666077E-001
  -9.606999754905701E-001
       -2.436700105667114
  -6.556000113487244E-001
       -2.610100030899048
       -1.977499961853027
       -1.290400028228760
       -2.986900091171265
       -3.527899980545044
       -3.142299890518189
  -9.708999991416931E-001
   3.488000035285950E-001
   6.945999860763550E-001
  -9.709999710321426E-002
        1.324200034141541
  -5.407999753952026E-001
   1.032999977469444E-001
   6.988000273704529E-001
        1.267099976539612
  -8.723000288009644E-001
        1.590299963951111
   7.206000089645386E-001
   7.857999801635742E-001
   4.339999854564667E-001
        1.689599990844727
        1.293599963188171
        2.804899930953980
        2.107300043106079
        2.295000076293945
        3.664700031280518
        3.252500057220459
        3.858000040054321
        4.019800186157227
        1.888499975204468
   9.222000241279602E-001
  -4.095999896526337E-001
       -1.113499999046326
       -2.258500099182129
  -2.199999988079071E-003
  -6.719999760389328E-002
   5.180000066757202E-001
  -6.190999746322632E-001
       -2.632200002670288
       -3.266299962997437
       -5.504600048065186
       -2.840100049972534
       -3.384200096130371
       -2.903300046920776
       -3.512700080871582
       -3.288399934768677
       -2.202399969100952
       -2.219799995422363
       -3.519299983978272
       -1.782899975776672
       -2.643100023269653
  -8.105000257492065E-001
       -1.221199989318848
       -1.866600036621094
       -1.360999941825867
  -5.493000149726868E-001
       -2.479199886322022
  -8.373000025749207E-001
       -1.072399973869324
       -1.130200028419495
       -1.000499963760376
       -1.180099964141846
  -5.325000286102295E-001
       -1.436300039291382
       -1.690799951553345
       -3.067800045013428
  -6.704000234603882E-001
  -5.845000147819519E-001
   3.316999971866608E-001
        1.259500026702881
   7.797999978065491E-001
       -1.629400014877319
   1.165999993681908E-001
   3.741999864578247E-001
   3.373999893665314E-001
  -2.800000011920929E-001
  -6.527000069618225E-001
  -2.466000020503998E-001
   8.758999705314636E-001
   6.227999925613403E-001
   5.008999705314636E-001
        1.020200014114380
        1.921200037002564
   7.723000049591065E-001
        2.569400072097778
        2.659800052642822
        1.896299958229065
   7.124999761581421E-001
        3.102600097656250
   7.689999938011169E-001
   9.700000286102295E-002
       -1.018700003623962
       -1.810600042343140
       -2.862900018692017
  -6.735000014305115E-001
       -1.289000034332275
   2.199999988079071E-002
  -7.293999791145325E-001
       -2.735300064086914
       -3.966200113296509
       -5.010700225830078
       -1.500599980354309
       -1.291399955749512
       -3.668600082397461
       -4.070799827575684
       -3.679899930953980
       -2.157299995422363
       -3.026799917221069
       -3.195499897003174
       -3.268300056457520
       -2.056600093841553
  -4.772999882698059E-001
   3.499999940395355E-001
       -2.969399929046631
       -3.101799964904785
  -7.548999786376953E-001
  -5.557000041007996E-001
  -9.505000114440918E-001
       -1.014999985694885
       -1.686599969863892
       -2.218800067901611
   1.194000020623207E-001
       -1.081599950790405
  -7.469000220298767E-001
       -3.651900053024292
  -7.231000065803528E-001
  -1.106999963521957E-001
        2.219199895858765
        2.457799911499023
        1.553300023078919
  -1.632999926805496E-001
       -1.175999999046326
       -2.603899955749512
   4.459999874234200E-002
       -1.873399972915649
  -1.288000047206879E-001
  -9.731000065803528E-001
       -1.374400019645691
  -1.395000070333481E-001
   6.784999966621399E-001
   6.200000047683716E-001
        2.600899934768677
        2.128200054168701
        1.244400024414063
   4.469000101089478E-001
        1.273599982261658
   3.167000114917755E-001
        1.909100055694580
   8.266000151634216E-001
        1.565000057220459
   2.879999876022339E-001
       -1.334800004959106
       -1.022099971771240
       -2.870100021362305
  -9.936000108718872E-001
  -9.399999678134918E-002
       -1.134500026702881
       -3.748500108718872
       -3.186500072479248
       -4.718999862670898
       -6.302100181579590
  -6.969000101089478E-001
  -1.086999997496605E-001
   5.867000222206116E-001
       -1.162500023841858
       -2.278700113296509
       -2.160399913787842
       -1.919499993324280
       -3.848200082778931
       -1.474400043487549
       -1.729200005531311
  -1.103999987244606E-001
       -1.730200052261353
       -2.338299989700317
       -1.650699973106384
       -1.054000020027161
       -2.431499958038330
        1.119199991226196
   1.464000046253204E-001
  -2.005999982357025E-001
       -2.410700082778931
       -1.877599954605103
       -1.298099994659424
       -1.735000014305115
       -2.242599964141846
       -1.395599961280823
  -6.065000295639038E-001
        1.394099950790405
        1.430099964141846
        2.775599956512451
   4.332999885082245E-001
       -1.430999994277954
       -3.550400018692017
   7.056000232696533E-001
        1.821099996566773
   2.489999979734421E-001
        1.698600053787231
  -5.939999967813492E-002
  -3.007000088691711E-001
  -1.212000027298927E-001
        2.134399890899658
        4.301300048828125
        1.095999956130981
   9.753999710083008E-001
   4.541000127792358E-001
   4.591000080108643E-001
        1.014799952507019
   8.604999780654907E-001
        1.080500006675720
        1.307100057601929
  -2.917999923229218E-001
  -3.560999929904938E-001
  -1.500999927520752E-001
  -2.336000055074692E-001
  -8.115000128746033E-001
       -1.196400046348572
       -1.033599972724915
       -2.780400037765503
       -2.381999969482422
       -3.896600008010864
       -4.173200130462647
  -6.108999848365784E-001
   3.030999898910523E-001
   8.055999875068665E-001
       -1.101799964904785
  -8.841000199317932E-001
       -1.566300034523010
       -1.756500005722046
       -3.356600046157837
       -2.580199956893921
  -8.460000157356262E-002
       -1.619799971580505
       -1.244400024414063
  -9.894000291824341E-001
  -7.570000290870667E-001
  -8.734999895095825E-001
  -3.871000111103058E-001
   1.279999967664480E-002
   7.063000202178955E-001
   9.862999916076660E-001
  -4.560000076889992E-002
       -3.299400091171265
  -6.625999808311462E-001
       -1.382799983024597
  -4.684999883174896E-001
       -2.045700073242188
       -1.061400055885315
   6.725000143051148E-001
        1.471699953079224
        1.893399953842163
   8.525999784469605E-001
       -1.409899950027466
       -1.040099978446960
       -1.057700037956238
   2.773000001907349E-001
        1.671700000762940
        1.248000025749207
   7.702999711036682E-001
        1.167400002479553
       -1.094799995422363
        2.456700086593628
        3.074399948120117
        1.679200053215027
   4.178000092506409E-001
        1.340600013732910
   6.457999944686890E-001
       -1.193199992179871
  -4.708000123500824E-001
   3.407000005245209E-001
   2.064999938011169E-001
       -2.776700019836426
       -1.026000022888184
        1.854300022125244
        1.755599975585938
   4.643000066280365E-001
       -3.052200078964233
       -1.667500019073486
       -5.064899921417236
       -4.243899822235107
       -2.137399911880493
       -1.968700051307678
        1.944399952888489
        1.318600058555603
   2.818999886512756E-001
   9.473999738693237E-001
   7.336000204086304E-001
   1.970000006258488E-002
   6.327000260353088E-001
  -4.275999963283539E-001
  -5.318999886512756E-001
  -6.895999908447266E-001
  -2.134000062942505E-001
   1.571000069379807E-001
   2.630000002682209E-002
        1.272899985313416
  -1.679999940097332E-002
   9.089999645948410E-002
   7.494999766349793E-001
        1.949900031089783
        2.613600015640259
        1.758999943733215
  -1.837999969720841E-001
  -1.308999955654144E-001
  -2.387000024318695E-001
   5.070000141859055E-002
  -3.788999915122986E-001
  -3.707999885082245E-001
   8.887000083923340E-001
        1.274600028991699
        1.030599951744080
        1.864099979400635
        1.847699999809265
  -7.110000252723694E-001
   3.768000006675720E-001
        3.403000116348267
        2.753400087356567
   3.215999901294708E-001
  -5.400000140070915E-003
        1.174200057983398
   8.989999890327454E-001
        1.368199944496155
   4.533999860286713E-001
        1.728099942207336
        1.003999948501587
        1.115200042724609
       -1.036900043487549
       -2.531599998474121
       -1.022699952125549
   4.282000064849854E-001
       -2.531800031661987
  -8.072999715805054E-001
   2.490000054240227E-002
   8.231999874114990E-001
        2.347300052642822
  -5.666000247001648E-001
       -2.269200086593628
       -3.855600118637085
       -3.802200078964233
       -3.304199934005737
  -8.054999709129334E-001
       -1.296000003814697
        1.726799964904785
  -3.300999999046326E-001
   6.424000263214111E-001
   7.653999924659729E-001
        3.132899999618530
        1.767600059509277
        1.232399940490723
  -4.167000055313110E-001
  -4.889000058174133E-001
       -1.342900037765503
   9.070000052452087E-002
  -1.475999951362610E-001
   8.691999912261963E-001
        1.203199982643127
  -2.559999935328960E-002
   3.808999955654144E-001
   9.262999892234802E-001
        1.883599996566773
        2.821899890899658
        1.836300015449524
        2.512599945068359
        3.352299928665161
        2.060300111770630
   7.286999821662903E-001
   4.862000048160553E-001
        1.329699993133545
  -5.570999979972839E-001
  -5.396999716758728E-001
   7.897999882698059E-001
  -7.699999958276749E-002
        1.646900057792664
   8.154000043869019E-001
        1.549100041389465
        2.117799997329712
        3.315500020980835
        1.791900038719177
        1.427600026130676
        2.273900032043457
        2.051399946212769
        2.738399982452393
        1.386399984359741
        2.588399887084961
        3.817199945449829
        2.243000030517578
        1.006199955940247
       -2.159399986267090
  -9.154999852180481E-001
       -2.878499984741211
       -2.296999931335449
   6.281999945640564E-001
  -4.835000038146973E-001
  -2.922999858856201E-001
   2.355999946594238E-001
       -1.278100013732910
       -2.384700059890747
       -3.878000020980835
       -3.455899953842163
       -1.663400053977966
       -2.228300094604492
       -1.970299959182739
        2.983999967575073
        1.343000054359436
  -7.396000027656555E-001
   2.128999978303909E-001
        1.047000050544739
        1.226699948310852
   6.822999715805054E-001
       -2.147000074386597
       -2.902100086212158
       -3.310800075531006
  -9.067000150680542E-001
   4.898000061511993E-001
        1.938899993896484
  -6.177999973297119E-001
       -1.269099950790405
       -1.309200048446655
  -2.384999990463257E-001
   4.794000089168549E-001
        3.042999982833862
        1.026000022888184
   9.110999703407288E-001
        1.938699960708618
  -4.535000026226044E-001
        2.218199968338013
        1.383800029754639
        1.676699995994568
   7.230000197887421E-002
   1.165999993681908E-001
  -1.622000038623810E-001
   8.756999969482422E-001
        1.523699998855591
        1.331599950790405
        2.559099912643433
        2.763000011444092
        2.371700048446655
        1.956200003623962
        1.515599966049194
        1.742200016975403
   9.850000143051148E-001
        1.984500050544739
        3.502500057220459
        4.797200202941895
        2.544300079345703
        2.880399942398071
        1.883499979972839
       -2.319900035858154
       -3.092299938201904
       -1.006299972534180
       -1.059599995613098
  -1.785999983549118E-001
   9.870000183582306E-002
  -2.966000139713287E-001
  -4.429999887943268E-001
       -1.007300019264221
       -3.254699945449829
       -2.491800069808960
       -4.654900074005127
       -2.656399965286255
       -2.375699996948242
  -6.898999810218811E-001
        1.510499954223633
        2.678200006484985
        2.603499889373779
   8.504999876022339E-001
   9.029999971389771E-001
   6.046000123023987E-001
  -1.128999963402748E-001
       -2.882299900054932
       -3.001899957656860
       -3.643300056457520
       -1.450199961662293
   1.009999960660934E-002
  -5.598000288009644E-001
        1.190700054168701
  -8.277000188827515E-001
       -2.286000013351440
       -1.096899986267090
        1.421599984169006
        1.197700023651123
   8.217999935150147E-001
  -1.259000003337860E-001
        1.461300015449524
        1.557299971580505
        3.261100053787231
        3.151200056076050
        2.106600046157837
  -1.490000039339066E-001
  -2.694000005722046E-001
   8.774999976158142E-001
        1.072000026702881
        1.735599994659424
        1.591599941253662
        2.319499969482422
        1.927000045776367
        1.848099946975708
   8.715000152587891E-001
        1.459100008010864
        1.368999958038330
   9.929999709129334E-002
   6.744999885559082E-001
        3.357599973678589
        4.182799816131592
        2.134000062942505
        1.779500007629395
  -3.095000088214874E-001
       -2.647000074386597
       -1.119600057601929
  -3.271000087261200E-001
        1.015799999237061
   8.101999759674072E-001
   4.147999882698059E-001
       -1.752599954605103
       -1.043799996376038
       -1.027600049972534
       -1.893900036811829
       -3.387099981307983
       -3.748100042343140
       -3.542000055313110
       -2.794500112533569
       -1.753600001335144
        2.061899900436401
        2.287699937820435
        2.677299976348877
        2.945800065994263
   3.813000023365021E-001
  -7.382000088691711E-001
       -1.618999958038330
       -2.496099948883057
       -2.433099985122681
       -2.025899887084961
       -1.648100018501282
  -3.614999949932098E-001
       -1.439900040626526
  -5.371000170707703E-001
  -4.691999852657318E-001
       -1.692299962043762
       -1.933899998664856
   2.437999993562698E-001
   5.444999933242798E-001
   8.600000292062759E-003
        1.176200032234192
   1.775999963283539E-001
        1.152199983596802
        2.879899978637695
   4.932000041007996E-001
        2.226999998092651
        2.067199945449829
        1.633800029754639
        1.866899967193604
        1.514000058174133
        1.741899967193604
   5.880000069737434E-002
   6.053000092506409E-001
        3.619600057601929
        3.306099891662598
        3.036200046539307
        2.167299985885620
        1.109599947929382
   7.623000144958496E-001
        1.827399969100952
        1.851300001144409
        3.478199958801270
   5.554000139236450E-001
        1.402099967002869
  -7.196000218391419E-001
       -1.279000043869019
   2.732999920845032E-001
        1.773599982261658
        1.069200038909912
  -7.180000096559525E-002
       -1.370100021362305
       -1.430799961090088
       -2.397700071334839
       -2.607700109481812
       -1.875300049781799
       -3.295000076293945
       -3.630599975585938
       -4.595099925994873
       -3.961199998855591
       -1.099300026893616
        3.569000005722046
        2.725300073623657
   5.385000109672546E-001
        2.065900087356567
   9.075000286102295E-001
  -4.059999883174896E-001
       -2.721899986267090
       -3.161299943923950
       -1.661499977111816
  -2.642000019550324E-001
        1.042299985885620
   3.411999940872192E-001
       -1.527999997138977
  -5.164999961853027E-001
   1.503999978303909E-001
   2.272000014781952E-001
   2.045000046491623E-001
   5.202000141143799E-001
   7.854999899864197E-001
        2.088500022888184
   6.060000061988831E-001
   5.540999770164490E-001
        2.065500020980835
        2.506900072097778
        1.980399966239929
   9.524000287055969E-001
        1.712299942970276
   9.825000166893005E-001
   7.329999655485153E-002
   3.625000119209290E-001
  -4.981000125408173E-001
  -6.136000156402588E-001
   8.676000237464905E-001
        1.910799980163574
        1.553799986839294
        2.848299980163574
   6.596999764442444E-001
        2.403100013732910
       -1.056499958038330
        1.659700036048889
        1.876000046730042
        2.087199926376343
   9.487000107765198E-001
        1.927600026130676
  -4.789999872446060E-002
   4.914000034332275E-001
   9.520000219345093E-001
        1.993299961090088
   3.163999915122986E-001
       -1.032099962234497
       -2.440200090408325
  -5.971000194549561E-001
  -6.779000163078308E-001
   8.810000121593475E-002
       -1.835199952125549
       -2.646100044250488
       -3.698600053787231
       -3.661600112915039
       -3.045099973678589
       -1.391199946403503
        2.559000015258789
        2.965399980545044
        2.484899997711182
        1.700799942016602
   4.190999865531921E-001
       -1.492699980735779
       -1.427000045776367
       -3.341799974441528
       -2.337599992752075
       -1.433300018310547
   4.893000125885010E-001
       -1.163900017738342
       -1.892199993133545
  -6.360000371932983E-002
  -3.264999985694885E-001
  -7.599999755620956E-002
        1.170899987220764
  -2.022999972105026E-001
        1.103800058364868
        1.165500044822693
  -6.764000058174133E-001
        1.339200019836426
        1.076900005340576
        2.966500043869019
        3.812700033187866
        1.713500022888184
        2.275899887084961
  -8.245999813079834E-001
  -6.991000175476074E-001
   7.677000164985657E-001
   2.442999929189682E-001
       -2.382200002670288
       -1.824699997901917
  -8.899999782443047E-003
   3.578000068664551E-001
       -1.111799955368042
       -2.735699892044067
  -9.506999850273132E-001
  -6.859999895095825E-002
        1.462700009346008
        2.497499942779541
        1.362499952316284
        2.233700037002564
        1.211899995803833
   8.738999962806702E-001
        1.518900036811829
        1.782199978828430
        2.319700002670288
  -7.038999795913696E-001
       -2.493900060653687
   3.747000098228455E-001
  -9.441000223159790E-001
  -3.161999881267548E-001
  -5.078999996185303E-001
       -1.050999999046326
       -2.513000011444092
       -3.571899890899658
       -2.761100053787231
  -9.678000211715698E-001
       -2.131000041961670
        3.163599967956543
        5.023900032043457
        3.243900060653687
        2.430200099945068
        1.680199980735779
  -5.740000009536743E-001
       -1.152699947357178
       -2.415999889373779
       -1.905599951744080
       -1.197199940681458
       -2.960599899291992
  -6.338000297546387E-001
   3.995999991893768E-001
        1.179399967193604
   4.113999903202057E-001
  -1.730000041425228E-002
   9.124000072479248E-001
  -5.572000145912170E-001
       -1.188300013542175
  -6.905000209808350E-001
       -1.119500041007996
  -3.170999884605408E-001
        1.270300030708313
        2.348400115966797
        3.261600017547607
        3.226999998092651
        1.898699998855591
  -6.560999751091003E-001
       -1.378900051116943
   9.900000095367432E-001
  -2.248000055551529E-001
       -3.026599884033203
       -3.638299942016602
       -1.935500025749207
   2.391999959945679E-001
       -1.413499951362610
       -3.094599962234497
       -3.414499998092651
       -1.635900020599365
   3.348000049591065E-001
  -3.068999946117401E-001
       -1.663699984550476
   5.091999769210815E-001
        1.311599969863892
   8.001000285148621E-001
        2.477900028228760
  -6.459999829530716E-002
   8.453999757766724E-001
        1.245800018310547
       -1.330600023269653
       -1.586699962615967
       -2.173199892044067
       -2.698299884796143
       -1.161299943923950
  -3.585000038146973E-001
        1.052299976348877
       -1.731600046157837
       -3.670599937438965
       -3.335099935531616
       -1.783599972724915
        5.461500167846680
        4.860400199890137
        2.357100009918213
        2.923899888992310
        3.313999891281128
  -1.606999933719635E-001
       -1.580399990081787
       -2.526499986648560
       -2.199899911880493
       -1.441499948501587
  -2.223999947309494E-001
        1.794399976730347
        2.338900089263916
   7.577000260353088E-001
   2.903000116348267E-001
   4.616999924182892E-001
   3.195999860763550E-001
  -6.467999815940857E-001
  -3.970000147819519E-001
   1.922000050544739E-001
       -1.003600001335144
   1.527999937534332E-001
   6.585000157356262E-001
        2.801700115203857
        2.117700099945068
        2.579900026321411
        2.068099975585938
       -1.354099988937378
   4.690000042319298E-002
       -1.226500034332275
       -1.136199951171875
       -2.905499935150147
       -4.503099918365479
       -4.014999866485596
       -1.430299997329712
       -3.628900051116943
       -4.188899993896484
       -2.996900081634522
       -1.203400015830994
   2.883999943733215E-001
       -2.878099918365479
       -3.193000078201294
       -2.252099990844727
        1.444200038909912
        2.302599906921387
        1.498600006103516
        1.082200050354004
        2.018199920654297
   8.393999934196472E-001
   1.895000040531158E-001
   2.353000044822693E-001
  -4.541999995708466E-001
       -2.988600015640259
       -2.210599899291992
   2.655999958515167E-001
  -6.802999973297119E-001
       -2.716399908065796
       -1.020900011062622
       -3.818500041961670
  -4.253999888896942E-001
        2.170399904251099
        3.563299894332886
        2.843400001525879
        4.117000102996826
        4.558199882507324
        1.279500007629395
  -4.192000031471252E-001
       -2.220200061798096
       -1.755699992179871
  -7.542999982833862E-001
  -7.229999899864197E-001
        2.240999937057495
        2.618200063705444
        1.576099991798401
   6.524000167846680E-001
   9.805999994277954E-001
   2.449000030755997E-001
  -3.761000037193298E-001
       -2.391900062561035
       -2.228499889373779
       -2.124799966812134
       -1.549499988555908
       -1.804100036621094
        1.034100055694580
        2.085099935531616
        2.612999916076660
   9.746999740600586E-001
  -4.580999910831451E-001
  -8.934999704360962E-001
       -1.385800004005432
       -2.242599964141846
       -3.441200017929077
       -4.104599952697754
       -2.860500097274780
       -1.046599984169006
       -3.570600032806397
       -4.315100193023682
       -4.642399787902832
       -1.784100055694580
       -1.478500008583069
       -1.809299945831299
       -2.118299961090088
  -1.967999935150147E-001
        1.259699940681458
        2.331099987030029
   5.371000170707703E-001
        1.354699969291687
        2.114599943161011
   6.001999974250794E-001
        1.097200036048889
   8.529999852180481E-002
   1.396999955177307E-001
       -3.312999963760376
       -4.562099933624268
       -1.312100052833557
   2.601999938488007E-001
  -5.680000185966492E-001
       -3.505599975585938
       -2.334899902343750
       -2.991699934005737
        1.613999962806702
        2.427999973297119
        3.609100103378296
        3.434499979019165
        3.544199943542481
        2.363699913024902
   4.372000098228455E-001
       -1.251799941062927
  -8.822000026702881E-001
       -2.314800024032593
   4.426000118255615E-001
        1.154600024223328
        1.950199961662293
        1.849400043487549
        3.708899974822998
        2.643599987030029
   4.708999991416931E-001
  -8.292000293731690E-001
       -1.047199964523315
  -1.547999978065491E-001
       -1.824399948120117
       -2.925600051879883
       -3.957600116729736
       -1.296700000762940
        1.109599947929382
        3.509799957275391
  -2.698000073432922E-001
  -2.046000063419342E-001
   8.060000091791153E-002
  -3.662999868392944E-001
       -1.453999996185303
       -2.508199930191040
       -3.379699945449829
       -2.161900043487549
       -4.167099952697754
       -3.214299917221069
       -4.291299819946289
       -5.046700000762940
       -2.202100038528442
  -6.707999706268311E-001
  -6.251999735832214E-001
  -3.722999989986420E-001
       -2.277499914169312
  -9.167000055313110E-001
   9.442999958992004E-001
  -9.121999740600586E-001
  -5.547000169754028E-001
   3.883999884128571E-001
   4.330999851226807E-001
        1.314499974250794
   8.356000185012817E-001
       -2.512700080871582
       -3.560600042343140
       -3.749799966812134
       -1.712100028991699
  -1.403000056743622E-001
       -1.826200008392334
       -3.925199985504150
       -3.105099916458130
       -1.384699940681458
   9.128000140190125E-001
        2.085900068283081
        2.904500007629395
        1.735299944877625
        1.738700032234192
       -1.128299951553345
       -3.147700071334839
       -1.699200034141541
   8.110000193119049E-002
  -6.754999756813049E-001
  -9.064000248908997E-001
   1.818999946117401E-001
        1.239899992942810
        2.572700023651123
        2.881599903106690
        2.865200042724609
        1.445399999618530
        1.008499979972839
  -5.205000042915344E-001
   4.625000059604645E-001
   2.757000029087067E-001
       -2.210700035095215
       -3.463299989700317
       -1.164000034332275
   6.161000132560730E-001
   7.060000300407410E-002
  -2.621000111103058E-001
       -1.267600059509277
  -9.393000006675720E-001
   2.123000025749207E-001
  -4.059000015258789E-001
       -2.296400070190430
       -2.106100082397461
       -2.382100105285645
       -4.238900184631348
       -1.728800058364868
       -2.411499977111816
       -4.025899887084961
       -3.826299905776978
  -5.519999936223030E-002
  -3.066000044345856E-001
       -1.507099986076355
       -3.516700029373169
       -1.795300006866455
  -5.799999926239252E-003
   6.453999876976013E-001
   5.791000127792358E-001
  -2.480999976396561E-001
       -1.047399997711182
  -3.050000034272671E-002
   1.109999977052212E-002
       -2.622900009155273
       -1.789899945259094
       -2.210900068283081
       -2.035099983215332
  -8.729000091552734E-001
       -1.579100012779236
       -3.463900089263916
       -2.542700052261353
       -2.305399894714356
  -7.612000107765198E-001
        1.196799993515015
        2.384999990463257
        2.090899944305420
   3.795999884605408E-001
  -1.818999946117401E-001
  -1.526000052690506E-001
   2.169000059366226E-001
   7.274000048637390E-001
        1.404600024223328
        2.008800029754639
        1.276999950408936
        1.675199985504150
        4.290699958801270
        3.074100017547607
        2.748399972915649
        2.319900035858154
        1.886100053787231
        1.762300014495850
  -9.499999694526196E-003
  -9.894000291824341E-001
       -1.282099962234497
       -2.240400075912476
  -4.479999840259552E-002
        1.327399969100952
        1.543099999427795
        2.145999908447266
   2.477000057697296E-001
   8.659999817609787E-002
   7.440999746322632E-001
  -5.238000154495239E-001
       -1.980200052261353
       -2.107700109481812
       -4.415900230407715
       -4.967100143432617
       -3.965899944305420
       -1.650400042533875
       -2.575799942016602
       -3.735699892044067
  -3.993999958038330E-001
  -3.434999883174896E-001
       -1.286499977111816
       -1.432299971580505
  -3.204999864101410E-001
        1.410199999809265
   5.363000035285950E-001
  -7.308999896049500E-001
  -3.429000079631805E-001
  -8.371999859809876E-001
  -7.707999944686890E-001
        1.119300007820129
  -5.455999970436096E-001
       -1.203400015830994
       -3.505599975585938
       -1.356500029563904
  -3.562000095844269E-001
  -3.212000131607056E-001
  -4.291999936103821E-001
       -1.304800033569336
       -2.124900102615356
  -1.665000021457672E-001
        2.119800090789795
   3.041999936103821E-001
   8.101000189781189E-001
       -1.735200047492981
       -4.084199905395508
   2.325000017881393E-001
        1.418300032615662
   7.717999815940857E-001
        2.081000089645386
        2.306900024414063
        1.050099968910217
   6.812000274658203E-001
        1.987400054931641
        2.818000078201294
        1.721400022506714
        3.063600063323975
   8.925999999046326E-001
        1.088999986648560
   6.107000112533569E-001
   3.122999966144562E-001
  -5.641000270843506E-001
   7.299999892711639E-002
   1.930000074207783E-002
   9.747999906539917E-001
        2.609200000762940
        1.747400045394898
   5.856999754905701E-001
   8.162999749183655E-001
   2.040999978780747E-001
  -4.190999865531921E-001
  -8.604999780654907E-001
  -9.135000109672546E-001
       -2.735300064086914
       -2.899699926376343
       -4.818999767303467
       -4.424099922180176
       -2.004499912261963
       -2.403199911117554
       -2.443599939346314
   3.460000082850456E-002
  -8.705000281333923E-001
       -1.490100026130676
  -7.220000028610230E-001
   4.280000180006027E-002
  -6.570000201463699E-002
  -9.406999945640564E-001
  -9.883999824523926E-001
       -1.235399961471558
  -6.891999840736389E-001
  -5.055000185966492E-001
       -1.663800001144409
       -2.055000066757202
       -2.393899917602539
       -3.477999925613403
       -1.131500005722046
  -9.502000212669373E-001
       -1.576099991798401
       -2.186700105667114
       -1.433500051498413
        2.711499929428101
        1.397099971771240
        2.333300113677979
  -2.344000041484833E-001
       -3.505100011825562
       -2.878099918365479
       -1.893700003623962
   8.101000189781189E-001
  -5.453000068664551E-001
        2.417399883270264
        1.827499985694885
   9.502000212669373E-001
  -8.011000156402588E-001
   8.508999943733215E-001
        1.219900012016296
        1.463400006294251
        1.435400009155273
   8.769999742507935E-001
        1.197600007057190
   3.583999872207642E-001
  -2.161000072956085E-001
        1.020499944686890
  -5.798000097274780E-001
  -4.625000059604645E-001
       -1.076200008392334
  -1.503999978303909E-001
        2.704299926757813
        2.309900045394898
  -5.020000040531158E-002
       -1.078299999237061
       -2.034300088882446
       -1.095199942588806
       -1.481999993324280
       -2.838000059127808
       -3.948899984359741
       -3.606800079345703
       -3.662100076675415
       -1.056599974632263
       -2.449100017547607
       -4.253200054168701
       -1.833500027656555
       -2.511100053787231
       -1.363000035285950
        1.280300021171570
   3.801000118255615E-001
   6.557999849319458E-001
       -1.453199982643127
       -1.324499964714050
       -1.316799998283386
       -1.066200017929077
   6.273999810218811E-001
       -2.182800054550171
       -1.780599951744080
       -2.145200014114380
       -3.941699981689453
       -2.710599899291992
       -1.939599990844727
       -2.705699920654297
       -2.719399929046631
  -6.169000267982483E-001
        1.500300049781799
  -1.427000015974045E-001
        1.398200035095215
       -2.385600090026856
       -4.786900043487549
       -3.290400028228760
       -2.565500020980835
  -7.124999761581421E-001
  -5.450000166893005E-001
   6.439999938011169E-001
   9.890999794006348E-001
        1.294299960136414
        1.163300037384033
        2.692399978637695
        1.486600041389465
        1.436699986457825
        1.297000050544739
   1.648000031709671E-001
        1.253900051116943
   1.568000018596649E-001
   3.007000088691711E-001
  -2.346999943256378E-001
   3.831000030040741E-001
   7.885000109672546E-001
   6.057999730110169E-001
  -3.788999915122986E-001
  -9.743000268936157E-001
        1.504699945449829
  -4.311000108718872E-001
   9.107999801635742E-001
  -2.597999870777130E-001
       -2.177999973297119
       -2.636699914932251
       -1.746199965476990
       -3.091399908065796
       -4.980299949645996
       -3.011399984359741
       -1.416800022125244
       -1.171300053596497
       -1.368299961090088
       -1.498399972915649
       -2.465600013732910
  -9.449999779462814E-002
        1.554700016975403
   3.310000151395798E-002
  -4.710000008344650E-002
  -1.978999972343445E-001
       -1.041100025177002
  -2.766999900341034E-001
  -5.701000094413757E-001
  -3.629999980330467E-002
       -2.366499900817871
       -2.222500085830689
       -2.708800077438355
       -2.628400087356567
       -3.010499954223633
       -2.371999979019165
       -3.331199884414673
       -3.317699909210205
       -2.922199964523315
   7.451000213623047E-001
  -3.348999917507172E-001
       -1.602399945259094
       -3.407299995422363
       -3.109699964523315
       -3.445600032806397
       -2.770800113677979
  -8.234999775886536E-001
   6.769999861717224E-002
        1.073099970817566
        1.543699979782105
        1.480399966239929
   8.014000058174133E-001
        1.023100018501282
        2.555999994277954
        2.792999982833862
        1.960600018501282
   9.164000153541565E-001
       -1.586300015449524
       -1.067700028419495
       -1.141199946403503
   1.028999984264374E-001
        1.144999980926514
        1.216400027275085
        2.075000047683716
   1.277000010013580E-001
        1.661299943923950
   2.818999886512756E-001
   7.285000085830689E-001
   8.449999988079071E-002
        1.383299946784973
       -1.412899971008301
       -2.157399892807007
  -8.155000209808350E-001
       -2.938899993896484
       -2.472199916839600
       -2.948699951171875
       -2.074500083923340
       -2.566200017929077
       -1.980499982833862
       -1.671000003814697
  -6.435999870300293E-001
  -2.693000137805939E-001
        1.626000046730042
        1.615700006484985
   6.197999715805054E-001
       -1.658900022506714
       -1.533100008964539
  -2.920000068843365E-002
        1.022400021553040
       -1.292899966239929
       -1.397199988365173
       -1.489400029182434
       -2.552200078964233
       -1.051100015640259
       -1.998299956321716
       -3.942600011825562
       -3.168499946594238
       -3.360699892044067
       -3.463099956512451
       -1.959599971771240
  -9.362999796867371E-001
  -4.392000138759613E-001
  -6.653000116348267E-001
       -2.488600015640259
       -2.163599967956543
       -3.087199926376343
   2.750000059604645E-001
        1.441599965095520
        1.797099947929382
        1.210800051689148
        1.245100021362305
   8.496000170707703E-001
        1.163100004196167
        2.388099908828735
        2.055399894714356
        1.786200046539307
        2.146600008010864
  -1.289000064134598E-001
  -3.000000119209290E-001
  -7.278000116348267E-001
  -2.133000046014786E-001
        1.466099977493286
   5.468000173568726E-001
        1.839900016784668
        1.558599948883057
        1.047500014305115
        1.875399947166443
        2.654099941253662
  -9.040000289678574E-002
        1.336699962615967
        1.891399979591370
       -1.421900033950806
       -1.581300020217896
       -1.922600030899048
       -3.308900117874146
       -1.547999978065491
       -3.237400054931641
       -3.870300054550171
       -2.250099897384644
  -5.321999788284302E-001
   6.870000064373016E-002
  -7.264000177383423E-001
  -9.941999912261963E-001
   6.671000123023987E-001
  -8.950999975204468E-001
       -2.407700061798096
       -2.375200033187866
   8.060000091791153E-002
   8.174999952316284E-001
   4.228999912738800E-001
  -7.123000025749207E-001
       -1.571099996566773
  -3.330000117421150E-002
  -8.037999868392944E-001
       -1.640499949455261
       -1.117799997329712
  -2.980000078678131E-001
       -2.575700044631958
       -2.959599971771240
  -2.500999867916107E-001
  -8.161000013351440E-001
       -1.953999996185303
  -3.567000031471252E-001
       -1.043900012969971
       -2.558599948883057
       -2.004100084304810
   6.425999999046326E-001
        2.132800102233887
        2.392699956893921
        2.839799880981445
        1.124400019645691
       -1.355100035667419
        1.498200058937073
        2.654099941253662
   9.301999807357788E-001
        1.715100049972534
        2.022500038146973
  -1.250000018626452E-002
  -7.332999706268311E-001
   2.370000071823597E-002
  -3.093999922275543E-001
        1.675899982452393
   1.319999992847443E-002
        2.812799930572510
        2.484499931335449
   7.382000088691711E-001
        2.677700042724609
   3.290000185370445E-002
        3.839099884033203
        2.765500068664551
        2.423899888992310
        2.413199901580811
   2.892999947071075E-001
       -2.654000043869019
       -1.938099980354309
       -2.288899898529053
       -1.248900055885315
       -2.859600067138672
       -2.203399896621704
   5.637999773025513E-001
  -4.458999931812286E-001
   5.554999709129334E-001
   3.626999855041504E-001
       -1.513499975204468
   3.192999958992004E-001
  -7.764999866485596E-001
       -2.447900056838989
       -1.539199948310852
   5.332999825477600E-001
   7.000000216066837E-003
   3.476999998092651E-001
   5.012000203132629E-001
       -1.507099986076355
  -5.660000070929527E-002
        1.388200044631958
   4.325999915599823E-001
       -1.690400004386902
       -2.499700069427490
       -3.185499906539917
        2.085000038146973
   3.188999891281128E-001
   4.769000113010407E-001
   1.656000018119812E-001
   5.389999747276306E-001
  -4.800000227987766E-003
       -1.428500056266785
       -1.439900040626526
   1.766999959945679E-001
   1.555999964475632E-001
   6.427000164985657E-001
  -7.228999733924866E-001
       -1.306499958038330
  -3.127000033855438E-001
   7.159000039100647E-001
   5.267000198364258E-001
        1.362599968910217
  -3.477999866008759E-001
  -7.681999802589417E-001
  -7.368000149726868E-001
   5.005999803543091E-001
   9.660000354051590E-002
   9.071999788284302E-001
   6.776999831199646E-001
   6.310000270605087E-002
        1.604900002479553
  -9.340000152587891E-001
   3.560999929904938E-001
   6.541000008583069E-001
        1.572299957275391
        2.951200008392334
        5.361499786376953
        3.223999977111816
        2.833400011062622
  -9.189000129699707E-001
  -7.609000205993652E-001
       -1.206400036811829
       -2.176599979400635
   1.375000029802322E-001
       -1.031999945640564
   2.437999993562698E-001
   1.911000013351440E-001
       -1.078600049018860
       -2.106199979782105
       -1.250300049781799
  -7.156999707221985E-001
       -2.956000089645386
       -1.322399973869324
  -3.662999868392944E-001
   1.536999940872192E-001
   1.420000009238720E-002
   8.436999917030335E-001
  -3.404999971389771E-001
       -2.168699979782105
   1.398999989032745E-001
   9.067999720573425E-001
   9.080000221729279E-002
       -2.845400094985962
       -3.560899972915649
       -3.122499942779541
        1.067700028419495
  -6.158999800682068E-001
        1.666499972343445
        1.258800029754639
        1.006000041961670
        2.032999992370606
  -1.102000027894974E-001
   3.513999879360199E-001
       -2.048199892044067
       -1.970199942588806
       -1.008299946784973
  -7.613999843597412E-001
       -1.303799986839294
       -1.199200034141541
  -9.532999992370606E-001
       -1.042099952697754
  -8.230000138282776E-001
       -1.911700010299683
       -1.569499969482422
   2.684000134468079E-001
  -3.113000094890595E-001
        1.189000010490418
  -5.440000072121620E-002
   7.153000235557556E-001
  -9.900000095367432E-001
  -1.150999963283539E-001
  -2.012999951839447E-001
  -4.140999913215637E-001
       -1.481600046157837
   2.143999934196472E-001
        2.895600080490112
        3.869699954986572
        3.639800071716309
        2.861799955368042
   1.812999993562698E-001
  -6.769999861717224E-001
       -1.117400050163269
       -2.317300081253052
       -2.395200014114380
       -2.224299907684326
  -9.000999927520752E-001
  -3.379999846220017E-002
       -1.721099972724915
       -1.730599999427795
       -2.391400098800659
       -2.258500099182129
       -2.484800100326538
       -2.870199918746948
  -9.987999796867371E-001
       -1.660899996757507
  -1.513999998569489E-001
  -5.593000054359436E-001
  -1.219999976456165E-002
       -2.357000112533569
  -9.837999939918518E-001
       -1.338899970054627
       -1.215899944305420
       -2.569900035858154
       -2.245699882507324
  -6.389999985694885E-001
   5.882999897003174E-001
  -3.337999880313873E-001
   7.875000238418579E-001
        1.896499991416931
   6.707999706268311E-001
   8.323000073432922E-001
        1.446900010108948
   4.695000052452087E-001
  -2.187000066041946E-001
  -6.050999760627747E-001
  -7.785999774932861E-001
   2.712000012397766E-001
  -8.931000232696533E-001
   4.833999872207642E-001
   5.101000070571899E-001
   8.715000152587891E-001
  -7.864000201225281E-001
       -2.155100107192993
       -2.857000112533569
       -2.390100002288818
  -4.386000037193298E-001
   2.070000022649765E-001
       -1.029800057411194
   3.546999990940094E-001
        1.614899992942810
  -3.666000068187714E-001
   4.674000144004822E-001
       -1.928799986839294
       -2.258199930191040
   6.061000227928162E-001
        3.210400104522705
        2.662499904632568
        2.167200088500977
  -1.155000030994415E-001
   3.587000072002411E-001
  -7.376999855041504E-001
  -8.906000256538391E-001
  -3.190000057220459E-001
       -1.873100042343140
       -2.986200094223023
       -1.419399976730347
       -1.233800053596497
       -2.089600086212158
       -1.642199993133545
       -1.582900047302246
       -2.284499883651733
       -2.408299922943115
       -1.917899966239929
       -1.391700029373169
       -1.011600017547607
       -2.749399900436401
       -1.870200037956238
       -3.714299917221069
       -3.328700065612793
       -2.635400056838989
       -3.365999937057495
       -2.838500022888184
       -3.580800056457520
       -3.151999950408936
       -1.826799988746643
        1.531700015068054
   9.564999938011169E-001
   3.402999937534332E-001
  -5.008000135421753E-001
   1.759999990463257E-001
  -8.835999965667725E-001
  -4.902999997138977E-001
       -1.580899953842163
       -1.972900032997131
       -1.572999954223633
       -1.959400057792664
       -1.553200006484985
  -3.982000052928925E-001
       -1.536399960517883
  -7.445999979972839E-001
       -1.707100033760071
  -2.806000113487244E-001
   3.522000014781952E-001
       -1.388100028038025
       -2.678499937057495
       -2.607800006866455
       -2.059799909591675
  -4.160000085830689E-001
        1.365100026130676
        1.485700011253357
   7.301999926567078E-001
  -8.705999851226807E-001
       -3.418600082397461
  -6.300000101327896E-002
   2.797999978065491E-001
   7.649999856948853E-002
        1.036800026893616
   7.886000275611877E-001
  -6.789000034332275E-001
  -6.704999804496765E-001
  -1.882999986410141E-001
       -1.090999960899353
       -1.776000022888184
       -1.835100054740906
       -2.314300060272217
       -1.966699957847595
  -9.830999970436096E-001
  -7.967000007629395E-001
       -2.070899963378906
       -2.664400100708008
       -2.434299945831299
       -3.324100017547607
       -1.889899969100952
       -2.084599971771240
       -3.646800041198731
       -4.066100120544434
       -2.330899953842163
       -3.559999942779541
       -5.369200229644775
       -5.339600086212158
       -2.629400014877319
       -3.646600008010864
       -4.752099990844727
       -5.441199779510498
       -4.037700176239014
   7.677999734878540E-001
  -9.424999952316284E-001
       -1.473199963569641
   1.964000016450882E-001
  -1.669999957084656E-002
  -3.772999942302704E-001
       -3.234400033950806
       -4.391099929809570
       -2.798199892044067
       -3.387500047683716
       -2.208199977874756
       -1.654800057411194
  -9.847999811172485E-001
  -5.505999922752380E-001
       -2.115200042724609
       -3.345799922943115
       -2.607300043106079
   2.480000071227551E-002
  -2.388000041246414E-001
       -2.526499986648560
       -2.466099977493286
       -2.838099956512451
       -1.572499990463257
  -1.870999932289124E-001
        1.481899976730347
       -1.795899987220764
       -2.375699996948242
       -2.641900062561035
   2.679999917745590E-002
   5.820000171661377E-002
   5.979999899864197E-002
        1.729300022125244
        1.683200001716614
  -3.578000068664551E-001
       -1.322800040245056
       -1.765599966049194
  -8.574000000953674E-001
       -2.489900112152100
       -3.335700035095215
       -1.681599974632263
       -2.459800004959106
  -1.222999989986420E-001
       -1.149299979209900
       -1.483299970626831
       -1.608000040054321
       -1.059200048446655
       -3.339799880981445
       -3.294800043106079
       -1.428599953651428
       -2.947499990463257
       -4.657299995422363
       -2.167500019073486
       -3.288399934768677
       -4.521699905395508
       -2.571199893951416
       -3.508899927139282
       -4.017399787902832
       -5.175799846649170
       -4.453800201416016
       -4.930399894714356
   4.052000045776367E-001
  -5.706999897956848E-001
  -2.694000005722046E-001
  -6.126999855041504E-001
       -3.359699964523315
       -1.885400056838989
       -3.838200092315674
       -3.580199956893921
       -4.632800102233887
       -6.213600158691406
       -4.582600116729736
       -2.523999929428101
       -1.655400037765503
   9.061999917030335E-001
   1.455000042915344E-001
       -2.641999959945679
       -2.480700016021729
       -2.646500110626221
       -3.562299966812134
       -2.539400100708008
       -2.727999925613403
       -2.648000001907349
       -2.857300043106079
  -8.307999968528748E-001
  -2.202000021934509E-001
   8.417999744415283E-001
       -2.513700008392334
  -5.605999827384949E-001
  -4.280000030994415E-001
        1.018599987030029
  -5.550000071525574E-001
  -5.067999958992004E-001
  -3.804000020027161E-001
  -8.269999921321869E-002
  -8.993999958038330E-001
   5.780000090599060E-001
       -2.203900098800659
       -1.164499998092651
       -3.592299938201904
       -3.095000028610230
       -2.090199947357178
       -1.990399956703186
   8.079999685287476E-002
  -2.284000068902969E-001
  -8.783000111579895E-001
       -2.655900001525879
       -1.741600036621094
       -1.636500000953674
  -7.854999899864197E-001
       -3.516799926757813
       -3.686599969863892
       -3.636899948120117
       -5.844299793243408
       -5.710999965667725
       -3.813999891281128
       -2.416699886322022
       -4.594999790191650
       -4.829199790954590
       -4.772600173950195
       -3.932499885559082
       -1.673499941825867
       -1.615000009536743
  -9.955000281333923E-001
       -2.882600069046021
       -2.243000030517578
       -3.803699970245361
       -3.899300098419190
       -3.680200099945068
       -3.433300018310547
       -3.783099889755249
       -2.869600057601929
       -2.107899904251099
       -2.774499893188477
       -1.241299986839294
       -1.989500045776367
       -1.968400001525879
       -2.841700077056885
       -2.430200099945068
       -3.652100086212158
       -2.315500020980835
       -2.145600080490112
       -2.044699907302856
       -1.181900024414063
       -2.809200048446655
  -9.487000107765198E-001
       -1.067199945449829
       -2.882299900054932
       -1.465199947357178
  -5.500000119209290E-001
   3.449999988079071E-001
  -7.555000185966492E-001
  -8.737000226974487E-001
       -1.524999976158142
       -2.356499910354614
       -2.354399919509888
   1.700000017881393E-001
  -6.290000081062317E-001
       -1.275300025939941
       -1.376000046730042
  -6.608999967575073E-001
       -2.173099994659424
       -1.074300050735474
       -1.011800050735474
        1.052700042724609
   4.800000041723251E-002
       -1.517799973487854
       -2.085799932479858
       -2.682100057601929
       -2.169199943542481
       -5.088300228118897
       -3.574599981307983
       -4.032700061798096
       -5.307099819183350
       -3.373699903488159
       -3.776499986648560
       -4.911300182342529
       -4.724100112915039
       -6.628699779510498
       -4.739799976348877
       -5.117899894714356
       -1.891199946403503
  -5.853000283241272E-001
       -1.267300009727478
   6.758999824523926E-001
       -1.274899959564209
       -3.407999992370606
       -3.004400014877319
       -3.052099943161011
       -2.386199951171875
       -3.035399913787842
  -1.585000008344650E-001
       -2.319499969482422
       -1.331900000572205
       -1.361299991607666
       -1.471899986267090
       -2.797899961471558
       -3.055000066757202
       -4.114999771118164
       -4.731500148773193
       -4.454599857330322
       -3.824100017547607
       -3.321599960327148
       -1.516100049018860
       -2.308900117874146
       -3.957000017166138
       -2.205899953842163
       -3.689699888229370
       -2.059000015258789
       -2.582799911499023
       -2.845700025558472
       -2.062599897384644
       -1.477200031280518
       -2.280499935150147
       -3.159800052642822
  -4.652999937534332E-001
        1.706900000572205
        1.748000025749207
   3.361000120639801E-001
       -1.421800017356873
   9.060999751091003E-001
   9.976000189781189E-001
   7.300000172108412E-003
   5.497999787330627E-001
        1.962499976158142
   6.452000141143799E-001
       -1.495499968528748
       -2.298000097274780
       -1.508700013160706
       -3.983500003814697
       -3.921600103378296
       -3.415499925613403
       -3.317699909210205
       -2.844899892807007
       -3.034800052642822
       -3.447900056838989
       -4.779799938201904
       -5.261000156402588
       -6.424699783325195
       -5.651100158691406
       -6.146999835968018
       -2.881999969482422
   2.831999957561493E-001
  -7.791000008583069E-001
        1.050600051879883
  -8.062000274658203E-001
  -8.830999732017517E-001
       -4.078199863433838
       -4.411200046539307
       -5.564199924468994
       -2.170599937438965
       -1.516000032424927
       -2.283600091934204
       -2.440500020980835
       -3.322900056838989
       -4.013100147247315
       -4.969900131225586
       -4.071800231933594
       -4.009300231933594
       -2.580899953842163
       -4.367400169372559
       -4.406799793243408
       -5.142199993133545
       -4.716800212860107
       -4.999899864196777
       -5.265900135040283
       -3.684200048446655
       -3.390000104904175
       -3.310600042343140
       -2.191699981689453
  -8.162000179290772E-001
       -1.912299990653992
  -8.127999901771545E-001
  -5.212000012397766E-001
  -7.197999954223633E-001
       -3.613100051879883
       -1.777799963951111
  -5.504999756813049E-001
  -5.087000131607056E-001
  -8.894000053405762E-001
        1.483700037002564
        2.145200014114380
        2.535300016403198
        2.442500114440918
        2.881400108337402
        3.001600027084351
        1.011500000953674
   1.380999982357025E-001
        1.044999957084656
       -2.765300035476685
       -3.546099901199341
       -4.673600196838379
       -2.482700109481812
       -3.790699958801270
       -4.692800045013428
       -4.946300029754639
       -4.311100006103516
       -3.832200050354004
       -5.040699958801270
       -5.596099853515625
       -5.669000148773193
       -1.540799975395203
   7.702000141143799E-001
        1.860999941825867
  -2.360000014305115E-001
  -3.104999959468842E-001
       -1.802000045776367
       -4.546100139617920
       -5.148600101470947
       -4.407400131225586
       -1.806200027465820
       -3.204299926757813
       -4.033400058746338
       -2.453900098800659
       -3.530600070953369
       -3.900799989700317
       -2.512900114059448
       -2.290999889373779
       -2.696899890899658
       -4.294499874114990
       -6.453700065612793
       -4.771599769592285
       -6.151899814605713
       -6.255000114440918
       -6.036699771881104
       -4.966899871826172
       -3.852400064468384
       -4.694900035858154
       -2.035700082778931
       -2.156800031661987
  -4.812000095844269E-001
       -1.490200042724609
  -8.669000267982483E-001
  -4.661000072956085E-001
  -4.038000106811523E-001
       -1.663100004196167
       -1.696499943733215
       -2.179899930953980
       -1.377599954605103
  -5.240000039339066E-002
   4.551999866962433E-001
        3.894099950790405
        3.034199953079224
        3.916399955749512
        2.928299903869629
        1.749699950218201
   9.459999948740006E-002
  -5.979999899864197E-001
   6.723999977111816E-001
  -6.668999791145325E-001
       -1.494799971580505
       -2.026499986648560
       -2.797100067138672
       -3.679100036621094
       -3.674999952316284
       -4.119800090789795
       -4.289599895477295
       -2.047699928283691
       -3.317300081253052
       -4.492400169372559
       -5.138299942016602
        1.405699968338013
        1.531000018119812
  -3.996999859809876E-001
  -7.440000176429749E-001
       -1.118999958038330
       -2.706700086593628
       -3.878099918365479
       -3.679300069808960
       -2.460099935531616
       -2.437700033187866
       -1.270200014114380
       -3.196599960327148
       -2.466500043869019
       -1.643100023269653
       -3.399699926376343
       -2.280699968338013
       -1.157799959182739
       -3.683399915695190
       -5.535799980163574
       -5.338500022888184
       -6.669700145721436
       -5.177499771118164
       -4.740799903869629
       -4.687399864196777
       -4.930900096893311
       -4.339200019836426
       -3.170200109481812
       -1.374899983406067
       -1.233100056648254
       -1.462800025939941
       -1.538200020790100
  -6.909999847412109E-001
  -6.146000027656555E-001
       -1.931399941444397
       -1.590000033378601
       -1.285899996757507
       -2.780900001525879
       -2.817500114440918
       -1.852499961853027
   9.484000205993652E-001
        1.565899968147278
        3.194700002670288
        2.910000085830689
        3.868200063705444
   6.571000218391419E-001
        1.052899956703186
       -1.344499945640564
   4.666999876499176E-001
  -5.769000053405762E-001
       -2.381599903106690
       -1.080299973487854
       -3.355499982833862
       -2.338200092315674
       -2.880899906158447
       -3.470999956130981
       -2.157399892807007
       -2.556900024414063
       -4.362599849700928
       -4.127900123596191
       -3.779500007629395
        1.166200041770935
   8.410999774932861E-001
       -1.429399967193604
       -1.303900003433228
       -1.915599942207336
       -5.073999881744385
       -3.103699922561646
       -4.115099906921387
  -7.289999723434448E-001
       -1.945399999618530
       -4.728300094604492
       -2.759999990463257
       -4.216300010681152
       -4.332799911499023
       -4.527900218963623
       -4.570000171661377
       -4.237899780273438
       -4.211400032043457
       -3.166100025177002
       -3.777499914169312
       -5.002699851989746
       -5.556000232696533
       -5.612500190734863
       -3.200700044631958
       -5.236800193786621
       -4.576099872589111
       -2.710299968719482
  -5.080999732017517E-001
  -3.030999898910523E-001
       -2.349999904632568
       -1.449200034141541
       -1.508900046348572
   8.421999812126160E-001
  -7.773000001907349E-001
  -3.393999934196472E-001
   6.969000101089478E-001
       -2.795399904251099
       -2.798099994659424
       -1.154899954795837
   4.092999994754791E-001
   5.889999866485596E-002
        1.280200004577637
        1.780200004577637
        2.898600101470947
        2.169199943542481
        2.218100070953369
   9.621999859809876E-001
  -2.231999933719635E-001
       -1.198799967765808
  -1.071999967098236E-001
       -1.901299953460693
       -3.064199924468994
       -1.365599989891052
       -2.380399942398071
       -2.048099994659424
       -2.138000011444092
       -4.006199836730957
       -6.328000068664551
       -2.040600061416626
       -3.973900079727173
        1.143499970436096
        1.455299973487854
  -9.441000223159790E-001
  -6.687999963760376E-001
   7.957999706268311E-001
       -1.677999973297119
       -5.052299976348877
       -4.723800182342529
       -3.520699977874756
       -2.089900016784668
       -4.420700073242188
       -4.337299823760986
       -4.449299812316895
       -4.264599800109863
       -5.446700096130371
       -3.268399953842163
       -5.380899906158447
       -3.412499904632568
       -3.112900018692017
       -2.553100109100342
       -3.406699895858765
       -2.226399898529053
       -3.294500112533569
       -2.062700033187866
       -3.773400068283081
       -2.617899894714356
  -5.207999944686890E-001
  -5.809999704360962E-001
        1.638100028038025
   3.544999957084656E-001
       -1.891700029373169
  -2.763000130653381E-001
  -2.825999855995178E-001
  -4.494000077247620E-001
        1.212100028991699
        1.114199995994568
   1.459999978542328E-001
       -1.250599980354309
  -6.559000015258789E-001
       -2.016599893569946
       -1.228299975395203
       -1.064000010490418
   1.440999954938889E-001
   2.684000134468079E-001
  -7.207999825477600E-001
  -1.050999984145165E-001
        1.815500020980835
  -7.692999839782715E-001
       -1.306699991226196
       -1.938300013542175
  -6.212999820709229E-001
       -2.161499977111816
  -9.268000125885010E-001
       -1.211799979209900
       -4.022900104522705
       -1.748100042343140
       -2.422199964523315
       -2.665699958801270
       -2.317100048065186
       -4.654699802398682
        1.102800011634827
        2.792299985885620
        1.946499943733215
   3.616000115871429E-001
   7.140000164508820E-002
  -5.541999936103821E-001
       -2.236700057983398
       -3.621599912643433
       -3.708100080490112
       -2.134000062942505
       -4.094399929046631
       -3.166399955749512
       -4.961500167846680
       -5.129399776458740
       -4.655200004577637
       -6.897799968719482
       -3.715600013732910
       -3.532000064849854
       -3.206500053405762
       -3.222399950027466
       -3.734699964523315
       -2.632299900054932
  -5.745000243186951E-001
  -1.362999975681305E-001
  -6.887000203132629E-001
       -1.023399949073792
   1.616999953985214E-001
        2.733900070190430
        2.609800100326538
   8.888000249862671E-001
  -8.410000205039978E-001
       -1.365599989891052
   5.579000115394592E-001
        1.054900050163269
        1.743299961090088
        1.364500045776367
        1.495200037956238
  -2.833999991416931E-001
  -1.027000024914742E-001
       -2.276700019836426
       -2.379899978637695
       -2.997800111770630
       -1.646700024604797
  -2.163999974727631E-001
   4.393999874591827E-001
  -1.800999939441681E-001
   2.721000015735626E-001
   1.374000012874603E-001
  -4.907000064849854E-001
       -1.693799972534180
       -1.152699947357178
       -1.160099983215332
       -1.290099978446960
  -8.471000194549561E-001
  -2.592000067234039E-001
   4.800000227987766E-003
  -9.380000233650208E-001
  -7.642999887466431E-001
   1.764999926090241E-001
       -1.008200049400330
  -9.883999824523926E-001
        1.066200017929077
   6.412000060081482E-001
   5.070999860763550E-001
   3.961000144481659E-001
  -8.094999790191650E-001
       -1.811100006103516
       -1.611600041389465
       -1.182700037956238
       -3.521800041198731
       -2.221199989318848
       -3.012399911880493
       -4.613699913024902
       -3.478699922561646
       -2.305900096893311
       -4.613500118255615
       -3.072099924087524
       -4.483099937438965
       -4.970699787139893
       -3.644299983978272
       -2.569999933242798
       -2.264100074768066
  -8.149999976158142E-001
   3.783999979496002E-001
   6.546000242233276E-001
        2.908799886703491
        2.488899946212769
        3.486500024795532
        3.656599998474121
   3.104999959468842E-001
   5.964999794960022E-001
        1.019099950790405
        1.361199975013733
   9.889000058174133E-001
        1.589300036430359
        2.295900106430054
        1.913699984550476
        2.000499963760376
   8.971999883651733E-001
       -1.289100050926209
       -3.210000038146973
       -1.874500036239624
  -3.779999911785126E-002
   6.895999908447266E-001
   8.230000138282776E-001
       -2.029999971389771
       -1.538699984550476
  -4.180000126361847E-001
  -2.820999920368195E-001
  -8.489999771118164E-001
       -1.769299983978272
  -2.594999969005585E-001
       -3.325999975204468
       -2.370899915695190
   1.792999953031540E-001
        2.477299928665161
   1.652999967336655E-001
   3.910000026226044E-001
   2.903000116348267E-001
       -1.185400009155273
  -9.329000115394592E-001
  -2.540000081062317E-001
  -4.564999938011169E-001
       -1.009500026702881
       -1.585199952125549
       -2.654299974441528
       -2.392199993133545
   8.910000324249268E-002
       -1.152500033378601
       -1.979699969291687
       -2.171799898147583
       -2.434600114822388
  -2.025000005960465E-001
       -2.658099889755249
       -2.124200105667114
       -2.121900081634522
       -3.851300001144409
       -3.399499893188477
       -1.872099995613098
       -2.629699945449829
  -9.279999732971191E-001
       -2.453799962997437
       -1.104500055313110
   7.796999812126160E-001
        1.553699970245361
        4.848499774932861
        4.981500148773193
        4.760799884796143
        3.481600046157837
        4.639400005340576
        1.922700047492981
        3.023099899291992
        2.170900106430054
        3.053900003433228
        4.024000167846680
        5.173500061035156
   9.355999827384949E-001
        3.040600061416626
        1.694399952888489
       -1.131700038909912
       -1.924800038337708
   5.236999988555908E-001
   8.270999789237976E-001
   7.558000087738037E-001
        1.327000021934509
  -7.268000245094299E-001
       -2.205899953842163
  -3.788000047206879E-001
  -8.009999990463257E-002
       -1.638200044631958
       -1.155400037765503
       -1.558699965476990
       -1.617699980735779
  -6.686000227928162E-001
       -2.607199907302856
  -3.709999844431877E-002
   2.179999947547913E-001
  -3.490999937057495E-001
        1.150699973106384
  -3.316999971866608E-001
  -2.800999879837036E-001
  -8.805000185966492E-001
  -4.230999946594238E-001
  -1.899999976158142E-001
       -1.590899944305420
       -2.045700073242188
       -1.609899997711182
  -2.229000031948090E-001
  -7.853000164031982E-001
       -1.285699963569641
       -1.307399988174439
  -5.699999928474426E-001
       -1.285099983215332
  -1.376000046730042E-001
   6.772000193595886E-001
  -6.468999981880188E-001
       -2.038300037384033
       -3.457900047302246
       -2.907999992370606
       -2.015399932861328
  -9.517999887466431E-001
       -1.779700040817261
  -6.654000282287598E-001
        1.219900012016296
        1.623200058937073
        4.593900203704834
        5.050499916076660
        3.807199954986572
        3.322099924087524
        2.946399927139282
        3.836499929428101
        2.466500043869019
        2.849100112915039
        4.842400074005127
        2.855799913406372
        4.420400142669678
        4.244599819183350
        2.895900011062622
        2.217700004577637
   3.061000108718872E-001
   4.225000143051148E-001
  -7.746000289916992E-001
  -4.695999920368195E-001
  -3.343999981880188E-001
  -4.494999945163727E-001
  -7.319999933242798E-001
       -2.480400085449219
        1.570700049400330
   1.977999955415726E-001
  -5.512999892234802E-001
       -1.851099967956543
  -2.763000130653381E-001
   3.910999894142151E-001
       -1.294899940490723
  -9.621000289916992E-001
  -9.628000259399414E-001
  -1.397999972105026E-001
   8.234000205993652E-001
   9.619999676942825E-002
  -9.731000065803528E-001
  -7.519999742507935E-001
       -1.239199995994568
  -3.874999880790710E-001
       -1.388800024986267
       -2.174700021743774
       -3.809299945831299
       -3.030400037765503
  -5.443000197410584E-001
       -1.262599945068359
   6.100999712944031E-001
   2.859999984502792E-002
       -1.475299954414368
       -1.494099974632263
   1.750999987125397E-001
        1.849699974060059
  -8.501999974250794E-001
  -1.476999968290329E-001
       -2.336100101470947
       -3.108599901199341
       -2.448199987411499
  -5.241000056266785E-001
       -1.269400000572205
  -7.551000118255615E-001
  -3.134999871253967E-001
        3.165400028228760
        4.692699909210205
        4.343900203704834
        4.491600036621094
        5.004600048065186
        2.986099958419800
        5.494699954986572
        4.580699920654297
        4.250299930572510
        3.470299959182739
        3.230900049209595
        5.729899883270264
        4.290100097656250
        3.513600111007690
        4.640399932861328
        2.099499940872192
        2.282099962234497
        2.698600053787231
        2.700799942016602
   4.273000061511993E-001
       -1.603800058364868
       -1.634500026702881
       -1.152999997138977
       -1.681900024414063
       -1.753800034523010
   3.515999913215637E-001
       -1.405699968338013
  -8.144999742507935E-001
   6.972000002861023E-001
       -1.833799958229065
       -1.139899969100952
  -6.708999872207642E-001
  -9.667000174522400E-001
  -8.332999944686890E-001
  -5.727999806404114E-001
  -9.538999795913696E-001
  -3.867999911308289E-001
  -4.609999954700470E-001
       -1.140400052070618
       -3.395699977874756
       -4.214000225067139
       -3.599699974060059
       -2.095400094985962
  -9.395999908447266E-001
   3.480000048875809E-002
   7.562000155448914E-001
   2.912000119686127E-001
  -8.625000119209290E-001
  -6.589000225067139E-001
  -2.113000005483627E-001
   1.213999986648560E-001
  -3.896999955177307E-001
   9.329999983310700E-002
  -9.544000029563904E-001
       -1.834599971771240
       -1.494199991226196
       -1.050999999046326
  -8.612999916076660E-001
  -3.066000044345856E-001
  -1.754000037908554E-001
   7.630000114440918E-001
        3.231699943542481
        3.391000032424927
        4.185500144958496
        5.165100097656250
        4.434199810028076
        5.256899833679199
        6.144599914550781
        3.840899944305420
        2.308000087738037
        4.199200153350830
        4.931799888610840
        4.211299896240234
        4.310200214385986
        3.324100017547607
        2.749900102615356
        2.849699974060059
        3.992000102996826
        1.319900035858154
        1.503200054168701
   1.127000004053116E-001
   1.923000067472458E-001
  -5.759999901056290E-002
   9.720000028610230E-001
        1.831400036811829
        1.551399946212769
   2.064999938011169E-001
       -2.144399881362915
   4.081000089645386E-001
        1.487699985504150
  -4.375999867916107E-001
       -1.394700050354004
  -5.846999883651733E-001
       -1.023699998855591
       -2.987799882888794
       -1.611700057983398
   2.574999928474426E-001
  -7.024000287055969E-001
       -1.895699977874756
       -1.315700054168701
       -1.954200029373169
       -2.130000114440918
       -2.976599931716919
       -2.183599948883057
  -5.838000178337097E-001
   9.470000118017197E-002
   3.221000134944916E-001
  -3.122000098228455E-001
  -9.910000115633011E-002
  -5.759999901056290E-002
   1.860000006854534E-002
        1.888599991798401
   4.893999993801117E-001
   5.069000124931335E-001
   9.261000156402588E-001
  -2.879000008106232E-001
  -2.248000055551529E-001
        1.054999947547913
   4.571000039577484E-001
        1.640400052070618
  -6.319999694824219E-002
   9.661999940872192E-001
        1.680400013923645
        3.167099952697754
        6.216000080108643
        5.329999923706055
        5.458499908447266
        4.647900104522705
        2.062500000000000
        4.918900012969971
        4.603499889373779
        4.797599792480469
        5.337200164794922
        6.459799766540527
        3.474600076675415
        2.427999973297119
        4.190299987792969
        2.489200115203857
        1.434200048446655
        2.077899932861328
   9.707999825477600E-001
        1.144199967384338
   2.561999857425690E-001
        1.533599972724915
  -6.423000097274780E-001
  -3.003999888896942E-001
       -1.333899974822998
  -6.123999953269959E-001
   9.696000218391419E-001
        1.566900014877319
  -3.515000045299530E-001
  -9.344999790191650E-001
   6.003999710083008E-001
   6.057999730110169E-001
  -8.625000119209290E-001
  -6.607999801635742E-001
        1.817600011825562
  -3.792000114917755E-001
       -1.577399969100952
   1.169999968260527E-002
  -6.140000224113464E-001
       -1.641700029373169
       -3.995599985122681
       -2.819000005722046
  -5.031999945640564E-001
  -3.005000054836273E-001
  -5.135999917984009E-001
   2.874000072479248E-001
  -1.946000009775162E-001
   2.867000102996826E-001
   8.366000056266785E-001
   8.887000083923340E-001
   2.353000044822693E-001
        1.184800028800964
        1.707100033760071
  -2.743000090122223E-001
       -1.015799999237061
        2.166300058364868
   2.637999951839447E-001
   7.738000154495239E-001
   2.091999948024750E-001
        1.055199980735779
        2.572299957275391
        3.900399923324585
        4.799499988555908
        4.931200027465820
        4.408899784088135
        3.346699953079224
        3.929500102996826
        6.355800151824951
        4.103199958801270
        3.781399965286255
        4.736000061035156
        5.955200195312500
        5.981800079345703
        5.056499958038330
        3.412499904632568
        1.143700003623962
        2.419399976730347
        1.637300014495850
        2.056799888610840
       -1.542999982833862
  -9.991000294685364E-001
       -2.365900039672852
  -6.578000187873840E-001
   7.624999880790710E-001
       -1.378800034523010
   4.327999949455261E-001
  -3.819999843835831E-002
  -4.056000113487244E-001
   6.284000277519226E-001
        1.570399999618530
        2.452399969100952
  -2.764999866485596E-001
  -7.185000181198120E-001
       -2.252399921417236
        3.277199983596802
   9.799000024795532E-001
  -2.257999926805496E-001
   1.304000020027161E-001
   5.885000228881836E-001
  -7.894999980926514E-001
       -2.076499938964844
       -1.802500009536743
   8.266000151634216E-001
        1.313500046730042
        3.301800012588501
        3.821099996566773
        1.491899967193604
  -6.150000169873238E-002
  -3.831999897956848E-001
        1.449399948120117
        3.963399887084961
        3.380800008773804
        1.927199959754944
  -9.502000212669373E-001
   9.419000148773193E-001
        2.018800020217896
  -1.642999947071075E-001
        1.209400057792664
   4.463999867439270E-001
        3.588999986648560
        3.536999940872192
        2.099400043487549
        1.970199942588806
        3.354599952697754
        4.071499824523926
        4.716300010681152
        4.966800212860107
        3.884799957275391
        3.434000015258789
        3.584000110626221
        4.109099864959717
        6.431200027465820
        6.722000122070313
        4.396599769592285
        4.362800121307373
        3.853899955749512
        2.449899911880493
        2.768199920654297
  -8.403000235557556E-001
       -1.637599945068359
       -1.343999981880188
       -1.034600019454956
       -2.896800041198731
       -2.337399959564209
       -1.930899977684021
  -9.362000226974487E-001
  -1.289000064134598E-001
   5.679000020027161E-001
   6.629999876022339E-001
        2.920599937438965
        2.163100004196167
  -4.494999945163727E-001
  -5.827999711036682E-001
  -3.810000121593475E-001
        1.521399974822998
   7.669000029563904E-001
  -9.110999703407288E-001
       -1.969599962234497
       -2.167599916458130
       -3.424999952316284
       -1.746700048446655
  -7.501999735832214E-001
       -1.692100048065186
        2.022200107574463
        3.400099992752075
        3.492300033569336
  -2.527999877929688E-001
       -1.674000024795532
  -9.103999733924866E-001
        1.776800036430359
        1.947900056838989
        2.302700042724609
        1.986600041389465
   3.336000144481659E-001
   3.129000067710877E-001
   6.890000104904175E-001
        1.593299984931946
  -9.679999947547913E-002
        2.694799900054932
        2.299599885940552
   5.019999742507935E-001
        1.466400027275085
        2.345400094985962
        2.359699964523315
        2.788199901580811
        2.888999938964844
        5.233300209045410
        4.353600025177002
        3.817399978637695
        2.811399936676025
        3.463200092315674
        4.389400005340576
        6.350299835205078
        4.393000125885010
        5.279099941253662
        3.979700088500977
        2.726300001144409
        1.593899965286255
   4.266000092029572E-001
  -2.603000104427338E-001
       -2.512200117111206
       -3.613600015640259
       -3.143300056457520
       -2.956000089645386
       -3.556499958038330
       -1.465600013732910
  -8.737999796867371E-001
   2.185000032186508E-001
        1.589300036430359
   4.031000137329102E-001
   7.763000130653381E-001
        1.926900029182434
       -1.274899959564209
  -6.374999880790710E-001
        2.148900032043457
   4.059999883174896E-001
       -1.879699945449829
       -4.046500205993652
       -3.497499942779541
       -1.965999960899353
       -1.956699967384338
  -5.672000050544739E-001
       -1.010100007057190
   6.409999728202820E-002
        3.094700098037720
        4.014900207519531
   6.262999773025513E-001
  -7.128999829292297E-001
   6.549999713897705E-001
        1.118199944496155
        1.503499984741211
        1.008700013160706
  -1.112999990582466E-001
        2.391099929809570
  -3.449999988079071E-001
        1.520300030708313
        1.490300059318543
        1.610000014305115
        1.042199969291687
        1.965700030326843
   8.636000156402588E-001
  -2.842000126838684E-001
   5.710000172257423E-002
  -5.673999786376953E-001
       -1.077700018882752
        2.648699998855591
        2.783200025558472
        4.284299850463867
        2.057100057601929
        1.524600028991699
   8.733000159263611E-001
        3.376699924468994
        4.604000091552734
        4.509799957275391
        4.593299865722656
        2.892899990081787
        3.271500110626221
        2.296600103378296
   9.297000169754028E-001
       -1.164700031280518
       -2.088799953460693
       -2.565799951553345
       -3.641900062561035
       -2.574899911880493
       -2.886800050735474
       -1.288900017738342
  -1.368999928236008E-001
        1.266700029373169
   2.560999989509583E-001
       -1.078600049018860
       -1.998800039291382
   9.040000289678574E-002
  -3.993999958038330E-001
  -8.127999901771545E-001
   7.297999858856201E-001
   1.939000040292740E-001
       -1.634600043296814
  -9.106000065803528E-001
       -2.941499948501587
       -1.167299985885620
       -1.601600050926209
  -3.258000016212463E-001
   6.406999826431274E-001
        1.174800038337708
        3.594700098037720
        4.086100101470947
        4.965300083160400
        3.987099885940552
        2.179399967193604
        3.022200107574463
   9.057000279426575E-001
  -1.009999960660934E-002
  -7.429999858140945E-002
        1.253600001335144
  -7.098000049591065E-001
   6.870000064373016E-002
  -3.321999907493591E-001
  -4.221999943256378E-001
   6.894999742507935E-001
   6.729000210762024E-001
   2.579999864101410E-001
   2.883000075817108E-001
       -2.376499891281128
       -3.779200077056885
       -1.460600018501282
   1.033999994397163E-001
   8.981000185012817E-001
  -6.520000100135803E-002
  -6.879000067710877E-001
       -1.199200034141541
   2.484000027179718E-001
        2.082499980926514
        2.363500118255615
        2.511699914932251
        3.352799892425537
        3.507299900054932
        2.486099958419800
        2.260200023651123
        2.193000078201294
  -7.405999898910523E-001
       -2.661200046539307
       -2.491300106048584
       -5.030200004577637
       -2.974400043487549
       -2.255700111389160
       -1.974499940872192
  -3.790000081062317E-002
   9.523000121116638E-001
        1.065199971199036
       -2.354599952697754
  -5.706999897956848E-001
        1.664000034332275
        1.156999945640564
  -1.412000060081482E-001
   3.036000132560730E-001
  -2.454999983310700E-001
  -7.320000231266022E-002
  -8.725000023841858E-001
       -1.575399994850159
  -8.612999916076660E-001
        1.300899982452393
   1.475999951362610E-001
   7.322000265121460E-001
        3.007999897003174
        4.704999923706055
        4.055200099945068
        7.248099803924561
        5.794600009918213
        2.755899906158447
        2.766700029373169
        1.115100026130676
       -1.187700033187866
       -3.295700073242188
       -2.211299896240234
       -1.840000033378601
       -2.000799894332886
       -2.277499914169312
       -1.931900024414063
   1.244999989867210E-001
   7.868000268936157E-001
        2.710200071334839
        1.611600041389465
       -1.254099965095520
       -3.677700042724609
       -2.795000076293945
   4.763999879360199E-001
   5.378999710083008E-001
   4.084999859333038E-001
       -1.087000012397766
  -7.433000206947327E-001
        1.217000007629395
        1.631800055503845
        3.025199890136719
        1.546499967575073
        3.384399890899658
        3.443799972534180
        2.797399997711182
        3.069900035858154
   5.899000167846680E-001
  -9.470000267028809E-001
       -1.863199949264526
       -3.761800050735474
       -3.871099948883057
       -3.635400056838989
       -1.514999985694885
  -9.302999973297119E-001
       -1.161200046539307
  -5.357999801635742E-001
   1.006999984383583E-001
       -1.233999967575073
  -9.835000038146973E-001
  -7.263000011444092E-001
        1.461699962615967
  -4.417999982833862E-001
  -6.427000164985657E-001
  -3.397000133991242E-001
       -1.076300024986267
   7.357000112533569E-001
       -1.453500032424927
  -6.783000230789185E-001
  -9.250000119209290E-001
       -1.371999979019165
        2.010200023651123
        3.834800004959106
        4.319799900054932
        3.756000041961670
        3.010699987411499
        1.955999970436096
        2.063199996948242
   5.224000215530396E-001
        1.138900041580200
   1.638000011444092E-001
       -1.757799983024597
   7.425000071525574E-001
       -1.653399944305420
       -1.637699961662293
       -2.863199949264526
       -2.927900075912476
       -2.897700071334839
   3.273999989032745E-001
        1.106699943542481
       -1.238000035285950
       -2.913300037384033
       -2.588000059127808
       -1.591799974441528
  -4.156999886035919E-001
       -1.342900037765503
   6.248999834060669E-001
  -7.343999743461609E-001
        1.173300027847290
   9.732999801635742E-001
        2.977400064468384
        3.269999980926514
        3.289599895477295
        2.621700048446655
        3.328799962997437
        1.222499966621399
  -2.495000064373016E-001
   6.469999998807907E-002
       -1.738999962806702
  -5.612000226974487E-001
       -3.072400093078613
       -4.269899845123291
       -3.351599931716919
  -7.027999758720398E-001
        1.041100025177002
  -8.891999721527100E-001
       -3.248100042343140
       -4.581099987030029
       -2.113199949264526
       -2.611900091171265
  -2.601000070571899E-001
        1.327100038528442
        2.354899883270264
   7.375000119209290E-001
        1.115200042724609
   5.066999793052673E-001
   7.756999731063843E-001
       -1.130800008773804
  -4.749999940395355E-002
       -1.156599998474121
  -2.942000031471252E-001
        1.635400056838989
        2.520499944686890
        2.502000093460083
        1.604900002479553
        1.906700015068054
  -1.536999940872192E-001
  -4.019999876618385E-002
        1.187399983406067
        2.100100040435791
        1.004699945449829
       -1.105900049209595
  -1.653999984264374E-001
   1.211000010371208E-001
  -8.436999917030335E-001
  -8.840000033378601E-001
       -1.196200013160706
       -1.522400021553040
   8.323000073432922E-001
       -1.934599995613098
       -1.601999998092651
       -2.047300100326538
       -3.161299943923950
  -1.577000021934509E-001
   6.837000250816345E-001
  -6.187000274658203E-001
   3.801000118255615E-001
        2.242199897766113
        1.518900036811829
        2.169699907302856
        2.909399986267090
        3.829099893569946
        3.055500030517578
        1.328500032424927
        1.542700052261353
        1.721199989318848
   1.946000009775162E-001
  -6.365000009536743E-001
       -1.573099970817566
  -9.876000285148621E-001
  -3.999999898951501E-004
       -1.730200052261353
        1.386000037193298
   5.975999832153320E-001
        1.989899992942810
  -8.328999876976013E-001
       -1.434200048446655
       -2.615400075912476
       -1.863499999046326
       -4.127500057220459
       -2.243700027465820
  -1.181999966502190E-001
   2.379000037908554E-001
  -8.095999956130981E-001
   6.915000081062317E-001
   4.573999941349030E-001
       -1.372300028800964
       -1.042899966239929
       -2.580800056457520
       -2.160099983215332
  -7.617999911308289E-001
        2.079799890518189
        4.921500205993652
        4.245200157165527
        1.860200047492981
        1.309800028800964
   7.060999870300293E-001
  -1.659000068902969E-001
   4.654000103473663E-001
        2.056699991226196
  -3.179999887943268E-001
   2.017000019550324E-001
        1.663699984550476
   1.779000014066696E-001
       -2.100300073623657
       -2.637799978256226
       -2.599900007247925
       -1.661000013351440
       -1.050099968910217
       -2.539599895477295
       -1.542400002479553
       -1.113000035285950
       -1.091699957847595
  -9.919000267982483E-001
   1.013000011444092E-001
   2.202000021934509E-001
  -2.347999960184097E-001
        2.194499969482422
        3.841399908065796
        3.502500057220459
        3.536000013351440
        4.247300148010254
        2.892499923706055
        2.826800107955933
        2.190799951553345
   7.052999734878540E-001
  -4.298000037670136E-001
       -1.649899959564209
       -1.782600045204163
  -9.103000164031982E-001
        1.192600011825562
        1.743999958038330
        1.805199980735779
        1.375300049781799
        1.912600040435791
   3.948000073432922E-001
  -8.831999897956848E-001
       -1.514000058174133
  -1.613000035285950E-001
       -1.025900006294251
       -2.359600067138672
       -2.063400030136108
        1.308599948883057
       -3.890799999237061
       -1.712399959564209
       -1.246500015258789
       -1.760800004005432
       -1.744199991226196
       -2.523000001907349
       -3.193099975585938
  -1.020999997854233E-001
        1.862699985504150
        3.534300088882446
        3.313199996948242
        2.336800098419190
        1.458299994468689
   8.770999908447266E-001
        1.601099967956543
        3.043900012969971
   7.100999951362610E-001
  -4.248000085353851E-001
   2.658999860286713E-001
   3.359000086784363E-001
  -1.580000072717667E-001
   1.040000021457672E-001
  -9.506999850273132E-001
       -2.089099884033203
       -2.302200078964233
       -1.351600050926209
       -1.270900011062622
       -1.274999976158142
  -1.111999973654747E-001
  -3.846000134944916E-001
   7.729999721050263E-002
  -8.812999725341797E-001
   5.199000239372253E-001
       -2.555200099945068
   5.177000164985657E-001
        4.032800197601318
        2.682800054550171
        4.048399925231934
        2.651799917221069
        1.232499957084656
        2.316099882125855
   4.941999912261963E-001
   4.217000007629395E-001
   6.621000170707703E-001
       -1.013100028038025
       -1.556599974632263
  -4.404000043869019E-001
        1.208600044250488
        2.900899887084961
        5.556399822235107
        3.389300107955933
        4.004899978637695
        1.717000007629395
        2.217900037765503
        1.372699975967407
        1.037700057029724
  -3.200000151991844E-002
   4.449999928474426E-001
  -7.946000099182129E-001
       -1.783800005912781
       -3.928400039672852
       -4.018700122833252
       -3.346400022506714
       -4.249899864196777
       -4.192100048065186
       -2.682199954986572
  -9.149999916553497E-002
       -1.283499956130981
   7.253999710083008E-001
        1.314100027084351
        2.904799938201904
        1.413699984550476
   6.121000051498413E-001
   7.822999954223633E-001
   1.974000036716461E-001
        1.876700043678284
        3.684999942779541
        2.797100067138672
        1.239699959754944
        1.262099981307983
        1.059499979019165
   9.434999823570252E-001
  -8.054000139236450E-001
       -2.303900003433228
       -2.364099979400635
       -1.375300049781799
  -3.000000119209290E-001
       -1.169999957084656
       -1.093199968338013
        1.208600044250488
        1.828799962997437
        1.286299943923950
       -1.640300035476685
       -1.894700050354004
  -1.159000024199486E-001
        3.026599884033203
        1.326099991798401
        2.576600074768066
        2.738199949264526
        1.174399971961975
  -7.982000112533569E-001
   3.680000007152557E-001
  -6.144999861717224E-001
   4.176000058650971E-001
   8.449999988079071E-002
  -7.710000127553940E-002
   9.160000085830689E-002
        2.601799964904785
        4.958399772644043
        6.329299926757813
        2.892299890518189
        3.073299884796143
        2.946199893951416
        2.723799943923950
        2.472800016403198
        2.329400062561035
        1.056499958038330
   2.804999947547913E-001
       -1.004999995231628
       -1.180799961090088
       -4.256999969482422
       -3.876899957656860
       -2.918100118637085
       -4.808000087738037
       -4.672699928283691
       -4.348199844360352
       -2.357800006866455
  -7.649999856948853E-001
       -1.419199943542481
   7.148000001907349E-001
        1.495499968528748
   5.300999879837036E-001
   2.858000099658966E-001
        1.247400045394898
  -1.404000073671341E-001
  -1.290000043809414E-002
        1.687299966812134
        2.155400037765503
        1.666800022125244
   8.669000267982483E-001
        2.710799932479858
   6.304000020027161E-001
  -5.716999769210815E-001
       -2.256299972534180
       -2.709899902343750
       -2.586299896240234
       -1.229699969291687
  -3.318000137805939E-001
        1.256700038909912
        2.726300001144409
        2.534600019454956
        1.533400058746338
   3.934000134468079E-001
       -1.093400001525879
  -5.615000128746033E-001
        2.209700107574463
   9.344999790191650E-001
        1.357800006866455
        1.021399974822998
        1.091300010681152
       -1.450299978256226
  -5.964000225067139E-001
  -8.558999896049500E-001
  -5.218999981880188E-001
  -3.937000036239624E-001
   2.752000093460083E-001
  -4.270000010728836E-002
        2.333100080490112
        5.768000125885010
        5.271299839019775
        2.850800037384033
        1.470299959182739
        1.530799984931946
        2.616199970245361
        1.821400046348572
        1.105399966239929
   6.966000199317932E-001
       -1.404899954795837
       -1.776499986648560
  -9.693999886512756E-001
       -6.525400161743164
       -5.742000102996826
       -6.179100036621094
       -4.777900218963623
       -3.856499910354614
       -4.734799861907959
       -1.592499971389771
  -1.870999932289124E-001
  -9.463999867439270E-001
       -1.415400028228760
   8.957999944686890E-001
       -3.355299949645996
  -9.129999876022339E-001
        1.076099991798401
   5.274999737739563E-001
        1.250599980354309
        3.180900096893311
        2.904799938201904
   5.746999979019165E-001
        1.204699993133545
        1.099099993705750
   2.897000014781952E-001
  -9.645000100135803E-001
  -5.145999789237976E-001
   1.620000004768372E-001
   9.984999895095825E-001
   2.338999956846237E-001
  -7.390000224113464E-001
  -2.892999947071075E-001
   5.095000267028809E-001
   2.437999993562698E-001
       -1.845499992370606
       -2.400300025939941
  -2.671999931335449E-001
  -4.833000004291534E-001
   6.229000091552734E-001
        2.749200105667114
        1.274899959564209
  -4.232000112533569E-001
       -1.127099990844727
  -5.229999870061874E-002
       -1.156100034713745
   4.589999839663506E-002
        1.713700056076050
   5.291000008583069E-001
        1.049800038337708
        1.738000035285950
        3.127799987792969
        5.645999908447266
        5.006400108337402
        2.774699926376343
   6.110000014305115E-001
        1.019099950790405
        1.088600039482117
   3.641000092029572E-001
   6.392999887466431E-001
  -1.231999993324280E-001
       -1.731799960136414
       -1.556699991226196
   4.350999891757965E-001
       -4.604899883270264
       -3.366400003433228
       -3.815200090408325
       -3.760999917984009
       -3.479399919509888
       -4.793399810791016
       -2.827100038528442
       -1.141600012779236
  -5.235999822616577E-001
  -7.917000055313110E-001
       -1.675999999046326
       -2.011100053787231
       -1.324900031089783
   4.964999854564667E-001
   4.273000061511993E-001
        1.129799962043762
   2.448000013828278E-001
        2.891299962997437
   5.803999900817871E-001
        1.361700057983398
        1.540400028228760
        1.731600046157837
   3.276000022888184E-001
   8.198999762535095E-001
        2.632499933242798
        1.769500017166138
  -3.206999897956848E-001
   1.509999930858612E-001
  -8.047999739646912E-001
       -1.369899988174439
       -1.064499974250794
       -3.688199996948242
       -2.497800111770630
       -3.650500059127808
       -2.475100040435791
  -3.847000002861023E-001
        1.795199990272522
   7.817999720573425E-001
  -5.329999923706055E-001
       -3.152600049972534
       -2.019999980926514
       -2.669300079345703
       -1.750699996948242
  -5.026000142097473E-001
  -6.528999805450440E-001
  -1.907999962568283E-001
        4.248400211334229
        4.653900146484375
        4.670100212097168
        2.933199882507324
        1.091699957847595
        1.311499953269959
   2.935999929904938E-001
        1.208699941635132
  -3.039999902248383E-001
       -1.219300031661987
  -6.323000192642212E-001
  -1.656000018119812E-001
       -1.079499959945679
   5.892000198364258E-001
       -2.796299934387207
       -1.516700029373169
       -3.305799961090088
       -4.215300083160400
       -3.556900024414063
       -1.422199964523315
       -1.534999966621399
  -1.974000036716461E-001
  -4.736999869346619E-001
  -2.600000053644180E-002
       -2.129100084304810
       -2.689800024032593
       -1.636899948120117
   1.168999969959259E-001
  -5.623999834060669E-001
        2.179500102996826
  -6.018999814987183E-001
  -3.034999966621399E-001
  -2.991999983787537E-001
   4.248999953269959E-001
        1.534600019454956
   7.200000286102295E-001
  -1.281999945640564E-001
        1.544600009918213
   2.465000003576279E-001
        2.032500028610230
   4.844999909400940E-001
  -4.505999982357025E-001
       -1.752099990844727
       -1.162700057029724
       -2.598700046539307
       -2.889499902725220
       -1.326599955558777
       -2.558799982070923
       -1.136800050735474
       -1.164899945259094
        1.560500025749207
   7.513999938964844E-001
  -8.230999708175659E-001
  -8.467000126838684E-001
  -2.283000051975250E-001
  -7.434999942779541E-001
       -2.241600036621094
       -2.511899948120117
       -1.769600033760071
  -3.743000030517578E-001
        1.096500039100647
        2.708499908447266
        4.756000041961670
        2.717999935150147
        1.570600032806397
   4.201000034809113E-001
   8.950000256299973E-002
  -9.749999642372131E-002
  -9.527000188827515E-001
       -2.657200098037720
       -2.667900085449219
  -9.340000152587891E-001
  -3.328999876976013E-001
   7.886999845504761E-001
       -1.676900029182434
       -2.062000036239624
       -3.413399934768677
       -2.586699962615967
       -2.577899932861328
       -2.304300069808960
       -1.141800045967102
       -1.513000011444092
       -2.119100093841553
  -9.641000032424927E-001
   1.850000023841858E-002
       -3.336800098419190
       -3.609800100326538
  -6.769000291824341E-001
   1.291999965906143E-001
   2.418999969959259E-001
       -3.269900083541870
  -3.030000068247318E-002
       -2.427000045776367
       -2.034199953079224
  -7.088999748229981E-001
   7.799999713897705E-001
       -1.635300040245056
       -1.272099971771240
  -9.743999838829041E-001
  -2.775000035762787E-001
   3.817000091075897E-001
  -5.774000287055969E-001
  -6.941999793052673E-001
  -9.259999990463257E-001
       -1.681300044059753
       -2.101500034332275
  -3.170000016689301E-002
  -7.206000089645386E-001
       -1.837800025939941
  -3.770000040531158E-001
   2.099999971687794E-002
        1.327700018882752
  -5.669999718666077E-001
  -7.444000244140625E-001
       -1.874600052833557
   5.909999832510948E-002
       -2.348099946975708
       -2.966799974441528
       -3.044300079345703
       -2.022099971771240
   5.088999867439270E-001
   8.361999988555908E-001
        1.315700054168701
        1.278200030326843
       -1.153300046920776
   5.011000037193298E-001
  -1.960000023245812E-002
  -7.558000087738037E-001
  -9.142000079154968E-001
       -1.122300028800964
       -1.414899945259094
       -2.187200069427490
       -2.827800035476685
  -7.034000158309937E-001
   5.200000107288361E-002
       -1.705800056457520
       -2.709199905395508
       -4.729599952697754
       -2.155400037765503
       -3.595599889755249
       -2.269099950790405
       -2.106800079345703
       -2.129100084304810
       -1.189800024032593
       -1.526299953460693
       -3.600800037384033
       -3.045799970626831
        1.091300010681152
   4.221999943256378E-001
   4.524999856948853E-001
   3.948999941349030E-001
  -6.952000260353088E-001
       -1.343000054359436
       -2.092099905014038
       -2.453500032424927
       -3.262700080871582
       -1.958999991416931
       -3.498899936676025
       -1.667299985885620
   9.408000111579895E-001
  -2.251999974250794E-001
   9.501000046730042E-001
   1.269999984651804E-002
  -5.458999872207642E-001
       -1.270599961280823
       -1.970399975776672
   3.896000087261200E-001
  -3.255999982357025E-001
        1.542799949645996
   1.650000065565109E-001
        2.251699924468994
        1.013100028038025
   9.128000140190125E-001
   2.588999867439270E-001
   1.720000058412552E-002
  -7.850999832153320E-001
   1.645999997854233E-001
       -3.872699975967407
       -3.654000043869019
       -2.171400070190430
       -1.123999953269959
  -1.689999923110008E-002
  -9.070000052452087E-001
  -8.062000274658203E-001
  -7.079999893903732E-002
        2.106600046157837
        1.770499944686890
        1.508599996566773
        1.360399961471558
   1.219999976456165E-002
  -3.842999935150147E-001
        1.037600040435791
  -7.416999936103821E-001
       -1.520900011062622
  -5.623999834060669E-001
  -1.766999959945679E-001
       -2.063899993896484
       -3.360500097274780
       -2.513099908828735
       -3.366899967193604
       -3.665699958801270
       -2.534100055694580
       -3.412899971008301
       -1.269799947738648
       -2.641999959945679
       -3.762099981307983
       -2.174599885940552
  -6.668999791145325E-001
  -4.347000122070313E-001
        1.132500052452087
   9.908999800682068E-001
   7.419999837875366E-001
  -2.642000019550324E-001
       -1.321900010108948
       -2.063199996948242
       -2.535399913787842
       -3.522799968719482
       -1.968299984931946
       -2.138099908828735
       -1.756000041961670
  -4.271999895572662E-001
       -1.493600010871887
       -1.017699956893921
  -6.342999935150147E-001
  -5.950000286102295E-001
   5.404000282287598E-001
   7.370000332593918E-002
        2.187299966812134
        1.566300034523010
        2.550100088119507
        2.148999929428101
        3.209599971771240
  -1.675000041723251E-001
       -1.080700039863586
       -1.558500051498413
       -2.202800035476685
       -1.483000040054321
       -4.196400165557861
       -4.180900096893311
       -3.645800113677979
       -3.617000102996826
       -2.622600078582764
       -2.280200004577637
  -5.981000065803528E-001
   2.198999971151352E-001
   4.763999879360199E-001
        1.884199976921082
        1.671000003814697
        2.819900035858154
        1.038499951362610
        1.121700048446655
        1.975600004196167
        1.228700041770935
   2.374999970197678E-001
  -2.978000044822693E-001
   3.100000089034438E-003
       -2.257400035858154
       -3.606400012969971
       -3.024399995803833
       -3.155600070953369
       -4.356299877166748
       -3.671200037002564
       -3.102600097656250
       -2.187000036239624
       -2.314100027084351
       -2.337300062179565
       -2.018699884414673
  -5.866000056266785E-001
        1.723500013351440
        1.354900002479553
  -1.297000050544739E-001
        1.316100001335144
  -5.952000021934509E-001
       -1.310600042343140
       -2.651999950408936
       -2.933300018310547
       -2.087300062179565
       -3.060100078582764
       -3.894299983978272
       -1.922999978065491
  -5.311999917030335E-001
       -1.294800043106079
  -3.880000114440918E-001
  -4.284999966621399E-001
        1.413699984550476
       -1.094599962234497
   9.405999779701233E-001
        1.696900010108948
        3.204999923706055
        1.715600013732910
        2.814100027084351
        1.550799965858460
   3.899999894201756E-003
       -1.627599954605103
       -1.659500002861023
       -2.467700004577637
       -3.608500003814697
       -3.524300098419190
       -6.939899921417236
       -4.643499851226807
       -5.097700119018555
       -4.322400093078613
       -2.616499900817871
       -2.139300107955933
   9.046999812126160E-001
        1.212200045585632
   4.828999936580658E-001
        1.662700057029724
        2.097899913787842
        1.287799954414368
        1.151200056076050
   9.179000258445740E-001
        1.784100055694580
        1.871700048446655
   7.039999961853027E-002
       -2.448899984359741
       -3.661799907684326
       -3.905699968338013
       -3.751199960708618
       -1.897400021553040
       -2.554399967193604
       -1.625300049781799
       -2.843899965286255
       -2.317399978637695
       -2.202399969100952
       -1.411800026893616
       -1.558099985122681
        1.589900016784668
        1.513399958610535
        3.826200008392334
        1.852399945259094
   2.449000030755997E-001
       -1.426599979400635
       -2.017400026321411
       -1.275500059127808
       -1.204100012779236
       -2.041599988937378
       -3.585799932479858
       -3.771699905395508
       -2.238699913024902
  -9.732000231742859E-001
  -4.039999842643738E-002
  -7.052999734878540E-001
  -5.358999967575073E-001
  -6.068999767303467E-001
       -1.574300050735474
  -4.749999940395355E-001
   6.308000087738037E-001
   1.988999992609024E-001
   9.534000158309937E-001
        2.156699895858765
        2.373800039291382
   1.547999978065491E-001
       -1.160300016403198
  -7.838000059127808E-001
       -2.747800111770630
       -3.452300071716309
       -5.204100131988525
       -5.357699871063232
       -6.025599956512451
       -4.505300045013428
       -4.977600097656250
       -2.225899934768677
  -2.520999908447266E-001
        1.105200052261353
        1.628800034523010
  -7.529000043869019E-001
   8.784999847412109E-001
        2.011399984359741
        2.360599994659424
   3.941999971866608E-001
   8.047000169754028E-001
   2.899999916553497E-001
  -4.113000035285950E-001
