   2.099999971687794E-002
   6.424999833106995E-001
        1.207599997520447
  -1.573999971151352E-001
       -1.281499981880188
       -1.960700035095215
   9.759999811649323E-002
       -2.801599979400635
       -2.703700065612793
       -2.982100009918213
       -2.396300077438355
       -1.308899998664856
       -1.529000043869019
  -4.348999857902527E-001
        2.235899925231934
        1.863199949264526
        1.892899990081787
   6.353999972343445E-001
  -6.064000129699707E-001
        1.608299970626831
   6.704999804496765E-001
        1.080899953842163
        2.453000068664551
   3.373999893665314E-001
       -1.952399969100952
       -2.670200109481812
       -2.605000019073486
       -3.632999897003174
       -2.185400009155273
       -1.230999946594238
       -2.082900047302246
   1.449999958276749E-002
        1.502500057220459
   3.840000033378601E-001
  -4.758999943733215E-001
       -2.072499990463257
       -3.964600086212158
       -2.772599935531616
  -6.549999862909317E-002
  -8.399999886751175E-002
        1.669299960136414
        1.222200036048889
       -1.081599950790405
  -7.389999926090241E-002
  -3.068999946117401E-001
        1.717300057411194
        1.949900031089783
   1.140000000596046E-001
       -1.396299958229065
       -3.870300054550171
       -3.914200067520142
       -6.361899852752686
       -8.314599990844727
       -5.602600097656250
       -4.191599845886231
       -5.137100219726563
       -8.777999877929688
       -7.187900066375732
       -5.310400009155273
       -6.530700206756592
       -1.365100026130676
       -1.605200052261353
       -2.160300016403198
       -3.213599920272827
       -1.528900027275085
       -1.770900011062622
  -8.385000228881836E-001
       -3.055000066757202
       -1.513299942016602
  -7.278000116348267E-001
       -2.287699937820435
       -3.012000083923340
       -2.448800086975098
       -1.299399971961975
   1.155999973416328E-001
  -2.847000062465668E-001
  -7.889999747276306E-001
       -2.068399906158447
       -2.490700006484985
       -1.560799956321716
   6.683999896049500E-001
        1.429900050163269
   2.187000066041946E-001
  -7.411999702453613E-001
       -1.702700018882752
       -3.849299907684326
       -1.972900032997131
       -2.196099996566773
       -2.650700092315674
       -1.420899987220764
   9.393000006675720E-001
        1.285300016403198
        1.841400027275085
  -7.749999761581421E-001
  -5.045999884605408E-001
       -1.547500014305115
       -2.377799987792969
   4.402999877929688E-001
       -1.154299974441528
   1.885000020265579E-001
  -3.235000073909760E-001
  -2.836999893188477E-001
       -1.483999967575073
       -1.620200037956238
        1.252500057220459
        2.545200109481812
        1.519099950790405
   4.181999862194061E-001
       -2.487900018692017
       -5.093699932098389
       -6.328899860382080
       -6.934199810028076
       -7.221099853515625
       -7.465899944305420
       -5.335199832916260
       -6.172399997711182
       -6.662099838256836
       -7.143400192260742
       -5.094500064849854
       -5.080699920654297
       -2.657399892807007
       -1.100100040435791
       -2.771600008010864
       -2.448600053787231
  -9.100999832153320E-001
  -8.621000051498413E-001
  -6.972000002861023E-001
       -3.019399881362915
  -9.401000142097473E-001
       -1.466799974441528
   4.011000096797943E-001
       -1.846199989318848
       -2.572400093078613
       -1.736899971961975
  -9.235000014305115E-001
       -1.422099947929382
       -2.315500020980835
       -3.291500091552734
  -8.554000258445740E-001
       -2.439899921417236
   2.225999981164932E-001
  -2.580000087618828E-002
       -1.521600008010864
   1.053000018000603E-001
   3.206000030040741E-001
  -9.115999937057495E-001
  -5.144000053405762E-001
  -9.458000063896179E-001
       -1.023900032043457
   2.355999946594238E-001
        2.991100072860718
        2.643399953842163
        2.488300085067749
        1.411200046539307
   3.878000080585480E-001
  -2.985000014305115E-001
       -1.073500037193298
       -1.420600056648254
       -2.599100112915039
       -1.813699960708618
   2.026000022888184E-001
       -1.629400014877319
       -2.043100118637085
  -7.846000194549561E-001
        1.422199964523315
   6.570000201463699E-002
  -3.531000018119812E-001
       -1.424999952316284
       -3.100500106811523
       -5.090000152587891
       -4.466700077056885
       -6.494900226593018
       -6.725800037384033
       -4.388299942016602
       -4.685299873352051
       -5.256700038909912
       -6.006499767303467
       -6.956099987030029
       -5.592800140380859
       -5.404500007629395
       -2.074500083923340
       -4.952099800109863
       -3.066499948501587
   2.624000012874603E-001
       -1.980700016021729
  -5.173000097274780E-001
  -1.384000033140183E-001
  -3.693000078201294E-001
   2.363000065088272E-001
       -1.079399943351746
       -1.909299969673157
       -1.403800010681152
       -2.950900077819824
       -2.818500041961670
       -3.048599958419800
       -1.047399997711182
       -2.704499959945679
       -2.263900041580200
       -1.766999959945679
       -2.082999944686890
       -1.259999990463257
        1.011199951171875
  -5.953999757766724E-001
        1.240399956703186
   9.157000184059143E-001
   9.251000285148621E-001
  -7.667000293731690E-001
        1.484599947929382
       -1.341599941253662
        3.410399913787842
        3.851000070571899
        2.276700019836426
        1.146999955177307
   1.398999989032745E-001
        2.407000064849854
  -2.694999873638153E-001
       -3.758300065994263
       -4.656499862670898
       -3.726799964904785
  -6.635000109672546E-001
       -1.281999945640564
  -8.385999798774719E-001
   2.836999893188477E-001
  -6.480000168085098E-002
  -7.646999955177307E-001
       -1.787999987602234
       -1.225800037384033
       -2.341700077056885
       -3.337399959564209
       -3.543699979782105
       -4.987599849700928
       -6.582799911499023
       -7.079400062561035
       -6.126200199127197
       -5.757599830627441
       -5.461299896240234
       -5.864699840545654
       -7.044799804687500
       -4.137800216674805
       -4.916999816894531
  -3.666000068187714E-001
       -1.202999949455261
       -3.135400056838989
       -2.889199972152710
       -3.115400075912476
       -3.190500020980835
       -1.106099963188171
  -1.937000006437302E-001
   1.581999957561493E-001
       -1.467300057411194
       -1.631899952888489
       -2.291399955749512
       -3.345200061798096
       -3.959899902343750
       -2.771699905395508
       -1.103899955749512
       -1.349400043487549
  -4.420000016689301E-001
  -4.298000037670136E-001
   3.943000137805939E-001
   4.738000035285950E-001
  -7.878000140190125E-001
  -6.255000233650208E-001
   3.407000005245209E-001
   7.850000262260437E-002
        1.070700049400330
   6.744999885559082E-001
        1.552500009536743
        1.316100001335144
        2.216000080108643
        2.163500070571899
        3.711499929428101
        1.083600044250488
        2.188299894332886
        1.211099982261658
   2.387000024318695E-001
       -3.056900024414063
       -3.152299880981445
       -3.302900075912476
  -5.248000025749207E-001
   1.080000028014183E-001
   6.557999849319458E-001
        1.259600043296814
   5.776000022888184E-001
       -1.203799962997437
       -2.106499910354614
       -2.314699888229370
       -4.422599792480469
       -4.932400226593018
       -5.338900089263916
       -5.905799865722656
       -6.260499954223633
       -6.123600006103516
       -4.114900112152100
       -4.723700046539307
       -5.906499862670898
       -7.487400054931641
       -6.541100025177002
       -6.645100116729736
       -5.371799945831299
  -2.917000055313110E-001
       -1.243399977684021
       -3.464799880981445
       -5.474999904632568
       -5.126399993896484
       -3.295399904251099
       -2.557100057601929
       -2.423199892044067
       -1.979599952697754
       -1.815099954605103
       -3.439800024032593
       -2.835500001907349
       -2.950200080871582
       -3.602499961853027
       -3.687099933624268
  -6.511999964714050E-001
  -3.759999871253967E-001
       -1.937899947166443
  -8.335000276565552E-001
  -7.674999833106995E-001
  -3.662000000476837E-001
  -7.983999848365784E-001
  -3.533000051975250E-001
        1.213899970054627
  -2.398000061511993E-001
   4.119000136852264E-001
        1.755100011825562
   9.499999880790710E-001
   6.710000038146973E-001
   1.321000009775162E-001
        2.367700099945068
        2.636199951171875
        1.313599944114685
   6.231999993324280E-001
   8.118000030517578E-001
        2.171999931335449
  -9.879000186920166E-001
       -1.473600029945374
  -5.710999965667725E-001
       -2.128299951553345
  -4.350999891757965E-001
        1.578699946403503
   9.595000147819519E-001
  -3.398999869823456E-001
       -1.891999959945679
       -4.080299854278565
       -5.589300155639648
       -5.644100189208984
       -6.668200016021729
       -7.361999988555908
       -7.184899806976318
       -6.161900043487549
       -6.081799983978272
       -5.546000003814697
       -4.592999935150147
       -4.637199878692627
       -5.665500164031982
       -5.787000179290772
       -5.004000186920166
       -5.648300170898438
       -3.263499975204468
       -2.636600017547607
       -3.810699939727783
       -5.261099815368652
       -4.963399887084961
       -5.081600189208984
       -2.776900053024292
       -1.751000046730042
  -9.356999993324280E-001
       -1.847499966621399
       -2.131799936294556
       -1.895900011062622
       -3.303299903869629
       -3.711400032043457
       -1.765599966049194
       -1.160300016403198
       -1.348700046539307
       -1.356799960136414
   7.164000272750855E-001
       -1.351600050926209
  -4.726999998092651E-001
   9.805999994277954E-001
  -1.309999972581863E-001
        1.513599991798401
   7.659999728202820E-001
   4.997000098228455E-001
        1.709800004959106
        1.211199998855591
        2.855200052261353
        2.638099908828735
        3.126199960708618
        3.629699945449829
        4.646800041198731
        3.377899885177612
   9.168000221252441E-001
        1.619799971580505
        1.301599979400635
        1.139600038528442
        1.187100052833557
       -2.226300001144409
   5.095999836921692E-001
  -6.753000020980835E-001
       -1.006100058555603
  -5.051000118255615E-001
       -1.002500057220459
       -3.541199922561646
       -5.463799953460693
       -5.031199932098389
       -5.305099964141846
       -6.020400047302246
       -6.491000175476074
       -7.419099807739258
       -5.407299995422363
       -3.109499931335449
       -2.383699893951416
       -3.132899999618530
       -4.549499988555908
       -3.922199964523315
       -6.694300174713135
       -5.765299797058106
       -2.263700008392334
       -4.787199974060059
       -7.349100112915039
       -4.423600196838379
       -4.821100234985352
       -5.345300197601318
       -3.613100051879883
       -1.916800022125244
       -2.188100099563599
       -3.114599943161011
       -1.337800025939941
       -2.608799934387207
       -3.897399902343750
       -2.900799989700317
       -3.292700052261353
       -2.728600025177002
       -1.574300050735474
       -1.310299992561340
   5.447000265121460E-001
        2.343899965286255
   8.399000167846680E-001
  -4.857999980449677E-001
  -4.898000061511993E-001
       -1.511899948120117
  -3.889999985694885E-001
  -9.178000092506409E-001
   8.542000055313110E-001
        1.573600053787231
        2.848700046539307
        2.580699920654297
        1.517799973487854
        1.518100023269653
        3.065900087356567
        1.884600043296814
   4.591999948024750E-001
        1.696599960327148
        2.110399961471558
        2.219700098037720
   7.893999814987183E-001
   2.045000046491623E-001
  -9.923999905586243E-001
       -2.528500080108643
       -1.907400012016296
       -1.123200058937073
       -1.525599956512451
       -3.384200096130371
       -3.509799957275391
       -5.358500003814697
       -5.680900096893311
       -4.277500152587891
       -2.407900094985962
       -4.697500228881836
       -4.356500148773193
       -1.565500020980835
       -2.994499921798706
       -2.842700004577637
       -3.372999906539917
       -3.877199888229370
       -6.070400238037109
       -3.986299991607666
       -2.661200046539307
       -4.753699779510498
       -4.054200172424316
       -4.332300186157227
       -4.789100170135498
       -4.747200012207031
       -2.468899965286255
       -1.581200003623962
  -7.659000158309937E-001
  -7.818999886512756E-001
  -5.661000013351440E-001
  -1.830000057816505E-002
  -8.945999741554260E-001
  -5.174999833106995E-001
       -2.157099962234497
       -2.116300106048584
       -1.697000026702881
       -1.770099997520447
  -8.420000225305557E-002
        1.824699997901917
  -4.657999873161316E-001
       -1.835000038146973
       -1.628900051116943
       -1.946499943733215
  -1.491000056266785E-001
        1.482399940490723
        1.712599992752075
        2.467999935150147
        2.727400064468384
        2.275099992752075
   6.976000070571899E-001
        1.795799970626831
        2.697799921035767
        1.575099945068359
  -6.552000045776367E-001
   8.296999931335449E-001
        1.873900055885315
        2.179699897766113
        2.726399898529053
  -5.888000130653381E-001
       -2.248600006103516
       -1.618600010871887
       -1.359500050544739
  -9.080000221729279E-002
       -3.154799938201904
       -3.277100086212158
       -4.665699958801270
       -4.882900238037109
       -3.392400026321411
       -5.136899948120117
       -3.914599895477295
       -2.482199907302856
       -1.557299971580505
       -1.555299997329712
       -2.195600032806397
       -4.718400001525879
       -4.030799865722656
       -3.227999925613403
       -3.237200021743774
       -2.419600009918213
       -2.570399999618530
       -5.970699787139893
       -4.593999862670898
       -2.124900102615356
       -2.557199954986572
       -3.642299890518189
       -3.470799922943115
       -1.302199959754944
       -1.170500040054321
  -1.347000002861023E-001
       -1.002599954605103
   4.808000028133392E-001
        1.077200055122376
   5.115000009536743E-001
       -2.448499917984009
       -2.192300081253052
       -3.478800058364868
       -2.240200042724609
       -1.394999980926514
       -1.370399951934815
       -1.267099976539612
       -2.760200023651123
       -1.314299941062927
       -1.684200048446655
  -2.849999964237213E-001
  -6.490000337362289E-002
        2.066999912261963
        1.449200034141541
        2.321799993515015
        2.216300010681152
        2.125600099563599
        3.290800094604492
   3.817000091075897E-001
        1.338899970054627
        1.140200018882752
        1.440999984741211
        1.167600035667419
       -1.756700038909912
        1.013399958610535
   1.920000016689301E-001
       -1.770300030708313
       -2.844099998474121
       -1.833099961280823
        1.170500040054321
       -1.534199953079224
       -2.692600011825562
       -4.952499866485596
       -3.878499984741211
       -4.037399768829346
       -3.220000028610230
       -1.368999958038330
       -1.650099992752075
  -4.347999989986420E-001
       -1.710500001907349
       -2.592900037765503
       -3.328099966049194
       -2.714299917221069
       -3.106300115585327
       -1.884799957275391
       -2.542500019073486
       -2.801500082015991
       -4.038700103759766
       -3.108000040054321
  -1.154000014066696E-001
  -5.734000205993652E-001
       -3.147200107574463
       -3.099699974060059
  -6.317999958992004E-001
  -6.377000212669373E-001
  -5.861999988555908E-001
  -1.829999983310700E-001
  -5.159999728202820E-001
       -1.989199995994568
       -1.925799965858460
       -2.830899953842163
       -1.815000057220459
       -3.232899904251099
       -1.243399977684021
       -2.400000095367432
  -6.473000049591065E-001
  -2.958000004291534E-001
       -1.826599955558777
       -1.088799953460693
       -1.458699941635132
   3.964999914169312E-001
  -2.545999884605408E-001
   7.925999760627747E-001
        2.449500083923340
        2.858299970626831
        3.121000051498413
        3.175400018692017
        1.361299991607666
   9.133999943733215E-001
   1.309999972581863E-001
        1.313899993896484
   8.177000284194946E-001
   3.106000125408173E-001
       -1.416599988937378
       -1.164999961853027
  -3.456000089645386E-001
       -1.955000042915344
       -2.450500011444092
       -2.930500030517578
  -6.356999874114990E-001
  -2.091999948024750E-001
       -1.627699971199036
       -2.710400104522705
       -4.144000053405762
       -3.761899948120117
       -1.774099946022034
       -1.371899962425232
        1.050999999046326
  -6.409999728202820E-002
  -4.156000018119812E-001
       -1.766000032424927
       -2.880800008773804
  -5.536999702453613E-001
       -2.719700098037720
       -1.911800026893616
  -6.269000172615051E-001
       -1.713299989700317
  -8.618000149726868E-001
       -1.780300021171570
   1.943999975919724E-001
       -1.380200028419495
       -2.053299903869629
       -4.209700107574463
  -8.519999980926514E-001
        1.904399991035461
        1.547199964523315
  -9.480000138282776E-001
       -2.038100004196167
  -9.438999891281128E-001
       -1.972000002861023
       -1.206699967384338
  -7.251999974250794E-001
       -3.419699907302856
       -1.260200023651123
       -2.207099914550781
       -1.123600006103516
       -1.959699988365173
       -1.088299989700317
  -3.610000014305115E-001
       -1.342000007629395
  -2.899999963119626E-003
       -1.799399971961975
   7.957000136375427E-001
        2.846100091934204
        2.798599958419800
        1.475800037384033
        2.800299882888794
   8.644000291824341E-001
   4.939000010490418E-001
       -1.215100049972534
        1.024799942970276
   5.449999868869782E-002
   3.310999870300293E-001
  -1.694000065326691E-001
  -5.755000114440918E-001
       -1.452499985694885
       -2.007499933242798
       -3.007200002670288
       -2.268800020217896
  -9.052000045776367E-001
  -3.023000061511993E-001
  -9.919000267982483E-001
       -3.525199890136719
       -3.181400060653687
       -1.983100056648254
   8.259000182151794E-001
  -1.890999972820282E-001
   3.183999955654144E-001
   7.268999814987183E-001
   6.542000174522400E-001
       -1.619899988174439
       -3.003799915313721
       -3.537499904632568
       -4.054599761962891
       -2.378000020980835
       -3.035399913787842
       -2.162199974060059
       -1.603399991989136
       -3.131599903106690
       -3.893399953842163
       -3.163700103759766
       -3.963000059127808
       -1.773699998855591
       -1.131999969482422
  -7.670000195503235E-001
       -1.307399988174439
  -4.054000079631805E-001
       -1.955800056457520
   1.694000065326691E-001
       -1.202600002288818
  -9.858000278472900E-001
       -1.711300015449524
       -1.774500012397766
  -4.828999936580658E-001
   8.900000154972076E-002
  -8.388000130653381E-001
       -1.242799997329712
   7.429999858140945E-002
  -7.639999687671661E-002
       -1.577299952507019
   1.235999986529350E-001
   1.005999967455864E-001
   3.547999858856201E-001
        3.551199913024902
        2.806900024414063
        4.053800106048584
        4.079100131988525
        2.091300010681152
       -1.040699958801270
  -6.399999838322401E-003
        1.363899946212769
        1.548300027847290
        1.280699968338013
        1.712000012397766
  -2.348999977111816E-001
       -1.338199973106384
       -1.066799998283386
       -2.257999897003174
  -4.422000050544739E-001
  -6.270000338554382E-002
  -7.669000029563904E-001
       -1.266800045967102
       -2.822099924087524
       -2.753000020980835
       -3.375900030136108
   4.697000086307526E-001
  -2.057999968528748E-001
       -1.208699941635132
   5.558000206947327E-001
  -5.425999760627747E-001
       -2.696399927139282
       -4.702199935913086
       -4.639699935913086
       -4.148700237274170
       -3.012000083923340
       -5.124100208282471
       -2.456599950790405
       -2.966399908065796
       -4.375299930572510
       -5.271500110626221
       -5.014299869537354
       -2.202399969100952
       -2.946700096130371
  -1.023000031709671E-001
       -2.104000091552734
  -7.195000052452087E-001
   7.063999772071838E-001
   4.160000011324883E-002
  -1.074000000953674E-001
  -5.314000248908997E-001
       -1.374099969863892
  -9.484999775886536E-001
  -3.957999944686890E-001
        1.633000016212463
        2.987699985504150
        2.744899988174439
  -3.599999938160181E-003
   6.423000097274780E-001
   2.883000075817108E-001
        1.217700004577637
        1.533900022506714
   7.853000164031982E-001
        2.848900079727173
        3.871700048446655
        5.164700031280518
        5.706500053405762
        5.884399890899658
        3.849699974060059
        3.206399917602539
        3.172600030899048
        2.951400041580200
        1.962200045585632
        1.885400056838989
        2.311399936676025
        2.073299884796143
       -1.007400035858154
       -1.556800007820129
       -1.922500014305115
  -4.300000146031380E-003
       -1.075799942016602
       -1.336599946022034
       -1.198099970817566
  -1.101000010967255E-001
       -2.205699920654297
       -3.375799894332886
   2.690000087022781E-002
  -6.079000234603882E-001
       -1.886800050735474
   1.274999976158142E-001
  -1.422999948263168E-001
       -1.317299962043762
       -2.179600000381470
       -3.354500055313110
       -4.023600101470947
       -4.212800025939941
       -3.622499942779541
       -2.886199951171875
       -1.780300021171570
       -1.548099994659424
       -2.063100099563599
       -2.610100030899048
       -1.988600015640259
       -1.857699990272522
        1.909500002861023
        1.201599955558777
  -4.790000021457672E-001
  -3.975999951362610E-001
  -6.165999770164490E-001
  -1.333000063896179E-001
   1.219999976456165E-002
       -1.397500038146973
       -2.348000049591065
       -1.348799943923950
        1.472699999809265
        2.224999904632568
   8.900000154972076E-002
        1.333199977874756
   9.305999875068665E-001
  -2.355999946594238E-001
        1.336400032043457
   7.835999727249146E-001
        4.573500156402588
        3.488300085067749
        4.605400085449219
        4.960100173950195
        5.837299823760986
        5.929699897766113
        5.633699893951416
        5.776599884033203
        3.852799892425537
        2.432300090789795
  -4.027000069618225E-001
        1.887300014495850
        1.176800012588501
   1.949999928474426E-001
  -8.690999746322632E-001
  -6.588000059127808E-001
       -1.157699942588806
       -1.018100023269653
   8.138999938964844E-001
       -1.667500019073486
       -1.159999966621399
       -1.118499994277954
       -1.061300039291382
  -4.032000005245209E-001
   1.686999946832657E-001
  -5.861999988555908E-001
       -1.969400048255920
       -1.419700026512146
       -3.627399921417236
       -3.266900062561035
       -4.816500186920166
       -6.123300075531006
       -4.317500114440918
       -5.606800079345703
       -5.513500213623047
       -1.476699948310852
   2.170000039041042E-002
   3.707000017166138E-001
   2.741999924182892E-001
       -1.067299962043762
  -8.058000206947327E-001
  -4.352000057697296E-001
        1.397699952125549
        1.047600030899048
  -1.840000003576279E-001
   2.957000136375427E-001
       -1.942399978637695
       -2.021500110626221
  -2.249000072479248E-001
       -2.346299886703491
  -3.910000026226044E-001
        1.434999942779541
   6.047000288963318E-001
        1.884899973869324
   7.114999890327454E-001
        1.467700004577637
   2.451999932527542E-001
        1.179100036621094
        3.301899909973145
        4.357800006866455
        4.508200168609619
        3.845000028610230
        4.262000083923340
        4.100200176239014
        5.174699783325195
        5.618199825286865
        5.324600219726563
        5.543799877166748
        4.902500152587891
        3.845299959182739
        2.104599952697754
        3.703500032424927
        2.279500007629395
        1.660400032997131
   7.659999728202820E-001
  -9.053999781608582E-001
  -1.793999969959259E-001
       -2.148699998855591
   4.111000001430512E-001
       -1.446200013160706
       -1.064100027084351
       -2.957299947738648
  -2.860000133514404E-001
   5.523999929428101E-001
  -5.364999771118164E-001
       -1.450099945068359
  -3.299999982118607E-002
       -1.574800014495850
       -3.070399999618530
       -4.230000019073486
       -3.543900012969971
       -6.011099815368652
       -5.951300144195557
       -4.202600002288818
       -5.275400161743164
  -4.869000017642975E-001
  -3.890999853610992E-001
   8.019000291824341E-001
        1.769000053405762
   1.455000042915344E-001
  -8.356999754905701E-001
        1.302700042724609
       -1.517500042915344
   1.512999981641769E-001
   9.156000018119812E-001
  -3.637000024318695E-001
       -2.508100032806397
       -3.288700103759766
       -3.073400020599365
       -3.091099977493286
  -9.516000151634216E-001
        1.992799997329712
   9.943000078201294E-001
   1.224000006914139E-001
        1.676499962806702
        2.084899902343750
        1.745900034904480
        2.574500083923340
        5.327700138092041
        3.597300052642822
        4.126800060272217
        4.220399856567383
        7.123300075531006
        5.442900180816650
        4.613999843597412
        5.425600051879883
        5.978199958801270
        5.607100009918213
        3.300600051879883
        3.464099884033203
        1.792500019073486
        2.187200069427490
        3.833499908447266
        1.754400014877319
  -4.808000028133392E-001
   6.676999926567078E-001
        1.327999949455261
        1.770900011062622
   2.178000062704086E-001
   4.742999970912933E-001
   3.620000183582306E-002
        1.228800058364868
   6.425999999046326E-001
  -2.953999936580658E-001
   1.274999976158142E-001
       -2.002099990844727
  -2.980999946594238E-001
  -9.811999797821045E-001
       -2.819900035858154
       -3.370100021362305
       -2.179899930953980
       -2.789099931716919
       -5.515600204467773
       -4.471099853515625
       -4.284200191497803
       -1.590700030326843
   4.688999950885773E-001
        1.559900045394898
   4.919999837875366E-002
  -4.286000132560730E-001
  -7.975000143051148E-001
       -1.687700033187866
       -1.814100027084351
  -2.232999950647354E-001
   5.514000058174133E-001
   9.498999714851379E-001
  -1.186000034213066E-001
       -2.177500009536743
       -1.351099967956543
       -2.036400079727173
  -2.876999974250794E-001
        1.622400045394898
   8.569999933242798E-001
   5.601999759674072E-001
        2.063299894332886
        2.155200004577637
        4.316899776458740
        4.545899868011475
        3.507600069046021
        3.664400100708008
        5.517600059509277
        6.338300228118897
        5.973299980163574
        5.477700233459473
        7.033400058746338
        6.475299835205078
        5.042500019073486
        5.276199817657471
        4.125400066375732
        2.848500013351440
        2.454600095748901
        2.227999925613403
        3.008300065994263
        1.672999978065491
        2.406599998474121
  -7.192000150680542E-001
  -9.379000067710877E-001
   4.257000088691711E-001
        1.189299941062927
        2.657299995422363
  -4.481000006198883E-001
       -2.131500005722046
  -2.908999919891357E-001
  -7.172999978065491E-001
  -1.165999993681908E-001
       -1.355000019073486
       -1.586300015449524
       -1.231899976730347
       -3.380700111389160
       -3.834700107574463
       -2.930599927902222
       -3.072099924087524
       -3.435499906539917
       -3.793999910354614
       -5.681499958038330
        2.110199928283691
        1.317000031471252
   9.526000022888184E-001
        1.756199955940247
       -1.532699942588806
  -8.464999794960022E-001
       -1.414199948310852
  -3.456000089645386E-001
  -2.399999946355820E-001
        1.200199961662293
   8.123000264167786E-001
        1.654500007629395
   4.704999923706055E-001
       -1.253399968147278
  -1.445000022649765E-001
  -3.826000094413757E-001
  -2.366999983787537E-001
  -1.014000028371811E-001
   5.458999872207642E-001
        2.254600048065186
        2.389100074768066
        3.779500007629395
        2.607000112533569
        3.620599985122681
        4.193699836730957
        5.542399883270264
        6.052700042724609
        4.687799930572510
        6.309599876403809
        6.724899768829346
        7.678699970245361
        6.059800148010254
        7.560699939727783
        6.700500011444092
        5.797999858856201
        3.831799983978272
        3.281899929046631
        1.522099971771240
   9.059000015258789E-001
        1.630200028419495
        1.736199975013733
   6.866000294685364E-001
  -1.885000020265579E-001
        2.453500032424927
        2.028899908065796
  -7.419000267982483E-001
   2.730999886989594E-001
  -8.651999831199646E-001
   5.020999908447266E-001
  -2.833000123500824E-001
  -6.858000159263611E-001
       -2.059999942779541
       -4.896599769592285
       -3.724600076675415
       -3.226700067520142
       -3.325299978256226
       -3.555599927902222
       -1.974900007247925
       -3.009799957275391
       -3.722599983215332
        1.992699980735779
   1.985999941825867E-001
       -1.058899998664856
   3.307999968528748E-001
   9.829999804496765E-001
       -1.270099997520447
  -2.863000035285950E-001
   9.420000016689301E-002
        1.264400005340576
        2.101599931716919
   5.137000083923340E-001
   8.500000238418579E-001
        2.082099914550781
   8.119000196456909E-001
        2.529999971389771
   8.059999942779541E-001
   6.025000214576721E-001
   7.592999935150147E-001
        1.467200040817261
        4.366199970245361
        2.677900075912476
        1.298799991607666
        2.664000034332275
        3.391900062561035
        3.665199995040894
        4.171899795532227
        4.447199821472168
        3.555099964141846
        5.888599872589111
        6.197199821472168
        6.910600185394287
        6.259500026702881
        7.242800235748291
        7.546500205993652
        5.951900005340576
        3.934099912643433
        3.062700033187866
        2.806499958038330
   6.068000197410584E-001
  -2.463999986648560E-001
        1.822999954223633
        1.126399993896484
        2.019000053405762
   6.463000178337097E-001
   8.623999953269959E-001
        1.542799949645996
   2.727000117301941E-001
        1.781800031661987
   1.020999997854233E-001
  -1.064999997615814E-001
       -1.497599959373474
       -2.576699972152710
       -3.118999958038330
       -1.982399940490723
       -1.760100007057190
       -3.991899967193604
       -3.378599882125855
       -1.400400042533875
       -1.215299963951111
       -1.690099954605103
        1.969099998474121
   6.568999886512756E-001
  -6.416000127792358E-001
        2.102699995040894
        2.205300092697144
   4.925000071525574E-001
        1.306300044059753
        2.592400074005127
        3.146699905395508
        1.997099995613098
        1.204699993133545
   9.453999996185303E-001
        2.770800113677979
        3.417999982833862
        1.797099947929382
        1.187100052833557
  -5.536999702453613E-001
  -6.289999932050705E-002
        1.752900004386902
        1.052800059318543
  -2.319999933242798E-001
  -4.634000062942505E-001
  -3.445999920368195E-001
        2.251399993896484
        4.546599864959717
        4.295199871063232
        4.248799800872803
        2.808700084686279
        5.484399795532227
        5.103600025177002
        5.998799800872803
        6.705299854278565
        5.434999942779541
        7.364799976348877
        5.867300033569336
        4.785500049591065
        5.007599830627441
        3.316600084304810
        1.508100032806397
        1.050500035285950
        1.360900044441223
        1.246600031852722
        3.859800100326538
        1.008200049400330
   9.434999823570252E-001
   6.909999847412109E-001
        2.644299983978272
   8.051000237464905E-001
  -5.055000185966492E-001
  -7.415999770164490E-001
   5.552999973297119E-001
       -1.494199991226196
       -2.817899942398071
       -2.280200004577637
  -6.973000168800354E-001
       -2.733700037002564
       -2.999799966812134
       -3.257600069046021
       -1.273100018501282
       -2.012500047683716
   8.773000240325928E-001
   1.974000036716461E-001
   1.808000057935715E-001
        1.878999948501587
        2.751800060272217
        2.133599996566773
        2.135200023651123
        2.186500072479248
        2.963900089263916
        2.288100004196167
        3.910700082778931
        3.674000024795532
        3.705300092697144
        2.536400079727173
        4.343400001525879
   6.211000084877014E-001
   1.929000020027161E-001
        1.865800023078919
   2.754999995231628E-001
       -1.758700013160706
       -1.092499971389771
  -1.722999960184097E-001
   8.698999881744385E-001
        3.861900091171265
        4.216100215911865
        5.779200077056885
        4.042500019073486
        2.695800065994263
        4.417099952697754
        5.538499832153320
        6.290800094604492
        6.381499767303467
        4.092299938201904
        5.282700061798096
        7.107900142669678
        5.379199981689453
        3.854099988937378
        3.105299949645996
        3.702899932861328
        1.940600037574768
   3.176999986171722E-001
        3.391400098800659
        2.856400012969971
        2.597800016403198
        3.398600101470947
        4.053899765014648
        2.324899911880493
   6.434000134468079E-001
  -1.279999967664480E-002
       -1.360999941825867
   8.719000220298767E-001
  -1.959999948740006E-001
       -1.546000003814697
       -1.658900022506714
   9.780000150203705E-002
       -2.395499944686890
       -4.223899841308594
       -2.453799962997437
       -2.213900089263916
       -1.652699947357178
        1.517899990081787
        2.396199941635132
   9.406999945640564E-001
  -7.709000110626221E-001
        1.302399992942810
        1.302899956703186
   9.462000131607056E-001
        1.475600004196167
  -6.848000288009644E-001
  -2.164999991655350E-001
        1.509799957275391
        3.395600080490112
        3.290400028228760
        3.760299921035767
        4.093500137329102
        1.433200001716614
   5.565000176429749E-001
        3.091599941253662
        2.664999961853027
  -2.006999999284744E-001
   4.170000180602074E-002
   5.424000024795532E-001
        2.845900058746338
        3.170799970626831
        3.905800104141235
        4.269599914550781
        3.659399986267090
        3.403199911117554
        3.021100044250488
        4.058599948883057
        5.694099903106690
        6.452300071716309
        4.028699874877930
        5.320000171661377
        5.561900138854981
        5.031199932098389
        3.277299880981445
        3.877599954605103
        1.539600014686585
   9.259999990463257E-001
        1.772099971771240
        2.598700046539307
        1.619500041007996
        3.376199960708618
        2.330399990081787
        2.157200098037720
        2.837100028991699
  -3.217999935150147E-001
  -5.356000065803528E-001
       -1.432899951934815
  -1.255999952554703E-001
   4.264999926090241E-001
  -8.574000000953674E-001
   4.160999953746796E-001
  -7.182000279426575E-001
       -3.961199998855591
       -4.123600006103516
       -3.161700010299683
       -1.399299979209900
  -9.771999716758728E-001
        3.731100082397461
        2.086100101470947
        1.514099955558777
  -6.790000200271606E-002
       -1.281599998474121
  -3.100000089034438E-003
  -8.174999952316284E-001
       -1.417500019073486
       -1.657799959182739
   7.502999901771545E-001
        2.029700040817261
        2.650000095367432
        2.677200078964233
        2.071300029754639
        4.090700149536133
        3.669199943542481
        1.940799951553345
        1.718000054359436
        1.747300028800964
   6.800000369548798E-002
  -2.284000068902969E-001
  -6.126999855041504E-001
        3.737299919128418
        4.006000041961670
        3.527600049972534
        2.926899909973145
        3.672899961471558
        3.718100070953369
        1.954599976539612
        3.758599996566773
        5.294300079345703
        4.353600025177002
        3.741199970245361
        4.538899898529053
        4.162700176239014
        3.231600046157837
        2.033799886703491
        1.236199975013733
   4.521999955177307E-001
   5.073000192642212E-001
        3.129199981689453
        3.797499895095825
        2.276599884033203
        2.253099918365479
        2.716399908065796
        2.123399972915649
        2.919100046157837
        2.215300083160400
  -3.350999951362610E-001
   2.966000139713287E-001
   4.733999967575073E-001
  -1.634999960660934E-001
  -4.149999916553497E-001
        1.540199995040894
        1.016899943351746
       -1.941400051116943
  -7.462000250816345E-001
  -8.701999783515930E-001
       -1.882899999618530
   1.738000065088272E-001
        1.120300054550171
        1.714200019836426
        1.676100015640259
        1.454399943351746
   6.855000257492065E-001
   6.514999866485596E-001
   5.440000072121620E-002
       -1.340700030326843
  -4.013000130653381E-001
   6.909000277519226E-001
        2.732700109481812
        2.618900060653687
   4.040000140666962E-001
   9.671000242233276E-001
        3.610800027847290
        1.137199997901917
        1.135499954223633
        2.407200098037720
        1.154999971389771
   7.612000107765198E-001
   9.642999768257141E-001
   6.786000132560730E-001
        1.084200024604797
        2.055299997329712
        2.087599992752075
        2.130300045013428
        2.447200059890747
        2.377899885177612
        1.536100029945374
   5.500000119209290E-001
        2.743599891662598
        3.011100053787231
        3.762500047683716
        3.691999912261963
        2.199599981307983
        2.427200078964233
        2.549900054931641
        1.488999962806702
        1.091199994087219
   3.720000088214874E-001
        2.906899929046631
        2.826299905776978
        1.969599962234497
        2.147099971771240
        1.140599966049194
        1.069399952888489
        3.388999938964844
        5.500500202178955
        2.309900045394898
        1.772699952125549
   7.822999954223633E-001
  -9.132999777793884E-001
        1.202499985694885
        3.245500087738037
        1.852599978446960
        1.509500026702881
        1.286399960517883
        1.305400013923645
        1.438799977302551
        2.034100055694580
   9.636999964714050E-001
        2.049400091171265
   8.428999781608582E-001
        1.648399949073792
        1.122300028800964
  -1.295000016689301E-001
        1.425699949264526
       -1.355700016021729
       -2.065099954605103
       -1.884799957275391
   3.359000086784363E-001
        1.699000000953674
        1.703799962997437
        2.216700077056885
  -6.147000193595886E-001
       -1.125100016593933
   1.500000059604645E-001
        2.701600074768066
        2.457799911499023
        2.636300086975098
   6.510000228881836E-001
        1.255100011825562
        1.747799992561340
   2.276999950408936E-001
        1.752799987792969
        2.486900091171265
        2.473900079727173
   9.937000274658203E-001
        1.373800039291382
   8.693000078201294E-001
  -8.640999794006348E-001
       -1.413300037384033
        1.767400026321411
        3.020499944686890
  -3.240000084042549E-002
   9.000999927520752E-001
        1.401600003242493
        1.237499952316284
  -2.773999869823456E-001
        1.784299969673157
        1.729500055313110
        2.241300106048584
        3.061500072479248
        1.774600028991699
        2.234699964523315
        1.036999940872192
        4.315599918365479
        5.421299934387207
        3.526499986648560
        1.318799972534180
        1.801100015640259
        3.725600004196167
        2.683099985122681
        3.840199947357178
        3.034499883651733
   4.120999872684479E-001
        2.615099906921387
        2.549700021743774
        2.634900093078613
        3.247600078582764
        1.547399997711182
        1.751299977302551
        1.114099979400635
        1.270599961280823
        1.103299975395203
       -1.596199989318848
       -1.729300022125244
       -2.860199928283691
       -2.887799978256226
       -2.985399961471558
  -1.421000063419342E-001
        2.928400039672852
        3.505199909210205
        1.454599976539612
       -1.272899985313416
  -3.023000061511993E-001
       -2.156199932098389
   2.136999964714050E-001
  -6.239999830722809E-002
  -2.529999911785126E-001
  -5.070000290870667E-001
        1.269000053405762
  -1.006999984383583E-001
   6.865000128746033E-001
        1.737900018692017
   6.784999966621399E-001
        2.233599901199341
        1.431100010871887
        1.413800001144409
  -4.149999842047691E-002
       -1.980499982833862
       -1.567899942398071
       -2.070499897003174
   6.489999890327454E-001
   4.165999889373779E-001
        1.184599995613098
   4.275000095367432E-001
  -7.642999887466431E-001
       -1.331900000572205
   8.551999926567078E-001
   7.971000075340271E-001
        2.794899940490723
        3.088200092315674
        5.247600078582764
        1.784899950027466
        2.951200008392334
        3.930099964141846
        5.077700138092041
        3.490600109100342
        1.059100031852722
   4.736999869346619E-001
        1.335700035095215
  -5.041999816894531E-001
   5.310999751091003E-001
        2.669500112533569
        1.647199988365173
        4.440000057220459
        2.178499937057495
        4.438600063323975
        4.157100200653076
   2.040999978780747E-001
        1.381199955940247
        2.228600025177002
        1.306200027465820
  -2.233999967575073E-001
       -2.686399936676025
       -2.428200006484985
       -3.174299955368042
       -3.441800117492676
       -3.967999935150147
  -3.709999844431877E-002
        1.457000017166138
        2.089499950408936
        1.941400051116943
        1.403699994087219
  -1.360999941825867E-001
       -1.798900008201599
       -2.571700096130371
       -1.545300006866455
       -1.500800013542175
  -8.931000232696533E-001
        1.049600005149841
   3.768999874591827E-001
  -5.134999752044678E-001
  -2.257999926805496E-001
  -1.402000039815903E-001
       -1.226999998092651
   1.599999964237213E-001
  -9.258000254631043E-001
  -2.000000094994903E-003
       -2.451299905776978
       -2.260799884796143
       -2.832499980926514
       -1.331400036811829
   3.158999979496002E-001
   3.465000092983246E-001
  -8.256999850273132E-001
       -2.439300060272217
       -2.085400104522705
  -1.616999953985214E-001
   2.856999933719635E-001
   1.081999987363815E-001
        1.880499958992004
        3.296099901199341
        2.041399955749512
        2.384200096130371
        3.440799951553345
        3.400500059127808
        2.541899919509888
   8.822000026702881E-001
   4.074000120162964E-001
  -3.161000013351440E-001
   5.914999842643738E-001
        3.127399921417236
        3.955399990081787
        4.499199867248535
        3.321500062942505
        2.091700077056885
        3.320199966430664
        4.855999946594238
       -1.099200010299683
  -4.481999874114990E-001
   1.785999983549118E-001
        1.462299942970276
        2.444499969482422
  -3.576999902725220E-001
       -2.400799989700317
       -4.543799877166748
       -4.996600151062012
       -4.790200233459473
       -1.167999982833862
  -6.862000226974487E-001
        1.139600038528442
   9.369999766349793E-001
   7.735000252723694E-001
        1.278399944305420
        1.524899959564209
   3.472000062465668E-001
       -2.729899883270264
  -8.180999755859375E-001
  -8.058000206947327E-001
  -5.985000133514404E-001
  -9.218000173568726E-001
   4.174999892711639E-001
  -6.589000225067139E-001
   1.810999959707260E-001
  -1.020999997854233E-001
  -1.815000027418137E-001
  -8.420000225305557E-002
   4.435999989509583E-001
       -1.405500054359436
       -2.149899959564209
       -1.831900000572205
  -2.592999935150147E-001
       -1.130599975585938
  -4.004000127315521E-001
       -1.868199944496155
       -1.842100024223328
       -3.767600059509277
  -7.979999780654907E-001
  -3.296000063419342E-001
        1.437500000000000
        1.236099958419800
        1.047299981117249
        1.082800030708313
   2.481999993324280E-001
   9.984999895095825E-001
        1.745200037956238
        1.532899975776672
  -6.234999895095825E-001
  -2.092999964952469E-001
  -6.581000089645386E-001
   9.990000128746033E-001
        2.509000062942505
        3.771500110626221
        4.561699867248535
        2.352200031280518
        1.190999984741211
        4.248199939727783
        4.253300189971924
        1.219900012016296
   2.779999934136868E-002
   5.050000175833702E-002
        1.815500020980835
        2.917299985885620
   3.820999860763550E-001
       -3.028399944305420
       -5.030399799346924
       -5.468699932098389
       -3.763099908828735
       -1.638900041580200
       -1.643800020217896
   3.192999958992004E-001
        1.282699942588806
        2.227999925613403
        1.355399966239929
  -9.440000057220459E-001
       -1.146499991416931
  -7.095000147819519E-001
   2.883999943733215E-001
  -1.500000013038516E-003
   5.399000048637390E-001
        2.364099979400635
        1.399399995803833
        1.174499988555908
        2.136199951171875
   6.388999819755554E-001
   4.366999864578247E-001
        1.598099946975708
   3.920000046491623E-002
  -6.340000033378601E-002
       -1.146000027656555
       -2.923399925231934
       -2.188400030136108
  -5.001000165939331E-001
  -6.572999954223633E-001
  -9.715999960899353E-001
       -1.368000030517578
       -3.787400007247925
       -1.146900057792664
       -1.606099963188171
       -1.872599959373474
  -2.506000101566315E-001
   4.630000144243240E-002
   2.879999876022339E-001
  -5.871000289916992E-001
  -2.840000018477440E-002
        2.256400108337402
        1.728700041770935
   9.667999744415283E-001
       -1.363000035285950
   3.759999945759773E-002
   4.330999851226807E-001
        1.098099946975708
        1.528599977493286
        2.350899934768677
        1.635300040245056
        2.509799957275391
        3.099499940872192
        3.058099985122681
        1.737400054931641
        2.020600080490112
        1.845000028610230
        2.254300117492676
        2.256799936294556
   8.579999804496765E-001
       -1.049100041389465
  -6.973999738693237E-001
       -3.950999975204468
       -4.596300125122070
       -2.861900091171265
       -2.023299932479858
       -1.750399947166443
       -1.250699996948242
   4.140000045299530E-002
   7.955999970436096E-001
   4.036999940872192E-001
   2.181999981403351E-001
   2.251999974250794E-001
        1.426399946212769
  -2.930000051856041E-002
  -2.412000000476837E-001
        1.292299985885620
   1.731999963521957E-001
        1.801300048828125
        1.604200005531311
   8.575999736785889E-001
        1.680400013923645
        1.058599948883057
        1.064499974250794
        1.590700030326843
        2.301300048828125
        1.619899988174439
       -2.192500114440918
       -1.033300042152405
  -2.703000009059906E-001
       -1.409600019454956
       -2.885699987411499
       -4.107500076293945
       -1.894899964332581
       -3.236299991607666
       -2.020200014114380
  -9.445999860763550E-001
       -1.125300049781799
       -2.860199928283691
       -1.051599979400635
   7.724999785423279E-001
   1.609999984502792E-001
  -3.743999898433685E-001
  -2.843999862670898E-001
   9.010000228881836E-001
  -9.140999913215637E-001
   2.283000051975250E-001
        3.587599992752075
        2.627700090408325
        2.739200115203857
        2.104599952697754
        1.381600022315979
        1.287099957466126
        1.970000028610230
        3.858500003814697
        1.105599999427795
        1.321699976921082
        2.494299888610840
        2.022200107574463
   5.260999798774719E-001
       -2.211800098419190
  -8.949000239372253E-001
       -2.504600048065186
       -3.354300022125244
       -2.769500017166138
       -1.805799961090088
       -3.002000093460083
  -1.516000032424927E-001
       -2.258599996566773
       -1.405699968338013
       -1.156700015068054
   5.067999958992004E-001
       -1.167700052261353
  -2.342000007629395E-001
        2.607700109481812
        1.518599987030029
   4.280999898910523E-001
  -1.633999943733215E-001
   1.348000019788742E-001
        1.428799986839294
        1.906800031661987
        1.223899960517883
        2.066400051116943
        2.243999958038330
  -2.074999958276749E-001
  -6.260000169277191E-002
   5.823000073432922E-001
       -1.168599963188171
   4.212000072002411E-001
   1.071999967098236E-001
  -9.035999774932861E-001
       -2.008100032806397
       -2.816900014877319
       -2.096199989318848
       -2.780600070953369
       -1.037899971008301
       -1.375300049781799
  -3.955999910831451E-001
       -1.134600043296814
       -1.583999991416931
  -1.783999949693680E-001
   2.365999966859818E-001
   6.873000264167786E-001
        1.518399953842163
   8.809000253677368E-001
   7.233999967575073E-001
   9.052000045776367E-001
        1.987200021743774
        3.665499925613403
        2.506299972534180
        2.570300102233887
   1.208999976515770E-001
   6.661000251770020E-001
        1.908200025558472
        2.568099975585938
   3.506999909877777E-001
        1.170699954032898
        1.032299995422363
  -6.578000187873840E-001
   1.216999962925911E-001
       -2.472399950027466
       -4.199399948120117
       -4.716100215911865
       -3.703200101852417
       -2.622800111770630
       -2.341200113296509
       -2.837399959564209
  -9.085000157356262E-001
       -1.818400025367737
       -4.018099784851074
       -2.858900070190430
       -2.290800094604492
       -1.718600034713745
  -1.990000009536743E-001
        1.598099946975708
   1.743000000715256E-001
   1.771000027656555E-001
  -3.032000064849854E-001
  -1.529999971389771E-001
        1.047799944877625
        2.645999908447266
        1.291100025177002
        2.235100030899048
        1.866999983787537
  -9.503999948501587E-001
       -1.188599944114685
        1.565000057220459
        1.154800057411194
        1.039700031280518
        1.707200050354004
        1.610000014305115
   7.541999816894531E-001
   5.394999980926514E-001
       -1.686900019645691
       -2.118700027465820
       -2.902600049972534
  -8.080000281333923E-001
       -1.525099992752075
   5.487999916076660E-001
   9.063000082969666E-001
   2.462999969720841E-001
        1.221699953079224
        1.380900025367737
   9.930999875068665E-001
        1.973500013351440
   1.050999984145165E-001
   7.379999756813049E-001
        1.633499979972839
        1.938699960708618
        1.133999943733215
       -1.213899970054627
        1.130800008773804
   6.348999738693237E-001
        3.454299926757813
   8.776999711990356E-001
  -7.785999774932861E-001
   9.793000221252441E-001
        1.018000006675720
   1.370000001043081E-002
       -1.092000007629395
       -2.543699979782105
       -3.913599967956543
       -2.512300014495850
       -3.765300035476685
       -4.024700164794922
       -3.571700096130371
       -3.237600088119507
       -2.480600118637085
       -3.620300054550171
       -3.524100065231323
       -2.620899915695190
       -2.076400041580200
  -3.783000111579895E-001
        2.148699998855591
        3.059200048446655
   1.721999943256378E-001
  -4.812999963760376E-001
       -1.957599997520447
   6.100999712944031E-001
        2.229799985885620
        1.991199970245361
   7.987999916076660E-001
        1.057600021362305
        4.069799900054932
        1.534800052642822
        1.908100008964539
        2.359400033950806
   3.111000061035156E-001
        1.251399993896484
        3.272700071334839
        2.825099945068359
        3.330600023269653
  -2.195000052452087E-001
  -9.837999939918518E-001
  -9.000999927520752E-001
   2.358999997377396E-001
  -4.986999928951263E-001
  -5.439000129699707E-001
  -1.948000043630600E-001
        1.831099987030029
        1.602800011634827
        1.611099958419800
   1.242000013589859E-001
        1.035099983215332
  -7.017999887466431E-001
       -1.194599986076355
  -5.540000200271606E-001
   8.636000156402588E-001
  -1.339000016450882E-001
   5.442000031471252E-001
   3.154999911785126E-001
       -1.401100039482117
  -5.660000070929527E-002
        1.996700048446655
   9.447000026702881E-001
  -8.550999760627747E-001
  -1.908999979496002E-001
  -7.172999978065491E-001
  -1.784999966621399E-001
       -1.447900056838989
       -1.001999974250794
       -2.270499944686890
       -2.485100030899048
       -1.310799956321716
       -2.617599964141846
       -4.117499828338623
       -3.131299972534180
       -1.282600045204163
       -1.531399965286255
       -3.193200111389160
       -3.674400091171265
   2.277999967336655E-001
        1.208400011062622
        3.721499919891357
        3.305000066757202
        1.728700041770935
   1.627999991178513E-001
        1.186200022697449
        1.146600008010864
   6.596000194549561E-001
        2.134399890899658
   7.854999899864197E-001
        2.258399963378906
        5.290999889373779
        4.836800098419190
        3.568500041961670
        4.680900096893311
        3.752199888229370
        3.083300113677979
        4.159699916839600
        2.653000116348267
   5.942000150680542E-001
   9.972000122070313E-001
       -1.901800036430359
  -8.410000205039978E-001
   9.947999715805054E-001
   8.353999853134155E-001
        1.225499987602234
        1.776100039482117
  -8.830999732017517E-001
   5.127000212669373E-001
       -1.097599983215332
        1.345900058746338
        1.351799964904785
       -1.612800002098084
  -1.030000019818544E-002
        1.373800039291382
   4.993000030517578E-001
   8.277999758720398E-001
        2.397099971771240
   4.787000119686127E-001
   3.894999921321869E-001
       -1.182399988174439
   2.813999950885773E-001
        1.075299978256226
        2.318599939346314
       -2.479899883270264
  -1.925999969244003E-001
        1.219400048255920
        2.839600086212158
        2.202199935913086
   1.765999943017960E-001
       -2.609200000762940
  -7.447000145912170E-001
       -2.191299915313721
       -2.132699966430664
  -9.756000041961670E-001
  -4.255000054836273E-001
       -1.391000032424927
       -1.114199995994568
       -2.138900041580200
   2.477999925613403E-001
   3.395000100135803E-001
        1.893900036811829
        2.670099973678589
        1.017400026321411
   3.966000080108643E-001
   5.703999996185303E-001
       -1.499699950218201
   6.980999708175659E-001
        1.654199957847595
        2.142800092697144
        2.219599962234497
        4.993700027465820
        5.055200099945068
        6.303899765014648
        5.619299888610840
        6.553699970245361
        4.078199863433838
        5.825799942016602
   6.207000017166138E-001
  -6.216999888420105E-001
       -1.381800055503845
       -1.554600000381470
  -6.621000170707703E-001
  -8.032000064849854E-001
   2.809000015258789E-001
        1.494099974632263
   5.113999843597412E-001
   8.065999746322632E-001
  -2.312999963760376E-001
       -1.871000051498413
  -5.349000096321106E-001
   6.480000168085098E-002
       -2.026000022888184
       -1.249199986457825
       -1.194399952888489
  -5.160000175237656E-002
       -1.401399970054627
  -5.744000077247620E-001
  -1.334999948740006E-001
   1.773999929428101E-001
  -7.218999862670898E-001
       -1.538900017738342
        2.055500030517578
   6.324999928474426E-001
       -1.527099967002869
  -1.351999938488007E-001
        3.163500070571899
        2.500299930572510
        3.354099988937378
        3.456300020217896
   1.395999938249588E-001
  -3.206999897956848E-001
   1.133000031113625E-001
   4.844999909400940E-001
       -1.893700003623962
       -1.841799974441528
       -1.901000022888184
       -1.268200039863586
  -8.769000172615051E-001
  -3.129999935626984E-001
   3.691000044345856E-001
   4.111000001430512E-001
        1.638700008392334
   5.472999811172485E-001
  -4.546999931335449E-001
        1.444399952888489
        1.550899982452393
        1.808799982070923
   4.101999998092651E-001
   3.494000136852264E-001
        4.363399982452393
        4.650499820709229
        5.316500186920166
        4.869200229644775
        5.544300079345703
        4.436900138854981
        3.989500045776367
        3.381500005722046
   9.322000145912170E-001
   6.450999975204468E-001
  -1.099999994039536E-001
       -1.972499966621399
  -8.924000263214111E-001
       -1.289800047874451
   2.090000063180924E-001
        1.096500039100647
        2.142199993133545
  -7.749999761581421E-001
   5.357999801635742E-001
       -1.581300020217896
       -1.786499977111816
       -2.874700069427490
       -3.266599893569946
       -3.003999948501587
       -3.500400066375732
       -2.463099956512451
       -1.329900026321411
       -2.260299921035767
       -2.624700069427490
       -2.559700012207031
       -3.694099903106690
       -3.546700000762940
        1.728600025177002
  -3.495000004768372E-001
  -8.550000190734863E-002
   2.769999951124191E-002
        2.672800064086914
        3.961199998855591
        2.642800092697144
        3.414200067520142
        3.260999917984009
        1.634999990463257
        2.335000038146973
   7.117000222206116E-001
       -1.084100008010864
       -2.005300045013428
       -1.720800042152405
       -1.776200056076050
  -6.818000078201294E-001
   5.777999758720398E-001
   6.861000061035156E-001
   8.371000289916992E-001
   7.573999762535095E-001
        1.526499986648560
  -4.589999914169312E-001
        1.883299946784973
   8.826000094413757E-001
        1.885100007057190
        1.944700002670288
        2.676599979400635
        2.511600017547607
        5.226699829101563
        4.148200035095215
        4.016699790954590
        2.764699935913086
        3.155400037765503
        4.486899852752686
        2.717600107192993
   6.231999993324280E-001
  -3.666000068187714E-001
       -1.266899943351746
       -2.420799970626831
       -3.701600074768066
       -4.007800102233887
        1.344099998474121
  -2.982999980449677E-001
  -6.926000118255615E-001
   1.298000067472458E-001
   8.555999994277954E-001
       -1.266899943351746
       -3.207299947738648
       -3.436000108718872
       -3.363500118255615
       -4.458000183105469
       -3.386100053787231
       -4.617099761962891
       -3.197299957275391
       -2.592400074005127
       -3.045200109481812
       -1.050699949264526
       -4.813000202178955
       -4.260499954223633
        2.055999994277954
        1.447000026702881
  -3.874999880790710E-001
   4.390000104904175E-001
  -6.496000289916992E-001
        2.484499931335449
        2.588099956512451
        3.009999990463257
        2.112200021743774
        1.600700020790100
        1.791000008583069
        2.387599945068359
        1.255499958992004
        1.094699978828430
        1.020200014114380
  -5.026999711990356E-001
        1.154999971389771
        2.276299953460693
        1.613399982452393
        1.676599979400635
        2.653700113296509
        1.648900032043457
  -9.261999726295471E-001
   7.423999905586243E-001
        2.088599920272827
        3.380700111389160
        3.068000078201294
        3.834899902343750
        2.249799966812134
        1.536499977111816
        3.767600059509277
        1.489199995994568
        2.789299964904785
        3.277800083160400
        3.133100032806397
        2.073299884796143
        1.293499946594238
       -1.564299941062927
       -1.347499966621399
       -2.296799898147583
       -2.404999971389771
       -3.602200031280518
       -2.298399925231934
       -1.878900051116943
       -2.837899923324585
       -1.787999987602234
       -2.667700052261353
       -3.781800031661987
       -3.274600028991699
       -3.205899953842163
       -3.275399923324585
       -3.290800094604492
       -3.602299928665161
       -4.148099899291992
       -2.821300029754639
       -1.917500019073486
       -1.111400008201599
       -1.427299976348877
       -4.327700138092041
       -2.301800012588501
        3.217700004577637
        1.729799985885620
        2.142800092697144
   1.255999952554703E-001
   7.081000208854675E-001
   9.196000099182129E-001
   9.818000197410584E-001
        2.012200117111206
        2.852799892425537
        1.460299968719482
        1.441599965095520
        1.785400032997131
        1.351400017738342
   8.715000152587891E-001
        2.736900091171265
   9.502000212669373E-001
        1.912199974060059
        1.241099953651428
   5.745999813079834E-001
        2.173399925231934
        1.641800045967102
        1.500399947166443
        1.883100032806397
        1.600800037384033
        2.628900051116943
        2.618499994277954
        2.817300081253052
        2.145800113677979
        2.182699918746948
        1.847399950027466
        2.190799951553345
        2.154400110244751
        2.073899984359741
        2.542500019073486
        1.236400008201599
        1.286999940872192
        2.542700052261353
        1.172199964523315
  -5.921000242233276E-001
  -9.947000145912170E-001
       -1.135300040245056
       -3.279000043869019
       -1.391999959945679
       -1.087800025939941
       -2.115400075912476
       -1.690500020980835
       -3.654000043869019
       -3.339999914169312
       -3.134900093078613
       -3.841799974441528
       -5.035600185394287
       -2.867700099945068
       -3.362099885940552
       -2.981300115585327
       -2.038399934768677
  -6.210000067949295E-002
   1.735000014305115E-001
       -1.354300022125244
       -1.933200001716614
       -2.239500045776367
        2.969000101089478
        2.809200048446655
        1.799399971961975
   7.699999958276749E-002
  -9.064999818801880E-001
  -5.900000222027302E-003
   5.236999988555908E-001
   5.430999994277954E-001
        1.250699996948242
        1.393399953842163
        2.127099990844727
   9.117000102996826E-001
        1.793699979782105
        1.992300033569336
        3.644900083541870
        2.987499952316284
        1.523800015449524
        1.752599954605103
        2.628799915313721
        3.099800109863281
        3.302299976348877
        3.241800069808960
   6.147000193595886E-001
        1.987300038337708
        1.996999979019165
        1.910699963569641
        2.295399904251099
        1.684100031852722
   5.595999956130981E-001
  -8.345999717712402E-001
        3.151299953460693
   9.365000128746033E-001
        2.400300025939941
   1.941999942064285E-001
   2.260999977588654E-001
        1.805500030517578
        1.992799997329712
   6.503000259399414E-001
   2.401999980211258E-001
       -1.656100034713745
       -1.633800029754639
       -2.470799922943115
   2.903999984264374E-001
   4.790000021457672E-001
       -1.854599952697754
       -2.254199981689453
       -3.558099985122681
       -3.050899982452393
       -4.394800186157227
       -3.800400018692017
       -3.194200038909912
       -2.576100111007690
       -1.916300058364868
  -5.087000131607056E-001
       -1.104200005531311
       -1.432299971580505
       -3.216799974441528
       -2.272399902343750
       -2.494499921798706
       -2.732500076293945
        2.982399940490723
        1.588199973106384
        1.294399976730347
   3.661000132560730E-001
   3.246000111103058E-001
  -6.980000138282776E-001
  -8.065000176429749E-001
   7.959999889135361E-002
   8.751000165939331E-001
        1.786399960517883
        1.894299983978272
   5.703999996185303E-001
       -1.105000019073486
   4.941000044345856E-001
        2.988800048828125
        3.233799934387207
        4.703400135040283
        4.943099975585938
        5.826700210571289
        3.898600101470947
        3.848900079727173
        2.671000003814697
        2.150199890136719
   2.915000021457672E-001
        1.587000012397766
        1.388499975204468
        2.950599908828735
   5.123000144958496E-001
  -3.469999879598618E-002
  -1.847999989986420E-001
  -1.779000014066696E-001
   4.083000123500824E-001
   4.489000141620636E-001
   5.378999710083008E-001
   6.119999885559082E-001
   1.929000020027161E-001
   3.691999912261963E-001
        1.757300019264221
        2.111799955368042
  -5.345000028610230E-001
       -3.411600112915039
       -1.727399945259094
       -1.245800018310547
        1.006899952888489
   5.150000005960465E-002
       -1.250300049781799
       -3.058799982070923
       -3.941900014877319
       -2.822700023651123
       -3.890300035476685
       -4.461299896240234
       -3.605400085449219
   3.328999876976013E-001
   2.199999988079071E-001
  -5.324000120162964E-001
  -3.986000120639801E-001
       -2.064899921417236
       -2.282000064849854
       -3.325500011444092
       -3.005899906158447
        2.701100111007690
        1.923099994659424
   6.733999848365784E-001
  -1.437000036239624E-001
   4.172999858856201E-001
        1.381700038909912
  -2.820999920368195E-001
   2.745999991893768E-001
        1.747200012207031
        1.128399968147278
        1.611700057983398
        1.210199952125549
  -8.367000222206116E-001
   4.907000064849854E-001
        2.451600074768066
        4.604700088500977
        4.958899974822998
        5.309299945831299
        5.367099761962891
        1.970399975776672
        2.252799987792969
        2.786400079727173
        2.299299955368042
   4.512999951839447E-001
        1.243999958038330
        2.245599985122681
        1.483199954032898
   1.773999929428101E-001
  -5.766999721527100E-001
  -7.559999823570252E-001
  -9.840999841690064E-001
        1.356799960136414
   5.261999964714050E-001
  -1.620000042021275E-002
       -1.078199982643127
       -1.319100022315979
        1.384899973869324
   6.632000207901001E-001
        2.549299955368042
  -3.231999874114990E-001
  -8.392000198364258E-001
       -2.160599946975708
       -2.077800035476685
  -7.759000062942505E-001
  -7.330999970436096E-001
       -1.325299978256226
       -3.254600048065186
       -3.170500040054321
       -4.284399986267090
       -3.955499887466431
       -3.329900026321411
       -3.600100040435791
       -1.481400012969971
   7.537000179290772E-001
  -3.377999961376190E-001
  -2.312999963760376E-001
       -1.155099987983704
       -2.302400112152100
       -1.238100051879883
       -1.294600009918213
        1.847000002861023
        1.783900022506714
   5.411999821662903E-001
   5.852000117301941E-001
        1.443300008773804
   8.774999976158142E-001
        1.038599967956543
   6.207000017166138E-001
   5.202000141143799E-001
       -2.001899957656860
  -5.160999894142151E-001
   3.152999877929688E-001
  -4.769999980926514E-001
   6.481000185012817E-001
   9.466000199317932E-001
        3.696899890899658
        5.338399887084961
        4.484700202941895
        3.518599987030029
   5.315999984741211E-001
        1.679999947547913
        1.722699999809265
        2.592900037765503
        2.007499933242798
   7.957999706268311E-001
        1.173799991607666
  -6.219999790191650E-001
       -1.977599978446960
       -1.351899981498718
  -5.799000263214111E-001
  -4.417000114917755E-001
        1.749699950218201
   3.490000069141388E-001
   4.235999882221222E-001
  -5.338000059127808E-001
  -2.887000143527985E-001
       -1.771199941635132
  -8.020000159740448E-002
        1.607300043106079
  -3.362999856472015E-001
       -2.646600008010864
       -2.007999897003174
       -1.797399997711182
  -4.038999974727631E-001
  -2.060000002384186E-001
   4.208000004291534E-001
  -2.811000049114227E-001
  -5.426999926567078E-001
       -3.654700040817261
       -3.987099885940552
       -3.709800004959106
       -4.664800167083740
       -1.498900055885315
  -9.718999862670898E-001
       -1.031399965286255
   4.693999886512756E-001
       -2.055299997329712
       -2.724600076675415
       -2.086600065231323
       -3.064100027084351
        1.222300052642822
        2.370500087738037
   2.539999969303608E-002
  -3.046999871730804E-001
        2.307399988174439
  -4.819999933242798E-001
   1.370000001043081E-002
  -2.011999934911728E-001
        1.080000042915344
       -2.947200059890747
  -1.101000010967255E-001
   8.537999987602234E-001
        1.280799984931946
        1.428900003433228
        3.025099992752075
        4.059299945831299
        3.912499904632568
        3.534499883651733
        1.847200036048889
   3.477999866008759E-001
        2.301399946212769
        3.046900033950806
        2.848900079727173
        2.639699935913086
        1.528599977493286
   5.109999775886536E-001
  -9.819999933242798E-001
       -1.419700026512146
       -1.529099941253662
  -7.698000073432922E-001
        1.019299983978272
   9.688000082969666E-001
   5.884000062942505E-001
        2.404299974441528
   6.440000236034393E-002
   4.253000020980835E-001
  -1.680999994277954E-001
        1.200700044631958
  -2.579999864101410E-001
        1.095600008964539
  -8.636000156402588E-001
       -2.191800117492676
       -1.833400011062622
       -1.901100039482117
       -2.314300060272217
   9.692000150680542E-001
   3.574000000953674E-001
       -1.197700023651123
       -2.223999977111816
       -3.089699983596802
       -4.998799800872803
       -4.230500221252441
       -4.108900070190430
       -2.303699970245361
       -2.471199989318848
       -2.703299999237061
       -2.421400070190430
       -3.326800107955933
       -2.475500106811523
       -2.333100080490112
        1.768399953842163
   7.671999931335449E-001
        1.361099958419800
   9.211999773979187E-001
   5.195000171661377E-001
  -2.813999950885773E-001
       -1.012199997901917
       -2.412600040435791
       -2.197400093078613
  -9.013000130653381E-001
  -5.821999907493591E-001
        1.421700000762940
        1.496799945831299
        1.270799994468689
        3.408999919891357
        3.992000102996826
        3.195699930191040
        1.834699988365173
        3.063400030136108
        2.873600006103516
        1.039100050926209
        2.204799890518189
        1.002900004386902
   2.646000087261200E-001
        1.415199995040894
   2.273000031709671E-001
   2.300000051036477E-003
       -1.804700016975403
  -4.659999907016754E-002
   4.302000105381012E-001
        1.377200007438660
        1.301300048828125
        1.677199959754944
        3.149699926376343
        3.580499887466431
   5.181000232696533E-001
   4.241000115871429E-001
   9.103000164031982E-001
   3.152000010013580E-001
        2.538599967956543
   5.974000096321106E-001
        1.469900012016296
   3.140000104904175E-001
  -5.180000141263008E-002
   4.875000119209290E-001
        2.260600090026856
   5.647000074386597E-001
       -1.830299973487854
       -2.250799894332886
       -4.355999946594238
       -5.868400096893311
       -5.619599819183350
       -3.719099998474121
       -4.279200077056885
       -6.159599781036377
       -4.276899814605713
       -4.025400161743164
       -3.122100114822388
       -2.075099945068359
       -1.761500000953674
        2.640199899673462
        1.604799985885620
   9.419999718666077E-001
   9.286999702453613E-001
        1.503999948501587
        1.340999960899353
       -1.203099966049194
       -2.315599918365479
       -1.744300007820129
  -4.343000054359436E-001
   4.948000013828278E-001
   1.573999971151352E-001
        2.739200115203857
   9.880999922752380E-001
        1.477900028228760
        1.751799941062927
        2.565399885177612
   9.093000292778015E-001
        2.089900016784668
        1.262799978256226
   9.259999990463257E-001
        1.053099989891052
  -6.751000285148621E-001
   7.609999775886536E-001
        1.092800021171570
        1.322900056838989
        1.400099992752075
   2.109999954700470E-002
       -1.530799984931946
   1.606000065803528E-001
        1.794899940490723
   6.039999723434448E-001
   7.753000259399414E-001
        1.149000048637390
        1.902300000190735
   6.076999902725220E-001
  -4.352000057697296E-001
   3.599999938160181E-003
  -3.903999924659729E-001
        2.973799943923950
        3.581399917602539
        1.002200007438660
        1.066599965095520
        1.076799988746643
   7.691000103950501E-001
        1.673900008201599
   2.581999897956848E-001
  -9.053999781608582E-001
       -1.991400003433228
       -2.640500068664551
       -4.372900009155273
       -4.710999965667725
       -5.473899841308594
       -5.794300079345703
       -5.268400192260742
       -5.214700222015381
       -2.258100032806397
       -2.104099988937378
  -8.705999851226807E-001
       -1.300699949264526
        3.076499938964844
        2.940200090408325
        1.983500003814697
   6.847000122070313E-001
        1.451699972152710
   4.966999888420105E-001
  -7.247999906539917E-001
       -3.003799915313721
       -2.092400074005127
   7.576000094413757E-001
   1.750999987125397E-001
   8.138999938964844E-001
   7.741000056266785E-001
        1.074200034141541
        1.339200019836426
  -5.241000056266785E-001
  -1.217999979853630E-001
   1.801999956369400E-001
        1.174399971961975
   8.934000134468079E-001
  -1.545999944210053E-001
        3.347300052642822
        2.182199954986572
   5.497999787330627E-001
        1.366899967193604
   5.066000223159790E-001
   4.623000025749207E-001
  -7.060999870300293E-001
  -3.140999972820282E-001
   1.592999994754791E-001
   7.394000291824341E-001
   6.406000256538391E-001
   7.965000271797180E-001
        1.351500034332275
   9.240999817848206E-001
        1.838600039482117
        1.027799963951111
  -4.722999930381775E-001
   7.605999708175659E-001
        2.866300106048584
        2.796999931335449
   6.719999909400940E-001
        1.987699985504150
   9.222999811172485E-001
  -2.836999893188477E-001
       -1.354799985885620
       -1.151200056076050
       -2.117100000381470
       -1.042099952697754
       -4.675300121307373
       -4.969500064849854
       -6.443999767303467
       -7.327300071716309
       -6.651599884033203
       -3.758500099182129
       -4.617899894714356
       -1.411000013351440
       -2.285099983215332
       -2.413199901580811
  -4.706000089645386E-001
        2.608599901199341
        2.671799898147583
        2.520100116729736
  -3.427999913692474E-001
   2.610000036656857E-002
       -1.423300027847290
  -3.625000119209290E-001
        1.113800048828125
   7.926999926567078E-001
   9.571999907493591E-001
  -8.299999684095383E-002
   3.664999902248383E-001
   5.939999967813492E-002
   6.079000234603882E-001
        2.218199968338013
       -2.682399988174439
       -1.419499993324280
       -1.805199980735779
   2.696999907493591E-001
   9.283999800682068E-001
        1.066499948501587
   8.847000002861023E-001
        2.557600021362305
        1.434599995613098
        1.599599957466126
   9.205999970436096E-001
   5.080999732017517E-001
  -7.592999935150147E-001
  -2.198999971151352E-001
   3.576000034809113E-001
        1.052500009536743
   2.500000000000000E-001
  -4.704000055789948E-001
   3.463000059127808E-001
   7.260000109672546E-001
        2.601099967956543
   9.006000161170960E-001
   9.607999920845032E-001
        1.420699954032898
        3.115600109100342
        2.900300025939941
   2.087000012397766E-001
  -5.779999867081642E-002
        1.130499958992004
  -8.160000294446945E-002
       -1.667400002479553
  -5.033000111579895E-001
       -2.032399892807007
       -2.741199970245361
       -2.750799894332886
       -3.431999921798706
       -4.386899948120117
       -5.601099967956543
       -5.984000205993652
       -2.711199998855591
       -2.122299909591675
       -2.644099950790405
  -7.421000003814697E-001
       -1.763399958610535
       -1.436400055885315
   3.077000081539154E-001
        1.469699978828430
   3.878000080585480E-001
   6.747999787330627E-001
   6.559000015258789E-001
        1.006399989128113
   8.766000270843506E-001
        1.154000043869019
   3.305999934673309E-001
        1.036299943923950
        1.357800006866455
        1.004600048065186
        1.167199969291687
  -1.456000059843063E-001
   8.790000081062317E-001
       -1.403200030326843
       -2.809200048446655
       -2.568200111389160
       -1.059800028800964
   7.034000158309937E-001
        1.761299967765808
        3.781199932098389
        2.636100053787231
        2.180900096893311
        2.152299880981445
        1.728700041770935
   9.749999642372131E-002
        1.007599949836731
   6.337000131607056E-001
        1.959599971771240
   7.362999916076660E-001
   1.879999972879887E-002
       -1.927399992942810
       -1.414100050926209
        1.644999980926514
        1.870399951934815
        1.844099998474121
        1.246099948883057
        1.457700014114380
        1.315000057220459
        2.684299945831299
   7.020000368356705E-002
       -1.174700021743774
   2.544000148773193E-001
   9.567999839782715E-001
        1.558300018310547
   3.677000105381012E-001
  -5.741000175476074E-001
       -1.807700037956238
       -2.110399961471558
       -2.532799959182739
       -2.928400039672852
       -3.113899946212769
       -3.268699884414673
       -3.462800025939941
       -1.957000017166138
       -3.454099893569946
       -1.514899969100952
       -1.252599954605103
       -3.149199962615967
   8.155000209808350E-001
        1.387500047683716
        2.252899885177612
        1.136299967765808
   6.656000018119812E-001
   2.001000046730042E-001
   8.869000077247620E-001
   5.829999968409538E-002
  -4.018999934196472E-001
        1.189900040626526
        1.281499981880188
        1.641399979591370
        1.178500056266785
   6.814000010490418E-001
   5.396000146865845E-001
       -1.796300053596497
       -3.028599977493286
       -3.210599899291992
       -1.997599959373474
  -6.054000258445740E-001
        2.457900047302246
        3.093600034713745
        2.885400056838989
   9.941999912261963E-001
        1.445099949836731
  -1.564999967813492E-001
  -3.837000131607056E-001
       -1.201200008392334
   7.240000367164612E-002
        2.460799932479858
        1.699800014495850
  -2.079000025987625E-001
   3.713999986648560E-001
        1.546900033950806
        3.839200019836426
        2.078500032424927
        1.079300045967102
        1.381700038909912
        1.152099967002869
        3.236399888992310
        2.142999887466431
   9.552999734878540E-001
   2.070000022649765E-001
   6.306999921798706E-001
   7.767999768257141E-001
        1.285199999809265
        1.107699990272522
   5.299999937415123E-002
  -1.979999989271164E-002
       -1.117799997329712
   8.108999729156494E-001
   3.386999964714050E-001
       -1.994899988174439
       -1.419000029563904
       -3.306299924850464
       -2.992399930953980
       -2.978300094604492
       -1.054999947547913
       -1.609300017356873
       -2.411700010299683
        4.047200202941895
        1.702999949455261
        2.820600032806397
  -1.071999967098236E-001
   3.350000083446503E-002
   1.805000007152557E-001
  -5.048999786376953E-001
        1.009199976921082
   5.279999971389771E-002
   9.578999876976013E-001
  -1.155999973416328E-001
   1.922000050544739E-001
        1.880699992179871
  -7.526000142097473E-001
       -1.310199975967407
       -1.069200038909912
       -1.270300030708313
  -6.779999732971191E-001
  -3.673999905586243E-001
  -5.224999785423279E-001
        1.368999958038330
   2.840000092983246E-001
        1.525099992752075
   7.490000128746033E-002
   7.767000198364258E-001
  -5.648000240325928E-001
       -1.075999975204468
  -3.662000000476837E-001
   1.172000020742416E-001
        2.260600090026856
   7.551000118255615E-001
  -7.713000178337097E-001
   3.689999878406525E-002
   8.047000169754028E-001
        1.936699986457825
        4.332399845123291
        2.588000059127808
        2.190200090408325
        1.037199974060059
        1.161100029945374
        1.786399960517883
        1.087499976158142
   4.054999947547913E-001
   3.971000015735626E-001
  -9.812999963760376E-001
        1.816599965095520
        3.607300043106079
        3.182199954986572
   1.740000024437904E-002
   1.159000024199486E-001
        2.608999967575073
   8.158000111579895E-001
  -8.489999920129776E-002
   5.016999840736389E-001
       -2.604899883270264
       -2.163500070571899
       -1.466899991035461
       -1.846699953079224
       -1.401999950408936
       -1.795899987220764
        4.685100078582764
        4.129700183868408
        4.568799972534180
        1.720000028610230
        1.528599977493286
   5.145000219345093E-001
   6.470000147819519E-001
   9.323999881744385E-001
   9.758999943733215E-001
        1.217399954795837
  -7.739999890327454E-002
   8.938999772071838E-001
   5.210000276565552E-001
   2.272000014781952E-001
  -1.781000047922134E-001
       -1.963500022888184
  -8.112999796867371E-001
        2.092099905014038
   2.870999872684479E-001
   7.490000128746033E-002
   2.950000017881393E-002
        1.919700026512146
   8.860000222921372E-002
   3.091999888420105E-001
  -7.667000293731690E-001
  -6.697999835014343E-001
  -9.336000084877014E-001
       -1.672000050544739
  -7.663000226020813E-001
        1.070399999618530
   5.162000060081482E-001
   2.258999943733215E-001
        2.216000080108643
        2.000999927520752
        2.598599910736084
        4.507500171661377
        4.062799930572510
        3.761899948120117
   7.498000264167786E-001
        1.960299968719482
        1.415599942207336
        1.485599994659424
        1.894799947738648
   4.751999974250794E-001
  -2.597000002861023E-001
   3.488000035285950E-001
        3.847700119018555
        2.272599935531616
        1.251700043678284
   1.230999976396561E-001
        1.233399987220764
        1.605900049209595
  -5.703999996185303E-001
  -4.789999872446060E-002
       -1.856699943542481
       -1.794000029563904
  -8.665000200271606E-001
   2.994999885559082E-001
       -2.922800064086914
  -4.336000084877014E-001
        4.363399982452393
        3.899800062179565
        1.680899977684021
        1.827700018882752
   3.291000127792358E-001
  -7.950999736785889E-001
   9.338999986648560E-001
       -1.044999957084656
  -8.435000181198120E-001
       -2.291399955749512
  -6.409999728202820E-002
  -7.659000158309937E-001
  -1.228000000119209E-001
  -3.341999948024750E-001
  -7.110000252723694E-001
       -1.891399979591370
  -2.170999944210053E-001
        1.522099971771240
  -5.266000032424927E-001
  -6.173999905586243E-001
        1.005900025367737
        1.230999946594238
        1.469300031661987
  -7.450000196695328E-002
   1.063999980688095E-001
   9.034000039100647E-001
       -1.200299978256226
       -2.298799991607666
  -9.217000007629395E-001
        1.966599941253662
   5.570999979972839E-001
        1.042099952697754
        1.809000015258789
        2.112600088119507
        4.213600158691406
        4.656899929046631
        5.501200199127197
        2.749700069427490
  -3.253999948501587E-001
   8.072999715805054E-001
        1.136500000953674
        2.558799982070923
        2.652800083160400
        1.639899969100952
       -1.795099973678589
       -1.481199979782105
        1.422500014305115
   3.643000125885010E-001
        1.193799972534180
   6.808000206947327E-001
        2.149499893188477
  -3.037000000476837E-001
  -9.319999814033508E-002
  -3.610999882221222E-001
   6.107000112533569E-001
        1.169999957084656
  -4.478999972343445E-001
  -8.679000139236450E-001
  -7.178999781608582E-001
   4.404999911785126E-001
        3.453599929809570
        4.005400180816650
  -5.778999924659729E-001
       -2.780499935150147
       -1.859099984169006
  -1.315000057220459E-001
       -1.261800050735474
       -2.523299932479858
       -5.037499904632568
       -2.280900001525879
       -2.253499984741211
   3.569000065326691E-001
  -6.790999770164490E-001
       -2.612499952316284
       -1.093000054359436
   6.468999981880188E-001
  -4.862999916076660E-001
   9.829000234603882E-001
   9.169999957084656E-001
        2.233799934387207
        3.273999929428101
        2.100300073623657
        1.368800044059753
        1.324200034141541
  -7.619000077247620E-001
   3.189999982714653E-002
  -8.082000017166138E-001
   7.299999892711639E-002
   9.843000173568726E-001
   3.876999914646149E-001
  -1.177999973297119E-001
  -1.002999991178513E-001
        2.398699998855591
        3.420099973678589
        3.596499919891357
        4.519199848175049
        3.687599897384644
        4.148099899291992
        1.544700026512146
        1.618800044059753
        3.009099960327148
        2.084899902343750
   8.850000053644180E-002
   7.009000182151794E-001
       -1.036100029945374
       -2.533099889755249
   2.964999973773956E-001
        1.064800024032593
   4.524999856948853E-001
   7.721999883651733E-001
   7.882999777793884E-001
   9.855999946594238E-001
  -9.449999779462814E-002
   3.729000091552734E-001
        2.072000026702881
        1.795099973678589
  -9.300000220537186E-002
  -4.602000117301941E-001
  -7.691000103950501E-001
        1.091500043869019
        3.364000082015991
        2.892499923706055
        1.319100022315979
   6.069999933242798E-002
        2.209800004959106
   7.578999996185303E-001
       -1.309299945831299
       -2.143500089645386
       -2.625699996948242
  -9.609000086784363E-001
  -3.788999915122986E-001
       -2.394000053405762
       -2.132899999618530
       -1.247599959373474
  -6.255999803543091E-001
        1.003800034523010
  -3.269999921321869E-001
        1.620300054550171
        3.112799882888794
        3.421999931335449
        2.150300025939941
        4.685800075531006
        2.419100046157837
        1.707999944686890
   9.508000016212463E-001
        1.084200024604797
  -4.654999971389771E-001
        2.086800098419190
        2.703700065612793
        1.384400010108948
   5.701000094413757E-001
        2.099900007247925
        2.910900115966797
        4.596499919891357
        3.764600038528442
        5.078899860382080
        4.683000087738037
        4.061699867248535
        3.842200040817261
        3.084800004959106
        3.270400047302246
        2.819999933242798
   5.383999943733215E-001
       -1.167099952697754
       -1.054600000381470
       -3.324300050735474
  -2.092999964952469E-001
        1.219699978828430
  -5.235000252723694E-001
   4.014999866485596E-001
        1.727699995040894
        1.418499946594238
   4.559000134468079E-001
   8.614000082015991E-001
        2.259099960327148
   7.768999934196472E-001
   5.680000185966492E-001
   8.748999834060669E-001
   3.626999855041504E-001
   7.630000263452530E-002
        2.504499912261963
        2.668499946594238
        1.470100045204163
        1.492100000381470
        1.595999956130981
   8.982999920845032E-001
       -2.575200080871582
       -3.562799930572510
       -3.258800029754639
       -2.408999919891357
       -3.819999933242798
       -5.314000129699707
       -5.108799934387207
       -2.780400037765503
  -3.998000025749207E-001
   1.735000014305115E-001
   3.242000043392181E-001
        2.562900066375732
        2.811599969863892
        3.347599983215332
        5.155000209808350
        4.702600002288818
        2.493499994277954
   2.484000027179718E-001
        1.112599968910217
  -1.606999933719635E-001
   3.480000048875809E-002
        2.111500024795532
   2.161000072956085E-001
        1.988299965858460
        2.156399965286255
        3.327100038528442
        4.548200130462647
        4.341100215911865
        2.667799949645996
        3.149699926376343
        6.462100028991699
        4.836599826812744
        3.595499992370606
        4.233699798583984
        2.881599903106690
        2.497800111770630
   6.877999901771545E-001
  -4.765000045299530E-001
   2.727999985218048E-001
  -6.284000277519226E-001
       -1.433099985122681
  -4.794000089168549E-001
       -1.229500055313110
   3.436999917030335E-001
   9.700000286102295E-001
   5.640000104904175E-001
   9.688000082969666E-001
   8.768000006675720E-001
        2.661600112915039
  -2.869999967515469E-002
       -2.227699995040894
  -2.023999989032745E-001
   2.410000003874302E-002
        1.509699940681458
        2.691099882125855
        1.833799958229065
   2.321999967098236E-001
        1.147500038146973
  -8.995000123977661E-001
  -8.240000158548355E-002
       -2.934700012207031
       -2.657000064849854
       -2.908999919891357
       -2.697700023651123
       -2.981699943542481
       -4.360499858856201
       -3.103600025177002
       -1.888499975204468
   2.944999933242798E-001
   8.493000268936157E-001
   4.681000113487244E-001
  -6.262000203132629E-001
   9.706000089645386E-001
        3.517600059509277
        5.344999790191650
        5.674799919128418
        4.648499965667725
        2.468100070953369
        2.321599960327148
   4.329999983310700E-001
        1.692700028419495
        3.360300064086914
   1.898999959230423E-001
        1.699300050735474
        3.065599918365479
        3.476500034332275
        4.835000038146973
        6.565299987792969
        2.282900094985962
        2.751100063323975
        4.841199874877930
        4.852799892425537
        1.559299945831299
        3.095999956130981
   4.020999968051910E-001
        2.125499963760376
        3.257899999618530
   8.792999982833862E-001
   1.938000023365021E-001
  -9.999999776482582E-003
   3.190999925136566E-001
       -1.043499946594238
  -7.360000014305115E-001
   5.455999970436096E-001
   9.778000116348267E-001
   9.019999951124191E-002
  -6.237999796867371E-001
   2.435999959707260E-001
        1.808400034904480
        1.164299964904785
  -1.985999941825867E-001
  -6.025999784469605E-001
        1.288699984550476
   2.327000051736832E-001
  -3.393999934196472E-001
       -1.081099987030029
  -8.036999702453613E-001
  -1.439999938011169E-001
        1.176499962806702
  -4.196000099182129E-001
  -8.144000172615051E-001
       -2.979899883270264
       -1.517099976539612
       -1.830100059509277
       -1.712100028991699
       -3.946199893951416
       -2.707200050354004
       -1.292700052261353
  -3.316000103950501E-001
  -6.747999787330627E-001
  -5.595999956130981E-001
       -2.043400049209595
        1.246199965476990
        4.155200004577637
        5.971199989318848
        6.446300029754639
        3.176300048828125
        2.874099969863892
        3.185400009155273
        2.835299968719482
        2.782299995422363
        2.901200056076050
        2.558700084686279
        3.276700019836426
        1.587000012397766
        4.209199905395508
        3.778599977493286
        3.399699926376343
        4.337900161743164
        4.112199783325195
        1.792799949645996
        5.435500144958496
        2.920099973678589
        2.541100025177002
        2.514199972152710
        2.402499914169312
        1.586699962615967
   3.490000069141388E-001
   9.811999797821045E-001
  -1.528999954462051E-001
   7.450000196695328E-002
   8.830999732017517E-001
        2.234400033950806
        2.778399944305420
  -7.781999707221985E-001
  -2.712999880313873E-001
  -4.041000008583069E-001
  -7.329999655485153E-002
        2.043200016021729
        1.036599993705750
  -7.583000063896179E-001
   2.380000054836273E-002
       -1.053699970245361
  -3.626999855041504E-001
       -1.156200051307678
       -2.923599958419800
       -3.207799911499023
       -1.364500045776367
  -6.340000033378601E-002
       -1.492200016975403
   3.458999991416931E-001
  -8.745999932289124E-001
       -3.059799909591675
       -4.303500175476074
       -2.789499998092651
       -4.085299968719482
       -2.201100111007690
       -1.774500012397766
  -2.102999985218048E-001
  -4.800000227987766E-003
  -8.447999954223633E-001
       -2.159199953079224
   4.135999977588654E-001
        2.947799921035767
        2.495100021362305
        5.317200183868408
        3.455499887466431
        3.651599884033203
        4.379799842834473
        4.403200149536133
        4.931000232696533
        1.996500015258789
        2.852799892425537
        2.108099937438965
   1.456999927759171E-001
        1.511800050735474
   8.923000097274780E-001
        3.831199884414673
        2.604700088500977
        2.361399888992310
        1.932299971580505
        2.799799919128418
        3.493900060653687
        3.191900014877319
        2.338399887084961
        2.300699949264526
        1.582000017166138
        1.562600016593933
        1.156499981880188
   8.773000240325928E-001
   8.184000253677368E-001
   6.581000089645386E-001
        1.673699975013733
        1.882699966430664
   6.920999884605408E-001
   6.141999959945679E-001
  -7.322999835014343E-001
        1.018399953842163
        4.401800155639648
        1.463600039482117
  -1.820000074803829E-002
       -1.664000034332275
       -1.184299945831299
  -9.449999779462814E-002
       -1.127699971199036
       -3.211600065231323
       -5.165500164031982
       -2.296000003814697
  -3.088999986648560E-001
  -8.220999836921692E-001
  -1.196999996900559E-001
  -3.102000057697296E-001
       -1.654099941253662
       -1.462299942970276
       -4.661600112915039
       -3.637900114059448
       -3.019099950790405
       -2.964600086212158
       -3.446700096130371
       -1.885800004005432
  -8.981999754905701E-001
       -1.587299942970276
   4.485999941825867E-001
        1.921800017356873
        3.470200061798096
        4.166699886322022
        3.121099948883057
        3.167500019073486
        3.491199970245361
        2.416100025177002
        3.286000013351440
        1.743199944496155
        1.178699970245361
        1.073199987411499
  -3.332999944686890E-001
       -1.633200049400330
   2.081000059843063E-001
   9.100999832153320E-001
        1.496600031852722
        1.535099983215332
        1.628600001335144
        2.230000019073486
        3.542700052261353
        2.682899951934815
        3.606199979782105
        2.844700098037720
        2.137799978256226
        2.257400035858154
        1.642600059509277
        2.978600025177002
        3.556600093841553
        1.968000054359436
  -1.511999964714050E-001
   3.100999891757965E-001
        1.183699965476990
        1.254500031471252
   6.176000237464905E-001
        2.120899915695190
        2.835099935531616
        2.015399932861328
        1.049900054931641
        1.107100009918213
   7.667000293731690E-001
  -5.447000265121460E-001
  -2.773000001907349E-001
       -2.186100006103516
       -2.535900115966797
       -2.151499986648560
       -2.303400039672852
       -1.651700019836426
       -1.573699951171875
   9.950000047683716E-001
  -7.311000227928162E-001
  -3.695999979972839E-001
       -1.720900058746338
       -2.428100109100342
       -1.871199965476990
       -3.218400001525879
       -3.417700052261353
       -4.530799865722656
       -4.025599956512451
       -2.120300054550171
       -1.947000026702881
       -1.888700008392334
        1.885200023651123
        2.314899921417236
        2.823199987411499
        3.715800046920776
        4.048099994659424
        1.415699958801270
  -3.810000121593475E-001
   3.046999871730804E-001
   6.959000229835510E-001
   6.744999885559082E-001
       -2.076100111007690
   2.152000069618225E-001
  -3.860000148415566E-002
   5.273000001907349E-001
        1.002799987792969
   2.428999990224838E-001
        1.872799992561340
        4.660200119018555
        4.266799926757813
        4.236400127410889
        5.088300228118897
        4.592400074005127
        2.573999881744385
        2.100199937820435
        2.246999979019165
        3.997800111770630
        4.328299999237061
        3.127199888229370
        1.944100022315979
   3.944999873638153E-001
   5.128999948501587E-001
   7.882999777793884E-001
        1.436100006103516
        1.659100055694580
        2.137099981307983
        1.329599976539612
   3.303000032901764E-001
  -3.790000081062317E-002
   1.111999973654747E-001
  -3.231000006198883E-001
  -1.386999934911728E-001
       -1.060500025749207
       -1.124899983406067
       -1.622200012207031
       -2.210000038146973
       -1.005100011825562
  -9.031999707221985E-001
       -1.104799985885620
   8.806999921798706E-001
        2.397900104522705
   1.083000004291534E-001
  -2.937000095844269E-001
       -1.794199943542481
       -2.558300018310547
       -2.964900016784668
       -5.699699878692627
       -4.743299961090088
       -1.106999993324280
       -3.255899906158447
       -2.601399898529053
   3.655000030994415E-001
        1.230800032615662
        3.164700031280518
        3.674499988555908
        3.345700025558472
        2.704699993133545
        1.424499988555908
        1.076500058174133
   4.844000041484833E-001
        1.031800031661987
       -1.006299972534180
  -4.470000043511391E-002
  -3.215999901294708E-001
  -3.361999988555908E-001
   6.958000063896179E-001
       -2.579900026321411
        3.188999891281128
        2.916800022125244
        4.301599979400635
        3.089600086212158
        4.419799804687500
        4.947800159454346
        2.926100015640259
        1.624099969863892
        1.947100043296814
        3.200299978256226
        4.784900188446045
        4.940400123596191
        2.513499975204468
   9.599000215530396E-001
        1.922299981117249
        1.941300034523010
        1.514400005340576
   9.988999962806702E-001
        1.649199962615967
   5.584999918937683E-001
   5.050000175833702E-002
       -3.077399969100952
       -1.559700012207031
  -4.176999926567078E-001
   3.120000064373016E-001
       -1.640499949455261
  -6.305999755859375E-001
   1.358000040054321E-001
  -9.580000042915344E-001
       -1.412899971008301
   1.300000003539026E-003
       -1.259400010108948
        1.967700004577637
        1.699000000953674
   2.000000029802322E-001
        2.089699983596802
   3.228999972343445E-001
   2.552999854087830E-001
       -1.196300029754639
       -3.541599988937378
       -3.020200014114380
       -1.813899993896484
       -1.119199991226196
       -1.278499960899353
   3.285000026226044E-001
        1.089599967002869
   6.733999848365784E-001
        2.748500108718872
  -4.598000049591065E-001
        2.238699913024902
        2.095400094985962
        2.623100042343140
        2.270600080490112
  -9.963999986648560E-001
   5.763000249862671E-001
   7.673000097274780E-001
  -3.084000051021576E-001
  -8.699999749660492E-002
   6.780000030994415E-002
        1.656200051307678
        3.113399982452393
        3.808500051498413
        3.040400028228760
        2.944799900054932
        4.115200042724609
        1.812299966812134
        3.155400037765503
   9.799000024795532E-001
        1.743399977684021
   2.490999996662140E-001
        3.023600101470947
        4.001299858093262
        4.343900203704834
        1.031299948692322
        1.896700024604797
   5.486000180244446E-001
        2.366699934005737
   9.121999740600586E-001
   2.585999965667725E-001
       -1.182600021362305
       -2.072700023651123
  -9.639999866485596E-001
       -2.029700040817261
       -2.543200016021729
        2.150899887084961
   4.577000141143799E-001
  -1.096000000834465E-001
        2.026700019836426
  -9.553999900817871E-001
  -9.070000052452087E-001
   5.281000137329102E-001
        1.175699949264526
        1.213099956512451
        1.051100015640259
   8.169999718666077E-001
        1.973299980163574
   9.366999864578247E-001
        3.477999925613403
   4.830999970436096E-001
       -1.709300041198731
       -3.137200117111206
       -1.605599999427795
       -1.608700037002564
  -5.579000115394592E-001
   3.490000069141388E-001
        1.425099968910217
        1.396199941635132
        1.408499956130981
        1.183400034904480
        2.566400051116943
        4.081799983978272
        3.344399929046631
        1.029700040817261
  -8.366000056266785E-001
  -4.334999918937683E-001
  -4.190999865531921E-001
   6.478999853134155E-001
   1.123000010848045E-001
   2.092999964952469E-001
        1.799900054931641
        3.516299962997437
        2.398200035095215
        1.915300011634827
        3.393500089645386
        3.287300109863281
   8.166999816894531E-001
  -4.690000042319298E-002
   2.883000075817108E-001
   7.530999779701233E-001
  -2.347999960184097E-001
   3.546000123023987E-001
   8.270999789237976E-001
        2.179800033569336
        1.850000023841858
        2.050899982452393
        2.875600099563599
        2.419600009918213
  -1.280000060796738E-001
  -7.199000120162964E-001
       -2.347800016403198
  -8.725000023841858E-001
   8.292000293731690E-001
       -1.690199971199036
       -1.307700037956238
   2.662000060081482E-001
        2.196000099182129
   7.023000121116638E-001
        3.005700111389160
        2.154099941253662
   6.352999806404114E-001
  -9.707000255584717E-001
       -1.151000022888184
        1.517899990081787
        2.204499959945679
   9.223999977111816E-001
  -8.043000102043152E-001
   8.942999839782715E-001
   5.834000110626221E-001
   1.501999944448471E-001
       -1.146000027656555
       -2.579799890518189
  -5.273000001907349E-001
       -1.144799947738648
        1.151800036430359
        1.398900032043457
        2.533200025558472
        1.933500051498413
        2.184600114822388
        3.146500110626221
        2.519299983978272
        1.962800025939941
        2.457099914550781
   1.036999970674515E-001
   1.147999987006187E-001
       -1.789899945259094
   1.964000016450882E-001
  -5.712000131607056E-001
  -1.918999999761581E-001
        1.774600028991699
        1.851300001144409
        3.206799983978272
        2.640700101852417
        2.495800018310547
        2.388200044631958
        1.082999944686890
        1.925199985504150
   4.616999924182892E-001
        1.107100009918213
   8.227000236511231E-001
   7.943000197410584E-001
  -6.381999850273132E-001
  -1.260000020265579E-001
  -4.724999964237213E-001
   8.529000282287598E-001
   7.250000238418579E-001
        1.335800051689148
        1.021000027656555
  -2.876999974250794E-001
       -2.361999988555908
       -2.168299913406372
  -6.179000139236450E-001
   1.679999940097332E-002
   6.159999966621399E-002
       -1.508800029754639
        1.475800037384033
        1.067399978637695
   8.363999724388123E-001
        2.464499950408936
        2.061899900436401
        1.286499977111816
   7.324000000953674E-001
   9.965000152587891E-001
        3.265000104904175
        2.042900085449219
        1.049999952316284
   3.350000083446503E-001
   9.187999963760376E-001
   4.239000082015991E-001
   6.338999867439270E-001
  -7.042999863624573E-001
       -1.895599961280823
  -4.128000140190125E-001
  -9.210000187158585E-002
   1.387999951839447E-001
  -1.999999955296516E-002
   4.740000143647194E-002
        1.478700041770935
        3.858900070190430
        4.838900089263916
        2.881400108337402
        1.881000041961670
        1.248200058937073
   3.569000065326691E-001
  -1.202000007033348E-001
       -1.507899999618530
  -7.723000049591065E-001
        1.127599954605103
        1.912899971008301
        2.371400117874146
        1.797500014305115
        1.030699968338013
        2.488300085067749
        1.891399979591370
        1.514999985694885
        1.229599952697754
        1.681100010871887
        1.450700044631958
        1.136800050735474
        2.043600082397461
        1.678699970245361
   2.421000003814697E-001
  -2.827999889850617E-001
   1.299999952316284E-001
   7.602999806404114E-001
        2.388099908828735
        2.306900024414063
        2.028300046920776
       -2.715699911117554
       -2.980000019073486
       -2.145200014114380
       -1.999799966812134
       -2.011499881744385
  -5.909000039100647E-001
  -7.199999690055847E-002
        1.291100025177002
   9.035000205039978E-001
        1.996799945831299
        1.695099949836731
   3.948000073432922E-001
  -7.081000208854675E-001
        1.545799970626831
        1.752300024032593
        3.153700113296509
        2.204299926757813
        1.143300056457520
   5.534999966621399E-001
        1.715199947357178
  -2.012999951839447E-001
   3.348000049591065E-001
   1.446000039577484E-001
  -9.677000045776367E-001
  -9.110000133514404E-001
   3.170000016689301E-001
       -1.371500015258789
  -8.799999952316284E-001
   1.974000036716461E-001
        2.396500110626221
        3.559900045394898
        2.915699958801270
        3.014699935913086
        1.769199967384338
   4.474999904632568E-001
   6.060000061988831E-001
  -1.557999998331070E-001
        1.973000049591065
   8.007000088691711E-001
  -6.632000207901001E-001
        1.841899991035461
        3.951499938964844
        1.270300030708313
   4.316000044345856E-001
   7.372000217437744E-001
   9.218999743461609E-001
        2.730499982833862
        2.820800065994263
        1.590700030326843
        1.158499956130981
        1.180500030517578
   8.758999705314636E-001
  -8.557000160217285E-001
        1.062700033187866
   6.949999928474426E-002
        1.457999944686890
        1.606899976730347
        2.351900100708008
        2.007600069046021
        1.211199998855591
       -1.228500008583069
       -3.428400039672852
       -2.816400051116943
       -2.403399944305420
       -1.032299995422363
       -2.089400053024292
   4.905999898910523E-001
        2.996099948883057
        3.056999921798706
        2.134299993515015
        1.928699970245361
        2.741499900817871
        1.422000050544739
        2.520699977874756
   9.401999711990356E-001
        2.497600078582764
   7.767000198364258E-001
        3.062000036239624
   2.822000086307526E-001
       -1.179700016975403
  -1.650999933481216E-001
       -1.452299952507019
  -6.811000108718872E-001
       -1.850100040435791
       -2.392600059509277
   9.445000290870667E-001
        1.510499954223633
  -6.118999719619751E-001
   6.133999824523926E-001
   8.960999846458435E-001
        1.822499990463257
        3.198100090026856
        3.514899969100952
   8.111000061035156E-001
   8.629000186920166E-001
   1.559000015258789E-001
        1.190500020980835
  -8.640999794006348E-001
  -1.326999962329865E-001
  -8.974000215530396E-001
   3.280000090599060E-001
        1.624400019645691
        1.428699970245361
        2.133800029754639
   9.854999780654907E-001
        1.630100011825562
        3.821099996566773
        3.419600009918213
        2.568599939346314
        1.994500041007996
        1.542000055313110
   4.963000118732452E-001
       -1.333500027656555
       -2.462500095367432
  -6.692000031471252E-001
       -1.186300039291382
   1.141000017523766E-001
   8.974000215530396E-001
        1.545899987220764
        1.327399969100952
       -2.040299892425537
       -2.759399890899658
       -2.803100109100342
       -1.878200054168701
        1.130900025367737
        1.672399997711182
   5.917000174522400E-001
        2.366699934005737
        2.353499889373779
        3.484299898147583
        1.989699959754944
        4.009399890899658
        3.335599899291992
        2.622699975967407
        1.975800037384033
        2.179600000381470
        4.815499782562256
        3.528599977493286
   1.054999977350235E-001
   9.919999837875366E-001
  -4.129999876022339E-002
       -1.698600053787231
       -3.124599933624268
       -2.220400094985962
       -2.628000020980835
  -6.653000116348267E-001
   3.970000147819519E-001
   3.930999934673309E-001
        1.401600003242493
        1.382799983024597
        3.166100025177002
        1.346500039100647
        2.242199897766113
   8.181999921798706E-001
        2.556999921798706
        2.525700092315674
   1.366000026464462E-001
       -2.189300060272217
       -1.269099950790405
       -1.480599999427795
  -1.263000071048737E-001
        1.087900042533875
        2.687700033187866
        2.339600086212158
        3.185100078582764
        4.699600219726563
        4.415400028228760
        5.246699810028076
        3.008399963378906
  -2.425000071525574E-001
   6.980000138282776E-001
  -8.335000276565552E-001
  -4.952999949455261E-001
       -1.024799942970276
       -1.086199998855591
  -7.163000106811523E-001
  -3.923999965190888E-001
   9.381999969482422E-001
        1.060600042343140
       -1.186499953269959
  -8.761000037193298E-001
       -1.797799944877625
       -1.848000049591065
  -6.543999910354614E-001
   8.510000258684158E-002
        2.547100067138672
        2.000999927520752
        2.822799921035767
        1.038400053977966
        1.490700006484985
   5.832999944686890E-001
        2.658099889755249
        3.685300111770630
        2.486900091171265
        1.572299957275391
        1.902099967002869
        2.135099887847900
        1.308899998664856
        1.241099953651428
        1.486400008201599
   7.526999711990356E-001
       -1.361099958419800
  -7.814999818801880E-001
  -2.791999876499176E-001
  -8.964999914169312E-001
   1.202000007033348E-001
        1.356500029563904
        3.040800094604492
        2.458699941635132
   1.879999972879887E-002
   6.758999824523926E-001
        1.096899986267090
   9.294999837875366E-001
   7.667999863624573E-001
   2.797999978065491E-001
        1.603500008583069
        1.830100059509277
   4.092000126838684E-001
  -3.005999922752380E-001
  -9.994999766349793E-001
        1.160300016403198
   5.178999900817871E-001
        2.514899969100952
        3.800299882888794
        2.346600055694580
        3.367300033569336
        3.778700113296509
        4.723299980163574
        3.231100082397461
       -1.447999954223633
  -1.943999975919724E-001
       -2.080899953842163
       -2.162100076675415
       -2.075000047683716
       -2.463799953460693
  -1.404999941587448E-001
   4.280000030994415E-001
  -4.745999872684479E-001
       -1.476600050926209
  -5.873000025749207E-001
       -1.080100059509277
       -2.217299938201904
       -1.301699995994568
       -1.198600053787231
  -8.582999706268311E-001
        2.688699960708618
        2.457299947738648
        1.088000059127808
   6.158000230789185E-001
   5.562000274658203E-001
   6.560999751091003E-001
        2.377599954605103
        1.521900057792664
        2.946500062942505
        2.086800098419190
  -7.267000079154968E-001
  -3.914000093936920E-001
       -1.006700038909912
   4.524999856948853E-001
  -1.160999983549118E-001
       -1.844099998474121
  -4.925999939441681E-001
  -7.000000029802322E-002
       -3.086299896240234
       -1.822800040245056
   2.208999991416931E-001
        3.014800071716309
        2.163500070571899
        2.767100095748901
        2.323999881744385
        1.179100036621094
        2.187000036239624
   6.093000173568726E-001
  -2.980999946594238E-001
  -9.075999855995178E-001
        1.151000022888184
        1.699399948120117
  -5.509999990463257E-001
  -8.791000247001648E-001
       -1.122400045394898
  -8.356000185012817E-001
  -9.700999855995178E-001
        1.007400035858154
   1.298000067472458E-001
   3.097999989986420E-001
        1.649399995803833
   7.360000014305115E-001
        1.623399972915649
   8.927000164985657E-001
       -1.924999952316284
  -9.212999939918518E-001
   1.120000034570694E-001
       -2.569799900054932
       -2.621900081634522
       -4.465700149536133
       -3.691499948501587
       -2.244299888610840
  -7.727000117301941E-001
       -1.404800057411194
       -1.707299947738648
       -1.223199963569641
   4.311999976634979E-001
       -1.790500044822693
  -5.700000002980232E-002
        1.080100059509277
        2.824899911880493
        3.952500104904175
  -1.881999969482422E-001
   1.042999997735024E-001
   8.295000195503235E-001
   5.874999761581421E-001
   5.868999958038330E-001
        2.762399911880493
        2.861999988555908
        3.164099931716919
        3.253700017929077
       -1.409600019454956
   8.500000461935997E-003
        1.269600033760071
        1.331699967384338
   4.323999881744385E-001
  -3.910999894142151E-001
  -3.907000124454498E-001
  -3.946999907493591E-001
  -8.955000042915344E-001
  -3.786999881267548E-001
        2.439399957656860
        3.142800092697144
        3.523499965667725
        1.167899966239929
  -4.797999858856201E-001
  -9.703000187873840E-001
   8.360999822616577E-001
   8.070999979972839E-001
   7.904000282287598E-001
       -1.998800039291382
   1.447000056505203E-001
  -9.925000071525574E-001
       -1.320500016212463
       -2.010900020599365
       -1.131000041961670
       -1.814800024032593
   5.896999835968018E-001
   4.801999926567078E-001
  -6.277999877929688E-001
       -1.086400032043457
  -1.555999964475632E-001
   9.800000116229057E-003
   8.733000159263611E-001
   1.483999937772751E-001
  -3.180000185966492E-002
       -2.843800067901611
       -2.744600057601929
       -3.003400087356567
       -3.181900024414063
       -3.605900049209595
       -1.225900053977966
       -2.710299968719482
       -1.113600015640259
  -4.521999955177307E-001
  -8.734999895095825E-001
        1.466099977493286
  -2.118999958038330E-001
   7.013000249862671E-001
   9.703000187873840E-001
        1.819900035858154
        2.352299928665161
       -1.250100016593933
       -1.607399940490723
        1.325700044631958
   7.100000232458115E-002
   7.280000299215317E-002
  -2.257999926805496E-001
        1.097699999809265
        3.142800092697144
        2.393399953842163
        2.329699993133545
        2.019999980926514
   3.125999867916107E-001
        1.194100022315979
        2.350699901580811
   5.286999940872192E-001
   1.336999982595444E-001
        2.102499961853027
   5.651999711990356E-001
   7.469999790191650E-002
   7.674000263214111E-001
        2.904999971389771
        1.130900025367737
  -2.390999943017960E-001
       -2.445199966430664
       -1.139899969100952
  -6.198999881744385E-001
   8.689000010490418E-001
        1.073500037193298
  -9.728000164031982E-001
       -1.527099967002869
       -1.777300000190735
       -1.637300014495850
       -3.205800056457520
       -2.119999885559082
  -9.893000125885010E-001
       -1.552899956703186
  -3.086000084877014E-001
       -1.085299968719482
       -1.694800019264221
       -1.899500012397766
   3.474999964237213E-001
   1.146999970078468E-001
  -3.916000127792358E-001
       -2.070899963378906
       -1.394400000572205
       -2.519999980926514
       -2.823699951171875
       -2.944900035858154
       -1.797600030899048
       -2.633399963378906
       -2.168400049209595
       -2.069099903106690
       -2.623699903488159
   1.490000039339066E-001
   4.785999953746796E-001
  -2.012999951839447E-001
        1.001299977302551
  -4.809999838471413E-002
  -3.770999908447266E-001
       -2.203700065612793
       -2.016099929809570
       -2.248800039291382
       -1.045699954032898
       -1.098700046539307
       -1.457299947738648
   3.560000061988831E-001
   9.352999925613403E-001
        1.165400028228760
        1.680400013923645
        3.713399887084961
        1.752099990844727
  -6.469999998807907E-002
  -8.901000022888184E-001
        2.628799915313721
        3.252300024032593
        2.042500019073486
        1.284299969673157
        1.544399976730347
  -6.423000097274780E-001
  -4.122000038623810E-001
  -3.592000007629395E-001
   5.902000069618225E-001
   1.808000057935715E-001
  -2.175000011920929E-001
       -1.431800007820129
  -1.039000004529953E-001
   7.296000123023987E-001
  -4.377000033855438E-001
  -9.467999935150147E-001
       -2.135200023651123
       -1.173099994659424
  -9.456999897956848E-001
       -2.518899917602539
  -5.638999938964844E-001
       -1.629099965095520
       -4.503300189971924
       -2.319299936294556
       -2.588500022888184
  -8.149999976158142E-001
  -1.178999990224838E-001
        1.335999965667725
   3.882000148296356E-001
       -1.103399991989136
       -2.074300050735474
       -1.645200014114380
  -8.765000104904175E-001
       -1.409999966621399
   3.465000092983246E-001
       -1.687800049781799
  -4.309999942779541E-002
       -1.760599970817566
       -2.700500011444092
       -1.028599977493286
   9.972000122070313E-001
        1.220299959182739
  -7.325000166893005E-001
       -2.154799938201904
  -1.400000005960465E-001
  -9.025999903678894E-001
       -3.472599983215332
       -1.196699976921082
       -2.449500083923340
       -1.029800057411194
       -2.662699937820435
       -1.334499955177307
   6.858000159263611E-001
        1.337800025939941
        2.105299949645996
        4.187699794769287
        1.654000043869019
        1.620000004768372
  -3.070999979972839E-001
  -2.239000052213669E-001
        2.238300085067749
        2.932699918746948
        1.690199971199036
        2.827100038528442
        1.676900029182434
        1.351699948310852
        1.247699975967407
        1.457900047302246
        1.601999998092651
        2.474200010299683
  -2.524000108242035E-001
   8.025000095367432E-001
   8.452000021934509E-001
  -6.802999973297119E-001
       -1.601600050926209
       -2.707200050354004
       -1.514099955558777
  -4.997000098228455E-001
       -1.297299981117249
   8.709999918937683E-002
  -8.417000174522400E-001
       -1.811900019645691
       -3.538899898529053
       -4.722499847412109
       -2.004199981689453
  -3.021999895572662E-001
  -2.205000072717667E-001
        1.601400017738342
  -9.204999804496765E-001
       -2.209700107574463
       -3.219500064849854
       -3.197200059890747
  -9.782000184059143E-001
  -9.405999779701233E-001
       -1.434999942779541
       -1.688599944114685
       -2.605099916458130
       -2.162600040435791
       -1.472900032997131
   3.686000108718872E-001
   5.279999971389771E-002
  -9.648000001907349E-001
       -1.814399957656860
       -1.997599959373474
   6.212999820709229E-001
  -1.195999979972839E-001
  -9.552000164985657E-001
       -1.889999985694885
       -1.173400044441223
  -6.322000026702881E-001
  -4.469999969005585E-001
  -8.888999819755554E-001
   4.519999921321869E-001
        1.622099995613098
        3.357000112533569
        1.805400013923645
   7.349999994039536E-002
   4.772999882698059E-001
   1.699000000953674E-001
        1.633800029754639
        3.606699943542481
        3.300400018692017
        1.019799947738648
   2.712999880313873E-001
   3.808999955654144E-001
        2.609800100326538
        1.189100027084351
  -3.373000025749207E-001
        2.239599943161011
        2.497699975967407
        2.349800109863281
        1.781399965286255
        1.077200055122376
       -1.282699942588806
       -2.262200117111206
       -2.447400093078613
       -1.555199980735779
       -1.262500047683716
       -1.417500019073486
       -1.399500012397766
       -3.577699899673462
       -1.825500011444092
       -2.927799940109253
       -2.834700107574463
       -2.909699916839600
        1.609799981117249
   3.443999886512756E-001
        1.125699996948242
  -4.713999927043915E-001
       -2.884200096130371
       -3.835999965667725
  -9.829000234603882E-001
  -4.004000127315521E-001
        1.503999948501587
       -1.820799946784973
       -4.822199821472168
       -2.966099977493286
       -2.877099990844727
       -1.878999948501587
       -1.406900048255920
       -1.394000053405762
       -2.884200096130371
       -2.353100061416626
       -1.263399958610535
       -1.320600032806397
  -5.451999902725220E-001
       -1.844799995422363
       -1.945799946784973
  -1.536000072956085E-001
   5.766000151634216E-001
   3.240999877452850E-001
   5.239999890327454E-001
        1.540400028228760
        3.036999940872192
        4.602399826049805
        1.459200024604797
  -2.188999950885773E-001
   2.535000145435333E-001
   6.216999888420105E-001
        1.412700057029724
        2.474400043487549
        1.558699965476990
   7.042000293731690E-001
        1.357100009918213
        1.620499968528748
   6.381999850273132E-001
        2.170399904251099
   1.033999994397163E-001
        1.480200052261353
        3.279999971389771
        1.748700022697449
        1.961899995803833
   2.428999990224838E-001
       -1.990900039672852
       -2.742000102996826
       -2.938699960708618
       -3.522300004959106
       -1.306900024414063
       -1.480700016021729
  -6.565999984741211E-001
       -1.577600002288818
       -3.335999965667725
       -4.158599853515625
       -3.653100013732910
       -2.268500089645386
   4.427999854087830E-001
   7.384999990463257E-001
   2.448000013828278E-001
       -2.199199914932251
       -4.881199836730957
       -2.861200094223023
       -1.539100050926209
       -1.213099956512451
       -1.078299999237061
       -1.448799967765808
       -1.767199993133545
       -1.353199958801270
       -1.270499944686890
       -2.672600030899048
       -2.848900079727173
       -1.689599990844727
       -2.756500005722046
       -1.772899985313416
  -4.647000133991242E-001
       -1.042600035667419
       -1.583099961280823
       -1.359899997711182
       -1.665500044822693
        1.287899971008301
        1.762599945068359
   2.392999976873398E-001
   4.903999865055084E-001
        2.176599979400635
        4.523099899291992
        2.091000080108643
  -4.756000041961670E-001
  -2.888000011444092E-001
   3.900000080466270E-002
  -3.578999936580658E-001
   4.420999884605408E-001
   1.550000011920929E-001
        2.258599996566773
   2.675000131130219E-001
        1.613899946212769
        1.488700032234192
        3.319999933242798
        3.184200048446655
        2.844700098037720
        4.045400142669678
        2.917500019073486
        3.087899923324585
        1.987599968910217
   6.269999742507935E-001
   2.066999971866608E-001
       -3.368700027465820
       -3.598500013351440
       -3.273000001907349
  -6.784999966621399E-001
  -5.558000206947327E-001
       -1.194100022315979
       -3.693000078201294
       -4.435100078582764
       -2.856199979782105
  -7.807000279426575E-001
       -1.134699940681458
  -1.651999950408936E-001
        1.144000053405762
  -5.005999803543091E-001
  -4.149999916553497E-001
       -3.001899957656860
       -3.687000036239624
       -1.317700028419495
       -2.613800048828125
       -1.640100002288818
       -1.131100058555603
       -1.656299948692322
       -3.540299892425537
       -1.871999979019165
       -1.843799948692322
       -1.800500035285950
       -2.225399971008301
       -1.730100035667419
  -9.319999814033508E-002
   5.050000175833702E-002
  -4.069999977946281E-002
       -1.894999980926514
  -6.323000192642212E-001
   5.730000138282776E-001
  -5.443000197410584E-001
        2.016200065612793
   6.754999756813049E-001
        1.490100026130676
        5.423500061035156
        3.479099988937378
  -2.937000095844269E-001
       -1.649500012397766
  -3.400000035762787E-001
  -4.239999875426292E-002
  -8.999999761581421E-001
   1.266999989748001E-001
   3.005999922752380E-001
        1.036299943923950
        1.975600004196167
   5.577999949455261E-001
        2.184700012207031
        4.490799903869629
        2.186100006103516
        1.253399968147278
        4.132699966430664
        3.072700023651123
        4.828400135040283
        4.816599845886231
        1.435700058937073
       -2.637900114059448
       -3.232599973678589
       -4.984000205993652
       -4.219099998474121
       -3.042500019073486
  -8.827999830245972E-001
       -2.186700105667114
       -3.839999914169312
       -3.185400009155273
  -9.050999879837036E-001
       -1.347399950027466
  -3.984000086784363E-001
       -1.124699950218201
   1.333999931812286E-001
   1.640000008046627E-002
  -1.960999965667725E-001
       -1.709300041198731
       -1.568500041961670
       -2.927000045776367
       -2.794399976730347
  -7.299000024795532E-001
       -2.048000097274780
       -1.011000037193298
  -5.302000045776367E-001
       -1.615599989891052
  -6.510000228881836E-001
       -1.679100036621094
       -2.165899991989136
       -2.082400083541870
  -4.289000034332275E-001
       -1.353299975395203
  -2.802000045776367E-001
  -4.115000069141388E-001
       -1.103999972343445
        2.424700021743774
        1.887500047683716
        1.748700022697449
        1.198300004005432
        1.085299968719482
        2.075400114059448
   7.526999711990356E-001
   9.372000098228455E-001
  -7.549999952316284E-001
       -1.405900001525879
  -3.722999989986420E-001
  -7.394999861717224E-001
   9.255999922752380E-001
       -1.503600001335144
  -6.025999784469605E-001
   4.788999855518341E-001
   8.258000016212463E-001
        1.616000056266785
        1.462100028991699
        2.038300037384033
   9.951999783515930E-001
        1.929399967193604
        4.379000186920166
        3.162499904632568
        2.751800060272217
   3.718000054359436E-001
       -1.038499951362610
       -3.019200086593628
       -2.525399923324585
       -2.525700092315674
       -2.633399963378906
       -1.442700028419495
       -3.020499944686890
       -2.449700117111206
       -2.266400098800659
       -2.039000034332275
       -2.677999973297119
       -2.502500057220459
       -2.517299890518189
  -6.283000111579895E-001
  -6.037999987602234E-001
  -2.560000121593475E-001
  -3.361999988555908E-001
       -1.047700047492981
       -2.853100061416626
       -3.376699924468994
       -2.497800111770630
       -1.773200035095215
       -1.775599956512451
       -2.170300006866455
  -9.919999837875366E-001
  -8.083999752998352E-001
       -1.455399990081787
       -2.173199892044067
       -1.567499995231628
  -9.618999958038330E-001
  -9.186999797821045E-001
   6.683999896049500E-001
  -2.239000052213669E-001
   1.049000024795532E-001
        2.494400024414063
        2.920399904251099
        1.577000021934509
        1.298300027847290
        1.572999954223633
        1.185400009155273
   1.773000061511993E-001
   9.488000273704529E-001
   1.820999979972839E-001
       -1.125300049781799
  -6.529999971389771E-001
  -7.402999997138977E-001
   5.582000017166138E-001
  -9.850000143051148E-001
  -8.080999851226807E-001
  -8.113999962806702E-001
  -9.779000282287598E-001
       -2.314699888229370
   9.233000278472900E-001
   1.823000013828278E-001
  -9.430000185966492E-002
  -6.909999996423721E-002
        1.823699951171875
        1.441799998283386
        2.095000028610230
  -2.151000052690506E-001
  -6.291999816894531E-001
       -1.142699956893921
       -2.739399909973145
       -1.230900049209595
       -1.817700028419495
       -1.060400009155273
       -2.639300107955933
       -3.225800037384033
       -3.551700115203857
       -4.641499996185303
       -3.507400035858154
       -3.469199895858765
       -3.211699962615967
       -3.605700016021729
       -2.623500108718872
       -3.554199934005737
       -2.937500000000000
       -2.192899942398071
       -4.112899780273438
  -7.664999961853027E-001
       -1.149700045585632
       -3.512099981307983
       -2.693599939346314
       -3.197000026702881
       -1.933799982070923
  -3.500000108033419E-003
  -8.226000070571899E-001
       -1.940999984741211
       -1.490000009536743
  -2.833000123500824E-001
   1.665000021457672E-001
   2.019000053405762E-001
        1.103700041770935
        1.242799997329712
   7.728000283241272E-001
        2.364799976348877
        2.275700092315674
  -8.600000143051148E-001
   2.570999860763550E-001
  -4.270000010728836E-002
       -1.401399970054627
   6.184999942779541E-001
   2.338999956846237E-001
   6.748999953269959E-001
        2.098900079727173
        1.910300016403198
        1.969699978828430
   5.314000248908997E-001
       -1.857100009918213
       -1.033900022506714
       -1.126999974250794
  -2.887000143527985E-001
        1.257300019264221
        1.066499948501587
   3.016999959945679E-001
  -6.743999719619751E-001
        1.920500040054321
        2.792200088500977
        1.118399977684021
   9.322999715805054E-001
        1.304700016975403
  -5.759000182151794E-001
  -9.204000234603882E-001
       -1.734699964523315
  -4.961000084877014E-001
  -6.093000173568726E-001
       -2.516200065612793
       -3.668999910354614
       -3.271600008010864
       -1.804600000381470
       -2.954799890518189
       -3.680900096893311
       -3.619400024414063
       -2.888700008392334
       -3.324800014495850
       -1.628499984741211
       -3.850100040435791
       -1.898699998855591
       -1.945299983024597
       -1.182800054550171
       -2.292299985885620
       -3.229399919509888
       -4.264999866485596
       -4.324500083923340
       -5.919499874114990
       -4.920800209045410
       -2.512200117111206
       -2.061300039291382
       -1.565400004386902
  -5.000000074505806E-002
        2.655100107192993
        2.832400083541870
        2.427799940109253
        1.771800041198731
  -9.669999778270721E-002
   8.481000065803528E-001
        2.131000041961670
        1.582200050354004
  -6.917999982833862E-001
  -7.096999883651733E-001
  -7.628999948501587E-001
  -2.890999913215637E-001
   5.309000015258789E-001
        3.264199972152710
   6.266999840736389E-001
   4.189999997615814E-001
        1.332599997520447
        1.734300017356873
  -2.919999957084656E-001
  -3.361999988555908E-001
  -5.486999750137329E-001
   1.624999940395355E-001
        2.126800060272217
        2.177400112152100
   8.306999802589417E-001
  -8.212000131607056E-001
  -5.455999970436096E-001
   6.391999721527100E-001
        1.463000059127808
        2.406399965286255
  -2.456000000238419E-001
  -9.032999873161316E-001
       -1.190199971199036
       -1.294700026512146
       -1.268900036811829
       -1.419100046157837
       -4.354000091552734
       -2.434600114822388
       -2.195899963378906
       -3.109400033950806
       -2.608700037002564
       -3.222300052642822
       -2.937599897384644
  -6.154999732971191E-001
  -1.374000012874603E-001
   3.149999976158142E-001
  -5.169999971985817E-002
       -1.993100047111511
       -1.929499983787537
  -7.472000122070313E-001
       -2.684400081634522
       -2.928900003433228
       -4.570499897003174
       -4.970200061798096
       -4.221799850463867
       -5.629899978637695
       -5.177499771118164
       -3.019999980926514
   2.234999984502792E-001
        1.592599987983704
        3.117100000381470
        1.498100042343140
   4.830000102519989E-001
        2.531599998474121
       -1.683099985122681
  -9.220000356435776E-002
   8.963000178337097E-001
        1.377699971199036
   6.111000180244446E-001
   5.573999881744385E-001
        1.208199977874756
   1.563999950885773E-001
        1.380200028419495
        3.841500043869019
        2.544199943542481
        2.056299924850464
        1.539199948310852
        2.068300008773804
   7.437999844551086E-001
        2.866300106048584
        1.517699956893921
        1.416900038719177
        1.717300057411194
   2.407999932765961E-001
  -4.295000135898590E-001
       -2.878400087356567
       -2.168400049209595
  -7.394000291824341E-001
   9.070000052452087E-001
        2.632400035858154
        1.586400032043457
       -1.532799959182739
  -7.491999864578247E-001
       -1.165300011634827
       -1.381800055503845
       -1.779800057411194
       -3.531699895858765
       -2.973400115966797
       -1.731099963188171
       -3.270299911499023
       -5.127799987792969
       -3.415999889373779
       -2.550699949264526
  -6.911000013351440E-001
  -1.068999990820885E-001
   3.000000142492354E-004
  -1.606000065803528E-001
       -2.489700078964233
       -2.148799896240234
       -2.945600032806397
       -3.594500064849854
       -2.601999998092651
       -3.449300050735474
       -1.654099941253662
       -1.299900054931641
       -2.848500013351440
       -3.248600006103516
       -2.620800018310547
       -1.947100043296814
   9.750999808311462E-001
        3.654099941253662
        2.080899953842163
  -1.532000005245209E-001
        1.189000010490418
  -2.275000065565109E-001
        1.909500002861023
        2.225100040435791
        2.148299932479858
        3.217099905014038
   5.975000262260437E-001
        1.619600057601929
        2.502500057220459
  -4.889000058174133E-001
        2.129899978637695
        2.608999967575073
        1.246099948883057
  -4.855000078678131E-001
  -9.820000082254410E-002
   9.459999948740006E-002
        1.612699985504150
        1.343000054359436
   3.020000085234642E-002
   2.144999951124191E-001
  -4.857999980449677E-001
  -3.330000042915344E-001
       -2.422300100326538
       -1.835199952125549
   9.217000007629395E-001
   2.213000059127808E-001
   7.641000151634216E-001
   7.928000092506409E-001
  -8.511000275611877E-001
  -2.660000026226044E-001
       -2.664299964904785
       -2.040899991989136
       -2.346899986267090
       -2.695699930191040
       -1.745300054550171
       -2.517999887466431
       -3.382100105285645
       -1.882400035858154
       -1.455100059509277
  -4.907999932765961E-001
       -1.607300043106079
  -3.066999912261963E-001
        1.502200007438660
   8.587999939918518E-001
       -1.504699945449829
   4.469999969005585E-001
  -6.675000190734863E-001
   3.781000077724457E-001
       -2.439399957656860
  -3.723999857902527E-001
  -6.603000164031982E-001
       -3.088200092315674
       -3.017499923706055
       -2.576699972152710
       -1.128499984741211
   4.602999985218048E-001
        3.150099992752075
        2.306499958038330
        1.261700034141541
  -2.685000002384186E-001
   1.119999960064888E-002
        2.375900030136108
  -2.684000134468079E-001
   9.265000224113464E-001
        2.174200057983398
        2.368200063705444
        2.855400085449219
        2.409300088882446
        1.191699981689453
  -6.110000014305115E-001
   6.887000203132629E-001
        2.557699918746948
        1.971300005912781
   5.426999926567078E-001
  -3.810000121593475E-001
  -1.460000034421682E-002
       -1.503499984741211
  -3.515000045299530E-001
  -9.077000021934509E-001
        1.623000025749207
        2.513799905776978
        1.061800003051758
  -2.302999943494797E-001
       -1.229699969291687
   3.625000119209290E-001
   6.579999923706055E-001
       -1.580100059509277
  -8.246999979019165E-001
       -1.858500003814697
       -1.585199952125549
       -1.492599964141846
       -1.474200010299683
       -2.244400024414063
  -2.653000056743622E-001
  -7.649000287055969E-001
       -1.286100029945374
       -1.250900030136108
  -5.604000091552734E-001
       -1.557999968528748
  -7.347000241279602E-001
  -9.681000113487244E-001
  -8.046000003814697E-001
  -9.922999739646912E-001
  -3.332999944686890E-001
        2.255899906158447
        1.108600020408630
       -1.488999962806702
   6.700000166893005E-002
   9.384999871253967E-001
       -1.730599999427795
  -9.750999808311462E-001
       -2.507800102233887
       -3.441600084304810
       -2.917799949645996
   2.620000019669533E-002
   8.503999710083008E-001
        3.205499887466431
        3.258199930191040
   1.512999981641769E-001
  -3.388000130653381E-001
       -1.843700051307678
        1.364699959754944
  -4.296999871730804E-001
   8.359999954700470E-002
        1.276000022888184
        1.320600032806397
        1.497400045394898
   4.239999949932098E-001
       -1.049700021743774
  -5.030999779701233E-001
  -7.129999995231628E-002
   7.502999901771545E-001
        3.371700048446655
        1.383999943733215
  -5.726000070571899E-001
        1.460199952125549
   7.153000235557556E-001
  -8.942000269889832E-001
  -1.424999982118607E-001
        1.636000037193298
        3.806299924850464
        1.961899995803833
   2.120999991893768E-001
       -1.661299943923950
   1.746000051498413E-001
   3.513999879360199E-001
       -1.494500041007996
       -1.924600005149841
  -9.764000177383423E-001
       -1.916200041770935
  -3.503000140190125E-001
        1.258599996566773
  -9.765999913215637E-001
  -5.332999825477600E-001
   3.388000130653381E-001
       -1.259400010108948
       -3.006799936294556
       -3.346499919891357
       -2.105000019073486
       -1.654899954795837
       -1.948400020599365
       -1.633800029754639
       -1.615900039672852
   1.431999951601028E-001
        1.465199947357178
   8.748000264167786E-001
  -5.615000128746033E-001
       -1.455999970436096
       -1.128600001335144
        1.064700007438660
   1.717000007629395E-001
       -1.190600037574768
       -1.527899980545044
   2.098000049591065E-001
   1.811999976634979E-001
   5.784000158309937E-001
        2.171099901199341
        2.036200046539307
        1.691200017929077
   1.571999937295914E-001
       -1.352800011634827
   1.112999990582466E-001
  -4.539000093936920E-001
   5.590000152587891E-001
   6.355000138282776E-001
  -5.486000180244446E-001
  -9.494000077247620E-001
  -1.055999994277954E-001
   8.924999833106995E-001
  -1.173999980092049E-001
  -1.620000004768372E-001
        1.527300000190735
        2.671799898147583
        2.298799991607666
  -5.393999814987183E-001
       -1.136500000953674
  -2.399999946355820E-001
   4.106999933719635E-001
        2.332200050354004
   3.183000087738037E-001
        1.923099994659424
        1.827800035476685
        1.073199987411499
  -4.533999860286713E-001
  -7.344999909400940E-001
   2.148000001907349E-001
   8.359999954700470E-002
  -8.302999734878540E-001
  -1.172999963164330E-001
       -1.127799987792969
  -7.602999806404114E-001
   1.920000091195107E-002
  -2.239000052213669E-001
        1.697499990463257
   1.314000040292740E-001
       -1.233500003814697
       -2.695499897003174
       -4.185800075531006
       -1.074699997901917
  -7.238000035285950E-001
  -1.762000024318695E-001
       -1.270799994468689
  -2.118999958038330E-001
  -3.215999901294708E-001
   6.523000001907349E-001
   9.279999732971191E-001
   7.949000000953674E-001
  -7.738999724388123E-001
   5.389000177383423E-001
        1.525099992752075
        2.199399948120117
   3.380999863147736E-001
       -1.584499955177307
   3.079999983310700E-001
  -6.485000252723694E-001
        2.085500001907349
        2.758100032806397
   1.548999994993210E-001
  -8.483999967575073E-001
       -1.093600034713745
  -5.050000175833702E-002
  -1.449999958276749E-001
  -8.935999870300293E-001
        1.247799992561340
  -7.627999782562256E-001
   4.521000087261200E-001
        1.772799968719482
   8.095999956130981E-001
  -4.699000120162964E-001
   4.650000035762787E-001
   3.971000015735626E-001
   9.035000205039978E-001
        1.210000038146973
   5.695999860763550E-001
       -1.450099945068359
       -2.046900033950806
   7.689999938011169E-001
        1.449499964714050
  -8.529999852180481E-002
   7.057999968528748E-001
        2.005700111389160
   9.994000196456909E-001
  -2.100999951362610E-001
        1.289000034332275
  -8.970999717712402E-001
        1.067199945449829
   6.376000046730042E-001
        1.377200007438660
        1.442100048065186
        2.063100099563599
        1.747699975967407
  -3.388000130653381E-001
   2.615999877452850E-001
  -6.880999803543091E-001
  -8.026000261306763E-001
  -7.398999929428101E-001
       -1.970600008964539
       -4.974199771881104
       -1.802299976348877
   7.623000144958496E-001
        1.764000058174133
   6.201999783515930E-001
        1.076599955558777
  -4.939999878406525E-001
        1.133100032806397
        1.305600047111511
   8.859000205993652E-001
        1.049999952316284
       -1.242900013923645
        1.341599941253662
        1.245399951934815
  -1.730999946594238E-001
       -1.602300047874451
  -2.196999937295914E-001
        1.304100036621094
        2.594500064849854
        1.825899958610535
   7.512999773025513E-001
       -1.988800048828125
  -8.769999742507935E-001
       -2.026299953460693
   9.103999733924866E-001
       -1.648699998855591
        1.829800009727478
        1.976099967956543
        1.789600014686585
        2.318200111389160
        1.194599986076355
   3.820999860763550E-001
   3.767000138759613E-001
        1.916000008583069
   5.999000072479248E-001
        1.017899990081787
  -9.016000032424927E-001
       -1.841899991035461
  -6.554999947547913E-001
  -7.738999724388123E-001
        1.488899946212769
        1.945799946784973
        2.575200080871582
        1.336099982261658
   7.491000294685364E-001
  -2.606999874114990E-001
       -1.256600022315979
  -2.539999969303608E-002
        1.333400011062622
        1.522199988365173
        2.810100078582764
        2.948199987411499
        4.401599884033203
        3.447499990463257
   9.909999966621399E-001
        1.030799984931946
  -6.690999865531921E-001
       -1.141100049018860
       -1.257500052452087
       -1.186200022697449
       -2.332600116729736
  -8.421000242233276E-001
        1.359599947929382
        1.679000020027161
   3.650000095367432E-001
        2.095499992370606
        1.356699943542481
        2.039499998092651
        1.862900018692017
        1.383900046348572
  -9.671000242233276E-001
  -4.113000035285950E-001
   3.504000008106232E-001
       -1.077800035476685
       -2.275500059127808
       -1.825199961662293
   2.449999935925007E-002
        1.823199987411499
        1.827999949455261
        1.951099991798401
   7.063999772071838E-001
   3.425000011920929E-001
   7.396000027656555E-001
  -5.252000093460083E-001
       -1.714400053024292
   8.217999935150147E-001
   6.141999959945679E-001
        2.298399925231934
        4.900300025939941
        2.316400051116943
        3.736399888992310
        1.937199950218201
        1.903100013732910
        1.844900012016296
        3.074899911880493
        3.582299947738648
        1.244099974632263
        1.429600000381470
       -2.096199989318848
       -2.157099962234497
  -1.561000049114227E-001
   4.907999932765961E-001
  -1.243000030517578E-001
   4.410000145435333E-001
  -1.511999964714050E-001
       -1.272500038146973
       -3.050499916076660
  -2.540999948978424E-001
        2.002899885177612
   6.209999918937683E-001
        2.128200054168701
        2.590600013732910
        3.461299896240234
        3.495500087738037
        2.343699932098389
   2.060000002384186E-001
        1.340000033378601
  -3.819999843835831E-002
       -2.189500093460083
  -4.794000089168549E-001
   4.767999947071075E-001
   1.836999952793121E-001
   6.062999963760376E-001
        2.204799890518189
        1.385100007057190
        1.667899966239929
        1.893200039863586
        1.898200035095215
  -9.491000175476074E-001
  -8.026000261306763E-001
  -8.111000061035156E-001
        1.403200030326843
  -4.749999940395355E-002
  -2.205000072717667E-001
   1.543000042438507E-001
  -3.623000085353851E-001
  -4.469000101089478E-001
  -6.234999895095825E-001
   2.820999920368195E-001
   8.359999954700470E-002
   4.368000030517578E-001
       -1.315899968147278
  -5.715000033378601E-001
  -2.194000035524368E-001
       -2.186500072479248
       -2.492799997329712
        1.358100056648254
   7.087000012397766E-001
        2.760299921035767
        4.767099857330322
        3.057199954986572
        2.901999950408936
   6.606000065803528E-001
        2.534499883651733
        4.097799777984619
        3.576900005340576
        2.854700088500977
        1.561200022697449
       -1.294199943542481
       -2.176100015640259
  -9.168999791145325E-001
   9.769999980926514E-002
  -7.989999651908875E-002
        1.460899949073792
       -2.882100105285645
       -1.415400028228760
       -3.494999885559082
       -2.811800003051758
        1.381999969482422
        1.546300053596497
   6.668000221252441E-001
   9.997000098228455E-001
        1.201200008392334
        1.353299975395203
  -9.013000130653381E-001
  -5.963000059127808E-001
   1.481000036001205E-001
        1.171499967575073
  -1.138999983668327E-001
  -6.916000247001648E-001
        2.218499898910523
   9.010000228881836E-001
        2.017699956893921
        1.548599958419800
        1.920099973678589
        1.006600022315979
  -3.896000087261200E-001
       -1.431399941444397
       -3.580600023269653
       -3.455199956893921
   5.548999905586243E-001
        1.479099988937378
  -4.546999931335449E-001
  -1.876000016927719E-001
   3.359999880194664E-002
   9.054999947547913E-001
   9.279999732971191E-001
        1.236299991607666
        1.531700015068054
        1.177500009536743
  -6.353999972343445E-001
       -2.362799882888794
       -1.089900016784668
  -5.408999919891357E-001
  -6.668000221252441E-001
       -2.034199953079224
  -4.657000005245209E-001
   2.597999870777130E-001
        1.429600000381470
        5.577300071716309
        3.367899894714356
        4.055500030517578
        2.975199937820435
        3.808900117874146
        5.344799995422363
        4.321599960327148
        3.975500106811523
   6.090999841690064E-001
   4.088999927043915E-001
       -1.053799986839294
  -7.290999889373779E-001
       -1.560299992561340
  -4.444999992847443E-001
  -9.818999767303467E-001
  -1.181000024080277E-001
       -1.171300053596497
       -1.738700032234192
   9.569000005722046E-001
   7.904000282287598E-001
        1.009199976921082
   1.005999967455864E-001
   3.765999972820282E-001
  -5.562000274658203E-001
   1.098999977111816E-001
  -4.916000068187714E-001
       -1.558599948883057
  -2.811000049114227E-001
        2.428900003433228
        1.343500018119812
   7.588000297546387E-001
       -1.394799947738648
   3.623999953269959E-001
       -1.041000008583069
  -1.834000051021576E-001
       -1.143700003623962
       -1.976199984550476
       -1.155099987983704
       -2.064300060272217
       -2.365799903869629
       -1.736600041389465
  -6.646000146865845E-001
  -1.794999986886978E-001
  -6.650999784469605E-001
  -2.223999947309494E-001
   9.672999978065491E-001
   2.310999929904938E-001
   6.735000014305115E-001
        1.320600032806397
        2.050400018692017
        1.603299975395203
       -1.245100021362305
       -2.428699970245361
       -2.243799924850464
       -2.057199954986572
  -9.970999956130981E-001
       -1.490499973297119
   1.640000045299530E-001
  -4.093999862670898E-001
  -9.799999743700028E-002
        3.709399938583374
        5.476299762725830
        3.760200023651123
        3.768899917602539
        4.221000194549561
        3.509200096130371
        4.614900112152100
        5.367800235748291
        2.615099906921387
   9.520000219345093E-001
       -1.402400016784668
       -4.246699810028076
       -1.855299949645996
       -2.008100032806397
       -1.074900031089783
  -7.847999930381775E-001
  -8.353000283241272E-001
   1.247000023722649E-001
   2.850000001490116E-002
        1.136100053787231
   3.400000035762787E-001
   4.578000009059906E-001
   6.924999952316284E-001
  -9.684000015258789E-001
  -8.640999794006348E-001
       -1.903900027275085
  -2.231000065803528E-001
        1.409500002861023
   4.298999905586243E-001
        1.760800004005432
   3.174000084400177E-001
       -1.095499992370606
       -1.648800015449524
  -9.290999770164490E-001
       -3.055799961090088
       -4.644999980926514
       -3.204299926757813
       -4.077600002288818
       -2.396600008010864
       -4.409399986267090
       -2.998399972915649
       -2.328099966049194
       -2.034199953079224
       -1.875699996948242
  -5.052000284194946E-001
       -1.881199955940247
   7.854999899864197E-001
        1.230999946594238
        2.706799983978272
        1.411299943923950
  -4.320999979972839E-001
  -9.103000164031982E-001
       -1.320299983024597
       -1.234099984169006
       -2.189599990844727
  -7.745000123977661E-001
       -1.911000013351440
       -2.476599931716919
       -1.478000044822693
  -9.107999801635742E-001
   7.429999709129334E-001
        2.334399938583374
        2.556600093841553
        2.693300008773804
        3.249700069427490
        2.865099906921387
        5.204500198364258
        4.661600112915039
        1.605000019073486
   2.056999951601028E-001
  -9.212999939918518E-001
       -3.206500053405762
       -1.645599961280823
       -2.012799978256226
       -1.085700035095215
   4.366999864578247E-001
        2.171499967575073
   6.140000224113464E-001
        1.168099999427795
  -6.898999810218811E-001
   6.187999844551086E-001
   5.425999760627747E-001
  -3.912999927997589E-001
  -8.898000121116638E-001
        1.414499998092651
        1.329800009727478
   8.076999783515930E-001
   7.042000293731690E-001
        1.306300044059753
        2.408499956130981
       -1.571900010108948
  -4.445999860763550E-001
        1.059200048446655
        1.257200002670288
  -2.203000038862228E-001
       -2.562999963760376
       -2.724200010299683
       -4.965799808502197
       -3.212199926376343
       -3.329200029373169
       -2.159100055694580
       -2.461400032043457
       -1.704399943351746
  -6.852999925613403E-001
  -7.499999832361937E-003
       -1.623999953269959
   3.512000143527985E-001
   1.984000056982040E-001
   8.853999972343445E-001
   8.216999769210815E-001
  -8.009999990463257E-001
       -2.459300041198731
   8.465999960899353E-001
        1.148399949073792
       -2.166500091552734
       -1.258700013160706
  -5.353000164031982E-001
  -7.451000213623047E-001
       -1.273100018501282
  -8.095999956130981E-001
  -5.959999933838844E-002
        1.093899965286255
        2.203900098800659
        2.062799930572510
        2.469799995422363
        4.641099929809570
        3.028599977493286
        3.030400037765503
        1.772699952125549
  -5.885000228881836E-001
  -4.690000116825104E-001
       -1.491099953651428
  -9.783999919891357E-001
  -5.353999733924866E-001
   4.900999963283539E-001
        1.163800001144409
        1.779500007629395
        2.109800100326538
        1.678699970245361
        1.126199960708618
   8.758000135421753E-001
        1.960100054740906
   1.553000062704086E-001
   8.572999835014343E-001
        1.717700004577637
        3.676300048828125
        3.053299903869629
        1.700000047683716
        2.078299999237061
   9.156000018119812E-001
  -1.708000004291534E-001
        2.041800022125244
        1.856899976730347
   9.075000286102295E-001
  -2.044000029563904E-001
       -3.053800106048584
       -2.879899978637695
       -2.971400022506714
       -3.574700117111206
       -3.306999921798706
       -3.202600002288818
       -2.337399959564209
       -2.996400117874146
       -2.286900043487549
       -2.337500095367432
       -2.167599916458130
   9.250000119209290E-002
  -1.230000033974648E-001
  -7.142999768257141E-001
   1.873999983072281E-001
        1.809100031852722
   7.069000005722046E-001
        3.033799886703491
        1.298099994659424
       -1.834499955177307
  -3.903000056743622E-001
  -3.359999954700470E-001
       -2.245300054550171
       -1.366600036621094
  -2.101999968290329E-001
   8.934000134468079E-001
  -5.559999868273735E-002
        1.603500008583069
        1.836899995803833
        2.325200080871582
        2.220299959182739
        1.399899959564209
        2.053200006484985
        2.510699987411499
   3.770000115036964E-002
   3.553000092506409E-001
       -3.055900096893311
       -1.964400053024292
       -2.092600107192993
   7.659999728202820E-001
        2.658499956130981
        1.974799990653992
        1.922899961471558
        1.144799947738648
   5.516999959945679E-001
   2.594000101089478E-001
   4.248000085353851E-001
        1.132099986076355
        1.605499982833862
        1.813099980354309
        4.229199886322022
        3.978300094604492
        1.116299986839294
        1.647699952125549
        1.044600009918213
   9.922999739646912E-001
   7.633000016212463E-001
        1.304100036621094
   2.486999928951263E-001
        1.128499984741211
       -1.533900022506714
       -2.014699935913086
       -2.553999900817871
       -1.197000026702881
       -1.597000002861023
       -3.345700025558472
       -3.427999973297119
       -3.077199935913086
       -1.286399960517883
       -2.174599885940552
  -8.227999806404114E-001
  -5.840000137686729E-002
   1.549999974668026E-002
  -6.341000199317932E-001
  -5.874999761581421E-001
        2.240600109100342
        4.445700168609619
        1.387300014495850
  -2.793000042438507E-001
       -2.903399944305420
   1.096000000834465E-001
   7.799000144004822E-001
  -2.931999862194061E-001
        1.005399942398071
        1.108999967575073
   5.691999793052673E-001
   7.240999937057495E-001
        1.299800038337708
        3.496900081634522
        1.203799962997437
   6.241000294685364E-001
        3.028199911117554
        3.065999984741211
        1.564800024032593
        2.933000087738037
   8.960000276565552E-001
        1.812600016593933
  -1.280999928712845E-001
  -3.222000002861023E-001
        1.008399963378906
        1.174499988555908
        1.287600040435791
        1.761500000953674
        1.634899973869324
        1.384699940681458
   9.977999925613403E-001
   1.627999991178513E-001
   7.556999921798706E-001
        1.464599967002869
   6.826999783515930E-001
        2.757299900054932
        2.507699966430664
        2.282500028610230
        3.770800113677979
        3.869699954986572
        2.503000020980835
        2.625400066375732
  -1.508000046014786E-001
  -8.525999784469605E-001
   4.090999960899353E-001
  -1.889999955892563E-002
  -6.376000046730042E-001
       -2.082099914550781
   1.163000017404556E-001
  -5.361999869346619E-001
       -1.263700008392334
  -9.688000082969666E-001
       -1.957999944686890
       -2.590800046920776
       -2.977200031280518
       -3.433500051498413
       -1.509699940681458
   2.154999971389771E-001
       -1.062899947166443
        1.105599999427795
        1.625100016593933
        1.880499958992004
  -9.035000205039978E-001
       -3.002300024032593
       -2.832200050354004
   4.947000145912170E-001
        2.083400011062622
        1.521499991416931
        1.707800030708313
        2.555000066757202
        1.031900048255920
   4.853999912738800E-001
        1.506700038909912
        2.743900060653687
   6.729999780654907E-001
        1.514400005340576
        1.188500046730042
        3.794199943542481
        1.316100001335144
        2.052700042724609
   6.922000050544739E-001
        1.164299964904785
   7.455999851226807E-001
  -1.239999979734421E-001
       -1.534999966621399
  -5.338000059127808E-001
   7.799999713897705E-001
   4.478999972343445E-001
  -9.100000374019146E-003
   5.184999704360962E-001
        1.131100058555603
   4.444000124931335E-001
   4.210000038146973E-001
  -3.438000082969666E-001
   3.456999957561493E-001
   9.674000144004822E-001
        3.032399892807007
        4.378399848937988
        2.508199930191040
        3.364300012588501
        3.713500022888184
        3.568799972534180
  -2.540000081062317E-001
   1.191999986767769E-001
   2.818000018596649E-001
       -1.233500003814697
  -9.710999727249146E-001
       -2.624000072479248
  -5.735999941825867E-001
       -1.764999985694885
  -8.870000243186951E-001
       -1.566200017929077
       -3.653199911117554
       -4.846799850463867
       -5.122000217437744
       -2.003499984741211
       -2.135499954223633
  -6.557000279426575E-001
       -1.085600018501282
  -9.440000355243683E-002
  -5.173000097274780E-001
   8.148000240325928E-001
       -1.898800015449524
       -1.571799993515015
       -2.556999921798706
   2.305999994277954E-001
        1.518100023269653
        2.282000064849854
   3.657999932765961E-001
  -2.251999974250794E-001
  -3.677999973297119E-001
   6.362000107765198E-001
        1.917299985885620
        2.015000104904175
        1.961199998855591
        1.559599995613098
   8.169999718666077E-001
        2.595700025558472
        1.382599949836731
   2.522999942302704E-001
  -6.251000165939331E-001
   3.564000129699707E-001
  -6.856999993324280E-001
   1.925999969244003E-001
       -2.514699935913086
       -2.638400077819824
       -1.361400008201599
   2.876000106334686E-001
  -7.407000064849854E-001
   6.165000200271606E-001
   1.744000017642975E-001
  -1.879999935626984E-001
   2.054000049829483E-001
  -5.328000187873840E-001
   7.344999909400940E-001
   2.442999929189682E-001
        1.265699982643127
        1.140200018882752
        2.549099922180176
        2.257800102233887
        2.650500059127808
        2.320600032806397
  -8.590000122785568E-002
   2.581000030040741E-001
   8.960999846458435E-001
   3.122000098228455E-001
  -9.114000201225281E-001
       -3.190200090408325
       -1.415500044822693
   3.729999959468842E-001
       -2.355200052261353
  -9.776999950408936E-001
       -2.711199998855591
       -2.905499935150147
       -3.568300008773804
       -4.635499954223633
       -1.785899996757507
       -1.012099981307983
       -1.031200051307678
   5.824999809265137E-001
       -1.467900037765503
       -2.387599945068359
       -1.183799982070923
       -1.253600001335144
  -6.672000288963318E-001
   7.562000155448914E-001
  -2.617999911308289E-001
   3.037000000476837E-001
       -1.637899994850159
  -5.491999983787537E-001
   9.704999923706055E-001
        1.082200050354004
        1.850399971008301
        2.503999948501587
   9.506000280380249E-001
   6.638000011444092E-001
        1.906100034713745
   4.444999992847443E-001
  -5.501999855041504E-001
        1.045500040054321
       -1.472699999809265
       -1.001299977302551
  -4.074000120162964E-001
       -1.350499987602234
       -1.677199959754944
       -1.527199983596802
   3.023999929428101E-001
        1.485100030899048
   8.977000117301941E-001
       -1.327600002288818
       -1.625000000000000
       -1.493299961090088
  -4.453999996185303E-001
  -1.673000007867813E-001
   1.115000024437904E-001
   3.140999972820282E-001
   8.866999745368958E-001
   1.033999994397163E-001
        1.049000024795532
        1.905699968338013
        2.739599943161011
        1.604799985885620
        1.180099964141846
        2.348400115966797
        2.463099956512451
        1.540199995040894
   6.740000098943710E-002
  -1.500000059604645E-001
       -1.148300051689148
       -2.127300024032593
   5.602999925613403E-001
       -2.003200054168701
       -2.057699918746948
       -3.718699932098389
       -3.586400032043457
       -2.651499986648560
       -1.207499980926514
  -5.763000249862671E-001
   5.713999867439270E-001
  -4.420000016689301E-001
       -2.097700119018555
       -3.022300004959106
  -9.409000277519226E-001
   1.494999974966049E-001
        1.638399958610535
   8.282999992370606E-001
   5.612999796867371E-001
       -2.277299880981445
       -1.804000020027161
   2.621000111103058E-001
   1.962999999523163E-001
  -8.471000194549561E-001
        1.391299962997437
        1.608199954032898
   4.797999858856201E-001
   9.675999879837036E-001
        3.042999982833862
        2.585900068283081
        2.371999979019165
        1.031200051307678
       -1.156000018119812
       -1.937600016593933
       -2.342200040817261
       -2.742899894714356
       -1.305400013923645
  -5.760999917984009E-001
        1.944800019264221
   9.108999967575073E-001
   7.591999769210815E-001
  -9.458000063896179E-001
       -2.451499938964844
       -1.103299975395203
       -1.959599971771240
       -2.476500034332275
       -1.082399964332581
  -2.209999971091747E-002
  -5.400000214576721E-001
   5.719999969005585E-002
   9.014000296592712E-001
        2.804699897766113
        2.680700063705444
   9.702000021934509E-001
        1.980599999427795
   8.643000125885010E-001
        1.975100040435791
        3.226799964904785
   4.363000094890595E-001
   5.048999786376953E-001
       -1.741000056266785
       -2.033299922943115
  -6.805999875068665E-001
       -1.848099946975708
  -2.975000143051148E-001
       -1.807100057601929
       -2.307499885559082
       -1.071400046348572
   4.490999877452850E-001
        1.312299966812134
   3.012999892234802E-001
        1.003499984741211
       -2.024800062179565
       -2.333899974822998
  -2.239000052213669E-001
  -5.156000256538391E-001
        2.239599943161011
       -1.274999976158142
       -1.789299964904785
  -5.296000242233276E-001
       -1.468700051307678
       -1.666499972343445
  -7.429000139236450E-001
   3.592999875545502E-001
   6.215999722480774E-001
        1.760200023651123
   6.939999759197235E-002
        1.861500024795532
        2.610899925231934
        2.408200025558472
        1.792000055313110
        1.753700017929077
  -9.473999738693237E-001
       -2.358400106430054
       -1.955299973487854
       -2.985699892044067
       -2.914799928665161
       -3.173199892044067
  -1.405999958515167E-001
  -1.832000017166138E-001
       -1.083199977874756
       -2.702399969100952
       -1.815799951553345
       -1.452000021934509
       -2.625400066375732
       -3.252000093460083
       -3.002899885177612
       -2.041699886322022
  -5.210000276565552E-001
  -9.284999966621399E-001
  -2.303999960422516E-001
   4.819999933242798E-001
   7.333999872207642E-001
   9.836000204086304E-001
        1.716599941253662
        1.365499973297119
        1.334499955177307
        1.717599987983704
        1.459599971771240
        1.286900043487549
       -3.243799924850464
       -1.798900008201599
       -2.691900014877319
       -1.371099948883057
  -7.831000089645386E-001
       -1.605200052261353
  -4.602999985218048E-001
   7.811999917030335E-001
        1.895699977874756
        3.626800060272217
        2.368400096893311
   8.586999773979187E-001
       -1.292899966239929
  -5.278999805450440E-001
  -7.131000161170960E-001
   4.720000028610230E-001
        1.083199977874756
       -2.667399883270264
        1.016299962997437
  -2.759000062942505E-001
   2.570999860763550E-001
        1.444800019264221
  -6.873000264167786E-001
        1.706799983978272
   4.681999981403351E-001
   3.996999859809876E-001
  -3.883000016212463E-001
   3.233999907970429E-001
        1.506899952888489
        1.463700056076050
   9.297000169754028E-001
  -3.195999860763550E-001
       -2.022099971771240
       -2.677400112152100
       -1.017600059509277
       -2.522200107574463
       -2.012399911880493
  -6.503999829292297E-001
        2.570399999618530
   7.975000143051148E-001
       -1.918699979782105
       -2.076299905776978
  -9.897999763488770E-001
        1.627900004386902
  -5.490000247955322E-001
  -8.565000295639038E-001
       -2.458699941635132
       -1.144899964332581
       -2.118400096893311
       -2.255300045013428
       -1.327900052070618
       -1.090899944305420
       -1.708699941635132
  -6.759999692440033E-002
   2.298000007867813E-001
  -1.476999968290329E-001
        1.850200057029724
  -4.163999855518341E-001
   4.413999915122986E-001
       -2.294300079345703
  -9.721999764442444E-001
       -1.429100036621094
       -2.082099914550781
       -2.206399917602539
       -1.572900056838989
  -8.084999918937683E-001
   2.761999964714050E-001
   9.833999872207642E-001
        1.429900050163269
        2.223299980163574
        2.988600015640259
        2.257100105285645
        2.210299968719482
        2.379800081253052
   4.013999998569489E-001
  -3.089999966323376E-002
   8.220999836921692E-001
   2.019999921321869E-002
   3.799000084400177E-001
        1.587100028991699
   6.000999808311462E-001
   3.357000052928925E-001
  -2.299000024795532E-001
   3.878999948501587E-001
  -3.887999951839447E-001
       -1.281900048255920
       -1.557999968528748
       -1.491799950599670
  -4.758000075817108E-001
  -6.001999974250794E-001
       -1.865900039672852
   2.639999985694885E-002
       -2.239500045776367
       -2.140799999237061
   4.891000092029572E-001
   4.070000052452087E-001
   1.909999996423721E-001
        1.395900011062622
        1.167600035667419
       -1.497699975967407
       -2.984800100326538
       -2.648400068283081
       -2.462399959564209
       -1.490900039672852
       -2.888299942016602
       -1.349699974060059
       -2.447200059890747
       -2.457900047302246
  -7.566999793052673E-001
       -3.947499990463257
       -2.898200035095215
       -1.366500020027161
       -2.109200000762940
       -1.694399952888489
   6.090999841690064E-001
        1.779299974441528
   2.085999995470047E-001
   9.758999943733215E-001
   9.484000205993652E-001
       -1.692100048065186
       -2.802299976348877
       -2.777600049972534
       -2.053600072860718
       -1.075099945068359
       -1.882699966430664
       -2.187099933624268
  -1.580999940633774E-001
  -7.534000277519226E-001
        2.760999917984009
   7.937999963760376E-001
        2.376600027084351
        2.531100034713745
        2.126499891281128
        1.699499964714050
        1.395699977874756
   3.802999854087830E-001
   1.420000009238720E-002
   3.788999915122986E-001
   3.386000096797943E-001
   2.366999983787537E-001
        1.879600048065186
  -7.034999728202820E-001
   1.133000031113625E-001
   5.593000054359436E-001
   9.818999767303467E-001
   3.526000082492828E-001
   1.345999985933304E-001
  -6.520000100135803E-001
       -2.145699977874756
       -3.546099901199341
       -1.488499999046326
  -9.243000149726868E-001
       -2.095299959182739
       -1.464599967002869
  -3.612999916076660E-001
   8.711000084877014E-001
        1.680099964141846
        2.651099920272827
   9.542000293731690E-001
       -3.913000106811523
       -4.745100021362305
       -2.148200035095215
       -3.960299968719482
       -3.429199934005737
       -2.201200008392334
       -3.086999893188477
  -8.787000179290772E-001
       -1.612800002098084
       -2.679699897766113
       -3.507899999618530
       -2.978100061416626
       -1.701799988746643
  -7.461000084877014E-001
       -1.143000006675720
       -1.381199955940247
  -2.585999965667725E-001
        1.174000024795532
        2.857199907302856
   3.522000014781952E-001
       -2.431799888610840
       -4.599599838256836
       -3.232300043106079
       -1.514799952507019
       -3.176599979400635
       -3.435499906539917
       -2.123899936676025
       -1.440700054168701
       -1.507599949836731
   9.451000094413757E-001
        1.356799960136414
        3.009099960327148
        1.636299967765808
   3.750000000000000E-001
   9.204999804496765E-001
        1.171800017356873
   1.527000069618225E-001
  -5.380000174045563E-002
   6.251999735832214E-001
  -4.869999885559082E-001
   2.234999984502792E-001
        1.447999954223633
        2.523900032043457
        1.930299997329712
   6.856999993324280E-001
  -2.222000062465668E-001
        1.045099973678589
  -2.763000130653381E-001
       -1.230499982833862
       -1.981999993324280
       -4.043900012969971
       -1.017600059509277
  -5.221999883651733E-001
  -3.398000001907349E-001
        1.044700026512146
   3.152000010013580E-001
  -4.194000065326691E-001
        1.681200027465820
        3.087800025939941
       -1.957100033760071
       -3.854599952697754
       -4.070300102233887
       -3.386499881744385
       -3.302099943161011
       -1.729300022125244
       -2.515700101852417
       -1.527799963951111
       -1.241600036621094
       -2.500499963760376
       -2.077399969100952
       -4.380499839782715
       -5.099400043487549
       -2.844799995422363
       -2.418900012969971
       -2.633399963378906
  -6.165000200271606E-001
   2.913999855518341E-001
        2.664999961853027
        1.596500039100647
   9.524999856948853E-001
       -2.760299921035767
       -3.791699886322022
       -5.223700046539307
       -4.347899913787842
       -1.807899951934815
   5.314000248908997E-001
   9.631000161170960E-001
        1.367900013923645
   6.801000237464905E-001
        2.114900112152100
   2.477000057697296E-001
   5.284000039100647E-001
  -1.534000039100647E-001
        1.433400034904480
       -1.243800044059753
   1.397999972105026E-001
   6.901999711990356E-001
  -6.840000301599503E-002
        1.454499959945679
        1.565899968147278
   9.009999781847000E-002
  -4.239999875426292E-002
        3.197099924087524
        3.335000038146973
        2.003700017929077
   8.195999860763550E-001
        1.103399991989136
       -1.202700018882752
       -1.020499944686890
       -2.344099998474121
       -2.460400104522705
  -7.049000263214111E-001
  -9.469000101089478E-001
        1.053799986839294
        1.085399985313416
        1.621799945831299
        2.166199922561646
   5.760999917984009E-001
  -2.718999981880188E-001
       -2.003099918365479
       -2.037899971008301
       -3.844199895858765
       -3.043499946594238
       -1.385300040245056
  -6.252999901771545E-001
  -2.055999934673309E-001
  -3.159999847412109E-002
   8.149999976158142E-001
  -5.507000088691711E-001
       -2.682100057601929
       -4.395100116729736
       -4.156099796295166
       -2.783099889755249
       -3.464999914169312
       -3.738500118255615
       -2.239700078964233
       -1.156999945640564
   5.220000073313713E-002
  -4.439999908208847E-002
        1.057299971580505
  -4.483000040054321E-001
       -2.655600070953369
       -1.303099989891052
  -4.909999966621399E-001
       -1.050699949264526
   6.007000207901001E-001
        1.200299978256226
        1.894700050354004
        1.599499940872192
       -1.689100027084351
       -1.407099962234497
       -2.829299926757813
  -3.224999904632568E-001
       -1.570199966430664
   9.301999807357788E-001
   3.355999886989594E-001
   7.300000172108412E-003
  -5.240000039339066E-002
        1.778599977493286
        2.374700069427490
        2.422199964523315
  -3.325999975204468E-001
        1.486199975013733
        4.179599761962891
        3.745699882507324
        2.608400106430054
  -4.498000144958496E-001
       -1.920600056648254
       -1.014899969100952
       -3.247900009155273
  -4.041999876499176E-001
   3.314000070095062E-001
       -1.596699953079224
  -4.548999965190888E-001
        1.477300047874451
   7.066000103950501E-001
        2.992500066757202
   7.789000272750855E-001
       -1.890400052070618
       -2.359299898147583
       -3.206700086593628
        1.022799968719482
   5.483999848365784E-001
        1.002500057220459
        3.380800008773804
        2.844599962234497
        1.054800033569336
   4.478000104427338E-001
       -1.247699975967407
       -3.229500055313110
       -5.782599925994873
       -2.346199989318848
   8.190000057220459E-002
       -3.660599946975708
       -1.829300045967102
       -1.878000020980835
  -7.777000069618225E-001
       -1.054399967193604
  -8.209999799728394E-001
  -9.120000004768372E-001
        1.225499987602234
  -9.344999790191650E-001
        1.519799947738648
   7.439000010490418E-001
   4.867999851703644E-001
        1.731099963188171
   8.863999843597412E-001
   1.600000075995922E-002
   2.169999927282333E-001
       -1.954399943351746
       -1.521299958229065
       -1.725000023841858
       -2.376800060272217
  -9.724000096321106E-001
       -1.563199996948242
   1.876000016927719E-001
       -1.477399945259094
       -1.854300022125244
   1.600000075995922E-002
        2.775899887084961
        2.732899904251099
  -4.560000076889992E-002
   3.564999997615814E-001
        2.813299894332886
        3.046999931335449
   1.650000065565109E-001
  -5.419999957084656E-001
   4.512999951839447E-001
   2.908999919891357E-001
       -2.707900047302246
       -2.635400056838989
       -1.155500054359436
  -9.979000091552734E-001
       -1.266299962997437
   4.009000062942505E-001
        2.064899921417236
        1.223399996757507
  -3.005000054836273E-001
       -1.125800013542175
       -2.703500032424927
       -1.134500026702881
        1.546499967575073
   8.246999979019165E-001
        2.202100038528442
        3.290199995040894
        3.873800039291382
        2.231300115585327
        1.649899959564209
  -6.345999836921692E-001
       -3.627000093460083
       -3.210799932479858
       -2.403100013732910
       -2.492000102996826
       -2.629300117492676
       -1.362900018692017
       -1.364500045776367
       -1.825700044631958
  -9.381999969482422E-001
  -3.662999868392944E-001
   9.397000074386597E-001
        2.438400030136108
        1.612800002098084
   7.605999708175659E-001
   5.487999916076660E-001
  -5.640000104904175E-001
   5.676000118255615E-001
  -3.379999846220017E-002
  -6.990000009536743E-001
       -1.527300000190735
   5.738000273704529E-001
  -2.229000031948090E-001
  -3.740000128746033E-001
       -1.884699940681458
       -2.324899911880493
  -3.943000137805939E-001
        1.203899979591370
  -2.399999946355820E-001
  -6.633999943733215E-001
        4.102600097656250
        2.706700086593628
   9.412999749183655E-001
   7.042000293731690E-001
        1.178599953651428
        2.255800008773804
   7.987999916076660E-001
        1.030799984931946
  -6.875000000000000E-001
       -1.578899979591370
       -1.133599996566773
       -2.080100059509277
       -1.701500058174133
       -2.269700050354004
       -1.086599946022034
  -1.623000055551529E-001
   4.280999898910523E-001
        2.024100065231323
        1.064299941062927
       -1.322600007057190
  -7.717999815940857E-001
  -6.402999758720398E-001
   5.947999954223633E-001
  -6.470000147819519E-001
  -6.205000281333923E-001
  -6.030000001192093E-002
        2.080399990081787
        2.409499883651733
        2.614599943161011
        1.767500042915344
   5.345000028610230E-001
       -2.013000011444092
  -7.082999944686890E-001
       -2.045300006866455
       -3.265000104904175
       -2.085299968719482
       -2.538300037384033
       -2.311599969863892
  -4.280999898910523E-001
   1.387999951839447E-001
   3.944000005722046E-001
        1.655400037765503
        2.205600023269653
        2.735500097274780
        2.148799896240234
   1.180000044405460E-002
       -1.375599980354309
  -3.695999979972839E-001
   3.007999956607819E-001
   5.328999757766724E-001
   4.284999966621399E-001
        1.430600047111511
   7.289000153541565E-001
   2.978000044822693E-001
   6.152999997138977E-001
   4.054000079631805E-001
  -9.600000455975533E-003
   5.795000195503235E-001
   3.299999982118607E-003
  -5.837000012397766E-001
   3.770999908447266E-001
   4.273999929428101E-001
   6.827999949455261E-001
   4.941000044345856E-001
        1.772600054740906
        1.669600009918213
        1.618999958038330
  -1.737000048160553E-001
       -1.032999992370606
  -9.965999722480774E-001
       -2.192399978637695
       -2.416699886322022
       -1.824300050735474
       -1.020200014114380
       -2.451400041580200
       -1.053300023078919
   4.542999863624573E-001
        1.255699992179871
        1.663800001144409
   7.059999704360962E-001
  -3.300999999046326E-001
  -5.630000233650208E-001
  -2.637000083923340E-001
  -4.718999862670898E-001
   6.055999994277954E-001
   2.666000127792358E-001
        3.195600032806397
        3.821300029754639
        1.816599965095520
        1.487599968910217
  -2.876000106334686E-001
  -8.212000131607056E-001
        1.020499944686890
       -1.152099967002869
  -1.951999962329865E-001
   1.379999965429306E-001
       -1.774000048637390
       -1.778599977493286
  -5.468000173568726E-001
       -1.269500017166138
       -1.026000022888184
   1.185000017285347E-001
   4.419000148773193E-001
   5.770000219345093E-001
        1.077100038528442
  -3.815999925136566E-001
  -9.855999946594238E-001
       -1.421599984169006
       -1.901900053024292
  -8.112999796867371E-001
   3.540999889373779E-001
        3.213000059127808
        2.334399938583374
        1.156299948692322
   8.004999756813049E-001
        1.723700046539307
        2.354899883270264
        2.886800050735474
        3.508199930191040
        2.485899925231934
  -5.712000131607056E-001
   4.278999865055084E-001
        1.241899967193604
        1.535199999809265
        2.241100072860718
        2.828299999237061
  -8.050000071525574E-001
       -1.112699985504150
  -2.415000051259995E-001
       -1.247200012207031
       -1.680400013923645
       -1.932899951934815
  -6.654000282287598E-001
  -3.925999999046326E-001
  -1.863999962806702E-001
  -9.160000085830689E-002
       -1.294999957084656
   1.975000053644180E-001
   7.965999841690064E-001
   8.227999806404114E-001
       -1.429999947547913
   7.674999833106995E-001
  -5.304999947547913E-001
   6.675999760627747E-001
  -3.786999881267548E-001
        1.020799994468689
        3.405100107192993
        4.567299842834473
        2.263299942016602
   7.443000078201294E-001
   3.170999884605408E-001
  -5.240000039339066E-002
   9.799000024795532E-001
   2.973999977111816E-001
       -1.223099946975708
       -1.221400022506714
       -2.038800001144409
       -1.240399956703186
  -8.646000027656555E-001
  -4.731000065803528E-001
       -1.346199989318848
   6.593000292778015E-001
  -7.199999876320362E-003
  -2.795000076293945E-001
  -8.185999989509583E-001
  -5.892000198364258E-001
  -7.584999799728394E-001
       -1.976500034332275
       -1.757599949836731
  -7.555000185966492E-001
  -5.192999839782715E-001
        1.195999979972839
        3.119400024414063
        3.955699920654297
        2.151499986648560
        2.421600103378296
        3.449800014495850
        3.649199962615967
        3.883899927139282
        2.482899904251099
  -5.756999850273132E-001
   4.393000006675720E-001
   7.975999712944031E-001
  -9.625999927520752E-001
  -9.276000261306763E-001
        1.271299958229065
       -1.763599991798401
       -1.174600005149841
       -2.543200016021729
       -3.050600051879883
       -2.982800006866455
  -8.281999826431274E-001
       -1.356199979782105
   2.542999982833862E-001
  -4.780000075697899E-002
  -5.486999750137329E-001
  -6.223000288009644E-001
   2.304999977350235E-001
        2.016000032424927
   3.869999945163727E-001
  -5.126000046730042E-001
   9.109999984502792E-002
       -1.008200049400330
  -7.731999754905701E-001
  -3.537999987602234E-001
   6.376000046730042E-001
  -2.461999952793121E-001
        2.534699916839600
        1.105399966239929
   1.502999961376190E-001
  -1.298999935388565E-001
   4.221999943256378E-001
   6.405000090599060E-001
   7.289000153541565E-001
  -9.280999898910523E-001
  -9.836999773979187E-001
       -3.029900074005127
       -2.350899934768677
  -8.172000050544739E-001
       -1.855700016021729
   8.097000122070313E-001
       -1.729400038719177
       -1.110800027847290
       -1.335000038146973
   1.541000008583069E-001
       -1.788800001144409
       -1.040300011634827
       -3.800800085067749
       -2.053900003433228
       -3.579299926757813
       -1.280300021171570
   5.105000138282776E-001
        1.551200032234192
   8.205999732017517E-001
        3.176399946212769
        3.368299961090088
        4.008900165557861
        2.961100101470947
        4.786900043487549
        3.096800088882446
       -1.230800032615662
   6.300000008195639E-003
       -1.708199977874756
  -7.962999939918518E-001
  -9.524000287055969E-001
  -3.080999851226807E-001
  -7.767999768257141E-001
  -7.785999774932861E-001
       -3.213000059127808
       -1.251999974250794
       -3.117700099945068
       -2.608200073242188
       -1.756000041961670
  -6.112999916076660E-001
  -2.189999967813492E-001
  -3.629999980330467E-002
  -8.634999990463257E-001
   2.187000066041946E-001
  -3.950000181794167E-002
   9.835000038146973E-001
        1.155099987983704
   9.619999676942825E-002
  -6.381000280380249E-001
   2.426999956369400E-001
        2.228899955749512
        2.142400026321411
   1.923999935388565E-001
   3.675999939441681E-001
   3.298000097274780E-001
   9.358000159263611E-001
   1.116999983787537E-001
        1.359699964523315
   1.310999989509583E-001
  -7.869999855756760E-002
       -1.442899942398071
       -1.297000050544739
       -2.145499944686890
       -1.281599998474121
  -6.621000170707703E-001
  -6.679000258445740E-001
  -4.990000128746033E-001
  -7.520999908447266E-001
       -2.002500057220459
  -4.077999889850617E-001
       -3.486099958419800
  -7.851999998092651E-001
  -5.511000156402588E-001
       -1.101199984550476
  -9.775999784469605E-001
       -2.158400058746338
  -9.280999898910523E-001
   1.914000064134598E-001
   1.869000047445297E-001
   8.945000171661377E-001
        2.076900005340576
        3.844099998474121
        4.603899955749512
        2.280400037765503
        4.791699886322022
        3.846999883651733
   7.638000249862671E-001
       -2.305599927902222
       -1.522099971771240
   3.531000018119812E-001
   7.088999748229981E-001
        1.080000042915344
  -1.844999939203262E-001
  -9.876999855041504E-001
       -1.786599993705750
   5.640000104904175E-001
       -1.957499980926514
       -1.517799973487854
  -6.140999794006348E-001
       -1.634500026702881
  -6.794000267982483E-001
       -1.211599946022034
   3.684000074863434E-001
        1.245800018310547
   2.718999981880188E-001
   5.097000002861023E-001
        1.810199975967407
        1.142699956893921
   2.861000001430512E-001
        2.591399908065796
        1.418699979782105
   7.118999958038330E-001
   9.541000127792358E-001
  -1.665000021457672E-001
  -8.163999915122986E-001
        1.881000041961670
        1.273599982261658
        1.135200023651123
   7.437999844551086E-001
   5.526000261306763E-001
   9.524999856948853E-001
   3.099999949336052E-002
  -3.921999931335449E-001
  -5.221999883651733E-001
  -7.357000112533569E-001
        1.506600022315979
   4.896999895572662E-001
   6.538000106811523E-001
   4.271999895572662E-001
   3.643999993801117E-001
   1.888000071048737E-001
       -1.216799974441528
  -9.700000286102295E-003
        1.227100014686585
   1.706999987363815E-001
  -4.695000052452087E-001
  -8.181999921798706E-001
        1.417099952697754
        2.394900083541870
  -2.930999994277954E-001
        1.208400011062622
        3.947700023651123
        4.309100151062012
        2.547899961471558
        2.967600107192993
        3.124900102615356
       -1.660400032997131
       -2.951499938964844
       -1.829599976539612
   2.354000061750412E-001
  -8.079999685287476E-002
   4.167000055313110E-001
   3.169000148773193E-001
   8.008999824523926E-001
  -8.292000293731690E-001
   8.709999918937683E-002
  -5.532000064849854E-001
  -1.860000044107437E-001
  -5.949000120162964E-001
   7.270000129938126E-002
  -3.200000151991844E-002
   4.314999878406525E-001
        1.550699949264526
        1.872699975967407
   2.928000092506409E-001
   2.002999931573868E-001
   8.000000379979610E-003
       -1.775500059127808
        1.355499982833862
   1.340000033378601E-001
        1.469900012016296
   9.690000116825104E-002
   6.840999722480774E-001
       -1.937700033187866
       -2.208699941635132
   2.892999947071075E-001
        3.288000106811523
        1.421900033950806
   5.579999834299088E-002
   9.146000146865845E-001
   6.517999768257141E-001
   6.833999752998352E-001
   4.509999975562096E-002
  -3.731999993324280E-001
   3.480000048875809E-002
   9.000999927520752E-001
  -8.439999818801880E-002
        1.878299951553345
        2.022099971771240
        1.911599993705750
   9.957000017166138E-001
   3.912999927997589E-001
   3.206999897956848E-001
   1.790000051259995E-001
        1.717700004577637
  -2.400000113993883E-003
   1.836999952793121E-001
   6.301000118255615E-001
        1.536599993705750
        2.045099973678589
        2.465100049972534
        4.817800045013428
        3.583899974822998
        3.702800035476685
        3.356699943542481
        2.453299999237061
  -9.807999730110169E-001
       -1.543699979782105
  -7.840999960899353E-001
  -6.636999845504761E-001
       -1.028699994087219
   7.774000167846680E-001
        1.060500025749207
   3.772999942302704E-001
       -1.580999970436096
   9.297999739646912E-001
   4.756999909877777E-001
   2.852999866008759E-001
       -1.709900021553040
        1.868299961090088
        2.239599943161011
        1.135400056838989
   6.305999755859375E-001
        1.223199963569641
        1.033300042152405
  -5.225999951362610E-001
       -1.631000041961670
       -1.580100059509277
        1.283900022506714
  -3.138999938964844E-001
  -7.246999740600586E-001
       -1.048499941825867
   3.020000085234642E-002
       -1.260400056838989
       -1.599200010299683
        1.519999980926514
        1.834900021553040
   8.325999975204468E-001
  -4.450000077486038E-002
        1.624600052833557
        2.085999965667725
        1.844599962234497
        1.803200006484985
  -1.093000024557114E-001
   6.047000288963318E-001
   5.898000001907349E-001
  -8.256999850273132E-001
        1.373000025749207
   5.546000003814697E-001
        1.254999995231628
        1.618800044059753
   2.940000034868717E-002
   6.480000168085098E-002
        2.826900005340576
        1.234699964523315
   8.349000215530396E-001
   6.202999949455261E-001
  -7.725999951362610E-001
   9.993000030517578E-001
        3.215600013732910
        3.150099992752075
        3.958100080490112
        1.914899945259094
        2.271500110626221
        1.681599974632263
  -7.150000333786011E-002
  -8.436999917030335E-001
   7.069999724626541E-002
   9.402999877929688E-001
  -8.357999920845032E-001
  -1.544999927282333E-001
   5.437999963760376E-001
   2.838999927043915E-001
  -7.975000143051148E-001
  -4.379000067710877E-001
        1.673799991607666
   6.043000221252441E-001
        1.733899950981140
        1.428400039672852
        2.607300043106079
        3.157299995422363
        1.831699967384338
  -1.190000027418137E-002
        1.669100046157837
   8.950000256299973E-002
  -4.061999917030335E-001
  -8.260999917984009E-001
       -2.155600070953369
  -6.199999898672104E-002
       -1.442199945449829
       -1.568799972534180
  -8.984000086784363E-001
       -2.398299932479858
  -1.630000025033951E-002
        1.485700011253357
        3.097800016403198
        2.330800056457520
   1.386999934911728E-001
        1.060899972915649
        1.544399976730347
        2.454900026321411
        2.228499889373779
        3.997200012207031
        1.964400053024292
   1.621000021696091E-001
  -3.840999901294708E-001
       -1.803799986839294
  -2.373999953269959E-001
   4.809999838471413E-002
   2.460999935865402E-001
   9.350000023841858E-001
        1.087200045585632
  -3.806999921798706E-001
        1.087800025939941
   6.345999836921692E-001
   4.422999918460846E-001
        1.287999987602234
   6.718000173568726E-001
   5.910999774932861E-001
        3.621999979019165
        2.051599979400635
        4.907700061798096
        2.338700056076050
        1.479699969291687
   1.914000064134598E-001
   4.388000071048737E-001
        2.542799949645996
        2.599699974060059
        2.339099884033203
        1.357699990272522
        1.189800024032593
        1.983299970626831
        2.024800062179565
   9.470999836921692E-001
        3.055000066757202
        1.734099984169006
        3.105600118637085
        2.314800024032593
        2.648400068283081
        2.658699989318848
        2.555700063705444
        2.061399936676025
        1.800400018692017
        1.437199950218201
  -2.698000073432922E-001
  -3.237000107765198E-001
       -3.032399892807007
       -1.805500030517578
       -3.247999906539917
       -3.583699941635132
       -1.125000000000000
       -2.086499929428101
       -1.523300051689148
       -1.042000055313110
  -1.870999932289124E-001
        2.737400054931641
        2.960299968719482
        1.445799946784973
        3.278399944305420
        2.895600080490112
   7.724999785423279E-001
        3.040699958801270
        2.320600032806397
        3.481699943542481
        3.604500055313110
  -4.823000133037567E-001
  -9.746000170707703E-001
       -1.783300042152405
       -1.700999975204468
        1.436800003051758
   9.258000254631043E-001
   5.813000202178955E-001
   8.324999809265137E-001
   7.860999703407288E-001
   5.853000283241272E-001
  -3.565999865531921E-001
   2.215999960899353E-001
        2.081099987030029
        1.829699993133545
        1.480599999427795
        2.519599914550781
        4.244200229644775
        2.650700092315674
   8.669999837875366E-001
   7.297999858856201E-001
   3.919999897480011E-001
        1.597399950027466
        2.974299907684326
        2.480099916458130
        1.221400022506714
   9.164999723434448E-001
        2.630199909210205
        1.809000015258789
        1.732800006866455
        1.118100047111511
        1.618299961090088
        1.539999961853027
        4.492400169372559
        3.736599922180176
        3.051399946212769
   6.032999753952026E-001
        1.988999962806702
   9.139999747276306E-001
        1.060500025749207
   7.562999725341797E-001
  -1.631000041961670E-001
       -3.569999933242798
       -3.025899887084961
       -2.052000045776367
       -3.402499914169312
  -8.133000135421753E-001
  -3.291999995708466E-001
  -1.199000030755997E-001
       -1.777699947357178
  -4.023000001907349E-001
        2.166399955749512
        2.508399963378906
        1.955399990081787
        1.884999990463257
        2.460999965667725
        2.840800046920776
        2.907999992370606
        2.933199882507324
        3.795399904251099
        2.883500099182129
   2.284999936819077E-001
  -4.632000029087067E-001
       -1.703799962997437
  -5.018000006675720E-001
  -5.845999717712402E-001
       -1.190000057220459
   9.283000230789185E-001
        2.316400051116943
        2.271699905395508
   6.312999725341797E-001
  -1.689999923110008E-002
   6.358000040054321E-001
   7.829999923706055E-001
        2.301800012588501
  -1.040000002831221E-002
        1.239099979400635
        1.249899983406067
        1.072600007057190
   3.007000088691711E-001
   7.551000118255615E-001
        1.901000022888184
        3.611500024795532
        4.042799949645996
        3.944799900054932
        1.872699975967407
   8.555999994277954E-001
        2.070499897003174
        2.379199981689453
        1.578999996185303
        1.961300015449524
        1.151800036430359
        2.147099971771240
        4.471199989318848
        1.547000050544739
        2.676700115203857
        2.798599958419800
   4.192999899387360E-001
   5.469999834895134E-002
   2.170000039041042E-002
       -2.438699960708618
  -6.895999908447266E-001
       -3.368400096893311
       -4.365900039672852
       -2.214900016784668
       -1.987699985504150
       -1.290199995040894
   9.979000091552734E-001
        1.214699983596802
        1.335700035095215
        1.292700052261353
        4.227200031280518
        2.592400074005127
        1.535199999809265
        3.459599971771240
        3.213299989700317
   8.324000239372253E-001
        1.104900002479553
   2.529000043869019E-001
        2.388700008392334
        1.637300014495850
        1.236899971961975
        3.074199914932251
   7.797999978065491E-001
       -1.015900015830994
       -2.032099962234497
   4.431999921798706E-001
   7.110000252723694E-001
        1.186400055885315
   9.401000142097473E-001
        2.244299888610840
        2.358099937438965
   4.487999975681305E-001
        1.280900001525879
   7.807000279426575E-001
   9.850000143051148E-001
        1.331300020217896
        1.887699961662293
   4.821999967098236E-001
        1.300999999046326
        1.187000036239624
        1.967300057411194
        2.737999916076660
        3.953999996185303
        3.857700109481812
        3.109899997711182
        2.058700084686279
        2.751399993896484
        3.637500047683716
        3.009000062942505
        2.196899890899658
        1.054800033569336
        2.128099918365479
        2.798000097274780
        1.797700047492981
        2.107700109481812
        2.128099918365479
        1.001199960708618
       -1.866999983787537
       -3.131099939346314
       -3.096499919891357
       -1.246099948883057
       -2.312999963760376
       -3.386699914932251
  -2.199999988079071E-003
   3.016000092029572E-001
        2.327699899673462
        4.545199871063232
        4.328999996185303
        2.173199892044067
        2.618099927902222
        4.032899856567383
        4.573299884796143
        2.051399946212769
        4.362699985504150
        3.984899997711182
   9.865000247955322E-001
       -1.271900057792664
   9.149999916553497E-002
   6.887000203132629E-001
        2.816099882125855
        1.854900002479553
        1.766600012779236
   4.097000062465668E-001
  -6.341000199317932E-001
  -3.379999846220017E-002
  -1.465000063180924E-001
  -4.075999855995178E-001
  -1.328999996185303E-001
        1.984200000762940
        2.130599975585938
   9.294999837875366E-001
  -3.170999884605408E-001
  -5.356000065803528E-001
       -1.519600033760071
        1.886700034141541
        1.990200042724609
   7.217000126838684E-001
   5.907999873161316E-001
   8.802000284194946E-001
        1.232800006866455
        2.755000114440918
   5.996000170707703E-001
   7.570000290870667E-001
        2.900799989700317
        2.631500005722046
        3.691600084304810
        3.370800018310547
        2.771899938583374
        2.455499887466431
        3.661000013351440
        2.362699985504150
   9.970999956130981E-001
        3.422499895095825
   7.896000146865845E-001
        1.911000013351440
   4.244999885559082E-001
       -2.757299900054932
       -3.033600091934204
       -3.425600051879883
       -2.132600069046021
   8.669999986886978E-002
        1.442000031471252
       -1.586300015449524
   4.960000142455101E-002
        3.220700025558472
        2.335599899291992
        4.684199810028076
        2.839299917221069
        1.988000035285950
   6.036000251770020E-001
        1.765799999237061
        2.317899942398071
        1.897799968719482
        3.473299980163574
        2.173000097274780
        2.651299953460693
        1.165500044822693
        1.446400046348572
  -7.728999853134155E-001
        1.600399971008301
        1.306200027465820
        1.349599957466126
   4.097999930381775E-001
  -8.260999917984009E-001
  -9.563000202178955E-001
  -7.695999741554260E-001
   4.699999988079071E-001
   8.284000158309937E-001
        1.658200025558472
  -2.320999950170517E-001
   7.897999882698059E-001
  -2.976999878883362E-001
  -7.384999990463257E-001
  -1.527000069618225E-001
        2.115400075912476
   5.521000027656555E-001
   7.757999897003174E-001
   4.332999885082245E-001
        1.428799986839294
   5.993999838829041E-001
   8.648999929428101E-001
        2.341399908065796
   4.424000084400177E-001
        3.610599994659424
        5.100699901580811
        3.997699975967407
        1.859400033950806
        2.881000041961670
        3.459000110626221
        3.185100078582764
        2.914499998092651
        1.061599969863892
        3.131200075149536
  -3.271000087261200E-001
   2.276999950408936E-001
  -3.336000144481659E-001
       -2.417500019073486
       -4.930399894714356
  -5.652999877929688E-001
   7.253000140190125E-001
        1.772500038146973
        2.333499908447266
        1.073400020599365
        1.194499969482422
        2.103800058364868
        1.509099960327148
        2.780100107192993
        2.621099948883057
   6.579999923706055E-001
        1.303099989891052
        2.791699886322022
        1.053300023078919
        1.282699942588806
        1.899600028991699
   9.203000068664551E-001
        2.683099985122681
        3.612099885940552
        3.508699893951416
        1.263100028038025
   8.622999787330627E-001
        1.068300008773804
   5.145000219345093E-001
       -1.341599941253662
       -1.546900033950806
       -2.058500051498413
  -3.249000012874603E-001
        1.299399971961975
   5.874999761581421E-001
   2.727999985218048E-001
   6.300000101327896E-002
       -1.301599979400635
  -2.187999933958054E-001
        1.579100012779236
        1.688699960708618
        1.284700036048889
   3.869999945163727E-002
   1.699000000953674E-001
  -6.474000215530396E-001
        1.150799989700317
   7.520999908447266E-001
   7.699000239372253E-001
        4.529500007629395
        3.503799915313721
        4.005400180816650
        4.109499931335449
        4.356800079345703
        3.629100084304810
        2.077399969100952
        3.930000066757202
        2.658299922943115
        2.359999895095825
        2.933099985122681
        1.558500051498413
   1.781000047922134E-001
       -2.198699951171875
       -2.520299911499023
       -3.337800025939941
       -2.762500047683716
       -1.872599959373474
        1.761800050735474
        1.955700039863586
        1.710600018501282
   1.357000023126602E-001
        1.340800046920776
        1.764500021934509
  -8.709999918937683E-001
   2.590000070631504E-002
        1.068099975585938
  -3.296999931335449E-001
   7.140000164508820E-002
  -3.901000022888184E-001
   4.945000112056732E-001
        1.602900028228760
        1.002799987792969
        2.062000036239624
        1.410799980163574
        2.209899902343750
        2.323299884796143
  -1.709000021219254E-001
   3.743000030517578E-001
   9.562000036239624E-001
  -2.651000022888184E-001
       -1.123200058937073
       -1.914399981498718
       -2.185699939727783
   3.849000036716461E-001
       -1.337399959564209
   1.836999952793121E-001
        1.589200019836426
   2.563999891281128E-001
        1.664800047874451
        1.337299942970276
   3.957999944686890E-001
        1.592900037765503
   4.812000095844269E-001
   8.222000002861023E-001
        1.244699954986572
        3.264400005340576
        1.850999951362610
   5.608000159263611E-001
       -1.034700036048889
        3.650799989700317
        3.080800056457520
        3.550199985504150
        3.305700063705444
        4.659800052642822
        4.229800224304199
        2.499900102615356
        2.497900009155273
        4.229800224304199
        3.890000104904175
        1.393499970436096
        1.737200021743774
   4.959999918937683E-001
       -1.513800024986267
       -2.882699966430664
       -3.055999994277954
       -2.671099901199341
       -2.510699987411499
   7.349999994039536E-002
       -1.188599944114685
   3.183999955654144E-001
  -6.320000290870667E-001
  -8.094000220298767E-001
        1.038599967956543
        2.267800092697144
   1.464000046253204E-001
  -9.236999750137329E-001
   2.799000144004822E-001
  -1.597999930381775E-001
        1.157199978828430
   8.787999749183655E-001
        1.914000034332275
        2.171299934387207
   1.914999932050705E-001
       -1.064700007438660
        1.491999983787537
   1.242000013589859E-001
       -1.032299995422363
       -1.140100002288818
  -2.331999987363815E-001
  -9.850999712944031E-001
  -6.547999978065491E-001
  -6.794000267982483E-001
       -1.988999962806702
       -2.283499956130981
  -7.709000110626221E-001
        1.606299996376038
        1.861500024795532
        1.830100059509277
  -1.130999997258186E-001
        1.469300031661987
  -1.893000006675720E-001
   8.371999859809876E-001
  -1.855999976396561E-001
        1.122099995613098
        2.035000085830689
   9.236999750137329E-001
        1.419100046157837
   3.160000145435333E-001
   9.230999946594238E-001
        2.072599887847900
        2.394000053405762
        2.322000026702881
        3.928800106048584
        4.725999832153320
        3.136699914932251
        3.306499958038330
        3.081599950790405
        4.009699821472168
        2.912499904632568
        3.144200086593628
        1.495300054550171
  -3.291999995708466E-001
  -8.700000047683716E-001
       -1.618100047111511
       -2.498899936676025
       -1.925600051879883
   1.089999973773956E-001
       -1.665599942207336
       -1.623900055885315
   3.589999973773956E-001
        1.246099948883057
        1.509299993515015
  -1.897000074386597E-001
        1.048900008201599
       -1.165099978446960
       -3.140199899673462
       -2.171000003814697
       -1.018100023269653
  -8.435999751091003E-001
  -4.074000120162964E-001
   8.640999794006348E-001
   5.669999867677689E-002
   4.257000088691711E-001
       -1.140400052070618
   4.255999922752380E-001
       -1.186699986457825
  -7.949000000953674E-001
       -1.969300031661987
       -1.512500047683716
       -2.099499940872192
       -2.096899986267090
  -5.532000064849854E-001
       -1.817299962043762
       -1.215499997138977
   4.659999907016754E-002
   2.876000106334686E-001
        2.142999887466431
        1.714699983596802
  -5.677000284194946E-001
  -4.341000020503998E-001
  -2.152999937534332E-001
   1.474999934434891E-001
        1.308300018310547
        2.995899915695190
        1.422700047492981
        2.617399930953980
   3.109999932348728E-002
  -2.847999930381775E-001
   7.314000129699707E-001
   6.761999726295471E-001
        1.826200008392334
        1.737599968910217
        3.492000102996826
        4.120500087738037
        4.146900177001953
        4.208700180053711
        3.160300016403198
        4.384799957275391
        3.905100107192993
        2.998600006103516
        2.864099979400635
        2.254300117492676
   2.449999935925007E-002
  -9.151999950408936E-001
       -1.748100042343140
       -1.352399945259094
        1.095999956130981
       -1.451300024986267
  -2.545999884605408E-001
  -7.186999917030335E-001
       -1.060400009155273
  -3.635999858379364E-001
  -2.682000100612640E-001
  -2.849000096321106E-001
       -3.082999944686890
       -3.095499992370606
       -3.454299926757813
  -1.779000014066696E-001
  -3.082999885082245E-001
       -2.481699943542481
   5.273000001907349E-001
       -1.579100012779236
  -7.919999957084656E-002
  -6.087999939918518E-001
        1.490399956703186
       -2.294600009918213
       -2.595999956130981
       -2.289299964904785
       -3.834199905395508
       -3.137700080871582
       -2.724299907684326
       -2.061899900436401
       -3.219500064849854
  -7.163000106811523E-001
  -9.839999675750732E-002
   6.887000203132629E-001
        3.316200017929077
        2.276499986648560
   3.840000033378601E-001
   2.427999973297119E-001
  -4.636000096797943E-001
  -8.163999915122986E-001
   4.115000069141388E-001
  -9.445999860763550E-001
  -2.303999960422516E-001
        1.323899984359741
  -3.483000099658966E-001
       -1.286299943923950
  -5.415999889373779E-001
        2.241600036621094
        3.204400062561035
        2.731499910354614
        2.764400005340576
        2.449100017547607
        3.075500011444092
        4.987899780273438
        3.436899900436401
        2.019700050354004
        3.435199975967407
        3.480999946594238
        1.959100008010864
   6.055999994277954E-001
  -3.212999999523163E-001
   8.291000127792358E-001
   5.138000249862671E-001
       -1.117100000381470
   6.369000077247620E-001
  -1.588000059127808E-001
   8.341000080108643E-001
       -2.419399976730347
       -1.570299983024597
  -8.069000244140625E-001
        2.154200077056885
        1.355800032615662
       -2.709700107574463
       -4.361800193786621
       -4.811900138854981
       -1.008299946784973
       -1.159999966621399
       -1.022199988365173
       -1.827399969100952
       -1.589699983596802
  -2.186000049114227E-001
  -6.222000122070313E-001
  -9.621999859809876E-001
       -1.919299960136414
       -1.768000006675720
  -6.816999912261963E-001
       -2.672499895095825
       -4.117800235748291
       -3.615299940109253
       -3.230700016021729
       -2.671700000762940
       -2.402299880981445
  -3.704999983310700E-001
   8.496000170707703E-001
        1.753499984741211
  -5.770000219345093E-001
   1.123000010848045E-001
  -6.295999884605408E-001
  -4.695000052452087E-001
       -1.852599978446960
   6.988999843597412E-001
   2.890999913215637E-001
   3.612000048160553E-001
        2.145999908447266
   1.138999983668327E-001
       -1.704300045967102
   5.677000284194946E-001
        1.519400000572205
   4.426000118255615E-001
        1.027699947357178
   7.110000252723694E-001
        2.522700071334839
        3.234800100326538
        2.540600061416626
        2.035700082778931
        2.054500102996826
        2.887200117111206
        2.642699956893921
        1.455199956893921
   9.955999851226807E-001
  -6.463999748229981E-001
  -7.317000031471252E-001
  -1.657000035047531E-001
       -1.242200016975403
  -4.170000180602074E-002
  -6.669999659061432E-002
  -8.511999845504761E-001
  -5.472000241279602E-001
       -1.775799989700317
  -5.529999732971191E-001
        2.184499979019165
   3.321000039577484E-001
       -2.237200021743774
       -3.893199920654297
       -2.775199890136719
       -2.478100061416626
       -2.568500041961670
       -2.496000051498413
       -2.491100072860718
   4.740000143647194E-002
       -1.301399946212769
       -1.629899978637695
   1.616999953985214E-001
       -1.680899977684021
       -2.212599992752075
       -1.131600022315979
       -3.405900001525879
       -4.412799835205078
       -3.623500108718872
       -3.730900049209595
       -3.045900106430054
       -2.382999897003174
   1.128999963402748E-001
  -5.087000131607056E-001
  -5.418999791145325E-001
  -9.182999730110169E-001
  -2.027000039815903E-001
  -8.019999861717224E-001
       -1.783300042152405
  -5.681999921798706E-001
  -2.612999975681305E-001
  -7.605000138282776E-001
       -1.004899978637695
   7.261000275611877E-001
       -1.090600013732910
  -9.488999843597412E-001
       -1.302700042724609
        1.230900049209595
   7.613000273704529E-001
       -1.813099980354309
       -1.675999999046326
        2.424900054931641
        1.752699971199036
        2.513799905776978
        2.429500102996826
        2.190500020980835
        3.835299968719482
        1.608399987220764
        1.169899940490723
   9.941999912261963E-001
   5.612999796867371E-001
       -1.059299945831299
  -7.150999903678894E-001
       -1.802399992942810
   6.190000101923943E-002
        2.148200035095215
       -1.554000020027161
       -1.057999968528748
   1.448000073432922E-001
   9.560000151395798E-002
   3.504000008106232E-001
   9.960000216960907E-002
       -3.095099925994873
       -2.603499889373779
       -3.273299932479858
       -3.493999958038330
       -3.087399959564209
       -1.866400003433228
  -9.503999948501587E-001
   1.588000059127808E-001
   4.429999887943268E-001
       -1.446599960327148
  -9.693999886512756E-001
       -1.567000031471252
       -3.754300117492676
       -1.089300036430359
       -2.576299905776978
       -2.868700027465820
  -8.404999971389771E-001
       -2.143100023269653
       -2.177799940109253
       -1.136100053787231
       -1.135300040245056
  -6.466000080108643E-001
  -9.199000000953674E-001
       -2.009500026702881
  -7.979999780654907E-001
  -7.516000270843506E-001
       -1.822000026702881
       -2.133399963378906
       -2.175299882888794
       -1.557500004768372
  -1.381999999284744E-001
   4.203999936580658E-001
   6.129999756813049E-001
   9.225000143051148E-001
  -2.700000070035458E-003
  -4.941000044345856E-001
       -1.399299979209900
       -2.630100011825562
       -2.449500083923340
       -1.363100051879883
        1.149500012397766
   6.866999864578247E-001
        1.406599998474121
   4.040000140666962E-001
        1.294000029563904
   5.856000185012817E-001
        2.515000104904175
        3.416399955749512
        2.151200056076050
   9.144999980926514E-001
  -3.298999965190888E-001
       -1.922500014305115
  -9.045000076293945E-001
   6.189000010490418E-001
       -1.907500028610230
       -1.264400005340576
       -1.404299974441528
       -2.939199924468994
       -3.175299882888794
       -3.338700056076050
       -2.525000095367432
   1.849000006914139E-001
       -3.231499910354614
       -2.453200101852417
  -8.727999925613403E-001
   5.723999738693237E-001
   3.779000043869019E-001
        1.029500007629395
   2.307000011205673E-001
        1.066200017929077
       -2.394599914550781
       -2.767499923706055
       -2.657399892807007
  -1.666000038385391E-001
       -3.002899885177612
       -1.386800050735474
  -3.431999981403351E-001
       -1.355900049209595
   5.184000134468079E-001
        1.200399994850159
   4.336000084877014E-001
  -6.377000212669373E-001
  -2.861000001430512E-001
       -1.341199994087219
   2.890000045299530E-001
       -1.999600052833557
       -1.602300047874451
       -2.536700010299683
       -2.799000024795532
       -1.580199956893921
       -1.410799980163574
   9.031999707221985E-001
   7.322999835014343E-001
        1.491500020027161
  -3.506999909877777E-001
   4.320000112056732E-001
  -1.673000007867813E-001
       -2.117000102996826
       -1.849599957466126
       -2.892100095748901
       -1.207800030708313
   9.796000123023987E-001
        1.138499975204468
        2.006200075149536
   4.379000067710877E-001
        1.148300051689148
        2.440799951553345
   8.273000121116638E-001
        2.202100038528442
        1.276499986648560
   8.871999979019165E-001
   4.679999873042107E-002
  -8.411999940872192E-001
  -6.503999829292297E-001
  -6.610000133514404E-001
       -1.259899973869324
       -1.846199989318848
       -3.440999984741211
       -4.178999900817871
       -4.559100151062012
       -3.583800077438355
       -3.286200046539307
       -4.136000156402588
       -2.178600072860718
       -1.649099946022034
   4.178999960422516E-001
        1.199900031089783
   8.838000297546387E-001
       -1.174499988555908
   3.386000096797943E-001
       -1.788200020790100
  -5.569999814033508E-001
       -1.318099975585938
       -1.803599953651428
       -2.900399923324585
  -8.284000158309937E-001
       -2.553499937057495
  -2.283000051975250E-001
  -2.964000105857849E-001
  -1.853999942541122E-001
        1.284700036048889
       -2.575700044631958
  -8.557999730110169E-001
        1.148200035095215
       -1.130399942398071
       -1.575600028038025
   1.773999929428101E-001
       -1.488800048828125
       -1.480999946594238
   6.183999776840210E-001
   2.748000025749207E-001
   5.152999758720398E-001
  -5.166000127792358E-001
   4.774000048637390E-001
   7.606999874114990E-001
       -1.170899987220764
       -1.832700014114380
  -1.915999948978424E-001
       -2.199199914932251
       -2.253299951553345
       -1.173400044441223
   3.599999938160181E-003
        2.525799989700317
        2.635600090026856
        1.355100035667419
  -1.882999986410141E-001
        1.060999989509583
   5.189999938011169E-002
   9.669999778270721E-002
   2.842999994754791E-001
  -9.607999920845032E-001
  -2.998000085353851E-001
       -1.135200023651123
   8.011999726295471E-001
   4.997999966144562E-001
  -5.843999981880188E-001
       -1.815799951553345
       -2.959800004959106
       -2.018599987030029
       -2.679199934005737
       -3.645600080490112
       -1.927600026130676
       -2.202100038528442
       -2.881000041961670
       -3.073600053787231
   8.093000054359436E-001
   5.776000022888184E-001
        2.082400083541870
   6.899999976158142E-001
   1.009999960660934E-002
       -1.878399968147278
       -1.051499962806702
  -9.817000031471252E-001
       -3.182100057601929
       -1.871899962425232
       -1.300999999046326
       -2.161400079727173
       -2.578999996185303
       -2.381799936294556
       -1.197999954223633
        1.777999997138977
   3.806000053882599E-001
  -2.703000009059906E-001
  -7.401999831199646E-001
       -2.661499977111816
       -3.536200046539307
       -1.447100043296814
  -6.930999755859375E-001
       -1.063500046730042
   9.600000083446503E-002
  -4.359999895095825E-001
        1.536200046539307
        1.442499995231628
        1.485100030899048
  -1.763000041246414E-001
       -2.313400030136108
       -1.642199993133545
  -2.580000087618828E-002
       -1.114400029182434
       -1.807000041007996
       -2.346600055694580
   2.813999950885773E-001
   9.998999834060669E-001
        1.929700016975403
   9.544000029563904E-001
   1.421999931335449E-001
  -5.875999927520752E-001
        1.649000048637390
        1.186599969863892
  -3.086999952793121E-001
   9.344999790191650E-001
  -1.908999979496002E-001
       -1.008900046348572
  -1.216000020503998E-001
        1.607399940490723
  -8.849999904632568E-001
   1.322000026702881E-001
       -1.045300006866455
       -2.234100103378296
       -2.516999959945679
       -1.885400056838989
       -1.471300005912781
  -5.889999866485596E-002
  -2.800000011920929E-001
       -2.043499946594238
        1.765799999237061
        1.730200052261353
        2.888999938964844
        2.339999914169312
  -9.860000014305115E-001
  -9.211000204086304E-001
       -1.190700054168701
       -3.013400077819824
       -2.092799901962280
       -2.134999990463257
       -1.220900058746338
  -7.465000152587891E-001
       -1.111400008201599
  -2.906999886035919E-001
  -2.034000009298325E-001
   2.424000054597855E-001
  -3.161999881267548E-001
  -7.559000253677368E-001
  -4.176999926567078E-001
       -4.253499984741211
       -2.848400115966797
  -7.423999905586243E-001
   6.187000274658203E-001
        1.421200037002564
        2.352799892425537
   7.732999920845032E-001
        1.832299947738648
        1.592100024223328
        1.451200008392334
        1.015100002288818
       -1.077700018882752
  -1.105000004172325E-001
  -3.199000060558319E-001
       -1.171499967575073
   9.279999881982803E-002
  -6.474000215530396E-001
        1.328699946403503
        1.575399994850159
        1.370599985122681
  -8.850000053644180E-002
        1.432899951934815
        1.125800013542175
   7.434999942779541E-001
        1.245100021362305
       -1.252400040626526
  -7.092000246047974E-001
   6.036999821662903E-001
  -7.200000286102295E-001
   4.307000041007996E-001
   7.486000061035156E-001
  -4.192000031471252E-001
   7.320000231266022E-002
  -6.869000196456909E-001
       -1.315400004386902
  -3.497000038623810E-001
       -2.632899999618530
       -2.899100065231323
  -6.381000280380249E-001
  -8.629999756813049E-001
   8.399999700486660E-003
        1.838899970054627
        3.106300115585327
        2.786600112915039
  -7.714999914169312E-001
  -6.230000257492065E-001
  -6.701999902725220E-001
   2.462999969720841E-001
  -8.996000289916992E-001
       -1.254799962043762
       -1.279199957847595
       -1.934999942779541
       -2.884999990463257
       -2.675400018692017
       -1.938699960708618
       -2.730400085449219
       -1.499400019645691
       -1.362900018692017
       -1.080199956893921
       -1.710600018501282
       -2.626199960708618
       -1.307000041007996
  -9.976999759674072E-001
   2.734999954700470E-001
  -7.074999809265137E-001
        1.768399953842163
        1.223299980163574
        1.470800042152405
        1.223999977111816
   6.662999987602234E-001
        1.068300008773804
        2.461899995803833
   3.350000083446503E-002
   6.355999708175659E-001
        2.260600090026856
        1.575600028038025
        1.220399975776672
   6.649000048637390E-001
  -7.129999995231628E-001
  -5.153999924659729E-001
   7.289999723434448E-002
   5.620999932289124E-001
       -1.518599987030029
   4.512999951839447E-001
  -1.115000024437904E-001
       -3.023600101470947
       -1.551100015640259
       -1.444300055503845
       -1.066400051116943
  -3.409000039100647E-001
   7.271999716758728E-001
  -3.052999973297119E-001
       -1.505800008773804
   9.420000016689301E-002
  -7.529000043869019E-001
       -1.444800019264221
       -2.702399969100952
  -9.430000185966492E-002
   7.825999855995178E-001
  -1.747999936342239E-001
        1.733800053596497
        1.515499949455261
        2.089799880981445
  -7.655000090599060E-001
       -1.752200007438660
   6.449999660253525E-002
   3.043000102043152E-001
  -3.669999912381172E-002
  -5.243999958038330E-001
       -1.124199986457825
       -2.325799942016602
       -2.350300073623657
       -2.060600042343140
       -2.466099977493286
       -2.441499948501587
       -2.581000089645386
       -1.683200001716614
       -2.802799940109253
       -2.488199949264526
       -2.888900041580200
       -2.545799970626831
       -1.873999953269959
  -6.369000077247620E-001
       -1.925699949264526
   9.057000279426575E-001
        1.188899993896484
   1.950000040233135E-002
   2.479999959468842E-001
        1.863100051879883
  -4.949999973177910E-002
  -6.485999822616577E-001
        1.747699975967407
        3.191900014877319
        1.936800003051758
        2.906300067901611
        1.859200000762940
        1.488499999046326
   7.953000068664551E-001
       -2.662100076675415
  -6.819999814033508E-001
  -1.279999967664480E-002
   5.730000138282776E-002
        1.332999944686890
   3.262000083923340E-001
  -2.637000083923340E-001
       -1.245599985122681
       -1.182100057601929
   4.618000090122223E-001
        1.589200019836426
        1.379600048065186
   2.940000034868717E-002
   3.161999881267548E-001
  -7.067999839782715E-001
   2.126999944448471E-001
       -1.716599941253662
       -1.262899994850159
       -3.215100049972534
       -1.657999992370606
       -1.911000013351440
  -4.137000143527985E-001
        1.315500020980835
   9.591000080108643E-001
   4.896999895572662E-001
   7.906000018119812E-001
   5.877000093460083E-001
        1.825999975204468
  -1.284999996423721E-001
       -1.113399982452393
  -4.774999916553497E-001
       -3.030800104141235
       -3.027899980545044
       -2.986500024795532
       -1.713099956512451
       -1.500200033187866
       -1.467200040817261
       -2.876600027084351
       -1.341500043869019
       -1.082999944686890
  -6.866000294685364E-001
       -2.469000101089478
       -2.367300033569336
       -1.278300046920776
  -1.280000060796738E-001
       -1.952499985694885
   6.147000193595886E-001
        1.880900025367737
  -7.169999927282333E-002
  -3.655999898910523E-001
  -5.123999714851379E-001
  -9.631999731063843E-001
  -7.578999996185303E-001
        3.427999973297119
        2.383399963378906
        1.869699954986572
        1.524299979209900
   6.004999876022339E-001
   1.999999955296516E-002
       -1.450000047683716
       -2.510299921035767
  -8.822000026702881E-001
  -4.251999855041504E-001
        1.420400023460388
        1.618499994277954
        1.585500001907349
        1.181599974632263
   1.177999973297119E-001
  -5.264999866485596E-001
   3.438999950885773E-001
        2.631000041961670
        2.571399927139282
   4.774999916553497E-001
   8.108999729156494E-001
  -6.593000292778015E-001
  -5.447000265121460E-001
        1.351400017738342
   2.285999953746796E-001
  -6.721000075340271E-001
       -2.248899936676025
       -3.446099996566773
       -1.113399982452393
        1.633299946784973
        2.096400022506714
        1.436699986457825
        1.305999994277954
   4.979999959468842E-001
  -2.646999955177307E-001
       -1.881999969482422
       -1.444000005722046
  -2.300000051036477E-003
       -1.455899953842163
       -3.302599906921387
       -4.209199905395508
       -2.342600107192993
  -6.942999958992004E-001
  -3.892000019550324E-001
       -1.030300021171570
   7.959999889135361E-002
   5.235999822616577E-001
  -7.419999688863754E-002
        1.507500052452087
  -4.361999928951263E-001
  -5.879999995231628E-001
  -5.684000253677368E-001
  -5.462999939918518E-001
  -2.222000062465668E-001
        1.614400029182434
  -2.547000050544739E-001
       -1.975800037384033
       -1.295799970626831
       -3.357899904251099
  -5.069000124931335E-001
        2.748500108718872
        2.284800052642822
   9.369999766349793E-001
   8.446000218391419E-001
        2.859800100326538
   1.905999928712845E-001
  -5.759999752044678E-001
       -2.287300109863281
       -2.127899885177612
  -1.277000010013580E-001
        1.333600044250488
   6.894999742507935E-001
        1.798499941825867
        1.729900002479553
        1.391499996185303
   1.169999968260527E-002
        2.537400007247925
        2.138999938964844
        2.356699943542481
        1.533400058746338
   6.265000104904175E-001
       -1.051900029182434
  -1.904000043869019E-001
  -5.997999906539917E-001
   9.314000010490418E-001
  -2.048999965190888E-001
       -2.188800096511841
       -1.521900057792664
   2.989000082015991E-001
        1.869600057601929
        3.334399938583374
        4.500500202178955
        2.049400091171265
        1.440600037574768
  -7.397000193595886E-001
       -1.214499950408936
       -2.320300102233887
       -1.536000013351440
       -1.895300030708313
       -1.820199966430664
       -1.937100052833557
       -2.332799911499023
       -1.946499943733215
       -1.843299984931946
  -7.138000130653381E-001
   2.108999937772751E-001
       -1.366899967193604
  -1.925999969244003E-001
   4.401000142097473E-001
   1.121999993920326E-001
   8.594999909400940E-001
  -3.979999944567680E-002
       -1.960999965667725
       -1.469200015068054
   2.984000146389008E-001
   6.916999816894531E-001
       -3.449199914932251
       -2.851399898529053
       -1.801699995994568
       -1.261600017547607
        4.374899864196777
        4.638599872589111
        3.220000028610230
        1.446599960327148
        2.021100044250488
   6.384999752044678E-001
  -7.027000188827515E-001
       -1.134400010108948
  -7.111999988555908E-001
  -6.480000168085098E-002
   7.064999938011169E-001
  -3.480000048875809E-002
        1.123200058937073
        1.960000038146973
        2.806400060653687
        1.691100001335144
        2.049900054931641
        2.484400033950806
        3.320600032806397
        2.206599950790405
        1.092800021171570
  -1.412000060081482E-001
  -2.825999855995178E-001
       -1.092599987983704
  -2.437999993562698E-001
  -9.848999977111816E-001
   5.677000284194946E-001
  -2.797999978065491E-001
        1.279899954795837
   3.682999908924103E-001
   7.286000251770020E-001
        3.321700096130371
        2.323100090026856
        4.396800041198731
        1.913100004196167
  -7.846000194549561E-001
       -1.287799954414368
   1.181000024080277E-001
  -6.570000201463699E-002
  -5.649999901652336E-002
  -8.514999747276306E-001
       -1.063599944114685
  -7.245000004768372E-001
       -1.960999965667725
   4.500000178813934E-002
   2.827000021934509E-001
  -1.850000023841858E-001
  -1.325999945402145E-001
       -1.014899969100952
       -1.866700053215027
       -2.353399991989136
  -4.600999951362610E-001
       -2.635799884796143
       -1.874199986457825
       -1.645300030708313
  -8.076999783515930E-001
       -1.543400049209595
       -2.795900106430054
       -1.210800051689148
  -7.429000139236450E-001
        4.513199806213379
        4.989900112152100
        2.941099882125855
        3.570499897003174
        3.519099950790405
        1.494500041007996
  -2.678999900817871E-001
  -4.386999905109406E-001
       -1.583299994468689
        1.197800040245056
        1.691100001335144
   4.919999837875366E-002
   9.487000107765198E-001
        1.978299975395203
        3.935499906539917
        3.210900068283081
        3.186800003051758
        3.123199939727783
        4.577899932861328
        2.757299900054932
        1.697800040245056
  -7.566000223159790E-001
       -1.497900009155273
  -4.855999946594238E-001
       -1.469400048255920
  -5.530000105500221E-002
   8.209999799728394E-001
   3.959999978542328E-002
   5.378000140190125E-001
   9.247999787330627E-001
        1.040599942207336
        3.981499910354614
        3.076900005340576
        1.663599967956543
        2.144500017166138
        1.679499983787537
  -2.937000095844269E-001
        1.186100006103516
   1.489000022411346E-001
  -6.814000010490418E-001
       -1.248800039291382
   1.027000024914742E-001
   6.863999962806702E-001
       -1.257400035858154
   2.300000051036477E-003
  -9.998999834060669E-001
  -3.734999895095825E-001
       -1.502900004386902
       -2.737799882888794
       -2.119499921798706
       -2.355799913406372
       -2.968300104141235
       -2.831500053405762
  -5.855000019073486E-001
  -8.605999946594238E-001
  -6.017000079154968E-001
   2.135999947786331E-001
  -1.536999940872192E-001
       -1.210700035095215
       -1.050999999046326
        4.498600006103516
        3.537199974060059
        3.226799964904785
        4.582099914550781
        3.623600006103516
        3.169699907302856
        1.481899976730347
  -4.722999930381775E-001
       -1.021800041198731
        1.903900027275085
        1.227599978446960
        2.313899993896484
        3.480499982833862
        2.416599988937378
        2.838399887084961
        2.184999942779541
        1.495599985122681
        3.579600095748901
        3.738800048828125
        3.400799989700317
   8.040999770164490E-001
   3.720000088214874E-001
   8.432000279426575E-001
   6.855999827384949E-001
  -6.722999811172485E-001
  -5.429999902844429E-002
   1.930000074207783E-002
  -7.002000212669373E-001
   3.292999863624573E-001
   9.955999851226807E-001
        3.532900094985962
        2.888600111007690
        3.019799947738648
        2.443500041961670
        2.584500074386597
        2.047499895095825
   9.160000085830689E-001
  -4.975999891757965E-001
  -6.804999709129334E-001
  -9.210000187158585E-002
  -3.009999915957451E-002
       -1.197999954223633
  -5.296000242233276E-001
       -1.503999948501587
        2.008399963378906
   5.077999830245972E-001
  -1.625999957323074E-001
  -9.509999752044678E-001
       -1.932800054550171
  -7.422000169754028E-001
  -5.504000186920166E-001
       -1.973000049591065
       -1.222699999809265
  -9.420000016689301E-002
  -7.504000067710877E-001
        1.256100058555603
   5.113999843597412E-001
  -1.472000032663345E-001
   7.717999815940857E-001
  -7.566000223159790E-001
        2.331500053405762
        3.095400094985962
        2.133100032806397
        4.525800228118897
        2.095700025558472
        1.070999979972839
        1.835600018501282
   5.220999717712402E-001
        2.283900022506714
        1.636500000953674
        2.138299942016602
        2.434499979019165
        4.223400115966797
        2.527600049972534
        1.638499975204468
        1.587299942970276
        4.057000160217285
        3.406300067901611
        4.755300045013428
        3.276900053024292
        2.874000072479248
        2.546499967575073
        2.565599918365479
        1.594599962234497
        1.579100012779236
       -1.135400056838989
   8.900000154972076E-002
        1.241400003433228
   4.566000103950501E-001
        1.630800008773804
        1.705199956893921
   4.704999923706055E-001
   9.580000042915344E-001
   5.284000039100647E-001
   7.329999655485153E-002
  -5.600000172853470E-002
        1.747499942779541
        2.438199996948242
        1.471500039100647
        2.243299961090088
   1.726000010967255E-001
  -8.666999936103821E-001
  -5.770999789237976E-001
   3.262999951839447E-001
        1.754799962043762
        1.287299990653992
        2.142100095748901
   4.907000064849854E-001
   6.779999732971191E-001
  -3.116999864578247E-001
   1.180000044405460E-002
   7.190999984741211E-001
        1.039399981498718
  -3.894999921321869E-001
        1.123200058937073
        2.218300104141235
        2.900300025939941
        1.542500019073486
        2.091300010681152
   8.072000145912170E-001
        2.270299911499023
        3.672699928283691
        1.097399950027466
        1.468500018119812
        3.797600030899048
        3.261499881744385
        1.121600031852722
  -3.835999965667725E-001
        1.396700024604797
        1.669100046157837
  -2.479999959468842E-001
        2.796700000762940
        1.995599985122681
        1.887799978256226
        2.462199926376343
        3.605600118637085
        1.549800038337708
        2.497999906539917
        3.411900043487549
        2.944700002670288
        2.282399892807007
  -1.269000023603439E-001
   6.865000128746033E-001
  -3.030000068247318E-002
   9.672999978065491E-001
   5.695999860763550E-001
   1.791999936103821E-001
        1.492599964141846
        1.125699996948242
        1.217399954795837
        1.028800010681152
  -4.399999976158142E-002
       -1.293499946594238
       -1.864599943161011
  -5.637999773025513E-001
   2.500000000000000E-001
        1.836400032043457
   4.309999942779541E-001
        1.642600059509277
        2.415400028228760
        1.583299994468689
  -2.879000008106232E-001
       -1.255499958992004
   2.018000036478043E-001
  -1.316000074148178E-001
   2.694000005722046E-001
  -2.820000052452087E-001
   3.617999851703644E-001
        1.180799961090088
  -9.492999911308289E-001
  -7.602000236511231E-001
   5.907999873161316E-001
   8.560000061988831E-001
   1.615000069141388E-001
        2.482800006866455
        3.440700054168701
        3.860899925231934
        4.006299972534180
        2.496500015258789
        1.539299964904785
        3.208600044250488
        2.036999940872192
  -1.208999976515770E-001
   5.200000107288361E-002
        1.490100026130676
        1.144600033760071
        2.003200054168701
  -4.293000102043152E-001
  -6.988999843597412E-001
   1.430999934673309E-001
        1.215399980545044
        2.303499937057495
        2.566800117492676
        3.497299909591675
        2.161700010299683
        4.357800006866455
        2.880599975585938
        2.405299901962280
        1.710199952125549
        1.903499960899353
        1.248700022697449
        2.296299934387207
        2.036700010299683
        1.252799987792969
   3.562999963760376E-001
        1.250599980354309
  -1.310000009834766E-002
   9.664000272750855E-001
   9.463999867439270E-001
        2.863800048828125
        2.112999916076660
  -7.597000002861023E-001
       -3.091000080108643
       -2.119999885559082
       -2.050199985504150
   8.033999800682068E-001
        1.132799983024597
        1.819300055503845
        2.431799888610840
        1.927500009536743
  -8.044999837875366E-001
  -6.596999764442444E-001
        1.258399963378906
   9.369999915361404E-002
        1.252200007438660
   5.332999825477600E-001
   9.610999822616577E-001
        1.141899943351746
   9.154000282287598E-001
       -1.407299995422363
  -5.346999764442444E-001
        1.993399977684021
        2.508300065994263
        2.309499979019165
   3.109999932348728E-002
        3.316699981689453
        3.502799987792969
        2.766099929809570
        1.218099951744080
  -5.216000080108643E-001
        1.185099959373474
   4.277999997138977E-001
        1.960199952125549
   7.259999960660934E-002
   5.634999871253967E-001
  -1.350000035017729E-002
        1.878000020980835
   8.088999986648560E-001
   5.040000006556511E-002
   9.222000241279602E-001
        1.717499971389771
        2.617300033569336
   5.052000284194946E-001
        1.191699981689453
   4.785999953746796E-001
        1.385800004005432
   4.577000141143799E-001
        1.576699972152710
  -8.537999987602234E-001
        2.506000041961670
        2.904500007629395
        2.593800067901611
        1.690700054168701
   9.884999990463257E-001
  -6.650000065565109E-002
   6.603999733924866E-001
        1.529999971389771
        1.768700003623962
        2.013700008392334
        1.940500020980835
        2.264499902725220
   7.743999958038330E-001
   1.850000023841858E-001
   9.606999754905701E-001
        2.247299909591675
        2.174599885940552
        1.629199981689453
        1.934200048446655
   7.739999890327454E-002
  -2.268999963998795E-001
   4.232000112533569E-001
   5.659999847412109E-001
   4.458000063896179E-001
   9.542000293731690E-001
   7.857999801635742E-001
   2.991000115871429E-001
   6.927000284194946E-001
        1.471400022506714
   9.751999974250794E-001
   6.523000001907349E-001
   1.586000025272369E-001
        2.610500097274780
        1.449699997901917
  -1.128999963402748E-001
  -2.784999907016754E-001
        4.413400173187256
        2.793900012969971
        1.656499981880188
   5.746999979019165E-001
       -1.052000045776367
        1.821499943733215
        1.364199995994568
        1.014299988746643
       -1.156299948692322
       -1.824200034141541
   3.770000115036964E-002
   3.492000102996826E-001
   1.530999988317490E-001
  -4.729999899864197E-001
        1.105299949645996
        1.747400045394898
   2.116000056266785E-001
       -1.645400047302246
  -8.342000246047974E-001
  -4.999999888241291E-003
  -8.744000196456909E-001
       -1.458400011062622
       -2.079299926757813
  -1.495999991893768E-001
   6.010000035166740E-002
   2.885999977588654E-001
  -1.218999996781349E-001
  -6.970999836921692E-001
       -2.444700002670288
  -3.016000092029572E-001
   4.526999890804291E-001
        1.073300004005432
   8.978000283241272E-001
        1.508800029754639
        2.122600078582764
        2.620100021362305
        1.986700057983398
        1.048400044441223
        1.352200031280518
   8.892999887466431E-001
   5.605999827384949E-001
        1.207000017166138
  -1.495999991893768E-001
   6.420000195503235E-001
   9.307000041007996E-001
   9.538999795913696E-001
   8.122000098228455E-001
   1.579999923706055E-002
   2.381000071763992E-001
        2.006000041961670
        1.209200024604797
        2.387599945068359
        2.101200103759766
        1.170300006866455
   1.890999972820282E-001
        1.074499964714050
        1.574900031089783
        1.367300033569336
       -1.296200037002564
  -8.561000227928162E-001
        2.463999986648560
        3.528399944305420
        1.007200002670288
   9.531000256538391E-001
  -3.731000125408173E-001
