  -5.238999724388123E-001
        1.300199985504150
        1.513700008392334
   4.106000065803528E-001
        1.536800026893616
        1.018399953842163
        1.451799988746643
        2.279700040817261
        4.426199913024902
        3.847599983215332
        3.152199983596802
        1.521000027656555
   1.074000000953674E-001
       -1.841300010681152
       -2.327500104904175
       -3.518199920654297
       -4.519100189208984
       -4.284599781036377
       -2.658299922943115
       -1.323799967765808
       -2.342700004577637
       -1.488800048828125
  -2.496999949216843E-001
  -8.967000246047974E-001
  -9.028000235557556E-001
       -1.080199956893921
       -1.643800020217896
       -1.786000013351440
   2.935999929904938E-001
  -3.219000101089478E-001
   3.150000050663948E-002
   1.191999986767769E-001
   2.393999993801117E-001
   4.280000030994415E-001
   4.717000126838684E-001
        1.066499948501587
  -4.839999973773956E-002
  -6.658999919891357E-001
       -1.279199957847595
       -2.219599962234497
       -3.056400060653687
       -2.889100074768066
       -2.919199943542481
       -2.690700054168701
  -2.599999904632568E-001
        2.200900077819824
        1.912099957466126
  -1.064999997615814E-001
   6.300000008195639E-003
   3.822000026702881E-001
  -1.193000003695488E-001
  -7.339999824762344E-002
  -4.235000014305115E-001
   9.009000062942505E-001
   1.647000014781952E-001
   1.128000020980835E-001
   4.634999930858612E-001
  -4.080000147223473E-002
       -1.491899967193604
  -7.082999944686890E-001
   7.630000114440918E-001
        1.052000045776367
        2.432399988174439
        1.302700042724609
        1.222100019454956
        1.121500015258789
        1.798200011253357
        1.558899998664856
        2.065299987792969
        2.694499969482422
        2.730000019073486
   4.747999906539917E-001
   5.667999982833862E-001
  -6.736999750137329E-001
       -1.373200058937073
       -1.722399950027466
       -1.248600006103516
       -2.423799991607666
       -1.612800002098084
       -1.908200025558472
       -2.160500049591065
       -2.464099884033203
   1.159999966621399E-001
   2.439000010490418E-001
  -5.903999805450440E-001
  -4.266999959945679E-001
       -1.334100008010864
       -1.209900021553040
  -5.518000125885010E-001
       -1.335600018501282
       -1.483899950981140
  -3.357999920845032E-001
   7.329999655485153E-002
  -7.688999772071838E-001
        1.402899980545044
        1.737300038337708
   3.731999993324280E-001
  -9.969999790191650E-001
       -1.371000051498413
       -2.287899971008301
       -2.868400096893311
       -3.562400102615356
       -3.045799970626831
       -2.602900028228760
   9.854999780654907E-001
        1.249699950218201
        2.529900074005127
   3.217000067234039E-001
       -1.057999968528748
        1.419399976730347
   2.630999982357025E-001
  -5.821999907493591E-001
  -4.359000027179718E-001
  -1.574999988079071E-001
   3.233999907970429E-001
   6.199999898672104E-002
  -1.960999965667725E-001
   6.032000184059143E-001
  -9.205999970436096E-001
  -1.405999958515167E-001
       -1.194599986076355
        1.022199988365173
        2.386499881744385
   2.732999920845032E-001
   4.232999980449677E-001
        2.443099975585938
        1.755900025367737
        1.409600019454956
        2.042200088500977
        2.255000114440918
        3.216300010681152
   4.050000011920929E-001
   1.538999974727631E-001
  -2.660000026226044E-001
  -2.370000034570694E-001
       -1.126799941062927
       -1.409500002861023
  -7.121999859809876E-001
       -1.394400000572205
  -2.391999959945679E-001
  -5.090000107884407E-002
   5.751000046730042E-001
   4.302999973297119E-001
   6.151000261306763E-001
   9.405999779701233E-001
  -4.639999940991402E-002
  -5.959999933838844E-002
  -5.245000123977661E-001
       -1.187000036239624
       -1.040500044822693
   4.120000004768372E-001
   1.789999939501286E-002
        1.090399980545044
        2.300699949264526
        1.095800042152405
   1.826999932527542E-001
        1.609599947929382
  -4.993000030517578E-001
       -2.473799943923950
       -4.514100074768066
       -4.889299869537354
       -3.259099960327148
       -2.230499982833862
       -1.804600000381470
  -1.738999933004379E-001
        1.435099959373474
  -2.662999927997589E-001
  -4.469999969005585E-001
        2.117300033569336
  -7.899999618530273E-003
  -3.145000040531158E-001
       -1.356699943542481
  -3.626999855041504E-001
  -3.519999980926514E-002
   8.220000267028809E-001
   4.336000084877014E-001
  -6.703000068664551E-001
  -9.593999981880188E-001
       -1.192499995231628
   3.194999992847443E-001
       -1.052600026130676
   1.142000034451485E-001
        1.068400025367737
        1.113000035285950
  -1.239999979734421E-001
        1.532999992370606
        2.003999948501587
        2.413899898529053
   9.257000088691711E-001
        1.563199996948242
        1.457900047302246
   5.149999856948853E-001
   5.799999833106995E-001
  -4.146000146865845E-001
   8.069000244140625E-001
   6.808999776840210E-001
  -8.125000000000000E-001
  -7.462999820709229E-001
       -1.644600033760071
        1.257899999618530
        1.213700056076050
        1.299200057983398
   8.158000111579895E-001
   2.673999965190888E-001
   3.953999876976013E-001
   3.167000114917755E-001
   7.779999971389771E-001
   5.011000037193298E-001
   5.705000162124634E-001
   1.394000053405762E-001
        1.231400012969971
        1.349200010299683
        1.897500038146973
        2.400399923324585
        1.838999986648560
       -1.166399955749512
   4.582000076770783E-001
   4.990999996662140E-001
       -2.644799947738648
       -2.898000001907349
       -3.586899995803833
       -3.819400072097778
       -2.517499923706055
       -3.628900051116943
       -1.973099946975708
  -8.126999735832214E-001
   2.610000036656857E-002
  -8.687999844551086E-001
   3.068999946117401E-001
  -4.219999909400940E-001
       -1.472399950027466
       -2.947599887847900
       -1.572900056838989
   9.348999857902527E-001
   4.736999869346619E-001
  -7.608000040054321E-001
       -2.262300014495850
  -2.488999962806702E-001
       -1.238800048828125
   1.708000004291534E-001
  -9.028999805450440E-001
   2.984000146389008E-001
   2.002999931573868E-001
  -1.010999977588654E-001
   7.232999801635742E-001
        1.862699985504150
        1.972599983215332
        1.564900040626526
   5.810999870300293E-001
        1.207499980926514
        1.393399953842163
        1.391800045967102
   2.486000061035156E-001
  -8.453000187873840E-001
  -1.397999972105026E-001
        1.007699966430664
   6.743999719619751E-001
  -1.711000055074692E-001
   5.202999711036682E-001
        1.242900013923645
        3.165499925613403
        2.150099992752075
        2.610899925231934
        2.524399995803833
        1.668400049209595
        2.153700113296509
        1.748299956321716
   9.496999979019165E-001
        1.187600016593933
        1.899500012397766
        1.121399998664856
        1.625200033187866
        1.705999970436096
   9.437000155448914E-001
   1.527000069618225E-001
       -1.939499974250794
       -1.025400042533875
       -1.987699985504150
       -3.137200117111206
       -2.834899902343750
       -3.373100042343140
       -3.884299993515015
       -3.190000057220459
       -2.525799989700317
       -1.537600040435791
  -2.363000065088272E-001
  -8.244000077247620E-001
  -9.713000059127808E-001
   4.923000037670136E-001
  -7.660999894142151E-001
       -2.598500013351440
       -3.460299968719482
       -2.033699989318848
   7.500000298023224E-002
  -7.598000168800354E-001
       -1.052999973297119
       -1.288100004196167
   1.527999937534332E-001
  -6.739000082015991E-001
       -1.456599950790405
       -1.303200006484985
  -8.386999964714050E-001
  -1.217999979853630E-001
  -6.687999963760376E-001
   1.229000017046928E-001
        2.136800050735474
        2.199199914932251
   6.186000108718872E-001
   6.080999970436096E-001
        1.634500026702881
  -1.750999987125397E-001
        1.145599961280823
   1.656000018119812E-001
  -3.790999948978424E-001
   6.717000007629395E-001
        1.338400006294251
   8.737999796867371E-001
        1.850100040435791
   7.810000181198120E-001
   8.601999878883362E-001
        2.853499889373779
        4.092199802398682
        3.396699905395508
        2.473299980163574
        3.178400039672852
        2.453000068664551
        2.013499975204468
        1.626099944114685
   2.449999935925007E-002
        1.189299941062927
        1.373499989509583
   5.184999704360962E-001
   1.140000000596046E-001
   2.600000053644180E-002
   4.160000011324883E-002
       -3.195100069046021
       -1.373299956321716
       -2.444499969482422
       -1.996099948883057
       -3.076499938964844
       -4.010499954223633
       -1.673900008201599
       -2.864300012588501
       -2.039400100708008
       -1.518300056457520
  -3.341999948024750E-001
       -1.373900055885315
   1.289999932050705E-001
   1.957000046968460E-001
       -1.234099984169006
       -1.482499957084656
       -2.649499893188477
       -1.939100027084351
       -1.545400023460388
       -1.475299954414368
  -9.684000015258789E-001
       -2.605700016021729
       -2.190399885177612
       -1.357699990272522
       -1.340399980545044
  -9.272999763488770E-001
  -9.472000002861023E-001
       -1.413800001144409
  -1.307000070810318E-001
        1.320700049400330
        1.322600007057190
   2.655999958515167E-001
        2.364900112152100
        2.819400072097778
   6.284999847412109E-001
  -5.343000292778015E-001
  -2.689999938011169E-001
   4.610000178217888E-002
  -3.088000118732452E-001
   4.848999977111816E-001
        1.764999985694885
   7.164999842643738E-001
  -3.937999904155731E-001
        1.003700017929077
        1.144000053405762
        1.676599979400635
        3.216599941253662
        3.875400066375732
        3.563400030136108
        3.860300064086914
        2.025899887084961
        2.189100027084351
        2.129699945449829
   8.417999744415283E-001
   7.351999878883362E-001
        1.056900024414063
   7.845000028610230E-001
   5.220999717712402E-001
       -1.365800023078919
       -1.492300033569336
       -1.076400041580200
       -1.241700053215027
       -2.718400001525879
       -2.849600076675415
       -1.924499988555908
       -3.539900064468384
       -3.251300096511841
       -1.374300003051758
  -1.064999997615814E-001
  -1.959999948740006E-001
   3.934000134468079E-001
   5.040000081062317E-001
  -3.375000059604645E-001
   3.980999886989594E-001
   2.649999856948853E-001
       -1.386299967765808
       -1.572199940681458
  -7.458000183105469E-001
       -1.269899964332581
  -4.591000080108643E-001
       -1.779500007629395
       -2.591000080108643
       -2.275799989700317
       -3.087199926376343
       -2.146699905395508
  -9.304999709129334E-001
  -9.097999930381775E-001
       -1.967399954795837
       -1.072399973869324
        2.213700056076050
   7.325000166893005E-001
        1.261899948120117
        2.701499938964844
        3.673099994659424
        1.650599956512451
  -1.474999934434891E-001
  -2.039999961853027E-001
   1.836999952793121E-001
  -6.797000169754028E-001
        1.342100024223328
        1.716500043869019
        1.278300046920776
       -1.078799962997437
   7.440000027418137E-002
   3.030000068247318E-002
        1.361700057983398
        1.652899980545044
        2.246200084686279
        2.371900081634522
        3.502899885177612
        3.903199911117554
        3.126699924468994
        2.506500005722046
        1.002699971199036
   7.466999888420105E-001
  -1.080000028014183E-002
  -9.559999704360962E-001
       -1.865000009536743
       -2.261499881744385
       -3.273600101470947
       -3.734299898147583
       -1.481099963188171
       -1.626099944114685
       -1.916900038719177
       -2.985899925231934
       -3.570699930191040
       -2.041899919509888
  -3.591000139713287E-001
   8.993999958038330E-001
        1.467399954795837
   8.325999975204468E-001
  -3.671999871730804E-001
        1.659100055694580
        1.023399949073792
   9.108999967575073E-001
  -2.903999984264374E-001
  -4.614000022411346E-001
  -5.019000172615051E-001
   4.955999851226807E-001
  -5.231000185012817E-001
  -8.952999711036682E-001
       -2.015799999237061
       -2.341300010681152
       -1.686900019645691
       -2.409399986267090
  -8.026000261306763E-001
  -7.376999855041504E-001
  -4.311999976634979E-001
  -8.330000191926956E-002
   6.412000060081482E-001
        2.532299995422363
        3.090100049972534
        3.781199932098389
        2.924200057983398
        1.943099975585938
   7.106000185012817E-001
   7.271000146865845E-001
   7.202000021934509E-001
   2.363999933004379E-001
        1.248999953269959
        1.885300040245056
   5.609999969601631E-002
  -1.833000034093857E-001
   9.879999756813049E-001
        2.047899961471558
        1.268200039863586
        2.611599922180176
        4.111700057983398
        4.448800086975098
        4.729899883270264
        3.456599950790405
        3.466599941253662
        3.073100090026856
        1.684800028800964
        1.823500037193298
   1.710000075399876E-002
       -1.903599977493286
       -2.360599994659424
       -3.276999950408936
       -4.305600166320801
       -2.404000043869019
  -9.948999881744385E-001
       -3.802200078964233
       -2.794399976730347
       -3.032099962234497
       -3.772399902343750
       -3.913800001144409
       -2.005800008773804
  -2.556999921798706E-001
        2.130000114440918
        1.066900014877319
   5.139999985694885E-001
        2.055200099945068
        2.258500099182129
        1.359099984169006
        1.424299955368042
  -8.439000248908997E-001
       -2.007899999618530
       -2.404700040817261
   7.189000248908997E-001
  -7.954000234603882E-001
       -2.237299919128418
       -1.078999996185303
  -8.923000097274780E-001
       -1.137599945068359
   3.447999954223633E-001
       -1.030900001525879
  -5.794000029563904E-001
   4.517000019550324E-001
   1.994999945163727E-001
        1.752300024032593
        1.783699989318848
        3.607599973678589
        2.904500007629395
        2.564500093460083
        2.014899969100952
        1.425600051879883
        2.222199916839600
  -8.018000125885010E-001
   5.784999728202820E-001
        1.963099956512451
   2.777000069618225E-001
  -3.449000120162964E-001
  -3.364999890327454E-001
   6.513000130653381E-001
        1.791900038719177
        2.934499979019165
        2.697499990463257
        3.727900028228760
        2.475600004196167
        3.204200029373169
        2.314300060272217
        2.683399915695190
        1.132699966430664
        1.376199960708618
       -1.017199993133545
       -1.446599960327148
       -3.027400016784668
       -2.853100061416626
       -2.738600015640259
       -1.757799983024597
  -7.700999975204468E-001
       -3.752500057220459
       -3.787499904632568
       -4.445499897003174
       -3.161999940872192
       -3.751499891281128
       -3.946700096130371
       -1.915099978446960
   4.916000068187714E-001
        1.043099999427795
  -6.800000369548798E-002
   7.868999838829041E-001
   4.832000136375427E-001
  -2.749999985098839E-002
  -8.848000168800354E-001
       -1.142300009727478
  -7.706999778747559E-001
       -1.219699978828430
  -9.660000205039978E-001
       -2.056600093841553
       -1.851099967956543
  -3.152000010013580E-001
   4.990999996662140E-001
  -5.012000203132629E-001
  -5.702000260353088E-001
  -9.480000138282776E-001
  -3.991000056266785E-001
  -6.923000216484070E-001
  -5.339999869465828E-002
  -1.430999934673309E-001
        1.122900009155273
        3.253099918365479
        3.090699911117554
        3.550699949264526
   8.610000014305115E-001
        1.727300047874451
        2.731699943542481
  -7.329999655485153E-002
        1.366700053215027
        1.411999940872192
   7.835999727249146E-001
  -7.993999719619751E-001
   1.080000028014183E-001
        1.438300013542175
        2.123199939727783
        2.488699913024902
        3.046400070190430
        1.704100012779236
        1.955999970436096
        1.467300057411194
        1.458500027656555
        2.276799917221069
        1.657400012016296
  -7.370000332593918E-002
       -1.915099978446960
       -1.209900021553040
       -1.625599980354309
       -1.272400021553040
       -2.840399980545044
  -7.612000107765198E-001
       -2.502300024032593
       -4.550199985504150
       -3.905499935150147
       -4.079999923706055
       -3.477299928665161
       -1.720499992370606
       -1.993000030517578
  -4.541000127792358E-001
  -3.585000038146973E-001
  -4.559000134468079E-001
  -6.434999704360962E-001
   7.933999896049500E-001
  -3.400000184774399E-002
  -9.818999767303467E-001
       -1.752400040626526
  -7.527999877929688E-001
  -3.183999955654144E-001
  -2.155999988317490E-001
  -1.539999991655350E-001
  -2.897000014781952E-001
        1.095900058746338
   7.853999733924866E-001
        1.078899979591370
   7.886000275611877E-001
   2.669999897480011E-001
  -3.871000111103058E-001
  -2.234999984502792E-001
  -7.415999770164490E-001
        1.127799987792969
        1.550999999046326
        4.381199836730957
        3.100699901580811
        2.849999904632568
        3.210400104522705
        1.739799976348877
        1.838899970054627
        1.746099948883057
   6.593999862670898E-001
       -1.758499979972839
       -1.178799986839294
  -7.207000255584717E-001
  -8.633999824523926E-001
   6.920999884605408E-001
        1.106600046157837
        1.104300022125244
   9.686999917030335E-001
        1.385800004005432
        1.060799956321716
   9.689999818801880E-001
   9.941999912261963E-001
   3.542000055313110E-001
   6.751000285148621E-001
        1.256700038909912
  -4.783000051975250E-001
       -1.816499948501587
  -7.243000268936157E-001
  -4.298000037670136E-001
       -2.132499933242798
       -2.016000032424927
       -2.538700103759766
       -3.440399885177612
       -3.879400014877319
       -3.295700073242188
       -3.606899976730347
       -2.182100057601929
  -9.498999714851379E-001
       -1.123800039291382
  -7.243000268936157E-001
  -4.693000018596649E-001
  -4.938000142574310E-001
   5.260999798774719E-001
   3.799999952316284E-001
   5.701000094413757E-001
       -1.123499989509583
       -1.304700016975403
  -4.045000076293945E-001
   4.514000117778778E-001
   7.735999822616577E-001
  -1.330000013113022E-001
   6.585999727249146E-001
   3.486000001430512E-001
        1.222399950027466
   4.809999838471413E-002
   4.884999990463257E-001
       -1.116199970245361
   1.600999981164932E-001
        1.028300046920776
   4.208000004291534E-001
        3.023699998855591
        3.068200111389160
        4.033199787139893
        4.511600017547607
        3.806099891662598
        2.655299901962280
        1.640900015830994
   9.865000247955322E-001
        1.422899961471558
       -1.247499942779541
       -2.059999942779541
       -2.589499950408936
       -1.813699960708618
       -2.842299938201904
       -1.398200035095215
       -1.601799964904785
  -7.140000164508820E-002
   5.924999713897705E-001
   4.969999939203262E-002
   6.787999868392944E-001
  -3.671000003814697E-001
        1.644999980926514
   2.318000048398972E-001
  -3.032000064849854E-001
   5.374000072479248E-001
       -1.128800034523010
  -5.167000293731690E-001
  -7.390999794006348E-001
   6.929000020027161E-001
       -1.336599946022034
       -1.191599965095520
       -1.356999993324280
       -2.594300031661987
       -3.506000041961670
       -2.101999998092651
       -1.624400019645691
       -2.370399951934815
   2.232999950647354E-001
       -1.138299942016602
       -1.109400033950806
        1.153699994087219
  -6.582999825477600E-001
  -6.607999801635742E-001
   6.889999657869339E-002
       -1.337000012397766
       -2.829900026321411
       -2.072400093078613
   5.587999820709229E-001
   9.862999916076660E-001
  -7.634999752044678E-001
   3.088000118732452E-001
        1.619400024414063
   9.205999970436096E-001
   1.689999923110008E-002
  -4.151999950408936E-001
   3.880999982357025E-001
  -1.470000017434359E-002
        1.085199952125549
   5.734999775886536E-001
   9.161000251770020E-001
        1.906800031661987
        2.736900091171265
        2.835299968719482
        2.963399887084961
        2.975500106811523
        3.493799924850464
        2.986299991607666
        2.970599889755249
        2.412100076675415
   2.070000022649765E-001
       -2.110500097274780
       -2.569099903106690
       -2.078500032424927
       -2.448699951171875
       -2.789499998092651
       -2.281599998474121
       -1.315700054168701
       -1.350399971008301
       -1.417000055313110
       -1.329699993133545
   2.221000045537949E-001
        1.572499990463257
        1.115900039672852
   9.419999718666077E-001
   4.505000114440918E-001
   1.200000010430813E-002
  -1.212000027298927E-001
   6.621000170707703E-001
  -2.635999917984009E-001
   3.253999948501587E-001
   2.913999855518341E-001
  -8.795999884605408E-001
       -2.097700119018555
       -1.343600034713745
       -1.843199968338013
       -1.032600045204163
  -5.644000172615051E-001
  -1.020000036805868E-002
   3.186999857425690E-001
   1.939000040292740E-001
  -6.866999864578247E-001
       -1.443400025367737
  -4.995999932289124E-001
   7.946000099182129E-001
   6.680999994277954E-001
   2.255000025033951E-001
       -1.379699945449829
   1.256999969482422E-001
  -1.803999990224838E-001
       -1.286900043487549
       -1.353999972343445
  -5.289999842643738E-001
   2.180000022053719E-002
       -1.105200052261353
       -2.118900060653687
       -1.376799941062927
        1.378000020980835
        2.171099901199341
   7.214999794960022E-001
   8.694999814033508E-001
   9.417999982833862E-001
   1.209999993443489E-002
   8.633999824523926E-001
        3.160300016403198
        4.157800197601318
        3.116800069808960
        3.353300094604492
        2.532999992370606
        1.436599969863892
   6.768000125885010E-001
       -1.672500014305115
       -2.824199914932251
       -1.172899961471558
       -2.146699905395508
       -2.447099924087524
       -1.785599946975708
       -1.155699968338013
   2.610000073909760E-001
   4.384999871253967E-001
   3.406000137329102E-001
       -1.249199986457825
   4.948000013828278E-001
  -7.943000197410584E-001
   2.969000041484833E-001
       -1.042999982833862
  -6.140000224113464E-001
  -2.852999866008759E-001
  -3.312999904155731E-001
   1.878000050783157E-001
       -1.114599943161011
   8.185999989509583E-001
  -3.454000055789948E-001
       -1.262699961662293
       -2.719899892807007
       -1.639999985694885
  -6.417999863624573E-001
  -7.259999960660934E-002
   6.341000199317932E-001
   3.265999853610992E-001
   2.370000071823597E-002
  -7.027000188827515E-001
  -5.609999969601631E-002
  -7.023000121116638E-001
  -6.701999902725220E-001
   5.909000039100647E-001
       -1.118700027465820
  -4.729000031948090E-001
       -1.060600042343140
       -1.913200020790100
   1.564999967813492E-001
       -1.020400047302246
  -9.610000252723694E-001
   3.289999961853027E-001
  -1.146000027656555E-001
       -1.571900010108948
       -1.863700032234192
   7.299000024795532E-001
        1.475800037384033
        1.166300058364868
       -1.187199950218201
       -1.532099962234497
  -1.206000000238419E-001
   6.151999831199646E-001
        1.199399948120117
        3.577399969100952
        2.616100072860718
        3.508699893951416
        3.713900089263916
        3.066800117492676
  -4.047000110149384E-001
   4.656000137329102E-001
  -5.327000021934509E-001
  -2.317000031471252E-001
       -2.332499980926514
       -1.912500023841858
       -1.171800017356873
  -7.983000278472900E-001
       -1.199599981307983
  -4.765999913215637E-001
  -8.704000115394592E-001
       -1.328999996185303
       -2.667700052261353
  -7.221999764442444E-001
       -1.012599945068359
       -1.959599971771240
  -3.154999911785126E-001
   4.657999873161316E-001
   9.316999912261963E-001
        1.071099996566773
   4.557000100612640E-001
   1.359000056982040E-001
  -2.425000071525574E-001
  -8.159000277519226E-001
       -1.748100042343140
       -1.621399998664856
  -8.608999848365784E-001
       -1.341799974441528
  -2.698999941349030E-001
        1.275300025939941
  -7.612000107765198E-001
       -1.833199977874756
  -2.662000060081482E-001
        1.125200033187866
   3.515000045299530E-001
  -8.190000057220459E-002
       -1.127400040626526
       -1.555699944496155
       -1.404500007629395
  -7.239000201225281E-001
       -1.139299988746643
       -1.735399961471558
  -8.090999722480774E-001
  -3.542000055313110E-001
  -5.139999836683273E-002
       -1.322499990463257
       -1.698300004005432
  -3.704999983310700E-001
   5.810000002384186E-002
   5.759999752044678E-001
  -5.561000108718872E-001
       -1.465299963951111
  -6.841999888420105E-001
   2.460000067949295E-001
   8.269000053405762E-001
        1.440600037574768
        1.880599975585938
        2.981899976730347
        2.717700004577637
        2.574800014495850
        1.383299946784973
        1.201799988746643
  -6.574000120162964E-001
  -6.254000067710877E-001
       -1.490800023078919
       -2.395800113677979
       -1.018700003623962
       -1.085899949073792
   3.264999985694885E-001
  -3.059999942779541E-001
  -7.626000046730042E-001
       -1.971600055694580
       -1.468199968338013
   8.009999990463257E-002
   2.583999931812286E-001
  -6.765000224113464E-001
  -2.291000038385391E-001
   9.246000051498413E-001
        1.939499974250794
   6.618000268936157E-001
        1.504799962043762
   2.469999939203262E-001
   1.010000035166740E-001
   3.339999914169312E-001
  -7.663999795913696E-001
  -5.261999964714050E-001
       -2.819799900054932
       -2.329499959945679
       -1.721699953079224
       -1.097100019454956
  -7.182000279426575E-001
   4.589999914169312E-001
       -1.606899976730347
       -1.128299951553345
  -6.633999943733215E-001
  -9.782999753952026E-001
  -6.279999762773514E-002
  -3.662999868392944E-001
  -5.008999705314636E-001
       -2.067500114440918
  -9.955000281333923E-001
       -1.454900026321411
  -7.573999762535095E-001
       -1.249699950218201
  -2.169000059366226E-001
  -5.779999867081642E-002
       -1.842000007629395
        1.755300045013428
   3.585000038146973E-001
  -4.693999886512756E-001
       -2.272399902343750
  -3.650999963283539E-001
   5.816000103950501E-001
   1.733999997377396E-001
   3.054000139236450E-001
   5.860000252723694E-001
        1.847300052642822
        2.249700069427490
        2.578799962997437
   9.911000132560730E-001
   5.868999958038330E-001
        1.744699954986572
  -4.857000112533569E-001
  -8.686000108718872E-001
       -1.009999990463257
       -1.302500009536743
       -1.501299977302551
  -5.350000262260437E-001
  -1.912000030279160E-001
   6.030000001192093E-002
       -1.419800043106079
       -1.366400003433228
  -7.778999805450440E-001
  -2.899999916553497E-002
        1.659600019454956
        1.174000024795532
   4.960000142455101E-002
        1.067999958992004
   3.454999923706055E-001
   5.547999739646912E-001
        1.100200057029724
   2.876000106334686E-001
  -5.095999836921692E-001
   1.001000031828880E-001
  -3.278000056743622E-001
       -2.568900108337402
       -2.872499942779541
       -2.006299972534180
       -1.513599991798401
       -1.129799962043762
        1.435400009155273
   9.210000038146973E-001
  -2.556000053882599E-001
       -1.034500002861023
  -6.869000196456909E-001
  -5.493999719619751E-001
  -4.706000089645386E-001
       -1.351199984550476
       -1.562399983406067
  -9.458000063896179E-001
  -6.819000244140625E-001
  -9.812999963760376E-001
   1.293999999761581E-001
       -1.358999967575073
   1.119999960064888E-002
   1.288000047206879E-001
  -1.953999996185303E-001
        1.745599985122681
   2.413000017404556E-001
  -5.551999807357788E-001
  -1.322000026702881E-001
   7.408999800682068E-001
        1.214900016784668
   6.798999905586243E-001
   1.793999969959259E-001
        1.491899967193604
        1.538900017738342
        2.090500116348267
        1.654199957847595
        2.997900009155273
        2.458400011062622
        2.093199968338013
        1.661499977111816
        1.230100035667419
  -6.628000140190125E-001
       -1.542999982833862
  -1.350000053644180E-001
   3.273000121116638E-001
   1.885000020265579E-001
  -8.281000256538391E-001
  -8.920000195503235E-001
  -4.363000094890595E-001
        1.312000036239624
        2.044699907302856
   9.559000134468079E-001
        1.134799957275391
        2.274800062179565
        1.432100057601929
        1.349099993705750
   7.483999729156494E-001
   6.130999922752380E-001
  -8.830999732017517E-001
  -2.964999973773956E-001
   4.945000112056732E-001
   8.795999884605408E-001
  -2.152000069618225E-001
       -1.728800058364868
       -3.032500028610230
       -2.003200054168701
       -1.343999981880188
  -8.003000020980835E-001
   6.669999957084656E-001
   1.691000014543533E-001
  -8.163999915122986E-001
       -1.498200058937073
       -1.099799990653992
  -6.123999953269959E-001
  -3.289000093936920E-001
       -1.872799992561340
  -1.622000038623810E-001
  -3.693000078201294E-001
       -1.018700003623962
        1.243100047111511
        1.518100023269653
        1.686400055885315
   9.467999935150147E-001
  -8.909000158309937E-001
   6.920999884605408E-001
  -2.906000018119812E-001
   4.320000112056732E-001
  -7.455999851226807E-001
   9.943000078201294E-001
   5.569000244140625E-001
   7.652000188827515E-001
  -3.170999884605408E-001
   9.782000184059143E-001
  -3.837000131607056E-001
        1.357100009918213
        2.886699914932251
        2.552900075912476
        3.524600028991699
        1.250499963760376
   2.309999987483025E-002
  -3.675999939441681E-001
       -2.991199970245361
       -2.176399946212769
       -1.947800040245056
  -7.739999890327454E-001
       -1.080299973487854
  -7.867000102996826E-001
  -3.605000078678131E-001
       -1.654000043869019
        1.545899987220764
        2.447299957275391
        2.874000072479248
        1.898300051689148
        1.649700045585632
        2.021699905395508
        2.766400098800659
        3.027400016784668
        1.761899948120117
   3.939000070095062E-001
   9.235000014305115E-001
   3.030000068247318E-002
  -3.375999927520752E-001
       -1.120499968528748
       -1.840000033378601
       -2.144299983978272
       -2.921900033950806
       -2.331700086593628
       -1.028599977493286
        1.452900052070618
        1.067700028419495
   2.178999930620194E-001
   2.413000017404556E-001
  -1.959999948740006E-001
  -8.235999941825867E-001
  -9.477999806404114E-001
       -1.489599943161011
       -1.855700016021729
   5.479000210762024E-001
  -4.647000133991242E-001
   3.468999862670898E-001
        1.380200028419495
   7.580000162124634E-002
   2.181999981403351E-001
       -1.421700000762940
       -1.416800022125244
  -2.036000043153763E-001
   1.880999952554703E-001
   5.825999975204468E-001
   9.790000319480896E-002
       -1.948899984359741
  -9.743000268936157E-001
   6.528000235557556E-001
   2.779999971389771E-001
  -1.938000023365021E-001
        1.073600053787231
        2.021600008010864
        1.033699989318848
        1.801300048828125
        1.785300016403198
   6.970999836921692E-001
       -1.074000000953674
       -1.131199955940247
       -3.145499944686890
       -2.000400066375732
       -1.399099946022034
  -8.077999949455261E-001
  -1.942999958992004E-001
  -3.799999952316284E-001
  -4.442999958992004E-001
        2.060499906539917
        2.618799924850464
        2.650899887084961
        3.737499952316284
        2.811500072479248
        4.643000125885010
        4.068799972534180
        1.646299958229065
        2.355600118637085
        2.298599958419800
   4.196999967098236E-001
   3.700000047683716E-001
  -9.531999826431274E-001
       -1.063300013542175
       -2.261800050735474
       -2.931499958038330
       -2.783299922943115
       -2.461499929428101
   2.274000048637390E-001
        2.038199901580811
        1.765200018882752
        1.026000022888184
  -4.830999970436096E-001
       -1.927500009536743
       -1.474499940872192
       -2.237499952316284
       -1.350800037384033
  -4.532999992370606E-001
       -1.403800010681152
  -4.341000020503998E-001
  -5.048000216484070E-001
  -8.054000139236450E-001
   3.158000111579895E-001
  -4.842999875545502E-001
  -8.679999709129334E-001
       -3.069099903106690
       -2.865900039672852
  -7.372999787330627E-001
  -6.110000014305115E-001
       -1.667700052261353
  -8.022000193595886E-001
  -6.507999897003174E-001
  -6.855999827384949E-001
       -1.273800015449524
       -1.236500024795532
  -9.898999929428101E-001
   4.201000034809113E-001
  -2.031999975442886E-001
        1.823500037193298
        2.103100061416626
        1.225800037384033
   9.689000248908997E-001
  -5.123000144958496E-001
       -1.241500020027161
   2.318000048398972E-001
  -9.380000084638596E-002
  -9.983000159263611E-001
  -2.460000067949295E-001
  -6.096000075340271E-001
  -4.431999921798706E-001
   1.897999942302704E-001
        1.054600000381470
        2.031899929046631
        2.136100053787231
        2.629800081253052
        2.971600055694580
        1.119500041007996
        2.438899993896484
        2.118599891662598
        1.381100058555603
        1.583199977874756
   9.108999967575073E-001
   9.666000008583069E-001
   5.155000090599060E-001
  -4.986000061035156E-001
       -2.072400093078613
       -4.699100017547607
       -3.698800086975098
       -1.486099958419800
       -1.410799980163574
       -1.151299953460693
       -1.321799993515015
  -2.755999863147736E-001
       -1.605100035667419
       -1.572999954223633
  -5.612999796867371E-001
       -2.585099935531616
       -3.725800037384033
       -3.884200096130371
       -2.228600025177002
       -1.010599970817566
  -1.626999974250794E-001
   6.146000027656555E-001
   3.138999938964844E-001
  -5.949000120162964E-001
       -2.296600103378296
       -3.776999950408936
       -2.748399972915649
       -3.016900062561035
  -7.516000270843506E-001
  -1.075000017881393E-001
  -5.271000266075134E-001
       -1.072900056838989
       -1.450999975204468
       -1.892199993133545
       -2.483099937438965
       -2.741499900817871
  -9.455000162124634E-001
   2.099999925121665E-003
       -1.138200044631958
        1.021600008010864
  -4.523999989032745E-001
   4.179999977350235E-002
   6.549000144004822E-001
        1.330999970436096
        2.032000064849854
   1.121999993920326E-001
       -1.281900048255920
       -1.774899959564209
       -1.205500006675720
  -7.045000195503235E-001
   2.847999930381775E-001
   8.310999870300293E-001
   7.990000247955322E-001
   3.528000116348267E-001
        1.312500000000000
   9.799000024795532E-001
        2.759299993515015
        1.154700040817261
        1.248600006103516
        1.659199953079224
        1.616400003433228
        1.071699976921082
  -6.039000153541565E-001
  -9.437000155448914E-001
       -3.625699996948242
       -4.829100131988525
       -3.711699962615967
       -2.901900053024292
       -1.635100007057190
       -2.041899919509888
       -1.827100038528442
       -1.501399993896484
       -2.695699930191040
       -1.625300049781799
  -6.359999775886536E-001
       -3.520100116729736
       -5.345600128173828
       -3.158900022506714
       -1.490399956703186
  -5.137000083923340E-001
   8.079999685287476E-002
  -2.319000065326691E-001
   7.549999654293060E-002
       -1.321300029754639
  -9.356999993324280E-001
       -1.570600032806397
       -3.341799974441528
       -3.176100015640259
       -1.970199942588806
       -1.386500000953674
  -3.971999883651733E-001
       -1.739400029182434
       -1.561400055885315
       -3.082499980926514
       -2.052200078964233
       -2.071199893951416
       -1.220999956130981
       -2.490900039672852
       -1.680400013923645
  -2.266999930143356E-001
   5.034000277519226E-001
  -3.176999986171722E-001
   6.129999831318855E-002
        1.066499948501587
        1.297299981117249
  -1.371999979019165E-001
  -4.909000098705292E-001
       -1.878399968147278
       -3.062099933624268
       -1.880100011825562
  -8.256999850273132E-001
   8.618999719619751E-001
        1.722399950027466
        1.999899983406067
   8.567000031471252E-001
   8.590999841690064E-001
        1.279899954795837
        1.176200032234192
   9.456999897956848E-001
        1.666599988937378
        1.103600025177002
   2.847000062465668E-001
   1.307999938726425E-001
  -6.966999769210815E-001
       -2.402699947357178
       -3.514300107955933
       -2.902899980545044
       -1.728999972343445
       -2.224499940872192
       -1.062999963760376
       -1.585399985313416
       -1.821200013160706
       -2.170399904251099
       -2.950099945068359
       -2.573600053787231
       -2.276299953460693
       -3.803200006484985
       -2.761100053787231
  -6.347000002861023E-001
  -7.638999819755554E-001
   4.740000069141388E-001
   4.320999979972839E-001
   5.774999856948853E-001
  -9.660000354051590E-002
       -2.690599918365479
   2.410999983549118E-001
       -1.202299952507019
       -1.914999961853027
       -2.113800048828125
       -1.137899994850159
   1.878000050783157E-001
   6.858000159263611E-001
       -1.261600017547607
       -2.868299961090088
       -2.413199901580811
       -2.320100069046021
       -1.999600052833557
  -1.732999980449677E-001
  -5.116999745368958E-001
        1.110299944877625
   3.012000024318695E-001
   9.000000357627869E-002
   1.644999980926514E-001
  -1.510000042617321E-002
  -5.339999794960022E-001
       -1.627799987792969
       -2.046600103378296
       -2.826200008392334
  -6.460000276565552E-001
  -4.374000132083893E-001
  -8.173000216484070E-001
  -3.380999863147736E-001
  -5.717999935150147E-001
   8.403999805450440E-001
        1.212700009346008
        1.264000058174133
        1.689900040626526
        1.068500041961670
        1.908200025558472
        2.425499916076660
   9.477000236511231E-001
   7.430999875068665E-001
   8.030999898910523E-001
  -8.384000062942505E-001
  -9.855999946594238E-001
       -2.888099908828735
       -2.817899942398071
       -2.769799947738648
       -2.463700056076050
  -8.177000284194946E-001
       -1.494699954986572
       -1.066699981689453
       -1.324200034141541
       -2.231400012969971
       -2.886100053787231
       -2.811500072479248
       -1.459599971771240
       -1.806599974632263
       -1.297099947929382
  -8.382999897003174E-001
  -5.335000157356262E-001
       -1.229099988937378
       -1.171000003814697
  -7.001000046730042E-001
       -2.169300079345703
  -9.218000173568726E-001
  -8.458999991416931E-001
  -8.820000290870667E-001
       -1.543699979782105
       -1.139700055122376
   3.309000134468079E-001
  -3.310999870300293E-001
   2.242999970912933E-001
       -1.540300011634827
       -2.145900011062622
       -1.918099999427795
       -2.292200088500977
  -6.679999828338623E-001
       -1.527199983596802
   7.425000071525574E-001
        1.216799974441528
        1.807399988174439
   7.000000029802322E-002
  -3.440999984741211E-001
  -2.133000046014786E-001
       -2.644000053405762
       -2.243599891662598
       -1.415099978446960
  -9.800000190734863E-001
  -7.649999856948853E-001
   1.466999948024750E-001
   5.029999837279320E-002
        1.431800007820129
   9.592000246047974E-001
        1.301900029182434
        1.842900037765503
        3.581399917602539
        3.375900030136108
        1.920600056648254
        1.729200005531311
        2.148299932479858
        1.118299961090088
   2.745999991893768E-001
       -1.299800038337708
       -2.009500026702881
       -2.986200094223023
       -2.562599897384644
       -4.083199977874756
       -3.078500032424927
       -2.426399946212769
       -1.495800018310547
       -1.367900013923645
       -2.260600090026856
  -8.418999910354614E-001
       -1.762199997901917
       -2.211600065231323
  -6.959999799728394E-001
   8.689000010490418E-001
  -5.220000147819519E-001
       -1.428300023078919
       -1.340899944305420
  -9.083999991416931E-001
       -1.195299983024597
       -1.446699976921082
       -1.668099999427795
  -9.912999868392944E-001
       -2.166800022125244
  -8.370000123977661E-001
       -1.842900037765503
  -4.162000119686127E-001
       -1.258299946784973
       -1.368399977684021
       -1.764999985694885
  -7.565000057220459E-001
  -5.419999957084656E-001
       -1.363299965858460
  -2.982000112533569E-001
   2.982999980449677E-001
  -3.977999985218048E-001
   6.396999955177307E-001
        1.713600039482117
        2.177299976348877
        2.520299911499023
   9.667000174522400E-001
  -6.528999805450440E-001
  -7.839000225067139E-001
  -9.670000076293945E-001
   1.275999993085861E-001
   1.622000038623810E-001
  -3.375999927520752E-001
  -2.416000068187714E-001
        2.126899957656860
        2.122499942779541
        2.860100030899048
        2.313699960708618
        2.594899892807007
        3.600899934768677
        2.630700111389160
        2.849499940872192
        2.079099893569946
        2.024699926376343
   5.996000170707703E-001
  -8.004999756813049E-001
  -5.593000054359436E-001
       -1.112200021743774
       -2.417399883270264
       -2.853199958801270
       -2.850300073623657
       -3.236999988555908
       -2.710200071334839
       -1.078400015830994
       -2.007200002670288
       -1.670400023460388
       -1.821499943733215
       -3.006799936294556
       -1.773599982261658
   2.079000025987625E-001
   8.210999965667725E-001
   6.909999847412109E-001
       -1.424600005149841
       -2.311100006103516
  -6.428999900817871E-001
       -1.421399950981140
  -8.264999985694885E-001
       -2.628499984741211
       -2.516400098800659
       -2.608500003814697
       -1.889700055122376
  -9.757999777793884E-001
       -1.233999967575073
  -9.498000144958496E-001
  -6.047000288963318E-001
       -1.643900036811829
       -1.567499995231628
  -1.975000053644180E-001
  -3.801000118255615E-001
       -1.180500030517578
   2.369000017642975E-001
   2.053000032901764E-001
   6.133999824523926E-001
   8.751000165939331E-001
        1.572299957275391
        1.079100012779236
  -2.991999983787537E-001
   8.120000362396240E-002
       -1.369600057601929
  -1.832000017166138E-001
        1.881700038909912
        2.665299892425537
        1.485499978065491
        1.174000024795532
        2.287100076675415
        4.262499809265137
        4.301799774169922
        4.253799915313721
        3.824399948120117
        4.097499847412109
        3.595999956130981
        3.100100040435791
        2.249300003051758
        2.195100069046021
   6.327999830245972E-001
  -4.889000058174133E-001
  -7.714999914169312E-001
       -1.397799968719482
       -1.150300025939941
       -2.753200054168701
       -3.085299968719482
       -2.376800060272217
       -1.992300033569336
       -1.175999999046326
       -2.544399976730347
       -2.576699972152710
       -1.775900006294251
       -2.318099975585938
       -2.567100048065186
   2.470999956130981E-001
  -4.589999839663506E-002
   7.383000254631043E-001
   9.989999979734421E-002
   2.763999998569489E-001
   9.019999951124191E-002
   3.659000098705292E-001
  -3.014999926090241E-001
       -3.675899982452393
       -2.805299997329712
       -3.068700075149536
       -1.819599986076355
  -5.450000166893005E-001
  -5.170000195503235E-001
  -5.799999926239252E-003
  -5.149000287055969E-001
  -9.079999923706055E-001
   6.880000233650208E-001
       -1.380399942398071
  -8.805000185966492E-001
  -8.380000293254852E-002
        1.035400032997131
   9.118000268936157E-001
   5.877000093460083E-001
   6.377000212669373E-001
        1.285899996757507
  -2.800000086426735E-002
   4.639999940991402E-002
        1.042400002479553
        1.777300000190735
        2.139600038528442
        2.206000089645386
        2.588599920272827
        1.927600026130676
        1.287799954414368
        2.218100070953369
        2.156199932098389
        2.296900033950806
        4.751800060272217
        4.717599868774414
        4.465300083160400
        3.147599935531616
        2.588399887084961
        1.673200011253357
   7.049000263214111E-001
  -1.581999957561493E-001
   1.150000020861626E-001
   7.310000061988831E-002
       -1.562100052833557
  -4.844999909400940E-001
       -2.879800081253052
       -2.993599891662598
  -9.129999876022339E-001
  -8.608999848365784E-001
       -1.392699956893921
       -2.585099935531616
       -3.002500057220459
       -1.095199942588806
       -1.378600001335144
       -1.002699971199036
       -1.343299984931946
       -1.179299950599670
  -2.610000073909760E-001
   4.304000139236450E-001
  -3.086999952793121E-001
  -9.918000102043152E-001
   5.099999904632568E-001
   8.309999704360962E-001
       -3.640799999237061
       -2.267999887466431
       -3.164499998092651
       -2.408999919891357
  -3.246000111103058E-001
       -1.378399968147278
       -1.272199988365173
  -7.067999839782715E-001
  -2.402999997138977E-001
   4.016000032424927E-001
   2.336000055074692E-001
  -2.500000000000000E-001
  -4.295000135898590E-001
   7.265999913215637E-001
   7.810000330209732E-002
  -2.691999971866608E-001
   3.440000116825104E-002
   4.208000004291534E-001
   4.880999922752380E-001
        1.121399998664856
        1.485700011253357
        2.545099973678589
        2.066699981689453
        2.882499933242798
        2.271800041198731
        1.297399997711182
        1.115300059318543
        1.721400022506714
        1.692999958992004
        1.902899980545044
        4.538599967956543
        4.016900062561035
        3.973400115966797
        2.303299903869629
        1.736199975013733
   7.351999878883362E-001
       -1.072199940681458
  -8.120999932289124E-001
   9.774000048637390E-001
   9.435999989509583E-001
       -1.529899954795837
       -1.852699995040894
  -8.088999986648560E-001
  -5.289000272750855E-001
        1.326799988746643
  -1.671999990940094E-001
  -2.321999967098236E-001
       -2.471999883651733
       -1.742900013923645
       -3.137900114059448
       -1.129199981689453
       -1.115200042724609
  -5.795999765396118E-001
  -1.057000011205673E-001
        1.385800004005432
   1.207000017166138E-001
  -8.402000069618225E-001
       -1.431800007820129
   4.192000031471252E-001
        1.445700049400330
       -1.524500012397766
       -2.502099990844727
       -3.228199958801270
       -1.658800005912781
       -1.697900056838989
       -3.360599994659424
       -2.125200033187866
       -1.173699975013733
  -6.707999706268311E-001
   5.999000072479248E-001
   6.373999714851379E-001
  -6.754000186920166E-001
  -2.910000085830689E-002
  -1.950999945402145E-001
        1.199800014495850
        2.793900012969971
  -7.996000051498413E-001
  -8.228999972343445E-001
  -4.875999987125397E-001
        1.574599981307983
        2.231400012969971
        1.879500031471252
        2.136399984359741
        2.757600069046021
        2.718400001525879
        2.380800008773804
        2.101099967956543
        3.125299930572510
        2.013400077819824
        2.205699920654297
        2.675400018692017
        2.632400035858154
        3.710200071334839
        1.208400011062622
  -1.154000014066696E-001
   5.048999786376953E-001
  -1.404000073671341E-001
   7.055000066757202E-001
        1.536999940872192
   6.051999926567078E-001
  -9.039000272750855E-001
  -7.580000162124634E-001
  -1.228000000119209E-001
   4.539000093936920E-001
        1.072999954223633
        1.785899996757507
   8.845000267028809E-001
   4.919999837875366E-002
  -8.659999966621399E-001
  -6.927999854087830E-001
  -5.857999920845032E-001
  -2.497999966144562E-001
  -4.839999973773956E-002
   5.579000115394592E-001
        1.817100048065186
   7.228000164031982E-001
       -1.136000037193298
       -1.663200020790100
  -5.508999824523926E-001
        1.822100043296814
       -1.722800016403198
       -1.012500047683716
       -1.767300009727478
       -1.826699972152710
       -1.163300037384033
   7.729999721050263E-002
  -4.481000006198883E-001
       -1.921499967575073
       -1.734200000762940
        1.168300032615662
  -1.448000073432922E-001
   1.251000016927719E-001
  -9.738000035285950E-001
       -1.036499977111816
   3.152999877929688E-001
  -2.705999910831451E-001
  -8.150000125169754E-002
  -4.023000001907349E-001
  -8.353000283241272E-001
   8.104000091552734E-001
        1.035699963569641
  -2.599999904632568E-001
   6.403999924659729E-001
        1.504400014877319
        2.006599903106690
        1.382799983024597
        3.164000034332275
        2.871799945831299
        2.866800069808960
        2.076699972152710
        1.853399991989136
        2.595599889755249
        3.523299932479858
        1.898800015449524
        1.499400019645691
   6.233000159263611E-001
  -5.737000107765198E-001
   7.141000032424927E-001
        1.948300004005432
        1.750200033187866
   3.977999985218048E-001
       -1.216400027275085
   8.510000258684158E-002
   4.848000109195709E-001
   8.062000274658203E-001
        1.922999978065491
        1.807800054550171
   7.731000185012817E-001
        1.170400023460388
  -6.916999816894531E-001
   5.370000004768372E-002
   8.501999974250794E-001
   8.784000277519226E-001
   9.323999881744385E-001
        1.711599946022034
        1.798099994659424
  -1.150000020861626E-001
  -4.002000093460083E-001
  -6.819999963045120E-002
        1.405300021171570
       -1.730599999427795
       -2.497999906539917
       -1.971400022506714
  -3.400999903678894E-001
  -8.503999710083008E-001
   2.698999941349030E-001
   7.020999789237976E-001
  -4.566999971866608E-001
  -6.050999760627747E-001
  -8.802000284194946E-001
  -3.104000091552734E-001
   2.426999956369400E-001
  -4.875999987125397E-001
  -5.612999796867371E-001
  -3.361999988555908E-001
   3.319000005722046E-001
  -2.673999965190888E-001
       -1.899000048637390
       -2.462100028991699
  -8.395000100135803E-001
       -1.528800010681152
  -6.340000033378601E-002
       -1.046900033950806
  -2.684000134468079E-001
        1.455000042915344
   7.307999730110169E-001
        1.817399978637695
        1.890200018882752
   4.614000022411346E-001
        2.271399974822998
        2.612699985504150
        2.132299900054932
        3.008399963378906
        2.776499986648560
        1.317899942398071
   4.099000096321106E-001
   7.135999798774719E-001
        1.873499989509583
   2.955000102519989E-001
   1.499000042676926E-001
  -2.219999954104424E-002
   6.171000003814697E-001
  -5.519999936223030E-002
   4.871000051498413E-001
        1.215000033378601
        1.780699968338013
        2.236999988555908
        1.084300041198731
  -1.391000002622604E-001
   1.222999989986420E-001
        1.446400046348572
        1.006000041961670
        1.526900053024292
  -7.053999900817871E-001
   6.600999832153320E-001
        1.217499971389771
   4.080000147223473E-002
   4.526000022888184E-001
        1.295699954032898
        1.071799993515015
       -2.298000097274780
       -2.263600111007690
       -1.592800021171570
  -8.555999994277954E-001
   5.242999792098999E-001
   9.607999920845032E-001
  -4.751999974250794E-001
  -9.142000079154968E-001
       -1.724900007247925
       -2.077199935913086
  -1.030000019818544E-002
  -6.416000127792358E-001
  -2.754999995231628E-001
  -9.358999729156494E-001
       -1.643399953842163
  -1.860000044107437E-001
  -3.718999922275543E-001
       -2.335500001907349
       -1.653900027275085
  -7.059999704360962E-001
  -6.748999953269959E-001
       -1.121299982070923
       -1.885800004005432
       -2.085700035095215
  -5.400000140070915E-003
   4.410000145435333E-001
   8.481000065803528E-001
   1.013000011444092E-001
  -3.702000081539154E-001
   7.024000287055969E-001
        1.216599941253662
        1.023200035095215
        2.555000066757202
        2.032799959182739
        1.297799944877625
        2.003999948501587
   9.441999793052673E-001
   3.837999999523163E-001
   4.507000148296356E-001
   6.101999878883362E-001
   2.872999906539917E-001
        1.749600052833557
   3.788000047206879E-001
   2.538999915122986E-001
        1.553699970245361
        2.479199886322022
        1.940400004386902
        1.611999988555908
        1.105100035667419
  -4.790000021457672E-001
  -4.760000109672546E-001
   6.966999769210815E-001
  -2.679999917745590E-002
   8.927000164985657E-001
  -7.689999788999558E-002
   2.700000107288361E-001
   4.598999917507172E-001
        1.449200034141541
        1.188899993896484
        1.279899954795837
       -2.530699968338013
       -2.868400096893311
       -2.502799987792969
       -1.276999950408936
   8.605999946594238E-001
        1.388499975204468
        1.327900052070618
  -9.049999713897705E-002
        1.130499958992004
        1.111700057983398
        1.230000019073486
   4.704000055789948E-001
  -7.750999927520752E-001
       -3.080899953842163
       -1.607399940490723
  -9.631000161170960E-001
  -8.299000263214111E-001
       -1.420500040054321
  -9.088000059127808E-001
       -2.144299983978272
   6.449999660253525E-002
  -3.930999934673309E-001
       -1.977399945259094
       -1.642400026321411
  -1.727000027894974E-001
   4.417999982833862E-001
   3.632999956607819E-001
  -4.490000009536743E-002
   2.470999956130981E-001
  -1.234999969601631E-001
   6.890000104904175E-001
  -9.080000221729279E-002
   4.636999964714050E-001
  -2.833999991416931E-001
   7.559000253677368E-001
  -1.006999984383583E-001
  -3.181999921798706E-001
  -5.924000144004822E-001
   4.137000143527985E-001
   8.978000283241272E-001
        1.418499946594238
   1.484999954700470E-001
   5.249000191688538E-001
   1.479000002145767E-001
   2.583999931812286E-001
   5.095000267028809E-001
        1.230499982833862
        1.509299993515015
  -4.102999866008759E-001
  -7.975000143051148E-001
        1.450700044631958
   3.131999969482422E-001
   6.245999932289124E-001
   2.942999899387360E-001
  -7.311999797821045E-001
  -7.215999960899353E-001
        2.244299888610840
        1.933599948883057
        1.506399989128113
   2.226999998092651E-001
       -3.421499967575073
       -1.214800000190735
       -2.282999992370606
   4.800000227987766E-003
   8.844000101089478E-001
        1.175500035285950
   6.205000281333923E-001
        1.592900037765503
   6.651999950408936E-001
        1.676300048828125
        1.369300007820129
  -2.552999854087830E-001
       -1.492699980735779
       -2.839600086212158
       -2.545200109481812
       -1.947000026702881
  -7.731000185012817E-001
       -1.710800051689148
       -3.570399999618530
       -2.571099996566773
       -1.445000052452087
       -1.746899962425232
       -1.078299999237061
   2.249999940395355E-001
   9.759999811649323E-002
   6.783000230789185E-001
   5.778999924659729E-001
       -1.610399961471558
       -1.263299942016602
  -1.133999973535538E-001
   2.795000076293945E-001
       -1.677999973297119
  -9.318000078201294E-001
  -1.289999932050705E-001
  -7.871999740600586E-001
  -8.889999985694885E-001
       -1.155400037765503
       -1.295500040054321
   6.998000144958496E-001
        2.341300010681152
   6.119999885559082E-001
   4.589999839663506E-002
       -1.549700021743774
  -4.072999954223633E-001
   3.583000004291534E-001
   5.910000205039978E-001
       -1.024600028991699
       -1.218799948692322
  -4.699999932199717E-003
  -3.993000090122223E-001
  -8.374999761581421E-001
  -1.094999983906746E-001
       -1.433599948883057
   4.266000092029572E-001
        1.025400042533875
        1.146399974822998
        2.028800010681152
        2.775199890136719
   7.760999798774719E-001
  -5.281000137329102E-001
       -2.890799999237061
       -1.716699957847595
  -3.925000131130219E-001
        1.187500000000000
        1.540500044822693
        1.493100047111511
        3.045399904251099
        1.998700022697449
   7.401000261306763E-001
        1.020200014114380
   7.628999948501587E-001
  -2.847000062465668E-001
       -1.488800048828125
       -2.523299932479858
       -2.776700019836426
       -1.581599950790405
       -1.912099957466126
       -2.241699934005737
       -2.055500030517578
       -2.462199926376343
  -7.260000109672546E-001
       -1.753999948501587
       -1.444100022315979
  -7.900999784469605E-001
       -1.869500041007996
  -3.330000117421150E-002
       -1.119500041007996
  -9.848999977111816E-001
       -2.337699890136719
       -2.995199918746948
       -1.507099986076355
  -7.807000279426575E-001
       -1.723700046539307
       -1.544800043106079
       -1.215000033378601
       -1.795199990272522
       -2.958899974822998
       -2.051000118255615
   3.402000069618225E-001
        1.025099992752075
   7.445999979972839E-001
  -5.733000040054321E-001
       -1.368700027465820
   3.898999989032745E-001
   6.157000064849854E-001
  -1.614000052213669E-001
       -2.380800008773804
       -1.310799956321716
  -6.970000267028809E-001
       -1.121000051498413
  -7.680000066757202E-001
  -6.585000157356262E-001
       -1.136800050735474
   8.592000007629395E-001
        2.723900079727173
        1.419100046157837
        1.816400051116943
   7.958999872207642E-001
  -2.896000146865845E-001
        1.572800040245056
       -1.816699981689453
  -1.612000018358231E-001
        1.128999948501587
        1.474900007247925
        1.549299955368042
        2.565700054168701
        2.122999906539917
        2.301300048828125
   1.868000030517578E-001
   1.700000017881393E-001
   1.351000070571899E-001
  -9.556000232696533E-001
       -2.976200103759766
       -2.158499956130981
       -1.185099959373474
       -1.940099954605103
       -2.003799915313721
       -1.086799979209900
       -1.319300055503845
       -1.438899993896484
       -2.243700027465820
       -1.173300027847290
  -6.999999750405550E-004
  -1.809999942779541E-001
       -2.494199991226196
  -9.065999984741211E-001
       -1.010100007057190
  -8.598999977111816E-001
  -9.451000094413757E-001
       -1.573799967765808
       -2.223299980163574
       -3.484600067138672
       -4.042799949645996
       -2.772700071334839
  -8.955000042915344E-001
  -5.569000244140625E-001
       -1.219200015068054
       -3.516599893569946
       -1.290400028228760
  -5.181000232696533E-001
  -6.830000281333923E-001
  -2.090999931097031E-001
       -1.179499983787537
  -4.212000072002411E-001
  -9.035000205039978E-001
  -1.367000043392181E-001
       -1.144500017166138
       -1.393200039863586
       -2.131299972534180
       -2.839999914169312
       -2.436300039291382
  -3.280999958515167E-001
   3.073999881744385E-001
        1.153699994087219
        1.796399950981140
        1.398800015449524
        1.397899985313416
  -3.075000047683716E-001
   7.426999807357788E-001
   6.588000059127808E-001
  -1.032000035047531E-001
   4.932000041007996E-001
        1.476099967956543
   8.630999922752380E-001
        1.892099976539612
        1.934200048446655
        1.173499941825867
        1.005200028419495
   3.695000112056732E-001
  -4.815999865531921E-001
  -6.972000002861023E-001
       -2.243000030517578
       -3.411200046539307
       -2.282299995422363
  -7.481999993324280E-001
       -1.012500047683716
       -1.153599977493286
  -2.721000015735626E-001
  -4.248999953269959E-001
       -1.213400006294251
  -5.033000111579895E-001
       -2.480700016021729
  -4.018999934196472E-001
  -8.641999959945679E-001
       -1.241400003433228
       -1.017600059509277
  -1.400000005960465E-001
   1.865999996662140E-001
   9.235000014305115E-001
       -1.138499975204468
       -3.981100082397461
       -2.997699975967407
       -2.897300004959106
       -3.135999917984009
       -1.735700011253357
       -1.610800027847290
       -1.386800050735474
       -2.157299995422363
       -2.167000055313110
       -1.522400021553040
  -8.062000274658203E-001
       -2.072400093078613
       -1.560299992561340
        1.470100045204163
   7.472000122070313E-001
  -1.234000027179718E-001
  -7.268000245094299E-001
  -9.976000189781189E-001
       -2.615900039672852
       -2.121000051498413
       -1.355599999427795
   7.100000232458115E-002
  -3.808000087738037E-001
  -4.023000001907349E-001
   8.183000087738037E-001
        1.173499941825867
   7.876999974250794E-001
  -3.596999943256378E-001
  -1.018999963998795E-001
   4.160000011324883E-002
  -8.087000250816345E-001
  -2.802000045776367E-001
        1.967300057411194
        2.081500053405762
        1.129699945449829
        1.656299948692322
        1.299000024795532
        1.023499965667725
   6.316000223159790E-001
        1.062700033187866
  -8.228999972343445E-001
       -1.283100008964539
       -1.582200050354004
       -1.811400055885315
       -1.321200013160706
  -8.575000166893005E-001
       -1.257400035858154
  -4.820000007748604E-002
  -8.440999984741211E-001
       -1.365800023078919
  -2.188999950885773E-001
       -1.921399950981140
  -6.407999992370606E-001
       -1.309999942779541
       -2.260299921035767
  -7.070000171661377E-001
  -4.095000028610230E-001
   2.301999926567078E-001
  -8.098999857902527E-001
  -1.169999968260527E-002
       -2.460700035095215
       -3.849200010299683
       -3.536600112915039
       -3.635600090026856
       -1.552899956703186
  -6.309999823570252E-001
       -1.963799953460693
       -1.697900056838989
  -8.884999752044678E-001
   1.053000018000603E-001
  -6.003000140190125E-001
  -3.713000118732452E-001
   5.820000171661377E-001
   5.959999933838844E-002
   8.309000134468079E-001
  -3.291000127792358E-001
       -1.661000013351440
       -2.165800094604492
       -2.815799951553345
       -2.038399934768677
  -9.559000134468079E-001
  -3.424000144004822E-001
  -5.284000039100647E-001
  -9.002000093460083E-001
        1.088600039482117
   9.445999860763550E-001
  -6.819000244140625E-001
  -4.424999952316284E-001
        1.068899989128113
  -3.140000104904175E-001
  -9.417999982833862E-001
   5.690000057220459E-001
   7.343999743461609E-001
        1.594799995422363
        1.913400053977966
        1.192000031471252
        1.349799990653992
   6.536999940872192E-001
        1.939299941062927
        3.326999902725220
        1.827700018882752
        1.105700016021729
  -3.817999958992004E-001
       -1.096300005912781
       -1.208600044250488
  -6.977999806404114E-001
  -7.896000146865845E-001
       -1.369199991226196
       -2.649300098419190
       -2.233500003814697
       -1.927000045776367
       -1.688500046730042
       -1.756199955940247
       -2.503200054168701
       -2.681400060653687
  -9.772999882698059E-001
  -3.330000042915344E-001
  -7.188000082969666E-001
       -1.302800059318543
       -1.588400006294251
       -2.036000013351440
       -2.344099998474121
       -1.532099962234497
       -2.957799911499023
       -2.122299909591675
       -1.091199994087219
       -2.383100032806397
  -9.297999739646912E-001
  -3.930000066757202E-001
  -5.889000296592712E-001
  -5.110000073909760E-002
        1.842399954795837
        2.892199993133545
        1.229900002479553
        2.227200031280518
   9.505000114440918E-001
  -5.333999991416931E-001
       -3.333800077438355
       -1.764199972152710
       -1.970700025558472
       -1.554600000381470
  -9.337000250816345E-001
       -1.394999980926514
   1.529999971389771E-001
  -7.390999794006348E-001
   2.301000058650971E-001
       -1.632300019264221
       -1.138800024986267
  -4.864999949932098E-001
   4.348999857902527E-001
   3.759000003337860E-001
        1.047700047492981
  -1.092000007629395E-001
  -7.329999655485153E-002
        1.102800011634827
        2.242100000381470
        2.373300075531006
        2.260099887847900
        2.817300081253052
        4.326300144195557
        2.525500059127808
        1.530099987983704
  -7.415000200271606E-001
       -1.825399994850159
       -1.955500006675720
       -1.350299954414368
       -1.399799942970276
       -1.530900001525879
       -2.012099981307983
       -1.578099966049194
       -1.121700048446655
       -2.102299928665161
       -2.152499914169312
       -3.039799928665161
       -2.017999887466431
  -2.578999996185303E-001
       -1.402199983596802
       -2.050499916076660
       -1.914399981498718
       -1.450799942016602
       -2.928499937057495
       -2.247600078582764
       -1.350299954414368
       -1.509600043296814
       -1.333500027656555
  -5.120999813079834E-001
   5.001999735832214E-001
  -2.047999948263168E-001
   7.426999807357788E-001
   7.814000248908997E-001
        1.418799996376038
        1.625200033187866
        3.126800060272217
        1.327800035476685
        1.600700020790100
  -1.203000023961067E-001
   4.541999995708466E-001
       -1.926200032234192
       -2.238800048828125
       -3.413800001144409
       -3.461699962615967
       -1.885699987411499
       -1.742300033569336
       -1.549700021743774
  -6.274999976158142E-001
  -7.358000278472900E-001
       -1.786700010299683
       -1.800500035285950
       -1.726799964904785
  -5.842999815940857E-001
       -1.045699954032898
  -2.197999954223633E-001
  -5.297999978065491E-001
  -4.492000043392181E-001
   2.712000012397766E-001
   7.470999956130981E-001
        2.143599987030029
        1.879999995231628
        2.445199966430664
        2.808700084686279
        1.843600034713745
   8.568999767303467E-001
       -1.389700055122376
       -2.726799964904785
       -1.747900009155273
       -2.108200073242188
       -1.677899956703186
       -2.515500068664551
       -1.781800031661987
  -9.804000258445740E-001
       -1.613100051879883
  -6.140000224113464E-001
       -2.122100114822388
       -1.228299975395203
       -2.153599977493286
       -1.733500003814697
       -1.879699945449829
       -2.773999929428101
  -1.103999987244606E-001
  -7.851999998092651E-001
       -1.174399971961975
  -8.179000020027161E-001
       -1.418200016021729
       -1.118399977684021
  -3.209999948740006E-002
       -1.789899945259094
       -2.477900028228760
       -1.477399945259094
        1.185600042343140
   8.314999938011169E-001
        1.300899982452393
        1.151100039482117
   6.529999971389771E-001
  -4.005999863147736E-001
  -4.794999957084656E-001
  -8.216999769210815E-001
       -1.631199955940247
       -2.191800117492676
       -3.197799921035767
       -3.101399898529053
       -2.811300039291382
       -2.155699968338013
  -8.758000135421753E-001
  -3.461999893188477E-001
        1.104300022125244
   4.212000072002411E-001
       -2.217400074005127
       -2.335799932479858
       -3.272300004959106
       -1.933699965476990
  -4.429000020027161E-001
  -2.820000052452087E-001
   7.943000197410584E-001
   3.716000020503998E-001
        1.598500013351440
        1.008000016212463
        1.273100018501282
        2.235500097274780
   9.738000035285950E-001
        1.431300044059753
   4.388999938964844E-001
   2.690000087022781E-002
       -1.386700034141541
       -1.741000056266785
       -1.627300024032593
       -2.044600009918213
  -9.775000214576721E-001
       -1.236700057983398
  -5.979999899864197E-001
       -1.099599957466126
       -1.134199976921082
       -1.493700027465820
  -5.101000070571899E-001
       -1.350999951362610
       -1.073099970817566
       -1.542000055313110
       -1.324699997901917
       -3.283799886703491
       -2.567300081253052
       -1.641800045967102
  -8.366000056266785E-001
       -1.480200052261353
   1.891999989748001E-001
  -8.555999994277954E-001
   2.422000020742416E-001
  -2.275999933481216E-001
       -1.194200038909912
  -2.326000034809113E-001
        1.253000020980835
        1.986999988555908
   6.047999858856201E-001
   6.237999796867371E-001
   9.369000196456909E-001
   2.793000042438507E-001
   3.894000053405762E-001
       -1.502599954605103
   3.940000012516975E-002
       -2.315299987792969
       -3.483299970626831
       -3.697200059890747
       -3.806900024414063
       -2.977099895477295
  -9.613999724388123E-001
   2.640999853610992E-001
  -1.785999983549118E-001
  -7.197999954223633E-001
       -1.965999960899353
       -1.595800042152405
       -2.391000032424927
       -2.006099939346314
       -1.652199983596802
  -5.207999944686890E-001
   7.369999885559082E-001
   6.161999702453613E-001
   5.443000197410584E-001
  -1.024999991059303E-001
  -1.005000025033951E-001
   9.126999974250794E-001
  -4.309999942779541E-002
  -6.915000081062317E-001
   4.587000012397766E-001
   3.993000090122223E-001
       -1.251199960708618
       -1.304700016975403
  -6.610999703407288E-001
       -1.059299945831299
  -4.638000130653381E-001
  -7.677000164985657E-001
  -2.736999988555908E-001
  -6.107000112533569E-001
       -1.036000013351440
       -1.703699946403503
  -2.781000137329102E-001
  -6.991999745368958E-001
       -3.184299945831299
       -2.018800020217896
       -2.021300077438355
       -3.016700029373169
       -1.716099977493286
       -2.709100008010864
       -2.475300073623657
       -1.499699950218201
       -1.263700008392334
  -5.386999845504761E-001
   3.630000054836273E-001
   8.542000055313110E-001
  -8.858000040054321E-001
  -9.735999703407288E-001
   6.704000234603882E-001
        2.626199960708618
        1.070199966430664
        1.899000048637390
        1.693300008773804
   4.453000128269196E-001
   2.614000141620636E-001
       -1.508999943733215
       -1.807899951934815
  -7.336000204086304E-001
       -3.178100109100342
       -3.954600095748901
       -3.848200082778931
       -5.332799911499023
  -6.898000240325928E-001
        1.136600017547607
       -1.124500036239624
  -7.547000050544739E-001
       -2.059799909591675
       -2.235300064086914
  -5.886999964714050E-001
       -1.104300022125244
       -2.570499897003174
  -3.716999888420105E-001
   7.904999852180481E-001
  -4.702999889850617E-001
       -1.533499956130981
  -5.299999937415123E-002
  -7.060000300407410E-002
   1.764000058174133E-001
   1.600999981164932E-001
   3.485000133514404E-001
   6.496999859809876E-001
   2.250000089406967E-002
       -1.349200010299683
       -2.908799886703491
       -1.019600033760071
   5.167000293731690E-001
   9.029999971389771E-001
   3.713999986648560E-001
   9.632999897003174E-001
   3.197000026702881E-001
       -1.830500006675720
       -2.464699983596802
       -1.251299977302551
       -1.471699953079224
       -2.430999994277954
       -3.054500102996826
       -4.065499782562256
       -4.201799869537354
       -1.621899962425232
       -2.834500074386597
       -1.677500009536743
  -8.258000016212463E-001
  -4.754999876022339E-001
   9.082999825477600E-001
        1.578699946403503
   5.964999794960022E-001
  -6.478999853134155E-001
  -7.328000068664551E-001
   7.050000131130219E-002
        2.078599929809570
        1.591699957847595
        1.871500015258789
   5.181000232696533E-001
        1.688099980354309
        1.017600059509277
       -1.389899969100952
       -1.828199982643127
       -1.685199975967407
       -3.654099941253662
       -3.505899906158447
       -4.659299850463867
       -2.394799947738648
       -2.231899976730347
  -8.165000081062317E-001
       -1.022899985313416
  -2.712000012397766E-001
  -7.871000170707703E-001
       -2.376600027084351
       -2.080899953842163
  -7.003999948501587E-001
  -8.281999826431274E-001
  -1.648000031709671E-001
  -1.342000067234039E-001
   1.106999963521957E-001
  -4.045999944210053E-001
  -6.769999861717224E-002
  -6.492999792098999E-001
  -5.206999778747559E-001
  -1.658000051975250E-001
  -1.128999963402748E-001
   6.888999938964844E-001
  -1.914999932050705E-001
   1.448000073432922E-001
       -1.216199994087219
  -5.782999992370606E-001
   9.843000173568726E-001
        1.429900050163269
        2.101500034332275
        1.880300045013428
   7.526999711990356E-001
  -5.475999712944031E-001
       -1.430899977684021
       -1.593500018119812
       -1.733899950981140
       -2.217999935150147
       -2.130399942398071
       -3.382600069046021
       -3.126499891281128
       -1.809000015258789
       -1.822700023651123
  -6.092000007629395E-001
       -1.005399942398071
  -3.441999852657318E-001
  -7.240000367164612E-002
   3.495000004768372E-001
   4.796000123023987E-001
   7.410000264644623E-002
        1.157999992370606
   9.416999816894531E-001
        2.761600017547607
        2.271199941635132
        1.479599952697754
        1.192100048065186
        1.099300026893616
  -8.917000293731690E-001
       -1.152600049972534
  -2.903000116348267E-001
       -1.337599992752075
       -2.329699993133545
       -1.783800005912781
       -1.944100022315979
       -3.669899940490723
       -2.013499975204468
       -1.912299990653992
       -1.877099990844727
       -1.223700046539307
  -6.500999927520752E-001
       -1.699100017547607
       -2.004699945449829
       -1.704300045967102
       -1.146900057792664
  -8.964999914169312E-001
  -2.373999953269959E-001
  -4.569999873638153E-001
  -8.759999871253967E-001
  -7.009000182151794E-001
  -6.690999865531921E-001
  -6.435999870300293E-001
   7.317000031471252E-001
        1.397799968719482
   4.871000051498413E-001
   9.099999815225601E-002
        1.522500038146973
   7.692000269889832E-001
   8.202999830245972E-001
        2.306200027465820
        1.729599952697754
        1.272199988365173
        1.312500000000000
  -1.005999967455864E-001
   1.605000048875809E-001
       -2.154999971389771
       -2.601300001144409
       -1.077100038528442
       -1.411200046539307
       -2.599200010299683
       -2.871900081634522
       -1.934200048446655
  -9.011999964714050E-001
  -8.816999793052673E-001
  -3.842000067234039E-001
   3.246000111103058E-001
   7.230000197887421E-002
        1.524199962615967
        1.578199982643127
        1.170300006866455
   9.284999966621399E-001
        1.231999993324280
        1.027400016784668
        2.960299968719482
        1.656100034713745
   7.817999720573425E-001
        1.864599943161011
        2.230099916458130
   6.869999766349793E-001
  -1.030000001192093E-001
   3.449999988079071E-001
  -9.603999853134155E-001
  -2.009999938309193E-002
   3.650000095367432E-001
       -1.054100036621094
       -3.459700107574463
       -1.997400045394898
       -1.924399971961975
       -2.490099906921387
       -1.813400030136108
       -1.599099993705750
       -1.479200005531311
       -1.898599982261658
  -9.025999903678894E-001
  -7.437000274658203E-001
       -1.888299942016602
       -1.710299968719482
  -9.223999977111816E-001
  -7.990999817848206E-001
       -1.452999949455261
  -1.358000040054321E-001
   4.672999978065491E-001
  -2.660000026226044E-001
   5.516999959945679E-001
        1.638000011444092
   6.492000222206116E-001
   6.193000078201294E-001
        2.004300117492676
        1.969400048255920
        2.268899917602539
        1.791499972343445
        2.081399917602539
        1.195899963378906
  -4.884999990463257E-001
       -1.389999985694885
       -1.449300050735474
       -2.918699979782105
       -1.983199954032898
       -1.523800015449524
       -1.732900023460388
       -2.138900041580200
       -1.284500002861023
  -1.950999945402145E-001
   7.052999734878540E-001
        1.095100045204163
   7.110999822616577E-001
   8.479999899864197E-001
  -2.363999933004379E-001
   5.044000148773193E-001
        1.466400027275085
        1.366299986839294
   7.687000036239624E-001
        2.336199998855591
        2.794699907302856
        1.560999989509583
        1.249099969863892
        1.622699975967407
        2.302099943161011
   8.763999938964844E-001
        1.386899948120117
   7.754999995231628E-001
        1.082599997520447
   8.339999914169312E-001
   6.728000044822693E-001
  -2.384999990463257E-001
       -2.467000007629395
       -2.954999923706055
       -3.115000009536743
       -3.482100009918213
       -2.274499893188477
       -1.414000034332275
  -4.311999976634979E-001
       -1.117900013923645
       -2.102400064468384
       -1.159800052642822
  -8.159999847412109E-001
       -1.130499958992004
       -1.100700020790100
  -6.276000142097473E-001
  -4.571999907493591E-001
   8.550999760627747E-001
   9.699000120162964E-001
       -1.848500013351440
  -7.656000256538391E-001
   2.637000083923340E-001
   7.024999856948853E-001
        2.948199987411499
        2.979700088500977
        3.003900051116943
        2.117700099945068
        1.215299963951111
        1.525500059127808
   5.945000052452087E-001
   6.682000160217285E-001
  -1.674000024795532E-001
       -1.516299962997437
       -1.227200031280518
       -1.742799997329712
       -2.569499969482422
       -1.059000015258789
       -2.458600044250488
   5.065000057220459E-001
   5.205000042915344E-001
   3.186999857425690E-001
   4.918999969959259E-001
   4.192000031471252E-001
        1.824499964714050
   4.806999862194061E-001
   9.261000156402588E-001
   4.769000113010407E-001
        2.944499969482422
        2.313699960708618
        2.834899902343750
        2.766099929809570
        3.009099960327148
        3.069299936294556
        2.605299949645996
        2.670399904251099
        2.687299966812134
        4.170899868011475
        2.717799901962280
        2.275399923324585
        1.834900021553040
   8.403000235557556E-001
  -4.298999905586243E-001
       -2.235699892044067
       -2.497999906539917
       -2.157999992370606
       -1.504299998283386
       -2.690599918365479
       -2.644099950790405
       -1.361600041389465
       -1.078699946403503
       -1.374199986457825
   4.505000114440918E-001
        2.134299993515015
  -4.010000079870224E-002
   9.674999713897705E-001
   1.388999968767166E-001
  -8.974999785423279E-001
   1.150000020861626E-001
  -2.303999960422516E-001
       -1.732100009918213
       -1.133299946784973
   2.076999992132187E-001
        1.371299982070923
        3.852400064468384
        2.137399911880493
        3.457600116729736
        3.093600034713745
        1.090499997138977
        2.559400081634522
        2.346600055694580
        1.181599974632263
   2.953000068664551E-001
       -1.426399946212769
       -2.374399900436401
       -1.103099942207336
  -4.589999914169312E-001
       -1.185600042343140
  -9.628000259399414E-001
        1.165300011634827
   4.456000030040741E-001
  -2.475000023841858E-001
   3.944000005722046E-001
   7.680000364780426E-002
  -4.111000001430512E-001
   4.219000041484833E-001
   6.274999976158142E-001
  -5.026999711990356E-001
   9.272000193595886E-001
        1.252400040626526
        3.344000101089478
        2.597800016403198
        3.854799985885620
        3.066099882125855
        2.254100084304810
        3.014600038528442
        3.059299945831299
        2.878400087356567
        2.697299957275391
        2.480400085449219
        1.016600012779236
   7.448999881744385E-001
       -1.792299985885620
       -2.094799995422363
       -3.238600015640259
       -2.027400016784668
       -2.047800064086914
       -3.059799909591675
  -6.383000016212463E-001
       -2.043400049209595
  -7.500000298023224E-002
  -3.016000092029572E-001
  -8.932999968528748E-001
        2.035399913787842
        1.980299949645996
        1.516000032424927
        1.208500027656555
        1.213799953460693
  -1.508000046014786E-001
       -1.158599972724915
       -1.335399985313416
  -5.863000154495239E-001
   6.563000082969666E-001
        3.651000022888184
        2.762300014495850
        3.948600053787231
        3.828700065612793
        2.696799993515015
        3.750799894332886
        2.398799896240234
        2.803800106048584
        1.237300038337708
  -3.122999966144562E-001
  -7.153999805450440E-001
  -6.969000101089478E-001
       -2.625799894332886
  -4.747000038623810E-001
  -2.408999949693680E-001
   9.229000210762024E-001
   7.890999913215637E-001
   6.265000104904175E-001
   3.158000111579895E-001
   1.676999926567078E-001
  -5.659999847412109E-001
       -1.054200053215027
  -8.887000083923340E-001
  -3.181999921798706E-001
   3.370999991893768E-001
   7.750999927520752E-001
        1.441799998283386
        2.202100038528442
        1.469699978828430
        2.043600082397461
        2.437799930572510
        3.167200088500977
        1.929900050163269
        2.553100109100342
        2.372600078582764
        3.519000053405762
        1.496299982070923
   5.925999879837036E-001
   5.102999806404114E-001
  -5.370000004768372E-002
   5.169999971985817E-002
       -1.415599942207336
       -2.363800048828125
       -2.197400093078613
  -9.449999928474426E-001
       -2.293699979782105
       -1.419899940490723
  -8.429999649524689E-002
   9.909999966621399E-001
  -6.435999870300293E-001
   7.943000197410584E-001
        1.009500026702881
        1.022600054740906
        1.870599985122681
   3.657000064849854E-001
       -1.310999989509583
  -5.277000069618225E-001
  -2.075999975204468E-001
   2.251999974250794E-001
   1.729000061750412E-001
        1.306300044059753
   7.728000283241272E-001
        4.030099868774414
        3.993000030517578
        2.172499895095825
        2.711299896240234
        1.850700020790100
        1.565000057220459
   5.128999948501587E-001
       -1.031499981880188
  -7.809000015258789E-001
       -1.161200046539307
       -1.792400002479553
  -6.704999804496765E-001
   2.247000038623810E-001
   4.731000065803528E-001
        1.089200019836426
        1.029500007629395
  -2.199999988079071E-003
   2.161000072956085E-001
  -9.815000295639038E-001
  -9.926000237464905E-001
       -1.567600011825562
  -6.509999930858612E-002
   5.949000120162964E-001
        1.797399997711182
   1.172000020742416E-001
   6.219999790191650E-001
        1.869099974632263
        1.353700041770935
   5.453000068664551E-001
        1.146399974822998
   7.160000205039978E-001
        2.902299880981445
        4.320099830627441
        2.839499950408936
        1.448400020599365
        1.238000035285950
        1.291100025177002
  -4.713999927043915E-001
  -6.190999746322632E-001
  -9.642999768257141E-001
       -1.935700058937073
       -1.859699964523315
       -1.252900004386902
  -8.173999786376953E-001
  -5.372999906539917E-001
  -4.580000042915344E-001
   9.574999809265137E-001
   2.046999931335449E-001
   7.520999908447266E-001
  -1.437000036239624E-001
  -6.909000277519226E-001
        1.036800026893616
   2.354999929666519E-001
  -7.588000297546387E-001
  -4.232999980449677E-001
       -2.155400037765503
       -1.490300059318543
       -1.499899983406067
   3.499999940395355E-001
   4.891999959945679E-001
   7.289999723434448E-001
        2.182699918746948
        1.827700018882752
   1.536000072956085E-001
        1.830199956893921
        1.841799974441528
        1.492799997329712
       -1.040400028228760
       -1.218400001525879
       -1.327200055122376
       -1.955600023269653
       -1.003499984741211
       -1.373600006103516
  -3.655999898910523E-001
  -5.830000042915344E-001
        1.332800030708313
       -1.215700030326843
  -5.400000140070915E-003
  -2.025000005960465E-001
       -1.198199987411499
       -2.087100028991699
   1.333999931812286E-001
   5.473999977111816E-001
   5.638999938964844E-001
   1.278000026941299E-001
   1.094999983906746E-001
  -7.330999970436096E-001
  -9.993000030517578E-001
  -9.659000039100647E-001
   7.999999821186066E-002
   9.880000352859497E-002
        1.698500037193298
        3.339900016784668
        3.816099882125855
        1.578799962997437
        1.047099947929382
   9.749000072479248E-001
   6.620000302791596E-002
       -1.211500048637390
       -1.506600022315979
       -1.515300035476685
   4.726000130176544E-001
  -4.027999937534332E-001
  -5.572999715805054E-001
       -1.123299956321716
  -9.370999932289124E-001
   2.339999973773956E-001
   2.398000061511993E-001
  -2.635999917984009E-001
  -4.345999956130981E-001
   9.391999840736389E-001
   2.161000072956085E-001
   9.340999722480774E-001
  -6.704000234603882E-001
  -1.053000018000603E-001
   7.657999992370606E-001
        1.064399957656860
  -3.330999910831451E-001
   5.030000209808350E-001
  -5.319999903440476E-002
   3.027999997138977E-001
  -4.289999902248383E-001
  -2.404000014066696E-001
   8.720000088214874E-002
   7.436000108718872E-001
   7.472000122070313E-001
   5.271999835968018E-001
       -1.289199948310852
       -2.191099882125855
       -1.922000050544739
       -2.153800010681152
       -1.152699947357178
       -1.378800034523010
       -1.698400020599365
       -1.258100032806397
  -1.750000007450581E-002
   4.194999933242798E-001
   3.400000035762787E-001
  -8.820000290870667E-002
  -5.163999795913696E-001
       -1.111600041389465
  -2.915999889373779E-001
  -3.519999980926514E-001
       -1.294899940490723
   1.740000024437904E-002
   1.610000059008598E-002
  -8.162000179290772E-001
   4.549999907612801E-002
   8.755000233650208E-001
  -3.894999921321869E-001
   3.542999923229218E-001
        1.071099996566773
        2.050899982452393
        2.288800001144409
        3.050100088119507
        3.139300107955933
        2.060199975967407
   9.449999779462814E-002
  -4.859000146389008E-001
  -4.912000000476837E-001
       -1.699699997901917
  -3.488999903202057E-001
  -5.011000037193298E-001
  -8.463000059127808E-001
  -8.536999821662903E-001
   6.460999846458435E-001
   7.911999821662903E-001
   5.440000072121620E-002
  -3.797000050544739E-001
   8.899999782443047E-003
   2.398999929428101E-001
  -3.946999907493591E-001
       -1.290899991989136
  -4.611000120639801E-001
  -1.102999970316887E-001
        1.250900030136108
        1.429600000381470
  -8.029000163078308E-001
   8.560000360012054E-002
  -5.576000213623047E-001
   3.255999982357025E-001
  -2.425000071525574E-001
       -1.343500018119812
   3.971999883651733E-001
        1.035899996757507
        1.871000051498413
  -4.483999907970429E-001
  -8.974000215530396E-001
       -1.615399956703186
       -2.904900074005127
       -2.515700101852417
       -2.039200067520142
       -2.446000099182129
       -2.256500005722046
       -1.383100032806397
  -2.457000017166138E-001
        1.683699965476990
   1.441999971866608E-001
  -6.201000213623047E-001
  -3.569999933242798E-001
   1.194000020623207E-001
   3.837000131607056E-001
   2.653999924659729E-001
       -1.043400049209595
  -5.310000181198120E-001
  -5.970000028610230E-001
   2.673000097274780E-001
        1.757699966430664
        1.665300011634827
  -9.814000129699707E-001
  -1.086999997496605E-001
  -8.923000097274780E-001
  -2.201000005006790E-001
        1.223500013351440
        3.899100065231323
        4.873199939727783
        2.096600055694580
   6.212999820709229E-001
  -1.676000058650971E-001
       -1.822700023651123
       -1.782299995422363
  -6.305999755859375E-001
  -8.899000287055969E-001
  -5.410000085830689E-001
       -1.072999954223633
  -4.228999912738800E-001
   4.760000109672546E-002
   1.260000020265579E-001
  -5.191000103950501E-001
  -8.848000168800354E-001
       -1.698899984359741
       -1.002799987792969
  -7.274000048637390E-001
  -4.372999966144562E-001
   6.557000279426575E-001
        1.879799962043762
        2.047399997711182
   8.310999870300293E-001
  -5.299999713897705E-001
   4.059999883174896E-001
       -1.323099970817566
       -1.731500029563904
       -1.175500035285950
       -1.549999952316284
  -6.021000146865845E-001
        1.119699954986572
   7.602000236511231E-001
  -7.825999855995178E-001
       -2.380899906158447
       -2.309999942779541
       -3.417799949645996
       -3.440000057220459
       -3.809200048446655
       -1.779899954795837
  -7.397000193595886E-001
   8.643000125885010E-001
        1.755300045013428
   8.100000023841858E-001
   5.522999763488770E-001
   4.054000079631805E-001
        1.417999982833862
  -9.059999883174896E-002
   1.448000073432922E-001
  -4.133000075817108E-001
       -1.077299952507019
   4.395999908447266E-001
   8.449000120162964E-001
        1.094900012016296
  -6.345000267028809E-001
       -1.227100014686585
       -1.112900018692017
       -1.575999975204468
       -2.886100053787231
  -2.840000092983246E-001
        1.192299962043762
        2.032200098037720
        3.065700054168701
        1.429200053215027
   5.857999920845032E-001
   7.159999758005142E-002
  -2.888000011444092E-001
       -1.405200004577637
       -2.792900085449219
       -1.682700037956238
  -7.965999841690064E-001
   3.695000112056732E-001
        1.313099980354309
        1.484400033950806
   8.095999956130981E-001
  -9.485999941825867E-001
  -7.142000198364258E-001
  -7.530999779701233E-001
  -7.476999759674072E-001
       -1.085700035095215
   3.671000003814697E-001
        1.483600020408630
        2.638200044631958
   7.699000239372253E-001
   5.985999703407288E-001
  -4.016999900341034E-001
       -2.731800079345703
       -1.738000035285950
       -1.255900025367737
       -1.314200043678284
  -4.690999984741211E-001
   2.275000065565109E-001
       -2.624900102615356
       -1.017600059509277
       -2.597500085830689
       -4.296599864959717
       -3.826800107955933
       -3.649699926376343
       -2.330699920654297
       -1.314000010490418
  -2.453999966382980E-001
   2.894999980926514E-001
   3.767000138759613E-001
        1.788400053977966
   6.452000141143799E-001
   6.114000082015991E-001
  -1.358000040054321E-001
  -4.767999947071075E-001
       -1.128900051116943
   1.112999990582466E-001
  -9.332000017166138E-001
   5.716000199317932E-001
   4.273000061511993E-001
   4.016999900341034E-001
       -1.070299983024597
  -4.016999900341034E-001
       -1.403200030326843
       -1.918400049209595
       -1.593700051307678
  -1.756999939680100E-001
  -2.676999866962433E-001
        1.007300019264221
        2.205100059509277
        1.535500049591065
   6.060000136494637E-002
   5.400000140070915E-002
  -4.945999979972839E-001
       -1.989300012588501
       -2.953299999237061
       -1.645900011062622
       -1.337599992752075
  -6.054000258445740E-001
   7.128000259399414E-001
        1.355999946594238
   4.079999923706055E-001
  -2.996000051498413E-001
       -1.295099973678589
       -1.742300033569336
       -1.972000002861023
  -3.837000131607056E-001
   8.206999897956848E-001
        1.246600031852722
   5.806000232696533E-001
  -4.340000078082085E-002
   1.559000015258789E-001
       -1.785699963569641
       -2.213799953460693
       -2.539299964904785
       -1.167199969291687
  -3.723999857902527E-001
  -8.855000138282776E-001
  -1.221999973058701E-001
       -2.535599946975708
       -2.685100078582764
       -3.879899978637695
       -4.279600143432617
       -3.224999904632568
       -2.940099954605103
       -1.994199991226196
       -1.208999991416931
  -7.961999773979187E-001
  -3.109999895095825E-001
  -6.852999925613403E-001
        1.433200001716614
        2.004400014877319
   3.993999958038330E-001
       -2.094000101089478
  -2.488999962806702E-001
       -1.564800024032593
  -7.792999744415283E-001
   7.078999876976013E-001
   6.743999719619751E-001
  -1.620000004768372E-001
        1.150599956512451
       -1.143100023269653
  -5.023999810218811E-001
  -4.296000003814697E-001
       -1.039199948310852
  -1.988999992609024E-001
  -6.740000247955322E-001
  -1.140000019222498E-002
  -7.297000288963318E-001
   1.049999967217445E-001
        1.072299957275391
        1.478500008583069
        1.104900002479553
   2.083999961614609E-001
       -2.096699953079224
  -9.128000140190125E-001
  -4.088999927043915E-001
       -1.230399966239929
       -2.100699901580811
       -1.387400031089783
        1.406000018119812
        1.675600051879883
   1.120999976992607E-001
  -6.161999702453613E-001
       -1.546399950981140
       -1.920199990272522
  -9.049000144004822E-001
       -1.974300026893616
  -3.576000034809113E-001
  -9.950000047683716E-002
  -3.579999879002571E-002
  -8.072000145912170E-001
  -8.111000061035156E-001
       -2.318799972534180
       -2.201299905776978
  -3.140000104904175E-001
       -1.789800047874451
       -2.112499952316284
       -2.643699884414673
       -3.456899881362915
       -4.696599960327148
       -4.707600116729736
       -5.849899768829346
       -4.654300212860107
       -2.664900064468384
       -2.142299890518189
       -1.125200033187866
  -7.434999942779541E-001
  -3.018000125885010E-001
   8.106999993324280E-001
   8.075000047683716E-001
   9.175999760627747E-001
   7.080000042915344E-001
       -1.308699965476990
  -4.990000128746033E-001
       -3.143300056457520
       -2.450999975204468
  -8.184000253677368E-001
        1.310400009155273
   5.971999764442444E-001
   7.849000096321106E-001
  -1.454000025987625E-001
   3.515000045299530E-001
   3.547999858856201E-001
   3.097000122070313E-001
  -1.394000053405762E-001
   1.200000010430813E-002
  -3.048999905586243E-001
   4.456999897956848E-001
   5.874999761581421E-001
        1.733500003814697
        1.978600025177002
        2.559999942779541
   8.942999839782715E-001
  -1.405999958515167E-001
   8.202999830245972E-001
  -1.677999943494797E-001
   6.938999891281128E-001
   3.206000030040741E-001
       -1.041399955749512
        2.559900045394898
   8.034999966621399E-001
        1.126700043678284
   2.269999980926514E-001
   3.127000033855438E-001
       -1.724200010299683
       -2.309299945831299
       -1.903399944305420
  -1.155000030994415E-001
   2.434999942779541E-001
   4.875999987125397E-001
  -6.269999742507935E-001
  -9.699000120162964E-001
       -2.472100019454956
       -2.860500097274780
       -1.455199956893921
  -4.271000027656555E-001
       -2.582700014114380
       -2.911099910736084
       -4.532599925994873
       -5.403600215911865
       -3.431200027465820
       -3.198899984359741
       -3.599699974060059
       -2.750999927520752
       -3.673300027847290
       -3.198299884796143
       -1.813300013542175
  -9.774000048637390E-001
        1.144999980926514
   2.535000145435333E-001
   5.088999867439270E-001
  -7.049000263214111E-001
  -7.393000125885010E-001
       -1.585800051689148
       -1.747599959373474
   7.199999690055847E-002
   7.373999953269959E-001
   8.852000236511231E-001
        2.174700021743774
        1.853399991989136
   1.165999993681908E-001
  -6.880000233650208E-001
  -8.404999971389771E-001
  -3.535999953746796E-001
   3.971000015735626E-001
   4.830000102519989E-001
   6.755999922752380E-001
   3.183000087738037E-001
   2.233999967575073E-001
   8.609999716281891E-002
   3.625000119209290E-001
   7.207000255584717E-001
   4.341000020503998E-001
        1.198400020599365
   2.152999937534332E-001
   4.571000039577484E-001
  -1.898999959230423E-001
   3.269999921321869E-001
       -1.454300045967102
        1.255599975585938
        1.263000011444092
        1.180799961090088
   1.879000067710877E-001
   5.328999757766724E-001
  -9.890000224113464E-001
       -1.226600050926209
  -7.339000105857849E-001
  -4.938000142574310E-001
  -1.448000073432922E-001
  -6.639999896287918E-002
  -3.601999878883362E-001
   1.298000067472458E-001
  -8.622000217437744E-001
       -2.539799928665161
       -2.215199947357178
       -2.887399911880493
       -2.369600057601929
       -1.722399950027466
       -4.619299888610840
       -6.166100025177002
       -4.661499977111816
       -3.484999895095825
       -3.269599914550781
       -3.446500062942505
       -5.337299823760986
       -3.590399980545044
       -1.070899963378906
   4.598999917507172E-001
   2.319000065326691E-001
        1.243600010871887
   9.300000220537186E-002
   2.430000007152557E-001
  -9.613000154495239E-001
  -7.383999824523926E-001
  -5.399000048637390E-001
   3.151000142097473E-001
        1.157199978828430
        2.421000003814697
        2.974299907684326
        1.491999983787537
   3.095000088214874E-001
   2.172999978065491E-001
       -1.072399973869324
       -1.268599987030029
   6.818000078201294E-001
   5.026999711990356E-001
   2.337000072002411E-001
   5.099999904632568E-001
  -3.873000144958496E-001
  -2.590999901294708E-001
        1.094300031661987
        1.184999942779541
   5.139999836683273E-002
        1.577000021934509
        1.290300011634827
   2.789999917149544E-002
  -2.488999962806702E-001
       -1.136700034141541
       -1.321300029754639
        1.407299995422363
        2.286799907684326
   7.230000197887421E-002
  -3.830000013113022E-002
   4.738000035285950E-001
        1.116899967193604
       -1.080199956893921
   2.881000041961670E-001
   4.954999983310700E-001
   4.377000033855438E-001
  -3.346000015735626E-001
  -8.655999898910523E-001
  -9.459999799728394E-001
  -1.933999955654144E-001
       -1.744799971580505
       -1.674800038337708
       -2.445199966430664
       -2.344500064849854
       -3.586699962615967
       -6.106599807739258
       -5.386600017547607
       -3.157099962234497
       -2.915100097656250
       -3.571700096130371
       -4.070700168609619
       -2.813899993896484
       -1.568799972534180
       -1.688199996948242
       -1.468299984931946
  -4.767000079154968E-001
  -4.810999929904938E-001
   2.655000090599060E-001
   2.980999946594238E-001
   6.079999804496765E-001
  -1.997999995946884E-001
   3.102999925613403E-001
   2.764999866485596E-001
   4.095999896526337E-001
        1.199599981307983
   1.321000009775162E-001
        2.604000091552734
        1.690099954605103
        1.337599992752075
  -7.524999976158142E-001
       -1.820399999618530
       -1.978899955749512
       -1.149500012397766
  -1.365000009536743E-001
   2.764999866485596E-001
  -2.773999869823456E-001
   6.200000047683716E-001
   7.796999812126160E-001
   5.839999914169312E-001
   8.324000239372253E-001
   8.440999984741211E-001
  -1.688999980688095E-001
   7.096999883651733E-001
  -4.363999962806702E-001
  -4.277000129222870E-001
  -3.156000077724457E-001
   4.984999895095825E-001
   7.853999733924866E-001
  -6.074000000953674E-001
   5.444999933242798E-001
   6.175000071525574E-001
   8.812999725341797E-001
  -1.146999970078468E-001
   4.025000035762787E-001
   5.336999893188477E-001
   7.804999947547913E-001
   2.822999954223633E-001
  -1.973000019788742E-001
       -1.089599967002869
   5.738999843597412E-001
  -7.914999723434448E-001
  -6.891999840736389E-001
       -2.957400083541870
       -4.919400215148926
       -6.074600219726563
       -6.007999897003174
       -4.862699985504150
       -2.940700054168701
       -3.580199956893921
       -3.757499933242798
       -3.552799940109253
       -3.690299987792969
       -2.270299911499023
       -1.008399963378906
       -1.121399998664856
       -1.116799950599670
  -5.037999749183655E-001
   3.822000026702881E-001
   5.178999900817871E-001
   8.550000190734863E-002
   6.100999712944031E-001
   9.028999805450440E-001
   8.049999922513962E-002
  -1.665000021457672E-001
   4.948999881744385E-001
        1.059900045394898
        2.427999973297119
        1.131199955940247
        1.015599966049194
       -1.600900053977966
       -1.950000047683716
  -9.366000294685364E-001
       -1.052700042724609
       -1.613299965858460
       -1.235700011253357
       -1.475299954414368
       -1.011999964714050
  -3.553999960422516E-001
  -5.212000012397766E-001
  -1.344999969005585E-001
       -1.106999993324280
  -5.232999920845032E-001
       -1.233600020408630
   2.973999977111816E-001
  -6.743000149726868E-001
   2.526000142097473E-001
  -8.690999746322632E-001
   2.930000051856041E-002
   9.920000284910202E-002
  -4.144000113010407E-001
   7.950000166893005E-001
   8.759999871253967E-001
   1.405999958515167E-001
  -1.124999970197678E-001
  -2.687999904155731E-001
       -1.307100057601929
       -1.600999951362610
       -1.777500033378601
       -1.315000057220459
  -5.548999905586243E-001
   2.527999877929688E-001
  -2.071000039577484E-001
       -3.523999929428101
       -3.871700048446655
       -4.963500022888184
       -3.939100027084351
       -4.215600013732910
       -3.788300037384033
       -3.344799995422363
       -3.589099884033203
       -3.641599893569946
       -2.745899915695190
  -1.158000007271767E-001
  -6.324999928474426E-001
       -1.072199940681458
   2.870000004768372E-001
  -4.264000058174133E-001
       -1.072199940681458
  -1.647000014781952E-001
       -1.539100050926209
   4.108000099658966E-001
   9.778000116348267E-001
   7.340000271797180E-001
        1.668599963188171
        1.074699997901917
        2.263400077819824
        1.056399941444397
   1.674000024795532E-001
  -5.810999870300293E-001
       -2.217900037765503
       -3.205199956893921
       -1.444100022315979
       -3.173799991607666
       -3.174000024795532
       -2.229799985885620
       -2.284600019454956
  -8.101999759674072E-001
       -2.398400068283081
       -2.049099922180176
       -1.842499971389771
  -6.628999710083008E-001
  -5.335000157356262E-001
       -1.874699950218201
  -9.340000152587891E-001
   2.545000016689301E-001
   2.251999974250794E-001
   7.020000368356705E-002
   4.059999883174896E-001
  -3.119999915361404E-002
  -1.569000035524368E-001
  -5.489000082015991E-001
       -1.068799972534180
   2.075999975204468E-001
       -1.737400054931641
       -3.955499887466431
       -2.458600044250488
       -2.764499902725220
       -1.093099951744080
  -6.047999858856201E-001
  -4.647000133991242E-001
        1.215800046920776
  -4.817000031471252E-001
       -2.021300077438355
       -3.562400102615356
       -3.803499937057495
       -3.051000118255615
       -2.641200065612793
       -2.942600011825562
       -3.467299938201904
       -3.753400087356567
       -2.614900112152100
       -2.335599899291992
       -1.584900021553040
       -1.392500042915344
       -1.309700012207031
       -1.291100025177002
   7.914000153541565E-001
  -8.406999707221985E-001
   3.339999914169312E-002
       -1.184999942779541
  -3.488999903202057E-001
   7.839999794960022E-001
        1.895799994468689
   7.957999706268311E-001
        1.866999983787537
        1.763800024986267
   6.330999732017517E-001
  -3.467999994754791E-001
  -9.293000102043152E-001
       -1.373800039291382
       -1.578799962997437
       -1.332000017166138
       -4.674099922180176
       -3.077500104904175
       -1.588000059127808
  -5.853999853134155E-001
  -3.422000110149384E-001
       -1.917799949645996
       -2.443700075149536
       -2.778000116348267
       -1.545199990272522
  -3.984999954700470E-001
  -8.288999795913696E-001
  -5.278000235557556E-001
       -1.004899978637695
  -5.396000146865845E-001
   6.108999848365784E-001
   9.268000125885010E-001
   8.148000240325928E-001
  -4.781999886035919E-001
       -1.395400047302246
   5.177999734878540E-001
   7.527999877929688E-001
   4.751000106334686E-001
       -1.357599973678589
       -2.498100042343140
       -1.633999943733215
       -1.153399944305420
       -1.387400031089783
  -8.679999709129334E-001
       -1.530599951744080
       -1.422799944877625
       -2.557199954986572
       -4.035600185394287
       -3.908499956130981
       -3.514600038528442
       -2.889100074768066
       -2.472500085830689
       -1.781599998474121
       -1.950999975204468
       -1.674000024795532
       -3.253200054168701
       -3.431600093841553
       -1.935799956321716
  -2.608999907970429E-001
       -1.957700014114380
       -1.338799953460693
   3.449999988079071E-001
  -9.423000216484070E-001
  -8.101999759674072E-001
   2.402999997138977E-001
        1.083999991416931
        3.329699993133545
        1.790199995040894
        2.354300022125244
   6.456999778747559E-001
   8.001000285148621E-001
  -2.869999967515469E-002
  -7.069999724626541E-002
  -2.994999885559082E-001
       -1.253100037574768
  -6.292999982833862E-001
       -2.150300025939941
   3.530000150203705E-002
       -1.519000053405762
   3.050999939441681E-001
       -1.699599981307983
       -1.274700045585632
       -1.636299967765808
       -2.897900104522705
       -1.281100034713745
       -1.984699964523315
       -1.843600034713745
        1.272300004959106
        1.492200016975403
   7.975999712944031E-001
   3.666999936103821E-001
   9.207000136375427E-001
   5.770000219345093E-001
   2.264000028371811E-001
       -1.366700053215027
  -6.312999725341797E-001
  -1.993999928236008E-001
   6.570000052452087E-001
   6.060000061988831E-001
       -1.008000016212463
       -2.629100084304810
  -8.770999908447266E-001
       -1.526499986648560
  -8.594999909400940E-001
  -8.486999869346619E-001
       -2.508800029754639
       -2.144000053405762
       -1.657299995422363
       -2.016400098800659
       -2.353699922561646
       -2.322499990463257
       -1.826099991798401
  -9.254999756813049E-001
       -1.805400013923645
       -2.922100067138672
       -2.577899932861328
       -2.421000003814697
       -2.300199985504150
   7.907000184059143E-001
  -6.701999902725220E-001
       -1.217200040817261
   6.524999737739563E-001
       -1.005300045013428
  -5.863000154495239E-001
       -1.476999998092651
  -1.914999932050705E-001
        1.173200011253357
        2.441099882125855
        1.398000001907349
        1.200700044631958
   9.254000186920166E-001
   2.493000030517578E-001
  -9.631000161170960E-001
  -2.197999954223633E-001
       -1.216300010681152
  -2.790000140666962E-001
   5.286999940872192E-001
       -1.122699975967407
       -1.678300023078919
       -2.266999959945679
       -2.986099958419800
  -3.224999904632568E-001
       -1.607599973678589
       -1.163100004196167
       -2.218600034713745
       -3.521800041198731
       -1.762199997901917
   1.810999959707260E-001
  -3.445999920368195E-001
  -2.518000006675720E-001
  -7.032999992370606E-001
   3.819999992847443E-001
  -2.082999944686890E-001
   4.099999964237213E-001
       -1.360599994659424
  -4.930999875068665E-001
  -6.400000303983688E-002
  -6.808999776840210E-001
       -1.661999940872192
       -1.960299968719482
       -1.206699967384338
  -4.650000035762787E-001
  -5.379999876022339E-001
       -2.514699935913086
       -1.483299970626831
       -1.932899951934815
       -1.637799978256226
       -1.659800052642822
       -2.917799949645996
       -2.873699903488159
       -1.574100017547607
  -5.401999950408936E-001
       -1.481199979782105
       -1.845900058746338
       -2.016499996185303
       -2.958300113677979
       -2.182199954986572
  -5.105000138282776E-001
   6.444000005722046E-001
  -4.666000008583069E-001
  -4.314000010490418E-001
       -1.076200008392334
   9.939999878406525E-002
   3.905000090599060E-001
  -2.224999964237213E-001
  -7.820000052452087E-001
        1.186900019645691
   4.675999879837036E-001
   1.284999996423721E-001
   3.274999856948853E-001
        1.058200001716614
   1.649999991059303E-002
       -1.613199949264526
  -1.612000018358231E-001
   2.921999990940094E-001
   4.444999992847443E-001
       -1.547600030899048
       -1.969300031661987
       -1.151399970054627
       -3.400500059127808
       -2.530499935150147
       -2.619100093841553
   2.451999932527542E-001
       -1.055699944496155
       -1.384400010108948
       -2.634000062942505
       -1.186300039291382
  -4.855000078678131E-001
       -1.500699996948242
  -2.777000069618225E-001
   8.694000244140625E-001
   2.540000081062317E-001
   6.323999762535095E-001
   6.783000230789185E-001
  -3.901000022888184E-001
  -2.039999961853027E-001
  -9.904000163078308E-001
  -6.122000217437744E-001
  -6.715999841690064E-001
       -1.263599991798401
       -1.623900055885315
  -5.536000132560730E-001
  -5.350999832153320E-001
       -1.471899986267090
       -1.631100058555603
  -9.296000003814697E-001
       -1.918900012969971
       -2.234999895095825
       -2.712599992752075
       -1.815999984741211
  -6.423000097274780E-001
  -8.609999716281891E-002
  -8.568000197410584E-001
       -1.448199987411499
       -2.255500078201294
       -1.546900033950806
       -1.638700008392334
  -4.541999995708466E-001
  -3.104000091552734E-001
  -8.634999990463257E-001
       -1.273000001907349
   5.160999894142151E-001
   4.327999949455261E-001
   1.097000017762184E-001
   2.757000029087067E-001
  -3.878000080585480E-001
        1.594900012016296
  -1.228000000119209E-001
   9.793999791145325E-001
  -8.747000098228455E-001
   2.709000110626221E-001
   9.157000184059143E-001
   7.512000203132629E-001
   5.331000089645386E-001
        1.120599985122681
  -4.745999872684479E-001
       -2.985800027847290
       -3.280600070953369
       -2.511899948120117
       -3.768100023269653
       -2.672699928283691
       -1.792400002479553
       -2.108799934387207
       -2.215899944305420
       -1.864099979400635
       -2.325599908828735
       -2.882499933242798
       -3.038599967956543
       -1.833299994468689
       -3.322900056838989
   9.348999857902527E-001
  -3.095999956130981E-001
        1.050099968910217
        1.183200001716614
   5.135999917984009E-001
  -4.899999871850014E-002
  -3.364000022411346E-001
  -6.588000059127808E-001
       -1.173400044441223
       -2.148600101470947
       -1.247699975967407
       -1.118199944496155
  -3.856999874114990E-001
       -1.714699983596802
       -1.723399996757507
       -1.304100036621094
  -5.393000245094299E-001
       -1.690000057220459
       -3.851300001144409
       -2.582499980926514
   4.352999925613403E-001
  -3.508000075817108E-001
  -5.359999835491180E-002
  -1.381999999284744E-001
  -1.473000049591065E-001
        1.169299960136414
   2.481999993324280E-001
       -1.737200021743774
  -2.381000071763992E-001
        1.073300004005432
       -1.589300036430359
  -5.220000073313713E-002
   4.174000024795532E-001
   5.145000219345093E-001
   3.998999893665314E-001
  -1.757999956607819E-001
  -8.240000158548355E-002
  -6.409999728202820E-002
  -1.428000032901764E-001
   6.176000237464905E-001
   5.257999897003174E-001
        1.597800016403198
        1.543300032615662
        1.452200055122376
        2.492700099945068
  -1.359000056982040E-001
  -8.689000010490418E-001
       -1.421800017356873
       -1.545099973678589
       -2.586499929428101
       -2.000799894332886
       -1.841500043869019
       -2.142499923706055
       -3.175100088119507
       -3.334199905395508
       -2.897099971771240
       -2.557199954986572
       -2.715300083160400
       -3.593699932098389
       -5.123899936676025
  -4.648000001907349E-001
   1.849000006914139E-001
        2.206500053405762
        2.442100048065186
        1.154000043869019
  -5.330000072717667E-002
   3.885999917984009E-001
       -1.700700044631958
       -1.879799962043762
       -2.266099929809570
  -8.720999956130981E-001
       -1.809100031852722
       -1.233999967575073
       -1.872799992561340
       -2.660300016403198
  -2.441000044345856E-001
  -2.624000012874603E-001
       -2.833600044250488
       -2.938600063323975
  -7.317000031471252E-001
   7.581999897956848E-001
        1.071400046348572
        1.955999970436096
        2.354399919509888
        1.190799951553345
        1.381999969482422
   2.867999970912933E-001
  -4.474999904632568E-001
   7.243000268936157E-001
   4.573000073432922E-001
   9.539999961853027E-001
  -3.702000081539154E-001
  -1.101000010967255E-001
   9.032999873161316E-001
  -2.942000031471252E-001
  -1.978999972343445E-001
   8.579999953508377E-002
   4.232999980449677E-001
       -1.458899974822998
  -4.785999953746796E-001
   2.485000044107437E-001
        1.582700014114380
        2.119899988174439
        1.827999949455261
        2.667799949645996
  -1.649000048637390E-001
       -2.065399885177612
  -8.432000279426575E-001
       -1.512400031089783
       -2.475500106811523
       -1.692499995231628
  -9.563000202178955E-001
       -2.273799896240234
       -2.944499969482422
       -1.280099987983704
       -2.853100061416626
       -3.544500112533569
       -2.006200075149536
       -1.446900010108948
       -3.047899961471558
   2.416999936103821E-001
   1.292999982833862E-001
        1.978500008583069
        2.279900074005127
        2.469399929046631
   9.656999707221985E-001
   6.283000111579895E-001
  -1.349000036716461E-001
  -1.211000010371208E-001
       -1.949900031089783
  -9.969000220298767E-001
       -1.108000040054321
       -1.179600000381470
       -2.467900037765503
       -1.917400002479553
  -2.600000007078052E-003
  -1.199999973177910E-001
       -1.641999959945679
       -2.180399894714356
       -1.454200029373169
   1.362999975681305E-001
        1.704699993133545
        1.931499958038330
        2.506400108337402
        3.097300052642822
        1.091500043869019
   5.976999998092651E-001
  -1.062000021338463E-001
        1.408100008964539
  -4.529999941587448E-002
   7.807999849319458E-001
        1.106500029563904
   8.802999854087830E-001
   3.765999972820282E-001
  -8.874999880790710E-001
  -7.824000120162964E-001
   8.165000081062317E-001
  -8.126000165939331E-001
  -3.122999966144562E-001
  -8.511999845504761E-001
   8.215000033378601E-001
        1.097900032997131
        1.637400031089783
        1.843700051307678
   9.386000037193298E-001
   1.610000059008598E-002
       -1.326799988746643
       -1.135200023651123
       -1.426399946212769
       -1.049200057983398
       -1.172299981117249
       -1.311699986457825
       -2.579699993133545
       -2.514499902725220
       -2.687700033187866
       -3.557199954986572
       -2.596100091934204
       -1.735800027847290
       -1.990700006484985
       -2.282000064849854
       -1.172299981117249
  -1.432999968528748E-001
        1.010400056838989
        2.142600059509277
        1.521600008010864
        1.127099990844727
  -5.299000144004822E-001
   3.630999922752380E-001
  -2.949000000953674E-001
   4.891000092029572E-001
  -4.959999918937683E-001
  -8.736000061035156E-001
  -7.347999811172485E-001
       -1.708400011062622
       -2.471999883651733
       -1.514000058174133
       -1.082800030708313
       -1.304499983787537
       -2.390199899673462
       -1.466599941253662
   2.623000144958496E-001
        1.319300055503845
        1.866099953651428
        2.521199941635132
        2.513799905776978
        1.679700016975403
   7.391999959945679E-001
       -1.125300049781799
   8.737000226974487E-001
        1.330199956893921
        2.769700050354004
        2.247800111770630
        1.784299969673157
  -2.691999971866608E-001
       -1.188400030136108
        1.202399969100952
   1.701000034809113E-001
  -3.091999888420105E-001
  -9.757999777793884E-001
  -8.213000297546387E-001
  -4.165999889373779E-001
  -3.935999870300293E-001
        1.119600057601929
   9.121999740600586E-001
   2.231999933719635E-001
       -1.897199988365173
  -3.950000107288361E-001
       -1.107800006866455
       -2.062700033187866
       -1.008800029754639
   6.226000189781189E-001
  -8.737000226974487E-001
       -2.732899904251099
       -2.817800045013428
       -1.918099999427795
       -2.059299945831299
  -9.139999747276306E-001
       -2.188199996948242
       -2.064599990844727
       -2.923799991607666
       -1.052700042724609
   4.465000033378601E-001
        1.661499977111816
        2.309700012207031
        4.205399990081787
        2.151499986648560
        1.548200011253357
  -2.820000052452087E-001
  -9.799999743700028E-002
   7.411000132560730E-001
   7.049999833106995E-001
  -9.070000052452087E-001
       -1.374899983406067
  -1.009999960660934E-002
  -4.524999856948853E-001
       -1.758000016212463
       -2.846800088882446
       -2.830300092697144
  -8.621000051498413E-001
  -6.599000096321106E-001
  -1.022000014781952E-001
   7.918000221252441E-001
        1.524999976158142
        2.414000034332275
  -4.463999867439270E-001
        1.597800016403198
        1.424399971961975
   7.785000205039978E-001
   9.973000288009644E-001
        1.844699978828430
        2.776999950408936
   9.654999971389771E-001
        1.662400007247925
        1.115900039672852
   5.236999988555908E-001
        1.297700047492981
  -1.647000014781952E-001
   2.345999926328659E-001
   1.176000013947487E-001
       -1.149700045585632
       -2.222700119018555
       -1.295699954032898
  -2.498999983072281E-001
   5.519999936223030E-002
  -2.648999989032745E-001
  -6.036000251770020E-001
  -3.625000119209290E-001
       -1.770799994468689
  -7.407000064849854E-001
       -1.218299984931946
       -1.072600007057190
       -1.745100021362305
       -2.125099897384644
       -1.473099946975708
       -2.215899944305420
       -1.010599970817566
   2.114000022411346E-001
       -1.751199960708618
       -2.108999967575073
       -3.577399969100952
       -1.090299963951111
       -1.759299993515015
        1.435999989509583
        2.994100093841553
        4.818500041961670
        4.198699951171875
        4.545300006866455
        3.176500082015991
        2.666699886322022
  -2.569999992847443E-001
   8.345000147819519E-001
   2.249999940395355E-001
   8.065999746322632E-001
  -1.159999985247850E-002
  -5.853000283241272E-001
  -5.141999721527100E-001
       -1.845399975776672
       -1.658499956130981
  -9.640000015497208E-002
  -6.830000281333923E-001
   7.297000288963318E-001
   7.544000148773193E-001
        1.016800045967102
        1.028800010681152
   7.899000048637390E-001
   4.982999861240387E-001
   3.260000050067902E-002
   5.816000103950501E-001
   5.274999737739563E-001
        1.736199975013733
        1.127099990844727
        2.260499954223633
        2.068399906158447
        1.669899940490723
   2.621999979019165E-001
   2.450000047683716E-001
  -2.551999986171722E-001
  -6.129000186920166E-001
       -2.223799943923950
       -2.862099885940552
       -2.293900012969971
       -1.154000043869019
       -1.716599941253662
       -1.232800006866455
       -1.450199961662293
       -1.229900002479553
       -2.029299974441528
       -2.911700010299683
       -2.301700115203857
       -1.579399943351746
       -1.437500000000000
  -8.482000231742859E-001
       -1.536399960517883
       -1.980700016021729
       -2.405900001525879
       -1.037899971008301
       -1.067100048065186
       -1.987200021743774
       -1.397600054740906
  -6.220999956130981E-001
       -1.392099976539612
  -5.728999972343445E-001
   9.136999845504761E-001
        2.461800098419190
        3.641700029373169
        4.236499786376953
        4.076000213623047
        2.448199987411499
        1.637899994850159
        1.449499964714050
   3.235000073909760E-001
        1.320799946784973
        1.371600031852722
        2.067800045013428
   9.340000152587891E-001
  -1.176000013947487E-001
       -2.050199985504150
       -2.238399982452393
  -9.178000092506409E-001
       -1.278900027275085
       -1.304499983787537
  -4.016999900341034E-001
        1.455500006675720
        2.165299892425537
        2.021399974822998
        1.142899990081787
  -4.022000133991242E-001
  -6.384000182151794E-001
        1.211400032043457
        1.018200039863586
        1.410899996757507
        2.266000032424927
        3.722800016403198
        2.321300029754639
  -5.900000035762787E-002
  -3.720999956130981E-001
  -5.365999937057495E-001
       -1.610999941825867
       -2.340199947357178
       -3.917500019073486
       -2.017899990081787
       -2.555399894714356
       -3.774600028991699
       -3.723799943923950
       -2.278100013732910
       -2.771899938583374
       -2.629800081253052
       -2.336899995803833
       -3.566499948501587
       -2.934600114822388
       -1.150400042533875
  -9.725999832153320E-001
   6.891000270843506E-001
       -1.649899959564209
       -2.446899890899658
       -1.495800018310547
  -8.166000247001648E-001
       -1.260300040245056
  -4.593999981880188E-001
   2.560000121593475E-001
   6.431000232696533E-001
        1.031200051307678
        2.417900085449219
        2.955100059509277
        3.281899929046631
        3.746099948883057
        3.359600067138672
        2.541100025177002
        1.177000045776367
        1.682999968528748
        1.409800052642822
        1.563300013542175
        1.062100052833557
  -3.229999914765358E-002
   1.729999929666519E-001
   3.174999952316284E-001
       -1.296399950981140
       -1.077100038528442
       -2.487999916076660
  -4.372000098228455E-001
   4.410000145435333E-002
   2.307000011205673E-001
        1.645200014114380
        2.095299959182739
        2.213700056076050
        1.551399946212769
   2.935000061988831E-001
  -6.025000214576721E-001
   5.842000246047974E-001
   9.257000088691711E-001
        2.952199935913086
        2.632499933242798
        2.205499887466431
   4.230999946594238E-001
  -2.132000029087067E-001
  -7.311000227928162E-001
       -1.055899977684021
   7.617999911308289E-001
       -1.223199963569641
       -2.238100051879883
       -2.062299966812134
       -2.262399911880493
       -2.890500068664551
       -2.476999998092651
       -2.346400022506714
       -1.955999970436096
       -2.475500106811523
       -3.038599967956543
       -3.191200017929077
       -2.371400117874146
       -1.950999975204468
   3.310000151395798E-002
  -9.613999724388123E-001
  -8.884000182151794E-001
       -2.172499895095825
  -4.311000108718872E-001
  -6.621999740600586E-001
  -8.475999832153320E-001
  -8.052999973297119E-001
   3.515000045299530E-001
        2.963500022888184
        2.120500087738037
        2.905200004577637
        2.701999902725220
        3.329200029373169
        4.022299766540527
        3.988399982452393
        3.202300071716309
        1.530900001525879
        3.191900014877319
        3.709000110626221
        1.168900012969971
   6.144999861717224E-001
        1.455999970436096
        1.138900041580200
  -1.290999948978424E-001
  -9.999999776482582E-003
       -1.998200058937073
       -1.371199965476990
       -1.473500013351440
   8.222000002861023E-001
   5.184999704360962E-001
  -4.072999954223633E-001
   1.739999949932098E-001
        1.900400042533875
        1.039499998092651
   9.078999757766724E-001
   1.680999994277954E-001
   3.061000108718872E-001
   2.800000011920929E-001
        1.484799981117249
        2.204400062561035
   4.289999976754189E-002
       -1.372300028800964
       -1.560700058937073
   1.854999959468842E-001
        1.810299992561340
        1.637099981307983
        1.234500050544739
  -6.319999694824219E-002
  -6.674000024795532E-001
       -1.948799967765808
       -2.544699907302856
       -3.315500020980835
       -4.520999908447266
       -3.023799896240234
       -2.769799947738648
       -3.093199968338013
       -2.379600048065186
       -2.805200099945068
       -2.896399974822998
  -1.130999997258186E-001
   4.629000127315521E-001
       -1.441200017929077
  -6.513000130653381E-001
  -2.460000067949295E-001
       -1.170199990272522
       -1.314299941062927
  -4.982999861240387E-001
  -8.342000246047974E-001
        3.958400011062622
        3.122800111770630
        3.455499887466431
        2.828399896621704
        2.021199941635132
        2.848500013351440
        2.036600112915039
        1.961899995803833
        1.789000034332275
        2.657500028610230
        1.960899949073792
   2.946999967098236E-001
   3.779999911785126E-001
        1.138599991798401
        1.065500020980835
       -1.638700008392334
  -6.793000102043152E-001
  -3.662999868392944E-001
       -1.216899991035461
       -1.513399958610535
   5.809000134468079E-001
   1.607999950647354E-001
  -6.790000200271606E-001
   7.860000133514404E-001
        1.670500040054321
  -4.814999997615814E-001
        1.107100009918213
   4.133000075817108E-001
   9.053000211715698E-001
   1.810000091791153E-002
        1.181900024414063
        1.304399967193604
        1.151900053024292
  -7.717000246047974E-001
   6.453999876976013E-001
        1.364500045776367
        2.551100015640259
        1.410500049591065
        1.429399967193604
        1.317999958992004
   2.567999958992004E-001
       -1.316699981689453
       -2.313800096511841
       -2.477400064468384
       -2.947499990463257
       -2.952399969100952
       -3.591700077056885
       -2.350600004196167
       -1.947499990463257
  -7.124999761581421E-001
  -6.535000205039978E-001
       -2.008800029754639
  -4.476000070571899E-001
       -1.481999993324280
   3.007000088691711E-001
  -6.790000200271606E-002
  -9.068999886512756E-001
   1.230999976396561E-001
  -3.359000086784363E-001
   4.910000041127205E-002
        3.642299890518189
        3.798899888992310
        3.675600051879883
        3.232300043106079
        2.611900091171265
        2.281199932098389
        2.511600017547607
        1.295199990272522
        1.089100003242493
   2.551999986171722E-001
  -8.320999741554260E-001
  -8.899999782443047E-003
   4.192000031471252E-001
   2.074999958276749E-001
  -2.151000052690506E-001
       -1.301699995994568
       -1.220999956130981
  -7.810000181198120E-001
  -3.506999909877777E-001
  -2.284000068902969E-001
        1.059299945831299
   3.436000049114227E-001
  -9.269999712705612E-002
   9.505000114440918E-001
  -2.951000034809113E-001
       -1.419800043106079
  -5.752999782562256E-001
   2.475000023841858E-001
   8.709999918937683E-002
  -9.043999910354614E-001
   4.160999953746796E-001
   8.601999878883362E-001
   9.510000050067902E-002
  -5.921000242233276E-001
        2.421000003814697
        2.883599996566773
        2.996500015258789
        2.254899978637695
        1.323899984359741
        1.116500020027161
        1.751600027084351
        1.376199960708618
       -2.034699916839600
  -4.422000050544739E-001
       -1.589800000190735
  -1.243000030517578E-001
       -2.439500093460083
       -1.593700051307678
       -2.630700111389160
   3.185999989509583E-001
  -9.743999838829041E-001
       -2.439699888229370
  -1.557999998331070E-001
   9.911000132560730E-001
        1.979799985885620
  -2.134999930858612E-001
        1.083400011062622
   7.350000143051148E-001
  -1.299999952316284E-001
  -1.137000024318695E-001
        2.407099962234497
        2.695100069046021
        3.248600006103516
        2.287899971008301
        2.246700048446655
        2.051100015640259
        1.931800007820129
        2.038100004196167
  -1.544999927282333E-001
   2.108000069856644E-001
  -6.460999846458435E-001
   4.194999933242798E-001
        1.156499981880188
        1.258800029754639
   5.490999817848206E-001
       -1.358299970626831
   3.125999867916107E-001
        1.036499977111816
  -4.065000116825104E-001
  -8.790000081062317E-001
  -9.764000177383423E-001
   9.700000286102295E-003
   7.120000123977661E-001
        1.430600047111511
   8.770999908447266E-001
       -1.233500003814697
  -8.671000003814697E-001
   4.447999894618988E-001
       -1.386100053787231
  -9.771000146865845E-001
       -1.183699965476990
   4.318999946117401E-001
        1.013000011444092
   8.906999826431274E-001
        2.459000110626221
        2.237999916076660
        1.567399978637695
        2.382999897003174
        1.851899981498718
   2.425000071525574E-001
        2.743200063705444
        1.388800024986267
   2.732000052928925E-001
        1.558200001716614
  -1.922000050544739E-001
  -6.238999962806702E-001
  -1.342000067234039E-001
   3.197000026702881E-001
  -7.103000283241272E-001
       -1.239199995994568
       -1.156299948692322
  -9.871000051498413E-001
   9.631999731063843E-001
        2.019000053405762
        1.294199943542481
        1.491500020027161
        1.619699954986572
   9.294999837875366E-001
   8.460000157356262E-002
  -5.070000141859055E-002
        1.378399968147278
   7.494000196456909E-001
        1.233600020408630
        1.891499996185303
        1.706900000572205
        2.430099964141846
        2.525300025939941
        2.032900094985962
        2.452899932861328
   4.972999989986420E-001
  -3.630000054836273E-001
   3.856000006198883E-001
        1.245000004768372
        1.346500039100647
   2.192000001668930E-001
   6.241999864578247E-001
        1.303099989891052
        1.179700016975403
   1.475999951362610E-001
  -6.725999712944031E-001
   1.840000040829182E-002
   7.434999942779541E-001
   6.626999974250794E-001
   4.569000005722046E-001
  -2.811999917030335E-001
   3.043000102043152E-001
   5.210000276565552E-001
       -1.749899983406067
       -2.598599910736084
  -7.781999707221985E-001
       -1.221099972724915
        1.248900055885315
   7.418000102043152E-001
        1.934800028800964
        1.798900008201599
        1.615599989891052
        1.445000052452087
        3.136699914932251
        2.438400030136108
        1.855100035667419
        3.585099935531616
        2.862900018692017
        2.824800014495850
        2.130800008773804
        1.219699978828430
  -2.524000108242035E-001
       -1.411499977111816
        1.326799988746643
   4.797999858856201E-001
  -4.350999891757965E-001
   9.345999956130981E-001
   1.054000034928322E-001
        1.466099977493286
        1.739899992942810
        1.774299979209900
        2.093699932098389
   4.318999946117401E-001
        1.083699941635132
   7.207000255584717E-001
        1.122900009155273
   2.270000055432320E-002
        1.226300001144409
   7.953000068664551E-001
        1.649199962615967
        2.654099941253662
        2.770999908447266
        3.042299985885620
        3.496599912643433
        1.207299947738648
  -6.046000123023987E-001
  -2.134999930858612E-001
  -8.036999702453613E-001
   4.702000021934509E-001
   7.491000294685364E-001
        1.271100044250488
        1.017300009727478
   5.654000043869019E-001
        1.188799977302551
   5.594999790191650E-001
   4.142999947071075E-001
  -5.350000038743019E-002
        1.312100052833557
   1.436000019311905E-001
  -3.080999851226807E-001
  -2.142000049352646E-001
       -1.404500007629395
       -2.177599906921387
  -5.171999931335449E-001
       -1.304700016975403
   1.574999988079071E-001
   2.230000048875809E-001
        1.128399968147278
        2.006799936294556
        1.976300001144409
        2.378599882125855
        2.220000028610230
        2.690700054168701
        3.767699956893921
        3.284300088882446
        3.276700019836426
        2.802200078964233
        3.001899957656860
        3.077199935913086
        1.651999950408936
   4.235000014305115E-001
   7.181000113487244E-001
       -1.447900056838989
   4.508000016212463E-001
   3.670000135898590E-001
   2.202000021934509E-001
   6.775000095367432E-001
        1.614599943161011
        1.368299961090088
        1.803200006484985
        2.695600032806397
        2.071399927139282
        1.445600032806397
        1.347800016403198
        1.184200048446655
        1.813400030136108
   4.539999961853027E-001
        1.728600025177002
   6.212000250816345E-001
        1.635100007057190
        2.828000068664551
        3.007400035858154
        3.648900032043457
        1.910099983215332
        1.554900050163269
        1.560199975967407
   9.713000059127808E-001
        1.273000001907349
        1.862200021743774
        1.100900053977966
   1.086999997496605E-001
   5.695000290870667E-001
        2.040800094604492
   5.105999708175659E-001
   1.387999951839447E-001
        1.345700025558472
        1.597200036048889
   9.567999839782715E-001
  -8.730000257492065E-001
  -2.734000086784363E-001
   6.963999867439270E-001
  -7.863000035285950E-001
   4.830000102519989E-001
       -1.432500004768372
  -9.222999811172485E-001
  -5.169000029563904E-001
   4.753000140190125E-001
   2.432000041007996E-001
   7.278000116348267E-001
        1.655900001525879
   8.170999884605408E-001
        2.082200050354004
        1.721799969673157
        3.079900026321411
        4.349800109863281
        4.911900043487549
        2.972599983215332
        2.560199975967407
        2.192699909210205
        1.367100000381470
   6.428999900817871E-001
   2.515999972820282E-001
  -2.250000089406967E-002
   6.661999821662903E-001
   8.592000007629395E-001
   3.892000019550324E-001
   8.205000162124634E-001
        2.369699954986572
        2.166500091552734
        2.802200078964233
        3.286900043487549
        3.276700019836426
        1.947499990463257
   1.059999968856573E-002
   8.889999985694885E-001
        1.134099960327148
   3.926999866962433E-001
   5.947999954223633E-001
   9.498000144958496E-001
        1.300899982452393
        1.668699979782105
        1.642300009727478
        2.515700101852417
        2.428299903869629
        1.130399942398071
        1.629899978637695
        1.512199997901917
        1.554700016975403
        1.861700057983398
        2.940299987792969
        4.494200229644775
        2.000799894332886
        2.832900047302246
        2.541399955749512
        2.419800043106079
        3.078799962997437
        2.839200019836426
        1.829499959945679
        1.471600055694580
   7.782999873161316E-001
        1.745499968528748
   1.301999986171722E-001
   6.324999928474426E-001
  -3.670000135898590E-001
  -9.904999732971191E-001
   8.848999738693237E-001
        2.515000104904175
   3.571000099182129E-001
   7.689999788999558E-002
        1.874600052833557
   8.619999885559082E-001
        1.273900032043457
        2.224999904632568
        1.141899943351746
        2.238399982452393
        1.987800002098084
        2.883800029754639
        3.662300109863281
   4.787999987602234E-001
   3.680999875068665E-001
        1.356999993324280
  -3.738000094890595E-001
   4.839999973773956E-001
       -1.089300036430359
  -6.747999787330627E-001
  -2.685999870300293E-001
        1.989199995994568
        2.328200101852417
        2.496900081634522
        2.434200048446655
        3.102299928665161
        2.239700078964233
        2.358099937438965
        2.608799934387207
        2.345900058746338
        1.849799990653992
   6.599000096321106E-001
   9.338999986648560E-001
   2.256000041961670E-001
   8.726999759674072E-001
   8.209000229835510E-001
        1.459800004959106
        1.490900039672852
        1.317100048065186
        1.787899971008301
        1.603899955749512
        2.146600008010864
        2.323100090026856
        1.793900012969971
        3.610800027847290
        3.099600076675415
        3.303699970245361
        3.397500038146973
        2.891900062561035
        4.252799987792969
        4.586699962615967
        4.038099765777588
        2.414499998092651
        2.314699888229370
        1.537299990653992
        1.052000045776367
   4.327999949455261E-001
   8.744999766349793E-001
  -3.449999988079071E-001
  -6.849999725818634E-002
        2.133199930191040
        1.389000058174133
   6.327000260353088E-001
   5.314999818801880E-001
        1.536800026893616
        1.823899984359741
        1.148200035095215
        2.677700042724609
        1.194399952888489
        2.783499956130981
        2.159899950027466
        2.883199930191040
        2.405600070953369
        1.945000052452087
        1.383800029754639
        1.271900057792664
   2.320999950170517E-001
  -6.913999915122986E-001
  -7.105000019073486E-001
       -1.104799985885620
  -5.572000145912170E-001
   3.319000005722046E-001
        1.773800015449524
        2.202100038528442
        3.777499914169312
        3.779799938201904
        2.524800062179565
        2.051399946212769
        1.287899971008301
        2.612099885940552
        3.010299921035767
        1.777799963951111
        2.319299936294556
   9.423000216484070E-001
   9.122999906539917E-001
        1.640100002288818
   9.104999899864197E-001
   4.639999940991402E-002
        1.757899999618530
        3.489000082015991
        2.663199901580811
        1.935099959373474
        1.651900053024292
        4.477499961853027
        4.503699779510498
        3.388099908828735
        5.288899898529053
        4.662700176239014
        4.739600181579590
        4.389699935913086
        4.789500236511231
        5.520699977874756
        1.626999974250794
        2.117500066757202
        1.442999958992004
        3.124099969863892
        1.093600034713745
        1.149099946022034
  -1.022000014781952E-001
       -1.289100050926209
        1.115200042724609
   7.074999809265137E-001
  -3.862000107765198E-001
   5.703999996185303E-001
        1.944599986076355
   1.897000074386597E-001
        1.289999961853027
        1.195899963378906
        3.536999940872192
        2.740099906921387
        2.688999891281128
        2.453299999237061
        1.259199976921082
   7.010000199079514E-002
  -1.172000020742416E-001
   7.714999914169312E-001
  -5.626999735832214E-001
       -1.011100053787231
       -1.918300032615662
       -1.554800033569336
       -1.530099987983704
   9.172999858856201E-001
        2.392800092697144
        3.309400081634522
        1.950600028038025
        3.042999982833862
        2.236599922180176
   9.286000132560730E-001
        1.378499984741211
        1.565600037574768
        2.304600000381470
        2.766099929809570
        2.790699958801270
   3.914000093936920E-001
   4.772999882698059E-001
   3.380999863147736E-001
   5.817999839782715E-001
   7.156000137329102E-001
        1.546900033950806
        3.075500011444092
        2.436899900436401
        2.437299966812134
        2.036700010299683
        1.485000014305115
        3.149800062179565
        3.757699966430664
        4.188600063323975
        6.506899833679199
        6.628600120544434
        4.439300060272217
        3.076800107955933
        2.791199922561646
        2.205300092697144
        3.752300024032593
        3.497999906539917
        3.139400005340576
        2.163399934768677
        1.464900016784668
        1.081799983978272
  -5.264999866485596E-001
       -1.357800006866455
  -9.197999835014343E-001
  -2.556000053882599E-001
   1.541000008583069E-001
  -5.820000171661377E-002
        1.178099989891052
        1.913100004196167
   2.176000028848648E-001
        1.964300036430359
        3.276299953460693
        1.752599954605103
   7.269999980926514E-001
  -9.829999804496765E-001
       -1.385800004005432
  -4.257999956607819E-001
  -4.679999873042107E-002
       -3.591900110244751
       -2.796099901199341
       -1.947700023651123
       -2.489900112152100
       -1.179299950599670
   8.349999785423279E-001
        1.751500010490418
        1.138200044631958
   8.276000022888184E-001
   5.627999901771545E-001
   7.770000100135803E-001
        1.424200057983398
        1.115499973297119
        1.208299994468689
        2.587800025939941
        3.134399890899658
        2.695800065994263
        1.623900055885315
        1.742100000381470
  -7.810999751091003E-001
  -1.231999993324280E-001
   5.680999755859375E-001
        1.703999996185303
        1.124500036239624
   7.735999822616577E-001
        1.318500041961670
        1.234400033950806
        1.677299976348877
        2.082999944686890
        1.325899958610535
        4.129899978637695
        4.790400028228760
        5.630199909210205
        4.600999832153320
        2.877700090408325
        2.774399995803833
        3.929199934005737
        2.915400028228760
        3.188299894332886
        2.770999908447266
        1.513599991798401
        1.256999969482422
   7.300000190734863E-001
  -4.654999971389771E-001
  -8.542000055313110E-001
  -2.906999886035919E-001
  -2.400000113993883E-003
   8.000000379979610E-003
  -4.582000076770783E-001
   8.572999835014343E-001
   4.420999884605408E-001
  -1.545999944210053E-001
        1.115399956703186
        1.632200002670288
        2.119800090789795
        1.931699991226196
   2.741999924182892E-001
       -1.032600045204163
  -8.393999934196472E-001
       -1.315999984741211
       -1.817800045013428
       -1.975200057029724
       -2.220499992370606
       -3.934400081634522
       -1.427600026130676
        1.031299948692322
  -2.046999931335449E-001
  -6.320999860763550E-001
  -3.673000037670136E-001
  -5.510000139474869E-002
   9.993000030517578E-001
        1.153399944305420
  -5.719999969005585E-002
        1.283499956130981
        2.209300041198731
        3.345799922943115
        1.895799994468689
        1.236899971961975
   8.603000044822693E-001
   7.573999762535095E-001
   4.693999886512756E-001
  -5.152000188827515E-001
   5.271000266075134E-001
   8.127999901771545E-001
   2.330999970436096E-001
        1.620100021362305
        1.315700054168701
   9.315000176429749E-001
        1.073099970817566
        1.212200045585632
        2.145499944686890
        3.446700096130371
        4.522200107574463
        4.442399978637695
        3.086600065231323
        2.055999994277954
        1.412099957466126
   4.623999893665314E-001
        3.068599939346314
        2.634099960327148
   9.061999917030335E-001
  -3.619999885559082E-001
  -1.917999982833862E-001
  -6.345999836921692E-001
   3.220000118017197E-002
   2.435999959707260E-001
        1.855100035667419
        1.089400053024292
        1.320299983024597
   8.609999716281891E-002
  -2.518999874591827E-001
   9.989999979734421E-002
        1.706099987030029
        1.784299969673157
        1.897199988365173
        2.277199983596802
        1.676800012588501
  -3.139999881386757E-002
  -8.479999750852585E-002
       -1.987800002098084
       -1.894099950790405
  -7.142000198364258E-001
       -2.330600023269653
       -2.688400030136108
       -1.118600010871887
  -6.567000150680542E-001
  -2.339999973773956E-001
  -1.685999929904938E-001
   4.090000092983246E-001
   1.418000012636185E-001
        1.788300037384033
  -7.703999876976013E-001
       -1.411499977111816
   3.704999983310700E-001
   8.021000027656555E-001
        1.565799951553345
   2.777000069618225E-001
   9.113000035285950E-001
  -2.529999986290932E-002
        1.335999965667725
       -1.910799980163574
  -7.857000231742859E-001
   2.045000046491623E-001
   5.313000082969666E-001
   2.612999975681305E-001
  -1.867000013589859E-001
  -6.144000291824341E-001
  -1.549999974668026E-002
       -2.065299987792969
   3.646000027656555E-001
        1.480000019073486
        1.327299952507019
        2.089999914169312
        1.779000043869019
        1.866500020027161
   4.340000078082085E-002
       -1.293300032615662
  -4.950999915599823E-001
   2.316000014543533E-001
        1.016899943351746
       -1.245800018310547
  -9.397000074386597E-001
       -1.119500041007996
       -1.028800010681152
  -2.002000063657761E-001
        1.528399944305420
        1.631199955940247
        2.411600112915039
        2.588900089263916
   9.254999756813049E-001
   4.129000008106232E-001
   6.989999860525131E-002
   7.310000061988831E-001
        1.722200036048889
        1.199599981307983
   9.923999905586243E-001
   8.327000141143799E-001
   7.109999656677246E-002
  -6.751000285148621E-001
  -2.291000038385391E-001
   2.187999933958054E-001
  -6.779000163078308E-001
  -9.455000162124634E-001
       -2.133500099182129
       -1.273000001907349
       -1.325700044631958
   5.171999931335449E-001
   6.862000226974487E-001
   3.242999911308289E-001
   3.639999926090241E-001
        1.112100005149841
  -5.629999935626984E-002
        1.572399973869324
        1.696699976921082
        1.712599992752075
   4.426999986171722E-001
  -8.167999982833862E-001
       -1.000100016593933
  -5.715000033378601E-001
   2.295999974012375E-001
   9.759999811649323E-002
       -1.135100007057190
  -3.170000016689301E-001
   6.176000237464905E-001
  -9.619999676942825E-002
   2.065999954938889E-001
  -9.103000164031982E-001
       -1.582800030708313
   5.748000144958496E-001
  -1.564999967813492E-001
   3.208000063896179E-001
   9.435999989509583E-001
   9.625999927520752E-001
   5.551000237464905E-001
  -9.851999878883362E-001
       -1.239199995994568
       -1.370900034904480
       -1.286399960517883
  -3.880999982357025E-001
  -8.585000038146973E-001
       -1.499400019645691
       -2.246400117874146
       -2.979000091552734
       -2.999599933624268
       -2.628299951553345
       -1.257799983024597
        1.291700005531311
        2.537100076675415
        1.447900056838989
   7.103999853134155E-001
  -4.584999978542328E-001
        1.184399962425232
        1.682100057601929
        1.904299974441528
        1.220999956130981
   3.345000147819519E-001
  -9.527999758720398E-001
   1.969999969005585E-001
   4.440999925136566E-001
        1.782500028610230
   7.113000154495239E-001
       -1.004500031471252
  -2.404000014066696E-001
   4.820000007748604E-002
   7.863000035285950E-001
        1.532999992370606
   6.100000143051148E-001
   9.549999833106995E-001
  -4.727999866008759E-001
   6.583999991416931E-001
        2.732199907302856
        1.595999956130981
        1.010200023651123
   8.686000108718872E-001
        2.020600080490112
       -1.412899971008301
       -1.048099994659424
  -3.064999878406525E-001
   8.439000248908997E-001
   4.234000146389008E-001
   6.414999961853027E-001
       -1.146999955177307
   1.370999962091446E-001
   3.125999867916107E-001
   3.169000148773193E-001
  -6.851000189781189E-001
       -1.908699989318848
       -1.676300048828125
       -1.386299967765808
       -1.710800051689148
   5.636000037193298E-001
  -9.672999978065491E-001
  -2.515000104904175E-001
   8.179999887943268E-002
  -7.412999868392944E-001
  -1.791999936103821E-001
  -2.072000056505203E-001
       -1.367300033569336
       -1.119500041007996
       -1.332000017166138
       -1.898000001907349
       -1.726899981498718
       -3.552700042724609
       -3.853399991989136
       -2.353899955749512
       -2.089900016784668
   7.174000144004822E-001
        1.793400049209595
        1.839800000190735
        1.970499992370606
        2.619600057601929
        1.316599965095520
        2.128799915313721
        1.513599991798401
        1.779899954795837
   3.729000091552734E-001
  -2.698000073432922E-001
   8.400999903678894E-001
   4.277000129222870E-001
   9.700000286102295E-002
   8.098999857902527E-001
   3.612999916076660E-001
   2.775999903678894E-001
   9.164999723434448E-001
        1.178900003433228
        1.335299968719482
        2.279299974441528
   1.287000030279160E-001
        1.274899959564209
        1.922500014305115
        2.458100080490112
        2.720099925994873
        2.007600069046021
   8.364999890327454E-001
   9.447000026702881E-001
       -2.971499919891357
       -2.763400077819824
       -1.909299969673157
       -1.768599987030029
       -1.135699987411499
   9.560000151395798E-002
   1.256999969482422E-001
  -3.959999978542328E-002
  -7.999999797903001E-004
   2.445999979972839E-001
  -1.697999984025955E-001
       -1.973999977111816
       -2.956599950790405
       -3.139100074768066
       -2.976300001144409
       -1.878800034523010
  -9.812999963760376E-001
       -1.420799970626831
  -9.855999946594238E-001
       -1.478500008583069
  -1.115000024437904E-001
   8.169999718666077E-001
   3.161999881267548E-001
       -1.182999968528748
       -1.654999971389771
       -1.617799997329712
       -1.140400052070618
  -9.904999732971191E-001
       -1.674000024795532
  -4.147000014781952E-001
       -1.033300042152405
        1.117699980735779
        2.520299911499023
        3.321899890899658
        1.971199989318848
        1.309499979019165
        2.007400035858154
        1.821599960327148
        1.188400030136108
  -7.103000283241272E-001
   9.600999951362610E-001
        1.753499984741211
        1.502400040626526
   7.196000218391419E-001
   2.739999890327454E-001
   2.962999939918518E-001
  -3.801999986171722E-001
  -8.542000055313110E-001
  -4.101000130176544E-001
  -1.099999994039536E-003
   7.937999963760376E-001
   5.688999891281128E-001
        1.634400010108948
        1.819900035858154
        2.325999975204468
        1.586400032043457
        3.262900114059448
        1.715700030326843
        2.076900005340576
        1.221400022506714
       -2.373699903488159
       -1.748999953269959
       -2.195199966430664
       -2.196899890899658
  -3.052000105381012E-001
  -6.640999913215637E-001
        1.940000057220459
   9.031000137329102E-001
        2.063400030136108
   9.628000259399414E-001
   2.009999938309193E-002
       -1.250200033187866
       -1.930299997329712
       -2.889699935913086
       -4.003600120544434
       -1.847900032997131
       -1.779500007629395
       -2.055700063705444
       -2.817800045013428
  -7.415000200271606E-001
  -1.658000051975250E-001
  -9.167000055313110E-001
   8.129000067710877E-001
   6.067000031471252E-001
  -4.244000017642975E-001
       -1.967300057411194
       -2.381999969482422
       -1.351999998092651
       -1.449000000953674
        1.134400010108948
   6.693000197410584E-001
        1.876199960708618
        2.286700010299683
        2.671700000762940
        3.207600116729736
        1.552399992942810
   2.311999946832657E-001
        2.228699922561646
        1.084100008010864
        1.056100010871887
  -2.640999853610992E-001
        1.406700015068054
   4.970000088214874E-001
   4.059000015258789E-001
  -4.286000132560730E-001
  -2.228000015020371E-001
       -2.349499940872192
       -1.620700001716614
       -1.177700042724609
  -1.539999991655350E-001
        1.141700029373169
        1.012300014495850
   4.715000092983246E-001
   4.354999959468842E-001
   4.343000054359436E-001
        1.971799969673157
        2.663599967956543
        1.957700014114380
   7.462000250816345E-001
  -3.799000084400177E-001
  -8.486999869346619E-001
       -1.901800036430359
       -1.724599957466126
  -1.362999975681305E-001
   8.855000138282776E-001
   2.064000070095062E-001
        1.359300017356873
        3.101300001144409
        2.666800022125244
  -7.429000139236450E-001
  -6.883000135421753E-001
       -1.567100048065186
       -2.725399971008301
       -3.157900094985962
       -3.393699884414673
       -1.731299996376038
       -1.584200024604797
       -3.891000032424927
       -2.529799938201904
  -4.372999966144562E-001
  -7.552999854087830E-001
   1.358000040054321E-001
   7.361000180244446E-001
  -1.926999986171722E-001
  -7.088999748229981E-001
  -7.657999992370606E-001
       -1.558699965476990
  -9.749000072479248E-001
  -4.650999903678894E-001
   6.391999721527100E-001
        1.283900022506714
        2.334899902343750
        2.347599983215332
        1.783699989318848
        3.077600002288818
        1.774399995803833
   9.932000041007996E-001
        1.612900018692017
        2.005800008773804
   4.625000059604645E-001
  -5.159000158309937E-001
  -5.695999860763550E-001
   2.924999892711639E-001
  -5.257999897003174E-001
  -5.353000164031982E-001
   5.860000103712082E-002
       -2.002500057220459
       -1.339499950408936
   4.160999953746796E-001
        1.830700039863586
        2.503999948501587
   1.105000004172325E-001
        1.160799980163574
   9.592000246047974E-001
        1.113899946212769
        2.102999925613403
   9.495999813079834E-001
   3.682999908924103E-001
  -4.483999907970429E-001
       -1.079699993133545
       -1.227300047874451
  -3.880000114440918E-001
       -2.263700008392334
   1.756000071763992E-001
   5.514000058174133E-001
  -2.440000027418137E-001
        2.022099971771240
        2.566900014877319
   8.406000137329102E-001
  -2.600000007078052E-003
       -2.429899930953980
       -1.582800030708313
       -3.128700017929077
       -3.101200103759766
       -2.173899888992310
       -1.019000053405762
       -1.527699947357178
       -3.022399902343750
       -2.467700004577637
       -2.266799926757813
       -2.263200044631958
  -7.490000128746033E-001
       -1.260300040245056
  -4.045999944210053E-001
  -2.725999951362610E-001
       -1.027300000190735
  -3.203000128269196E-001
  -7.933999896049500E-001
  -8.458999991416931E-001
   7.620000094175339E-002
        1.252400040626526
        2.538300037384033
        1.725399971008301
        2.649100065231323
        2.695600032806397
        2.856400012969971
        1.767400026321411
        3.263400077819824
        2.164599895477295
   8.492000102996826E-001
   4.916000068187714E-001
   1.187999993562698E-001
  -5.740000009536743E-001
  -8.370000123977661E-002
   2.834999859333038E-001
  -6.945999860763550E-001
  -9.627000093460083E-001
   3.443000018596649E-001
        1.080000042915344
        1.106400012969971
        1.743499994277954
        1.332399964332581
   1.758999973535538E-001
  -1.825000047683716E-001
  -3.495999872684479E-001
  -5.370000004768372E-002
        1.564299941062927
   3.977999985218048E-001
       -1.779399991035461
       -2.503700017929077
  -1.596000045537949E-001
  -8.659999966621399E-001
  -4.826999902725220E-001
        1.155799984931946
        1.020900011062622
   9.864000082015991E-001
        2.431200027465820
        2.049999952316284
   2.194000035524368E-001
  -1.422999948263168E-001
       -1.283300042152405
  -9.470999836921692E-001
       -3.032200098037720
       -2.988600015640259
       -2.473799943923950
       -2.495500087738037
       -2.651299953460693
       -1.574300050735474
       -1.394299983978272
       -1.956799983978272
       -2.249500036239624
       -3.116100072860718
       -1.476500034332275
  -8.059999942779541E-001
       -1.373499989509583
       -1.771800041198731
       -1.915599942207336
  -8.723999857902527E-001
       -1.571200013160706
   4.115999937057495E-001
   9.100999832153320E-001
        1.605200052261353
        1.833299994468689
        2.956399917602539
        2.685199975967407
        1.950899958610535
        1.144500017166138
        1.495800018310547
        2.338900089263916
        2.052500009536743
        1.600000023841858
   9.082000255584717E-001
   7.218000292778015E-001
        1.102100014686585
        1.815000057220459
        1.239899992942810
  -7.713999748229981E-001
   8.738999962806702E-001
        1.323899984359741
        1.388700008392334
   9.674000144004822E-001
        1.105499982833862
   6.863999962806702E-001
   8.575000166893005E-001
   5.037999749183655E-001
  -9.508000016212463E-001
  -5.087000131607056E-001
  -3.341000080108643E-001
  -7.361000180244446E-001
       -2.773000001907349
   6.086999773979187E-001
        1.500699996948242
        1.601400017738342
        2.124599933624268
   6.130999922752380E-001
        1.502900004386902
   6.143000125885010E-001
        1.822499990463257
        2.307199954986572
   3.817000091075897E-001
       -1.053599953651428
       -2.504899978637695
       -1.842599987983704
       -1.892899990081787
       -2.418699979782105
       -2.542299985885620
       -1.149799942970276
       -1.283900022506714
       -1.568600058555603
       -1.307899951934815
       -3.899899959564209
       -3.079799890518189
       -2.502300024032593
       -2.070600032806397
       -2.844799995422363
       -2.900599956512451
       -1.621000051498413
  -8.032000064849854E-001
   3.180000185966492E-002
  -2.533999979496002E-001
        2.212199926376343
        2.142899990081787
        3.701900005340576
        2.683900117874146
        1.687399983406067
  -3.804999887943268E-001
   7.307000160217285E-001
        2.350100040435791
        1.598600029945374
        1.746099948883057
        2.475199937820435
        2.364900112152100
        1.871500015258789
   1.626999974250794E-001
        2.373199939727783
   7.728000283241272E-001
  -7.552999854087830E-001
  -3.312999904155731E-001
   7.269999980926514E-001
        1.358999967575073
   8.260999917984009E-001
       -1.625599980354309
  -8.594999909400940E-001
  -6.517999768257141E-001
  -8.539999723434448E-001
   9.397000074386597E-001
  -6.484000086784363E-001
       -1.110800027847290
  -2.716999948024750E-001
  -7.497000098228455E-001
       -1.784000039100647
   3.729999959468842E-001
   4.244999885559082E-001
        1.503299951553345
   7.933999896049500E-001
        2.091300010681152
   3.097000122070313E-001
   3.073000013828278E-001
        1.139099955558777
        1.550799965858460
   1.303000003099442E-001
       -1.233500003814697
       -1.321499943733215
       -1.818500041961670
       -1.674900054931641
       -2.326699972152710
       -1.319300055503845
  -2.899999916553497E-001
  -6.811000108718872E-001
  -7.858999967575073E-001
       -2.674900054931641
       -3.138700008392334
       -4.177800178527832
       -3.081899881362915
       -3.595000028610230
       -2.273499965667725
       -1.919800043106079
       -1.173099994659424
       -1.074399948120117
   5.672000050544739E-001
        1.119699954986572
   6.812999844551086E-001
   8.424000144004822E-001
        2.196599960327148
        1.889899969100952
   2.899000048637390E-001
        1.034199953079224
        3.303600072860718
        1.933599948883057
        2.064699888229370
        3.163899898529053
        2.812000036239624
        1.711099982261658
   8.974000215530396E-001
  -1.642999947071075E-001
   1.525000035762787E-001
       -1.254799962043762
        1.063899993896484
        1.479900002479553
        1.051300048828125
   5.595999956130981E-001
  -9.787999987602234E-001
       -1.053099989891052
  -7.276999950408936E-001
  -6.409999728202820E-002
  -5.275999903678894E-001
       -1.107100009918213
       -1.433500051498413
  -7.700999975204468E-001
       -1.724699974060059
       -2.601799964904785
  -6.470999717712402E-001
   2.734000086784363E-001
  -6.740999817848206E-001
   8.416000008583069E-001
   7.480000257492065E-001
   9.581999778747559E-001
   2.590000033378601E-001
   2.770000100135803E-001
        1.497099995613098
  -1.171000003814697E-001
       -1.901800036430359
       -2.667599916458130
       -3.328000068664551
       -2.453500032424927
       -2.524100065231323
       -1.404800057411194
       -2.161900043487549
       -2.484400033950806
       -1.352200031280518
       -1.941499948501587
       -1.116799950599670
       -2.887500047683716
       -4.391399860382080
       -3.769299983978272
       -1.965399980545044
       -2.957200050354004
       -1.532799959182739
        1.556200027465820
        2.035799980163574
        1.068199992179871
   8.876000046730042E-001
   1.389999967068434E-002
   2.745999991893768E-001
   1.905999928712845E-001
   4.514999985694885E-001
   3.871000111103058E-001
        1.369099974632263
        3.643899917602539
        3.160000085830689
        1.061800003051758
        1.633299946784973
        2.156199932098389
  -6.699999794363976E-003
   2.310999929904938E-001
  -8.709999918937683E-001
  -7.087000012397766E-001
   5.192000269889832E-001
        1.651999950408936
        1.460999965667725
   7.925000190734863E-001
   2.730000019073486E-001
  -8.392999768257141E-001
       -2.240900039672852
        1.209800004959106
  -4.149000048637390E-001
       -1.282999992370606
       -1.655300021171570
       -1.688799977302551
  -7.239999771118164E-001
       -2.989300012588501
       -1.478099942207336
  -9.096000194549561E-001
       -1.492699980735779
       -1.026299953460693
       -1.229099988937378
  -7.150000333786011E-002
        1.053799986839294
   7.409999966621399E-001
  -5.040000081062317E-001
  -6.604999899864197E-001
       -1.420899987220764
       -1.919000029563904
       -3.337100028991699
       -3.280800104141235
       -3.768500089645386
       -1.714800000190735
       -3.201100111007690
       -2.906399965286255
       -2.076600074768066
  -7.657999992370606E-001
  -2.435999959707260E-001
       -2.112099885940552
       -3.980000019073486
       -3.256000041961670
       -3.082999944686890
       -2.690900087356567
       -2.363800048828125
   1.627999991178513E-001
        1.824000000953674
   8.841999769210815E-001
   6.225000023841858E-001
  -3.355000019073486E-001
  -5.454999804496765E-001
        1.121600031852722
  -3.400000045076013E-003
   9.514999985694885E-001
        1.432700037956238
   2.727000117301941E-001
        1.196300029754639
   3.319999873638153E-001
   6.201999783515930E-001
   6.809999942779541E-001
   5.745000243186951E-001
   5.644999742507935E-001
  -4.855000078678131E-001
  -8.748999834060669E-001
  -6.570000201463699E-002
   6.406000256538391E-001
        1.626600027084351
        1.346500039100647
   3.479000031948090E-001
   4.530999958515167E-001
   3.500000108033419E-003
   1.137000024318695E-001
       -1.246000051498413
  -8.432999849319458E-001
       -2.164900064468384
       -1.430600047111511
  -4.593999981880188E-001
       -2.796999931335449
       -2.971199989318848
       -1.552999973297119
       -2.004800081253052
       -1.697600007057190
       -2.972199916839600
       -1.391199946403503
   5.220999717712402E-001
  -7.660000026226044E-002
  -6.351000070571899E-001
       -2.024699926376343
       -1.891700029373169
       -1.398699998855591
       -1.185299992561340
       -2.072400093078613
       -2.422699928283691
       -3.489700078964233
       -3.569499969482422
       -3.066299915313721
       -3.065999984741211
       -1.452299952507019
       -1.052999973297119
       -3.517600059509277
       -3.603300094604492
       -3.347100019454956
       -2.151999950408936
       -2.284899950027466
       -1.479699969291687
  -4.138999879360199E-001
  -4.803000092506409E-001
  -2.118999958038330E-001
  -7.519000172615051E-001
   8.483999967575073E-001
   3.833000063896179E-001
        1.430500030517578
        1.143200039863586
   4.541999995708466E-001
   6.660000085830689E-001
   5.235000252723694E-001
       -1.209200024604797
   8.296999931335449E-001
   7.197999954223633E-001
   7.670000195503235E-002
  -9.307000041007996E-001
  -1.542000025510788E-001
       -1.491199970245361
  -7.495999932289124E-001
  -9.876999855041504E-001
        1.790699958801270
   6.294999718666077E-001
        1.101600050926209
   2.281000018119812E-001
  -8.727999925613403E-001
  -1.906999945640564E-001
  -7.664999961853027E-001
       -2.384299993515015
       -2.366300106048584
       -1.771600008010864
       -1.255800008773804
       -1.242499947547913
       -2.102299928665161
       -1.430500030517578
       -1.669999957084656
       -1.945199966430664
       -2.994999885559082
       -3.851099967956543
       -2.590500116348267
       -1.940799951553345
  -3.204999864101410E-001
       -1.193899989128113
       -2.245800018310547
       -2.218499898910523
  -7.016999721527100E-001
  -9.437000155448914E-001
       -2.432499885559082
       -1.954699993133545
       -1.223399996757507
       -2.441999912261963
       -1.394899964332581
       -2.760400056838989
       -1.170400023460388
       -1.297000050544739
       -2.993299961090088
       -3.752899885177612
       -2.982000112533569
       -2.728499889373779
   6.700000166893005E-002
  -3.163999915122986E-001
  -7.056999802589417E-001
       -1.538699984550476
   4.469000101089478E-001
   1.448999941349030E-001
        1.703099966049194
        1.513399958610535
   5.230000019073486E-001
        1.127799987792969
        1.635400056838989
        1.774999976158142
        1.381000041961670
  -1.973000019788742E-001
        1.075099945068359
   5.964000225067139E-001
  -1.895000040531158E-001
       -1.565000057220459
       -2.995300054550171
       -2.211199998855591
       -1.053500056266785
       -2.365700006484985
       -1.830999970436096
       -1.070899963378906
   8.980000019073486E-001
   5.909000039100647E-001
  -1.048000007867813E-001
  -5.945000052452087E-001
       -1.319000005722046
       -1.545500040054321
       -2.321599960327148
       -1.295600056648254
       -2.392299890518189
  -9.430999755859375E-001
       -1.733600020408630
       -2.672800064086914
       -3.289000034332275
  -3.398000001907349E-001
       -2.251499891281128
       -1.090899944305420
       -2.036200046539307
  -9.470000267028809E-001
  -5.299999713897705E-001
  -9.455000162124634E-001
       -1.644500017166138
  -9.893000125885010E-001
       -2.304300069808960
       -1.404800057411194
       -1.881600022315979
  -7.659999728202820E-001
  -8.111000061035156E-001
       -1.274000048637390
       -1.582200050354004
       -1.762400031089783
       -1.160500049591065
  -8.912000060081482E-001
       -1.876799941062927
       -3.302099943161011
       -4.916699886322022
       -3.286499977111816
       -2.194400072097778
       -1.088199973106384
       -1.346099972724915
   3.578999936580658E-001
   6.266999840736389E-001
   1.630000025033951E-002
        1.754699945449829
   3.231999874114990E-001
   1.887000054121018E-001
   3.497999906539917E-001
       -1.027999997138977
   8.723000288009644E-001
   7.379999756813049E-002
       -1.708799958229065
  -7.319999933242798E-001
  -6.514000296592712E-001
       -1.558500051498413
       -2.178699970245361
       -3.622499942779541
       -2.757600069046021
       -3.612099885940552
  -7.868000268936157E-001
       -1.684399962425232
       -1.396900057792664
  -9.861000180244446E-001
  -9.783999919891357E-001
  -4.325000047683716E-001
       -1.040199995040894
  -8.701000213623047E-001
  -8.033000230789185E-001
  -3.194000124931335E-001
       -1.231600046157837
       -2.019399881362915
       -1.941900014877319
       -3.796000003814697
       -4.469600200653076
       -3.829999923706055
  -2.050000056624413E-002
   2.558999955654144E-001
       -1.720100045204163
       -2.192800045013428
  -9.613999724388123E-001
       -1.220199942588806
   1.961999982595444E-001
       -2.092600107192993
       -1.572600007057190
  -9.639000296592712E-001
  -9.733999967575073E-001
  -2.894000113010407E-001
  -2.358999997377396E-001
  -5.443999767303467E-001
       -1.046100020408630
  -7.896000146865845E-001
  -2.204000055789948E-001
       -1.198899984359741
   3.023999929428101E-001
       -2.031500101089478
       -4.562799930572510
       -4.996300220489502
       -3.448400020599365
       -1.202700018882752
       -1.830299973487854
       -1.035699963569641
  -2.248000055551529E-001
   1.527999937534332E-001
  -3.197999894618988E-001
   4.018999934196472E-001
   7.390999794006348E-001
  -5.782999992370606E-001
  -6.984999775886536E-001
       -1.142799973487854
       -2.228199958801270
       -1.322600007057190
       -3.167200088500977
       -2.084100008010864
       -1.204100012779236
       -1.930999994277954
       -2.355700016021729
       -3.548000097274780
       -2.376699924468994
       -2.219099998474121
       -1.084699988365173
       -2.016400098800659
       -2.085000038146973
       -2.151499986648560
       -1.284500002861023
       -1.356799960136414
       -2.555200099945068
  -5.689999833703041E-002
   4.196999967098236E-001
  -2.060000002384186E-001
       -1.283200025558472
       -1.477900028228760
       -1.234200000762940
       -2.287600040435791
       -1.398900032043457
       -1.364599943161011
       -2.334500074386597
       -1.191100001335144
       -1.936599969863892
  -6.862999796867371E-001
  -6.107000112533569E-001
  -7.973999977111816E-001
       -1.619699954986572
       -1.846699953079224
   2.657000124454498E-001
       -1.021700024604797
  -6.322000026702881E-001
   5.324000120162964E-001
  -9.545000195503235E-001
       -1.474599957466126
       -2.029700040817261
  -7.358999848365784E-001
   1.861999928951263E-001
  -2.700999975204468E-001
       -1.200399994850159
       -1.440299987792969
       -2.340199947357178
       -3.213900089263916
       -2.875999927520752
       -2.373600006103516
       -2.478300094604492
       -1.400099992752075
       -1.471199989318848
   5.052999854087830E-001
   5.139999836683273E-002
  -7.922999858856201E-001
   2.090999931097031E-001
       -1.023599982261658
  -8.041999936103821E-001
       -1.808200001716614
       -2.447499990463257
       -1.972699999809265
       -2.456099987030029
       -3.314199924468994
       -2.762700080871582
       -2.653700113296509
       -2.290699958801270
       -3.461400032043457
       -3.182199954986572
       -3.276799917221069
       -3.111700057983398
       -3.117199897766113
       -2.348599910736084
       -1.143100023269653
       -1.922999978065491
       -3.194799900054932
       -2.768500089645386
  -3.294000029563904E-001
  -3.955000042915344E-001
  -2.181999981403351E-001
       -1.217700004577637
  -1.001000031828880E-001
  -5.339999794960022E-001
       -2.124500036239624
       -1.933200001716614
       -1.817600011825562
       -2.599200010299683
       -1.560099959373474
  -4.314000010490418E-001
   9.639000296592712E-001
   3.179000020027161E-001
   1.879000067710877E-001
       -2.149899959564209
  -3.999999910593033E-002
  -1.225999966263771E-001
       -2.151499986648560
  -2.926000058650971E-001
  -6.244999766349793E-001
       -1.779099941253662
       -2.116699934005737
       -1.774099946022034
   3.770999908447266E-001
        1.160400032997131
        1.287199974060059
   9.669999778270721E-002
   2.228000015020371E-001
       -1.822800040245056
       -1.120300054550171
       -2.281599998474121
  -3.199000060558319E-001
       -1.098000049591065
  -5.522000193595886E-001
       -1.727399945259094
  -9.406999945640564E-001
       -1.540400028228760
  -6.945999860763550E-001
  -5.555999875068665E-001
  -9.763000011444092E-001
       -1.385300040245056
       -1.421599984169006
       -1.018300056457520
       -2.895499944686890
       -2.608999967575073
       -2.271699905395508
       -2.837699890136719
       -3.316499948501587
       -1.717900037765503
       -2.646399974822998
       -1.852300047874451
       -1.963400006294251
       -1.845900058746338
  -5.224999785423279E-001
       -1.241999983787537
       -2.199100017547607
       -1.458899974822998
       -2.154799938201904
       -1.339499950408936
  -5.254999995231628E-001
  -4.083999991416931E-001
  -4.844999909400940E-001
       -1.246799945831299
       -1.774799942970276
       -1.355100035667419
       -1.128299951553345
   7.975000143051148E-001
       -1.499699950218201
       -1.074599981307983
   2.352000027894974E-001
  -4.596000015735626E-001
  -1.972000002861023E-001
   1.098999977111816E-001
  -4.528999924659729E-001
   2.931999862194061E-001
   7.057999968528748E-001
       -1.275300025939941
       -1.432100057601929
  -5.442000031471252E-001
  -6.459999829530716E-002
  -4.932000041007996E-001
  -7.494999766349793E-001
   2.626999914646149E-001
  -1.762000024318695E-001
        1.079800009727478
        2.117300033569336
   2.331999987363815E-001
   6.371999979019165E-001
       -1.235700011253357
       -1.735399961471558
       -2.764300107955933
       -2.326699972152710
       -1.289199948310852
   5.651000142097473E-001
  -8.640999794006348E-001
       -1.347900032997131
       -1.035899996757507
  -9.229000210762024E-001
  -1.433999985456467E-001
  -8.711000084877014E-001
       -2.607000112533569
       -2.319999933242798
       -2.453700065612793
       -1.574499964714050
       -2.345499992370606
       -2.648499965667725
       -1.940199971199036
       -2.028899908065796
       -1.041900038719177
  -4.894999861717224E-001
   1.940000057220459E-002
   1.925999969244003E-001
  -7.924000024795532E-001
  -6.352000236511231E-001
       -1.515900015830994
       -1.231099963188171
       -3.860399961471558
       -2.760200023651123
       -2.464799880981445
  -4.230999946594238E-001
  -4.677999913692474E-001
  -5.942999720573425E-001
       -1.636500000953674
       -2.318500041961670
       -1.876600027084351
       -1.193699955940247
       -1.763299942016602
       -1.024199962615967
  -2.630000002682209E-002
   6.455000042915344E-001
  -1.463000029325485E-001
  -8.789999783039093E-002
   3.364999890327454E-001
  -5.809000134468079E-001
  -2.578000128269196E-001
  -2.759999930858612E-001
  -4.390999972820282E-001
  -6.133999824523926E-001
   6.546999812126160E-001
        1.685099959373474
   7.588000297546387E-001
  -8.784999847412109E-001
        1.299000024795532
   8.647999763488770E-001
  -5.480999946594238E-001
   2.345999926328659E-001
  -3.352000117301941E-001
  -6.108000278472900E-001
       -1.290500044822693
       -1.407500028610230
  -7.684999704360962E-001
       -3.160200119018555
       -3.724699974060059
       -2.229399919509888
       -2.184999942779541
       -1.850499987602234
  -7.188000082969666E-001
  -5.889000296592712E-001
   2.694000005722046E-001
       -1.948400020599365
       -3.192300081253052
       -2.750600099563599
  -5.163000226020813E-001
   4.113999903202057E-001
   7.462999820709229E-001
       -2.760099887847900
       -1.590499997138977
       -2.142100095748901
       -2.137000083923340
       -1.237699985504150
        1.394099950790405
        1.478800058364868
  -6.578999757766724E-001
       -1.882400035858154
       -1.992699980735779
       -1.698600053787231
       -2.966300010681152
       -3.039299964904785
       -1.724200010299683
  -7.318999767303467E-001
       -1.280500054359436
       -2.226399898529053
  -8.043000102043152E-001
       -2.746900081634522
       -1.655099987983704
  -8.675000071525574E-001
   7.085999846458435E-001
  -7.608000040054321E-001
   8.216999769210815E-001
  -5.126000046730042E-001
  -2.845000028610230E-001
  -6.729999780654907E-001
  -9.294999837875366E-001
       -1.837900042533875
       -1.468899965286255
       -1.754099965095520
       -2.532599925994873
  -4.399999976158142E-003
   6.966000199317932E-001
        1.090299963951111
        1.622900009155273
  -2.066999971866608E-001
        1.739899992942810
        1.085899949073792
   9.539999812841415E-002
  -6.377000212669373E-001
       -1.530699968338013
   6.152999997138977E-001
   5.145999789237976E-001
       -1.519600033760071
       -2.913300037384033
       -3.765100002288818
       -4.538199901580811
       -3.169399976730347
       -3.211600065231323
       -2.306900024414063
       -1.355200052261353
  -7.020000219345093E-001
   4.318999946117401E-001
       -1.572000026702881
       -3.394500017166138
  -3.449999988079071E-001
   2.336000055074692E-001
   6.040999889373779E-001
  -8.410000205039978E-001
       -1.910599946975708
       -3.263200044631958
       -2.618599891662598
       -2.617199897766113
       -1.699900031089783
  -2.040000073611736E-002
  -4.629999995231628E-001
       -1.046900033950806
       -3.894000053405762
       -3.840800046920776
       -2.973099946975708
       -3.684299945831299
       -2.079299926757813
       -2.410300016403198
       -1.554399967193604
  -6.586999893188477E-001
  -5.799000263214111E-001
       -1.344300031661987
       -2.032000064849854
       -1.438300013542175
        1.456699967384338
        2.085900068283081
  -8.198000192642212E-001
   6.919999718666077E-001
  -2.327000051736832E-001
        1.057100057601929
  -7.742000222206116E-001
       -2.174900054931641
       -3.298399925231934
       -2.952899932861328
       -2.747499942779541
       -3.079299926757813
  -7.019000053405762E-001
   8.464999794960022E-001
  -6.589999794960022E-002
  -2.980999946594238E-001
   2.310000061988831E-001
   4.736000001430512E-001
   1.195999979972839E-001
  -6.689000129699707E-001
  -8.231999874114990E-001
       -1.732300043106079
  -9.240999817848206E-001
       -1.212200045585632
       -1.616199970245361
       -2.741600036621094
       -3.452399969100952
       -2.758100032806397
       -1.556900024414063
       -2.763700008392334
       -4.068299770355225
       -4.142899990081787
       -2.177400112152100
  -1.177000030875206E-001
  -6.295999884605408E-001
       -1.129299998283386
       -1.395499944686890
   4.756999909877777E-001
   7.475000023841858E-001
       -1.508299946784973
       -1.081599950790405
       -2.433300018310547
       -1.411100029945374
       -2.039499998092651
       -2.371599912643433
       -1.971500039100647
       -3.022099971771240
       -1.726799964904785
       -3.418900012969971
       -3.960799932479858
       -3.946000099182129
       -4.052100181579590
       -2.645499944686890
       -2.405200004577637
  -7.113999724388123E-001
       -1.144700050354004
       -1.213500022888184
       -1.682999968528748
       -3.200400114059448
       -1.466599941253662
   8.834000229835510E-001
   8.789999783039093E-002
  -4.080000147223473E-002
   3.248000144958496E-001
  -6.819000244140625E-001
  -5.799999833106995E-001
  -7.609000205993652E-001
       -1.244600057601929
       -3.165800094604492
       -3.219599962234497
       -2.137099981307983
       -2.341500043869019
  -5.640000104904175E-002
   4.120000004768372E-001
  -4.796000123023987E-001
       -1.036399960517883
  -2.270999997854233E-001
   4.864999949932098E-001
   8.141999840736389E-001
  -7.872999906539917E-001
       -2.165100097656250
       -3.052200078964233
       -1.555400013923645
       -1.892699956893921
       -3.488199949264526
       -3.143300056457520
       -2.674599885940552
       -1.267300009727478
       -1.113899946212769
       -1.242699980735779
       -3.757800102233887
       -3.313499927520752
       -3.966099977493286
       -2.242500066757202
       -3.022599935531616
       -2.381999969482422
       -2.635999917984009
       -1.090499997138977
   7.020000368356705E-002
  -5.252000093460083E-001
  -5.771999955177307E-001
       -1.121199965476990
       -1.710299968719482
       -1.823300004005432
       -1.367200016975403
       -3.200999975204468
       -2.018399953842163
       -1.885699987411499
       -2.061399936676025
       -2.986599922180176
       -3.707999944686890
       -3.124799966812134
       -1.418200016021729
       -1.273599982261658
  -7.738999724388123E-001
       -1.866600036621094
       -1.900900006294251
       -2.206599950790405
       -2.112799882888794
       -1.373200058937073
        1.518800020217896
   8.804000020027161E-001
   2.646999955177307E-001
   5.591999888420105E-001
   7.886000275611877E-001
   1.717000007629395E-001
  -1.193000003695488E-001
  -7.590000033378601E-001
       -1.792199969291687
       -1.915199995040894
       -1.939000010490418
  -9.933999776840210E-001
   5.290000140666962E-002
        1.713700056076050
  -4.199999850243330E-003
       -1.357900023460388
  -4.729000031948090E-001
   1.120000034570694E-001
       -1.253900051116943
   8.273000121116638E-001
  -4.702999889850617E-001
  -5.471000075340271E-001
       -1.218600034713745
       -2.228800058364868
       -3.188699960708618
       -3.514800071716309
       -1.137899994850159
       -2.418699979782105
       -2.134700059890747
       -3.058799982070923
       -3.466200113296509
       -3.412499904632568
       -4.050199985504150
       -4.760900020599365
       -3.469599962234497
       -1.993100047111511
       -2.438199996948242
       -2.463399887084961
  -2.142000049352646E-001
  -4.314999878406525E-001
       -1.293099999427795
       -1.918699979782105
       -1.868000030517578
       -2.136499881744385
       -1.381600022315979
       -2.201600074768066
       -2.288300037384033
       -3.110699892044067
       -2.048500061035156
       -1.638000011444092
       -3.195899963378906
       -2.166699886322022
       -2.327800035476685
       -2.834599971771240
       -2.247499942779541
       -1.816300034523010
       -1.993800044059753
       -2.185199975967407
       -1.815000057220459
       -2.598400115966797
        1.138200044631958
   7.318999767303467E-001
  -9.355000257492065E-001
  -4.135999977588654E-001
   6.539999842643738E-001
   6.801999807357788E-001
        1.062000036239624
  -5.339999869465828E-002
  -1.684000045061112E-001
   6.876999735832214E-001
   1.171000003814697E-001
       -2.011499881744385
  -2.921999990940094E-001
   1.442999988794327E-001
  -6.078000068664551E-001
       -1.410300016403198
  -8.550999760627747E-001
       -1.706099987030029
       -1.612599968910217
       -1.092800021171570
  -9.315999746322632E-001
   1.061000004410744E-001
       -1.508700013160706
       -2.762700080871582
       -2.230799913406372
       -2.137300014495850
       -3.269200086593628
       -3.481300115585327
       -2.932800054550171
       -3.218300104141235
       -3.165800094604492
       -2.731499910354614
       -2.964200019836426
       -2.786700010299683
       -3.644399881362915
       -3.471800088882446
       -2.833699941635132
       -2.660099983215332
       -1.531399965286255
  -7.781999707221985E-001
       -1.065899968147278
       -1.356299996376038
       -1.882899999618530
       -1.725999951362610
       -1.476300001144409
  -9.847999811172485E-001
       -1.886299967765808
       -2.043900012969971
       -1.121799945831299
       -2.424000024795532
       -1.599499940872192
  -5.203999876976013E-001
       -1.400200009346008
       -1.488399982452393
  -3.716999888420105E-001
       -1.505800008773804
       -1.403499960899353
       -2.968199968338013
       -2.128700017929077
       -1.909600019454956
  -1.982000023126602E-001
  -9.132999777793884E-001
  -5.706999897956848E-001
       -1.134400010108948
   8.008999824523926E-001
        1.534999966621399
        1.139500021934509
        2.375999927520752
  -3.030000068247318E-002
   3.118000030517578E-001
   3.203999996185303E-001
   1.209999993443489E-002
  -6.190000176429749E-001
  -3.481000065803528E-001
       -1.008800029754639
  -5.052000284194946E-001
       -1.081500053405762
  -4.697999954223633E-001
   3.143000006675720E-001
       -1.446699976921082
       -2.380000114440918
       -1.129699945449829
       -1.762300014495850
  -9.613999724388123E-001
  -6.403999924659729E-001
       -1.945199966430664
       -3.078299999237061
       -5.611299991607666
       -3.557600021362305
       -2.380100011825562
       -3.338999986648560
       -2.323800086975098
       -3.431200027465820
       -3.523000001907349
       -2.836999893188477
       -2.963299989700317
       -3.268699884414673
       -1.975200057029724
       -1.340499997138977
  -3.382000029087067E-001
       -2.062200069427490
  -2.056999951601028E-001
  -4.751999974250794E-001
   1.729000061750412E-001
   4.620999991893768E-001
  -7.763000130653381E-001
       -1.943799972534180
       -2.499300003051758
       -1.473899960517883
       -2.190500020980835
       -1.118800044059753
   8.597000241279602E-001
  -7.779999822378159E-002
   6.270000338554382E-002
  -8.661000132560730E-001
       -1.033599972724915
  -9.247000217437744E-001
       -2.700299978256226
       -2.887300014495850
       -2.836400032043457
  -1.860000006854534E-002
  -9.220000356435776E-002
  -5.630000233650208E-001
  -7.972999811172485E-001
   9.186000227928162E-001
   8.088999986648560E-001
   6.586999893188477E-001
        1.417000055313110
   3.655000030994415E-001
        1.183400034904480
  -2.851999998092651E-001
   3.594999909400940E-001
       -1.303200006484985
  -7.315000295639038E-001
       -3.031100034713745
       -2.118799924850464
       -1.675899982452393
  -8.646000027656555E-001
        1.167299985885620
   4.277999997138977E-001
       -1.203500032424927
       -2.651700019836426
       -1.760900020599365
  -7.261000275611877E-001
       -1.423099994659424
       -2.345599889755249
       -3.259000062942505
       -4.695199966430664
       -1.714499950408936
       -2.869199991226196
       -2.140700101852417
       -1.401700019836426
       -2.620800018310547
       -3.437500000000000
       -1.964200019836426
       -2.289099931716919
       -3.530499935150147
       -1.541000008583069
  -5.673999786376953E-001
       -1.223999977111816
       -1.545799970626831
  -9.553999900817871E-001
  -6.096000075340271E-001
  -8.940000087022781E-002
   6.446999907493591E-001
  -3.781000077724457E-001
       -2.340399980545044
       -2.312900066375732
       -1.298799991607666
  -4.914000034332275E-001
   7.031000256538391E-001
  -8.540999889373779E-001
        1.288400053977966
   4.681999981403351E-001
  -4.711000025272369E-001
       -1.899000048637390
   6.159999966621399E-002
       -2.685600042343140
       -4.085499763488770
       -2.638799905776978
   5.343000292778015E-001
   2.000000029802322E-001
       -1.264500021934509
  -1.580999940633774E-001
   5.105999708175659E-001
        2.302099943161011
   8.259000182151794E-001
   7.828000187873840E-001
   8.343999981880188E-001
   8.404999971389771E-001
  -1.233000010251999E-001
  -5.001999735832214E-001
   1.926999986171722E-001
       -1.410899996757507
       -2.073699951171875
       -1.463400006294251
       -2.038199901580811
       -1.017500042915344
  -9.779999852180481E-001
  -7.239999771118164E-001
       -1.520599961280823
       -1.920199990272522
  -6.852999925613403E-001
  -6.490000337362289E-002
       -2.323600053787231
       -2.184700012207031
       -2.336800098419190
       -2.590399980545044
       -3.611500024795532
       -2.548799991607666
       -1.946799993515015
       -1.881800055503845
       -1.298799991607666
       -1.491799950599670
       -1.148599982261658
       -1.039899945259094
       -1.104799985885620
  -6.456999778747559E-001
   7.638999819755554E-001
  -5.967000126838684E-001
       -3.055999994277954
       -1.896199941635132
       -1.670300006866455
  -6.674000024795532E-001
  -5.570000037550926E-002
   4.941000044345856E-001
  -1.250000000000000E-001
  -1.058000028133392E-001
  -5.583999752998352E-001
  -6.058999896049500E-001
  -7.081999778747559E-001
   5.150000005960465E-002
   2.878000140190125E-001
        1.047199964523315
  -3.847999870777130E-001
       -1.327200055122376
   4.100000113248825E-002
       -1.800500035285950
       -2.862600088119507
       -3.335200071334839
   7.940000295639038E-002
  -7.583000063896179E-001
       -1.222000002861023
   8.420000225305557E-002
        1.021700024604797
   6.534000039100647E-001
   6.613000035285950E-001
   7.681999802589417E-001
   6.615999937057495E-001
        1.155799984931946
  -8.944000005722046E-001
  -3.034999966621399E-001
  -5.559999942779541E-001
       -1.786100029945374
       -3.434799909591675
       -2.899699926376343
       -2.086299896240234
  -8.935999870300293E-001
       -1.138100028038025
       -1.566900014877319
       -1.270900011062622
       -1.378000020980835
   7.930000126361847E-002
       -1.255399942398071
       -3.588000059127808
       -2.761199951171875
       -4.532499790191650
       -3.064699888229370
       -3.361999988555908
       -3.875299930572510
       -2.895600080490112
       -1.139400005340576
  -7.207000255584717E-001
       -1.350000023841858
  -4.002999961376190E-001
   1.303000003099442E-001
  -1.490000039339066E-001
   1.603000015020371E-001
  -9.024000167846680E-001
       -2.077300071716309
       -1.961199998855591
       -2.259000062942505
       -1.999099969863892
   7.796000242233276E-001
   6.710000336170197E-002
   7.310000061988831E-002
   8.657000064849854E-001
   6.610999703407288E-001
   1.159999966621399E-001
   6.297000050544739E-001
        1.915300011634827
   8.378000259399414E-001
        1.263200044631958
        1.693300008773804
        1.094900012016296
  -3.296999931335449E-001
  -9.427000284194946E-001
  -7.450000047683716E-001
       -1.693500041961670
       -2.204099893569946
        1.857200026512146
  -9.839999675750732E-002
  -8.463000059127808E-001
       -1.642500042915344
  -1.093000024557114E-001
        1.006600022315979
   9.164999723434448E-001
  -3.932999968528748E-001
  -5.649999901652336E-002
  -1.800000071525574E-001
  -1.729999929666519E-001
       -1.138299942016602
       -1.181699991226196
       -2.268399953842163
       -1.465800046920776
       -1.659100055694580
  -4.512000083923340E-001
       -1.536499977111816
  -9.259999990463257E-001
       -2.074800014495850
  -3.180000185966492E-002
  -9.297999739646912E-001
       -1.437899947166443
       -1.062700033187866
       -1.940999984741211
       -1.840700030326843
       -2.400199890136719
       -2.244400024414063
       -2.667599916458130
       -2.852699995040894
       -2.272000074386597
       -1.735499978065491
  -9.999999747378752E-005
       -1.442600011825562
   2.284999936819077E-001
   1.951999962329865E-001
       -1.208600044250488
  -4.013000130653381E-001
  -9.739000201225281E-001
       -1.196900010108948
       -1.687500000000000
       -3.871299982070923
       -3.078700065612793
       -1.464200019836426
   9.678999781608582E-001
        1.448099970817566
        1.507099986076355
   3.977999985218048E-001
   1.900999993085861E-001
        1.965199947357178
   4.032999873161316E-001
        2.345200061798096
        1.354900002479553
        2.830800056457520
        1.150500059127808
  -6.886000037193298E-001
  -1.428000032901764E-001
   2.667999863624573E-001
   2.559999935328960E-002
       -1.081500053405762
        1.179499983787537
   5.236999988555908E-001
       -1.251700043678284
       -1.264099955558777
   3.449000120162964E-001
        1.649999976158142
        1.285099983215332
        1.054600000381470
   6.988999843597412E-001
   1.614000052213669E-001
   1.780000030994415E-001
  -7.652000188827515E-001
  -2.123000025749207E-001
  -9.352999925613403E-001
       -1.631600022315979
  -9.783999919891357E-001
   7.491000294685364E-001
        1.671300053596497
  -3.452999889850617E-001
  -9.614999890327454E-001
  -6.007000207901001E-001
  -1.084999963641167E-001
       -1.546100020408630
       -1.149399995803833
   2.273000031709671E-001
        1.072299957275391
  -6.848999857902527E-001
       -1.641299962997437
       -1.006800055503845
  -9.348999857902527E-001
  -8.058999776840210E-001
   3.269000053405762E-001
        1.401999950408936
        1.493399977684021
        1.131199955940247
        1.136700034141541
   3.434000015258789E-001
  -2.175000011920929E-001
       -1.207200050354004
       -2.164400100708008
       -2.378599882125855
       -3.264800071716309
       -4.248799800872803
       -1.068400025367737
  -5.748999714851379E-001
   4.968999922275543E-001
   3.021000027656555E-001
        1.270900011062622
        1.406000018119812
   9.692000150680542E-001
        1.331400036811829
   6.277999877929688E-001
   1.099999994039536E-001
        2.389400005340576
        1.085000038146973
  -1.119999960064888E-002
   9.046000242233276E-001
  -1.475999951362610E-001
  -4.293000102043152E-001
       -1.025900006294251
   8.197000026702881E-001
   8.191000223159790E-001
   8.496000170707703E-001
   6.894999742507935E-001
        1.896499991416931
   9.075000286102295E-001
   7.645999789237976E-001
  -4.670999944210053E-001
        1.063599944114685
  -4.219999909400940E-001
  -6.723999977111816E-001
  -3.220000118017197E-002
   3.200000151991844E-002
   3.750000149011612E-002
  -5.751000046730042E-001
   2.897000014781952E-001
   2.560000121593475E-001
  -6.266999840736389E-001
   3.759999945759773E-002
   2.169000059366226E-001
   2.044000029563904E-001
  -2.535000145435333E-001
  -2.806000113487244E-001
  -7.021999955177307E-001
  -1.913000047206879E-001
        1.020699977874756
   6.319999694824219E-002
       -1.488399982452393
       -1.322800040245056
       -1.084800004959106
       -2.459100008010864
  -1.688999980688095E-001
   5.509999990463257E-001
        1.255499958992004
        1.058300018310547
   8.457999825477600E-001
   8.102999925613403E-001
  -5.798000097274780E-001
  -3.422000110149384E-001
  -8.399999886751175E-002
       -1.942399978637695
       -3.298300027847290
       -5.230199813842773
       -3.989500045776367
       -1.101400017738342
   1.001000031828880E-001
        1.841199994087219
        1.115900039672852
        1.528300046920776
   3.519999980926514E-002
  -8.055999875068665E-001
        1.054900050163269
        1.306800007820129
   2.439999952912331E-002
  -5.939999818801880E-001
  -3.605000078678131E-001
  -2.074999958276749E-001
   1.611000001430512E-001
  -2.825999855995178E-001
  -8.327999711036682E-001
        1.711899995803833
        2.103800058364868
        1.929700016975403
   5.049999952316284E-001
        1.198400020599365
   7.387999892234802E-001
        1.282299995422363
  -6.552000045776367E-001
  -5.909000039100647E-001
  -8.001000285148621E-001
   2.596000134944916E-001
       -1.217100024223328
  -1.659999936819077E-001
   6.387000083923340E-001
        1.397899985313416
  -5.499999970197678E-002
  -7.569999992847443E-002
   1.269999984651804E-002
  -8.543999791145325E-001
   2.865999937057495E-001
        1.031900048255920
   8.784000277519226E-001
       -1.254999995231628
  -7.475000023841858E-001
  -8.337000012397766E-001
  -3.082000017166138E-001
  -3.007999956607819E-001
  -1.737000048160553E-001
  -4.189999997615814E-001
  -7.279000282287598E-001
       -2.562099933624268
       -1.112699985504150
  -2.624999880790710E-001
   3.815000057220459E-001
        1.422399997711182
   3.190000057220459E-001
  -3.835000097751617E-001
  -4.778999984264374E-001
  -3.048000037670136E-001
  -3.714999854564667E-001
  -6.506000161170960E-001
       -2.984499931335449
       -4.559299945831299
       -4.593900203704834
       -1.647300004959106
       -1.167000055313110
   3.970000147819519E-001
        2.015899896621704
        1.743499994277954
   4.916999936103821E-001
   2.596000134944916E-001
   7.512999773025513E-001
        1.445099949836731
  -3.601000010967255E-001
  -5.478000044822693E-001
  -8.104000091552734E-001
   3.929999843239784E-002
       -1.008900046348572
   3.623999953269959E-001
   2.921000123023987E-001
        3.163899898529053
        2.032000064849854
        2.283200025558472
        2.457700014114380
   5.000000074505806E-002
  -2.229999937117100E-002
        1.440400004386902
  -6.679999828338623E-002
       -1.052399992942810
  -5.709999799728394E-001
       -1.051300048828125
   8.355000019073486E-001
   9.617999792098999E-001
        3.003299951553345
        1.666499972343445
  -4.399999976158142E-002
   5.037999749183655E-001
  -7.159999758005142E-002
        1.261999964714050
   8.012999892234802E-001
  -1.445000022649765E-001
  -3.510000184178352E-002
  -4.467999935150147E-001
  -9.133999943733215E-001
       -1.074800014495850
       -1.774299979209900
  -6.506000161170960E-001
       -1.421300053596497
  -3.100999891757965E-001
  -8.256999850273132E-001
       -1.576200008392334
  -8.499000072479248E-001
  -3.134999871253967E-001
  -3.210000097751617E-001
  -3.055000007152557E-001
        1.720700025558472
   6.011000275611877E-001
   5.069000124931335E-001
  -6.575999855995178E-001
  -5.612000226974487E-001
  -3.621999919414520E-001
  -5.590000152587891E-001
       -1.596699953079224
  -3.937999904155731E-001
  -3.921000063419342E-001
       -1.022099971771240
   3.486000001430512E-001
        1.213000059127808
   7.045999765396118E-001
   7.849000096321106E-001
  -9.473999738693237E-001
        1.294199943542481
        1.570000052452087
   3.388999998569489E-001
  -9.006000161170960E-001
       -1.051699995994568
  -5.709999799728394E-001
       -1.065899968147278
   2.465000003576279E-001
        1.671000003814697
        1.945899963378906
        3.875400066375732
        3.336100101470947
        2.180099964141846
        1.767699956893921
        1.328500032424927
   8.500000089406967E-002
  -5.734999775886536E-001
   4.273000061511993E-001
  -3.898999989032745E-001
        1.585000038146973
   5.860999822616577E-001
        2.793400049209595
        2.362499952316284
        1.228199958801270
  -1.180000007152557E-001
        3.115900039672852
        2.593699932098389
        2.701699972152710
        1.101999998092651
  -1.377999931573868E-001
  -5.440000072121620E-002
  -6.330999732017517E-001
        1.087000012397766
       -1.523499965667725
       -2.930999994277954
       -2.248500108718872
       -2.156899929046631
       -1.835399985313416
       -1.622300028800964
       -1.843000054359436
  -4.711000025272369E-001
       -1.570600032806397
   3.940000012516975E-002
        1.179600000381470
        3.108900070190430
        1.247799992561340
   8.944000005722046E-001
   3.759000003337860E-001
  -4.553000032901764E-001
  -1.024999991059303E-001
   6.037999987602234E-001
   7.712000012397766E-001
  -3.925999999046326E-001
       -1.271199941635132
  -8.184999823570252E-001
  -2.615999877452850E-001
   8.899999782443047E-003
  -4.499999806284905E-003
   2.319000065326691E-001
   4.943999946117401E-001
        1.766700029373169
        1.707599997520447
   7.706000208854675E-001
   7.429999858140945E-002
       -1.239899992942810
  -9.301000237464905E-001
  -1.030000001192093E-001
   5.142999887466431E-001
   1.230999976396561E-001
   6.177999973297119E-001
        1.651399970054627
        2.030699968338013
        2.837100028991699
  -1.229999959468842E-002
  -1.594000011682510E-001
   6.805999875068665E-001
   5.254999995231628E-001
        2.160500049591065
        2.289000034332275
        3.116400003433228
        2.887200117111206
        2.985399961471558
        2.233900070190430
   3.722000122070313E-001
   8.167999982833862E-001
        2.802599906921387
        3.274300098419190
        2.817600011825562
        1.038400053977966
   1.341000050306320E-001
        2.252599954605103
   8.993999958038330E-001
   1.562999933958054E-001
       -1.884299993515015
       -2.390300035476685
       -2.154999971389771
       -1.275799989700317
  -9.611999988555908E-001
       -1.325899958610535
       -1.712499976158142
  -3.928999900817871E-001
  -9.473000168800354E-001
   7.760999798774719E-001
   7.681000232696533E-001
        1.150200009346008
   5.677999854087830E-001
  -8.259999752044678E-001
   7.958999872207642E-001
        1.313699960708618
  -6.457999944686890E-001
  -2.682999968528748E-001
       -1.539499998092651
       -1.589699983596802
  -7.829999923706055E-001
  -6.029000282287598E-001
   3.786000013351440E-001
   2.123000025749207E-001
  -1.527999937534332E-001
   3.336000144481659E-001
  -3.682999908924103E-001
        1.097100019454956
        1.754799962043762
        1.315400004386902
   5.791000127792358E-001
  -5.598999857902527E-001
        1.310899972915649
  -9.359999746084213E-002
        1.289100050926209
   1.559000015258789E-001
        1.419499993324280
  -3.055999875068665E-001
        1.254299998283386
        3.238300085067749
   7.152000069618225E-001
  -8.205000162124634E-001
        2.160700082778931
        2.007200002670288
        2.307399988174439
        2.521600008010864
        3.348799943923950
        2.729099988937378
        3.852900028228760
        1.879999995231628
        1.323799967765808
        2.070699930191040
        2.769599914550781
        1.849900007247925
        1.335000038146973
        1.487699985504150
        2.169899940490723
        2.513200044631958
   7.723000049591065E-001
   5.400000214576721E-001
  -9.994999766349793E-001
       -1.946400046348572
  -1.730999946594238E-001
  -5.838999748229981E-001
  -3.811999857425690E-001
   1.477999985218048E-001
  -2.494000047445297E-001
   8.859999775886536E-001
        1.733199954032898
   9.314000010490418E-001
   5.184999704360962E-001
   4.172999858856201E-001
   4.393000006675720E-001
  -4.772999882698059E-001
   4.147999882698059E-001
   8.784000277519226E-001
  -5.769000053405762E-001
       -1.211599946022034
       -2.436800003051758
       -2.988699913024902
       -1.620599985122681
       -1.442800045013428
   2.766000032424927E-001
   2.831000089645386E-001
   3.298000097274780E-001
        1.204300045967102
   8.885999917984009E-001
        1.154000043869019
        2.809600114822388
        1.060799956321716
        1.176399946212769
   6.875000000000000E-001
   5.961999893188477E-001
   4.462000131607056E-001
   8.547999858856201E-001
   6.395999789237976E-001
        1.396100044250488
   3.458000123500824E-001
        2.122900009155273
        1.905400037765503
   4.372000098228455E-001
        1.422799944877625
        2.483500003814697
        3.570699930191040
        2.179399967193604
        2.397900104522705
        3.656699895858765
        4.200099945068359
        3.247699975967407
        1.780400037765503
   9.686999917030335E-001
        2.067199945449829
        1.641499996185303
        2.174999952316284
        1.630800008773804
  -5.099999904632568E-002
        2.285500049591065
   6.093000173568726E-001
   8.586999773979187E-001
       -1.394400000572205
       -1.472699999809265
       -2.397099971771240
       -1.911999940872192
   2.307000011205673E-001
  -1.219999976456165E-002
   5.246999859809876E-001
   5.266000032424927E-001
        2.777400016784668
        1.231799960136414
        1.383700013160706
   3.176000118255615E-001
  -4.729000031948090E-001
   1.956000030040741E-001
   5.001000165939331E-001
       -1.477699995040894
  -8.815000057220459E-001
  -6.391999721527100E-001
       -1.416100025177002
       -1.800600051879883
       -1.536000013351440
       -2.516400098800659
       -1.275599956512451
   8.245000243186951E-001
   5.655000209808350E-001
   8.819000124931335E-001
        1.182800054550171
        2.719899892807007
        1.537199974060059
        1.513499975204468
        2.989399909973145
   7.917000055313110E-001
   7.602999806404114E-001
        1.253100037574768
   7.817000150680542E-001
   9.484999775886536E-001
   4.499000012874603E-001
        1.786999940872192
        3.307699918746948
        2.578999996185303
        1.931800007820129
        2.582299947738648
        1.171499967575073
        1.829800009727478
        3.699899911880493
        2.106699943542481
        4.192100048065186
        3.950799942016602
        3.456199884414673
        2.786200046539307
        3.099499940872192
        2.417399883270264
        1.306800007820129
        1.173900008201599
        1.624400019645691
   7.889999747276306E-001
  -7.641000151634216E-001
  -3.698999881744385E-001
  -3.713000118732452E-001
  -7.285000085830689E-001
       -1.881899952888489
       -2.426800012588501
       -2.871700048446655
       -1.193799972534180
        1.080899953842163
   3.741999864578247E-001
        2.316699981689453
        2.113399982452393
        2.674700021743774
        2.738399982452393
   7.869999855756760E-002
       -1.539299964904785
       -2.033799886703491
       -2.017999887466431
   7.949999719858170E-002
  -2.637000083923340E-001
  -1.323000043630600E-001
        1.165899991989136
   2.299000024795532E-001
  -8.327999711036682E-001
       -1.257899999618530
       -1.034199953079224
  -2.576000094413757E-001
   8.647999763488770E-001
        1.131199955940247
        1.519099950790405
        2.565500020980835
        3.029500007629395
        2.333300113677979
        1.454599976539612
        1.015100002288818
        1.988100051879883
        2.284699916839600
        2.644000053405762
        1.044100046157837
   3.422999978065491E-001
   4.332999885082245E-001
        2.771899938583374
        1.834900021553040
        2.342999935150147
        3.710000038146973
        3.596699953079224
        1.655900001525879
        2.150099992752075
        2.677900075912476
        1.954300045967102
        4.529399871826172
        3.881500005722046
        2.879199981689453
        2.797800064086914
        2.148600101470947
        2.794699907302856
        1.743000030517578
        1.144899964332581
   9.987000226974487E-001
       -1.358500003814697
       -1.495800018310547
       -2.187500000000000
       -1.851600050926209
       -1.478800058364868
       -1.215100049972534
       -1.871600031852722
       -2.491400003433228
  -8.190000057220459E-001
   2.413000017404556E-001
   8.260999917984009E-001
   3.185999989509583E-001
        2.846899986267090
        1.767500042915344
  -7.490000128746033E-002
   1.609999984502792E-001
  -3.788999915122986E-001
  -9.911000132560730E-001
       -1.006100058555603
  -1.239999979734421E-001
   9.545999765396118E-001
        1.732200026512146
        1.575299978256226
   1.344999969005585E-001
       -1.429700016975403
  -9.743000268936157E-001
       -1.628000020980835
   4.995999932289124E-001
  -4.830000177025795E-002
        1.290300011634827
        2.386100053787231
        3.053800106048584
        2.712800025939941
        1.273699998855591
        1.737300038337708
        1.529500007629395
   8.245999813079834E-001
   1.121999993920326E-001
        1.263900041580200
       -1.135800004005432
       -1.560999989509583
   6.989999860525131E-002
        1.057000041007996
   7.095999717712402E-001
        1.996899962425232
        1.806599974632263
        1.741000056266785
   6.553000211715698E-001
        2.183900117874146
        1.465199947357178
        3.446199893951416
        4.239099979400635
        4.021999835968018
        4.840300083160400
        3.629499912261963
        2.022900104522705
        2.517100095748901
        2.365799903869629
       -1.406100034713745
       -1.435099959373474
       -2.439500093460083
       -2.985899925231934
       -2.764400005340576
       -2.977600097656250
       -1.743700027465820
       -1.545899987220764
       -1.458899974822998
   1.379999984055758E-002
   4.824000000953674E-001
  -1.949999928474426E-001
   5.968000292778015E-001
   5.249000191688538E-001
        1.952499985694885
        2.562400102615356
   2.431000024080277E-001
  -5.372999906539917E-001
   4.569999873638153E-002
   7.030000090599060E-001
   8.626000285148621E-001
        1.631999969482422
        1.110399961471558
        2.992700099945068
   5.235000252723694E-001
   1.339000016450882E-001
   1.585000008344650E-001
        1.065299987792969
        1.582100033760071
        1.643300056457520
  -5.290000140666962E-002
        2.219399929046631
        1.721799969673157
        2.861299991607666
        1.786999940872192
  -1.861999928951263E-001
   1.736000031232834E-001
   1.370000001043081E-002
  -9.125999808311462E-001
   6.757000088691711E-001
   5.863000154495239E-001
  -3.641000092029572E-001
  -9.081000089645386E-001
   3.458999991416931E-001
   9.501000046730042E-001
   8.282999992370606E-001
        1.830100059509277
        2.498300075531006
        1.589800000190735
        1.771199941635132
        1.339400053024292
   3.989000022411346E-001
        1.583799958229065
        2.233599901199341
        3.486000061035156
        1.882699966430664
        2.185600042343140
        1.350700020790100
        1.121299982070923
        1.827800035476685
  -4.192000031471252E-001
       -1.907999992370606
       -2.067199945449829
       -3.317300081253052
       -3.835999965667725
       -2.535700082778931
       -2.344500064849854
       -2.688199996948242
       -1.453799962997437
  -5.196999907493591E-001
  -1.988999992609024E-001
        1.338400006294251
        1.289000034332275
   5.935000181198120E-001
   4.316000044345856E-001
   2.813000082969666E-001
        1.389400005340576
        1.099900007247925
        1.242400050163269
        2.686300039291382
        2.262000083923340
        2.992100000381470
        2.442500114440918
   2.018000036478043E-001
   7.037000060081482E-001
  -7.075999975204468E-001
        1.143399953842163
   4.345999956130981E-001
   4.514999985694885E-001
   7.049000263214111E-001
       -1.133900046348572
        2.516799926757813
        2.469799995422363
        1.982100009918213
  -3.000000142492354E-004
  -5.601000189781189E-001
  -7.300999760627747E-001
   4.119000136852264E-001
   5.498999953269959E-001
        1.458899974822998
        1.151200056076050
        1.534999966621399
   5.310000106692314E-002
   3.398000001907349E-001
  -1.413999944925308E-001
   8.343999981880188E-001
        2.592499971389771
        1.155599951744080
   8.608999848365784E-001
        2.792099952697754
        1.546300053596497
   7.843000292778015E-001
   6.708999872207642E-001
        1.063300013542175
        1.564800024032593
        1.927600026130676
        1.311900019645691
   7.687000036239624E-001
  -2.250999957323074E-001
  -7.767000198364258E-001
       -1.217000007629395
       -2.558000087738037
       -2.743599891662598
       -3.284600019454956
       -2.409199953079224
       -2.294600009918213
       -2.686700105667114
       -2.746200084686279
  -9.201999902725220E-001
       -2.517999887466431
  -9.929999709129334E-001
        2.025099992752075
        1.384199976921082
   3.540000021457672E-001
        2.574300050735474
        1.711899995803833
        2.102299928665161
        2.558000087738037
        2.325799942016602
        2.204900026321411
        2.123600006103516
        2.674099922180176
        2.176199913024902
   9.363999962806702E-001
   3.937999904155731E-001
  -8.192999958992004E-001
        1.151100039482117
        1.227100014686585
   9.078999757766724E-001
   8.610000014305115E-001
   3.750999867916107E-001
   8.539000153541565E-001
        1.571900010108948
        1.141999959945679
   1.037999987602234E-001
  -1.489000022411346E-001
   4.724999964237213E-001
  -2.327000051736832E-001
        2.562099933624268
        1.840299963951111
        1.497300028800964
        1.629500031471252
  -2.399999946355820E-001
  -1.715999990701675E-001
       -1.589300036430359
   4.469000101089478E-001
   6.599000096321106E-001
        1.794399976730347
        1.296900033950806
        1.029500007629395
   7.638999819755554E-001
   2.666000127792358E-001
   9.016000032424927E-001
        1.195299983024597
   5.097000002861023E-001
        1.108500003814697
   9.648000001907349E-001
   6.014999747276306E-001
  -2.384999990463257E-001
   1.702000051736832E-001
       -2.235899925231934
       -3.887200117111206
       -3.946700096130371
       -4.611400127410889
       -2.989300012588501
       -2.061800003051758
       -3.386499881744385
       -3.163700103759766
       -2.572299957275391
       -2.941200017929077
       -1.648599982261658
        1.533300042152405
        2.834300041198731
   7.559999823570252E-001
        1.605100035667419
        2.693300008773804
        2.070100069046021
        2.006099939346314
        2.309700012207031
        1.546399950981140
        3.051399946212769
        3.569400072097778
        2.704900026321411
        1.290699958801270
   5.224999785423279E-001
   3.799999877810478E-002
   5.788999795913696E-001
        2.897700071334839
        1.843700051307678
        1.477100014686585
        1.411999940872192
        1.604599952697754
        2.129100084304810
        1.869099974632263
  -5.515999794006348E-001
  -1.903000026941299E-001
   2.258999943733215E-001
        1.108899950981140
        1.220000028610230
        1.515300035476685
   7.082999944686890E-001
   6.535000205039978E-001
        1.388000011444092
  -1.028999984264374E-001
  -2.080000005662441E-002
   5.048999786376953E-001
  -7.451000213623047E-001
       -1.136999964714050
       -3.965800046920776
       -1.267099976539612
  -5.625000000000000E-001
  -7.314000129699707E-001
       -1.053099989891052
  -4.061000049114227E-001
  -5.738000273704529E-001
        1.355700016021729
   7.207000255584717E-001
  -9.999999747378752E-005
  -4.226999878883362E-001
  -5.091999769210815E-001
       -1.339499950408936
       -3.737699985504150
       -4.444799900054932
       -3.183700084686279
       -2.630199909210205
       -2.127000093460083
       -2.590699911117554
       -3.514600038528442
       -4.431799888610840
       -2.664700031280518
       -2.986299991607666
  -3.607999980449677E-001
   7.714999914169312E-001
   7.131000161170960E-001
        1.592200040817261
   9.282000064849854E-001
        1.285799980163574
   9.488000273704529E-001
  -1.491000056266785E-001
   2.246000021696091E-001
   4.300000071525574E-001
        3.027299880981445
        1.675099968910217
        1.387099981307983
        1.338999986648560
        1.835000038146973
   5.958999991416931E-001
        1.635800004005432
        2.311700105667114
        2.205199956893921
        2.200799942016602
        1.417500019073486
        1.858000040054321
   8.007000088691711E-001
  -4.492000043392181E-001
  -2.117999941110611E-001
        1.485499978065491
        1.174600005149841
        1.997099995613098
        1.587299942970276
   5.486000180244446E-001
   5.640000104904175E-001
        1.034100055694580
        1.691900014877319
  -5.695000290870667E-001
  -8.417000174522400E-001
  -2.933999896049500E-001
       -2.548500061035156
       -3.368099927902222
       -2.727999925613403
       -1.788100004196167
       -2.239300012588501
       -2.587300062179565
       -1.901999950408936
  -7.188000082969666E-001
        2.460500001907349
   9.311000108718872E-001
   3.269999846816063E-002
  -8.130999803543091E-001
  -6.080000102519989E-002
       -1.799999952316284
       -2.031199932098389
       -4.497900009155273
       -2.126600027084351
       -2.411299943923950
       -4.467000007629395
       -5.101099967956543
       -3.619699954986572
       -1.919499993324280
       -1.617499947547913
       -2.284699916839600
  -3.799000084400177E-001
   9.556999802589417E-001
   4.875999987125397E-001
        1.328899979591370
   7.713999748229981E-001
  -8.891999721527100E-001
       -1.493899941444397
       -1.437999963760376
  -8.213999867439270E-001
   1.439999938011169E-001
   9.052000045776367E-001
   3.522999882698059E-001
        1.146399974822998
   3.898999989032745E-001
  -3.682999908924103E-001
   7.617999911308289E-001
        2.393300056457520
        2.601999998092651
        2.612499952316284
        2.250799894332886
        2.005599975585938
        1.755499958992004
   7.355999946594238E-001
   2.164999991655350E-001
  -4.490000009536743E-001
        1.174399971961975
        1.388000011444092
        1.308500051498413
        1.359899997711182
        1.074800014495850
   3.677000105381012E-001
        2.477499961853027
        2.338799953460693
       -2.197799921035767
       -2.098700046539307
       -2.423599958419800
       -3.538599967956543
       -3.704099893569946
       -2.564199924468994
       -1.785300016403198
       -2.257699966430664
       -2.941299915313721
  -5.411999821662903E-001
   8.941000103950501E-001
        2.274399995803833
        1.332000017166138
        1.905900001525879
        1.927099943161011
   7.300000190734863E-001
       -1.377200007438660
  -2.360000014305115E-001
       -2.218100070953369
       -2.838599920272827
       -2.967799901962280
       -4.451399803161621
       -3.589200019836426
       -2.192500114440918
       -1.608000040054321
  -6.402000188827515E-001
       -1.221199989318848
  -9.150999784469605E-001
   9.825999736785889E-001
        1.482699990272522
   6.650000214576721E-001
        1.217700004577637
   1.165999993681908E-001
   2.203000038862228E-001
  -3.526999950408936E-001
   6.190999746322632E-001
  -6.054000258445740E-001
  -2.427999973297119E-001
  -2.475000023841858E-001
  -7.208999991416931E-001
  -6.266000270843506E-001
       -1.350600004196167
  -6.793000102043152E-001
   4.686000049114227E-001
   8.144999742507935E-001
        1.731899976730347
        1.335399985313416
        2.271500110626221
        2.559000015258789
        1.639299988746643
  -3.375999927520752E-001
  -2.763000130653381E-001
  -7.832000255584717E-001
   1.509999930858612E-001
        2.541800022125244
        2.235500097274780
        2.382100105285645
        1.191400051116943
        2.640100002288818
        3.543900012969971
       -3.852200031280518
       -3.931099891662598
       -2.492799997329712
       -4.609799861907959
       -3.742500066757202
       -2.688199996948242
       -1.548099994659424
       -1.908200025558472
       -2.597899913787842
       -2.133899927139282
        1.109400033950806
        2.070399999618530
        2.360500097274780
        2.078500032424927
        1.954499959945679
   8.317000269889832E-001
   4.392000138759613E-001
  -2.939000129699707E-001
       -1.777500033378601
       -1.566300034523010
       -2.624399900436401
       -3.404099941253662
       -3.365999937057495
       -1.368199944496155
       -1.058599948883057
       -1.171599984169006
  -2.662000060081482E-001
  -1.349000036716461E-001
   2.763000130653381E-001
        1.780900001525879
        1.816200017929077
   4.226999878883362E-001
   2.960999906063080E-001
        1.006800055503845
       -1.252500057220459
  -4.670000076293945E-001
  -6.920000165700913E-002
        1.274299979209900
  -5.730999708175659E-001
       -1.970399975776672
  -4.866000115871429E-001
   7.440000027418137E-002
  -4.783999919891357E-001
  -9.735999703407288E-001
   9.749000072479248E-001
        1.839800000190735
        1.725800037384033
        2.394399881362915
        1.423099994659424
  -2.678000032901764E-001
   9.681000113487244E-001
  -5.809000134468079E-001
   4.205000102519989E-001
  -9.368000030517578E-001
   3.526000082492828E-001
        1.877400040626526
        1.719200015068054
        1.551599979400635
        1.203699946403503
        3.118999958038330
       -3.110500097274780
       -3.676899909973145
       -2.954400062561035
       -2.300499916076660
       -3.322599887847900
       -2.360800027847290
  -7.764000296592712E-001
       -1.303900003433228
       -1.721500039100647
       -1.992499947547913
   9.628999829292297E-001
        2.433000087738037
        2.614200115203857
        2.166500091552734
        3.716500043869019
        3.410300016403198
        1.914700031280518
   1.404000073671341E-001
       -1.889299988746643
       -1.321499943733215
       -2.451499938964844
       -3.648699998855591
       -3.400599956512451
       -3.061199903488159
       -1.872799992561340
       -1.831099987030029
  -3.188999891281128E-001
  -6.216999888420105E-001
  -2.247000038623810E-001
   5.113000273704529E-001
        1.275699973106384
   1.028999984264374E-001
   7.858999967575073E-001
        1.282999992370606
   3.425000011920929E-001
  -1.049999967217445E-001
   6.299999952316284E-001
  -5.315999984741211E-001
   8.900000154972076E-002
  -4.192000031471252E-001
  -6.234999895095825E-001
  -5.576999783515930E-001
  -7.965000271797180E-001
       -2.219399929046631
   3.299999982118607E-002
   7.360000014305115E-001
        1.699000000953674
        1.169499993324280
        1.291100025177002
        1.309499979019165
        1.322900056838989
  -1.856999993324280E-001
   7.760000228881836E-002
   3.371999859809876E-001
        1.034999966621399
   8.769999742507935E-001
        3.254600048065186
        1.161700010299683
        1.240000009536743
        3.667599916458130
       -4.064499855041504
       -2.152800083160400
       -2.691699981689453
       -2.330699920654297
       -1.539600014686585
  -6.858000159263611E-001
       -1.123000025749207
       -1.126899957656860
       -1.652899980545044
       -1.195600032806397
   5.893999934196472E-001
        3.030900001525879
        2.816900014877319
        2.642800092697144
        1.181399941444397
        2.441200017929077
        1.129999995231628
  -6.557999849319458E-001
  -8.905000090599060E-001
  -7.865999937057495E-001
       -1.708600044250488
       -3.936000108718872
       -3.340600013732910
       -3.227799892425537
  -8.630999922752380E-001
       -1.462100028991699
       -1.465299963951111
        1.107399940490723
  -4.584000110626221E-001
   1.176000013947487E-001
   3.310999870300293E-001
        1.044199943542481
        1.246500015258789
        1.628800034523010
   7.286000251770020E-001
  -4.095999896526337E-001
  -1.634999960660934E-001
  -8.699999749660492E-002
  -4.781999886035919E-001
  -7.199000120162964E-001
  -4.972999989986420E-001
  -5.796999931335449E-001
       -1.529099941253662
       -3.215500116348267
       -2.498899936676025
   1.492999941110611E-001
   7.110000252723694E-001
   7.864000201225281E-001
        1.142099976539612
        1.536499977111816
        1.290099978446960
   4.411000013351440E-001
   5.199000239372253E-001
   8.623999953269959E-001
   8.314999938011169E-001
        1.007200002670288
        1.717700004577637
        1.826699972152710
        1.242499947547913
        3.193700075149536
       -2.467499971389771
       -2.095400094985962
       -3.250699996948242
       -2.510200023651123
       -1.859500050544739
  -3.027999997138977E-001
   2.802000045776367E-001
  -7.534999847412109E-001
       -2.113100051879883
  -1.958999931812286E-001
   4.700999855995178E-001
        1.485100030899048
        3.940799951553345
        3.447000026702881
        2.802099943161011
        2.615000009536743
        2.361799955368042
  -2.784999907016754E-001
  -5.343000292778015E-001
       -1.216899991035461
       -3.378200054168701
       -3.851500034332275
       -3.190799951553345
       -4.754199981689453
       -2.023099899291992
  -8.294000029563904E-001
        1.320700049400330
   3.914999961853027E-001
   6.239999830722809E-002
  -2.694000005722046E-001
   2.160000056028366E-001
        1.339800000190735
   6.033999919891357E-001
   7.052000164985657E-001
  -2.180999964475632E-001
  -5.149999856948853E-001
       -2.341599941253662
       -2.176399946212769
  -5.314000248908997E-001
       -2.601599931716919
  -3.596999943256378E-001
  -5.322999954223633E-001
       -1.303400039672852
       -2.874500036239624
       -2.964699983596802
       -2.673399925231934
   8.920000195503235E-001
   5.787000060081482E-001
  -5.037000179290772E-001
   9.842000007629395E-001
   3.388999998569489E-001
   8.633000254631043E-001
   7.853000164031982E-001
        1.465499997138977
  -1.077999994158745E-001
   6.850000023841858E-001
        1.428799986839294
        1.409399986267090
   6.457999944686890E-001
        2.296400070190430
       -2.040299892425537
       -1.866099953651428
       -1.282199978828430
       -1.483299970626831
  -8.697999715805054E-001
  -3.677000105381012E-001
        1.151700019836426
        1.681200027465820
   4.262999892234802E-001
   2.470000088214874E-002
  -6.625999808311462E-001
        1.729699969291687
        3.568200111389160
        3.240600109100342
        2.778800010681152
        2.589799880981445
        2.351500034332275
   9.100999832153320E-001
   4.627999961376190E-001
  -4.205000102519989E-001
       -2.786200046539307
       -3.880800008773804
       -3.495800018310547
       -1.976999998092651
       -2.525000095367432
       -1.156299948692322
  -8.869999647140503E-002
  -1.090000011026859E-002
   8.761000037193298E-001
  -7.246000170707703E-001
   4.539000093936920E-001
        2.049900054931641
   6.495000123977661E-001
       -1.663599967956543
       -1.700199961662293
       -1.375599980354309
       -2.245599985122681
       -3.474499940872192
       -2.609200000762940
       -3.880199909210205
  -7.749999761581421E-001
  -6.650000065565109E-002
       -1.043099999427795
       -2.333199977874756
       -4.183800220489502
       -2.498300075531006
   5.593000054359436E-001
        1.350900053977966
  -1.273999959230423E-001
   9.080000221729279E-002
        1.119899988174439
   1.761000007390976E-001
   3.610999882221222E-001
   5.740000009536743E-001
   2.639999985694885E-001
   8.047000169754028E-001
   6.243000030517578E-001
  -6.689999997615814E-002
  -1.049000024795532E-001
        1.297799944877625
  -8.916000127792358E-001
       -2.458199977874756
  -2.565000057220459E-001
  -4.672000110149384E-001
   2.223999947309494E-001
  -1.137999966740608E-001
   1.590000092983246E-002
  -4.492999911308289E-001
  -5.364000201225281E-001
  -9.171000123023987E-001
  -5.913000106811523E-001
        1.630100011825562
        1.961300015449524
        2.302000045776367
        2.064300060272217
        2.703399896621704
        3.002799987792969
        3.090800046920776
   7.397999763488770E-001
  -1.128000020980835E-001
       -1.720700025558472
       -2.260499954223633
       -2.009999990463257
       -1.635800004005432
       -1.923699975013733
  -9.133999943733215E-001
   6.450999975204468E-001
        2.177400112152100
   3.842000067234039E-001
   6.093999743461609E-001
        1.797899961471558
        1.908699989318848
   5.499999970197678E-002
       -1.195700049400330
       -2.127399921417236
       -2.018399953842163
  -2.624000012874603E-001
       -2.266599893569946
       -3.207700014114380
       -2.212899923324585
  -6.274999976158142E-001
  -3.021999895572662E-001
       -1.328899979591370
       -1.238999962806702
       -2.075900077819824
       -2.341099977493286
  -5.370000004768372E-002
        1.801900029182434
        1.288599967956543
   3.621000051498413E-001
   1.820000074803829E-002
        1.286700010299683
        2.081399917602539
        2.815700054168701
        3.849800109863281
        1.728299975395203
        1.280200004577637
  -2.723999917507172E-001
   1.500000013038516E-003
        2.005800008773804
       -2.545399904251099
       -1.782400012016296
  -7.009999752044678E-001
   5.846999883651733E-001
   1.633999943733215E-001
  -1.802999973297119E-001
  -1.559000015258789E-001
       -1.120499968528748
   2.732999920845032E-001
   6.561999917030335E-001
   8.420000076293945E-001
        1.825299978256226
   8.855000138282776E-001
   5.773000121116638E-001
        1.095700025558472
        1.849400043487549
        1.505599975585938
        1.507599949836731
   2.768000066280365E-001
  -3.680999875068665E-001
  -7.732999920845032E-001
       -1.976099967956543
       -2.626800060272217
       -2.581000089645386
       -2.454099893569946
       -2.253700017929077
       -1.165699958801270
   7.067999839782715E-001
        1.559100031852722
        2.269900083541870
        2.196099996566773
        1.668699979782105
  -4.993999898433685E-001
       -2.478199958801270
       -2.024399995803833
   7.999999797903001E-004
  -2.414000034332275E-001
       -2.596199989318848
       -2.724999904632568
       -2.334500074386597
       -1.842200040817261
       -1.940199971199036
  -6.323000192642212E-001
       -1.028300046920776
  -4.411000013351440E-001
   1.887000054121018E-001
   4.221999943256378E-001
        1.858000040054321
  -7.806000113487244E-001
        1.009699940681458
   1.279000043869019E-001
        1.179000020027161
        1.568199992179871
        2.653300046920776
        2.895100116729736
        2.588200092315674
        2.569700002670288
        1.229900002479553
  -6.251000165939331E-001
        1.189000010490418
       -2.757400035858154
  -3.804000020027161E-001
  -2.834999859333038E-001
  -6.211000084877014E-001
       -1.239400029182434
       -1.696099996566773
       -1.332800030708313
  -1.116999983787537E-001
        1.054000020027161
        2.233999967575073
        1.649600028991699
        1.685600042343140
        2.009399890899658
  -3.212999999523163E-001
        1.134999990463257
   6.448000073432922E-001
        1.460000038146973
        2.269000053405762
        1.243600010871887
       -1.036900043487549
   6.310000270605087E-002
  -7.706000208854675E-001
       -2.029400110244751
       -1.466099977493286
       -1.730000019073486
       -2.486599922180176
       -1.830500006675720
       -1.820299983024597
  -5.331000089645386E-001
        1.152600049972534
   7.710000276565552E-001
   3.900000080466270E-002
  -6.485000252723694E-001
       -1.582100033760071
       -1.138700008392334
       -2.017999887466431
  -7.012000083923340E-001
       -2.963099956512451
       -1.856299996376038
       -1.434999942779541
       -1.392300009727478
  -9.649999737739563E-001
  -7.488999962806702E-001
   6.524000167846680E-001
   5.403000116348267E-001
        1.045699954032898
   8.213000297546387E-001
  -4.589000046253204E-001
       -1.484500050544739
       -1.021100044250488
  -2.362000048160553E-001
   9.207000136375427E-001
   8.389999866485596E-001
   7.049999833106995E-001
   4.819999933242798E-001
        1.561900019645691
        3.551800012588501
        1.199300050735474
        1.287400007247925
        1.031599998474121
       -3.586699962615967
       -1.712800025939941
       -1.508999943733215
       -1.515200018882752
       -2.844700098037720
       -2.920900106430054
       -1.600100040435791
  -1.988999992609024E-001
        2.451200008392334
        1.391999959945679
        2.205699920654297
        1.317999958992004
        1.447999954223633
  -2.610000036656857E-002
  -3.402999937534332E-001
   2.046999931335449E-001
   4.088000059127808E-001
        2.550199985504150
        1.657400012016296
   3.301999866962433E-001
   1.498000025749207E-001
       -1.194599986076355
       -2.542099952697754
       -1.567800045013428
       -3.859999895095825
       -3.289900064468384
       -2.612600088119507
       -1.945000052452087
       -1.263499975204468
   2.830000035464764E-002
  -7.218000292778015E-001
  -1.620000042021275E-002
  -9.067999720573425E-001
  -5.722000002861023E-001
   1.876000016927719E-001
  -5.091000199317932E-001
   3.592999875545502E-001
  -9.815000295639038E-001
   4.320000112056732E-002
  -4.943000078201294E-001
   4.203000068664551E-001
       -1.225700020790100
  -3.901000022888184E-001
   6.599999964237213E-002
   6.550999879837036E-001
        2.306600093841553
   2.976000010967255E-001
   5.522999763488770E-001
  -1.552000045776367E-001
  -6.851000189781189E-001
  -4.899999871850014E-002
  -1.985000073909760E-001
   1.203999966382980E-001
   9.844999909400940E-001
        1.901000022888184
        3.106800079345703
        3.110599994659424
        2.904700040817261
        1.731899976730347
        3.622100114822388
       -3.673700094223023
       -2.483700037002564
       -1.865200042724609
       -3.054800033569336
       -2.794699907302856
       -2.394700050354004
  -2.470999956130981E-001
   9.840000271797180E-001
   8.931000232696533E-001
   5.442000031471252E-001
   9.489999711513519E-002
   4.760000109672546E-001
   6.922000050544739E-001
        1.048599958419800
   5.185999870300293E-001
   4.169000089168549E-001
   8.669999837875366E-001
        1.554200053215027
        1.614599943161011
        1.017899990081787
       -1.011299967765808
  -7.125999927520752E-001
       -1.238899946212769
  -7.932000160217285E-001
       -1.108100056648254
  -7.421000003814697E-001
       -2.636899948120117
       -3.301199913024902
       -3.297100067138672
       -2.232100009918213
       -1.035699963569641
   1.987999975681305E-001
       -1.310899972915649
  -1.030000001192093E-001
   9.527000188827515E-001
   3.914000093936920E-001
        1.296300053596497
   7.182999849319458E-001
   9.570000171661377E-001
  -2.962000072002411E-001
  -2.587000131607056E-001
       -1.128800034523010
       -1.197800040245056
   1.354999989271164E-001
        1.109599947929382
   2.651999890804291E-001
   6.924999952316284E-001
   5.454999804496765E-001
        1.179399967193604
  -6.557000279426575E-001
   2.854999899864197E-001
   2.838999927043915E-001
   6.488000154495239E-001
        2.292099952697754
        2.317500114440918
        3.569700002670288
        3.199700117111206
        3.791800022125244
        2.666500091552734
        3.776099920272827
       -2.474699974060059
       -2.293200016021729
   6.664999723434448E-001
       -1.895300030708313
       -1.923499941825867
       -1.119300007820129
   8.555999994277954E-001
   8.036999702453613E-001
  -7.599999904632568E-001
  -4.059000015258789E-001
   3.542000055313110E-001
        1.310700058937073
        1.150300025939941
  -3.113999962806702E-001
   1.304000020027161E-001
  -4.375000000000000E-001
        1.891499996185303
   7.642999887466431E-001
   2.045000046491623E-001
  -1.516000032424927E-001
        1.366799950599670
   9.449999779462814E-002
        1.142099976539612
        1.243100047111511
  -8.051000237464905E-001
  -7.824000120162964E-001
       -2.906899929046631
       -2.677000045776367
       -2.411999940872192
       -1.819800019264221
       -1.498700022697449
  -3.655000030994415E-001
   3.865999877452850E-001
  -6.410999894142151E-001
  -1.357000023126602E-001
   5.367000102996826E-001
        1.924499988555908
        1.475100040435791
   1.460000034421682E-002
  -6.392999887466431E-001
        1.373800039291382
  -2.160000056028366E-002
   3.799999952316284E-001
   9.180999994277954E-001
  -2.527999877929688E-001
  -3.989999890327454E-001
  -5.685999989509583E-001
   4.918000102043152E-001
   1.063999980688095E-001
  -6.105999946594238E-001
   7.019000053405762E-001
        1.258599996566773
        1.785799980163574
        1.777500033378601
        3.589900016784668
        3.708699941635132
        2.198899984359741
        2.461899995803833
        3.381400108337402
        3.441099882125855
       -1.764400005340576
       -1.155900001525879
  -3.465999960899353E-001
   1.713999956846237E-001
  -7.379999756813049E-002
        1.683599948883057
        1.031000018119812
  -1.257999986410141E-001
  -7.375000119209290E-001
        1.259999990463257
  -8.944000005722046E-001
  -6.239999830722809E-002
   3.400000035762787E-001
       -1.115000009536743
       -1.739599943161011
       -1.457399964332581
   2.682000100612640E-001
   3.305999934673309E-001
   2.980999946594238E-001
  -9.118999838829041E-001
        1.743299961090088
        2.548399925231934
        1.376099944114685
        1.813099980354309
   5.372999906539917E-001
  -3.307999968528748E-001
       -1.539999961853027
       -1.883200049400330
       -1.595199942588806
       -1.724200010299683
       -2.459399938583374
       -2.774199962615967
       -2.275399923324585
  -8.169000148773193E-001
  -9.722999930381775E-001
        1.624799966812134
        1.221500039100647
   9.889000058174133E-001
   6.916000247001648E-001
   1.905999928712845E-001
   9.988999962806702E-001
   4.826000034809113E-001
   6.717000007629395E-001
        1.590899944305420
   9.221000075340271E-001
       -1.031299948692322
   6.230000033974648E-002
   6.905999779701233E-001
   5.282999873161316E-001
        1.600200057029724
        1.978000044822693
        3.832499980926514
        2.238600015640259
        2.270200014114380
        3.062999963760376
        3.347399950027466
        3.145400047302246
        2.958899974822998
        2.775799989700317
        4.106500148773193
