  -3.253999948501587E-001
       -1.897099971771240
       -3.704499959945679
       -5.017600059509277
       -4.525700092315674
       -4.032000064849854
       -2.636699914932251
       -2.341000080108643
       -2.656300067901611
   2.930000126361847E-001
        1.918300032615662
        1.170199990272522
  -5.774000287055969E-001
  -4.893000125885010E-001
  -7.580000162124634E-002
   3.522000014781952E-001
   1.480000000447035E-002
   8.474000096321106E-001
   2.078000009059906E-001
  -9.329999983310700E-002
   9.570999741554260E-001
   4.984000027179718E-001
   9.750999808311462E-001
        3.473299980163574
        3.729599952697754
        2.212599992752075
        1.575199961662293
        1.463899970054627
        1.232900023460388
        1.688199996948242
   3.488000035285950E-001
   8.856999874114990E-001
   6.848999857902527E-001
       -1.101099967956543
  -1.053000018000603E-001
  -6.215000152587891E-001
  -2.481999993324280E-001
       -3.394200086593628
       -2.561000108718872
       -3.503499984741211
       -1.910699963569641
       -2.262700080871582
       -2.456799983978272
       -2.583800077438355
       -2.352400064468384
       -3.309099912643433
       -4.673500061035156
       -2.613699913024902
       -2.126100063323975
       -2.193900108337402
  -9.664000272750855E-001
       -1.877699971199036
  -3.711000084877014E-001
       -1.263700008392334
  -2.319000065326691E-001
  -4.144999980926514E-001
   7.211999893188477E-001
   9.939999878406525E-002
   2.160000056028366E-002
  -8.054999709129334E-001
   5.866000056266785E-001
       -1.340600013732910
       -1.991000056266785
       -4.051899909973145
       -4.252799987792969
       -5.251200199127197
       -4.139500141143799
       -2.236399888992310
  -8.005999922752380E-001
  -5.544000267982483E-001
   3.540999889373779E-001
        1.960600018501282
       -1.550300002098084
       -2.308599948883057
  -3.111999928951263E-001
   4.343999922275543E-001
   5.040000081062317E-001
   2.660000026226044E-001
  -4.300000146031380E-002
  -1.979999989271164E-002
  -5.766000151634216E-001
  -9.437999725341797E-001
   8.064000010490418E-001
        3.248199939727783
        3.155100107192993
        2.117300033569336
        2.447900056838989
        1.067000031471252
   8.062999844551086E-001
   6.575000286102295E-001
   4.417999982833862E-001
        1.214900016784668
        1.851899981498718
        1.300799965858460
        1.114400029182434
   2.049999982118607E-001
  -4.814000129699707E-001
       -1.524700045585632
       -1.167000055313110
       -2.350100040435791
       -1.712900042533875
       -3.258199930191040
       -2.281800031661987
       -2.262200117111206
       -1.575199961662293
       -2.445499897003174
       -2.665699958801270
       -2.768199920654297
       -2.629499912261963
       -1.255900025367737
       -1.434599995613098
       -1.177899956703186
       -1.554100036621094
       -1.700000047683716
       -1.511700034141541
  -3.314999938011169E-001
   8.359999954700470E-002
  -4.966999888420105E-001
  -8.816999793052673E-001
       -3.310800075531006
  -9.441999793052673E-001
  -8.615999817848206E-001
       -1.984099984169006
       -3.650300025939941
       -4.933499813079834
       -3.830199956893921
       -4.103300094604492
       -1.772300004959106
  -3.871000111103058E-001
   3.962000012397766E-001
  -7.595999836921692E-001
  -2.124000042676926E-001
  -8.978000283241272E-001
  -9.417999982833862E-001
  -3.851999938488007E-001
   3.200000151991844E-002
   5.188999772071838E-001
        1.381100058555603
   2.242999970912933E-001
  -7.329000234603882E-001
  -4.855000078678131E-001
  -8.564000129699707E-001
   3.479000031948090E-001
        1.167099952697754
        1.756700038909912
   7.455000281333923E-001
        1.965700030326843
        1.282500028610230
        1.487699985504150
        1.023800015449524
   5.343999862670898E-001
   7.777000069618225E-001
        1.803200006484985
        1.748900055885315
   8.917999863624573E-001
        1.279099941253662
        1.327100038528442
       -1.805299997329712
  -1.647000014781952E-001
  -2.076999992132187E-001
  -6.248999834060669E-001
       -1.767099976539612
       -2.495300054550171
       -1.247200012207031
       -1.964300036430359
       -3.171499967575073
       -2.674700021743774
       -2.551300048828125
  -8.644999861717224E-001
  -4.069999977946281E-002
  -3.899999856948853E-001
       -2.355000019073486
       -1.628700017929077
       -1.838600039482117
       -2.089699983596802
       -1.170799970626831
  -9.660999774932861E-001
  -4.885999858379364E-001
       -1.180400013923645
       -2.258399963378906
   4.792000055313110E-001
       -2.112900018692017
       -1.375699996948242
       -3.246900081634522
       -3.659300088882446
       -2.714600086212158
       -3.682199954986572
       -2.838700056076050
  -3.145999908447266E-001
   1.747999936342239E-001
   1.149000003933907E-001
   2.700999975204468E-001
   1.187999993562698E-001
  -8.989999890327454E-001
       -1.377500057220459
   8.751000165939331E-001
   7.484999895095825E-001
        1.276600003242493
        2.049099922180176
   5.357000231742859E-001
  -1.229999959468842E-002
   9.860000014305115E-002
   2.795000076293945E-001
        2.344300031661987
   1.498000025749207E-001
        1.744699954986572
        1.300500035285950
        1.015799999237061
        1.232499957084656
        1.122599959373474
        1.797500014305115
   9.875000119209290E-001
        2.583400011062622
        1.537400007247925
        1.082900047302246
        1.319800019264221
   7.045999765396118E-001
   1.664000004529953E-001
  -2.274000048637390E-001
       -1.646800041198731
       -1.351899981498718
  -7.164000272750855E-001
       -1.699800014495850
       -1.977399945259094
       -1.370800018310547
       -3.555799961090088
       -2.866300106048584
       -1.795099973678589
  -5.999000072479248E-001
   3.361999988555908E-001
   4.465999901294708E-001
       -1.097300052642822
  -5.835999846458435E-001
       -1.637899994850159
       -2.184999942779541
       -1.233399987220764
  -8.248000144958496E-001
   1.499999966472387E-002
       -1.507699966430664
       -3.500400066375732
       -2.568500041961670
       -1.994500041007996
       -2.208199977874756
       -2.707299947738648
       -2.805700063705444
       -2.345700025558472
       -3.281800031661987
       -2.653899908065796
  -6.629999876022339E-001
  -8.878999948501587E-001
  -8.744999766349793E-001
  -4.041999876499176E-001
  -9.668999910354614E-001
       -1.244699954986572
  -7.029999792575836E-002
   8.482000231742859E-001
        2.039200067520142
        2.240900039672852
        1.233999967575073
        1.019600033760071
   4.934999942779541E-001
   8.683000206947327E-001
        1.346400022506714
        2.015500068664551
        1.202100038528442
        1.241400003433228
   7.773000001907349E-001
   5.533999800682068E-001
        1.558599948883057
        2.184499979019165
        1.976400017738342
        1.533300042152405
        1.103399991989136
   3.258000016212463E-001
  -5.515000224113464E-001
  -4.348999857902527E-001
  -2.126999944448471E-001
  -9.833999872207642E-001
       -1.286499977111816
       -1.224799990653992
       -1.593500018119812
       -1.526499986648560
  -8.417999744415283E-001
       -1.074300050735474
  -6.697000265121460E-001
  -7.376999855041504E-001
  -4.961000084877014E-001
   7.297000288963318E-001
        1.133100032806397
   9.217000007629395E-001
   2.011000066995621E-001
  -1.844000071287155E-001
       -1.972000002861023
       -1.378499984741211
       -1.800600051879883
       -1.218899965286255
  -4.589999839663506E-002
       -1.024500012397766
  -9.904999732971191E-001
       -2.587800025939941
       -2.908900022506714
       -2.045200109481812
       -2.468800067901611
       -3.086299896240234
       -1.278300046920776
       -1.411599993705750
       -1.933300018310547
       -1.291599988937378
  -9.552000164985657E-001
   4.235999882221222E-001
  -3.161999881267548E-001
       -1.296700000762940
       -1.108399987220764
  -1.203999966382980E-001
   1.631000041961670E-001
        1.604400038719177
        3.018500089645386
        3.535000085830689
        2.047499895095825
        1.229300022125244
        1.706099987030029
        2.742000102996826
        3.626499891281128
        3.133399963378906
        1.509600043296814
   6.320000290870667E-001
        2.194499969482422
        1.455199956893921
        1.379099965095520
        1.982900023460388
        1.591400027275085
        1.478299975395203
   6.419999897480011E-002
   4.769999906420708E-002
  -8.561000227928162E-001
       -1.546599984169006
       -2.712199926376343
       -3.805999994277954
  -9.358000159263611E-001
       -1.607300043106079
       -2.092900037765503
       -1.029399991035461
       -1.420600056648254
   5.900000222027302E-003
  -1.521999984979630E-001
  -8.252000212669373E-001
   2.597000002861023E-001
   6.629999876022339E-001
   5.260000228881836E-001
  -7.102000117301941E-001
  -4.537000060081482E-001
   3.747000098228455E-001
  -3.406000137329102E-001
  -8.561000227928162E-001
  -7.109000086784363E-001
  -4.036000072956085E-001
  -4.049000144004822E-001
  -5.673000216484070E-001
       -1.578299999237061
  -1.404999941587448E-001
       -1.116400003433228
       -1.935299992561340
       -2.129899978637695
       -1.892600059509277
  -3.569999933242798E-001
       -1.554900050163269
  -8.791999816894531E-001
       -1.843700051307678
        1.403200030326843
        1.520200014114380
       -1.044600009918213
       -1.128800034523010
       -1.168400049209595
   9.222999811172485E-001
        1.082000017166138
        2.236099958419800
        4.482999801635742
        2.941099882125855
        1.595900058746338
        1.450000047683716
        2.918200016021729
        2.146800041198731
        3.516000032424927
        3.240200042724609
        2.444400072097778
        1.773300051689148
        1.798099994659424
        2.551700115203857
        3.525799989700317
        3.109800100326538
        1.822800040245056
   3.574000000953674E-001
        1.047700047492981
  -4.548000097274780E-001
  -7.315000295639038E-001
  -1.979999989271164E-001
       -1.950600028038025
       -1.983600020408630
       -2.306999921798706
  -6.438000202178955E-001
       -1.494099974632263
  -5.289999842643738E-001
       -1.161999940872192
   3.327000141143799E-001
  -3.073000013828278E-001
  -6.800000071525574E-001
   4.459999874234200E-002
        1.035500049591065
  -7.247999906539917E-001
   1.283999979496002E-001
   3.357000052928925E-001
  -5.110000073909760E-002
  -7.502999901771545E-001
   3.640000149607658E-002
   5.400000140070915E-002
  -3.714999854564667E-001
       -1.622099995613098
   3.646999895572662E-001
       -1.276200056076050
  -5.507000088691711E-001
       -2.151999950408936
       -1.718099951744080
       -2.637000083923340
       -2.757600069046021
       -1.935700058937073
       -1.848799943923950
       -1.352699995040894
  -2.915000021457672E-001
   3.469999879598618E-002
        1.004199981689453
   9.958000183105469E-001
  -1.969999969005585E-001
  -9.430000185966492E-002
        2.587100028991699
        1.424200057983398
        2.322499990463257
        2.899899959564209
        3.306200027465820
        3.350899934768677
        1.644600033760071
        1.428699970245361
        1.168599963188171
        1.601600050926209
        1.400900006294251
        2.074599981307983
        1.405300021171570
        1.475600004196167
        1.454800009727478
        3.192899942398071
        2.653700113296509
        1.210800051689148
        1.077499985694885
   7.139000296592712E-001
  -7.799999713897705E-001
   4.982999861240387E-001
  -2.450000047683716E-001
  -7.135999798774719E-001
       -1.249699950218201
  -9.485999941825867E-001
  -3.587000072002411E-001
       -1.702800035476685
  -9.230999946594238E-001
  -7.039999961853027E-001
   1.968999952077866E-001
  -4.914999902248383E-001
       -1.635599970817566
  -4.756000041961670E-001
        1.279700040817261
  -7.443000078201294E-001
  -8.276000022888184E-001
   5.389999747276306E-001
        1.287400007247925
        1.223099946975708
        1.577900052070618
        1.114500045776367
   6.421999931335449E-001
  -4.839000105857849E-001
  -7.930000126361847E-002
  -5.360000133514404E-001
   1.587000042200089E-001
       -1.253600001335144
   9.844999909400940E-001
  -4.801000058650971E-001
       -2.350899934768677
       -2.324899911880493
  -8.741999864578247E-001
       -1.104900002479553
  -2.655000090599060E-001
  -7.067000269889832E-001
        1.303500056266785
   2.213000059127808E-001
   6.244999766349793E-001
   1.648000031709671E-001
        2.600199937820435
        1.660099983215332
        1.413599967956543
        3.165699958801270
        3.434400081634522
        2.795300006866455
        2.079499959945679
        2.100199937820435
   3.120999932289124E-001
   3.824999928474426E-001
        1.578400015830994
        1.654999971389771
   8.852000236511231E-001
        1.480700016021729
        2.032799959182739
        3.047699928283691
        3.193099975585938
        1.402500033378601
        1.590199947357178
   3.181000053882599E-001
       -1.507300019264221
   9.780000150203705E-002
   3.531000018119812E-001
  -1.777999997138977E-001
   9.085999727249146E-001
       -1.095199942588806
       -1.728299975395203
       -1.674200057983398
       -2.171400070190430
  -6.399000287055969E-001
       -1.626600027084351
       -1.566400051116943
  -5.393999814987183E-001
  -8.173000216484070E-001
  -7.649999856948853E-001
  -9.160000085830689E-002
  -2.082999944686890E-001
  -1.706999987363815E-001
        2.805500030517578
        1.204599976539612
        1.488199949264526
        1.539899945259094
   8.151999711990356E-001
   4.129999876022339E-001
   6.893000006675720E-001
  -8.661000132560730E-001
  -8.195999860763550E-001
       -1.238000035285950
  -4.156000018119812E-001
  -6.395999789237976E-001
   1.726000010967255E-001
   1.500000013038516E-003
  -4.339999854564667E-001
       -1.358600020408630
  -1.018000021576881E-001
   5.228999853134155E-001
  -3.544000089168549E-001
   9.523000121116638E-001
   5.691999793052673E-001
   9.057000279426575E-001
        1.305699944496155
        1.937700033187866
        2.791199922561646
        2.537499904632568
        1.797500014305115
        1.462399959564209
        1.667000055313110
  -1.220000013709068E-001
   1.845999956130981E-001
  -2.740000002086163E-002
  -9.024999737739563E-001
   9.757999777793884E-001
       -1.055600047111511
   4.244000017642975E-001
   9.089999794960022E-001
        1.509600043296814
        1.678400039672852
        1.889700055122376
        1.022400021553040
   3.039999902248383E-001
  -9.933999776840210E-001
  -2.671000063419342E-001
   1.420000009238720E-002
   5.131000280380249E-001
   7.516000270843506E-001
  -1.599999959580600E-003
       -1.062500000000000
       -1.661399960517883
  -4.792999923229218E-001
  -4.912999868392944E-001
   2.561999857425690E-001
   9.300000220537186E-002
  -8.582000136375427E-001
   7.026000022888184E-001
        1.422899961471558
   8.542000055313110E-001
   3.382000029087067E-001
   6.765000224113464E-001
        1.011100053787231
        2.003999948501587
   4.537000060081482E-001
        1.050999999046326
        1.462599992752075
        1.260599970817566
  -5.246999859809876E-001
  -9.366999864578247E-001
   1.967000067234039E-001
   8.022999763488770E-001
   9.075999855995178E-001
   6.622999906539917E-001
   4.228000044822693E-001
   7.904000282287598E-001
  -2.324000000953674E-001
  -2.022999972105026E-001
  -3.542999923229218E-001
   6.758000254631043E-001
  -6.446999907493591E-001
   8.589000105857849E-001
   9.952999949455261E-001
        1.019700050354004
        2.821799993515015
        1.904800057411194
        2.819700002670288
   6.959000229835510E-001
   2.104000002145767E-001
   2.318000048398972E-001
   5.324000120162964E-001
       -1.240599989891052
       -2.665999889373779
       -1.317999958992004
  -7.523000240325928E-001
   5.160999894142151E-001
  -4.670999944210053E-001
  -8.406000137329102E-001
  -5.898000001907349E-001
  -4.742000102996826E-001
   2.305999994277954E-001
        1.020900011062622
   5.766000151634216E-001
   2.538999915122986E-001
  -1.009999960660934E-002
  -9.053000211715698E-001
   7.738000154495239E-001
        1.368600010871887
        1.136299967765808
  -1.098999977111816E-001
  -9.560000151395798E-002
  -6.430000066757202E-002
  -4.025999903678894E-001
  -4.169999957084656E-001
   4.968000054359436E-001
   9.962999820709229E-001
        1.432000041007996
        1.194499969482422
        1.623399972915649
        2.080300092697144
   9.613999724388123E-001
        1.139799952507019
  -2.445999979972839E-001
   4.295000135898590E-001
  -2.269999980926514E-001
   4.912999868392944E-001
  -7.892000079154968E-001
   2.843999862670898E-001
   3.296999931335449E-001
   1.554999947547913E-001
   4.322000145912170E-001
   5.453000068664551E-001
        1.168300032615662
   4.217999875545502E-001
  -2.964999973773956E-001
   9.569000005722046E-001
        1.405400037765503
   3.705999851226807E-001
  -8.470000028610230E-001
  -8.899000287055969E-001
   8.022000193595886E-001
   6.007000207901001E-001
        1.309499979019165
        1.254500031471252
        3.056099891662598
        3.665899991989136
        1.896700024604797
   1.939000040292740E-001
   2.076999992132187E-001
   5.382000207901001E-001
   5.820000171661377E-002
  -8.766999840736389E-001
       -1.762500047683716
       -1.737400054931641
   3.307000100612640E-001
   1.500000013038516E-003
       -1.319399952888489
  -1.746000051498413E-001
       -2.087800025939941
       -1.883299946784973
   5.202999711036682E-001
  -6.455000042915344E-001
        2.215899944305420
   5.094000101089478E-001
   5.210000276565552E-001
   3.237000107765198E-001
        1.339599967002869
        1.130699992179871
        1.693400025367737
        2.194400072097778
        2.078700065612793
   9.911000132560730E-001
  -2.020000070333481E-001
   5.550000071525574E-001
   6.862999796867371E-001
   7.121000289916992E-001
  -4.307000041007996E-001
   5.860999822616577E-001
        2.344799995422363
        1.598500013351440
  -3.858000040054321E-001
   4.710000008344650E-002
   2.301000058650971E-001
  -5.703999996185303E-001
  -7.408000230789185E-001
  -8.815000057220459E-001
       -1.007500052452087
  -4.140000045299530E-001
        2.890599966049194
        1.918499946594238
        1.107200026512146
   5.723000168800354E-001
   7.702999711036682E-001
  -8.998000025749207E-001
        1.968500018119812
   8.079000115394592E-001
   3.731999993324280E-001
   8.607000112533569E-001
  -7.491999864578247E-001
  -9.598000049591065E-001
   8.820000290870667E-002
  -1.831000000238419E-001
   6.909999847412109E-001
        1.407699942588806
        3.623399972915649
        4.494400024414063
        3.385999917984009
        1.802099943161011
   1.172999963164330E-001
  -6.969000101089478E-001
       -1.223000049591065
       -1.032199978828430
       -2.052200078964233
       -1.781999945640564
  -7.936999797821045E-001
  -4.496999979019165E-001
       -1.818099975585938
       -2.663800001144409
       -2.026700019836426
       -1.776800036430359
  -7.346000075340271E-001
  -9.620000123977661E-001
        1.750499963760376
        1.808400034904480
        1.125699996948242
   8.012999892234802E-001
   9.078999757766724E-001
        2.087599992752075
        2.339499950408936
        3.280499935150147
        2.125799894332886
        2.126199960708618
   5.307000279426575E-001
   3.048000037670136E-001
   5.353000164031982E-001
  -3.454999923706055E-001
  -3.289999961853027E-001
   9.735999703407288E-001
   8.300999999046326E-001
        1.194200038909912
   1.462000012397766E-001
  -2.002999931573868E-001
  -9.193999767303467E-001
  -3.138999938964844E-001
   1.536999940872192E-001
  -8.917000293731690E-001
       -1.807000041007996
  -7.904000282287598E-001
        2.055399894714356
        1.053300023078919
        1.461099982261658
        2.236799955368042
  -4.336000084877014E-001
  -4.699999839067459E-002
        1.253399968147278
   1.967999935150147E-001
   2.580000087618828E-002
  -4.237000048160553E-001
  -2.069000005722046E-001
  -5.299999713897705E-001
   8.471999764442444E-001
        1.678599953651428
        1.579200029373169
        1.530799984931946
        2.705899953842163
        4.998000144958496
        5.032899856567383
        2.510099887847900
        1.830800056457520
   6.597999930381775E-001
  -8.238000273704529E-001
  -8.953999876976013E-001
  -5.465000271797180E-001
   5.372999906539917E-001
       -1.006399989128113
       -2.061300039291382
       -2.778399944305420
       -3.657299995422363
       -3.547499895095825
       -2.595700025558472
       -1.679900050163269
   6.653000116348267E-001
        1.278800010681152
        2.093600034713745
        1.985399961471558
        1.521000027656555
        2.167500019073486
        2.797800064086914
        3.060699939727783
        1.483100056648254
        1.548499941825867
        1.223000049591065
   2.632000148296356E-001
  -1.633999943733215E-001
        1.649000048637390
   6.611999869346619E-001
  -9.225999712944031E-001
  -7.021999955177307E-001
  -6.054000258445740E-001
        2.325599908828735
        1.017899990081787
  -4.668999910354614E-001
  -9.491000175476074E-001
  -6.467000246047974E-001
   3.188999891281128E-001
  -5.439000129699707E-001
  -2.037999927997589E-001
  -5.719999969005585E-002
   5.029999837279320E-002
   2.544000148773193E-001
        1.205500006675720
  -6.589000225067139E-001
   9.764000177383423E-001
        1.093000054359436
        1.501700043678284
   1.436000019311905E-001
   1.781000047922134E-001
  -3.299999982118607E-003
   5.848000049591065E-001
   3.043000102043152E-001
   2.640999853610992E-001
        1.357699990272522
        1.735100030899048
        1.786000013351440
        2.203500032424927
        3.274600028991699
        3.944000005722046
        2.902299880981445
        1.101799964904785
  -4.519999921321869E-001
       -1.000900030136108
   5.318999886512756E-001
       -1.231899976730347
       -1.245399951934815
       -1.458299994468689
       -2.594099998474121
       -4.825399875640869
       -3.349800109863281
       -3.233900070190430
       -2.753000020980835
       -1.398499965667725
   1.982000023126602E-001
        1.626500010490418
        1.886299967765808
        1.344799995422363
   4.830000102519989E-001
        2.902699947357178
        2.136499881744385
        2.951200008392334
        2.730200052261353
        2.083100080490112
        2.890300035476685
        2.093400001525879
   6.672000288963318E-001
  -1.325999945402145E-001
   1.096000000834465E-001
       -1.356600046157837
   1.944999992847443E-001
  -4.088000059127808E-001
        2.042299985885620
        1.392099976539612
  -5.102000236511231E-001
  -4.002000093460083E-001
   1.275999993085861E-001
  -2.407000064849854E-001
  -1.900000032037497E-003
       -1.017799973487854
   8.525999784469605E-001
   5.564000010490418E-001
        1.111700057983398
        1.205899953842163
  -6.248999834060669E-001
        1.483000040054321
   5.893999934196472E-001
   1.094999983906746E-001
        1.203500032424927
   6.916000247001648E-001
        1.083699941635132
        1.479599952697754
   8.708999752998352E-001
  -2.190999984741211E-001
   4.411000013351440E-001
        1.082599997520447
        1.937600016593933
        2.472700119018555
        2.099600076675415
        3.542799949645996
        2.619899988174439
   1.700000022538006E-003
       -1.399099946022034
       -2.414099931716919
  -1.090999990701675E-001
  -7.631000280380249E-001
       -1.599699974060059
       -2.567699909210205
       -3.281399965286255
       -2.775000095367432
       -2.551000118255615
       -2.499099969863892
       -1.564200043678284
  -4.160000011324883E-002
        1.237300038337708
        1.860599994659424
        3.143399953842163
        1.136100053787231
   6.319999694824219E-002
   4.627000093460083E-001
        2.335900068283081
        2.630100011825562
        4.187799930572510
        3.340399980545044
        2.130899906158447
        2.898000001907349
        1.906399965286255
        1.194200038909912
        1.401000022888184
   2.337000072002411E-001
   4.636000096797943E-001
        1.012699961662293
   2.985999882221222E-001
        1.274700045585632
        1.334100008010864
   3.889999985694885E-001
  -9.624999761581421E-001
  -1.983000040054321E-001
  -1.755000054836273E-001
   4.287000000476837E-001
        1.498200058937073
   5.550000071525574E-001
        1.405099987983704
        1.503900051116943
       -1.263599991798401
   1.585000008344650E-001
   5.957999825477600E-001
   7.688000202178955E-001
   5.796999931335449E-001
        1.225100040435791
        2.728100061416626
        1.694700002670288
   7.828999757766724E-001
  -4.500000178813934E-002
   1.124000027775765E-001
   8.816999793052673E-001
  -2.933999896049500E-001
   8.898000121116638E-001
        1.065199971199036
        1.963099956512451
   8.039000034332275E-001
       -1.740200042724609
       -2.493900060653687
       -1.925300002098084
   9.340000152587891E-002
  -1.456000059843063E-001
       -1.062899947166443
       -2.097300052642822
       -3.948699951171875
       -2.737499952316284
       -1.687800049781799
       -1.958299994468689
  -9.086999893188477E-001
        1.169399976730347
   7.063999772071838E-001
   7.107999920845032E-001
        1.730999946594238
        1.845100045204163
   4.140000045299530E-002
   3.307000100612640E-001
        1.896100044250488
        1.297000050544739
        2.555999994277954
        2.061300039291382
        2.136899948120117
        1.127799987792969
        1.231199979782105
   8.449999988079071E-002
  -5.187000036239624E-001
  -3.260000050067902E-001
  -5.139999985694885E-001
   3.700000047683716E-001
   5.267000198364258E-001
        2.118400096893311
        2.326699972152710
        1.042999982833862
   9.089999645948410E-002
   1.329999975860119E-002
        1.456200003623962
        1.317999958992004
        1.487200021743774
        1.288499951362610
        1.996999979019165
        2.167299985885620
       -1.832999944686890
  -8.784999847412109E-001
   4.074000120162964E-001
        1.687500000000000
   8.323000073432922E-001
   7.739999890327454E-001
   7.149000167846680E-001
        1.560500025749207
        1.186499953269959
   2.610000073909760E-001
   1.351999938488007E-001
   7.184000015258789E-001
        1.513399958610535
  -5.141000151634216E-001
       -1.555600047111511
  -9.394000172615051E-001
  -6.399000287055969E-001
       -1.358399987220764
       -2.256700038909912
       -2.668699979782105
       -1.035099983215332
  -2.870000004768372E-001
       -1.060299992561340
       -2.053900003433228
       -3.735599994659424
       -3.787300109863281
       -2.719500064849854
       -2.197299957275391
       -1.579100012779236
   1.261000037193298E-001
        2.024499893188477
   7.953000068664551E-001
        1.593099951744080
        1.275500059127808
  -9.513000249862671E-001
  -4.656000137329102E-001
   6.927000284194946E-001
   2.195000052452087E-001
        2.278300046920776
        2.171799898147583
        1.381999969482422
  -5.931000113487244E-001
       -1.056499958038330
  -4.582999944686890E-001
  -7.684000134468079E-001
  -6.266000270843506E-001
       -1.884699940681458
  -3.950000181794167E-002
   2.345999926328659E-001
        1.869699954986572
        1.095100045204163
   3.055000007152557E-001
   3.623000085353851E-001
   8.348000049591065E-001
   5.889000296592712E-001
        1.493800044059753
   5.317000150680542E-001
        1.061699986457825
   7.332000136375427E-001
   9.434000253677368E-001
  -9.092000126838684E-001
       -1.367799997329712
        1.002599954605103
  -6.000000052154064E-003
  -2.860000133514404E-001
        1.005100011825562
        1.388100028038025
        1.095399975776672
        1.246399998664856
   7.167000174522400E-001
   8.794000148773193E-001
  -3.977000117301941E-001
   7.052000164985657E-001
   6.486999988555908E-001
       -1.884199976921082
       -1.511199951171875
  -3.867000043392181E-001
  -5.777000188827515E-001
       -2.463500022888184
       -1.509600043296814
  -9.709999710321426E-002
       -1.262500047683716
       -1.618100047111511
  -9.032999873161316E-001
       -3.036900043487549
       -4.610099792480469
       -2.699500083923340
       -1.481099963188171
       -1.282400012016296
       -1.391000032424927
  -7.123000025749207E-001
   7.574999928474426E-001
        1.471099972724915
   1.404999941587448E-001
        1.193600058555603
   6.790999770164490E-001
  -5.673999786376953E-001
  -1.149000003933907E-001
   8.849999904632568E-001
  -3.431999981403351E-001
       -1.449100017547607
       -1.405900001525879
       -1.795500040054321
       -1.667199969291687
       -1.235499978065491
       -2.940299987792969
       -2.761499881744385
       -1.753000020980835
   5.414999723434448E-001
   9.873999953269959E-001
   3.747999966144562E-001
   9.100000374019146E-003
   7.073000073432922E-001
   6.503000259399414E-001
        1.363899946212769
   8.378999829292297E-001
   9.988999962806702E-001
       -1.271900057792664
   3.209999948740006E-002
   8.421000242233276E-001
  -3.312999904155731E-001
   3.260000050067902E-002
   8.141999840736389E-001
   9.319000244140625E-001
  -9.719999879598618E-002
        1.297000050544739
        1.293300032615662
  -2.617000043392181E-001
   1.480000000447035E-002
        1.074399948120117
  -2.136999964714050E-001
  -3.837999999523163E-001
  -2.029999941587448E-001
   6.086999773979187E-001
  -6.409999728202820E-002
  -6.762999892234802E-001
   6.118999719619751E-001
  -8.644000291824341E-001
  -7.979999780654907E-001
  -3.989999890327454E-001
       -1.585600018501282
  -6.470000147819519E-001
   1.098000034689903E-001
  -6.696000099182129E-001
       -2.426700115203857
       -2.616400003433228
       -2.429300069808960
       -1.410699963569641
       -1.977499961853027
  -7.667000293731690E-001
  -2.994999885559082E-001
   7.353000044822693E-001
  -4.284000098705292E-001
  -5.200000014156103E-003
        1.463799953460693
   6.209999918937683E-001
   7.397999763488770E-001
  -1.770000010728836E-001
   7.434999942779541E-001
   8.374999761581421E-001
       -1.695099949836731
       -2.264899969100952
       -3.384000062942505
       -2.992300033569336
       -2.911099910736084
       -3.801800012588501
       -3.829999923706055
       -1.878700017929077
  -7.904999852180481E-001
        1.253499984741211
        1.621199965476990
   3.874999880790710E-001
  -4.578999876976013E-001
       -1.404899954795837
   8.190000057220459E-002
   5.806999802589417E-001
       -1.961300015449524
       -2.546299934387207
  -8.702999949455261E-001
   1.970999985933304E-001
  -3.364000022411346E-001
        1.509999990463257
   4.981999993324280E-001
   4.769999980926514E-001
   7.231000065803528E-001
   6.320999860763550E-001
  -8.850000053644180E-002
  -7.210000157356262E-001
  -6.190999746322632E-001
  -8.769999742507935E-001
   9.769999980926514E-002
        1.283599972724915
        1.275200009346008
        1.851400017738342
   9.990000128746033E-001
   4.183999896049500E-001
       -1.076799988746643
  -5.846999883651733E-001
       -1.264000058174133
       -2.280299901962280
       -1.817199945449829
  -9.864000082015991E-001
   1.503999978303909E-001
  -4.638999998569489E-001
       -2.239900112152100
       -1.566100001335144
  -7.692000269889832E-001
       -1.662099957466126
       -1.118800044059753
  -8.676999807357788E-001
  -2.950000017881393E-002
  -5.986999869346619E-001
        1.879500031471252
  -1.269000023603439E-001
   1.606999933719635E-001
   8.295000195503235E-001
   5.889999866485596E-002
  -1.200999990105629E-001
   7.339000105857849E-001
        1.476099967956543
   9.179999828338623E-001
       -2.293999910354614
       -2.001600027084351
       -1.844900012016296
       -2.727200031280518
       -3.072999954223633
       -4.076700210571289
       -2.767499923706055
       -1.730200052261353
  -9.668999910354614E-001
  -4.334999918937683E-001
  -1.596000045537949E-001
   2.766999900341034E-001
   2.089999988675118E-002
   1.618999987840653E-001
  -3.079999983310700E-002
  -6.079999804496765E-001
       -1.866999983787537
       -2.211400032043457
  -1.966000050306320E-001
  -3.086000084877014E-001
   2.759999930858612E-001
   6.399999838322401E-003
  -1.132000014185906E-001
   4.887000024318695E-001
        1.081300020217896
       -1.336599946022034
       -1.112100005149841
  -2.791000008583069E-001
   7.012000083923340E-001
   5.241000056266785E-001
        1.262400031089783
        1.498299956321716
        2.670799970626831
        1.382400035858154
   5.519999861717224E-001
   6.870999932289124E-001
  -7.882000207901001E-001
       -2.606300115585327
       -2.249200105667114
       -1.165799975395203
  -5.012000203132629E-001
  -3.587999939918518E-001
  -7.889000177383423E-001
       -2.484100103378296
       -1.020300030708313
       -2.004100084304810
       -1.730999946594238
       -1.268000006675720
       -1.186900019645691
       -1.303799986839294
  -3.170000016689301E-001
   3.670000135898590E-001
  -4.955999851226807E-001
  -1.541000008583069E-001
        2.034699916839600
  -4.433000087738037E-001
        1.364899992942810
   9.422000050544739E-001
        1.348899960517883
        1.174999952316284
  -4.278999865055084E-001
       -1.802600026130676
       -1.939800024032593
       -3.467200040817261
       -1.869099974632263
       -2.997800111770630
       -2.389600038528442
       -1.923499941825867
       -2.168800115585327
       -1.407999992370606
  -5.663999915122986E-001
  -4.629999995231628E-001
       -2.139199972152710
       -1.560999989509583
       -2.371099948883057
  -7.495999932289124E-001
       -1.395799994468689
       -1.987100005149841
       -1.538900017738342
       -1.602399945259094
       -1.825399994850159
       -1.247900009155273
  -4.677000045776367E-001
  -3.318000137805939E-001
  -3.102999925613403E-001
  -1.112999990582466E-001
   5.689999833703041E-002
  -2.883999943733215E-001
   5.766999721527100E-001
   4.485000073909760E-001
        1.397899985313416
        2.648099899291992
        3.154700040817261
        2.219000101089478
   7.779999971389771E-001
        1.092300057411194
   5.759999901056290E-002
  -8.708000183105469E-001
       -1.307100057601929
       -1.072999954223633
       -1.814700007438660
       -2.315799951553345
       -1.368100047111511
       -1.311599969863892
   1.710000075399876E-002
  -3.316999971866608E-001
       -1.814599990844727
       -2.515300035476685
       -1.954599976539612
  -3.113000094890595E-001
  -1.202000007033348E-001
   6.390000134706497E-002
  -1.870999932289124E-001
   1.409000009298325E-001
   2.266999930143356E-001
   5.799000263214111E-001
   7.620000243186951E-001
        1.316100001335144
   6.722000241279602E-001
        1.440700054168701
   2.021999955177307E-001
       -2.177500009536743
       -2.799799919128418
       -1.610999941825867
       -1.902600049972534
       -2.138099908828735
       -3.244299888610840
       -1.700399994850159
  -8.485000133514404E-001
  -6.036000251770020E-001
  -6.782000064849854E-001
  -3.512000143527985E-001
       -1.427800059318543
       -2.356800079345703
       -1.886199951171875
       -1.493700027465820
       -1.617599964141846
       -1.769199967384338
       -1.763800024986267
       -1.666399955749512
       -2.670000076293945
       -1.976400017738342
  -7.720000147819519E-001
       -1.318099975585938
  -3.623000085353851E-001
  -8.929999917745590E-002
       -1.005900025367737
  -4.717999994754791E-001
   4.821000099182129E-001
        1.115599989891052
        1.861099958419800
        6.064499855041504
        5.878600120544434
        3.624500036239624
        1.866700053215027
   9.309999942779541E-001
  -9.520000219345093E-001
       -1.213199973106384
       -1.312600016593933
   6.109999865293503E-002
       -2.236999988555908
  -6.209999918937683E-001
       -2.022000074386597
       -1.037999987602234
       -1.121399998664856
       -1.509799957275391
       -2.800400018692017
       -4.144800186157227
       -2.513600111007690
       -2.189899921417236
  -1.395999938249588E-001
   8.144999742507935E-001
  -7.203999757766724E-001
       -1.003000020980835
       -1.004299998283386
       -1.005699992179871
  -3.799000084400177E-001
   6.310000270605087E-002
   9.494000077247620E-001
   6.618999838829041E-001
  -2.845000028610230E-001
       -2.804199934005737
       -2.373699903488159
       -1.855700016021729
       -2.743299961090088
       -1.844300031661987
       -3.224999904632568
       -1.972900032997131
  -9.373000264167786E-001
  -2.424000054597855E-001
   1.476999968290329E-001
       -1.418499946594238
       -1.281000018119812
  -6.991999745368958E-001
  -7.077000141143799E-001
       -1.264099955558777
       -1.996500015258789
       -1.073600053787231
       -1.548200011253357
       -1.869799971580505
  -7.123000025749207E-001
  -8.820000290870667E-001
       -1.540599942207336
   5.564000010490418E-001
   9.343000054359436E-001
        1.020599961280823
        1.491299986839294
   8.529000282287598E-001
        2.073600053787231
        1.914399981498718
        1.764700055122376
        4.105299949645996
        4.155399799346924
        1.824300050735474
        2.442100048065186
        1.042199969291687
       -1.990200042724609
       -1.057199954986572
       -1.123200058937073
  -7.490000128746033E-001
  -6.164000034332275E-001
       -1.829300045967102
       -2.936000108718872
       -2.524399995803833
       -3.195899963378906
       -4.661300182342529
       -2.583199977874756
       -3.792399883270264
       -1.739599943161011
       -1.262899994850159
   7.689999938011169E-001
        1.463299989700317
  -9.172000288963318E-001
       -1.415400028228760
       -1.962100028991699
  -2.985000014305115E-001
       -1.680500030517578
  -3.923999965190888E-001
  -1.221999973058701E-001
  -4.465999901294708E-001
  -7.225000262260437E-001
       -1.697700023651123
       -3.005800008773804
       -3.128799915313721
       -2.544300079345703
       -1.696300029754639
       -1.254400014877319
       -2.925400018692017
  -2.892000079154968E-001
   2.486000061035156E-001
  -2.499999944120646E-003
       -2.028800010681152
  -9.085000157356262E-001
  -3.222000002861023E-001
       -1.358000040054321
       -1.414499998092651
  -8.223999738693237E-001
  -2.472999989986420E-001
  -9.631999731063843E-001
       -2.539400100708008
  -5.314999818801880E-001
  -2.856000065803528E-001
   8.025000095367432E-001
        1.211500048637390
  -2.230000048875809E-001
        1.247799992561340
   1.369999945163727E-001
        2.443500041961670
        1.469400048255920
        1.194200038909912
        2.792200088500977
        1.205700039863586
        1.762799978256226
        1.393200039863586
        1.610900044441223
   2.168000042438507E-001
       -1.460199952125549
  -3.558999896049500E-001
       -1.390499949455261
  -8.684999942779541E-001
  -7.581999897956848E-001
       -2.669800043106079
       -2.332900047302246
       -4.242099761962891
       -5.031899929046631
       -4.895999908447266
       -3.048899888992310
       -1.508800029754639
       -2.094199895858765
  -3.183000087738037E-001
  -6.988000273704529E-001
   6.170000135898590E-002
  -9.491000175476074E-001
       -2.061700105667114
       -2.053999900817871
  -4.930000007152557E-001
   1.460999995470047E-001
  -4.704999923706055E-001
  -9.611999988555908E-001
       -1.290199995040894
       -2.325999975204468
       -1.616099953651428
       -2.252700090408325
       -1.828999996185303
  -9.696999788284302E-001
       -1.316499948501587
  -3.626999855041504E-001
  -5.159999728202820E-001
        1.266000032424927
  -6.050000190734863E-001
  -4.718999862670898E-001
       -1.904099941253662
       -2.652199983596802
       -1.212499976158142
       -2.312099933624268
       -1.034000039100647
  -4.875999987125397E-001
  -8.259000182151794E-001
  -3.416999876499176E-001
       -3.417399883270264
       -1.097900032997131
  -4.952000081539154E-001
   1.606000065803528E-001
   2.678999900817871E-001
   1.360000073909760E-001
   6.151999831199646E-001
   8.230000138282776E-001
        1.067199945449829
        1.042799949645996
        1.425999999046326
        1.334499955177307
        1.520599961280823
  -9.800000116229057E-003
   5.677999854087830E-001
  -9.951999783515930E-001
       -1.404199957847595
       -3.651299953460693
       -3.159899950027466
       -1.181100010871887
  -6.233999729156494E-001
  -5.087000131607056E-001
       -2.303800106048584
       -3.363600015640259
       -5.527599811553955
       -6.051799774169922
       -4.922100067138672
       -2.334300041198731
       -1.913200020790100
       -2.311800003051758
  -4.756000041961670E-001
   4.459999874234200E-002
  -5.432000160217285E-001
  -6.183999776840210E-001
  -6.999999880790710E-001
       -1.663800001144409
  -7.168999910354614E-001
   2.749999985098839E-002
  -3.695000112056732E-001
  -9.556999802589417E-001
       -1.632300019264221
   1.747999936342239E-001
       -1.069499969482422
       -1.530300021171570
       -3.220400094985962
       -1.302999973297119
  -9.160000085830689E-001
   1.055999994277954E-001
        1.091500043869019
   6.506999731063843E-001
   9.164000153541565E-001
       -1.016600012779236
       -1.280200004577637
  -9.598000049591065E-001
  -4.598000049591065E-001
       -1.333600044250488
  -7.882000207901001E-001
  -2.378000020980835E-001
  -9.440000057220459E-001
   7.246000170707703E-001
       -1.370100021362305
   2.620000019669533E-002
   8.252000212669373E-001
   4.158000051975250E-001
   7.605000138282776E-001
   9.825999736785889E-001
   9.296000003814697E-001
  -5.152999758720398E-001
  -6.431999802589417E-001
        1.722300052642822
        2.241300106048584
        1.333099961280823
        2.523099899291992
   8.104000091552734E-001
       -1.112100005149841
       -2.017699956893921
       -1.897699952125549
       -2.927200078964233
       -2.312700033187866
       -1.005399942398071
  -4.014999866485596E-001
       -2.801800012588501
       -5.081200122833252
       -4.192699909210205
       -5.044000148773193
       -6.015200138092041
       -3.644399881362915
       -3.121000051498413
       -2.588500022888184
  -9.136000275611877E-001
  -8.244000077247620E-001
  -6.277999877929688E-001
       -2.063800096511841
       -1.981500029563904
  -3.723999857902527E-001
  -1.678999960422516E-001
       -1.382599949836731
       -1.071699976921082
       -1.274899959564209
       -1.977699995040894
   5.112000107765198E-001
  -5.393999814987183E-001
  -5.515999794006348E-001
       -1.093799948692322
  -6.212999820709229E-001
  -9.750999808311462E-001
   1.074000000953674E-001
   8.704000115394592E-001
        1.360000014305115
        2.432300090789795
   7.013999819755554E-001
   6.917999982833862E-001
       -1.498999953269959
   6.572999954223633E-001
       -1.049200057983398
       -1.189299941062927
       -1.495599985122681
  -9.132999777793884E-001
   5.985999703407288E-001
        1.210399985313416
   3.786999881267548E-001
   6.660000234842300E-002
        1.730999946594238
   9.858000278472900E-001
   8.533999919891357E-001
        1.525900006294251
   4.034000039100647E-001
   4.988000094890595E-001
   8.259999752044678E-001
        1.053099989891052
        1.021499991416931
        1.198799967765808
        1.008599996566773
   9.506000280380249E-001
  -5.198000073432922E-001
  -2.402999997138977E-001
       -1.568400025367737
       -1.131899952888489
       -2.702399969100952
       -1.401200056076050
       -2.175299882888794
       -4.055900096893311
       -6.259300231933594
       -4.935699939727783
       -5.521599769592285
       -4.421100139617920
       -4.281499862670898
       -3.469599962234497
       -3.022200107574463
       -2.063299894332886
       -1.403499960899353
       -2.259399890899658
       -2.779700040817261
       -1.623100042343140
       -1.679600000381470
       -1.813699960708618
       -1.086599946022034
       -2.075599908828735
       -1.555199980735779
       -1.881100058555603
   7.809000015258789E-001
   7.946000099182129E-001
        2.088900089263916
        1.771000027656555
        1.297199964523315
  -5.888000130653381E-001
  -7.559999823570252E-002
        1.860100030899048
        1.643800020217896
        2.452199935913086
        3.208499908447266
        1.185999989509583
   8.924000263214111E-001
        1.088000059127808
        1.125800013542175
  -1.885000020265579E-001
       -1.459300041198731
       -2.399499893188477
   2.155999988317490E-001
   8.817999958992004E-001
        1.219699978828430
        1.611299991607666
   6.559000015258789E-001
   1.912000030279160E-001
  -4.787999987602234E-001
   1.480000000447035E-002
   9.700000286102295E-002
   8.256000280380249E-001
        1.206599950790405
        2.110800027847290
   9.151999950408936E-001
   2.578999996185303E-001
        1.071499943733215
   3.476999998092651E-001
   3.564999997615814E-001
   2.493000030517578E-001
       -1.934100031852722
  -6.751999855041504E-001
  -6.082999706268311E-001
       -1.340800046920776
       -2.120800018310547
       -4.899499893188477
       -4.083399772644043
       -3.939100027084351
       -4.190999984741211
       -3.237299919128418
       -2.912199974060059
       -3.490700006484985
       -2.911099910736084
       -2.159100055694580
       -2.169300079345703
       -2.399699926376343
       -1.767099976539612
       -1.675400018692017
  -2.416000068187714E-001
       -1.904199957847595
       -2.796000003814697
       -2.579699993133545
       -3.125499963760376
       -1.275200009346008
        1.340000033378601
        1.430199980735779
        2.327800035476685
        2.894500017166138
        2.770600080490112
        1.162500023841858
   7.720000147819519E-001
        1.327200055122376
        2.392299890518189
        3.105600118637085
        3.338399887084961
        3.100300073623657
        1.770799994468689
        1.114799976348877
        1.431300044059753
   5.914000272750855E-001
       -1.042600035667419
  -9.133999943733215E-001
  -3.413999974727631E-001
        1.212599992752075
  -1.107999980449677E-001
   1.509000062942505E-001
  -1.616999953985214E-001
       -1.382599949836731
       -1.803200006484985
       -2.114000082015991
  -4.081000089645386E-001
   7.229999899864197E-001
   7.985000014305115E-001
        1.437100052833557
        1.993600010871887
   1.652999967336655E-001
   2.998999953269959E-001
   1.685000061988831E-001
        1.395200014114380
  -3.486999869346619E-001
  -9.961000084877014E-001
       -2.660300016403198
  -3.501999974250794E-001
   4.375000000000000E-001
       -1.332999944686890
       -1.357100009918213
       -3.223299980163574
       -3.592999935150147
       -2.342799901962280
       -3.204900026321411
       -3.593699932098389
       -2.107100009918213
       -2.746999979019165
   1.889999955892563E-002
   3.779999911785126E-002
       -1.728700041770935
       -2.523900032043457
  -9.830999970436096E-001
       -1.376299977302551
       -2.212100028991699
       -1.329900026321411
       -1.329599976539612
       -1.893000006675720
        1.040500044822693
        2.010900020599365
        1.899000048637390
        3.284399986267090
        4.522799968719482
        2.889499902725220
        3.863100051879883
        2.161799907684326
        2.229500055313110
        1.953500032424927
        1.752200007438660
        4.208799839019775
        4.075500011444092
        2.446399927139282
        1.391000032424927
        1.577600002288818
        1.505800008773804
  -7.178999781608582E-001
   7.900000363588333E-002
  -5.015000104904175E-001
   4.086999893188477E-001
   1.853999942541122E-001
  -3.700000047683716E-002
  -4.255000054836273E-001
       -2.258100032806397
       -1.763200044631958
       -2.076499938964844
  -3.289999961853027E-001
   2.759999968111515E-002
   1.115999966859818E-001
   7.822999954223633E-001
        2.497499942779541
   8.791000247001648E-001
        2.013400077819824
        1.945500016212463
   3.790999948978424E-001
        1.407500028610230
   9.640000015497208E-002
  -4.100000113248825E-002
  -3.603000044822693E-001
   7.042999863624573E-001
   9.623000025749207E-001
   5.717999935150147E-001
       -1.703699946403503
       -2.485599994659424
       -2.766499996185303
       -1.585399985313416
       -2.629899978637695
       -2.639400005340576
       -1.711500048637390
  -7.056999802589417E-001
   6.669999659061432E-002
       -1.851600050926209
       -2.115600109100342
       -2.229000091552734
       -1.690600037574768
       -2.370899915695190
       -2.784100055694580
       -1.367300033569336
   3.650000095367432E-001
        1.869799971580505
        2.519700050354004
        3.239099979400635
        3.273299932479858
        3.735599994659424
        2.448400020599365
        2.438699960708618
        1.498200058937073
        1.934299945831299
        1.106299996376038
        1.884899973869324
        2.273499965667725
        3.588399887084961
        3.611700057983398
        2.970000028610230
        1.801900029182434
        1.840899944305420
  -1.360000073909760E-001
   1.119999960064888E-002
   3.559999912977219E-002
       -1.224400043487549
  -3.885000050067902E-001
       -1.096300005912781
       -2.339799880981445
       -2.516799926757813
       -1.761899948120117
       -1.005699992179871
       -1.416800022125244
  -6.988999843597412E-001
   6.094999909400940E-001
        1.832800030708313
        1.579200029373169
        1.641700029373169
        1.862499952316284
        3.500000000000000
        2.060499906539917
  -8.190000057220459E-002
  -7.899999618530273E-003
  -2.811999917030335E-001
       -1.999199986457825
  -8.413000106811523E-001
  -6.737999916076660E-001
   6.137999892234802E-001
   5.011000037193298E-001
       -1.446499943733215
       -1.630300045013428
       -1.985100030899048
       -2.092600107192993
       -1.474599957466126
       -1.309399962425232
       -1.759799957275391
  -3.170999884605408E-001
  -9.839999675750732E-002
  -9.390000104904175E-001
       -1.914600014686585
       -1.516800045967102
  -4.841000139713287E-001
       -1.396299958229065
  -7.307000160217285E-001
   3.201999962329865E-001
        1.905799984931946
        1.349799990653992
        4.315700054168701
        2.950700044631958
        3.216500043869019
        2.450299978256226
        2.414700031280518
        2.047300100326538
        3.141000032424927
        2.154099941253662
        2.053900003433228
        1.976300001144409
        3.752399921417236
        4.176300048828125
        2.764800071716309
        1.960999965667725
   7.602000236511231E-001
  -6.101999878883362E-001
   4.246999919414520E-001
  -4.627000093460083E-001
   7.626000046730042E-001
       -1.682999968528748
       -2.485199928283691
       -3.434200048446655
       -2.262200117111206
       -3.172699928283691
       -1.541200041770935
       -1.127900004386902
   5.558999776840210E-001
        1.068300008773804
        2.660500049591065
        1.513399958610535
  -3.621999919414520E-001
        1.725700020790100
        1.366999983787537
        2.258599996566773
        1.203699946403503
   6.649000048637390E-001
  -9.080000221729279E-002
       -1.520099997520447
  -7.353000044822693E-001
  -7.379999756813049E-001
   8.079000115394592E-001
   2.700999975204468E-001
  -2.302999943494797E-001
  -8.953999876976013E-001
       -1.589699983596802
       -2.075200080871582
       -1.439299941062927
  -4.402000010013580E-001
  -2.214999943971634E-001
  -8.704000115394592E-001
  -4.474000036716461E-001
       -2.111500024795532
       -2.884299993515015
       -1.188899993896484
  -1.847999989986420E-001
  -3.521000146865845E-001
       -1.486199975013733
   8.998000025749207E-001
   1.173999980092049E-001
   4.478999972343445E-001
        2.465899944305420
        4.723700046539307
        3.760400056838989
        4.088600158691406
        3.620500087738037
        1.275599956512451
        2.418200016021729
        2.880000114440918
        3.761600017547607
        1.845600008964539
        2.374799966812134
        2.141499996185303
        1.161700010299683
        1.180799961090088
   3.795999884605408E-001
        2.042500019073486
        2.025199890136719
        1.182999968528748
        1.972499966621399
       -1.898300051689148
       -2.334399938583374
       -1.093600034713745
       -3.188499927520752
       -3.271800041198731
       -2.807600021362305
       -1.513800024986267
  -3.729999959468842E-001
        1.368000030517578
  -2.425999939441681E-001
   3.319999948143959E-002
        1.442700028419495
        1.044499993324280
   6.237000226974487E-001
        2.750299930572510
   9.214000105857849E-001
   8.167999982833862E-001
   6.320000290870667E-001
  -5.234000086784363E-001
   4.970999956130981E-001
  -7.833999991416931E-001
        1.204800009727478
        2.014899969100952
   2.542999982833862E-001
   6.743999719619751E-001
       -1.312199950218201
   2.427999973297119E-001
  -8.449000120162964E-001
  -4.715999960899353E-001
  -8.715999722480774E-001
   4.340000078082085E-002
       -1.313799977302551
       -1.940000057220459
       -2.235500097274780
       -1.154899954795837
       -2.094799995422363
  -4.927000105381012E-001
  -5.853999853134155E-001
       -1.116199970245361
  -7.609000205993652E-001
  -1.215000003576279E-001
        2.629199981689453
        4.116600036621094
        3.461299896240234
        4.485899925231934
        3.902600049972534
        2.575500011444092
        1.633800029754639
        4.039299964904785
        3.951600074768066
        1.745700001716614
        3.527899980545044
        3.526000022888184
        2.473099946975708
        1.590999960899353
   8.066999912261963E-001
   4.970999956130981E-001
        1.559999942779541
        1.881299972534180
        2.172600030899048
       -2.201299905776978
       -1.864799976348877
       -1.561800003051758
       -1.456200003623962
       -2.363800048828125
       -2.418499946594238
       -2.214299917221069
  -1.480000000447035E-002
  -5.289000272750855E-001
  -8.837000131607056E-001
   4.318999946117401E-001
   9.635999798774719E-001
  -2.164999991655350E-001
        1.381199955940247
        2.263299942016602
   7.854999899864197E-001
   9.197000265121460E-001
   4.979000091552734E-001
   7.470999956130981E-001
        1.531200051307678
        1.863899946212769
        1.702200055122376
        2.064599990844727
        1.721400022506714
  -1.112999990582466E-001
   7.775999903678894E-001
        1.042500019073486
        1.210899949073792
        1.180799961090088
   6.919000148773193E-001
       -2.774399995803833
       -1.195199966430664
  -7.673000097274780E-001
  -2.630999982357025E-001
  -4.377999901771545E-001
       -2.221800088882446
  -9.499999694526196E-003
   3.127000033855438E-001
  -4.228000044822693E-001
   2.190000005066395E-002
        1.060799956321716
        3.391400098800659
        3.932399988174439
        3.481400012969971
        3.868400096893311
        2.780999898910523
        3.181299924850464
        3.960900068283081
        4.578400135040283
        5.142499923706055
        3.367500066757202
        3.387099981307983
        4.488200187683106
        2.685600042343140
        1.281000018119812
        1.667400002479553
   2.050999999046326E-001
       -1.467700004577637
        1.139500021934509
        2.178400039672852
       -2.894700050354004
       -2.780200004577637
       -1.201099991798401
       -1.004699945449829
  -9.034000039100647E-001
       -2.198299884796143
  -7.034999728202820E-001
  -5.130000039935112E-002
   2.987999916076660E-001
  -5.874000191688538E-001
        1.060700058937073
        1.226400017738342
   8.134999871253967E-001
   7.304999828338623E-001
  -5.291000008583069E-001
        1.337599992752075
        2.097199916839600
        1.709900021553040
        3.442100048065186
        2.817199945449829
        3.267800092697144
        2.891900062561035
        1.790099978446960
        1.783599972724915
  -3.296999931335449E-001
   6.945999860763550E-001
  -5.580999851226807E-001
  -9.988999962806702E-001
  -9.567000269889832E-001
  -8.658000230789185E-001
       -2.076100111007690
       -1.709900021553040
  -2.298000007867813E-001
   4.097000062465668E-001
  -6.025999784469605E-001
       -2.518300056457520
       -1.598399996757507
  -9.247000217437744E-001
  -7.242000102996826E-001
        1.047299981117249
   2.587999999523163E-001
        1.838799953460693
        3.181699991226196
        2.618299961090088
        4.371200084686279
        5.422900199890137
        4.416399955749512
        4.944900035858154
        5.410200119018555
        4.364200115203857
        3.241800069808960
        3.220200061798096
        3.586600065231323
   9.708999991416931E-001
  -2.723000049591065E-001
  -5.511000156402588E-001
   2.920000068843365E-002
  -6.597999930381775E-001
  -1.421999931335449E-001
   3.914000093936920E-001
  -5.631999969482422E-001
       -1.454100012779236
       -2.320800065994263
       -1.917299985885620
  -5.187000036239624E-001
       -1.500000000000000
       -1.642400026321411
  -5.206999778747559E-001
  -6.254000067710877E-001
   2.178999930620194E-001
   9.327999949455261E-001
   8.406000137329102E-001
   1.254999935626984E-001
  -2.232999950647354E-001
  -6.379999965429306E-002
        2.244800090789795
        3.207400083541870
        2.182600021362305
        2.509999990463257
        1.924800038337708
        1.321900010108948
        1.121700048446655
   4.731999933719635E-001
   2.576999962329865E-001
  -1.695999950170517E-001
   6.740000098943710E-002
   1.246000006794930E-001
   1.976999938488007E-001
  -1.799000054597855E-001
  -6.596000194549561E-001
        1.096099972724915
  -5.447999835014343E-001
  -1.520000025629997E-002
       -1.544399976730347
       -1.430199980735779
       -2.372499942779541
       -2.240799903869629
  -5.742999911308289E-001
   4.361000061035156E-001
        1.105499982833862
        1.687199950218201
        2.003099918365479
        2.277299880981445
        2.022300004959106
        3.698199987411499
        5.818099975585938
        5.385700225830078
        5.472400188446045
        5.235099792480469
        3.019000053405762
        3.506299972534180
        2.263900041580200
        1.316799998283386
        1.378900051116943
   1.301999986171722E-001
        1.639400005340576
        2.223200082778931
  -7.825999855995178E-001
        1.072900056838989
   1.932000070810318E-001
   3.181000053882599E-001
  -1.761000007390976E-001
       -1.768599987030029
       -1.596899986267090
   5.519999936223030E-002
  -9.839999675750732E-002
       -1.195500016212463
       -1.501399993896484
   1.806000024080277E-001
  -7.041000127792358E-001
   1.906999945640564E-001
       -1.047099947929382
  -2.383999973535538E-001
   2.978000044822693E-001
   7.919999957084656E-001
        1.416100025177002
   9.722999930381775E-001
        2.756000041961670
        2.746200084686279
        2.195800065994263
   2.478999942541122E-001
   9.700000286102295E-003
   7.817999720573425E-001
        1.362599968910217
   2.382999956607819E-001
       -1.389799952507019
       -1.742799997329712
  -5.435000061988831E-001
   2.843999862670898E-001
  -3.907000124454498E-001
   6.870000064373016E-002
  -2.960999906063080E-001
       -1.470000028610230
       -1.071699976921082
  -8.486999869346619E-001
       -1.449900031089783
   1.542000025510788E-001
   5.540000200271606E-001
   2.069000005722046E-001
   7.760000228881836E-001
        1.092399954795837
        2.844899892807007
        2.370399951934815
        2.142499923706055
        2.188100099563599
        4.691199779510498
        5.725500106811523
        6.150700092315674
        5.440100193023682
        3.319200038909912
        2.533600091934204
        2.632200002670288
   7.103999853134155E-001
        1.758499979972839
   8.593999743461609E-001
        1.828899979591370
        1.486400008201599
        1.211599946022034
  -2.563000023365021E-001
   3.607999980449677E-001
       -1.388599991798401
       -1.078099966049194
       -1.333400011062622
       -3.450400114059448
       -2.143300056457520
  -1.194000020623207E-001
  -2.815000116825104E-001
       -1.083699941635132
       -1.505200028419495
  -4.920000135898590E-001
       -2.177099943161011
       -2.080499887466431
       -1.303699970245361
   3.150000050663948E-002
        1.583299994468689
        2.098099946975708
        1.539299964904785
        1.307899951934815
        2.492000102996826
        2.032700061798096
        1.388700008392334
   4.695000052452087E-001
  -2.590000033378601E-001
   7.028999924659729E-001
  -6.868000030517578E-001
       -1.720100045204163
       -1.958199977874756
  -7.429999709129334E-001
  -7.200000286102295E-001
   2.594000101089478E-001
   8.420000225305557E-002
  -9.444000124931335E-001
       -1.116500020027161
       -1.086699962615967
       -2.082499980926514
  -6.660000085830689E-001
       -1.305799961090088
  -3.337000012397766E-001
  -3.621000051498413E-001
  -1.688999980688095E-001
        1.295500040054321
        1.457399964332581
        1.160400032997131
        2.097399950027466
        3.146500110626221
        5.218999862670898
        5.903699874877930
        6.221399784088135
        5.948800086975098
        5.241199970245361
        3.175800085067749
        1.635400056838989
        2.180000066757202
        1.421399950981140
   9.021999835968018E-001
   7.430999875068665E-001
        1.329399943351746
   2.318000048398972E-001
   4.823000133037567E-001
   7.544000148773193E-001
  -5.515999794006348E-001
  -5.436999797821045E-001
   1.837999969720841E-001
       -1.804499983787537
       -1.657299995422363
  -2.696000039577484E-001
  -3.161999881267548E-001
       -1.662400007247925
       -2.078000068664551
       -1.214599967002869
       -1.647899985313416
       -1.864300012588501
       -1.584200024604797
   3.995000123977661E-001
        1.139899969100952
        2.214499950408936
   7.013000249862671E-001
   4.884000122547150E-001
        1.373299956321716
        1.340199947357178
   7.713999748229981E-001
        1.725399971008301
        1.160799980163574
  -1.046999990940094E-001
       -1.501199960708618
       -1.681599974632263
       -2.202100038528442
       -2.155299901962280
  -6.504999995231628E-001
  -8.920000195503235E-001
       -1.021900057792664
       -2.191400051116943
       -1.829100012779236
       -1.343600034713745
       -2.627000093460083
       -1.619600057601929
       -3.529599905014038
       -1.659299969673157
       -1.189499974250794
       -1.250699996948242
  -2.574999928474426E-001
   3.594000041484833E-001
  -6.111000180244446E-001
   5.911999940872192E-001
        3.115099906921387
        3.966200113296509
        5.570799827575684
        6.986199855804443
        6.578199863433838
        8.365300178527832
        6.438300132751465
        3.895400047302246
        3.464600086212158
        2.575700044631958
        1.394500017166138
   1.410000026226044E-001
        1.660799980163574
   6.090999841690064E-001
  -2.221000045537949E-001
   7.182000279426575E-001
       -1.301900029182434
  -5.981000065803528E-001
   1.030000001192093E-001
       -1.306200027465820
  -4.693999886512756E-001
  -2.233999967575073E-001
  -8.865000009536743E-001
  -7.538999915122986E-001
       -1.609099984169006
       -2.429100036621094
  -9.332000017166138E-001
       -1.845499992370606
       -2.456399917602539
       -1.136199951171875
   8.468999862670898E-001
        1.148100018501282
        2.081199884414673
        1.286399960517883
        1.476300001144409
   8.610000014305115E-001
   7.731999754905701E-001
  -4.564000070095062E-001
  -7.788000106811523E-001
  -4.909000098705292E-001
       -1.068199992179871
       -1.422700047492981
       -1.406599998474121
  -7.572000026702881E-001
       -1.254600048065186
  -2.301999926567078E-001
  -6.258000135421753E-001
       -1.542500019073486
       -2.315999984741211
       -2.466700077056885
       -3.168100118637085
       -2.213200092315674
       -2.269299983978272
       -1.154399991035461
  -5.931000113487244E-001
  -5.683000087738037E-001
       -1.437800049781799
  -8.205000162124634E-001
  -7.487999796867371E-001
   7.649000287055969E-001
        2.444700002670288
        4.702099800109863
        6.382599830627441
        6.039100170135498
        5.551700115203857
        6.646900177001953
        6.350299835205078
        4.946400165557861
        4.453199863433838
        4.376399993896484
        3.178900003433228
        1.875900030136108
        1.305999994277954
   9.521999955177307E-001
   8.529999852180481E-001
   5.321000218391419E-001
  -3.849999904632568E-001
       -1.061599969863892
   1.312000006437302E-001
  -7.621999979019165E-001
       -1.856199979782105
  -2.351000010967255E-001
  -3.237999975681305E-001
   3.097000122070313E-001
       -1.797199964523315
       -2.035700082778931
       -1.276999950408936
       -2.182399988174439
       -2.692199945449829
       -2.709800004959106
       -1.187199950218201
  -3.226000070571899E-001
   3.704999983310700E-001
   3.366000056266785E-001
   3.089999966323376E-002
  -6.808000206947327E-001
  -7.096999883651733E-001
   3.244999945163727E-001
  -8.959000110626221E-001
  -8.246999979019165E-001
       -1.147600054740906
   7.412999868392944E-001
   7.886000275611877E-001
  -3.361999988555908E-001
   8.026999831199646E-001
  -4.672999978065491E-001
  -6.370999813079834E-001
       -1.761800050735474
  -8.912000060081482E-001
       -1.423699975013733
       -1.099499940872192
  -9.391000270843506E-001
       -2.182899951934815
       -2.082600116729736
  -7.310000061988831E-001
       -1.482499957084656
       -1.308799982070923
   8.209999650716782E-002
   3.280999958515167E-001
   2.854000031948090E-001
   6.608999967575073E-001
        3.161299943923950
        4.842700004577637
        5.181099891662598
        5.482399940490723
        6.307899951934815
        6.131100177764893
        4.178699970245361
        4.407499790191650
        4.363800048828125
        4.270299911499023
        2.708600044250488
        2.895400047302246
        1.328299999237061
   6.087999939918518E-001
        1.374899983406067
  -3.034999966621399E-001
  -3.212999999523163E-001
   1.711000055074692E-001
   3.194000124931335E-001
        1.016600012779236
   4.679999873042107E-002
       -1.926399946212769
       -1.117799997329712
   1.711000055074692E-001
   9.279999732971191E-001
   5.900000222027302E-003
       -2.453299999237061
       -2.382299900054932
       -2.879400014877319
       -2.249000072479248
  -6.488000154495239E-001
  -8.866000175476074E-001
  -9.391999840736389E-001
  -8.988999724388123E-001
  -4.207000136375427E-001
  -6.353999972343445E-001
       -1.148399949073792
  -1.611000001430512E-001
  -8.429999947547913E-001
   1.502999961376190E-001
        1.003499984741211
   1.041999980807304E-001
  -7.189000248908997E-001
   9.380000084638596E-002
   5.722000002861023E-001
   1.405999958515167E-001
       -1.069700002670288
       -2.497600078582764
       -2.473700046539307
  -5.899000167846680E-001
  -1.913000047206879E-001
       -1.474799990653992
       -1.681599974632263
       -1.842499971389771
       -2.199100017547607
  -5.263000130653381E-001
  -9.210000038146973E-001
  -9.542000293731690E-001
   9.563000202178955E-001
   8.177999854087830E-001
        3.317699909210205
        2.170000076293945
        3.568399906158447
        7.113299846649170
        6.488399982452393
        5.692500114440918
        3.607599973678589
        3.929100036621094
        3.555799961090088
        2.474800109863281
        1.941799998283386
        1.705000042915344
   8.278999924659729E-001
   6.019999980926514E-001
        1.623200058937073
       -1.019600033760071
   5.328000187873840E-001
   8.555999994277954E-001
        1.224400043487549
        1.205999970436096
   9.183999896049500E-001
       -1.089599967002869
  -2.526000142097473E-001
   8.298000097274780E-001
        1.742699980735779
        1.186499953269959
       -2.021399974822998
       -3.062200069427490
       -4.581799983978272
       -3.501199960708618
       -2.717700004577637
       -1.468899965286255
       -2.189899921417236
  -7.524999976158142E-001
  -5.835000276565552E-001
   2.330999970436096E-001
   8.320000022649765E-002
   2.161999940872192E-001
  -4.149999916553497E-001
        1.009699940681458
        1.100800037384033
        1.222200036048889
   3.871999979019165E-001
  -1.534000039100647E-001
  -9.028999805450440E-001
       -1.728899955749512
       -2.082000017166138
       -2.292900085449219
       -1.119699954986572
       -1.316400051116943
  -8.665000200271606E-001
       -1.463000059127808
       -2.711400032043457
       -2.769799947738648
       -2.894200086593628
  -5.619000196456909E-001
       -1.065999984741211
  -9.470999836921692E-001
   8.292000293731690E-001
   2.940000034868717E-002
        1.353999972343445
        2.621200084686279
        4.913099765777588
        5.171599864959717
        4.838600158691406
        5.425899982452393
        2.771100044250488
        2.409300088882446
        1.775699973106384
        3.078000068664551
        1.890499949455261
        1.504799962043762
   3.971000015735626E-001
   1.351000070571899E-001
   7.508000135421753E-001
       -1.226400017738342
  -6.258999705314636E-001
   8.517000079154968E-001
  -7.419999688863754E-002
   2.399999946355820E-001
   2.301999926567078E-001
  -5.160000175237656E-002
   8.456000089645386E-001
        1.314399957656860
        1.919100046157837
   7.565000057220459E-001
  -7.889999747276306E-001
       -3.155800104141235
       -4.408199787139893
       -2.847700119018555
       -2.999500036239624
       -2.236700057983398
       -3.792000055313110
       -2.597500085830689
       -1.247900009155273
  -3.758000135421753E-001
   8.715999722480774E-001
   2.155999988317490E-001
   2.766000032424927E-001
  -4.519000053405762E-001
        1.291000008583069
   3.632000088691711E-001
  -8.549000024795532E-001
       -2.029999971389771
       -3.309299945831299
       -3.389400005340576
       -2.865299940109253
       -1.577000021934509
  -3.864000141620636E-001
       -1.734300017356873
       -3.625999927520752
       -3.402400016784668
       -3.523600101470947
       -3.477900028228760
       -3.047399997711182
       -2.340500116348267
       -1.367100000381470
  -4.828000068664551E-001
   3.327000141143799E-001
   8.332999944686890E-001
        1.952000021934509
        3.018199920654297
        3.073699951171875
        3.148099899291992
        4.440299987792969
        3.128599882125855
        1.313799977302551
   5.970000028610230E-001
        2.252799987792969
        2.814300060272217
        2.858400106430054
        2.208699941635132
  -4.165000021457672E-001
  -3.034999966621399E-001
  -9.399999976158142E-001
       -1.177199959754944
       -1.269099950790405
   4.857999980449677E-001
  -2.808000147342682E-001
  -8.787000179290772E-001
  -7.689999788999558E-002
  -2.225999981164932E-001
        1.990300059318543
   3.020000085234642E-002
   4.809999838471413E-002
  -8.166999816894531E-001
       -1.422899961471558
       -1.638800024986267
       -1.095700025558472
       -2.170399904251099
       -2.071500062942505
       -3.240299940109253
       -2.556600093841553
       -3.088000059127808
       -3.369499921798706
       -2.558099985122681
  -1.851000040769577E-001
  -4.767000079154968E-001
   1.683000028133392E-001
   2.732999920845032E-001
   7.900999784469605E-001
  -8.776000142097473E-001
       -1.866700053215027
       -1.964200019836426
       -2.810899972915649
       -2.289900064468384
  -9.738000035285950E-001
       -1.152999997138977
       -2.297300100326538
       -2.673799991607666
       -3.263600111007690
       -2.843400001525879
       -3.720099925994873
       -2.728100061416626
       -2.426199913024902
       -2.745599985122681
  -7.263000011444092E-001
   1.797000020742416E-001
  -3.422999978065491E-001
  -3.704999983310700E-001
        1.872699975967407
        2.008100032806397
        2.387900114059448
        1.720000028610230
        2.986900091171265
        2.413599967956543
        1.339400053024292
        2.191299915313721
        3.219599962234497
        1.679700016975403
   5.633999705314636E-001
        1.554200053215027
   3.691000044345856E-001
   2.982999980449677E-001
  -1.548999994993210E-001
       -1.938199996948242
       -1.146600008010864
       -1.050099968910217
       -1.465299963951111
       -2.180200099945068
   5.619999766349793E-001
  -7.488999962806702E-001
   6.782000064849854E-001
        1.705299973487854
   4.223000109195709E-001
  -3.343999981880188E-001
  -2.991000115871429E-001
        1.063500046730042
   9.782999753952026E-001
  -7.706999778747559E-001
       -2.825500011444092
       -4.112899780273438
       -2.799299955368042
       -2.334599971771240
       -2.763999938964844
       -2.726700067520142
  -9.954000115394592E-001
        1.483100056648254
   4.704999923706055E-001
  -9.920000284910202E-002
  -4.589000046253204E-001
       -1.425600051879883
       -2.231300115585327
       -2.100500106811523
       -1.527500033378601
       -2.080600023269653
       -2.595000028610230
   3.350999951362610E-001
       -1.686200022697449
       -2.160399913787842
       -4.470300197601318
       -4.471000194549561
       -3.921200037002564
       -3.708100080490112
       -3.066800117492676
       -3.187599897384644
  -2.124000042676926E-001
   5.738999843597412E-001
   2.666999995708466E-001
        1.134299993515015
        1.459800004959106
        2.112200021743774
        3.462899923324585
        2.978800058364868
        1.112499952316284
        1.449200034141541
   1.079000011086464E-001
        2.655499935150147
        4.008900165557861
        3.444099903106690
        3.199800014495850
        1.687500000000000
        1.493999958038330
   4.507000148296356E-001
  -7.311000227928162E-001
       -1.069000005722046
  -7.590000033378601E-001
  -9.696999788284302E-001
       -1.551499962806702
       -2.454200029373169
       -1.681900024414063
  -2.795999944210053E-001
   2.381000071763992E-001
   7.221000194549561E-001
        1.624799966812134
        2.008199930191040
        1.722499966621399
        1.698199987411499
        2.105600118637085
        1.678400039672852
       -1.932000041007996
       -1.703400015830994
       -2.432899951934815
       -1.880900025367737
       -1.880599975585938
       -1.532199978828430
       -1.106600046157837
        1.591400027275085
   7.531999945640564E-001
   7.020999789237976E-001
       -1.069499969482422
  -6.172000169754028E-001
       -1.299399971961975
       -1.300999999046326
   2.440000027418137E-001
   3.750000149011612E-002
       -1.008599996566773
  -6.844999790191650E-001
       -1.008000016212463
       -1.753600001335144
       -2.384599924087524
       -2.071199893951416
       -1.887199997901917
       -2.930399894714356
       -1.812100052833557
  -8.999000191688538E-001
  -2.368000000715256E-001
  -2.237000018358231E-001
   4.539000093936920E-001
        1.244400024414063
   9.000999927520752E-001
        2.991699934005737
        2.894700050354004
        3.251600027084351
        1.373299956321716
        1.899799942970276
        2.477499961853027
        2.521399974822998
        2.703299999237061
        4.168900012969971
        3.244100093841553
        2.403500080108643
        1.207200050354004
   7.315999865531921E-001
  -1.685999929904938E-001
  -8.263999819755554E-001
  -3.334999978542328E-001
  -4.894999861717224E-001
  -3.120000064373016E-001
       -1.649299979209900
       -1.329699993133545
   5.099999904632568E-001
   6.406999826431274E-001
        1.108700037002564
        2.758699893951416
        1.988600015640259
        1.804800033569336
        2.195499897003174
        2.172199964523315
        1.732900023460388
   4.878000020980835E-001
        1.046599984169006
  -2.109999954700470E-001
        1.228600025177002
  -4.083999991416931E-001
   9.866999983787537E-001
   5.750000104308128E-002
        2.324399948120117
        2.175800085067749
        2.357800006866455
   3.278999924659729E-001
  -9.447000026702881E-001
  -1.709000021219254E-001
   8.120000362396240E-002
        1.575199961662293
        2.022599935531616
   4.217000007629395E-001
  -1.305000036954880E-001
       -1.374099969863892
       -2.113199949264526
       -2.847700119018555
       -2.884299993515015
       -3.969099998474121
       -2.033600091934204
   1.142999976873398E-001
   1.247000023722649E-001
  -7.739999890327454E-002
  -1.429999992251396E-002
   7.069000005722046E-001
        1.807500004768372
        2.500600099563599
        3.393399953842163
        2.279500007629395
        1.548499941825867
        2.110300064086914
   4.088999927043915E-001
        1.471199989318848
        2.414099931716919
        3.000499963760376
        2.599100112915039
        3.084199905395508
        2.719500064849854
        1.622900009155273
  -3.057000041007996E-001
  -9.495999813079834E-001
   6.700000166893005E-001
  -3.610999882221222E-001
  -8.026000261306763E-001
   4.672000110149384E-001
  -4.481999874114990E-001
   6.830000281333923E-001
   4.796999990940094E-001
        1.257500052452087
        1.743499994277954
   5.576999783515930E-001
   5.446000099182129E-001
   5.152000188827515E-001
        2.079900026321411
        2.870599985122681
        2.554399967193604
        2.297699928283691
        1.998999953269959
        1.535199999809265
        2.751300096511841
        1.833600044250488
        1.572999954223633
        1.876700043678284
   9.797999858856201E-001
        1.560899972915649
        2.679899930953980
        2.413000106811523
   8.197000026702881E-001
   8.044999837875366E-001
        1.160300016403198
   7.613000273704529E-001
        1.328099966049194
   8.898000121116638E-001
   8.569999784231186E-002
       -1.788800001144409
       -2.181799888610840
       -2.593600034713745
       -4.196300029754639
       -3.179699897766113
       -2.750000000000000
  -7.274000048637390E-001
       -1.232300043106079
   9.273999929428101E-001
   3.440999984741211E-001
   9.296000003814697E-001
        1.686800003051758
        3.095000028610230
        3.229500055313110
        2.291100025177002
        1.333600044250488
   8.506000041961670E-001
  -7.957999706268311E-001
        1.858600020408630
        2.859999895095825
        2.573600053787231
        1.775300025939941
  -4.905000030994415E-001
        1.239199995994568
   6.744999885559082E-001
  -8.400999903678894E-001
  -7.245000004768372E-001
   7.020999789237976E-001
   8.058999776840210E-001
  -5.146999955177307E-001
  -1.509999930858612E-001
  -7.505000233650208E-001
        1.993899941444397
        1.043900012969971
        3.185699939727783
        2.373500108718872
        1.388800024986267
        1.261000037193298
        1.211899995803833
        2.756999969482422
        3.316400051116943
        3.686599969863892
        1.939900040626526
        1.428699970245361
        1.537199974060059
        2.296000003814697
        2.346699953079224
        2.356600046157837
        1.452100038528442
   8.830000162124634E-001
        1.175799965858460
        1.214400053024292
        2.861700057983398
        2.002500057220459
   2.915000021457672E-001
  -2.583999931812286E-001
   5.270000100135803E-001
   1.268000006675720E-001
  -1.403000056743622E-001
       -1.261700034141541
       -2.382299900054932
       -2.990200042724609
       -1.990000009536743
       -4.407100200653076
       -3.809000015258789
       -2.761699914932251
  -6.245999932289124E-001
  -3.614999949932098E-001
  -5.551999807357788E-001
        2.044600009918213
        1.180600047111511
        2.236200094223023
        3.547699928283691
        2.980499982833862
        2.740299940109253
   7.074999809265137E-001
        1.379199981689453
  -6.658999919891357E-001
        1.283499956130981
        2.167200088500977
        2.586199998855591
        1.398399949073792
   1.403000056743622E-001
   6.434000134468079E-001
  -6.349999904632568E-001
  -9.915000200271606E-001
       -1.627799987792969
   7.286000251770020E-001
   9.749999642372131E-002
  -3.255999982357025E-001
  -1.070000045001507E-002
   1.316000074148178E-001
        2.256400108337402
        3.494400024414063
        2.835599899291992
        1.919600009918213
        2.497600078582764
        1.004899978637695
   6.683999896049500E-001
        1.009299993515015
        2.529700040817261
        4.117899894714356
        3.874500036239624
        2.805200099945068
   7.911999821662903E-001
        1.687800049781799
        1.454699993133545
        2.632600069046021
   7.412999868392944E-001
        1.367799997329712
        1.308400034904480
        2.059700012207031
        4.073400020599365
        1.322199940681458
  -5.861999988555908E-001
       -1.197700023651123
       -1.600100040435791
       -1.693799972534180
       -3.149199962615967
       -2.312999963760376
       -2.801700115203857
       -2.092600107192993
       -2.436599969863892
       -3.007999897003174
       -2.272099971771240
       -1.630300045013428
   2.291000038385391E-001
   4.242999851703644E-001
   7.644000053405762E-001
        1.116199970245361
        1.648300051689148
        2.206500053405762
        3.261499881744385
        3.650700092315674
        2.828299999237061
        2.025599956512451
        1.378800034523010
  -9.340000152587891E-002
   9.717000126838684E-001
        2.329400062561035
   9.882000088691711E-001
        1.260499954223633
   2.469999939203262E-001
        1.455999970436096
  -3.655999898910523E-001
       -1.484099984169006
       -2.898299932479858
        1.596300005912781
  -7.362999916076660E-001
   3.691999912261963E-001
   5.501000285148621E-001
        1.696599960327148
        1.456400036811829
        2.771500110626221
        2.538100004196167
        2.111799955368042
        1.669100046157837
   1.141000017523766E-001
  -7.620000094175339E-002
   5.012999773025513E-001
        2.058099985122681
        2.931499958038330
        3.378599882125855
        1.372699975967407
  -4.375000000000000E-001
  -6.310000270605087E-002
        1.498900055885315
  -6.899999920278788E-003
        1.173300027847290
  -6.194000244140625E-001
  -3.810000047087669E-002
  -5.889999866485596E-001
        1.564900040626526
   4.000000059604645E-001
       -1.512300014495850
   2.830000035464764E-002
  -4.402000010013580E-001
   1.235999986529350E-001
       -2.787800073623657
       -2.919300079345703
       -3.495100021362305
       -2.228100061416626
       -3.036600112915039
       -2.409100055694580
       -2.165899991989136
       -2.428699970245361
       -1.701599955558777
   1.932000070810318E-001
        1.558200001716614
        2.190799951553345
        1.227300047874451
        1.602800011634827
        2.729500055313110
        3.417700052261353
        3.016499996185303
        2.232000112533569
   2.931999862194061E-001
   1.274999976158142E-001
  -6.607999801635742E-001
   7.092999815940857E-001
        1.021499991416931
   4.262000024318695E-001
  -8.392000198364258E-001
  -4.463999867439270E-001
       -1.461899995803833
       -2.415899991989136
       -2.908799886703491
  -6.980000138282776E-001
  -5.428000092506409E-001
   2.129999995231628E-001
   3.998000025749207E-001
   5.874000191688538E-001
        1.420199990272522
        2.944299936294556
        3.651999950408936
        2.256700038909912
        2.354899883270264
   8.244000077247620E-001
  -4.041999876499176E-001
   9.338999986648560E-001
        2.101200103759766
        1.339100003242493
        2.043900012969971
        1.328400015830994
   7.778000235557556E-001
  -7.091000080108643E-001
   7.141000032424927E-001
  -7.602999806404114E-001
  -1.644999980926514E-001
       -1.037899971008301
       -1.081900000572205
  -4.289999976754189E-002
  -2.687999904155731E-001
        1.020200014114380
   3.860999941825867E-001
  -6.068999767303467E-001
  -6.312999725341797E-001
  -8.967000246047974E-001
  -6.344000101089478E-001
       -1.836099982261658
       -1.519099950790405
       -1.018800020217896
       -1.711699962615967
  -3.639000058174133E-001
       -1.334599971771240
       -2.129699945449829
  -5.005000233650208E-001
        1.458400011062622
        1.511100053787231
        2.512099981307983
        1.618700027465820
        1.416000008583069
        3.104799985885620
        1.662299990653992
   6.467000246047974E-001
   6.449000239372253E-001
        1.544899940490723
        1.008100032806397
   6.667000055313110E-001
  -3.199999919161201E-003
   6.687999963760376E-001
  -1.070000045001507E-002
       -2.917000055313110
       -2.478300094604492
       -1.820799946784973
       -2.906100034713745
       -1.515499949455261
  -2.316000014543533E-001
   2.590000070631504E-002
   9.003999829292297E-001
        1.457200050354004
        1.218999981880188
        1.652500033378601
        2.028199911117554
        2.407999992370606
        2.775700092315674
        2.597899913787842
        1.151299953460693
   8.708000183105469E-001
        1.045300006866455
        1.091300010681152
   7.745000123977661E-001
        2.218899965286255
   6.266999840736389E-001
   4.004999995231628E-001
   4.839999973773956E-001
       -1.062800049781799
       -1.243000030517578
   5.889000296592712E-001
   9.458000063896179E-001
  -5.067999958992004E-001
  -3.528999984264374E-001
   7.469999790191650E-002
  -9.100000262260437E-001
   1.251000016927719E-001
  -8.608000278472900E-001
       -1.756500005722046
       -2.033299922943115
       -2.274300098419190
       -1.923599958419800
       -1.865200042724609
  -1.413999944925308E-001
  -2.099000066518784E-001
  -1.853999942541122E-001
  -1.539999991655350E-001
   9.197999835014343E-001
   1.930000074207783E-002
        1.915300011634827
        1.474400043487549
        3.196199893951416
        1.120000004768372
        2.666899919509888
        2.059499979019165
   9.965000152587891E-001
   2.284999936819077E-001
   2.099000066518784E-001
        1.193400025367737
        1.079100012779236
   5.278000235557556E-001
  -3.530000150203705E-002
   4.239999949932098E-001
  -9.746000170707703E-001
       -1.740800023078919
       -1.421300053596497
       -2.623699903488159
       -1.913800001144409
       -1.817700028419495
        1.075700044631958
        1.420300006866455
        1.417199969291687
        3.303100109100342
        2.562599897384644
        3.031300067901611
        1.603500008583069
        3.535500049591065
        3.289700031280518
        2.878099918365479
        1.560999989509583
        1.244400024414063
        1.521600008010864
        1.399000048637390
        1.488100051879883
        1.618100047111511
        1.313500046730042
   8.396000266075134E-001
   7.157999873161316E-001
       -1.232499957084656
       -1.073600053787231
  -9.954000115394592E-001
   6.032000184059143E-001
  -4.369999840855598E-002
   2.755999863147736E-001
  -2.626000046730042E-001
       -1.477599978446960
   2.703999876976013E-001
       -1.280900001525879
       -1.394099950790405
       -1.194200038909912
       -1.381199955940247
       -2.181200027465820
       -2.237600088119507
   9.675999879837036E-001
   5.874000191688538E-001
  -9.229000210762024E-001
  -2.196000069379807E-001
   3.486999869346619E-001
        1.344599962234497
        3.039299964904785
        3.284600019454956
        4.373199939727783
        2.763999938964844
        2.634099960327148
   9.376000165939331E-001
  -8.630000054836273E-002
  -4.709999859333038E-001
   3.889999985694885E-001
        1.970900058746338
        1.125699996948242
  -1.506000012159348E-001
   2.029000073671341E-001
   6.852999925613403E-001
       -1.134299993515015
       -1.106899976730347
       -1.241199970245361
       -1.062000036239624
       -1.079900026321411
       -1.250900030136108
   3.919000029563904E-001
   4.742999970912933E-001
   5.590999722480774E-001
        2.496599912643433
        2.425199985504150
        3.366699934005737
        3.560300111770630
        2.290400028228760
        3.817500114440918
        3.238800048828125
        2.553600072860718
        2.071000099182129
        1.176100015640259
        1.052000045776367
   6.969000101089478E-001
   8.996999859809876E-001
   4.981000125408173E-001
       -1.066900014877319
  -8.026000261306763E-001
   5.106999874114990E-001
   1.580000072717667E-001
  -6.967999935150147E-001
  -8.612999916076660E-001
   5.382999777793884E-001
   1.651999950408936E-001
   5.421000123023987E-001
       -1.383000016212463
       -1.838500022888184
       -1.962399959564209
       -1.569399952888489
       -1.641600012779236
  -6.646000146865845E-001
       -2.118999958038330
       -1.268100023269653
  -2.387000024318695E-001
   3.116999864578247E-001
   9.840999841690064E-001
        1.121500015258789
        1.267799973487854
        2.119299888610840
        1.380300045013428
        2.193799972534180
        2.557199954986572
        2.100100040435791
        2.342000007629395
   1.019999980926514E-001
   5.651000142097473E-001
   6.039999723434448E-001
        2.241899967193604
        2.116499900817871
   9.726999998092651E-001
        1.910699963569641
        2.245899915695190
        2.142100095748901
        1.011000037193298
       -1.201500058174133
  -3.269000053405762E-001
   5.040000006556511E-002
       -1.171200037002564
       -1.746500015258789
   2.299000024795532E-001
       -1.375699996948242
        1.109300017356873
        1.148800015449524
   9.621000289916992E-001
        1.936499953269959
        2.730099916458130
        2.527199983596802
        3.824399948120117
        3.403000116348267
        2.807499885559082
        2.744100093841553
        2.467200040817261
        1.175899982452393
   9.294999837875366E-001
   7.666000127792358E-001
  -2.903000116348267E-001
  -8.810999989509583E-001
       -1.370499968528748
   3.481999933719635E-001
  -1.221999973058701E-001
        1.472300052642822
   5.238000154495239E-001
        1.998900055885315
        1.447399973869324
        1.597100019454956
   2.797999978065491E-001
       -1.457800030708313
       -3.170000076293945
       -2.481499910354614
       -1.836799979209900
       -1.098099946975708
       -1.927800059318543
  -9.118999838829041E-001
   1.263999938964844E-001
  -8.769999742507935E-001
   2.703999876976013E-001
   1.273999959230423E-001
   9.399999976158142E-001
        1.666700005531311
        1.667500019073486
   8.062000274658203E-001
   5.149000287055969E-001
        2.463500022888184
        2.907500028610230
        2.073199987411499
   8.506000041961670E-001
        1.285300016403198
        2.186100006103516
        2.055000066757202
        1.062299966812134
        1.620300054550171
        2.518699884414673
        1.514899969100952
        2.616300106048584
        2.323400020599365
   1.240000035613775E-002
   1.322000026702881E-001
       -1.329699993133545
       -2.143100023269653
   4.262999892234802E-001
  -6.437000036239624E-001
   8.454999923706055E-001
        1.865700006484985
        1.898900032043457
        3.741899967193604
        4.402900218963623
        2.694499969482422
        2.546799898147583
        2.661600112915039
        2.428400039672852
        2.188899993896484
        2.054100036621094
        1.059700012207031
        1.369799971580505
        1.482599973678589
   5.109000205993652E-001
  -8.712999820709229E-001
  -3.330999910831451E-001
   4.686999917030335E-001
   8.256000280380249E-001
   4.392000138759613E-001
   2.374999970197678E-001
   7.479999959468842E-002
        1.217200040817261
   9.495000243186951E-001
   6.898000240325928E-001
        1.892199993133545
  -1.304000020027161E-001
       -1.511800050735474
       -1.440799951553345
       -1.992300033569336
       -1.933899998664856
  -5.896000266075134E-001
  -3.849000036716461E-001
  -7.626000046730042E-001
       -1.910599946975708
       -1.209699988365173
        1.330800056457520
   9.280999898910523E-001
   3.499000072479248E-001
   9.516999721527100E-001
        2.471400022506714
        1.207200050354004
        1.656399965286255
        2.017499923706055
        1.085700035095215
        1.768800020217896
   8.068000078201294E-001
        1.352100014686585
        1.389700055122376
        2.812500000000000
        2.918400049209595
        3.009500026702881
        1.750100016593933
        1.917500019073486
   4.799999892711639E-001
  -6.915000081062317E-001
  -7.523999810218811E-001
  -6.969000101089478E-001
        2.408200025558472
        1.562100052833557
        2.444900035858154
        3.162600040435791
        3.481499910354614
        3.120800018310547
        3.280400037765503
        2.930900096893311
        2.621999979019165
        1.246700048446655
        2.456799983978272
        1.050500035285950
        2.125699996948242
        1.707800030708313
        1.270799994468689
        2.741800069808960
        2.665600061416626
        1.707299947738648
   7.831000089645386E-001
   7.771000266075134E-001
   8.628000020980835E-001
   2.474000006914139E-001
        1.187399983406067
        1.147099971771240
   7.954000234603882E-001
        2.282700061798096
        1.968299984931946
        2.404599905014038
   4.966999888420105E-001
   4.519000053405762E-001
       -1.322499990463257
       -2.744100093841553
       -1.196799993515015
       -1.377799987792969
  -7.117000222206116E-001
  -5.116999745368958E-001
       -1.451500058174133
  -8.195999860763550E-001
        1.410099983215332
   5.659999847412109E-001
   9.398000240325928E-001
   8.111000061035156E-001
        1.377900004386902
        1.441300034523010
        1.214599967002869
   9.556999802589417E-001
   7.669000029563904E-001
        1.324200034141541
        1.350700020790100
  -3.540999889373779E-001
        1.827200055122376
        2.329999923706055
        3.132899999618530
        3.267299890518189
        2.107700109481812
        1.915199995040894
        2.293200016021729
   2.734000086784363E-001
       -1.503399968147278
       -1.708699941635132
        1.819800019264221
   1.497000008821487E-001
        2.228699922561646
        4.247600078582764
        3.553900003433228
        2.414900064468384
        2.045599937438965
        1.717599987983704
        1.374799966812134
   9.499999880790710E-001
        1.509199976921082
        2.404299974441528
        3.029200077056885
        3.169199943542481
        1.408499956130981
        2.578799962997437
        2.779700040817261
   8.472999930381775E-001
   7.674000263214111E-001
   7.768999934196472E-001
   9.908999800682068E-001
       -1.266700029373169
   2.380000054836273E-002
        2.483500003814697
        2.132499933242798
        3.761300086975098
        3.429600000381470
        1.324499964714050
        1.886999964714050
   1.376000046730042E-001
  -6.011999845504761E-001
       -2.714499950408936
       -2.636100053787231
       -1.622799992561340
  -7.324000000953674E-001
  -6.639999896287918E-002
       -1.014199972152710
       -1.210800051689148
   3.711000084877014E-001
  -2.858999967575073E-001
   1.900999993085861E-001
        1.756100058555603
        2.634799957275391
        1.378800034523010
   4.821000099182129E-001
        1.295600056648254
        1.986700057983398
   6.054999828338623E-001
  -5.235000252723694E-001
   9.170000255107880E-002
   6.755999922752380E-001
        1.420099973678589
        1.994500041007996
        2.091099977493286
        2.346100091934204
        1.370399951934815
   6.317999958992004E-001
   6.313999891281128E-001
  -3.242999911308289E-001
  -9.529999643564224E-002
        3.774600028991699
        1.551399946212769
        2.622699975967407
        3.978800058364868
        2.440799951553345
        1.993399977684021
        2.117399930953980
  -2.831999957561493E-001
  -2.802999913692474E-001
  -4.652000069618225E-001
        1.332200050354004
        1.212399959564209
        2.190200090408325
        2.009500026702881
        2.402499914169312
        1.780699968338013
        2.454200029373169
        1.161399960517883
        1.144700050354004
        1.800300002098084
        1.519999980926514
        1.156200051307678
        1.279700040817261
        3.001499891281128
        2.562999963760376
        4.129700183868408
        3.193900108337402
        1.813199996948242
        2.120300054550171
   1.700000022538006E-003
   2.363999933004379E-001
       -1.207800030708313
       -1.435099959373474
       -1.272899985313416
  -9.067999720573425E-001
        1.445999979972839
  -3.743000030517578E-001
   5.128999948501587E-001
   6.665999889373779E-001
   4.070999920368195E-001
  -1.714999973773956E-001
   4.314000010490418E-001
   5.050000175833702E-002
   5.447999835014343E-001
        1.004199981689453
        1.669600009918213
        2.617300033569336
        1.239599943161011
        1.701699972152710
   8.472999930381775E-001
   3.871000111103058E-001
        1.615000009536743
        2.111399888992310
        3.127300024032593
        2.992500066757202
        3.036799907684326
        1.260100007057190
        1.711199998855591
   4.146000146865845E-001
  -9.132000207901001E-001
        1.108500003814697
        1.557399988174439
   8.188999891281128E-001
        1.785599946975708
        3.371599912643433
        2.171600103378296
        1.087599992752075
  -2.845999896526337E-001
  -6.273000240325928E-001
  -7.860999703407288E-001
  -2.260999977588654E-001
   5.200999975204468E-001
        1.030300021171570
        2.675100088119507
        2.009700059890747
        1.510100007057190
        1.461400032043457
        1.890400052070618
        1.409399986267090
        2.542900085449219
        2.325000047683716
        1.762699961662293
        1.931699991226196
        2.266599893569946
        2.263400077819824
        2.953000068664551
        2.196199893951416
        2.424999952316284
        1.179200053215027
   9.359999895095825E-001
   9.786000251770020E-001
       -1.451500058174133
  -8.143000006675720E-001
  -6.578000187873840E-001
       -1.364699959754944
        1.018100023269653
        2.062900066375732
   7.275999784469605E-001
  -4.634999930858612E-001
  -1.603000015020371E-001
   9.096000194549561E-001
   8.385999798774719E-001
   1.609999984502792E-001
   2.520000003278256E-002
        1.389600038528442
        1.131199955940247
        1.650799989700317
        2.359600067138672
   8.719000220298767E-001
   3.700999915599823E-001
   7.960000038146973E-001
        1.100800037384033
        1.547000050544739
        3.319799900054932
        2.000299930572510
        3.478399991989136
        1.833999991416931
        1.922700047492981
   3.569999933242798E-001
  -5.672000050544739E-001
   7.628999948501587E-001
        1.534800052642822
        2.360599994659424
        2.391999959945679
        2.443700075149536
        1.346400022506714
  -6.213999986648560E-001
  -2.930000051856041E-002
       -1.774999976158142
  -7.915999889373779E-001
  -6.554999947547913E-001
   6.215999722480774E-001
        1.388599991798401
        3.135200023651123
   6.563000082969666E-001
   9.117000102996826E-001
   2.542999982833862E-001
   6.334999799728394E-001
        1.370399951934815
        1.873399972915649
        1.820399999618530
   9.305999875068665E-001
   3.323000073432922E-001
        2.113199949264526
        2.687599897384644
        2.098000049591065
   8.567000031471252E-001
        2.240799903869629
        2.044399976730347
        1.433099985122681
   1.576000005006790E-001
       -1.422399997711182
  -4.336999952793121E-001
   9.171000123023987E-001
  -9.671000242233276E-001
  -3.370000123977661E-001
   3.529999852180481E-001
   3.194000124931335E-001
  -3.163000047206879E-001
       -1.355499982833862
   4.632000029087067E-001
        1.441100001335144
  -3.353999853134155E-001
  -6.417000293731690E-001
        1.352399945259094
        1.099300026893616
        1.123800039291382
        3.402499914169312
        1.603899955749512
   7.809000015258789E-001
   5.260999798774719E-001
        1.175600051879883
        1.894600033760071
        2.504699945449829
        1.229300022125244
   9.868999719619751E-001
        2.407299995422363
        1.211199998855591
        1.113800048828125
   5.611000061035156E-001
   4.772999882698059E-001
   5.616999864578247E-001
        2.929300069808960
        3.122999906539917
        2.058599948883057
   4.174000024795532E-001
  -9.289000034332275E-001
   7.131999731063843E-001
  -9.731000065803528E-001
       -1.590199947357178
       -1.354799985885620
   2.987999916076660E-001
        2.024800062179565
        1.094799995422363
  -2.365999966859818E-001
        1.467399954795837
        1.476500034332275
   5.192999839782715E-001
   2.339999973773956E-001
        1.059100031852722
        2.391000032424927
        1.507300019264221
        1.458899974822998
        1.691900014877319
        1.175999999046326
        1.046000003814697
        1.383999943733215
        1.059399962425232
   7.669000029563904E-001
   9.488999843597412E-001
  -2.847000062465668E-001
  -5.562999844551086E-001
   4.797999858856201E-001
   3.729000091552734E-001
       -1.420600056648254
  -2.442000061273575E-001
       -1.259699940681458
  -4.250999987125397E-001
   5.655000209808350E-001
   7.042999863624573E-001
        1.269799947738648
   6.338999867439270E-001
  -7.057999968528748E-001
   2.207999974489212E-001
   6.457999944686890E-001
        1.204900026321411
        2.331599950790405
        3.295000076293945
        1.476999998092651
        1.047500014305115
        2.051899909973145
        1.922899961471558
        2.085400104522705
        1.238600015640259
        2.001600027084351
        2.014100074768066
        2.131900072097778
   6.748999953269959E-001
        1.400200009346008
   5.016000270843506E-001
        2.044800043106079
   8.421000242233276E-001
        1.085100054740906
        1.341400027275085
   7.889000177383423E-001
   9.449999779462814E-002
   1.757999956607819E-001
   6.179999932646751E-002
   9.529999643564224E-002
       -1.813599944114685
       -1.896800041198731
   2.047999948263168E-001
   1.410000026226044E-002
   5.098999738693237E-001
  -6.514000296592712E-001
        1.404199957847595
   6.390000134706497E-002
  -1.930000074207783E-002
  -8.665999770164490E-001
        1.660300016403198
        1.633599996566773
        1.351500034332275
        1.592499971389771
        1.895300030708313
   3.359999954700470E-001
       -1.550099968910217
   6.618999838829041E-001
  -3.995000123977661E-001
  -1.639000028371811E-001
  -1.370999962091446E-001
  -7.372999787330627E-001
  -3.910999894142151E-001
   4.462999999523163E-001
   5.383999943733215E-001
  -5.325000286102295E-001
       -1.354300022125244
       -1.001099944114685
       -1.343000054359436
   2.309000045061112E-001
   3.864000141620636E-001
        1.458500027656555
   7.791000008583069E-001
   1.817000061273575E-001
   5.760999917984009E-001
   5.606999993324280E-001
        1.699200034141541
   9.847000241279602E-001
        3.451400041580200
        2.297399997711182
        1.894999980926514
   8.762000203132629E-001
   3.343000113964081E-001
  -1.040000002831221E-002
   3.300000131130219E-001
        2.309400081634522
        2.105600118637085
        2.900500059127808
        1.452100038528442
        1.241799950599670
        2.078700065612793
        1.778399944305420
        2.017800092697144
   5.885000228881836E-001
   1.708000004291534E-001
  -2.117000073194504E-001
        1.574000000953674
   6.033999919891357E-001
   7.991999983787537E-001
       -1.468000054359436
       -1.876500010490418
       -3.531599998474121
       -2.798000097274780
  -2.048999965190888E-001
       -1.205600023269653
       -1.599300026893616
  -7.936999797821045E-001
       -1.416499972343445
  -9.853000044822693E-001
  -6.478999853134155E-001
   1.002999991178513E-001
   9.034000039100647E-001
        1.118399977684021
        1.348299980163574
        1.881999969482422
  -1.483999937772751E-001
  -6.656000018119812E-001
   8.619999885559082E-002
  -7.959999889135361E-002
  -2.462999969720841E-001
        1.073699951171875
   1.850000023841858E-002
   1.693000048398972E-001
       -1.237900018692017
       -2.478600025177002
       -2.814699888229370
       -2.318500041961670
       -1.563400030136108
       -1.953299999237061
  -8.203999996185303E-001
  -7.893999814987183E-001
        1.356199979782105
        2.390599966049194
        2.899600028991699
   8.826000094413757E-001
   6.694999933242798E-001
   3.763999938964844E-001
  -3.265999853610992E-001
        2.350399971008301
        1.063300013542175
        1.377900004386902
   6.583999991416931E-001
   4.799000024795532E-001
   5.641999840736389E-001
        1.937399983406067
        1.827999949455261
        3.411400079727173
        3.155499935150147
   2.115000039339066E-001
   4.544000029563904E-001
   6.536999940872192E-001
        1.468600034713745
        1.396399974822998
   8.741000294685364E-001
   4.120000004768372E-001
        1.602900028228760
   9.521999955177307E-001
   2.940999865531921E-001
  -9.505000114440918E-001
       -2.457700014114380
       -2.059900045394898
       -1.145900011062622
       -1.468000054359436
       -1.439599990844727
       -1.067399978637695
       -2.158999919891357
       -1.171300053596497
  -7.287999987602234E-001
       -1.513499975204468
       -2.247100114822388
  -3.659999966621399E-001
  -8.112999796867371E-001
        1.568500041961670
   5.895000100135803E-001
        1.322999954223633
        1.149500012397766
  -1.777999997138977E-001
  -2.838999927043915E-001
  -8.899999782443047E-003
   2.219999954104424E-002
        1.027500033378601
   4.410000145435333E-001
  -1.068999990820885E-001
       -1.661200046539307
       -2.096499919891357
       -3.128000020980835
       -2.534499883651733
       -1.189700007438660
       -1.637899994850159
  -7.148000001907349E-001
   3.765999972820282E-001
        1.173400044441223
        1.125100016593933
        2.542900085449219
   6.136000156402588E-001
   8.439999818801880E-002
       -1.102499961853027
       -2.221299886703491
   3.470999896526337E-001
        1.685299992561340
  -3.463000059127808E-001
  -4.228999912738800E-001
  -5.498999953269959E-001
   4.781000018119812E-001
   8.747000098228455E-001
        1.608600020408630
        3.059299945831299
        1.490900039672852
  -5.259000062942505E-001
       -1.977200031280518
       -1.299200057983398
        1.152999997138977
   2.125000059604645E-001
   1.242000013589859E-001
  -8.844000101089478E-001
   5.198000073432922E-001
   9.534999728202820E-001
   6.868000030517578E-001
  -5.616999864578247E-001
  -8.104000091552734E-001
       -1.400400042533875
       -1.118199944496155
       -1.169199943542481
       -1.309399962425232
  -5.196999907493591E-001
  -9.688000082969666E-001
       -1.019999980926514
  -8.579999804496765E-001
  -4.300000071525574E-001
  -8.434000015258789E-001
  -9.305999875068665E-001
  -9.409999847412109E-001
  -3.700000047683716E-001
  -4.128000140190125E-001
        1.991700053215027
        1.566699981689453
        1.097699999809265
        1.992699980735779
        1.881600022315979
   9.120000004768372E-001
        1.742200016975403
        1.542799949645996
  -6.988000273704529E-001
       -1.019299983978272
       -2.091700077056885
       -1.809399962425232
       -2.900099992752075
       -1.574200034141541
       -1.246500015258789
       -1.606899976730347
  -2.062000036239624E-001
        1.382699966430664
   9.932000041007996E-001
  -4.106000065803528E-001
   1.869999989867210E-002
  -7.088999748229981E-001
       -1.972900032997131
       -1.296100020408630
  -3.048999905586243E-001
  -4.013999998569489E-001
        1.651200056076050
        1.438599944114685
  -2.696999907493591E-001
       -1.389199972152710
  -7.103999853134155E-001
        1.657799959182739
        2.631900072097778
   9.585999846458435E-001
  -2.266999930143356E-001
  -6.018000245094299E-001
        1.173599958419800
        1.299700021743774
   2.280000001192093E-001
  -2.224999964237213E-001
  -6.341999769210815E-001
   4.109999909996986E-002
   8.253999948501587E-001
   9.848999977111816E-001
  -4.370000064373016E-001
       -2.295099973678589
       -2.215500116348267
       -2.619899988174439
       -1.238299965858460
  -4.413999915122986E-001
  -4.577000141143799E-001
  -4.824999868869782E-001
       -1.451099991798401
  -8.597999811172485E-001
  -1.255999952554703E-001
   7.321000099182129E-001
  -4.034000039100647E-001
  -9.131000041961670E-001
  -2.107000052928925E-001
       -1.318600058555603
        2.087399959564209
        3.032299995422363
        2.120199918746948
        3.223999977111816
        1.700600028038025
        1.760400056838989
        1.931900024414063
        2.528899908065796
        2.148600101470947
  -6.304000020027161E-001
       -1.612599968910217
       -3.374399900436401
       -2.145100116729736
       -1.207900047302246
   4.549999907612801E-002
  -4.027999937534332E-001
  -6.987000107765198E-001
       -1.199800014495850
  -6.334000229835510E-001
  -8.016999959945679E-001
  -7.473999857902527E-001
  -6.460000276565552E-001
  -8.087999820709229E-001
       -1.017199993133545
  -1.732999980449677E-001
   1.395999938249588E-001
        1.416399955749512
        2.293400049209595
        1.299000024795532
   2.275000065565109E-001
   7.436000108718872E-001
   2.511999905109406E-001
  -4.801000058650971E-001
  -5.444999933242798E-001
   5.318999886512756E-001
  -1.922000050544739E-001
   1.281999945640564E-001
   6.179999709129334E-001
   3.594000041484833E-001
       -1.123100042343140
       -1.154299974441528
   9.702000021934509E-001
   3.986000120639801E-001
   9.101999998092651E-001
  -3.731000125408173E-001
       -2.034399986267090
       -3.050899982452393
       -2.464499950408936
       -2.071399927139282
  -8.628000020980835E-001
       -1.478899955749512
  -7.016000151634216E-001
       -2.119499921798706
       -1.647600054740906
  -2.144999951124191E-001
        1.077700018882752
        2.042000055313110
   8.942999839782715E-001
   9.290000051259995E-002
        1.112499952316284
   9.728999733924866E-001
        3.096199989318848
        2.869699954986572
        3.544699907302856
        2.424700021743774
        2.646600008010864
        2.577899932861328
        2.206399917602539
        2.362400054931641
   6.216999888420105E-001
       -2.147300004959106
       -2.582999944686890
       -2.672499895095825
       -2.638999938964844
       -1.503399968147278
   4.095999896526337E-001
       -1.342000007629395
  -1.319999992847443E-001
       -2.035099983215332
       -2.911099910736084
       -1.603399991989136
  -8.292999863624573E-001
       -1.347300052642822
  -9.233999848365784E-001
  -7.756000161170960E-001
        1.728399991989136
        1.760699987411499
        1.318300008773804
        1.761199951171875
   1.439999938011169E-001
  -7.278000116348267E-001
  -8.060000091791153E-002
   4.329999983310700E-001
  -3.731000125408173E-001
        1.273499965667725
   9.078000187873840E-001
        1.622200012207031
  -4.257999956607819E-001
  -1.292999982833862E-001
       -1.121099948883057
  -6.692000031471252E-001
   2.720000036060810E-002
   3.098999857902527E-001
  -2.529999986290932E-002
       -2.420599937438965
       -3.289799928665161
       -2.372600078582764
       -3.890000104904175
       -3.035300016403198
  -9.171000123023987E-001
   1.961999982595444E-001
       -1.003100037574768
       -1.227399945259094
       -1.559900045394898
   6.927000284194946E-001
   5.024999976158142E-001
        1.218999981880188
   8.666999936103821E-001
        1.510400056838989
   5.493000149726868E-001
        1.959400057792664
        2.746900081634522
        4.035799980163574
        1.753600001335144
        1.954100012779236
        2.210500001907349
        1.405200004577637
        2.239700078964233
        1.826799988746643
   8.289999961853027E-001
       -1.106500029563904
       -1.691699981689453
       -1.740399956703186
       -1.491400003433228
  -9.356999993324280E-001
  -9.192000031471252E-001
  -1.958999931812286E-001
   9.569000005722046E-001
  -8.134999871253967E-001
       -1.566300034523010
       -1.568400025367737
       -1.058699965476990
   4.259999990463257E-001
   3.596000075340271E-001
   5.514000058174133E-001
        2.642400026321411
        3.147099971771240
        1.851500034332275
        1.324599981307983
  -8.030000329017639E-002
  -1.950999945402145E-001
  -6.999999880790710E-001
  -1.489000022411346E-001
   3.709999918937683E-001
   5.735999941825867E-001
   8.407999873161316E-001
        2.691299915313721
  -1.004000008106232E-001
   4.219000041484833E-001
       -1.363999962806702
       -1.121000051498413
  -3.409999981522560E-002
  -2.159000039100647E-001
   1.115000024437904E-001
       -1.300699949264526
       -3.087300062179565
       -4.502399921417236
       -4.873199939727783
       -2.589200019836426
  -5.228000283241272E-001
  -8.900000154972076E-002
   6.037999987602234E-001
  -5.839999914169312E-001
  -6.195999979972839E-001
   9.203000068664551E-001
        1.473399996757507
        2.733500003814697
        1.417700052261353
        1.230800032615662
        1.307399988174439
        1.582499980926514
        2.528899908065796
        1.405799984931946
        2.210000038146973
   7.886000275611877E-001
        1.605999946594238
        1.311900019645691
   9.264000058174133E-001
        1.662299990653992
   8.209000229835510E-001
  -8.456000089645386E-001
       -1.541399955749512
  -1.058000028133392E-001
       -1.231999993324280
       -1.626299977302551
        1.005900025367737
       -1.012300014495850
  -7.041000127792358E-001
       -1.239199995994568
  -6.475999951362610E-001
  -1.779000014066696E-001
  -2.025000005960465E-001
   7.192000150680542E-001
        1.070099949836731
        1.439000010490418
        2.844199895858765
        2.306299924850464
        1.265799999237061
   7.717000246047974E-001
   8.551999926567078E-001
   6.732000112533569E-001
        1.050699949264526
        2.039200067520142
        1.448099970817566
   9.556999802589417E-001
        1.598600029945374
        2.993200063705444
        1.455999970436096
  -9.707999825477600E-001
  -4.697000086307526E-001
  -1.726000010967255E-001
  -1.290999948978424E-001
   3.382000029087067E-001
  -6.435999870300293E-001
  -7.930999994277954E-001
       -2.388400077819824
       -4.258699893951416
       -4.673699855804443
       -3.051300048828125
       -1.986099958419800
  -9.218999743461609E-001
        1.666200041770935
        1.791200041770935
   8.191000223159790E-001
   3.842999935150147E-001
        1.399000048637390
        3.004600048065186
        2.371200084686279
        2.032399892807007
        1.455500006675720
        1.885100007057190
        1.907999992370606
   9.793000221252441E-001
        1.940999984741211
   3.903000056743622E-001
        1.297299981117249
        1.874099969863892
        2.394500017166138
        1.349599957466126
   2.879000008106232E-001
  -2.354000061750412E-001
       -1.865000009536743
   2.619999945163727E-001
   3.747999966144562E-001
       -1.369899988174439
   7.134000062942505E-001
   3.910000026226044E-001
  -3.425000011920929E-001
  -8.550000190734863E-002
  -7.066000103950501E-001
  -6.384000182151794E-001
  -2.250999957323074E-001
   4.568000137805939E-001
        1.933699965476990
        1.151100039482117
        1.918400049209595
   8.065000176429749E-001
   8.725000023841858E-001
       -1.061599969863892
   2.472999989986420E-001
   1.718000024557114E-001
        1.365300059318543
        1.966199994087219
        2.221400022506714
        2.563499927520752
        3.341799974441528
        3.820499897003174
        1.047399997711182
  -2.772000133991242E-001
       -1.419999957084656
       -1.484799981117249
       -1.374099969863892
  -7.760000228881836E-002
       -2.273499965667725
   4.720000028610230E-001
       -1.384400010108948
       -3.716700077056885
       -2.930299997329712
       -1.836899995803833
  -9.096000194549561E-001
  -1.167000010609627E-001
   5.529000163078308E-001
   7.692999839782715E-001
        1.146499991416931
  -3.880000114440918E-002
   4.812000095844269E-001
        1.455199956893921
        1.360000014305115
        1.077299952507019
   6.643999814987183E-001
        1.014600038528442
        1.507200002670288
        1.265200018882752
        1.603500008583069
  -5.643000006675720E-001
  -1.471000015735626E-001
        1.617900013923645
        1.543900012969971
   9.326999783515930E-001
  -3.278999924659729E-001
   1.250000018626452E-002
       -1.185899972915649
  -5.918999910354614E-001
  -5.530999898910523E-001
   6.075999736785889E-001
   3.050000071525574E-001
   9.251999855041504E-001
   7.506999969482422E-001
        1.940299987792969
   8.900000154972076E-002
   4.720000177621841E-002
  -6.898999810218811E-001
   5.052000284194946E-001
        1.407999992370606
        2.080600023269653
        1.712700009346008
   6.258999705314636E-001
   6.642000079154968E-001
  -8.118000030517578E-001
  -9.290000200271606E-001
  -6.923999786376953E-001
  -2.299000024795532E-001
        1.267500042915344
        1.759999990463257
        3.679899930953980
        4.132599830627441
        3.137500047683716
   4.399999976158142E-002
  -4.756000041961670E-001
  -7.429999709129334E-001
       -1.190899968147278
  -8.417999744415283E-001
  -2.876999974250794E-001
  -8.149999976158142E-001
       -2.088700056076050
       -2.330600023269653
       -2.941400051116943
       -2.095400094985962
       -1.008299946784973
  -7.469000220298767E-001
   6.099999882280827E-003
   7.085000276565552E-001
        1.295799970626831
   8.817999958992004E-001
        1.963099956512451
   8.813999891281128E-001
        2.730299949645996
        2.397900104522705
        1.636600017547607
        2.075900077819824
        2.213500022888184
        2.146699905395508
   3.959000110626221E-001
   7.943000197410584E-001
   6.000000238418579E-001
   1.710000075399876E-002
        1.225200057029724
   7.736999988555908E-001
  -9.369999766349793E-001
       -1.205199956893921
  -5.241000056266785E-001
   1.694999933242798E-001
   7.882000207901001E-001
        1.315500020980835
        1.270699977874756
        2.111099958419800
   7.687000036239624E-001
   4.007999897003174E-001
   5.879999995231628E-001
   5.825999975204468E-001
       -1.139000058174133
       -1.088500022888184
   1.591999977827072E-001
  -1.019999980926514E-001
        2.206300020217896
        3.193700075149536
        2.014300107955933
        1.334400057792664
   6.539999693632126E-002
   2.199999988079071E-001
        1.133999943733215
        1.853700041770935
        2.704699993133545
        2.313899993896484
        3.963599920272827
        4.050700187683106
        2.163300037384033
   1.269999984651804E-002
  -9.830999970436096E-001
  -2.540999948978424E-001
  -4.611000120639801E-001
  -2.863000035285950E-001
       -1.137300014495850
       -1.835299968719482
       -2.036900043487549
       -2.267400026321411
       -1.516899943351746
  -9.782000184059143E-001
  -3.373000025749207E-001
  -2.105000019073486E-001
   1.870000064373016E-001
        2.437500000000000
        2.179600000381470
        2.506900072097778
        2.849699974060059
        2.840699911117554
        4.310800075531006
        2.679800033569336
        2.291199922561646
   9.438999891281128E-001
        1.248000025749207
   3.397000133991242E-001
   6.937999725341797E-001
        1.050199985504150
   2.838999927043915E-001
  -5.019000172615051E-001
  -9.452999830245972E-001
  -9.600999951362610E-001
       -1.469799995422363
  -4.595000147819519E-001
       -1.827200055122376
  -1.580000072717667E-001
        1.279899954795837
   2.558999955654144E-001
        1.326699972152710
        1.513800024986267
       -1.766700029373169
  -9.099999815225601E-002
   6.072000265121460E-001
   9.786000251770020E-001
       -1.216300010681152
       -1.427999973297119
       -1.935400009155273
  -4.406000077724457E-001
        1.756700038909912
        2.665100097656250
        2.214200019836426
        2.455100059509277
        1.700199961662293
        1.411900043487549
   5.843999981880188E-001
        1.180400013923645
   4.282999932765961E-001
        2.317300081253052
        3.381599903106690
        2.913399934768677
        1.056499958038330
  -4.760000109672546E-001
  -5.358999967575073E-001
  -7.375000119209290E-001
   6.500000134110451E-003
  -1.587000042200089E-001
  -2.642000019550324E-001
       -2.315799951553345
       -2.362799882888794
       -2.161700010299683
       -1.696400046348572
       -1.802000045776367
       -1.308899998664856
  -3.420000150799751E-002
        2.600199937820435
        2.203399896621704
        2.855600118637085
        3.244100093841553
        3.578099966049194
        3.036000013351440
        4.189599990844727
        1.604099988937378
        2.040400028228760
  -5.900000035762787E-002
       -1.218799948692322
       -1.454399943351746
  -6.171000003814697E-001
  -7.368999719619751E-001
        1.050199985504150
   4.115999937057495E-001
  -3.835999965667725E-001
  -1.679999940097332E-002
       -2.026000022888184
       -2.650899887084961
       -2.358900070190430
       -2.601200103759766
  -8.827999830245972E-001
  -5.383999943733215E-001
  -8.016999959945679E-001
   6.780999898910523E-001
  -2.193000018596649E-001
       -1.875399947166443
  -9.696000218391419E-001
   8.597000241279602E-001
  -5.090000107884407E-002
  -6.456999778747559E-001
  -1.902000010013580E-001
  -1.867000013589859E-001
        1.094599962234497
        1.908200025558472
   4.668000042438507E-001
        2.017899990081787
        1.487800002098084
        2.739399909973145
        1.519000053405762
        1.192199945449829
        1.518399953842163
        1.810500025749207
        1.212499976158142
        2.039799928665161
        1.041900038719177
   3.909999877214432E-002
        1.976899981498718
   7.373999953269959E-001
  -4.783000051975250E-001
   1.410000026226044E-002
  -4.406000077724457E-001
       -1.148399949073792
       -2.538199901580811
       -2.602999925613403
       -2.736299991607666
       -2.230700016021729
       -1.781399965286255
   6.794999837875366E-001
        1.729400038719177
        1.325000047683716
        1.406499981880188
        2.650300025939941
        2.880800008773804
        3.933500051498413
        3.625499963760376
        2.134500026702881
        1.477599978446960
   9.480000287294388E-002
       -1.579100012779236
       -1.524999976158142
  -6.417999863624573E-001
  -7.062000036239624E-001
  -6.689999997615814E-002
       -1.300799965858460
  -8.916000127792358E-001
  -2.044000029563904E-001
  -9.929999709129334E-001
       -1.383499979972839
       -4.392799854278565
       -1.569300055503845
       -1.025099992752075
  -9.205999970436096E-001
        1.030599951744080
        1.293799996376038
  -7.121999859809876E-001
       -1.512300014495850
       -1.154500007629395
   3.231000006198883E-001
  -2.725000083446503E-001
       -1.049800038337708
  -4.115000069141388E-001
   4.571999907493591E-001
        1.061200022697449
        1.128000020980835
        1.485999941825867
        1.768900036811829
        1.620200037956238
        2.886800050735474
        1.774899959564209
        1.694499969482422
        1.970199942588806
        1.938899993896484
        1.520099997520447
        2.048300027847290
   5.881999731063843E-001
       -1.743800044059753
        1.086899995803833
        1.110100030899048
   8.299000263214111E-001
   5.436000227928162E-001
  -2.773999869823456E-001
       -1.205299973487854
       -3.046700000762940
       -3.760600090026856
       -2.144099950790405
  -3.700000047683716E-001
   2.188999950885773E-001
        1.336799979209900
        1.932100057601929
   8.952000141143799E-001
        2.354099988937378
        3.169600009918213
        2.941299915313721
        2.706300020217896
        2.947799921035767
   7.526000142097473E-001
   5.396999716758728E-001
  -8.377000093460083E-001
       -1.502099990844727
  -3.156999945640564E-001
  -1.273999959230423E-001
       -1.441699981689453
       -2.158200025558472
       -1.882899999618530
  -7.279999852180481E-001
  -6.855999827384949E-001
  -8.831999897956848E-001
       -2.144700050354004
       -2.638200044631958
       -3.276799917221069
  -5.285000205039978E-001
   5.261999964714050E-001
        1.940999984741211
   6.940000057220459E-001
   2.484000027179718E-001
   1.909999921917915E-002
       -1.805699944496155
  -2.145999968051910E-001
  -3.139999881386757E-002
  -3.959999978542328E-002
   5.789999961853027E-001
        1.025400042533875
        1.380800008773804
   6.614000201225281E-001
        1.851999998092651
        4.315499782562256
        3.272700071334839
        2.711499929428101
        2.859299898147583
        1.656700015068054
        1.815700054168701
        1.475299954414368
   7.900000363588333E-002
        2.632600069046021
   6.851999759674072E-001
       -2.170099973678589
   1.404000073671341E-001
   8.855999708175659E-001
        1.845600008964539
        1.545099973678589
  -1.735000014305115E-001
       -1.297500014305115
       -1.897699952125549
       -2.231100082397461
       -1.571200013160706
  -2.887000143527985E-001
  -3.700000001117587E-003
        1.678500056266785
        1.490700006484985
   9.830999970436096E-001
        1.767199993133545
        2.464299917221069
        2.775700092315674
        2.787800073623657
        1.159700036048889
   6.790999770164490E-001
   1.097000017762184E-001
  -7.580000162124634E-002
       -1.626099944114685
       -1.567100048065186
       -1.442899942398071
  -4.210000112652779E-002
  -7.491999864578247E-001
   2.157000005245209E-001
   6.230000257492065E-001
  -2.712000012397766E-001
       -1.149099946022034
       -1.225499987602234
       -1.344400048255920
  -7.109000086784363E-001
   3.104999959468842E-001
        2.267699956893921
        1.407400012016296
   5.268999934196472E-001
   3.021999895572662E-001
        1.120900034904480
   4.034000039100647E-001
  -7.315000295639038E-001
        2.075200080871582
        2.256799936294556
        1.134799957275391
        1.769600033760071
        1.697299957275391
   4.569999873638153E-001
        1.137799978256226
        3.507800102233887
        3.297399997711182
        2.307300090789795
        3.669399976730347
        1.543699979782105
        1.458099961280823
   6.883999705314636E-001
   1.759999990463257E-002
        1.006700038909912
  -9.046000242233276E-001
  -1.000000014901161E-001
  -2.779999934136868E-002
   1.597999930381775E-001
        1.200700044631958
  -1.495999991893768E-001
  -8.665000200271606E-001
       -1.832100033760071
       -2.287300109863281
       -1.516399979591370
       -1.161000013351440
  -1.931000053882599E-001
   5.637000203132629E-001
   3.441999852657318E-001
   7.286999821662903E-001
   6.984999775886536E-001
        1.435099959373474
   5.098999738693237E-001
        1.386700034141541
   7.779999971389771E-001
  -3.763000071048737E-001
   8.216999769210815E-001
   9.939999878406525E-002
  -3.337000012397766E-001
  -2.594999969005585E-001
  -5.744000077247620E-001
  -5.210000276565552E-001
  -3.170000016689301E-001
        1.192499995231628
  -1.203000023961067E-001
  -3.280000090599060E-001
       -1.185299992561340
       -1.493199944496155
  -8.549000024795532E-001
   3.574000000953674E-001
  -1.441999971866608E-001
   4.794000089168549E-001
        1.001600027084351
  -2.540000081062317E-001
  -1.168999969959259E-001
   1.644999980926514E-001
   6.222000122070313E-001
        1.098299980163574
        1.972300052642822
        1.697299957275391
        2.552799940109253
        2.746400117874146
        2.701200008392334
        2.203599929809570
        2.393199920654297
        3.538399934768677
        3.646899938583374
        1.716599941253662
        1.126700043678284
   4.587999880313873E-001
        1.090199947357178
   9.398999810218811E-001
   8.421000242233276E-001
        1.594599962234497
   6.430000066757202E-001
  -4.724999964237213E-001
       -1.348099946975708
       -1.677899956703186
  -2.727999985218048E-001
   6.462000012397766E-001
  -2.734000086784363E-001
       -1.070999979972839
       -1.763700008392334
       -1.455600023269653
       -1.329599976539612
  -6.068999767303467E-001
  -1.850000023841858E-002
  -1.337999999523163E-001
  -4.620999991893768E-001
   7.479000091552734E-001
        1.599900007247925
        1.774099946022034
   1.469999998807907E-001
        1.146600008010864
   3.905999958515167E-001
   2.989999949932098E-001
  -6.427000164985657E-001
       -1.519999980926514
  -2.193000018596649E-001
  -4.720999896526337E-001
  -2.951000034809113E-001
  -4.000000189989805E-003
   2.646999955177307E-001
   9.510999917984009E-001
  -2.779999934136868E-002
       -1.761700034141541
       -1.660799980163574
       -2.518300056457520
       -2.199300050735474
   1.080000028014183E-002
   6.000000238418579E-001
   3.000999987125397E-001
   9.979000091552734E-001
  -4.022000133991242E-001
  -7.422999739646912E-001
       -1.016199946403503
   2.628000080585480E-001
        1.207100033760071
        2.166199922561646
        2.390199899673462
        3.369100093841553
        3.527699947357178
        4.427299976348877
        3.975699901580811
        3.151599884033203
        1.866500020027161
        1.994099974632263
   4.476000070571899E-001
   2.050999999046326E-001
   8.079000115394592E-001
   6.405000090599060E-001
  -4.129999876022339E-002
   4.018999934196472E-001
        1.627799987792969
        1.754199981689453
   7.965000271797180E-001
       -1.467499971389771
       -1.470600008964539
       -1.815099954605103
   2.529999986290932E-002
       -1.403800010681152
       -1.610000014305115
  -9.146999716758728E-001
  -6.086999773979187E-001
  -6.859999895095825E-002
   4.636000096797943E-001
   2.093999981880188E-001
  -5.429999902844429E-002
   4.395999908447266E-001
        1.052099943161011
        2.717200040817261
        2.344599962234497
   6.583999991416931E-001
  -1.711000055074692E-001
  -3.139999881386757E-002
       -1.250699996948242
  -8.443999886512756E-001
  -2.360000088810921E-002
  -5.593000054359436E-001
       -1.513100028038025
  -3.052999973297119E-001
  -6.973999738693237E-001
  -8.370000123977661E-001
   8.733999729156494E-001
   1.318999975919724E-001
        1.369699954986572
  -7.770000100135803E-001
  -8.963000178337097E-001
       -2.154799938201904
  -4.341000020503998E-001
  -2.563000023365021E-001
  -9.251000285148621E-001
  -8.900000154972076E-002
  -2.702000141143799E-001
       -1.223199963569641
  -9.610000252723694E-002
  -1.964000016450882E-001
   5.254999995231628E-001
        1.751099944114685
        2.086499929428101
        3.144000053405762
        3.676500082015991
        3.420599937438965
        2.641599893569946
        2.114399909973145
        1.329100012779236
        1.648399949073792
        1.981600046157837
   1.128999963402748E-001
        1.144099950790405
  -2.707000076770783E-001
   1.918999999761581E-001
   5.156999826431274E-001
        1.872300028800964
        1.266499996185303
  -1.747000068426132E-001
       -2.237200021743774
       -2.335900068283081
       -1.593799948692322
       -1.512199997901917
       -1.962299942970276
       -1.912799954414368
       -1.047500014305115
       -1.479200005531311
       -1.570099949836731
   2.779999971389771E-001
       -1.312299966812134
       -1.149199962615967
  -3.718000054359436E-001
   8.439999818801880E-001
   2.275000065565109E-001
   2.508000135421753E-001
   9.570000320672989E-002
  -8.718000054359436E-001
   2.752000093460083E-001
       -1.053599953651428
       -1.317199945449829
  -7.141000032424927E-001
       -1.603299975395203
       -2.152699947357178
       -1.087499976158142
       -1.456400036811829
  -1.553000062704086E-001
  -1.112999990582466E-001
        1.002099990844727
   3.064000010490418E-001
        1.057800054550171
  -7.106000185012817E-001
  -3.576999902725220E-001
  -2.989000082015991E-001
   1.630000025033951E-002
  -2.422000020742416E-001
   4.239999949932098E-001
   1.826000064611435E-001
   3.025000095367432E-001
  -7.769999653100967E-002
        1.186699986457825
        2.405100107192993
        2.826999902725220
        2.404700040817261
        2.247999906539917
        2.601700067520142
        2.380899906158447
        2.652199983596802
        2.504600048065186
        2.192300081253052
   4.034999907016754E-001
  -3.300000131130219E-001
   3.143999874591827E-001
   2.772000133991242E-001
   6.838999986648560E-001
   6.772999763488770E-001
   4.223999977111816E-001
  -1.750999987125397E-001
       -1.387899994850159
       -2.822200059890747
       -2.339200019836426
       -2.411600112915039
       -3.238100051879883
  -8.403999805450440E-001
       -1.093600034713745
       -1.188899993896484
       -2.193599939346314
       -1.411900043487549
  -3.546999990940094E-001
       -1.321900010108948
       -1.345900058746338
       -1.000499963760376
       -1.424100041389465
  -9.832000136375427E-001
  -9.291999936103821E-001
  -5.088000297546387E-001
  -7.616999745368958E-001
       -1.902400016784668
  -5.199999809265137E-001
       -2.031399965286255
       -1.538300037384033
       -1.003499984741211
       -2.315299987792969
       -2.732199907302856
       -2.432300090789795
  -7.493000030517578E-001
   2.737999856472015E-001
   5.424000024795532E-001
  -7.029999792575836E-002
        1.030799984931946
  -4.138999879360199E-001
   8.500000089406967E-002
   5.460000038146973E-001
   9.860000014305115E-001
  -6.714000105857849E-001
        1.236199975013733
   5.627999901771545E-001
   6.143000125885010E-001
   3.431000113487244E-001
        1.317299962043762
        1.012300014495850
        2.184999942779541
        1.647099971771240
        1.795500040054321
        2.859999895095825
        2.546099901199341
        3.020499944686890
        3.151099920272827
        1.506100058555603
   7.633000016212463E-001
  -2.637000083923340E-001
  -8.066999912261963E-001
       -1.695899963378906
   4.710000008344650E-002
  -9.100000374019146E-003
   4.383000135421753E-001
  -4.481000006198883E-001
       -2.012799978256226
       -2.508300065994263
       -4.245600223541260
       -2.270999908447266
       -2.704200029373169
       -2.343600034713745
       -2.824399948120117
       -2.653899908065796
       -1.808799982070923
       -1.813099980354309
       -2.809799909591675
       -1.453899979591370
       -2.110899925231934
  -6.826000213623047E-001
  -9.929999709129334E-001
       -1.487599968910217
       -1.090899944305420
  -4.571999907493591E-001
       -1.947800040245056
  -6.721000075340271E-001
  -8.507000207901001E-001
  -8.924000263214111E-001
  -7.889000177383423E-001
  -9.244999885559082E-001
  -4.198000133037567E-001
       -1.117200016975403
       -1.312100052833557
       -2.377199888229370
  -5.187000036239624E-001
  -4.510000050067902E-001
   2.599000036716461E-001
   9.794999957084656E-001
   6.082999706268311E-001
       -1.257799983024597
   9.459999948740006E-002
   2.939000129699707E-001
   2.651000022888184E-001
  -2.134999930858612E-001
  -5.023999810218811E-001
  -1.880999952554703E-001
   6.829000115394592E-001
   4.880999922752380E-001
   3.953999876976013E-001
   7.993000149726868E-001
        1.499400019645691
   6.115999817848206E-001
        2.006299972534180
        2.079499959945679
        1.492400050163269
   5.796999931335449E-001
        2.435300111770630
   6.326000094413757E-001
   1.159999966621399E-001
  -7.448999881744385E-001
       -1.356999993324280
       -2.173300027847290
  -4.806999862194061E-001
  -9.617000222206116E-001
   4.960000142455101E-002
  -5.370000004768372E-001
       -2.095000028610230
       -3.052299976348877
       -3.864500045776367
       -1.241600036621094
       -1.094900012016296
       -2.953000068664551
       -3.278800010681152
       -2.982399940490723
       -1.797000050544739
       -2.456899881362915
       -2.572499990463257
       -2.615099906921387
       -1.665400028228760
  -4.325999915599823E-001
   2.167000025510788E-001
       -2.348900079727173
       -2.446300029754639
  -6.230000257492065E-001
  -4.629999995231628E-001
  -7.652000188827515E-001
  -8.115000128746033E-001
       -1.327900052070618
       -1.736099958419800
   7.880000025033951E-002
  -8.483999967575073E-001
  -5.861999988555908E-001
       -2.834000110626221
  -5.630999803543091E-001
  -8.709999918937683E-002
        1.719499945640564
        1.905799984931946
        1.206300020217896
  -1.228000000119209E-001
  -9.071999788284302E-001
       -2.013400077819824
   3.799999877810478E-002
       -1.447999954223633
  -9.690000116825104E-002
  -7.509999871253967E-001
       -1.061800003051758
  -1.041999980807304E-001
   5.307000279426575E-001
   4.866999983787537E-001
        2.022700071334839
        1.658200025558472
   9.757000207901001E-001
   3.601000010967255E-001
        1.003600001335144
   2.655000090599060E-001
        1.502599954605103
   6.678000092506409E-001
        1.243199944496155
   2.570999860763550E-001
  -9.976000189781189E-001
  -7.545999884605408E-001
       -2.187299966812134
  -7.357000112533569E-001
  -4.149999842047691E-002
  -8.510000109672546E-001
       -2.879199981689453
       -2.447200059890747
       -3.637599945068359
       -4.866700172424316
  -6.245999932289124E-001
  -1.877000033855438E-001
   3.289000093936920E-001
       -1.049299955368042
       -1.927500009536743
       -1.823600053787231
       -1.615300059318543
       -3.089400053024292
       -1.234099984169006
       -1.418200016021729
  -1.541000008583069E-001
       -1.400900006294251
       -1.866299986839294
       -1.328799962997437
  -8.612999916076660E-001
       -1.922999978065491
   8.321999907493591E-001
   8.299999684095383E-002
  -1.810999959707260E-001
       -1.888700008392334
       -1.471099972724915
       -1.018900036811829
       -1.354400038719177
       -1.744899988174439
       -1.086199998855591
  -4.727999866008759E-001
        1.079100012779236
        1.108899950981140
        2.153000116348267
   3.386999964714050E-001
       -1.105200052261353
       -2.747100114822388
   5.496000051498413E-001
        1.413499951362610
   1.953999996185303E-001
        1.318300008773804
  -4.320000112056732E-002
  -2.294999957084656E-001
  -8.940000087022781E-002
        1.658900022506714
        3.338799953460693
   8.574000000953674E-001
   7.656999826431274E-001
   3.637999892234802E-001
   3.704000115394592E-001
   8.036999702453613E-001
   6.870999932289124E-001
   8.604000210762024E-001
        1.038400053977966
  -1.978999972343445E-001
  -2.460999935865402E-001
  -8.640000224113464E-002
  -1.516000032424927E-001
  -6.006000041961670E-001
  -9.006000161170960E-001
  -7.770000100135803E-001
       -2.132800102233887
       -1.826799988746643
       -3.002799987792969
       -3.219300031661987
  -5.601000189781189E-001
   1.279000043869019E-001
   4.923999905586243E-001
       -1.015499949455261
  -8.841000199317932E-001
       -1.377400040626526
       -1.496700048446655
       -2.713999986648560
       -2.095000028610230
  -1.488000005483627E-001
       -1.328199982643127
       -1.030900001525879
  -8.280000090599060E-001
  -6.432999968528748E-001
  -7.285000085830689E-001
  -3.459999859333038E-001
  -3.079999983310700E-002
   5.116999745368958E-001
   7.340999841690064E-001
  -5.970000103116036E-002
       -2.575400114059448
  -5.291000008583069E-001
       -1.083999991416931
  -3.729000091552734E-001
       -1.591599941253662
  -8.263999819755554E-001
   5.191000103950501E-001
        1.140200018882752
        1.468299984931946
   6.626999974250794E-001
       -1.089699983596802
  -8.030999898910523E-001
  -8.169000148773193E-001
   2.170999944210053E-001
        1.297099947929382
   9.689000248908997E-001
   5.992000102996826E-001
   9.075999855995178E-001
  -8.439000248908997E-001
        1.907999992370606
        2.387500047683716
        1.307999968528748
   3.321000039577484E-001
        1.048599958419800
   5.128999948501587E-001
  -9.090999960899353E-001
  -3.470000028610230E-001
   2.838000059127808E-001
   1.817999929189682E-001
       -2.127300024032593
  -7.702000141143799E-001
        1.460999965667725
        1.383800029754639
   3.824999928474426E-001
       -2.342700004577637
       -1.271800041198731
       -3.905600070953369
       -3.271800041198731
       -1.642099976539612
       -1.513299942016602
        1.421900033950806
   9.185000061988831E-001
   9.329999983310700E-002
   5.850999951362610E-001
   4.052999913692474E-001
  -1.361999958753586E-001
   3.596000075340271E-001
  -4.429000020027161E-001
  -5.081999897956848E-001
  -6.190000176429749E-001
  -2.426999956369400E-001
   5.000000074505806E-002
  -4.699999839067459E-002
   9.219999909400940E-001
  -7.240000367164612E-002
   1.679999940097332E-002
   5.335000157356262E-001
        1.470100045204163
        1.991000056266785
        1.335399985313416
  -1.641999930143356E-001
  -1.190999969840050E-001
  -1.993999928236008E-001
   2.720000036060810E-002
  -3.016000092029572E-001
  -2.921999990940094E-001
   6.858999729156494E-001
   9.868999719619751E-001
   7.993000149726868E-001
        1.445700049400330
        1.433099985122681
  -5.486000180244446E-001
   2.940999865531921E-001
        2.638000011444092
        2.134500026702881
   2.508000135421753E-001
  -2.000000094994903E-003
   9.125000238418579E-001
   7.001000046730042E-001
        1.064399957656860
   3.564999997615814E-001
        1.345000028610230
   7.850000262260437E-001
   8.716999888420105E-001
  -7.926999926567078E-001
       -1.947999954223633
  -7.770000100135803E-001
   3.486999869346619E-001
       -1.942800045013428
  -6.058999896049500E-001
   3.929999843239784E-002
   6.575999855995178E-001
        1.837399959564209
  -4.203000068664551E-001
       -1.739899992942810
       -2.969799995422363
       -2.930000066757202
       -2.546000003814697
  -6.122000217437744E-001
  -9.937000274658203E-001
        1.260100007057190
  -3.488999903202057E-001
   3.874999880790710E-001
   4.677000045776367E-001
        2.294199943542481
        1.240900039672852
   8.384000062942505E-001
  -4.259999990463257E-001
  -4.711999893188477E-001
       -1.125000000000000
  -8.500000461935997E-003
  -1.893000006675720E-001
   6.013000011444092E-001
   8.604999780654907E-001
  -8.810000121593475E-002
   2.335000038146973E-001
   6.640999913215637E-001
        1.414199948310852
        2.149399995803833
        1.393900036811829
        1.923599958419800
        2.578500032424927
        1.581300020217896
   5.532000064849854E-001
   3.689000010490418E-001
        1.025200009346008
  -4.341000020503998E-001
  -4.187000095844269E-001
   6.125000119209290E-001
  -5.820000171661377E-002
        1.277600049972534
   6.337000131607056E-001
        1.202000021934509
        1.642199993133545
        2.569600105285645
        1.389000058174133
        1.107699990272522
        1.764000058174133
        1.592499971389771
        2.125299930572510
        1.078799962997437
        2.010699987411499
        2.963399887084961
        1.744799971580505
   7.882000207901001E-001
       -1.661700010299683
  -6.962000131607056E-001
       -2.215600013732910
       -1.764099955558777
   5.020999908447266E-001
  -3.587000072002411E-001
  -2.106000036001205E-001
   1.979999989271164E-001
  -9.747999906539917E-001
       -1.832299947738648
       -2.989900112152100
       -2.664000034332275
       -1.276900053024292
       -1.715999960899353
       -1.517400026321411
        2.243200063705444
   9.599000215530396E-001
  -6.654000282287598E-001
   6.250000000000000E-002
   7.038999795913696E-001
   8.445000052452087E-001
   4.291000068187714E-001
       -1.754699945449829
       -2.332700014114380
       -2.644500017166138
  -7.792999744415283E-001
   3.030000030994415E-001
        1.424299955368042
  -5.583000183105469E-001
       -1.061300039291382
       -1.084900021553040
  -2.448000013828278E-001
   3.224999904632568E-001
        2.318399906158447
   7.648000121116638E-001
   6.826000213623047E-001
        1.483800053596497
  -3.650000095367432E-001
        1.708400011062622
        1.065299987792969
        1.294800043106079
   5.420000106096268E-002
   9.009999781847000E-002
  -1.247000023722649E-001
   6.800000071525574E-001
        1.182399988174439
        1.033699989318848
        1.984500050544739
        2.142100095748901
        1.838700056076050
        1.516700029373169
        1.175799965858460
        1.351999998092651
   7.660999894142151E-001
        1.540899991989136
        2.717499971389771
        3.720999956130981
        1.976600050926209
        2.237799882888794
        1.466799974441528
       -1.787799954414368
       -2.384799957275391
  -7.681000232696533E-001
  -8.090000152587891E-001
  -1.269000023603439E-001
   8.860000222921372E-002
  -2.172999978065491E-001
  -3.307999968528748E-001
  -7.681000232696533E-001
       -2.509099960327148
       -1.918599963188171
       -3.595000028610230
       -2.048000097274780
       -1.831599950790405
  -5.267999768257141E-001
        1.112300038337708
        2.007699966430664
        1.941100001335144
   5.766000151634216E-001
   6.137999892234802E-001
   3.828999996185303E-001
  -1.699000000953674E-001
       -2.311800003051758
       -2.400300025939941
       -2.894099950790405
       -1.195700049400330
  -6.729999929666519E-002
  -5.141999721527100E-001
   8.348000049591065E-001
  -7.315999865531921E-001
       -1.850800037384033
  -9.146000146865845E-001
        1.050099968910217
   8.878999948501587E-001
   6.062999963760376E-001
  -1.200999990105629E-001
        1.115300059318543
        1.194399952888489
        2.518100023269653
        2.436199903488159
        1.629199981689453
  -1.163000017404556E-001
  -2.081000059843063E-001
   6.812999844551086E-001
   8.325999975204468E-001
        1.346899986267090
        1.235399961471558
        1.799200057983398
        1.494799971580505
        1.433500051498413
   6.768000125885010E-001
        1.132300019264221
        1.062899947166443
   7.989999651908875E-002
   5.259000062942505E-001
        2.604799985885620
        3.244499921798706
        1.658100008964539
        1.384199976921082
  -2.328999936580658E-001
       -2.042500019073486
  -8.583999872207642E-001
  -2.441000044345856E-001
   7.962999939918518E-001
   6.369000077247620E-001
   3.307999968528748E-001
       -1.348000049591065
  -7.987999916076660E-001
  -7.864000201225281E-001
       -1.457800030708313
       -2.614799976348877
       -2.894900083541870
       -2.736000061035156
       -2.157599925994873
       -1.352100014686585
        1.550099968910217
        1.718700051307678
        2.014699935913086
        2.217400074005127
   2.276999950408936E-001
  -6.405000090599060E-001
       -1.321900010108948
       -2.000000000000000
       -1.949399948120117
       -1.632599949836731
       -1.342200040817261
  -3.504999876022339E-001
       -1.193799972534180
  -5.059000253677368E-001
  -4.691999852657318E-001
       -1.394500017166138
       -1.563199996948242
   1.386000066995621E-001
   3.837000131607056E-001
  -2.170000039041042E-002
   8.907999992370606E-001
   1.234999969601631E-001
   8.834000229835510E-001
        2.225399971008301
   3.792999982833862E-001
        1.724499940872192
        1.602100014686585
        1.267500042915344
        1.448699951171875
        1.175699949264526
        1.352399945259094
   4.850000143051148E-002
   4.715999960899353E-001
        2.806400060653687
        2.563299894332886
        2.354099988937378
        1.680999994277954
   8.618999719619751E-001
   5.932999849319458E-001
        1.418699979782105
        1.437500000000000
        2.698100090026856
   4.345999956130981E-001
        1.091199994087219
  -5.515000224113464E-001
  -9.840000271797180E-001
   2.192000001668930E-001
        1.381500005722046
   8.357999920845032E-001
  -4.809999838471413E-002
       -1.053900003433228
       -1.101300001144409
       -1.850100040435791
       -2.012799978256226
       -1.445600032806397
       -2.545500040054321
       -2.805700063705444
       -3.553299903869629
       -3.063100099563599
  -8.465999960899353E-001
        2.727900028228760
        2.070300102233887
   3.723999857902527E-001
        1.550999999046326
   6.509000062942505E-001
  -3.677000105381012E-001
       -2.161999940872192
       -2.502399921417236
       -1.340600013732910
  -2.596000134944916E-001
   7.497000098228455E-001
   2.023999989032745E-001
       -1.252200007438660
  -4.778999984264374E-001
   3.409999981522560E-002
   1.031000018119812E-001
   1.001999974250794E-001
   3.580999970436096E-001
   5.749999880790710E-001
        1.593899965286255
   4.532999992370606E-001
   4.192999899387360E-001
        1.594599962234497
        1.939700007438660
        1.534199953079224
   7.394999861717224E-001
        1.329200029373169
   7.645999789237976E-001
   6.069999933242798E-002
   2.847999930381775E-001
  -3.819999992847443E-001
  -4.715999960899353E-001
   6.754000186920166E-001
        1.483199954032898
        1.206300020217896
        2.208899974822998
   5.134000182151794E-001
        1.863999962806702
  -8.158000111579895E-001
        1.288599967956543
        1.456300020217896
        1.620200037956238
   7.386999726295471E-001
        1.497599959373474
  -3.209999948740006E-002
   3.862000107765198E-001
   7.433999776840210E-001
        1.550199985504150
   2.511999905109406E-001
  -7.936000227928162E-001
       -1.884699940681458
  -4.575000107288361E-001
  -5.200999975204468E-001
   7.339999824762344E-002
       -1.416499972343445
       -2.044600009918213
       -2.860199928283691
       -2.831799983978272
       -2.354899883270264
       -1.073899984359741
        1.955100059509277
        2.267400026321411
        1.892799973487854
        1.282299995422363
   2.872000038623810E-001
       -1.194900035858154
       -1.144500017166138
       -2.628900051116943
       -1.852399945259094
       -1.154899954795837
   3.316999971866608E-001
  -9.520999789237976E-001
       -1.519400000572205
  -1.096000000834465E-001
  -3.152999877929688E-001
  -1.155999973416328E-001
   8.604000210762024E-001
  -1.924999952316284E-001
   8.291000127792358E-001
   8.858000040054321E-001
  -5.339000225067139E-001
        1.032999992370606
   8.341000080108643E-001
        2.300299882888794
        2.957200050354004
        1.332100033760071
        1.768300056457520
  -6.331999897956848E-001
  -5.361999869346619E-001
   5.997999906539917E-001
   1.940000057220459E-001
       -1.840899944305420
       -1.409500002861023
  -3.400000045076013E-003
   2.802000045776367E-001
  -8.585000038146973E-001
       -2.116499900817871
  -7.339000105857849E-001
  -5.050000175833702E-002
        1.135699987411499
        1.937500000000000
        1.058500051498413
        1.733600020408630
   9.424999952316284E-001
   6.809999942779541E-001
        1.180999994277954
        1.385300040245056
        1.801800012588501
  -5.404999852180481E-001
       -1.927299976348877
   2.944000065326691E-001
  -7.276999950408936E-001
  -2.417999953031540E-001
  -3.899999856948853E-001
  -8.105000257492065E-001
       -1.942999958992004
       -2.763299942016602
       -2.135400056838989
  -7.465000152587891E-001
       -1.647799968719482
        2.432399988174439
        3.872200012207031
        2.492799997329712
        1.860599994659424
        1.277699947357178
  -4.690000116825104E-001
  -9.172000288963318E-001
       -1.898399949073792
       -1.505399942398071
  -9.605000019073486E-001
       -2.329200029373169
  -5.292999744415283E-001
   2.680000066757202E-001
   8.687000274658203E-001
   2.734999954700470E-001
  -5.460000038146973E-002
   6.728000044822693E-001
  -4.569999873638153E-001
  -9.372000098228455E-001
  -5.436000227928162E-001
  -8.694999814033508E-001
  -2.431000024080277E-001
   9.896000027656555E-001
        1.826500058174133
        2.534699916839600
        2.507999897003174
        1.478899955749512
  -5.005000233650208E-001
       -1.061300039291382
   7.731999754905701E-001
  -1.683000028133392E-001
       -2.339299917221069
       -2.813800096511841
       -1.495499968528748
   1.886000037193298E-001
       -1.092000007629395
       -2.394399881362915
       -2.642499923706055
       -1.264700055122376
   2.617999911308289E-001
  -2.352000027894974E-001
       -1.286100029945374
   3.973000049591065E-001
        1.019099950790405
   6.230999827384949E-001
        1.922999978065491
  -4.639999940991402E-002
   6.585000157356262E-001
   9.685999751091003E-001
       -1.027400016784668
       -1.226199984550476
       -1.680799961090088
       -2.087899923324585
  -8.973000049591065E-001
  -2.754000127315521E-001
   8.176000118255615E-001
       -1.338899970054627
       -2.841000080108643
       -2.581199884414673
       -1.379500031471252
        4.221000194549561
        3.755199909210205
        1.816599965095520
        2.255599975585938
        2.556999921798706
  -1.357000023126602E-001
       -1.236099958419800
       -1.971099972724915
       -1.721799969673157
       -1.138200044631958
  -1.965000033378601E-001
        1.363600015640259
        1.781900048255920
   5.551000237464905E-001
   1.939000040292740E-001
   3.298999965190888E-001
   2.257999926805496E-001
  -5.152000188827515E-001
  -3.138999938964844E-001
   1.495999991893768E-001
  -7.713000178337097E-001
   1.282999962568283E-001
   5.223000049591065E-001
        2.183199882507324
        1.653200030326843
        2.010299921035767
        1.612900018692017
       -1.039199948310852
   4.490000009536743E-002
  -9.423999786376953E-001
  -8.733000159263611E-001
       -2.244800090789795
       -3.483400106430054
       -3.106199979782105
       -1.104500055313110
       -2.808099985122681
       -3.242199897766113
       -2.319099903106690
  -9.300000071525574E-001
   2.256000041961670E-001
       -2.227299928665161
       -2.471100091934204
       -1.742200016975403
        1.121199965476990
        1.786200046539307
        1.163499951362610
   8.410000205039978E-001
        1.565999984741211
   6.528000235557556E-001
   1.491000056266785E-001
   1.842000037431717E-001
  -3.501999974250794E-001
       -2.313600063323975
       -1.711099982261658
   2.070000022649765E-001
  -5.256999731063843E-001
       -2.102699995040894
  -7.893000245094299E-001
       -2.956500053405762
  -3.282000124454498E-001
        1.679700016975403
        2.759799957275391
        2.203799962997437
        3.191600084304810
        3.532700061798096
   9.914000034332275E-001
  -3.258999884128571E-001
       -1.721300005912781
       -1.367300033569336
  -5.960999727249146E-001
  -5.753999948501587E-001
        1.718000054359436
        2.008300065994263
        1.200500011444092
   4.864000082015991E-001
   7.440999746322632E-001
   1.798000037670136E-001
  -2.946999967098236E-001
       -1.848500013351440
       -1.715199947357178
       -1.629899978637695
       -1.181499958038330
       -1.377400040626526
   8.205999732017517E-001
        1.633200049400330
        2.039900064468384
   7.684000134468079E-001
  -3.427999913692474E-001
  -6.816999912261963E-001
       -1.064499974250794
       -1.729200005531311
       -2.659100055694580
       -3.174400091171265
       -2.211699962615967
  -8.072999715805054E-001
       -2.762900114059448
       -3.339999914169312
       -3.593800067901611
       -1.379999995231628
       -1.143499970436096
       -1.399700045585632
       -1.639199972152710
  -1.506000012159348E-001
   9.775999784469605E-001
        1.807600021362305
   4.180000126361847E-001
        1.051200032234192
        1.639799952507019
   4.663999974727631E-001
   8.511999845504761E-001
   6.700000166893005E-002
   1.089000031352043E-001
       -2.565900087356567
       -3.533600091934204
       -1.016100049018860
   2.020000070333481E-001
  -4.395000040531158E-001
       -2.714999914169312
       -1.808099985122681
       -2.316999912261963
        1.255800008773804
        1.888399958610535
        2.805999994277954
        2.674299955368042
        2.757499933242798
        1.840000033378601
   3.454000055789948E-001
  -9.654999971389771E-001
  -6.830000281333923E-001
       -1.797000050544739
   3.355000019073486E-001
   8.845999836921692E-001
        1.499400019645691
        1.421800017356873
        2.864099979400635
        2.042799949645996
   3.655000030994415E-001
  -6.347000002861023E-001
  -7.958999872207642E-001
  -9.780000150203705E-002
       -1.386199951171875
       -2.237299919128418
       -3.036799907684326
  -9.775999784469605E-001
   8.830999732017517E-001
        2.739200115203857
  -1.922000050544739E-001
  -1.441999971866608E-001
   7.450000196695328E-002
  -2.736000120639801E-001
       -1.117799997329712
       -1.935899972915649
       -2.612600088119507
       -1.670500040054321
       -3.224499940872192
       -2.486900091171265
       -3.321799993515015
       -3.907299995422363
       -1.704100012779236
  -5.181000232696533E-001
  -4.828000068664551E-001
  -2.870000004768372E-001
       -1.762899994850159
  -7.088000178337097E-001
   7.329000234603882E-001
  -7.053999900817871E-001
  -4.284999966621399E-001
   3.018000125885010E-001
   3.361999988555908E-001
        1.018599987030029
   6.473000049591065E-001
       -1.946699976921082
       -2.758699893951416
       -2.905299901962280
       -1.326900005340576
  -1.093000024557114E-001
       -1.414999961853027
       -3.040800094604492
       -2.405499935150147
       -1.072800040245056
   7.189999818801880E-001
        1.630100011825562
        2.266599893569946
        1.362599968910217
        1.364400029182434
  -8.586000204086304E-001
       -2.425600051879883
       -1.306499958038330
   6.920000165700913E-002
  -5.206000208854675E-001
  -7.027000188827515E-001
   1.380999982357025E-001
   9.569000005722046E-001
        1.990000009536743
        2.231699943542481
        2.223299980163574
        1.129600048065186
   7.989000082015991E-001
  -3.772000074386597E-001
   3.926999866962433E-001
   2.531999945640564E-001
       -1.672299981117249
       -2.645299911499023
  -8.673999905586243E-001
   5.055999755859375E-001
   7.810000330209732E-002
  -1.836999952793121E-001
  -9.660999774932861E-001
  -7.142000198364258E-001
   1.757999956607819E-001
  -3.050999939441681E-001
       -1.771399974822998
       -1.625699996948242
       -1.840700030326843
       -3.279999971389771
       -1.336300015449524
       -1.865800023078919
       -3.116899967193604
       -2.962599992752075
  -4.160000011324883E-002
  -2.364999949932098E-001
       -1.166499972343445
       -2.723200082778931
       -1.389799952507019
  -3.700000001117587E-003
   5.005999803543091E-001
   4.490999877452850E-001
  -1.918999999761581E-001
  -8.115000128746033E-001
  -2.410000003874302E-002
   7.699999958276749E-003
       -2.033099889755249
       -1.388100028038025
       -1.714300036430359
       -1.578199982643127
  -6.777999997138977E-001
       -1.224599957466126
       -2.684400081634522
       -1.970700025558472
       -1.786700010299683
  -5.722000002861023E-001
   9.470000267028809E-001
        1.869400024414063
        1.642699956893921
   3.161999881267548E-001
  -1.198000013828278E-001
  -9.939999878406525E-002
   1.841000020503998E-001
   5.758000016212463E-001
        1.096199989318848
        1.561599969863892
   9.921000003814697E-001
        1.300099968910217
        3.327100038528442
        2.387300014495850
        2.139400005340576
        1.813799977302551
        1.486099958419800
        1.400300025939941
   3.889999911189079E-002
  -7.127000093460083E-001
  -9.420999884605408E-001
       -1.691300034523010
   2.799999900162220E-003
        1.059299945831299
        1.220600008964539
        1.683099985122681
   2.089000046253204E-001
   8.139999955892563E-002
   5.885000228881836E-001
  -3.959999978542328E-001
       -1.526200056076050
       -1.626600027084351
       -3.415899991989136
       -3.843899965286255
       -3.069200038909912
       -1.276200056076050
       -1.993600010871887
       -2.892499923706055
  -3.084000051021576E-001
  -2.653999924659729E-001
  -9.959999918937683E-001
       -1.108999967575073
  -2.477999925613403E-001
        1.092800021171570
   4.156000018119812E-001
  -5.662999749183655E-001
  -2.660000026226044E-001
  -6.492999792098999E-001
  -5.982999801635742E-001
   8.652999997138977E-001
  -4.248999953269959E-001
  -9.348000288009644E-001
       -2.718300104141235
       -1.053500056266785
  -2.784999907016754E-001
  -2.511999905109406E-001
  -3.346000015735626E-001
       -1.012599945068359
       -1.647600054740906
  -1.062000021338463E-001
        1.667700052261353
   2.630999982357025E-001
   6.563000082969666E-001
       -1.315199971199036
       -3.136100053787231
   2.052000015974045E-001
        1.120800018310547
   6.164000034332275E-001
        1.626899957656860
        1.798400044441223
   8.226000070571899E-001
   5.351999998092651E-001
        1.547700047492981
        2.193799972534180
        1.348399996757507
        2.394500017166138
   7.211999893188477E-001
   8.840000033378601E-001
   5.268999934196472E-001
   3.122999966144562E-001
  -3.795000016689301E-001
   1.039000004529953E-001
   5.380000174045563E-002
   7.868999838829041E-001
        2.047100067138672
        1.374899983406067
   4.711000025272369E-001
   6.470000147819519E-001
   1.703000068664551E-001
  -3.147999942302704E-001
  -6.589000225067139E-001
  -7.014999985694885E-001
       -2.114099979400635
       -2.242500066757202
       -3.730000019073486
       -3.424700021743774
       -1.550999999046326
       -1.860299944877625
       -1.891999959945679
   2.720000036060810E-002
  -6.741999983787537E-001
       -1.154099941253662
  -5.591999888420105E-001
   3.310000151395798E-002
  -5.119999870657921E-002
  -7.293000221252441E-001
  -7.666000127792358E-001
  -9.584000110626221E-001
  -5.358999967575073E-001
  -3.941999971866608E-001
       -1.292099952697754
       -1.595600008964539
       -1.858299970626831
       -2.698100090026856
  -8.802999854087830E-001
  -7.396000027656555E-001
       -1.223999977111816
       -1.696499943733215
       -1.112699985504150
        2.128599882125855
        1.113999962806702
        1.842000007629395
  -1.454000025987625E-001
       -2.678499937057495
       -2.194200038909912
       -1.434700012207031
   6.563000082969666E-001
  -3.971999883651733E-001
        1.893900036811829
        1.433300018310547
   7.505999803543091E-001
  -6.079999804496765E-001
   6.711999773979187E-001
   9.587000012397766E-001
        1.151299953460693
        1.135699987411499
   7.106999754905701E-001
   9.682999849319458E-001
   3.282999992370606E-001
  -1.102999970316887E-001
   8.436999917030335E-001
  -4.038999974727631E-001
  -3.206000030040741E-001
  -8.027999997138977E-001
  -9.109999984502792E-002
        2.115700006484985
        1.806499958038330
  -2.470000088214874E-002
  -8.235999941825867E-001
       -1.566499948501587
  -8.410999774932861E-001
       -1.142199993133545
       -2.193799972534180
       -3.055299997329712
       -2.790999889373779
       -2.834399938583374
  -8.166999816894531E-001
       -1.895799994468689
       -3.293699979782105
       -1.419800043106079
       -1.944900035858154
       -1.055799961090088
   9.916999936103821E-001
   2.939999997615814E-001
   5.073000192642212E-001
       -1.126799941062927
       -1.027500033378601
       -1.022099971771240
  -8.287000060081482E-001
   4.824999868869782E-001
       -1.695199966430664
       -1.384500026702881
       -1.667099952697754
       -3.058599948883057
       -2.104700088500977
       -1.507099986076355
       -2.099900007247925
       -2.109999895095825
  -4.808000028133392E-001
        1.196599960327148
  -7.180000096559525E-002
        1.125499963760376
       -1.803099989891052
       -3.662400007247925
       -2.504899978637695
       -1.946699976921082
  -5.153999924659729E-001
  -3.899999856948853E-001
   5.266000032424927E-001
   7.892000079154968E-001
        1.021499991416931
   9.169999957084656E-001
        2.099800109863281
        1.167000055313110
        1.131500005722046
        1.028599977493286
   1.580000072717667E-001
        1.008499979972839
   1.648000031709671E-001
   2.793999910354614E-001
  -1.368999928236008E-001
   3.366999924182892E-001
   6.449999809265137E-001
   4.977999925613403E-001
  -2.696999907493591E-001
  -7.353000044822693E-001
        1.181800007820129
  -3.206999897956848E-001
   7.163000106811523E-001
  -1.926999986171722E-001
       -1.680199980735779
       -2.036999940872192
       -1.348299980163574
       -2.391200065612793
       -3.855000019073486
       -2.330499887466431
       -1.095800042152405
  -9.060000181198120E-001
       -1.058899998664856
       -1.160099983215332
       -1.909600019454956
  -7.320000231266022E-002
        1.203999996185303
   2.500000037252903E-002
  -3.739999979734421E-002
  -1.546999961137772E-001
  -8.083999752998352E-001
  -2.169999927282333E-001
  -4.449999928474426E-001
  -3.240000084042549E-002
       -1.838400006294251
       -1.727699995040894
       -2.105000019073486
       -2.042799949645996
       -2.338399887084961
       -1.843199968338013
       -2.585400104522705
       -2.574199914932251
       -2.267199993133545
   6.184999942779541E-001
  -2.127999961376190E-001
       -1.189599990844727
       -2.584399938583374
       -2.352999925613403
       -2.615000009536743
       -2.096499919891357
  -5.932000279426575E-001
   9.170000255107880E-002
   8.650000095367432E-001
        1.223899960517883
        1.169499993324280
   6.388000249862671E-001
   8.065999746322632E-001
        1.994799971580505
        2.181799888610840
        1.541900038719177
   7.378000020980835E-001
       -1.196099996566773
  -7.907000184059143E-001
  -8.461999893188477E-001
   1.168000027537346E-001
   9.211000204086304E-001
   9.720000028610230E-001
        1.632799983024597
   1.204999983310700E-001
        1.304800033569336
   2.329999953508377E-001
   5.762000083923340E-001
   7.519999891519547E-002
        1.079399943351746
       -1.088099956512451
       -1.666000008583069
  -6.276000142097473E-001
       -2.273299932479858
       -1.912299990653992
       -2.282099962234497
       -1.605399966239929
       -1.986600041389465
       -1.533200025558472
       -1.293799996376038
  -4.982999861240387E-001
  -2.085999995470047E-001
        1.259199976921082
        1.250900030136108
   4.788999855518341E-001
       -1.286599993705750
       -1.189800024032593
  -2.569999918341637E-002
   7.879999876022339E-001
       -1.006500005722046
       -1.088299989700317
       -1.160899996757507
       -1.985100030899048
  -8.226000070571899E-001
       -1.555899977684021
       -3.061100006103516
       -2.460299968719482
       -2.608200073242188
       -2.686700105667114
       -1.469599962234497
  -6.699000000953674E-001
  -2.786999940872192E-001
  -4.487999975681305E-001
       -1.860000014305115
       -1.610000014305115
       -2.331099987030029
   2.664999961853027E-001
        1.163100004196167
        1.431699991226196
   9.706000089645386E-001
   9.905999898910523E-001
   6.789000034332275E-001
   9.171000123023987E-001
        1.863199949264526
        1.609400033950806
        1.404600024223328
        1.687399983406067
  -7.220000028610230E-002
  -2.025000005960465E-001
  -5.328999757766724E-001
  -1.348000019788742E-001
        1.164199948310852
   4.487999975681305E-001
        1.447100043296814
        1.226099967956543
   8.271999955177307E-001
        1.465700030326843
        2.066499948501587
  -6.140000000596046E-002
        1.042500019073486
        1.470900058746338
       -1.096899986267090
       -1.221199989318848
       -1.486400008201599
       -2.560800075531006
       -1.197299957275391
       -2.506299972534180
       -2.996900081634522
       -1.742100000381470
  -4.117000102996826E-001
   5.350000038743019E-002
  -5.626999735832214E-001
  -7.705000042915344E-001
   5.159000158309937E-001
  -6.947000026702881E-001
       -1.866899967193604
       -1.842399954795837
   5.920000001788139E-002
   6.290000081062317E-001
   3.222000002861023E-001
  -5.583999752998352E-001
       -1.225200057029724
  -3.539999946951866E-002
  -6.330000162124634E-001
       -1.280300021171570
  -8.740000128746033E-001
  -2.374999970197678E-001
       -2.000699996948242
       -2.297100067138672
  -1.386000066995621E-001
  -5.677999854087830E-001
       -1.440299987792969
  -1.959999948740006E-001
  -7.258999943733215E-001
       -1.901900053024292
       -1.479599952697754
   5.605999827384949E-001
        1.705199956893921
        1.898300051689148
        2.237200021743774
   9.010000228881836E-001
       -1.025799989700317
        1.179800033569336
        2.072499990463257
   7.382000088691711E-001
        1.348299980163574
        1.588299989700317
   1.379999984055758E-002
  -5.432999730110169E-001
   4.360000044107437E-002
  -2.150000035762787E-001
        1.321300029754639
   3.109999932348728E-002
        2.197400093078613
        1.940799951553345
   5.853999853134155E-001
        2.085599899291992
   3.460000082850456E-002
        2.981199979782105
        2.148299932479858
        1.882500052452087
        1.873399972915649
   2.272000014781952E-001
       -2.053400039672852
       -1.499300003051758
       -1.771499991416931
  -9.661999940872192E-001
       -2.214099884033203
       -1.705999970436096
   4.372999966144562E-001
  -3.452000021934509E-001
   4.302999973297119E-001
   2.806000113487244E-001
       -1.173200011253357
   2.460999935865402E-001
  -6.032999753952026E-001
       -1.898800015449524
       -1.195600032806397
   4.088000059127808E-001
  -9.999999747378752E-005
   2.624000012874603E-001
   3.797999918460846E-001
       -1.177800059318543
  -5.660000070929527E-002
        1.064900040626526
   3.265999853610992E-001
       -1.316400051116943
       -1.942000031471252
       -2.472199916839600
        1.675999999046326
   3.197999894618988E-001
   4.548000097274780E-001
   2.248000055551529E-001
   5.187000036239624E-001
   9.239999949932098E-002
       -1.021700024604797
       -1.043400049209595
   1.968999952077866E-001
   1.703000068664551E-001
   5.389000177383423E-001
  -5.268999934196472E-001
  -9.857000112533569E-001
  -2.208999991416931E-001
   5.735999941825867E-001
   4.262999892234802E-001
        1.074300050735474
  -2.500000000000000E-001
  -5.752000212669373E-001
  -5.501000285148621E-001
   4.083999991416931E-001
   9.480000287294388E-002
   7.213000059127808E-001
   5.418999791145325E-001
   6.409999728202820E-002
        1.256700038909912
  -7.120000123977661E-001
   2.854999899864197E-001
   5.145999789237976E-001
        1.224300026893616
        2.291100025177002
        4.157199859619141
        2.500600099563599
        2.197400093078613
  -7.098000049591065E-001
  -5.878000259399414E-001
  -9.332000017166138E-001
       -1.684999942779541
   1.075000017881393E-001
  -7.986999750137329E-001
   1.893000006675720E-001
   1.483000069856644E-001
  -8.355000019073486E-001
       -1.631800055503845
  -9.692000150680542E-001
  -5.554999709129334E-001
       -2.291500091552734
       -1.026800036430359
  -2.870000004768372E-001
   1.146999970078468E-001
   5.599999800324440E-003
   6.468999981880188E-001
  -2.718000113964081E-001
       -1.689499974250794
   9.790000319480896E-002
   6.927999854087830E-001
   6.210000067949295E-002
       -2.210900068283081
       -2.763999938964844
       -2.423399925231934
   8.920999765396118E-001
  -3.978999853134155E-001
        1.386800050735474
        1.088700056076050
   9.028999805450440E-001
        1.688199996948242
   1.020000036805868E-002
   3.508999943733215E-001
       -1.522300004959106
       -1.473000049591065
  -7.376999855041504E-001
  -5.547000169754028E-001
  -9.818000197410584E-001
  -9.054999947547913E-001
  -7.181000113487244E-001
  -7.886999845504761E-001
  -6.201000213623047E-001
       -1.463600039482117
       -1.198500037193298
   2.251999974250794E-001
  -2.241999953985214E-001
   9.373000264167786E-001
  -2.710000053048134E-002
   5.676000118255615E-001
  -7.548000216484070E-001
  -7.850000262260437E-002
  -1.465000063180924E-001
  -3.127999901771545E-001
       -1.141000032424927
   1.713999956846237E-001
        2.247200012207031
        3.000799894332886
        2.821899890899658
        2.218699932098389
   1.419000029563904E-001
  -5.231999754905701E-001
  -8.644999861717224E-001
       -1.794199943542481
       -1.854599952697754
       -1.722300052642822
  -6.966999769210815E-001
  -2.580000087618828E-002
       -1.332999944686890
       -1.340700030326843
       -1.852900028228760
       -1.750399947166443
       -1.926300048828125
       -2.225600004196167
  -7.767999768257141E-001
       -1.290599942207336
  -1.222999989986420E-001
  -4.393000006675720E-001
  -1.659999974071980E-002
       -1.833899974822998
  -7.706000208854675E-001
       -1.045300006866455
  -9.491000175476074E-001
       -1.996899962425232
       -1.744899988174439
  -4.993999898433685E-001
   5.218999981880188E-001
  -1.772000044584274E-001
   7.102000117301941E-001
        1.592200040817261
   6.707999706268311E-001
   7.677999734878540E-001
        1.220700025558472
   4.449000060558319E-001
  -1.032000035047531E-001
  -4.142999947071075E-001
  -5.591999888420105E-001
   2.462999969720841E-001
  -6.621999740600586E-001
   3.989000022411346E-001
   4.158999919891357E-001
   6.930000185966492E-001
  -5.928999781608582E-001
       -1.654299974441528
       -2.198699951171875
       -1.837299942970276
  -3.260000050067902E-001
   1.735000014305115E-001
  -7.857999801635742E-001
   2.854000031948090E-001
        1.260200023651123
  -2.757999897003174E-001
   3.693000078201294E-001
       -1.487900018692017
       -1.743999958038330
   4.738000035285950E-001
        2.490099906921387
        2.064800024032593
        1.680400013923645
  -8.839999884366989E-002
   2.788000106811523E-001
  -5.705999732017517E-001
  -6.891999840736389E-001
  -2.463999986648560E-001
       -1.450199961662293
       -2.312400102615356
       -1.098799943923950
  -9.552000164985657E-001
       -1.618299961090088
       -1.271900057792664
       -1.226500034332275
       -1.770400047302246
       -1.866999983787537
       -1.487800002098084
       -1.080899953842163
  -7.871999740600586E-001
       -2.134299993515015
       -1.453999996185303
       -2.883300065994263
       -2.585200071334839
       -2.048399925231934
       -2.614099979400635
       -2.204999923706055
       -2.779400110244751
       -2.446500062942505
       -1.419299960136414
        1.250599980354309
   8.190000057220459E-001
   3.583000004291534E-001
  -2.755999863147736E-001
   2.587999999523163E-001
  -5.720999836921692E-001
  -2.851000130176544E-001
       -1.146399974822998
       -1.463999986648560
       -1.165899991989136
       -1.474499940872192
       -1.167600035667419
  -2.793000042438507E-001
       -1.165899991989136
  -5.565999746322632E-001
       -1.305099964141846
  -2.025000005960465E-001
   2.858000099658966E-001
       -1.063799977302551
       -2.063899993896484
       -2.009399890899658
       -1.585600018501282
  -3.131999969482422E-001
        1.065099954605103
        1.157199978828430
   5.713000297546387E-001
  -6.690999865531921E-001
       -2.643500089645386
  -4.479999840259552E-002
   2.198999971151352E-001
   6.159999966621399E-002
   8.047000169754028E-001
   6.116999983787537E-001
  -5.256000161170960E-001
  -5.188999772071838E-001
  -1.453000009059906E-001
  -8.446000218391419E-001
       -1.375100016593933
       -1.420699954032898
       -1.791900038719177
       -1.522600054740906
  -7.608000040054321E-001
  -6.165000200271606E-001
       -1.603700041770935
       -2.063899993896484
       -1.886299967765808
       -2.576200008392334
       -1.465800046920776
       -1.617300033569336
       -2.828099966049194
       -3.153599977493286
       -1.810199975967407
       -2.762900114059448
       -4.164800167083740
       -4.142099857330322
       -2.042599916458130
       -2.830199956893921
       -3.686000108718872
       -4.219299793243408
       -3.131500005722046
   6.535999774932861E-001
  -6.596999764442444E-001
       -1.058400034904480
   2.460000067949295E-001
   8.569999784231186E-002
  -1.982000023126602E-001
       -2.422300100326538
       -3.330800056457520
       -2.108099937438965
       -2.574399948120117
       -1.669700026512146
       -1.248299956321716
  -7.358999848365784E-001
  -4.038999974727631E-001
       -1.619400024414063
       -2.575599908828735
       -2.006200075149536
   3.020000085234642E-002
  -1.764999926090241E-001
       -1.948899984359741
       -1.902199983596802
       -2.191099882125855
       -1.211599946022034
  -1.397999972105026E-001
        1.151499986648560
       -1.387599945068359
       -1.836599946022034
       -2.043299913406372
   2.339999936521053E-002
   4.729999974370003E-002
   4.789999872446060E-002
        1.340499997138977
        1.304100036621094
  -2.770000100135803E-001
       -1.024399995803833
       -1.367300033569336
  -6.636999845504761E-001
       -1.928099989891052
       -2.583100080490112
       -1.301599979400635
       -1.904399991035461
  -9.369999915361404E-002
  -8.894000053405762E-001
       -1.148100018501282
       -1.245399951934815
  -8.208000063896179E-001
       -2.588099956512451
       -2.553900003433228
       -1.108899950981140
       -2.286000013351440
       -3.611200094223023
       -1.683099985122681
       -2.551800012588501
       -3.507499933242798
       -1.996700048446655
       -2.723099946975708
       -3.116800069808960
       -4.013700008392334
       -3.453999996185303
       -3.822700023651123
   3.655999898910523E-001
  -3.817000091075897E-001
  -1.394000053405762E-001
  -3.984000086784363E-001
       -2.523600101470947
       -1.384099960327148
       -2.903199911117554
       -2.711999893188477
       -3.536499977111816
       -4.769000053405762
       -3.512700080871582
       -1.924499988555908
       -1.257300019264221
   7.225999832153320E-001
   1.299999952316284E-001
       -2.032000064849854
       -1.909600019454956
       -2.040600061416626
       -2.751800060272217
       -1.960500001907349
       -2.107100009918213
       -2.045700073242188
       -2.208600044250488
  -6.398000121116638E-001
  -1.677999943494797E-001
   6.543999910354614E-001
       -1.945099949836731
  -4.322000145912170E-001
  -3.296999931335449E-001
   7.906000018119812E-001
  -4.287000000476837E-001
  -3.919000029563904E-001
  -2.944000065326691E-001
  -6.379999965429306E-002
  -6.963999867439270E-001
   4.481999874114990E-001
       -1.706699967384338
  -9.014000296592712E-001
       -2.781800031661987
       -2.396500110626221
       -1.618000030517578
       -1.540599942207336
   6.369999796152115E-002
  -1.761000007390976E-001
  -6.801000237464905E-001
       -2.057600021362305
       -1.349900007247925
       -1.269099950790405
  -6.105999946594238E-001
       -2.726799964904785
       -2.858799934387207
       -2.820800065994263
       -4.531000137329102
       -4.428100109100342
       -2.958899974822998
       -1.876399993896484
       -3.563600063323975
       -3.744699954986572
       -3.700599908828735
       -3.049400091171265
       -1.253100037574768
       -1.201099991798401
  -7.150999903678894E-001
       -2.172399997711182
       -1.674999952316284
       -2.885699987411499
       -2.963299989700317
       -2.799499988555908
       -2.615400075912476
       -2.892600059509277
       -2.190700054168701
       -1.606099963188171
       -2.127399921417236
  -9.435999989509583E-001
       -1.526200056076050
       -1.512099981307983
       -2.190700054168701
       -1.873900055885315
       -2.822200059890747
       -1.788100004196167
       -1.657299995422363
       -1.579800009727478
  -9.120000004768372E-001
       -2.173399925231934
  -7.328000068664551E-001
  -8.252999782562256E-001
       -2.231600046157837
       -1.133800029754639
  -4.248999953269959E-001
   2.682999968528748E-001
  -5.842999815940857E-001
  -6.761999726295471E-001
       -1.180799961090088
       -1.825000047683716
       -1.823400020599365
   1.323000043630600E-001
  -4.866000115871429E-001
  -9.871000051498413E-001
       -1.064900040626526
  -5.108000040054321E-001
       -1.682000041007996
  -8.307999968528748E-001
  -7.825999855995178E-001
   8.161000013351440E-001
   3.739999979734421E-002
       -1.175999999046326
       -1.616500020027161
       -2.078999996185303
       -1.682199954986572
       -3.943900108337402
       -2.771800041198731
       -3.127000093460083
       -4.114600181579590
       -2.617199897766113
       -2.929300069808960
       -3.808399915695190
       -3.663300037384033
       -5.138400077819824
       -3.674900054931641
       -3.967499971389771
       -1.429999947547913
  -4.135999977588654E-001
  -9.376000165939331E-001
   5.705999732017517E-001
  -9.388999938964844E-001
       -2.592799901962280
       -2.282200098037720
       -2.322799921035767
       -1.812100052833557
       -2.320100069046021
  -9.629999846220017E-002
       -1.774999976158142
       -1.013700008392334
       -1.039499998092651
       -1.127599954605103
       -2.156599998474121
       -2.357500076293945
       -3.180200099945068
       -3.659600019454956
       -3.446300029754639
       -2.958600044250488
       -2.569900035858154
       -1.171800017356873
       -1.786499977111816
       -3.063800096511841
       -1.707999944686890
       -2.858000040054321
       -1.594400048255920
       -2.000000000000000
       -2.203599929809570
       -1.597000002861023
       -1.143700003623962
       -1.766000032424927
       -2.447099924087524
  -3.598000109195709E-001
        1.322999954223633
        1.354799985885620
   2.612999975681305E-001
       -1.100299954414368
   7.031000256538391E-001
   7.742000222206116E-001
   7.300000172108412E-003
   4.271000027656555E-001
        1.520799994468689
   4.999000132083893E-001
       -1.158800005912781
       -1.780900001525879
       -1.169999957084656
       -3.087500095367432
       -3.039999961853027
       -2.648299932479858
       -2.572999954223633
       -2.207099914550781
       -2.354500055313110
       -2.674599885940552
       -3.706399917602539
       -4.078999996185303
       -4.980299949645996
       -4.380700111389160
       -4.764599800109863
       -2.205600023269653
   2.497999966144562E-001
  -5.699999928474426E-001
   8.493000268936157E-001
  -5.881000161170960E-001
  -6.484000086784363E-001
       -3.124700069427490
       -3.384999990463257
       -4.282100200653076
       -1.657199978828430
       -1.154099941253662
       -1.752300024032593
       -1.876999974250794
       -2.562599897384644
       -3.098900079727173
       -3.841300010681152
       -3.146899938583374
       -3.099699974060059
       -1.994699954986572
       -3.379699945449829
       -3.411000013351440
       -3.981100082397461
       -3.651900053024292
       -3.871500015258789
       -4.078100204467773
       -2.853399991989136
       -2.625799894332886
       -2.564300060272217
       -1.697399973869324
  -6.316999793052673E-001
       -1.480700016021729
  -6.291000247001648E-001
  -4.032000005245209E-001
  -5.569000244140625E-001
       -2.798000097274780
       -1.376199960708618
  -4.255000054836273E-001
  -3.930000066757202E-001
  -6.877999901771545E-001
        1.150500059127808
        1.662999987602234
        1.965199947357178
        1.893000006675720
        2.232500076293945
        2.325200080871582
   7.832000255584717E-001
   1.061000004410744E-001
   8.083000183105469E-001
       -2.143800020217896
       -2.749000072479248
       -3.622800111770630
       -1.925999999046326
       -2.939699888229370
       -3.638700008392334
       -3.835200071334839
       -3.343199968338013
       -2.972199916839600
       -3.908200025558472
       -4.338099956512451
       -4.394299983978272
       -1.174000024795532
   6.184999942779541E-001
        1.465600013732910
  -1.573999971151352E-001
  -2.143999934196472E-001
       -1.370000004768372
       -3.496999979019165
       -3.966000080108643
       -3.394200086593628
       -1.381899952888489
       -2.467799901962280
       -3.112900018692017
       -1.891700029373169
       -2.727099895477295
       -3.014699935913086
       -1.940299987792969
       -1.769299983978272
       -2.084700107574463
       -3.323299884796143
       -4.996799945831299
       -3.694700002670288
       -4.763999938964844
       -4.843900203704834
       -4.675099849700928
       -3.846800088882446
       -2.983799934387207
       -3.636699914932251
       -1.576900005340576
       -1.670600056648254
  -3.723999857902527E-001
       -1.153900027275085
  -6.708999872207642E-001
  -3.603999912738800E-001
  -3.120000064373016E-001
       -1.287299990653992
       -1.312999963760376
       -1.687399983406067
       -1.065899968147278
  -3.940000012516975E-002
   3.537000119686127E-001
        3.017699956893921
        2.351300001144409
        3.034499883651733
        2.268699884414673
        1.355299949645996
   7.280000299215317E-002
  -4.641000032424927E-001
   5.195999741554260E-001
  -5.182999968528748E-001
       -1.159999966621399
       -1.572299957275391
       -2.169600009918213
       -2.853199958801270
       -2.850399971008301
       -3.194999933242798
       -3.326699972152710
       -1.590000033378601
       -2.573299884796143
       -3.483200073242188
       -3.983299970626831
        1.101500034332275
        1.200000047683716
  -2.942000031471252E-001
  -5.601999759674072E-001
  -8.500000238418579E-001
       -2.079799890518189
       -2.988699913024902
       -2.836199998855591
       -1.893300056457520
       -1.877699971199036
  -9.751999974250794E-001
       -2.469599962234497
       -1.906100034713745
       -1.268300056457520
       -2.629199981689453
       -1.762599945068359
  -8.934999704360962E-001
       -2.850600004196167
       -4.286099910736084
       -4.133800029754639
       -5.165500164031982
       -4.009699821472168
       -3.671600103378296
       -3.630399942398071
       -3.819200038909912
       -3.361099958419800
       -2.455699920654297
       -1.065000057220459
  -9.550999999046326E-001
       -1.132799983024597
       -1.190999984741211
  -5.346000194549561E-001
  -4.751999974250794E-001
       -1.495100021362305
       -1.230499982833862
  -9.947999715805054E-001
       -2.152800083160400
       -2.181200027465820
       -1.433699965476990
   7.358999848365784E-001
        1.213999986648560
        2.475500106811523
        2.254699945449829
        2.996599912643433
   5.088000297546387E-001
   8.149999976158142E-001
       -1.042400002479553
   3.601999878883362E-001
  -4.485999941825867E-001
       -1.847000002861023
  -8.392999768257141E-001
       -2.602200031280518
       -1.814599990844727
       -2.235399961471558
       -2.692800045013428
       -1.675300002098084
       -1.984599947929382
       -3.383100032806397
       -3.201100111007690
       -2.930799961090088
   9.093999862670898E-001
   6.581000089645386E-001
       -1.100000023841858
       -1.002400040626526
       -1.475999951362610
       -3.922399997711182
       -2.396800041198731
       -3.181200027465820
  -5.590999722480774E-001
       -1.502200007438660
       -3.658999919891357
       -2.135400056838989
       -3.264199972152710
       -3.354700088500977
       -3.505700111389160
       -3.538500070571899
       -3.281500101089478
       -3.261199951171875
       -2.451699972152710
       -2.925400018692017
       -3.874700069427490
       -4.303400039672852
       -4.347300052642822
       -2.479099988937378
       -4.056399822235107
       -3.544699907302856
       -2.099499940872192
  -3.935999870300293E-001
  -2.346999943256378E-001
       -1.820000052452087
       -1.121899962425232
       -1.167999982833862
   6.535000205039978E-001
  -6.008999943733215E-001
  -2.615000009536743E-001
   5.414000153541565E-001
       -2.163899898529053
       -2.165999889373779
  -8.932999968528748E-001
   3.183000087738037E-001
   4.659999907016754E-002
   9.923999905586243E-001
        1.379400014877319
        2.245399951934815
        1.679999947547913
        1.717499971389771
   7.441999912261963E-001
  -1.743000000715256E-001
  -9.304000139236450E-001
  -8.510000258684158E-002
       -1.475399971008301
       -2.376699924468994
       -1.061499953269959
       -1.848099946975708
       -1.590999960899353
       -1.660699963569641
       -3.107599973678589
       -4.905900001525879
       -1.584300041198731
       -3.081500053405762
   8.853999972343445E-001
        1.126700043678284
  -7.319999933242798E-001
  -5.188000202178955E-001
   6.157000064849854E-001
       -1.300400018692017
       -3.914400100708008
       -3.660200119018555
       -2.728399991989136
       -1.619699954986572
       -3.425400018692017
       -3.360899925231934
       -3.447700023651123
       -3.304300069808960
       -4.219999790191650
       -2.532399892807007
       -4.169000148773193
       -2.644099950790405
       -2.411799907684326
       -1.978099942207336
       -2.639199972152710
       -1.724699974060059
       -2.552099943161011
       -1.597800016403198
       -2.922899961471558
       -2.027800083160400
  -4.034000039100647E-001
  -4.501000046730042E-001
        1.269000053405762
   2.750999927520752E-001
       -1.464499950408936
  -2.128999978303909E-001
  -2.175000011920929E-001
  -3.465000092983246E-001
   9.406999945640564E-001
   8.647999763488770E-001
   1.147999987006187E-001
  -9.671000242233276E-001
  -5.066000223159790E-001
       -1.560799956321716
  -9.505000114440918E-001
  -8.234999775886536E-001
   1.120000034570694E-001
   2.079000025987625E-001
  -5.587999820709229E-001
  -8.219999819993973E-002
        1.405200004577637
  -5.974000096321106E-001
       -1.014099955558777
       -1.503700017929077
  -4.841000139713287E-001
       -1.677800059318543
  -7.220000028610230E-001
  -9.434000253677368E-001
       -3.121400117874146
       -1.359300017356873
       -1.881199955940247
       -2.069299936294556
       -1.798699975013733
       -3.608900070190430
   8.475000262260437E-001
        2.155299901962280
        1.499600052833557
   2.711000144481659E-001
   4.589999839663506E-002
  -4.384000003337860E-001
       -1.741199970245361
       -2.813600063323975
       -2.880000114440918
       -1.659899950027466
       -3.177700042724609
       -2.457600116729736
       -3.847500085830689
       -3.977200031280518
       -3.609499931335449
       -5.346399784088135
       -2.881000041961670
       -2.738399982452393
       -2.485800027847290
       -2.497699975967407
       -2.894000053405762
       -2.039700031280518
  -4.453999996185303E-001
  -1.058000028133392E-001
  -5.335000157356262E-001
  -7.926999926567078E-001
   1.254000067710877E-001
        2.117799997329712
        2.021600008010864
   6.891999840736389E-001
  -6.503000259399414E-001
       -1.056300044059753
   4.339999854564667E-001
   8.191000223159790E-001
        1.352399945259094
        1.058899998664856
        1.160199999809265
  -2.177000045776367E-001
  -7.789999991655350E-002
       -1.762199997901917
       -1.842499971389771
       -2.321500062942505
       -1.275300025939941
  -1.676999926567078E-001
   3.398999869823456E-001
  -1.404000073671341E-001
   2.094999998807907E-001
   1.048000007867813E-001
  -3.820999860763550E-001
       -1.314399957656860
  -8.959000110626221E-001
  -9.024000167846680E-001
       -1.003800034523010
  -6.613000035285950E-001
  -2.065999954938889E-001
  -2.300000051036477E-003
  -7.322000265121460E-001
  -5.970000028610230E-001
   1.326999962329865E-001
  -7.842000126838684E-001
  -7.788000106811523E-001
   8.109999895095825E-001
   4.803999960422516E-001
   3.758000135421753E-001
   2.894999980926514E-001
  -6.442999839782715E-001
       -1.419800043106079
       -1.264299988746643
  -9.304999709129334E-001
       -2.741199970245361
       -1.731999993324280
       -2.342700004577637
       -3.581000089645386
       -2.701200008392334
       -1.792400002479553
       -3.579200029373169
       -2.384500026702881
       -3.476999998092651
       -3.853899955749512
       -2.825700044631958
       -1.992799997329712
       -1.755100011825562
  -6.320999860763550E-001
   2.928000092506409E-001
   5.070000290870667E-001
        2.253400087356567
        1.928400039672852
        2.701299905776978
        2.833300113677979
   2.416999936103821E-001
   4.638000130653381E-001
   7.914999723434448E-001
        1.056699991226196
   7.684000134468079E-001
        1.233500003814697
        1.780900001525879
        1.484699964523315
        1.551699995994568
   6.967999935150147E-001
  -9.970999956130981E-001
       -2.485500097274780
       -1.451300024986267
  -2.899999916553497E-002
   5.339999794960022E-001
   6.369000077247620E-001
       -1.573400020599365
       -1.193199992179871
  -3.253999948501587E-001
  -2.205000072717667E-001
  -6.600000262260437E-001
       -1.373600006103516
  -2.047999948263168E-001
       -2.581099987030029
       -1.842200040817261
   1.323000043630600E-001
        1.911900043487549
   1.216999962925911E-001
   2.976999878883362E-001
   2.206999957561493E-001
  -9.214000105857849E-001
  -7.423999905586243E-001
  -2.192000001668930E-001
  -3.781000077724457E-001
  -8.076000213623047E-001
       -1.253700017929077
       -2.081599950790405
       -1.878499984741211
   4.459999874234200E-002
  -9.156000018119812E-001
       -1.554299950599670
       -1.700500011444092
       -1.900500059127808
  -1.669999957084656E-001
       -2.069000005722046
       -1.654700040817261
       -1.651800036430359
       -2.990600109100342
       -2.639400005340576
       -1.454900026321411
       -2.040800094604492
  -7.217000126838684E-001
       -1.902600049972534
  -8.565999865531921E-001
   6.035000085830689E-001
        1.203600049018860
        3.756200075149536
        3.859699964523315
        3.689100027084351
        2.698600053787231
        3.595900058746338
        1.491799950599670
        2.344500064849854
        1.684599995613098
        2.368599891662598
        3.120100021362305
        4.010399818420410
   7.272999882698059E-001
        2.357599973678589
        1.314499974250794
  -8.751000165939331E-001
       -1.489899992942810
   4.063999950885773E-001
   6.409000158309937E-001
   5.852000117301941E-001
        1.027300000190735
  -5.638999938964844E-001
       -1.710000038146973
  -2.949999868869782E-001
  -6.390000134706497E-002
       -1.271299958229065
  -8.980000019073486E-001
       -1.211099982261658
       -1.257799983024597
  -5.236999988555908E-001
       -2.026599884033203
  -3.709999844431877E-002
   1.623000055551529E-001
  -2.755999863147736E-001
   8.876000046730042E-001
  -2.597000002861023E-001
  -2.430000007152557E-001
  -7.123000025749207E-001
  -3.603000044822693E-001
  -1.812999993562698E-001
       -1.267099976539612
       -1.619500041007996
       -1.281999945640564
  -2.067999988794327E-001
  -6.406000256538391E-001
       -1.025599956512451
       -1.038900017738342
  -4.636000096797943E-001
       -1.013700008392334
  -1.216999962925911E-001
   5.116999745368958E-001
  -5.123000144958496E-001
       -1.588400006294251
       -2.686399936676025
       -2.258699893951416
       -1.565600037574768
  -7.404000163078308E-001
       -1.380599975585938
  -5.163999795913696E-001
   9.448000192642212E-001
        1.257699966430664
        3.559499979019165
        3.913800001144409
        2.951299905776978
        2.576100111007690
        2.285399913787842
        2.975199937820435
        1.914199948310852
        2.210700035095215
        3.754899978637695
        2.215800046920776
        3.427500009536743
        3.290899991989136
        2.245800018310547
        1.720000028610230
   2.389000058174133E-001
   3.285000026226044E-001
  -5.993000268936157E-001
  -3.635999858379364E-001
  -2.592999935150147E-001
  -3.488999903202057E-001
  -5.680000185966492E-001
       -1.922600030899048
        1.215299963951111
   1.515000015497208E-001
  -4.291000068187714E-001
       -1.436499953269959
  -2.172999978065491E-001
   2.987000048160553E-001
       -1.008399963378906
  -7.512000203132629E-001
  -7.520999908447266E-001
  -1.137999966740608E-001
   6.334999799728394E-001
   7.140000164508820E-002
  -7.559999823570252E-001
  -6.143000125885010E-001
  -9.958999752998352E-001
  -3.395999968051910E-001
       -1.118499994277954
       -1.728999972343445
       -2.995899915695190
       -2.393500089645386
  -4.668000042438507E-001
       -1.021100044250488
   4.329999983310700E-001
  -1.370000001043081E-002
       -1.173699975013733
       -1.183500051498413
   1.142999976873398E-001
        1.415699958801270
  -6.729999780654907E-001
  -1.261000037193298E-001
       -1.818899989128113
       -2.414999961853027
       -1.901399970054627
  -4.092000126838684E-001
  -9.851999878883362E-001
  -5.856999754905701E-001
  -2.427999973297119E-001
        2.452899932861328
        3.636699914932251
        3.367300033569336
        3.482399940490723
        3.880500078201294
        2.317300081253052
        4.260799884796143
        3.552999973297119
        3.297199964523315
        2.692899942398071
        2.507100105285645
        4.442500114440918
        3.326699972152710
        2.724699974060059
        3.596999883651733
        1.628200054168701
        1.769099950790405
        2.091200113296509
        2.092400074005127
   3.307000100612640E-001
       -1.243199944496155
       -1.267099976539612
  -8.942000269889832E-001
       -1.304100036621094
       -1.359899997711182
   2.707999944686890E-001
       -1.090899944305420
  -6.334999799728394E-001
   5.368999838829041E-001
       -1.424399971961975
  -8.873000144958496E-001
  -5.241000056266785E-001
  -7.526999711990356E-001
  -6.485000252723694E-001
  -4.456999897956848E-001
  -7.401000261306763E-001
  -3.371999859809876E-001
  -3.991999924182892E-001
  -9.304000139236450E-001
       -2.682199954986572
       -3.320100069046021
       -2.845799922943115
       -1.681300044059753
  -7.854999899864197E-001
  -2.800000086426735E-002
   5.335000157356262E-001
   1.781000047922134E-001
  -7.088999748229981E-001
  -5.444999933242798E-001
  -1.914999932050705E-001
   7.180000096559525E-002
  -3.195999860763550E-001
   5.840000137686729E-002
  -7.498999834060669E-001
       -1.428599953651428
       -1.162700057029724
  -8.174999952316284E-001
  -6.689000129699707E-001
  -2.380000054836273E-001
  -1.352999955415726E-001
   5.924999713897705E-001
        2.505800008773804
        2.630100011825562
        3.246400117874146
        4.006000041961670
        3.440399885177612
        4.078000068664551
        4.765799999237061
        2.981300115585327
        1.793599963188171
        3.258100032806397
        3.825000047683716
        3.266200065612793
        3.342200040817261
        2.577699899673462
        2.132200002670288
        2.209000110626221
        3.093199968338013
        1.022699952125549
        1.164100050926209
   8.659999817609787E-002
   1.481000036001205E-001
  -4.549999907612801E-002
   7.520999908447266E-001
        1.417799949645996
        1.200700044631958
   1.588000059127808E-001
       -1.662700057029724
   3.142000138759613E-001
        1.150099992752075
  -3.413999974727631E-001
       -1.082800030708313
  -4.551999866962433E-001
  -7.943999767303467E-001
       -2.315099954605103
       -1.248499989509583
   1.559000015258789E-001
  -5.932999849319458E-001
       -1.523599982261658
       -1.081099987030029
       -1.581200003623962
       -1.720600008964539
       -2.377099990844727
       -1.763700008392334
  -5.218999981880188E-001
   6.699999794363976E-003
   1.897000074386597E-001
  -2.931999862194061E-001
  -1.194000020623207E-001
  -7.890000194311142E-002
  -1.329999975860119E-002
        1.441200017929077
   3.628000020980835E-001
   3.808999955654144E-001
   7.092000246047974E-001
  -2.283000051975250E-001
  -1.772000044584274E-001
   8.159000277519226E-001
   3.538999855518341E-001
        1.271700024604797
  -4.690000042319298E-002
   7.516000270843506E-001
        1.305999994277954
        2.458699941635132
        4.821300029754639
        4.135799884796143
        4.235899925231934
        3.608200073242188
        1.605299949645996
        3.817500114440918
        3.572499990463257
        3.722100019454956
        4.139100074768066
        5.007900238037109
        2.694700002670288
        1.883200049400330
        3.247600078582764
        1.929200053215027
        1.111299991607666
        1.609400033950806
   7.512000203132629E-001
   8.855999708175659E-001
   1.978999972343445E-001
        1.187600016593933
  -4.977999925613403E-001
  -2.329999953508377E-001
       -1.033599972724915
  -4.749000072479248E-001
   7.504000067710877E-001
        1.213000059127808
  -2.730000019073486E-001
  -7.243999838829041E-001
   4.648999869823456E-001
   4.695999920368195E-001
  -6.671000123023987E-001
  -5.103999972343445E-001
        1.358399987220764
  -3.506000041961670E-001
       -1.286599993705750
  -6.430000066757202E-002
  -5.564000010490418E-001
       -1.358100056648254
       -3.184799909591675
       -2.274199962615967
  -4.769000113010407E-001
  -3.140000104904175E-001
  -4.706000089645386E-001
   1.612000018358231E-001
  -2.023999989032745E-001
   1.801999956369400E-001
   6.150000095367432E-001
   6.631000041961670E-001
   1.641999930143356E-001
   9.053000211715698E-001
        1.314200043678284
  -2.173999994993210E-001
  -7.893999814987183E-001
        1.677299976348877
   2.047999948263168E-001
   6.010000109672546E-001
   1.648000031709671E-001
   8.213000297546387E-001
        1.997900009155273
        3.027899980545044
        3.725500106811523
        3.828599929809570
        3.424799919128418
        2.602099895477295
        3.053400039672852
        4.932199954986572
        3.186399936676025
        2.935899972915649
        3.674299955368042
        4.617599964141846
        4.637400150299072
        3.919699907302856
        2.645499944686890
   8.871999979019165E-001
        1.874699950218201
        1.268100023269653
        1.592499971389771
       -1.195700049400330
  -7.738999724388123E-001
       -1.832399964332581
  -5.090000033378601E-001
   5.911999940872192E-001
       -1.067499995231628
   3.359000086784363E-001
  -2.899999916553497E-002
  -3.134999871253967E-001
   4.876999855041504E-001
        1.217800021171570
        1.901499986648560
  -2.118999958038330E-001
  -5.537999868392944E-001
       -1.741600036621094
        2.482800006866455
   6.941999793052673E-001
  -2.506999969482422E-001
   1.429999992251396E-002
   3.592999875545502E-001
  -7.164000272750855E-001
       -1.718799948692322
       -1.508100032806397
   5.325999855995178E-001
   9.199000000953674E-001
        2.470999956130981
        2.885200023651123
        1.094200015068054
  -9.690000116825104E-002
  -3.343000113964081E-001
        1.094400048255920
        3.050600051879883
        2.606300115585327
        1.485200047492981
  -7.402999997138977E-001
   7.276999950408936E-001
        1.563899993896484
  -1.263000071048737E-001
   9.387999773025513E-001
   3.490000069141388E-001
        2.784699916839600
        2.746000051498413
        1.633900046348572
        1.535400032997131
        2.609400033950806
        3.165699958801270
        3.665600061416626
        3.859200000762940
        3.019999980926514
        2.669500112533569
        2.784199953079224
        3.189599990844727
        4.986999988555908
        5.211100101470947
        3.408900022506714
        3.381799936294556
        2.986900091171265
        1.898699998855591
        2.144700050354004
  -6.509000062942505E-001
       -1.268399953842163
       -1.040400028228760
  -8.003000020980835E-001
       -2.242700099945068
       -1.809299945831299
       -1.494300007820129
  -7.236999869346619E-001
  -9.799999743700028E-002
   4.420000016689301E-001
   5.162000060081482E-001
        2.265700101852417
        1.679499983787537
  -3.438000082969666E-001
  -4.467999935150147E-001
  -2.899999916553497E-001
        1.116799950599670
   5.212000012397766E-001
  -7.912999987602234E-001
       -1.626000046730042
       -1.792999982833862
       -2.779000043869019
       -1.486899971961975
  -7.167000174522400E-001
       -1.441699981689453
        1.446499943733215
        2.528300046920776
        2.616400003433228
  -2.678999900817871E-001
       -1.353000044822693
  -7.469000220298767E-001
        1.346199989318848
        1.489300012588501
        1.772600054740906
        1.532899975776672
   2.554000020027161E-001
   2.410999983549118E-001
   5.336999893188477E-001
        1.235399961471558
  -7.270000129938126E-002
        2.091099977493286
        1.786399960517883
   3.955999910831451E-001
        1.144600033760071
        1.827600002288818
        1.840700030326843
        2.174400091171265
        2.253099918365479
        4.068299770355225
        3.385099887847900
        2.967799901962280
        2.186700105667114
        2.689899921417236
        3.405900001525879
        4.923600196838379
        3.406399965286255
        4.092000007629395
        3.084800004959106
        2.113300085067749
        1.235800027847290
   3.312999904155731E-001
  -2.004999965429306E-001
       -1.944300055503845
       -2.797100067138672
       -2.432699918746948
       -2.287600040435791
       -2.752700090408325
       -1.132599949836731
  -6.736999750137329E-001
   1.729000061750412E-001
        1.235399961471558
   3.176000118255615E-001
   6.075000166893005E-001
        1.499300003051758
  -9.804999828338623E-001
  -4.866000115871429E-001
        1.597200036048889
   2.338999956846237E-001
       -1.552399992942810
       -3.248500108718872
       -2.840800046920776
       -1.672000050544739
       -1.678200006484985
  -6.061000227928162E-001
  -9.424999952316284E-001
  -9.499999880790710E-002
        2.272700071334839
        3.006700038909912
   4.036000072956085E-001
  -6.158000230789185E-001
   4.607999920845032E-001
   8.341000080108643E-001
        1.146199941635132
   7.735000252723694E-001
  -8.950000256299973E-002
        1.850499987602234
  -2.680999934673309E-001
        1.177600026130676
        1.155599951744080
        1.249600052833557
   8.112000226974487E-001
        1.528100013732910
   6.761999726295471E-001
  -2.107000052928925E-001
   5.620000138878822E-002
  -4.246999919414520E-001
  -8.173000216484070E-001
        2.070699930191040
        2.173199892044067
        3.333199977874756
        1.605399966239929
        1.190600037574768
   6.841999888420105E-001
        2.621900081634522
        3.571199893951416
        3.497200012207031
        3.560899972915649
        2.243299961090088
        2.536200046539307
        1.780799984931946
   7.218999862670898E-001
  -8.999999761581421E-001
       -1.615200042724609
       -1.984200000762940
       -2.817600011825562
       -1.991199970245361
       -2.232899904251099
  -9.945999979972839E-001
  -1.014000028371811E-001
   9.864000082015991E-001
   2.044000029563904E-001
  -8.282999992370606E-001
       -1.539800047874451
   7.919999957084656E-002
  -2.996999919414520E-001
  -6.197999715805054E-001
   4.934000074863434E-001
   6.270000338554382E-002
       -1.371700048446655
  -8.313999772071838E-001
       -2.428600072860718
       -1.078999996185303
       -1.437199950218201
  -4.580000042915344E-001
   3.023999929428101E-001
   7.404999732971191E-001
        2.642499923706055
        3.049499988555908
        3.754899978637695
        3.018899917602539
        1.638499975204468
        2.307300090789795
   6.833000183105469E-001
  -1.009999960660934E-002
  -5.939999967813492E-002
   9.697999954223633E-001
  -5.507000088691711E-001
   5.310000106692314E-002
  -2.563000023365021E-001
  -3.244999945163727E-001
   5.378999710083008E-001
   5.266000032424927E-001
   2.072000056505203E-001
   2.328999936580658E-001
       -1.828500032424927
       -2.911799907684326
       -1.112200021743774
   1.033999994397163E-001
   7.145000100135803E-001
  -3.530000150203705E-002
  -5.205000042915344E-001
  -9.189000129699707E-001
   2.003999948501587E-001
        1.619500041007996
        1.835800051689148
        1.949599981307983
        2.600199937820435
        2.719599962234497
        1.928500056266785
        1.753600001335144
        1.701699972152710
  -5.702000260353088E-001
       -2.057199954986572
       -1.924900054931641
       -3.891200065612793
       -2.298799991607666
       -1.742799997329712
       -1.523399949073792
  -2.229999937117100E-002
   7.448999881744385E-001
   8.331999778747559E-001
       -1.814100027084351
  -4.305999875068665E-001
        1.301399946212769
   9.090999960899353E-001
  -9.650000184774399E-002
   1.600999981164932E-001
  -2.820999920368195E-001
  -1.683000028133392E-001
  -8.112999796867371E-001
       -1.384400010108948
  -8.646000027656555E-001
   7.752000093460083E-001
  -1.376000046730042E-001
   3.371999859809876E-001
        2.137900114059448
        3.488500118255615
        3.016900062561035
        5.517499923706055
        4.415299892425537
        2.081500053405762
        2.107100009918213
   8.429999947547913E-001
  -9.291999936103821E-001
       -2.557199954986572
       -1.715600013732910
       -1.427199959754944
       -1.550500035285950
       -1.763700008392334
       -1.494600057601929
   9.979999810457230E-002
   6.144000291824341E-001
        2.106199979782105
        1.257400035858154
  -9.598000049591065E-001
       -2.834300041198731
       -2.147799968719482
   3.880000114440918E-001
   4.338000118732452E-001
   3.307000100612640E-001
  -8.303999900817871E-001
  -5.662000179290772E-001
   9.505000114440918E-001
        1.270300030708313
        2.348400115966797
        1.202100038528442
        2.625200033187866
        2.670900106430054
        2.170300006866455
        2.381799936294556
   4.612999856472015E-001
  -7.286000251770020E-001
       -1.437399983406067
       -2.907000064849854
       -2.990600109100342
       -2.807499885559082
       -1.164399981498718
  -7.106999754905701E-001
  -8.888000249862671E-001
  -4.041000008583069E-001
   8.829999715089798E-002
  -9.423999786376953E-001
  -7.461000084877014E-001
  -5.462999939918518E-001
        1.149099946022034
  -3.255999982357025E-001
  -5.745000243186951E-001
  -3.567000031471252E-001
  -9.473000168800354E-001
   4.311000108718872E-001
       -1.295500040054321
  -7.326999902725220E-001
  -9.696999788284302E-001
       -1.371999979019165
        1.306499958038330
        2.768300056457520
        3.183599948883057
        2.779799938201904
        2.231499910354614
        1.439599990844727
        1.543599963188171
   3.664999902248383E-001
   8.586999773979187E-001
   1.142000034451485E-001
       -1.368499994277954
   5.709999799728394E-001
       -1.283599972724915
       -1.270200014114380
       -2.218199968338013
       -2.266999959945679
       -2.242100000381470
   2.576999962329865E-001
   8.632000088691711E-001
  -9.510999917984009E-001
       -2.246599912643433
       -1.992499947547913
       -1.218999981880188
  -3.072000145912170E-001
       -1.026200056076050
   4.963999986648560E-001
  -5.584999918937683E-001
   9.174000024795532E-001
   7.609999775886536E-001
        2.312099933624268
        2.537800073623657
        2.552299976348877
        2.034699916839600
        2.582499980926514
   9.510999917984009E-001
  -1.884000003337860E-001
   5.570000037550926E-002
       -1.340600013732910
  -4.268000125885010E-001
       -2.370699882507324
       -3.296499967575073
       -2.583800077438355
  -5.303999781608582E-001
   8.213000297546387E-001
  -6.730999946594238E-001
       -2.499500036239624
       -3.531100034713745
       -1.617699980735779
       -2.002199888229370
  -1.797000020742416E-001
        1.049700021743774
        1.845499992370606
   4.957000017166138E-001
   7.720999717712402E-001
   2.808000147342682E-001
   4.654999971389771E-001
       -1.040400028228760
  -2.347999960184097E-001
       -1.128999948501587
  -4.805000126361847E-001
        1.036000013351440
        1.759199976921082
        1.780699968338013
        1.116600036621094
        1.378399968147278
  -1.946000009775162E-001
  -8.780000358819962E-002
   8.791999816894531E-001
        1.601500034332275
   7.648000121116638E-001
  -8.643000125885010E-001
  -1.335999965667725E-001
   8.990000188350678E-002
  -6.560000181198120E-001
  -6.858999729156494E-001
  -9.265000224113464E-001
       -1.177800059318543
   6.478999853134155E-001
       -1.493899941444397
       -1.234599947929382
       -1.577800035476685
       -2.439100027084351
  -1.111999973654747E-001
   5.411000251770020E-001
  -4.681999981403351E-001
   3.045000135898590E-001
        1.745599985122681
        1.183899998664856
        1.686800003051758
        2.258699893951416
        2.970499992370606
        2.370800018310547
        1.032999992370606
        1.199200034141541
        1.337900042533875
   1.561000049114227E-001
  -4.866000115871429E-001
       -1.210500001907349
  -7.548999786376953E-001
   1.180000044405460E-002
       -1.325799942016602
        1.090499997138977
   4.821999967098236E-001
        1.562600016593933
  -6.226999759674072E-001
       -1.087100028991699
       -2.000799894332886
       -1.417199969291687
       -3.169699907302856
       -1.709800004959106
  -6.379999965429306E-002
   2.108000069856644E-001
  -6.996999979019165E-001
   4.483000040054321E-001
   2.490999996662140E-001
       -1.190999984741211
  -9.602000117301941E-001
       -2.175600051879883
       -1.871000051498413
  -7.968000173568726E-001
        1.415400028228760
        3.640799999237061
        3.144500017166138
        1.322000026702881
   9.201999902725220E-001
   4.736000001430512E-001
  -1.845999956130981E-001
   3.201999962329865E-001
        1.567700028419495
  -2.570999860763550E-001
   1.481000036001205E-001
        1.282099962234497
   1.325999945402145E-001
       -1.630200028419495
       -2.045399904251099
       -2.014699935913086
       -1.286100029945374
  -8.113999962806702E-001
       -1.963799953460693
       -1.190000057220459
  -8.560000061988831E-001
  -8.381999731063843E-001
  -7.602000236511231E-001
   8.690000325441361E-002
   1.789000034332275E-001
  -1.740999966859818E-001
        1.706900000572205
        2.981699943542481
        2.718199968338013
        2.743499994277954
        3.293900012969971
        2.244100093841553
        2.193500041961670
        1.701300024986267
   5.509999990463257E-001
  -3.273999989032745E-001
       -1.271100044250488
       -1.371399998664856
  -6.927999854087830E-001
   9.394999742507935E-001
        1.369799971580505
        1.419999957084656
        1.090299963951111
        1.509099960327148
   3.359000086784363E-001
  -6.523000001907349E-001
       -1.139000058174133
  -9.009999781847000E-002
  -7.591000199317932E-001
       -1.792500019073486
       -1.563699960708618
        1.046599984169006
       -3.081500053405762
       -1.407099962234497
       -1.061800003051758
       -1.480700016021729
       -1.487300038337708
       -2.107399940490723
       -2.637900114059448
  -2.486000061035156E-001
        1.280200004577637
        2.590399980545044
        2.439199924468994
        1.703899979591370
        1.043099999427795
   6.097999811172485E-001
        1.186200022697449
        2.318799972534180
   5.242000222206116E-001
  -3.434999883174896E-001
   1.958999931812286E-001
   2.520999908447266E-001
  -1.289999932050705E-001
   7.590000331401825E-002
  -7.397000193595886E-001
       -1.620100021362305
       -1.783900022506714
       -1.046100020408630
  -9.824000000953674E-001
  -9.843999743461609E-001
  -8.200000226497650E-002
  -2.928999960422516E-001
   6.560000032186508E-002
  -6.766999959945679E-001
   4.086999893188477E-001
       -1.973600029945374
   4.063000082969666E-001
        3.128700017929077
        2.082499980926514
        3.139899969100952
        2.057600021362305
   9.577000141143799E-001
        1.797899961471558
   3.871999979019165E-001
   3.314999938011169E-001
   5.184999704360962E-001
  -7.775999903678894E-001
       -1.195000052452087
  -3.262000083923340E-001
   9.557999968528748E-001
        2.271300077438355
        4.332200050354004
        2.656800031661987
        3.136800050735474
        1.368499994277954
        1.759799957275391
        1.106999993324280
   8.486999869346619E-001
   2.009999938309193E-002
   3.890999853610992E-001
  -5.724999904632568E-001
       -1.341500043869019
       -3.104399919509888
       -3.185800075531006
       -2.677999973297119
       -3.394599914550781
       -3.365000009536743
       -2.208100080490112
  -2.081999927759171E-001
       -1.133200049400330
   4.271000027656555E-001
   8.934999704360962E-001
        2.140399932861328
        1.001399993896484
   3.950999975204468E-001
   5.407999753952026E-001
   1.017000004649162E-001
        1.415400028228760
        2.827699899673462
        2.148999929428101
   9.480000138282776E-001
   9.681000113487244E-001
   8.130000233650208E-001
   7.250000238418579E-001
  -6.280999779701233E-001
       -1.787299990653992
       -1.832700014114380
       -1.065600037574768
  -2.316000014543533E-001
  -9.046000242233276E-001
  -8.443999886512756E-001
   9.393000006675720E-001
        1.420099973678589
        1.000200033187866
       -1.266800045967102
       -1.463899970054627
  -8.609999716281891E-002
        2.348200082778931
        1.030900001525879
        1.999600052833557
        2.124900102615356
   9.136000275611877E-001
  -6.136999726295471E-001
   2.903999984264374E-001
  -4.704000055789948E-001
   3.298000097274780E-001
   7.230000197887421E-002
  -4.600000008940697E-002
   9.019999951124191E-002
        2.040299892425537
        3.871599912643433
        4.938099861145020
        2.279599905014038
        2.423500061035156
        2.330899953842163
        2.163199901580811
        1.970999956130981
        1.860800027847290
   8.745999932289124E-001
   2.723000049591065E-001
  -7.261999845504761E-001
  -8.661999702453613E-001
       -3.352699995040894
       -3.067800045013428
       -2.336800098419190
       -3.813100099563599
       -3.719899892807007
       -3.477299928665161
       -1.940000057220459
  -7.063000202178955E-001
       -1.210899949073792
   4.499000012874603E-001
        1.064399957656860
   3.289999961853027E-001
   1.502999961376190E-001
   9.063000082969666E-001
  -1.562999933958054E-001
  -4.589999839663506E-002
        1.281000018119812
        1.651100039482117
        1.277999997138977
   6.608999967575073E-001
        2.091300010681152
   4.817999899387360E-001
  -4.476999938488007E-001
       -1.751099944114685
       -2.101300001144409
       -2.004600048065186
  -9.527999758720398E-001
  -2.567000091075897E-001
   9.743000268936157E-001
        2.113199949264526
        1.964900016784668
        1.189499974250794
   3.066000044345856E-001
  -8.452000021934509E-001
  -4.327999949455261E-001
        1.714300036430359
   7.269999980926514E-001
        1.055400013923645
   7.954999804496765E-001
   8.503999710083008E-001
       -1.117599964141846
  -4.550999999046326E-001
  -6.549000144004822E-001
  -3.946999907493591E-001
  -2.924999892711639E-001
   2.307000011205673E-001
  -9.700000286102295E-003
        1.837100028991699
        4.504300117492676
        4.125800132751465
        2.256599903106690
        1.192999958992004
        1.245900034904480
        2.092799901962280
        1.480000019073486
   9.255999922752380E-001
   6.086999773979187E-001
       -1.021100044250488
       -1.313099980354309
  -6.929000020027161E-001
       -5.103300094604492
       -4.504499912261963
       -4.852700233459473
       -3.776099920272827
       -3.071500062942505
       -3.757499933242798
       -1.327600002288818
  -2.401999980211258E-001
  -8.266000151634216E-001
       -1.184399962425232
   6.130999922752380E-001
       -2.670900106430054
  -7.699000239372253E-001
   7.804999947547913E-001
   3.664000034332275E-001
   9.369000196456909E-001
        2.440000057220459
        2.232899904251099
   4.314999878406525E-001
   9.222000241279602E-001
   8.424999713897705E-001
   2.175000011920929E-001
  -7.523999810218811E-001
  -4.025000035762787E-001
   1.226999983191490E-001
   7.716000080108643E-001
   1.800000071525574E-001
  -5.731999874114990E-001
  -2.247000038623810E-001
   3.943000137805939E-001
   1.886000037193298E-001
       -1.429800033569336
       -1.859599947929382
  -2.067999988794327E-001
  -3.736999928951263E-001
   4.839999973773956E-001
        2.132100105285645
   9.911000132560730E-001
  -3.231000006198883E-001
  -8.671000003814697E-001
  -3.310000151395798E-002
  -8.866000175476074E-001
   4.639999940991402E-002
        1.340899944305420
   4.268999993801117E-001
   8.348000049591065E-001
        1.373700022697449
        2.457700014114380
        4.415299892425537
        3.927999973297119
        2.206700086593628
   5.385000109672546E-001
   8.633000254631043E-001
   9.244999885559082E-001
   3.670000135898590E-001
   5.820000171661377E-001
  -9.999999776482582E-003
       -1.260300040245056
       -1.129799962043762
   4.059000015258789E-001
       -3.609600067138672
       -2.656800031661987
       -3.011600017547607
       -2.976399898529053
       -2.764300107955933
       -3.787400007247925
       -2.268100023269653
  -9.635000228881836E-001
  -4.835999906063080E-001
  -6.866999864578247E-001
       -1.365599989891052
       -1.619400024414063
       -1.080199956893921
   3.388999998569489E-001
   2.944000065326691E-001
   8.485000133514404E-001
   1.677999943494797E-001
        2.222399950027466
   4.356000125408173E-001
        1.043400049209595
        1.184100031852722
        1.334300041198731
   2.481999993324280E-001
   6.308000087738037E-001
        2.036000013351440
        1.368299961090088
  -2.502999901771545E-001
   1.154000014066696E-001
  -6.250000000000000E-001
       -1.062899947166443
  -8.264999985694885E-001
       -2.859200000762940
       -1.937100052833557
       -2.829600095748901
       -1.917899966239929
  -2.973999977111816E-001
        1.392600059509277
   6.090000271797180E-001
  -4.077999889850617E-001
       -2.435100078582764
       -1.555899977684021
       -2.056699991226196
       -1.342499971389771
  -3.725999891757965E-001
  -4.844999909400940E-001
  -1.212000027298927E-001
        3.323999881744385
        3.645400047302246
        3.666500091552734
        2.330499887466431
   9.125999808311462E-001
        1.093400001525879
   3.163999915122986E-001
        1.035099983215332
  -1.316999942064285E-001
  -8.381000161170960E-001
  -3.853000104427338E-001
  -2.930000051856041E-002
  -7.452999949455261E-001
   5.374000072479248E-001
       -2.202800035476685
       -1.216500043869019
       -2.607100009918213
       -3.316800117492676
       -2.811000108718872
       -1.161499977111816
       -1.253200054168701
  -2.175000011920929E-001
  -4.284999966621399E-001
  -7.989999651908875E-002
       -1.705500006675720
       -2.134799957275391
       -1.313099980354309
   5.180000141263008E-002
  -4.675999879837036E-001
        1.663300037384033
  -4.869000017642975E-001
  -2.520999908447266E-001
  -2.458000034093857E-001
   3.176999986171722E-001
        1.179600000381470
   5.504999756813049E-001
  -1.049999967217445E-001
        1.192100048065186
   1.876000016927719E-001
        1.571599960327148
   3.729000091552734E-001
  -3.513999879360199E-001
       -1.359699964523315
  -9.035000205039978E-001
       -2.016499996185303
       -2.242500066757202
       -1.032199978828430
       -1.985599994659424
  -8.822000026702881E-001
  -9.024000167846680E-001
        1.210399985313416
   5.853999853134155E-001
  -6.322000026702881E-001
  -6.480000019073486E-001
  -1.666000038385391E-001
  -5.629000067710877E-001
       -1.720100045204163
       -1.925600051879883
       -1.345700025558472
  -2.587999999523163E-001
   8.870999813079834E-001
        2.143199920654297
        3.739200115203857
        2.172100067138672
        1.295199990272522
   4.165000021457672E-001
   1.752000004053116E-001
   4.340000078082085E-002
  -6.122000217437744E-001
       -1.929000020027161
       -1.939900040626526
  -6.050999760627747E-001
  -1.509000062942505E-001
   7.045999765396118E-001
       -1.330299973487854
       -1.632400035858154
       -2.683000087738037
       -2.046600103378296
       -2.043499946594238
       -1.834599971771240
  -9.358999729156494E-001
       -1.223099946975708
       -1.692000031471252
  -7.962999939918518E-001
  -3.280000016093254E-002
       -2.628299951553345
       -2.834500074386597
  -5.570999979972839E-001
   7.240000367164612E-002
   1.641999930143356E-001
       -2.552400112152100
  -3.959999978542328E-002
       -1.893499970436096
       -1.586799979209900
  -5.580000281333923E-001
   5.971999764442444E-001
       -1.272300004959106
  -9.897999763488770E-001
  -7.583000063896179E-001
  -2.179999947547913E-001
   2.930000126361847E-001
  -4.499999880790710E-001
  -5.407000184059143E-001
  -7.207999825477600E-001
       -1.306800007820129
       -1.633599996566773
  -3.170000016689301E-002
  -5.627999901771545E-001
       -1.425999999046326
  -2.924999892711639E-001
   1.759999990463257E-002
        1.031800031661987
  -4.334999918937683E-001
  -5.683000087738037E-001
       -1.440999984741211
   6.019999831914902E-002
       -1.800899982452393
       -2.275500059127808
       -2.330100059509277
       -1.531299948692322
   4.365000128746033E-001
   6.984000205993652E-001
        1.080199956893921
        1.064299941062927
  -8.041999936103821E-001
   4.936999976634979E-001
   1.075000017881393E-001
  -4.447999894618988E-001
  -5.544000267982483E-001
  -7.107999920845032E-001
  -9.423000216484070E-001
       -1.553300023078919
       -2.066200017929077
  -4.379999935626984E-001
   1.379999984055758E-002
       -1.350499987602234
       -2.130899906158447
       -3.699300050735474
       -1.708199977874756
       -2.826299905776978
       -1.799800038337708
       -1.674100041389465
       -1.691100001335144
  -9.628999829292297E-001
       -1.222000002861023
       -2.825900077819824
       -2.391700029373169
   8.169999718666077E-001
   3.023000061511993E-001
   3.291999995708466E-001
   2.879000008106232E-001
  -5.534999966621399E-001
       -1.052999973297119
       -1.631000041961670
       -1.908900022506714
       -2.533999919891357
       -1.522799968719482
       -2.714699983596802
       -1.294999957084656
   7.257999777793884E-001
  -1.771000027656555E-001
   7.332999706268311E-001
   6.800000090152025E-003
  -4.264999926090241E-001
  -9.887999892234802E-001
       -1.531800031661987
   2.960999906063080E-001
  -2.567000091075897E-001
        1.192700028419495
   1.272000074386597E-001
        1.745599985122681
   7.881000041961670E-001
   7.131000161170960E-001
   2.092999964952469E-001
   2.510000020265579E-002
  -5.927000045776367E-001
   1.471000015735626E-001
       -2.975600004196167
       -2.799799919128418
       -1.644299983978272
  -8.249999880790710E-001
   4.179999977350235E-002
  -6.365000009536743E-001
  -5.443000197410584E-001
   4.309999942779541E-002
        1.750300049781799
        1.512099981307983
        1.332599997520447
        1.238700032234192
   2.035000026226044E-001
  -1.124000027775765E-001
   9.685000181198120E-001
  -4.334000051021576E-001
       -1.059200048446655
  -4.578999876976013E-001
  -1.611000001430512E-001
       -1.625300049781799
       -2.632100105285645
       -1.978099942207336
       -2.641799926757813
       -2.874300003051758
       -1.997599959373474
       -2.678299903869629
       -1.017799973487854
       -2.079600095748901
       -2.944900035858154
       -1.712100028991699
  -5.408999919891357E-001
  -3.583999872207642E-001
   8.580999970436096E-001
   7.511000037193298E-001
   5.608999729156494E-001
  -2.163999974727631E-001
       -1.033699989318848
       -1.606099963188171
       -1.970299959182739
       -2.733999967575073
       -1.528800010681152
       -1.659500002861023
       -1.363000035285950
  -3.332999944686890E-001
       -1.159500002861023
  -7.911999821662903E-001
  -4.948000013828278E-001
  -4.650000035762787E-001
   4.138999879360199E-001
   5.240000039339066E-002
        1.690700054168701
        1.211199998855591
        1.975100040435791
        1.666399955749512
        2.490200042724609
  -1.233000010251999E-001
  -8.280000090599060E-001
       -1.195099949836731
       -1.690199971199036
       -1.128299951553345
       -3.224699974060059
       -3.206599950790405
       -2.785000085830689
       -2.753900051116943
       -1.973600029945374
       -1.696499943733215
  -3.779999911785126E-001
   2.748000025749207E-001
   4.955999851226807E-001
        1.613499999046326
        1.479599952697754
        2.402699947357178
        1.041800022125244
        1.087499976158142
        1.715899944305420
        1.105999946594238
   3.113000094890595E-001
  -2.492000013589859E-001
  -1.759999990463257E-002
       -1.769899964332581
       -2.817300081253052
       -2.368400096893311
       -2.471999883651733
       -3.403100013732910
       -2.872600078582764
       -2.431999921798706
       -1.722200036048889
       -1.819800019264221
       -1.835999965667725
       -1.587000012397766
  -4.751999974250794E-001
        1.316400051116943
        1.032799959182739
  -1.151999980211258E-001
        1.006800055503845
  -4.717000126838684E-001
       -1.024099946022034
       -2.061599969863892
       -2.278199911117554
       -1.621700048446655
       -2.374300003051758
       -3.019700050354004
       -1.492100000381470
  -4.133000075817108E-001
       -1.005200028419495
  -3.032000064849854E-001
  -3.350000083446503E-001
        1.091599941253662
  -8.518000245094299E-001
   7.246999740600586E-001
        1.311599969863892
        2.481300115585327
        1.329200029373169
        2.182100057601929
        1.205700039863586
   9.800000116229057E-003
       -1.251299977302551
       -1.272699952125549
       -1.895099997520447
       -2.774199962615967
       -2.703799962997437
       -5.343400001525879
       -3.557399988174439
       -3.900399923324585
       -3.289200067520142
       -1.955399990081787
       -1.570099949836731
   8.072999715805054E-001
        1.069399952888489
   5.332000255584717E-001
        1.482399940490723
        1.862499952316284
        1.287799954414368
        1.129400014877319
   9.056000113487244E-001
        1.541300058364868
        1.580399990081787
   3.900000080466270E-002
       -1.913800001144409
       -2.854500055313110
       -3.044899940490723
       -2.927000045776367
       -1.492499947547913
       -2.002300024032593
       -1.282699942588806
       -2.226700067520142
       -1.818400025367737
       -1.728700041770935
       -1.115000009536743
       -1.226699948310852
        1.213700056076050
        1.156100034713745
        2.949500083923340
        1.422199964523315
   1.784999966621399E-001
       -1.114599943161011
       -1.570700049400330
  -9.947000145912170E-001
  -9.383000135421753E-001
       -1.585999965667725
       -2.781300067901611
       -2.924599885940552
       -1.736500024795532
  -7.559000253677368E-001
  -3.339999914169312E-002
  -5.486999750137329E-001
  -4.176999926567078E-001
  -4.729999899864197E-001
       -1.222399950027466
  -3.707000017166138E-001
   4.866999983787537E-001
   1.533000022172928E-001
   7.394000291824341E-001
        1.673200011253357
        1.843400001525879
   1.268000006675720E-001
  -8.892999887466431E-001
  -5.945000052452087E-001
       -2.112200021743774
       -2.653700113296509
       -4.005499839782715
       -4.118400096893311
       -4.628600120544434
       -3.442399978637695
       -3.797899961471558
       -1.653900027275085
  -1.097000017762184E-001
   9.607999920845032E-001
        1.389000058174133
  -4.289999902248383E-001
   8.661000132560730E-001
        1.776800036430359
        2.066200017929077
   5.241000056266785E-001
   8.090000152587891E-001
   3.790000081062317E-001
  -1.912000030279160E-001
