        1.678099989891052
  -5.616999864578247E-001
       -1.770300030708313
  -7.559999823570252E-002
  -5.762000083923340E-001
       -1.260699987411499
       -2.674900054931641
       -1.634400010108948
       -2.003099918365479
       -1.311599969863892
       -1.095999956130981
       -2.659399986267090
       -1.425600051879883
       -1.069100022315979
       -1.053400039672852
  -6.808999776840210E-001
  -1.555999964475632E-001
  -6.373000144958496E-001
       -1.836500048637390
  -2.793000042438507E-001
  -8.385000228881836E-001
   8.609999716281891E-002
  -1.010000035166740E-001
       -1.548499941825867
       -1.362499952316284
  -9.958000183105469E-001
       -2.730299949645996
       -2.502199888229370
       -3.517699956893921
       -4.106999874114990
       -2.587199926376343
       -3.260799884796143
       -1.980399966239929
  -9.049999713897705E-001
   6.144000291824341E-001
   8.507999777793884E-001
  -4.332999885082245E-001
   9.380999803543091E-001
   1.532000005245209E-001
   7.865999937057495E-001
   4.151000082492828E-001
   6.478999853134155E-001
   7.150000333786011E-002
        1.125900030136108
        1.098199963569641
        1.839300036430359
   8.137000203132629E-001
        1.263200044631958
   2.002999931573868E-001
        1.101199984550476
   2.058999985456467E-001
  -8.389999717473984E-002
  -1.932999938726425E-001
       -2.202899932861328
   6.748999953269959E-001
        2.349499940872192
        1.202499985694885
  -2.424000054597855E-001
       -1.618100047111511
       -1.504199981689453
   6.748999953269959E-001
  -8.156999945640564E-001
  -8.414000272750855E-001
   1.495999991893768E-001
  -9.053999781608582E-001
       -1.236600041389465
       -1.257899999618530
       -1.652300000190735
       -1.564100027084351
  -8.119999766349793E-001
       -1.428699970245361
       -1.834200024604797
       -2.325200080871582
       -1.999199986457825
       -1.045300006866455
  -8.702999949455261E-001
       -1.109500050544739
   1.669999957084656E-001
       -1.130399942398071
  -9.118000268936157E-001
   7.310000061988831E-002
       -1.134600043296814
  -7.750999927520752E-001
       -1.371799945831299
       -2.362999916076660
       -2.558000087738037
       -1.056800007820129
       -2.464499950408936
       -3.051100015640259
       -2.934799909591675
       -2.362900018692017
       -2.790299892425537
       -2.429100036621094
       -1.084699988365173
        1.278399944305420
   9.211999773979187E-001
  -5.425999760627747E-001
  -6.911000013351440E-001
   7.071999907493591E-001
        1.942600011825562
   7.505999803543091E-001
        1.224400043487549
   3.151000142097473E-001
   8.866000175476074E-001
  -1.937000006437302E-001
        1.795799970626831
   9.257000088691711E-001
   2.608000040054321E-001
   5.187000036239624E-001
   7.062000036239624E-001
        1.361799955368042
   7.982000112533569E-001
        1.115900039672852
       -1.693799972534180
  -7.710999846458435E-001
   9.989999979734421E-002
   3.926999866962433E-001
  -5.483999848365784E-001
  -1.020000036805868E-002
  -2.815999984741211E-001
        1.182100057601929
   4.529999941587448E-002
   2.134000062942505E-001
  -4.101999998092651E-001
  -4.022000133991242E-001
       -1.331799983978272
  -5.282999873161316E-001
       -1.370000004768372
  -3.224000036716461E-001
  -7.771000266075134E-001
   1.238999962806702E-001
       -1.314200043678284
  -9.490000009536743E-001
       -1.361500024795532
  -4.365000128746033E-001
       -1.299100041389465
       -1.219200015068054
       -2.261300086975098
   1.847999989986420E-001
        1.314200043678284
  -8.083999752998352E-001
       -1.696699976921082
       -1.544399976730347
       -2.361399888992310
  -7.211999893188477E-001
       -1.679200053215027
  -9.519000053405762E-001
       -1.275500059127808
       -1.818199992179871
       -3.098299980163574
       -2.613899946212769
       -1.656200051307678
       -1.710299968719482
   3.957000076770783E-001
        2.102299928665161
        1.244899988174439
   3.711999952793121E-001
   3.000999987125397E-001
   7.519000172615051E-001
        2.564100027084351
        1.589699983596802
        1.143000006675720
        1.848899960517883
  -1.914999932050705E-001
        1.585199952125549
   6.294999718666077E-001
        2.299799919128418
        2.245699882507324
        1.497799992561340
        1.093799948692322
        1.782299995422363
        1.499300003051758
   5.717999935150147E-001
  -3.131000101566315E-001
       -1.556800007820129
   2.329999953508377E-002
   5.048999786376953E-001
  -5.058000087738037E-001
        1.186800003051758
  -6.317999958992004E-001
   7.865999937057495E-001
   8.641999959945679E-001
  -7.260000109672546E-001
  -5.285000205039978E-001
       -2.028599977493286
       -1.859400033950806
       -2.182699918746948
  -9.559000134468079E-001
       -1.205899953842163
  -4.092999994754791E-001
       -1.112599968910217
       -1.183400034904480
       -1.534899950027466
  -5.238000154495239E-001
  -5.950999855995178E-001
       -1.537400007247925
       -1.827100038528442
       -3.650199890136719
       -1.596500039100647
  -8.468000292778015E-001
  -6.672999858856201E-001
       -1.305299997329712
       -1.943500041961670
  -9.589999914169312E-001
       -1.288100004196167
  -6.498000025749207E-001
  -3.731999993324280E-001
       -1.473299980163574
       -2.069299936294556
       -2.378299951553345
       -2.205600023269653
  -9.607999920845032E-001
  -9.759999811649323E-002
   7.328000068664551E-001
        2.859299898147583
        1.752400040626526
        2.089299917221069
        2.424499988555908
        1.380399942398071
        1.400500059127808
        1.490300059318543
        1.325399994850159
        1.678099989891052
   9.039000272750855E-001
   4.404999911785126E-001
  -3.039000034332275E-001
        1.440600037574768
   2.340999990701675E-001
        1.139500021934509
   6.642000079154968E-001
   9.409000277519226E-001
   5.952000021934509E-001
        1.032400012016296
       -1.620499968528748
  -9.221000075340271E-001
  -2.737999856472015E-001
   2.225999981164932E-001
       -1.421300053596497
   9.376000165939331E-001
        1.092499971389771
   2.883000075817108E-001
   2.268999963998795E-001
  -8.378000259399414E-001
  -9.706000089645386E-001
       -1.096300005912781
       -2.232500076293945
       -2.529099941253662
  -9.301999807357788E-001
       -1.051499962806702
       -1.888299942016602
  -3.538999855518341E-001
  -9.524000287055969E-001
       -1.462700009346008
       -1.694499969482422
  -4.420999884605408E-001
       -1.820199966430664
       -2.644700050354004
       -4.116499900817871
       -3.658400058746338
       -2.170700073242188
       -1.620200037956238
       -2.306200027465820
       -1.840700030326843
       -2.276400089263916
       -1.875800013542175
       -1.482599973678589
  -6.384999752044678E-001
       -2.157999992370606
       -1.388200044631958
  -4.578000009059906E-001
       -1.114099979400635
   2.698999941349030E-001
  -1.830000057816505E-002
        1.745399951934815
        2.024399995803833
        2.628599882125855
        3.782399892807007
        2.091099977493286
        2.900000095367432
        2.284600019454956
        1.786599993705750
   3.887000083923340E-001
   5.224000215530396E-001
   2.872000038623810E-001
        1.698300004005432
   7.069000005722046E-001
        2.183000087738037
        1.872499942779541
  -2.345999926328659E-001
        1.219799995422363
   5.242999792098999E-001
   1.309999972581863E-001
  -6.428999900817871E-001
       -1.493299961090088
       -1.138399958610535
  -5.867999792098999E-001
       -1.174900054931641
  -7.423999905586243E-001
        1.541800022125244
        1.416100025177002
        1.159800052642822
   4.108000099658966E-001
   3.373999893665314E-001
        1.533100008964539
       -1.968299984931946
       -1.128499984741211
       -1.076599955558777
  -7.876999974250794E-001
  -2.004999965429306E-001
       -1.309299945831299
       -1.217499971389771
  -3.091000020503998E-001
  -6.054999828338623E-001
  -7.132999897003174E-001
       -1.075999975204468
  -8.341000080108643E-001
       -1.598799943923950
       -2.245800018310547
       -3.586400032043457
       -3.052000045776367
       -2.374799966812134
       -4.339399814605713
       -3.408900022506714
       -2.765300035476685
  -5.924999713897705E-001
  -2.115000039339066E-001
  -9.434999823570252E-001
  -7.976999878883362E-001
       -1.463199973106384
   1.720999926328659E-001
  -7.978000044822693E-001
   4.744000136852264E-001
  -9.064999818801880E-001
   2.161999940872192E-001
   6.758999824523926E-001
        1.946200013160706
        3.062200069427490
        2.788100004196167
        2.499700069427490
        1.602699995040894
        1.412400007247925
  -8.259999752044678E-002
       -1.064700007438660
  -5.023000240325928E-001
        1.544899940490723
   5.762000083923340E-001
        1.804200053215027
        2.232100009918213
   7.961999773979187E-001
   1.463000029325485E-001
   7.231000065803528E-001
       -1.164100050926209
  -1.962999999523163E-001
   3.149000108242035E-001
  -1.451999992132187E-001
  -7.857999801635742E-001
       -1.383999943733215
   6.599999964237213E-002
        1.057399988174439
  -6.176999807357788E-001
  -4.363000094890595E-001
  -1.817999929189682E-001
   5.717999935150147E-001
   3.783999979496002E-001
  -3.564999997615814E-001
       -1.058400034904480
  -2.197999954223633E-001
  -6.302000284194946E-001
       -1.685799956321716
       -1.271999955177307
       -1.379099965095520
  -2.469000071287155E-001
       -1.624899983406067
  -1.710000075399876E-002
  -5.785999894142151E-001
  -4.943999946117401E-001
  -4.598999917507172E-001
  -1.070000007748604E-001
       -1.129799962043762
       -1.983299970626831
       -3.206000089645386
       -6.027900218963623
       -3.907500028610230
       -2.716099977493286
  -1.884000003337860E-001
  -3.801999986171722E-001
        1.218799948692322
  -7.576000094413757E-001
  -9.908000230789185E-001
  -1.959999948740006E-001
  -5.871000289916992E-001
  -5.644000172615051E-001
   2.274000048637390E-001
  -1.147999987006187E-001
  -5.110000073909760E-002
   3.260000050067902E-001
        2.490200042724609
        3.935400009155273
        4.528600215911865
        1.610900044441223
        1.914899945259094
   3.589000105857849E-001
   7.735999822616577E-001
   5.309000015258789E-001
   8.009999990463257E-002
   6.373999714851379E-001
        1.480800032615662
        2.051300048828125
        1.128999948501587
   4.203000068664551E-001
   1.756999939680100E-001
  -6.875000000000000E-001
  -7.631999850273132E-001
   2.600000007078052E-003
   7.806000113487244E-001
  -2.572000026702881E-001
   2.840000018477440E-002
  -3.068000078201294E-001
   1.622000038623810E-001
   4.397000074386597E-001
   1.080000028014183E-002
  -1.357000023126602E-001
  -4.907000064849854E-001
  -2.833000123500824E-001
  -2.111999988555908E-001
  -1.176000013947487E-001
  -6.208999752998352E-001
  -8.873000144958496E-001
       -1.678099989891052
       -2.201400041580200
       -1.610200047492981
       -1.824000000953674
       -1.100800037384033
  -7.465000152587891E-001
   6.379999965429306E-002
  -7.534999847412109E-001
   8.524000048637390E-001
   5.717999935150147E-001
   1.288000047206879E-001
       -2.505100011825562
       -3.786299943923950
       -3.056799888610840
       -2.649899959564209
  -3.483000099658966E-001
  -6.172999739646912E-001
  -7.585999965667725E-001
   3.222999870777130E-001
  -6.359000205993652E-001
   6.471999883651733E-001
  -4.600999951362610E-001
   4.566000103950501E-001
  -4.109999909996986E-002
        1.909500002861023
   1.279999967664480E-002
   2.851999998092651E-001
   7.518000006675720E-001
   4.372999966144562E-001
        2.149399995803833
        2.878999948501587
   6.395999789237976E-001
   3.980000019073486E-001
   4.745000004768372E-001
   5.745000243186951E-001
  -2.960000000894070E-002
        1.330800056457520
   4.158000051975250E-001
        1.897699952125549
   4.785999953746796E-001
  -5.873000025749207E-001
   3.280000090599060E-001
  -5.600000172853470E-002
   2.520000040531158E-001
   1.989999972283840E-002
   4.388999938964844E-001
   7.666000127792358E-001
  -7.225999832153320E-001
   2.081999927759171E-001
  -6.287000179290772E-001
  -7.159999758005142E-002
  -3.607000112533569E-001
  -8.320999741554260E-001
       -2.443599939346314
       -2.625499963760376
  -5.745000243186951E-001
   7.718999981880188E-001
   1.295000016689301E-001
  -6.740000247955322E-001
  -8.737999796867371E-001
  -8.418999910354614E-001
   5.005999803543091E-001
   1.970999985933304E-001
       -2.030900001525879
       -2.606100082397461
       -1.045500040054321
  -2.418999969959259E-001
   7.495999932289124E-001
       -1.047500014305115
   5.900999903678894E-001
       -1.353899955749512
       -2.378900051116943
       -2.257400035858154
       -4.069900035858154
       -2.994999885559082
  -6.475999951362610E-001
       -1.069300055503845
       -1.482200026512146
   2.229999937117100E-002
   9.319999814033508E-002
   6.270000338554382E-002
  -6.787999868392944E-001
   8.869999647140503E-002
        1.814700007438660
        2.259500026702881
        1.168400049209595
        1.325700044631958
        1.078799962997437
        1.354099988937378
        1.083500027656555
        1.764600038528442
   5.504999756813049E-001
   6.791999936103821E-001
  -5.349000096321106E-001
   4.711999893188477E-001
   8.123000264167786E-001
        1.837499976158142
        2.049400091171265
        1.407899975776672
   6.355000138282776E-001
        1.490499973297119
  -6.409999728202820E-001
  -4.785999953746796E-001
   1.155999973416328E-001
   4.251999855041504E-001
       -1.278200030326843
       -1.395599961280823
       -2.614799976348877
       -1.060199975967407
  -6.937000155448914E-001
   1.538999974727631E-001
       -1.163200020790100
  -5.649999901652336E-002
       -2.041100025177002
       -2.132800102233887
  -7.120000123977661E-001
   3.454999923706055E-001
  -4.713999927043915E-001
       -1.598399996757507
       -2.139400005340576
       -1.505399942398071
  -5.720000267028809E-001
   8.317000269889832E-001
  -9.390000104904175E-001
       -1.786999940872192
       -2.272799968719482
  -7.979000210762024E-001
  -7.718999981880188E-001
  -1.518000066280365E-001
  -8.956999778747559E-001
  -6.065999865531921E-001
       -2.295599937438965
       -1.033200025558472
       -2.194799900054932
       -1.162999987602234
       -1.374899983406067
  -8.919000029563904E-001
       -2.256299972534180
  -9.032999873161316E-001
  -6.302999854087830E-001
  -9.900000095367432E-001
   2.800000086426735E-002
  -2.716000080108643E-001
   3.998999893665314E-001
        1.935500025749207
        2.942399978637695
        2.336199998855591
        1.222800016403198
   7.049999833106995E-001
   7.774999737739563E-001
        1.015499949455261
   8.137000203132629E-001
        1.141999959945679
   1.037999987602234E-001
        2.156300067901611
        2.166599988937378
        1.972300052642822
        2.713000059127808
        1.665199995040894
  -2.449999935925007E-002
  -6.865000128746033E-001
   2.635999917984009E-001
  -9.190000295639038E-001
  -7.124000191688538E-001
       -1.428300023078919
  -8.654999732971191E-001
       -1.295199990272522
       -1.756800055503845
       -1.801599979400635
  -2.804000079631805E-001
       -2.110199928283691
       -1.639199972152710
       -2.581399917602539
       -3.154999971389771
       -2.862400054931641
       -1.793099999427795
   2.001000046730042E-001
   1.738000065088272E-001
  -2.405000030994415E-001
  -7.788000106811523E-001
       -1.860100030899048
  -6.474000215530396E-001
   5.741999745368958E-001
        1.437100052833557
   7.274000048637390E-001
  -3.731999993324280E-001
  -4.697999954223633E-001
  -6.700999736785889E-001
       -1.087800025939941
       -2.209899902343750
       -1.238899946212769
       -1.624099969863892
       -2.720099925994873
       -3.044399976730347
       -3.373399972915649
       -2.287300109863281
       -1.678300023078919
       -1.430600047111511
       -1.997099995613098
       -1.603399991989136
  -6.330999732017517E-001
   6.236000061035156E-001
  -7.114999890327454E-001
  -1.691000014543533E-001
   8.249999880790710E-001
   5.979999899864197E-002
   9.099000096321106E-001
   6.944000124931335E-001
   8.999999761581421E-001
   6.280000209808350E-001
   6.554999947547913E-001
   1.753000020980835E-001
   3.091999888420105E-001
   3.601999878883362E-001
   4.796000123023987E-001
   8.862000107765198E-001
        1.591400027275085
        1.170699954032898
   7.149999737739563E-001
   9.430000185966492E-002
  -5.385000109672546E-001
   2.155999988317490E-001
       -1.659299969673157
       -1.039999961853027
  -8.981000185012817E-001
       -2.275899887084961
       -1.141199946403503
       -1.383700013160706
       -2.822499990463257
       -2.876199960708618
       -1.696799993515015
       -2.122200012207031
       -3.866699934005737
       -2.622200012207031
       -1.802600026130676
       -1.110200047492981
  -8.731999993324280E-001
   6.929000020027161E-001
  -1.567000001668930E-001
   2.199999988079071E-003
       -2.033099889755249
       -1.180299997329712
  -9.420999884605408E-001
   4.483999907970429E-001
   5.957000255584717E-001
   7.767000198364258E-001
       -1.082800030708313
  -5.835999846458435E-001
       -2.776299953460693
       -1.522099971771240
  -4.605000019073486E-001
  -9.489999711513519E-002
       -1.128700017929077
       -1.842000007629395
       -1.933599948883057
       -1.840999960899353
       -1.554600000381470
       -3.517899990081787
       -2.579400062561035
       -1.640100002288818
  -5.382999777793884E-001
   1.791000068187714E-001
  -9.495000243186951E-001
  -1.508000046014786E-001
  -5.809999704360962E-001
       -1.560400009155273
       -1.160300016403198
  -4.447999894618988E-001
   4.733000099658966E-001
   9.006000161170960E-001
   9.652000069618225E-001
   6.317999958992004E-001
        1.366199970245361
        1.393399953842163
   8.184000253677368E-001
   7.470999956130981E-001
   6.215000152587891E-001
   6.126999855041504E-001
   1.076000034809113E-001
  -7.709000110626221E-001
  -6.090999841690064E-001
  -8.406999707221985E-001
  -2.919999957084656E-001
  -6.126999855041504E-001
       -1.071400046348572
       -1.764400005340576
   5.857999920845032E-001
   5.285000205039978E-001
  -5.990000069141388E-002
       -2.759700059890747
       -1.929100036621094
   8.047999739646912E-001
       -4.252999782562256
       -1.726799964904785
   3.752999901771545E-001
  -2.915000021457672E-001
  -8.636000156402588E-001
   3.046000003814697E-001
  -9.448000192642212E-001
       -1.471899986267090
       -1.653599977493286
  -9.811999797821045E-001
  -7.674999833106995E-001
       -1.065700054168701
       -2.190500020980835
  -6.291999816894531E-001
       -1.133399963378906
  -5.475999712944031E-001
  -7.299000024795532E-001
       -2.056900024414063
  -7.670000195503235E-001
   2.019999921321869E-002
  -9.677000045776367E-001
  -8.550999760627747E-001
       -1.949000000953674
       -2.574100017547607
       -1.751700043678284
       -1.464499950408936
       -1.228000044822693
       -1.554499983787537
  -9.911000132560730E-001
  -9.581999778747559E-001
  -9.110999703407288E-001
   4.043000042438507E-001
       -1.719200015068054
       -1.241000056266785
  -9.149000048637390E-001
  -8.921999931335449E-001
  -2.340999990701675E-001
   6.704000234603882E-001
   4.505999982357025E-001
        1.912600040435791
        1.824399948120117
        2.675499916076660
        2.194000005722046
        2.513600111007690
   1.962999999523163E-001
  -1.614000052213669E-001
   5.415999889373779E-001
  -4.542999863624573E-001
       -1.378600001335144
       -1.022799968719482
       -1.326699972152710
       -2.145999908447266
   1.544999927282333E-001
        1.314000010490418
        2.166100025177002
        1.898399949073792
   2.079000025987625E-001
       -1.613999962806702
  -4.004999995231628E-001
  -1.181000024080277E-001
       -3.205100059509277
       -2.709599971771240
       -1.363499999046326
  -2.527000010013580E-001
   6.269999742507935E-001
  -6.069999933242798E-001
  -8.928999900817871E-001
       -1.928300023078919
  -9.211999773979187E-001
       -1.080199956893921
  -8.137999773025513E-001
  -9.983999729156494E-001
       -1.015599966049194
  -5.361999869346619E-001
       -1.718600034713745
       -2.834100008010864
       -1.201200008392334
   1.339999958872795E-002
  -5.178999900817871E-001
       -1.272099971771240
       -1.770300030708313
       -2.339200019836426
       -2.153599977493286
       -1.792099952697754
       -2.104099988937378
       -1.672000050544739
       -1.387599945068359
       -1.679200053215027
  -6.197999715805054E-001
       -1.887799978256226
       -1.543699979782105
       -1.187800049781799
       -1.118000030517578
       -1.733899950981140
   8.290000259876251E-002
       -1.113100051879883
   1.768999993801117E-001
   6.200000047683716E-001
   3.734000027179718E-001
        2.013600111007690
        2.355000019073486
   5.924999713897705E-001
        2.031300067901611
        4.130199909210205
        3.140000104904175
        2.121500015258789
        1.483500003814697
   3.788999915122986E-001
  -3.731000125408173E-001
       -1.508700013160706
       -3.759999990463257
       -4.231800079345703
  -9.559999704360962E-001
        1.219200015068054
        1.269600033760071
        2.021500110626221
   2.869000136852264E-001
  -3.619999885559082E-001
  -1.092000007629395E-001
        1.378700017929077
       -1.714400053024292
  -9.650999903678894E-001
       -2.255700111389160
   1.187999993562698E-001
  -1.304000020027161E-001
       -1.040099978446960
       -2.309299945831299
       -1.924499988555908
  -9.315999746322632E-001
       -1.441599965095520
   1.270000040531158E-001
  -6.168000102043152E-001
  -6.847000122070313E-001
       -1.331500053405762
       -1.976099967956543
       -2.432199954986572
   2.067999988794327E-001
   3.292999863624573E-001
  -7.119999825954437E-002
       -1.949100017547607
       -2.949599981307983
       -1.966300010681152
       -1.625200033187866
  -7.743999958038330E-001
  -5.066999793052673E-001
       -1.968799948692322
  -8.878999948501587E-001
       -1.071499943733215
       -1.283300042152405
       -1.164899945259094
       -1.609300017356873
  -9.379000067710877E-001
  -3.230000138282776E-001
   9.589999914169312E-002
  -3.864000141620636E-001
   4.465999901294708E-001
       -1.307999968528748
   5.713000297546387E-001
   7.724999785423279E-001
        1.734899997711182
        2.921700000762940
        1.639700055122376
        3.434900045394898
        3.921400070190430
        4.551099777221680
        2.578200101852417
  -1.815000027418137E-001
  -4.548999965190888E-001
       -1.247200012207031
       -3.626100063323975
       -3.698299884796143
       -2.375799894332886
  -3.116999864578247E-001
        1.297500014305115
        1.421000003814697
   7.548000216484070E-001
   2.230000048875809E-001
        1.177600026130676
   1.054999977350235E-001
   5.393000245094299E-001
       -1.339800000190735
  -8.737000226974487E-001
  -2.140000015497208E-001
       -1.176699995994568
  -4.864999949932098E-001
  -6.728000044822693E-001
       -2.218100070953369
       -1.944800019264221
       -1.254400014877319
       -1.250399947166443
  -7.613000273704529E-001
  -5.339999794960022E-001
   5.756999850273132E-001
  -7.473999857902527E-001
  -5.885000228881836E-001
       -1.061100006103516
   4.142999947071075E-001
   1.823000013828278E-001
  -6.521999835968018E-001
  -8.023999929428101E-001
       -1.072999954223633
  -5.349000096321106E-001
  -4.961999952793121E-001
       -1.125000000000000
       -1.289000034332275
   8.454999923706055E-001
   8.119000196456909E-001
  -2.930000051856041E-002
       -2.826400041580200
       -1.411800026893616
  -3.620000183582306E-002
   8.100000023841858E-001
        1.457499980926514
   9.154999852180481E-001
   6.927000284194946E-001
  -4.330999851226807E-001
  -7.508999705314636E-001
   7.497000098228455E-001
        1.411200046539307
   9.575999975204468E-001
        2.148600101470947
        3.989599943161011
        3.194999933242798
        3.726099967956543
        4.494400024414063
        2.463799953460693
       -1.152799963951111
       -1.620900034904480
       -1.239500045776367
       -2.512200117111206
       -2.205399990081787
       -1.031200051307678
  -7.511000037193298E-001
        1.671100020408630
   8.755999803543091E-001
   5.547999739646912E-001
  -3.596999943256378E-001
       -1.280400037765503
   4.467000067234039E-001
   5.085999965667725E-001
  -3.443000018596649E-001
   1.169999968260527E-002
   3.644999861717224E-001
  -4.537000060081482E-001
       -1.671200037002564
       -4.477600097656250
       -3.169399976730347
       -2.141499996185303
       -3.278300046920776
       -1.893700003623962
       -1.686300039291382
  -3.321000039577484E-001
  -8.916000127792358E-001
  -5.485000014305115E-001
  -4.025000035762787E-001
   3.640000149607658E-002
   5.403000116348267E-001
   7.555000185966492E-001
        1.727499961853027
   8.210999965667725E-001
  -3.201000094413757E-001
   7.346000075340271E-001
  -6.335999965667725E-001
  -6.227999925613403E-001
  -6.438000202178955E-001
       -1.259099960327148
   4.706000089645386E-001
        1.182000041007996
   4.244000017642975E-001
  -4.580000042915344E-001
        1.834200024604797
        2.601599931716919
        1.243999958038330
        1.338700056076050
        1.868899941444397
   5.112000107765198E-001
   4.338999986648560E-001
   2.511000037193298E-001
        1.013299942016602
   8.353000283241272E-001
        2.272799968719482
        3.142400026321411
        3.275399923324585
        2.831000089645386
        1.815099954605103
        1.897400021553040
  -1.500999927520752E-001
       -1.758700013160706
       -1.488600015640259
  -7.612000107765198E-001
  -9.481999874114990E-001
  -8.389000296592712E-001
   1.735000014305115E-001
        1.345600008964539
   6.359999775886536E-001
   8.180000185966492E-001
       -1.479699969291687
       -1.721899986267090
       -1.255200028419495
   3.570000082254410E-002
  -2.188999950885773E-001
   3.449999988079071E-001
  -4.363000094890595E-001
       -1.169899940490723
       -2.516700029373169
       -2.749500036239624
       -2.615000009536743
       -2.151799917221069
  -1.659999936819077E-001
  -5.447999835014343E-001
  -3.695000112056732E-001
  -8.600999712944031E-001
       -2.262500047683716
       -1.018000006675720
  -4.149000048637390E-001
        1.039899945259094
        1.142699956893921
   8.798000216484070E-001
        2.413899898529053
   8.731999993324280E-001
  -3.959999978542328E-002
        1.200399994850159
   8.392000198364258E-001
   8.174999952316284E-001
  -1.298000067472458E-001
  -3.125999867916107E-001
   2.149000018835068E-001
   7.912999987602234E-001
        1.427299976348877
        1.608700037002564
        1.218500018119812
        2.462599992752075
        2.257299900054932
        1.116099953651428
        1.587299942970276
   1.366000026464462E-001
        1.332999944686890
   9.136000275611877E-001
  -2.401999980211258E-001
  -7.968999743461609E-001
        2.127700090408325
        2.521199941635132
        2.307399988174439
   8.740000128746033E-001
   7.052000164985657E-001
   6.309999823570252E-001
  -5.861999988555908E-001
       -1.878299951553345
  -5.518000125885010E-001
       -1.412899971008301
       -1.779199957847595
  -2.111999988555908E-001
   3.066999912261963E-001
        1.071200013160706
   8.823999762535095E-001
   3.020000085234642E-002
  -6.610000133514404E-001
       -2.292700052261353
       -1.273399949073792
  -5.429999828338623E-001
  -9.302999973297119E-001
  -5.307999849319458E-001
       -1.207800030708313
       -1.302999973297119
       -2.413899898529053
       -1.031200051307678
  -9.338999986648560E-001
       -2.346999883651733
  -5.256000161170960E-001
  -1.083000004291534E-001
       -1.474099993705750
   1.111000031232834E-001
   9.671999812126160E-001
  -3.170000016689301E-001
   8.690000325441361E-002
   5.959999933838844E-002
        1.069200038909912
   8.367000222206116E-001
        1.889999985694885
        1.344599962234497
        1.221699953079224
   9.842000007629395E-001
  -3.309000134468079E-001
   9.007999897003174E-001
  -7.939000129699707E-001
   5.843999981880188E-001
   4.190999865531921E-001
  -6.211000084877014E-001
   8.148000240325928E-001
        1.223899960517883
        1.457100033760071
        2.934299945831299
        1.940199971199036
   7.195000052452087E-001
        1.902699947357178
        2.102799892425537
        1.233100056648254
        1.596600055694580
        1.052000045776367
   2.143000066280365E-001
  -6.140000000596046E-002
        1.489099979400635
        1.893399953842163
        1.549999952316284
  -3.907999992370606E-001
   5.001000165939331E-001
  -3.285999894142151E-001
       -1.172199964523315
  -1.334999948740006E-001
   8.550000190734863E-001
   4.208999872207642E-001
  -7.843999862670898E-001
   4.343000054359436E-001
  -7.789999991655350E-002
   5.674999952316284E-001
   9.830999970436096E-001
  -1.140000019222498E-002
       -1.397799968719482
       -2.194700002670288
       -2.015199899673462
       -1.654500007629395
  -9.842000007629395E-001
       -1.376899957656860
       -2.693700075149536
       -1.468299984931946
       -1.484799981117249
  -6.692000031471252E-001
   4.469000101089478E-001
        1.035099983215332
  -2.395000010728836E-001
  -6.144000291824341E-001
  -7.069999724626541E-002
        3.873600006103516
        2.809099912643433
   7.268999814987183E-001
   3.273000121116638E-001
   5.430999994277954E-001
   6.251000165939331E-001
        1.011299967765808
        2.220900058746338
        1.010499954223633
        2.213500022888184
        2.332999944686890
        2.257999897003174
        1.838000059127808
        1.437100052833557
   7.904000282287598E-001
  -1.659999936819077E-001
   5.694000124931335E-001
   4.866000115871429E-001
  -1.354999989271164E-001
        1.887799978256226
        2.090600013732910
        1.829399943351746
        1.638200044631958
   3.973999917507172E-001
        1.466099977493286
        1.812199950218201
   7.003999948501587E-001
  -8.910000324249268E-002
   5.625000000000000E-001
  -7.523000240325928E-001
   6.966000199317932E-001
        1.130699992179871
       -1.124500036239624
  -3.377000093460083E-001
   4.562999904155731E-001
  -8.313000202178955E-001
   4.643999934196472E-001
   8.839999884366989E-002
       -1.573799967765808
  -5.187000036239624E-001
  -5.843999981880188E-001
   2.019000053405762E-001
   1.350000053644180E-001
  -6.334999799728394E-001
   2.319999933242798E-001
       -1.137500047683716
       -1.458999991416931
       -1.601500034332275
       -2.200099945068359
       -2.311599969863892
       -1.969799995422363
       -2.348500013351440
       -1.047700047492981
  -9.205999970436096E-001
       -1.197199940681458
   2.293000072240830E-001
        1.570399999618530
        1.033699989318848
        1.089599967002869
        2.564699888229370
        3.559400081634522
        2.469599962234497
  -2.419999986886978E-002
  -1.766999959945679E-001
   4.745999872684479E-001
        2.170500040054321
        2.455300092697144
        1.550199985504150
        1.394000053405762
        1.722399950027466
        2.779400110244751
        2.010999917984009
        2.718800067901611
        2.937099933624268
        2.726099967956543
        1.490900039672852
        2.505899906158447
        1.395400047302246
        1.884600043296814
        1.911000013351440
        1.232699990272522
   5.475999712944031E-001
   6.304000020027161E-001
        2.474499940872192
        1.683599948883057
        2.224999904632568
        1.296900033950806
   7.134000062942505E-001
        1.392799973487854
        1.317700028419495
   7.412999868392944E-001
        1.089599967002869
        1.177999973297119
        2.371999979019165
  -3.265999853610992E-001
       -1.667299985885620
       -1.289999961853027
       -1.465299963951111
  -9.095000028610230E-001
       -1.155599951744080
  -5.763999819755554E-001
        1.260100007057190
        1.745399951934815
        1.389700055122376
  -3.400000184774399E-002
   5.110000073909760E-002
       -1.342499971389771
   6.030000001192093E-002
       -2.820899963378906
       -2.747200012207031
       -1.321799993515015
       -1.525099992752075
       -1.945099949836731
  -7.523999810218811E-001
       -1.052600026130676
   7.947999835014343E-001
        3.554800033569336
        4.236400127410889
        3.353399991989136
        4.053599834442139
        3.538700103759766
        2.843499898910523
        2.392600059509277
        1.838500022888184
        2.553900003433228
        2.055799961090088
        1.630200028419495
        1.743499994277954
        1.813699960708618
        1.405400037765503
        1.812500000000000
        1.585600018501282
        2.051399946212769
        2.561300039291382
        3.286200046539307
        3.610699892044067
        1.309800028800964
   4.841000139713287E-001
        1.894600033760071
        1.689800024032593
   5.314999818801880E-001
   6.862999796867371E-001
        1.576200008392334
  -3.373000025749207E-001
        1.846699953079224
        2.579900026321411
        1.610100030899048
        1.351699948310852
        2.061800003051758
   4.343999922275543E-001
   9.708999991416931E-001
        3.002399921417236
        2.597100019454956
        4.071599960327148
        1.054800033569336
   2.178999930620194E-001
  -4.334999918937683E-001
       -1.370200037956238
  -8.456000089645386E-001
  -4.318000078201294E-001
       -1.640599966049194
        1.218799948692322
   9.922999739646912E-001
  -3.134000003337860E-001
       -1.012699961662293
  -4.948000013828278E-001
  -5.310999751091003E-001
   5.282999873161316E-001
       -1.673200011253357
       -1.539399981498718
  -1.745000034570694E-001
       -1.789899945259094
  -6.266000270843506E-001
   9.512000083923340E-001
        1.956599950790405
        1.538499951362610
        3.431999921798706
        4.583000183105469
        3.609299898147583
        3.314899921417236
        3.968899965286255
        3.895299911499023
        2.356400012969971
        2.224499940872192
        2.189199924468994
        2.482700109481812
        2.199100017547607
        1.991400003433228
        1.063300013542175
   8.998000025749207E-001
        2.125900030136108
        2.056400060653687
        1.309200048446655
        3.273400068283081
        3.226500034332275
        3.057100057601929
   7.132999897003174E-001
        1.128000020980835
   1.325999945402145E-001
        1.450999975204468
        2.243499994277954
        2.248300075531006
        2.556400060653687
        1.402999997138977
        1.717700004577637
        3.067899942398071
        1.508200049400330
        1.672299981117249
        1.423699975013733
        2.802999973297119
        1.714400053024292
        2.148499965667725
        1.780300021171570
        1.651499986648560
        1.698500037193298
   2.360000014305115E-001
  -4.616000056266785E-001
       -1.837599992752075
  -8.264999985694885E-001
       -1.477499961853027
       -1.646499991416931
  -3.255999982357025E-001
  -1.272000074386597E-001
  -1.449999958276749E-002
   7.190000265836716E-002
  -3.296999931335449E-001
  -2.340999990701675E-001
   3.571999967098236E-001
   2.522000074386597E-001
   7.526000142097473E-001
   3.999999898951501E-004
   9.212999939918518E-001
        2.322200059890747
        1.617300033569336
        3.491400003433228
        2.511399984359741
        2.586899995803833
        5.109600067138672
        5.048399925231934
        4.033800125122070
        4.709499835968018
        4.596399784088135
        3.063199996948242
        2.209399938583374
        1.548099994659424
        1.489699959754944
        1.946300029754639
        2.026000022888184
        1.871099948883057
        1.461099982261658
        4.044099807739258
        2.643599987030029
        2.192600011825562
        1.992499947547913
        2.980900049209595
        2.441999912261963
        1.959599971771240
   3.068999946117401E-001
   6.265000104904175E-001
        3.401700019836426
        3.689500093460083
        3.023600101470947
        1.141600012779236
        1.091599941253662
        2.638600111007690
        3.496200084686279
        1.896700024604797
  -3.574999868869782E-001
   9.131000041961670E-001
        1.410400032997131
        2.141000032424927
        1.595600008964539
   3.995999991893768E-001
   6.240000128746033E-001
   1.720000058412552E-002
  -2.820999920368195E-001
  -7.648000121116638E-001
       -1.294399976730347
       -1.439000010490418
       -1.560500025749207
       -1.581699967384338
       -1.494099974632263
  -6.187999844551086E-001
  -3.896000087261200E-001
   1.132000014185906E-001
   4.693999886512756E-001
  -3.411999940872192E-001
   1.544999927282333E-001
   8.332999944686890E-001
        1.582599997520447
   3.515999913215637E-001
        1.433599948883057
        3.180500030517578
        3.196000099182129
        3.036700010299683
        3.008899927139282
        3.441600084304810
        3.721699953079224
        2.923199892044067
        3.580399990081787
        4.752099990844727
        4.044700145721436
        2.947299957275391
        2.840100049972534
        4.358699798583984
        1.438799977302551
        1.761899948120117
        1.914700031280518
        2.825200080871582
        3.325599908828735
        3.905100107192993
        3.701499938964844
        2.716000080108643
        2.577399969100952
        2.983200073242188
        3.356300115585327
        2.226599931716919
        1.845600008964539
        1.211500048637390
        3.506799936294556
        4.433400154113770
        2.998100042343140
        1.562199950218201
        3.246400117874146
        3.799900054931641
        2.061000108718872
        1.062399983406067
   2.221000045537949E-001
  -8.781999945640564E-001
   1.932999938726425E-001
   3.555000126361847E-001
  -7.985000014305115E-001
  -3.519999980926514E-001
        1.194900035858154
        1.210100054740906
  -2.134000062942505E-001
        1.042999982833862
   8.130999803543091E-001
  -5.034000277519226E-001
       -1.331200003623962
       -1.932500004768372
  -5.910000205039978E-001
  -9.190000295639038E-001
  -7.317000031471252E-001
       -1.140100002288818
  -5.529999732971191E-001
   3.470999896526337E-001
  -5.451999902725220E-001
   3.555999994277954E-001
        1.268300056457520
   5.722000002861023E-001
        2.239900112152100
        2.687799930572510
        3.097199916839600
        3.741699934005737
        3.300800085067749
        3.540400028228760
        5.589000225067139
        3.275599956512451
        2.440200090408325
        2.953500032424927
        2.224600076675415
        2.273000001907349
        2.650599956512451
        3.376399993896484
        2.997699975967407
        3.575500011444092
        3.545300006866455
        3.318300008773804
        4.581900119781494
        3.434700012207031
        2.522599935531616
        1.337800025939941
        2.939199924468994
        3.336699962615967
        4.583099842071533
        1.648599982261658
        1.562199950218201
        2.565299987792969
        3.196599960327148
        3.099200010299683
        4.311900138854981
        4.324200153350830
        3.699500083923340
        2.165999889373779
        1.331300020217896
  -3.727000057697296E-001
       -1.115700006484985
   5.285999774932861E-001
       -1.734200000762940
  -6.844999790191650E-001
  -6.003999710083008E-001
   1.040000021457672E-001
   9.258000254631043E-001
        1.082299947738648
        1.152300000190735
        1.567299962043762
   9.110000133514404E-001
        1.458799958229065
  -8.215000033378601E-001
  -5.088999867439270E-001
        1.421100020408630
  -4.237999916076660E-001
  -4.097000062465668E-001
       -1.766600012779236
   3.222000002861023E-001
   6.701999902725220E-001
   7.232000231742859E-001
   7.781999707221985E-001
        1.311400055885315
   2.256000041961670E-001
   9.919000267982483E-001
        1.677899956703186
        2.400399923324585
        1.820799946784973
        2.678100109100342
        4.024400234222412
        4.690400123596191
        3.281500101089478
        2.328299999237061
        2.444400072097778
        1.339900016784668
   8.357999920845032E-001
   8.946999907493591E-001
        2.046999931335449
        3.134900093078613
        2.789000034332275
        2.746299982070923
        3.678299903869629
        3.512399911880493
        2.277699947357178
        1.726699948310852
        3.537199974060059
        2.858900070190430
        3.339999914169312
        2.272300004959106
        2.369100093841553
        3.376699924468994
        2.709300041198731
        2.987200021743774
        3.575700044631958
        4.856900215148926
        3.035200119018555
        3.790899991989136
        1.137599945068359
   3.551000058650971E-001
   1.256999969482422E-001
       -1.324100017547607
   1.856999993324280E-001
  -8.888000249862671E-001
   1.260000020265579E-001
   2.800000011920929E-001
   6.340000033378601E-001
   8.162000179290772E-001
   5.620999932289124E-001
        1.585000038146973
        1.167400002479553
   7.819999754428864E-002
        1.934299945831299
   8.672000169754028E-001
  -3.750000149011612E-002
   4.609000086784363E-001
  -1.947000026702881E-001
  -3.014000058174133E-001
   1.812999993562698E-001
        1.488199949264526
  -3.860000073909760E-001
        1.134500026702881
  -3.799999877810478E-002
  -4.943000078201294E-001
  -3.940000012516975E-002
   7.114999890327454E-001
   3.060000017285347E-002
        1.332999944686890
        2.102200031280518
        2.713700056076050
        3.803900003433228
        4.572100162506104
        3.686000108718872
        2.302299976348877
        2.788100004196167
        2.549499988555908
        2.278800010681152
   9.682999849319458E-001
        1.102599978446960
        3.012500047683716
        3.049200057983398
        2.309499979019165
        3.093699932098389
        3.654700040817261
        2.668900012969971
   9.082999825477600E-001
        2.954900026321411
        4.001200199127197
        2.646699905395508
        2.655800104141235
        1.058099985122681
        3.641599893569946
        4.199399948120117
        4.159399986267090
        2.645900011062622
        4.615799903869629
        3.509599924087524
        2.013200044631958
   2.755999863147736E-001
        1.485800027847290
  -7.409999966621399E-001
  -2.892000079154968E-001
       -1.704599976539612
       -2.403199911117554
  -5.978000164031982E-001
  -4.429000020027161E-001
   7.053999900817871E-001
        2.290999889373779
        3.408400058746338
        2.016400098800659
  -4.440000057220459E-001
   1.127000004053116E-001
   6.736000180244446E-001
   5.120999813079834E-001
   2.226999998092651E-001
  -1.238999962806702E-001
   3.720000013709068E-002
        1.015300035476685
  -7.188000082969666E-001
  -1.233000010251999E-001
  -7.167999744415283E-001
  -2.286999970674515E-001
   2.714000046253204E-001
   2.319999970495701E-002
   4.162999987602234E-001
        2.943599939346314
        1.956200003623962
        1.524899959564209
        2.784100055694580
        3.221100091934204
        2.880800008773804
        2.884599924087524
        2.867399930953980
        2.084100008010864
   6.309000253677368E-001
   4.300000146031380E-003
        1.649500012397766
   9.664999842643738E-001
        1.532600045204163
        2.649199962615967
        2.942100048065186
        2.442100048065186
        2.240099906921387
   9.502000212669373E-001
        1.172000050544739
  -3.528999984264374E-001
   7.311000227928162E-001
   8.888000249862671E-001
        1.476199984550476
        2.315999984741211
        1.623999953269959
        3.115299940109253
        3.665999889373779
        4.679299831390381
        4.501900196075440
        4.187799930572510
        3.117500066757202
        1.908599972724915
   3.599999845027924E-002
   9.719999879598618E-002
       -1.394700050354004
       -1.652199983596802
       -2.482100009918213
       -2.818300008773804
       -1.818699955940247
       -1.589499950408936
   4.040000140666962E-001
        1.279800057411194
        2.794800043106079
        2.409699916839600
        1.200700044631958
        1.845499992370606
   6.310999989509583E-001
   3.989000022411346E-001
   2.189999967813492E-001
   2.818000018596649E-001
  -5.771999955177307E-001
       -1.391600012779236
       -1.289899945259094
  -8.493999838829041E-001
       -2.340399980545044
       -2.318399906158447
        1.271299958229065
        1.603000044822693
   5.389000177383423E-001
        1.615700006484985
        1.881999969482422
        2.737200021743774
        2.467200040817261
        2.796400070190430
        3.382499933242798
        3.127000093460083
        2.825599908828735
   6.855999827384949E-001
  -1.789000034332275E-001
   7.889000177383423E-001
        1.548900008201599
        1.598600029945374
        1.402799963951111
        2.109800100326538
        2.130100011825562
        2.134999990463257
        1.305799961090088
        1.249500036239624
   3.086000084877014E-001
   8.209999650716782E-002
   8.378000259399414E-001
   9.980000257492065E-001
        1.960199952125549
   5.985000133514404E-001
   2.069000005722046E-001
        3.409800052642822
        2.738199949264526
        3.999399900436401
        4.258399963378906
        3.539999961853027
        2.355499982833862
   8.870999813079834E-001
        1.318400025367737
       -1.297799944877625
       -1.800899982452393
       -1.361299991607666
       -2.036999940872192
       -3.204400062561035
       -1.797600030899048
       -1.034199953079224
   1.749999970197678E-001
        1.459400057792664
        2.930799961090088
        1.686100006103516
   1.917999982833862E-001
   8.632000088691711E-001
  -6.889999657869339E-002
  -9.566000103950501E-001
   1.567000001668930E-001
       -1.274399995803833
  -4.629000127315521E-001
       -1.144299983978272
  -4.302999973297119E-001
  -9.894000291824341E-001
       -1.235599994659424
       -1.336400032043457
        1.148000001907349
        1.994899988174439
        2.540600061416626
        1.188199996948242
        1.702900052070618
        2.689399957656860
        3.536000013351440
        3.042599916458130
        2.444400072097778
        2.625999927520752
        1.977599978446960
        2.275899887084961
        1.071499943733215
   7.427999973297119E-001
  -1.118000000715256E-001
        1.851500034332275
        2.997600078582764
   6.707000136375427E-001
   8.508999943733215E-001
        1.478399991989136
        1.957399964332581
  -6.510999798774719E-001
       -1.181300044059753
  -3.977999985218048E-001
       -1.770400047302246
  -1.949000060558319E-001
        1.622900009155273
   1.559000015258789E-001
        1.004899978637695
        1.955899953842163
        1.771999955177307
        2.356899976730347
        2.878000020980835
        2.789700031280518
        2.174000024795532
        1.363000035285950
   9.304000139236450E-001
   6.047999858856201E-001
       -1.982499957084656
       -1.731899976730347
       -1.572100043296814
       -1.018100023269653
  -6.694999933242798E-001
       -1.439299941062927
        1.164999961853027
        2.164299964904785
        2.540800094604492
        1.010100007057190
   3.984999954700470E-001
   6.800000071525574E-001
   2.020000070333481E-001
  -8.046000003814697E-001
   1.061000004410744E-001
       -1.055400013923645
       -2.032099962234497
       -1.544299960136414
       -1.122699975967407
  -7.102000117301941E-001
  -3.409000039100647E-001
  -4.609000086784363E-001
        3.043999910354614
        2.230999946594238
        1.450500011444092
   6.313999891281128E-001
   2.876999974250794E-001
        1.013499975204468
        2.798700094223023
        2.822700023651123
        3.044899940490723
        3.638600111007690
        2.105299949645996
        1.688300013542175
        1.079200029373169
   9.679999947547913E-002
   3.291000127792358E-001
  -1.543000042438507E-001
   9.120000004768372E-001
   7.325000166893005E-001
        1.645599961280823
        2.058099985122681
        1.524899959564209
   7.680000364780426E-002
       -2.331300020217896
       -2.548099994659424
       -3.201499938964844
       -2.605299949645996
   1.317999958992004E-001
   5.048999786376953E-001
        1.430099964141846
   5.820000171661377E-001
        1.870499968528748
        2.053100109100342
        3.729599952697754
        1.154700040817261
        1.944100022315979
   4.316999912261963E-001
   3.999999910593033E-002
   5.277000069618225E-001
       -1.304700016975403
       -3.005300045013428
       -1.817700028419495
   3.183999955654144E-001
  -4.232000112533569E-001
   8.489999771118164E-001
        1.147899985313416
        2.686300039291382
        2.823299884796143
   2.892999947071075E-001
   6.327000260353088E-001
   5.738999843597412E-001
        2.182300090789795
  -1.128000020980835E-001
  -7.555000185966492E-001
       -1.543400049209595
       -1.806800007820129
       -2.284600019454956
       -2.799999952316284
  -9.344000220298767E-001
   1.986999958753586E-001
   7.370000332593918E-002
        1.173200011253357
   1.640000008046627E-002
  -8.324000239372253E-001
   9.936000108718872E-001
       -2.035599946975708
  -8.626999855041504E-001
        1.622799992561340
        2.251800060272217
        2.186100006103516
        2.254600048065186
        1.192700028419495
        1.159100055694580
  -5.840000137686729E-002
  -5.469999909400940E-001
       -2.141099929809570
       -1.185199975967407
  -1.695999950170517E-001
   2.278999984264374E-001
   3.592000007629395E-001
        1.544499993324280
   5.069000124931335E-001
  -7.712000012397766E-001
       -1.637899994850159
       -1.366999983787537
       -2.354799985885620
       -2.056699991226196
       -1.549399971961975
   3.115999996662140E-001
  -5.629999935626984E-002
  -1.780000030994415E-001
        1.355599999427795
        2.714699983596802
        3.087699890136719
        3.176899909973145
        3.476599931716919
        2.154299974441528
        1.130100011825562
   6.798999905586243E-001
  -7.572000026702881E-001
  -9.351000189781189E-001
  -8.802000284194946E-001
  -7.663999795913696E-001
   2.214999943971634E-001
   8.120999932289124E-001
        1.342200040817261
        2.801899909973145
        1.957299947738648
   6.927999854087830E-001
        1.668499946594238
        1.909999966621399
        2.855000019073486
        2.328900098800659
   4.481000006198883E-001
       -1.004699945449829
       -1.903900027275085
       -2.768599987030029
       -2.463000059127808
       -1.121299982070923
       -1.183699965476990
  -3.364999890327454E-001
   9.426000118255615E-001
       -1.811900019645691
       -1.977399945259094
  -9.833999872207642E-001
       -2.418900012969971
       -2.060300111770630
  -6.090000271797180E-001
        1.885900020599365
   6.945000290870667E-001
   7.972000241279602E-001
   4.014999866485596E-001
   1.889999955892563E-002
       -1.185799956321716
       -1.510800004005432
   5.619000196456909E-001
   7.922999858856201E-001
       -1.656299948692322
        1.363000035285950
   5.782999992370606E-001
   6.219000220298767E-001
   5.806999802589417E-001
  -1.641999930143356E-001
  -9.560999870300293E-001
  -9.246000051498413E-001
       -1.869400024414063
  -4.110000133514404E-001
   4.500000178813934E-002
   3.599999938160181E-003
       -1.214100003242493
       -2.219199895858765
   1.133000031113625E-001
        3.074700117111206
        2.024199962615967
   5.960000157356262E-001
        2.880599975585938
        2.507800102233887
        2.184499979019165
  -2.746999859809876E-001
   7.750000059604645E-002
  -4.472000002861023E-001
   4.074999988079071E-001
  -2.286999970674515E-001
   7.871999740600586E-001
   3.966999948024750E-001
  -5.514000058174133E-001
   6.798999905586243E-001
   3.492999970912933E-001
        2.202800035476685
        1.845100045204163
        1.241799950599670
        1.588700056076050
        1.266899943351746
   9.505000114440918E-001
   5.658000111579895E-001
  -5.601000189781189E-001
       -2.404299974441528
       -3.178499937057495
       -1.748900055885315
  -8.384000062942505E-001
        1.464200019836426
        1.197299957275391
   3.046000003814697E-001
       -1.943199992179871
       -2.199100017547607
       -2.403100013732910
       -1.693799972534180
   2.245000004768372E-001
   9.679999947547913E-002
  -2.180999964475632E-001
  -8.597000241279602E-001
  -2.820999920368195E-001
  -7.997000217437744E-001
  -7.598000168800354E-001
       -1.205199956893921
        1.480700016021729
        1.065400004386902
   8.237000107765198E-001
        1.121000051498413
  -5.877000093460083E-001
        1.849300026893616
  -1.518000066280365E-001
   4.630000144243240E-002
  -6.463000178337097E-001
       -1.412600040435791
  -5.579999834299088E-002
   1.098000034689903E-001
        1.662299990653992
   9.373000264167786E-001
  -5.799999833106995E-001
  -2.820000052452087E-001
   6.222000122070313E-001
        1.122400045394898
  -5.167999863624573E-001
   5.202999711036682E-001
  -3.192000091075897E-001
   7.325000166893005E-001
   7.322000265121460E-001
        1.243299961090088
   8.878999948501587E-001
   5.070999860763550E-001
   5.432999730110169E-001
  -4.079999923706055E-001
   3.570000082254410E-002
       -1.421900033950806
  -8.374999761581421E-001
   7.063000202178955E-001
   3.551000058650971E-001
        1.510499954223633
  -5.849000215530396E-001
   2.642000019550324E-001
        1.241299986839294
   1.830000057816505E-002
   4.239000082015991E-001
  -1.500000059604645E-001
  -8.100000210106373E-003
  -7.207999825477600E-001
       -2.205800056457520
       -2.986999988555908
  -2.497999966144562E-001
   3.961000144481659E-001
        1.315899968147278
   5.187000036239624E-001
       -1.093400001525879
  -4.341999888420105E-001
       -1.082399964332581
  -8.163999915122986E-001
  -1.933999955654144E-001
   7.370000332593918E-002
   7.660999894142151E-001
   4.072999954223633E-001
  -1.618999987840653E-001
   2.402999997138977E-001
       -1.298699975013733
  -6.653000116348267E-001
        1.276399970054627
        1.146000027656555
  -1.450999975204468E-001
  -3.265999853610992E-001
   3.296999931335449E-001
        1.183799982070923
   6.197000145912170E-001
   1.944999992847443E-001
  -1.823000013828278E-001
   2.739999890327454E-001
   6.972000002861023E-001
        2.415899991989136
        2.222899913787842
        1.319200038909912
   6.980999708175659E-001
  -3.339999914169312E-001
  -4.250000044703484E-002
   1.973000019788742E-001
   1.014000028371811E-001
   2.379000037908554E-001
       -1.035500049591065
  -9.126999974250794E-001
  -9.210000187158585E-002
   2.096000015735626E-001
   4.781000018119812E-001
   4.569000005722046E-001
   2.434999942779541E-001
       -1.005100011825562
  -9.470000267028809E-001
  -3.930000066757202E-001
  -4.891999959945679E-001
  -6.446999907493591E-001
   2.169000059366226E-001
   4.575000107288361E-001
   6.388000249862671E-001
  -2.822000086307526E-001
   6.574000120162964E-001
   1.504999995231628E-001
   3.431999981403351E-001
  -5.267000198364258E-001
       -1.777500033378601
       -1.186599969863892
       -1.963899970054627
       -2.002000093460083
  -6.815999746322632E-001
  -6.022999882698059E-001
        1.140699982643127
        1.304800033569336
        1.412999987602234
   9.508000016212463E-001
        1.237800002098084
   2.495000064373016E-001
  -1.955000013113022E-001
        1.010499954223633
   8.999999761581421E-001
   5.380000174045563E-002
   3.603999912738800E-001
  -5.081999897956848E-001
       -2.176800012588501
  -8.618999719619751E-001
  -3.928000032901764E-001
       -1.040300011634827
  -1.156999990344048E-001
   3.619000017642975E-001
   7.595000267028809E-001
   8.598999977111816E-001
   9.230999946594238E-001
        1.431599974632263
        1.126500010490418
   8.657000064849854E-001
        1.010400056838989
        1.632500052452087
        3.171600103378296
        2.849699974060059
   4.593999981880188E-001
   4.339999854564667E-001
        1.644600033760071
        1.874899983406067
        1.031399965286255
   5.200000107288361E-002
  -5.566999912261963E-001
       -1.227300047874451
       -1.241400003433228
  -2.198999971151352E-001
   3.668000102043152E-001
  -2.483000010251999E-001
       -1.033699989318848
       -1.347900032997131
       -1.745399951934815
  -9.253000020980835E-001
   4.492999911308289E-001
  -7.263000011444092E-001
   3.542000055313110E-001
  -4.747999906539917E-001
  -8.098999857902527E-001
   7.059999704360962E-001
        1.845600008964539
        1.643700003623962
   8.381000161170960E-001
   4.648000001907349E-001
   8.115000128746033E-001
   6.437000036239624E-001
   4.040000140666962E-001
       -1.305699944496155
   4.260999858379364E-001
        1.454399943351746
        2.933500051498413
        1.084800004959106
        1.880200028419495
        1.256399989128113
        2.024399995803833
  -3.629999980330467E-002
   3.880000114440918E-002
   7.616999745368958E-001
        2.741199970245361
   2.396000027656555E-001
   4.420999884605408E-001
  -4.887000024318695E-001
  -9.501000046730042E-001
       -1.739699959754944
  -8.618999719619751E-001
       -1.082900047302246
   4.990000128746033E-001
   2.498999983072281E-001
   2.531999945640564E-001
   6.657000184059143E-001
   5.584999918937683E-001
   1.884000003337860E-001
   9.039000272750855E-001
   3.291000127792358E-001
   3.032999932765961E-001
   9.286000132560730E-001
        2.549299955368042
        2.194499969482422
        1.141700029373169
   2.567999958992004E-001
   3.267999887466431E-001
   9.529999643564224E-002
   5.234000086784363E-001
   4.030000045895577E-002
  -1.395000070333481E-001
  -4.943999946117401E-001
       -1.625599980354309
  -3.037000000476837E-001
   2.392999976873398E-001
       -1.557299971580505
       -1.488100051879883
       -1.497499942779541
       -2.276299953460693
   1.125999987125397E-001
  -3.418999910354614E-001
   1.299999952316284E-001
  -6.080000102519989E-002
   6.948999762535095E-001
   1.240999996662140E-001
        1.827399969100952
        2.801199913024902
        2.180799961090088
   6.930000185966492E-001
   1.590999960899353E-001
   8.106999993324280E-001
   8.184000253677368E-001
        1.556399941444397
   3.264999985694885E-001
   9.056000113487244E-001
        1.592300057411194
   9.236999750137329E-001
        1.222900032997131
   5.605999827384949E-001
   3.756000101566315E-001
   3.325000107288361E-001
   9.580000042915344E-001
        2.420399904251099
        1.981299996376038
        2.152199983596802
   5.957999825477600E-001
   7.242000102996826E-001
        1.886899948120117
   1.510000042617321E-002
  -6.776000261306763E-001
  -2.462999969720841E-001
   7.199999690055847E-002
   5.156999826431274E-001
   7.465000152587891E-001
  -1.407999992370606E-001
   6.852999925613403E-001
        1.356799960136414
  -3.628999888896942E-001
  -4.314999878406525E-001
  -3.299999982118607E-002
   8.001999855041504E-001
        1.088999986648560
        2.184400081634522
        2.648099899291992
        1.853700041770935
   4.025999903678894E-001
  -5.702000260353088E-001
   7.494999766349793E-001
        1.088500022888184
  -4.932000041007996E-001
  -5.408999919891357E-001
       -1.401200056076050
  -7.109999656677246E-002
       -1.327499985694885
  -5.871999859809876E-001
       -1.799000024795532
       -2.137399911880493
       -2.915800094604492
       -1.520799994468689
   9.143000245094299E-001
        1.356199979782105
        1.734200000762940
        1.514000058174133
        1.301399946212769
        3.237699985504150
        3.637200117111206
        1.592399954795837
        1.438699960708618
   5.331000089645386E-001
   1.224000006914139E-001
  -4.300000146031380E-003
   9.222999811172485E-001
   3.129000067710877E-001
   5.559999942779541E-001
   9.314000010490418E-001
        1.907099962234497
   8.295000195503235E-001
  -2.856999933719635E-001
   1.059999987483025E-001
       -1.412400007247925
   2.381999939680100E-001
   5.127999782562256E-001
        1.448899984359741
        2.475500106811523
        1.832800030708313
   6.775000095367432E-001
        1.468500018119812
        1.945999979972839
   9.508000016212463E-001
        1.150099992752075
   5.087000131607056E-001
   1.904000043869019E-001
  -9.585000276565552E-001
   2.768000066280365E-001
   2.784000039100647E-001
   3.163000047206879E-001
   1.699000000953674E-001
        1.040199995040894
   2.276999950408936E-001
  -4.499999806284905E-003
   9.143000245094299E-001
        1.359899997711182
        2.513000011444092
        1.976600050926209
        2.106899976730347
   4.174000024795532E-001
   3.388000130653381E-001
  -3.758000135421753E-001
   2.486000061035156E-001
   2.732000052928925E-001
  -5.557000041007996E-001
       -1.090899944305420
  -8.203999996185303E-001
       -1.600299954414368
  -4.699999988079071E-001
   1.699000000953674E-001
  -5.643000006675720E-001
       -1.180199980735779
  -2.800000086426735E-002
        1.728800058364868
        2.252000093460083
        3.381400108337402
        2.333100080490112
        3.067500114440918
        2.734999895095825
        2.097800016403198
        1.289399981498718
        1.139400005340576
   5.681999921798706E-001
   3.136000037193298E-001
  -1.295000016689301E-001
   5.802000164985657E-001
  -5.950000137090683E-002
   5.148000121116638E-001
  -3.139999881386757E-002
   5.900000222027302E-003
  -2.454999983310700E-001
  -9.713000059127808E-001
   3.479000031948090E-001
  -9.821000099182129E-001
  -2.252999991178513E-001
   7.814999818801880E-001
        2.617599964141846
        3.188299894332886
        3.276000022888184
        1.604500055313110
        1.634999990463257
        1.003299951553345
        2.242000102996826
        3.243599891662598
        2.234200000762940
        2.175600051879883
        1.168300032615662
  -8.299999833106995E-001
       -1.063699960708618
       -1.145099997520447
   2.885999977588654E-001
   1.017000004649162E-001
  -2.418999969959259E-001
   4.286000132560730E-001
   8.930000066757202E-001
        1.884299993515015
        1.924999952316284
        1.753800034523010
   1.288000047206879E-001
        1.394600033760071
   9.067999720573425E-001
        1.508200049400330
  -2.180999964475632E-001
  -9.272999763488770E-001
  -5.303000211715698E-001
  -4.828999936580658E-001
  -1.257999986410141E-001
  -5.569999814033508E-001
  -9.649000167846680E-001
  -9.437999725341797E-001
   4.580000042915344E-001
  -3.591000139713287E-001
   1.301999986171722E-001
        1.570500016212463
        1.952800035476685
        3.781699895858765
        2.901000022888184
        2.829099893569946
        2.846800088882446
        3.065200090408325
        1.276000022888184
        3.299599885940552
        1.815600037574768
   7.541999816894531E-001
   3.343999981880188E-001
   5.195999741554260E-001
   6.972000002861023E-001
  -1.551000028848648E-001
       -1.448600053787231
       -1.053799986839294
   2.400000020861626E-002
  -5.008000135421753E-001
       -1.274099946022034
       -1.045500040054321
       -1.158200025558472
   3.786000013351440E-001
        3.261499881744385
        3.931600093841553
        2.290199995040894
        2.017699956893921
        1.932500004768372
        3.525099992752075
        3.609600067138672
        2.502599954605103
        2.541899919509888
        2.206099987030029
        1.249699950218201
  -6.664000153541565E-001
       -2.298599958419800
  -8.126999735832214E-001
       -1.455600023269653
       -1.365200042724609
  -6.430000066757202E-001
   2.600000007078052E-003
   8.399999737739563E-001
   9.097999930381775E-001
        1.119099974632263
        1.126099944114685
   1.999999949475750E-004
        1.688899993896484
       -1.105299949645996
  -5.536999702453613E-001
       -1.379400014877319
  -9.861999750137329E-001
       -1.335399985313416
   2.136999964714050E-001
   4.189000129699707E-001
   3.030000068247318E-002
   2.838999927043915E-001
   1.136000007390976E-001
  -7.099000215530396E-001
   4.560000076889992E-002
   6.266000270843506E-001
  -1.510000042617321E-002
        2.313299894332886
        2.832600116729736
        3.313800096511841
        2.934099912643433
        1.564399957656860
        2.539999961853027
        3.163100004196167
        3.397000074386597
   9.205999970436096E-001
  -7.590000033378601E-001
       -1.623299956321716
       -1.153200030326843
       -1.852300047874451
       -1.246899962425232
       -1.553699970245361
   1.341000050306320E-001
  -5.942000150680542E-001
  -3.641999959945679E-001
       -1.965399980545044
       -1.865499973297119
  -4.086999893188477E-001
        1.436599969863892
        2.043699979782105
        2.589099884033203
        1.863000035285950
        1.472200036048889
        3.232599973678589
        4.116399765014648
        3.585400104522705
        2.262399911880493
        1.953099966049194
        1.285899996757507
  -1.944999992847443E-001
       -1.610100030899048
       -1.229500055313110
       -2.621500015258789
       -2.329900026321411
       -1.557000041007996
       -1.747900009155273
  -2.946000099182129E-001
   4.787000119686127E-001
        1.597800016403198
   7.982000112533569E-001
   4.223999977111816E-001
   1.307999938726425E-001
   9.532999992370606E-001
   3.592000007629395E-001
  -5.137000083923340E-001
  -1.491000056266785E-001
  -2.723000049591065E-001
  -5.580999851226807E-001
  -7.845000028610230E-001
   7.799999788403511E-003
   3.666000068187714E-001
  -3.869999945163727E-001
  -3.310000151395798E-002
  -8.330000191926956E-002
  -8.208000063896179E-001
  -1.094999983906746E-001
        1.337800025939941
   3.391999900341034E-001
        1.668699979782105
        3.050699949264526
        2.761800050735474
        2.696399927139282
        2.968499898910523
        2.530200004577637
        2.356300115585327
        1.729699969291687
        2.040699958801270
  -5.406000018119812E-001
  -6.753000020980835E-001
       -2.559299945831299
       -1.430299997329712
  -8.725000023841858E-001
  -5.766999721527100E-001
   6.523000001907349E-001
  -3.833000063896179E-001
  -8.179999887943268E-002
  -6.890000104904175E-001
  -9.955999851226807E-001
   4.142999947071075E-001
        1.502300024032593
        2.215600013732910
        1.450999975204468
        1.926800012588501
        2.896699905395508
        2.526700019836426
        3.554199934005737
        3.148600101470947
        2.154000043869019
        1.412999987602234
   1.941000074148178E-001
       -1.146800041198731
       -1.861700057983398
       -1.273499965667725
       -2.543299913406372
       -2.386699914932251
       -1.542799949645996
       -1.360000014305115
   6.532999873161316E-001
   2.291000038385391E-001
  -3.345000147819519E-001
  -4.320999979972839E-001
  -7.681999802589417E-001
   5.909999832510948E-002
        1.145400047302246
   2.563000023365021E-001
  -3.043000102043152E-001
   6.055999994277954E-001
   8.399999700486660E-003
   7.910000085830689E-001
   7.445999979972839E-001
   8.647999763488770E-001
   8.952999711036682E-001
        1.927600026130676
        2.163100004196167
   4.864000082015991E-001
  -1.396999955177307E-001
   6.881999969482422E-001
   7.652000188827515E-001
        1.969300031661987
   7.470999956130981E-001
   9.997000098228455E-001
        1.329499959945679
        1.832499980926514
   9.404000043869019E-001
        1.662199974060059
        2.679899930953980
        1.598999977111816
  -3.355999886989594E-001
       -1.480299949645996
       -1.795300006866455
       -1.539299964904785
       -1.159800052642822
  -9.350000023841858E-001
   6.905000209808350E-001
  -1.518999934196472E-001
       -1.756199955940247
       -1.502799987792969
       -2.225399971008301
  -4.735000133514404E-001
   4.296999871730804E-001
        1.064200043678284
   3.542000055313110E-001
   8.209999799728394E-001
        1.479699969291687
        2.861599922180176
        3.551700115203857
        3.993900060653687
   9.049999713897705E-001
   4.483000040054321E-001
       -1.077999949455261
       -1.381000041961670
  -7.243000268936157E-001
       -1.353800058364868
       -1.751199960708618
       -2.950200080871582
       -1.547799944877625
       -2.634799957275391
       -1.129799962043762
       -1.785500049591065
  -7.360000014305115E-001
       -1.128399968147278
       -1.199900031089783
  -3.267000019550324E-001
   4.165999889373779E-001
  -9.589999914169312E-001
   4.891999959945679E-001
   2.545000016689301E-001
   5.881999731063843E-001
  -7.667000293731690E-001
        1.546000003814697
        1.611899971961975
        1.868600010871887
        3.146199941635132
        1.785500049591065
   8.389000296592712E-001
  -6.229000091552734E-001
       -1.230700016021729
  -3.567999899387360E-001
       -1.201300024986267
       -1.150200009346008
   7.569999992847443E-002
   9.106000065803528E-001
        1.091799974441528
        1.840600013732910
        2.195499897003174
        2.958899974822998
        1.657500028610230
  -1.943999975919724E-001
  -3.892000019550324E-001
  -5.677999854087830E-001
       -2.839499950408936
       -1.321599960327148
       -1.162899971008301
  -6.870000064373016E-002
       -2.826100111007690
       -3.967799901962280
       -3.664099931716919
       -1.465100049972534
  -5.734999775886536E-001
        1.582800030708313
        1.099699974060059
        1.203899979591370
        2.591900110244751
        1.454499959945679
        3.098700046539307
        2.795099973678589
        2.559499979019165
  -1.342000067234039E-001
  -7.332000136375427E-001
       -1.013399958610535
       -2.572700023651123
       -1.535300016403198
       -1.461400032043457
       -1.492200016975403
       -1.847200036048889
  -8.278999924659729E-001
       -1.811400055885315
  -7.318999767303467E-001
  -8.025000095367432E-001
       -1.125699996948242
  -4.268000125885010E-001
  -5.795000195503235E-001
  -8.222000002861023E-001
  -1.345999985933304E-001
  -8.324000239372253E-001
  -1.747999936342239E-001
        1.046900033950806
  -8.704000115394592E-001
       -1.123200058937073
   2.231000065803528E-001
        1.213400006294251
        1.059800028800964
        2.692600011825562
   8.465999960899353E-001
   5.206999778747559E-001
  -5.011000037193298E-001
  -3.431000113487244E-001
       -1.749600052833557
   2.854000031948090E-001
   1.650999933481216E-001
   6.371999979019165E-001
        1.444499969482422
   5.400999784469605E-001
        1.162899971008301
        2.255700111389160
        2.198899984359741
   9.149000048637390E-001
  -1.976999938488007E-001
  -6.796000003814697E-001
       -1.303699970245361
       -1.841199994087219
       -1.524299979209900
       -2.731899976730347
       -1.107599973678589
       -3.217099905014038
       -4.241099834442139
       -4.130400180816650
       -2.809299945831299
       -1.427199959754944
   8.299000263214111E-001
        1.509400010108948
        1.666800022125244
        1.702100038528442
        2.002899885177612
        2.137599945068359
        1.331500053405762
   8.337000012397766E-001
  -1.010000035166740E-001
       -1.983600020408630
       -3.415100097656250
       -2.635600090026856
       -2.011899948120117
       -1.648800015449524
  -8.306999802589417E-001
   1.571000069379807E-001
  -1.309999972581863E-001
       -1.395400047302246
   2.060000002384186E-001
  -3.249000012874603E-001
  -7.272999882698059E-001
       -1.132500052452087
       -1.523000001907349
  -7.027000188827515E-001
  -5.917999744415283E-001
  -6.359000205993652E-001
  -7.773000001907349E-001
   5.203999876976013E-001
  -3.966999948024750E-001
   2.863000035285950E-001
  -5.367000102996826E-001
   2.282000035047531E-001
        1.345299959182739
   3.792000114917755E-001
   7.039999961853027E-002
   5.554999709129334E-001
        1.119300007820129
  -1.349000036716461E-001
       -1.583999991416931
       -1.880800008773804
       -1.767699956893921
       -1.658300042152405
       -1.005599975585938
  -6.807000041007996E-001
  -4.776000082492828E-001
        2.119899988174439
        2.901099920272827
   9.954000115394592E-001
   8.889999985694885E-002
       -2.319299936294556
       -1.743600010871887
       -1.738499999046326
       -1.498100042343140
       -2.251100063323975
       -2.650899887084961
       -2.000999927520752
       -3.356100082397461
       -3.672600030899048
       -2.338000059127808
       -1.238899946212769
  -1.420000009238720E-002
   9.229999780654907E-002
  -4.940000176429749E-002
  -1.547999978065491E-001
   5.970000028610230E-001
   8.603000044822693E-001
   2.536000013351440E-001
   4.340000078082085E-002
       -1.807000041007996
       -2.058900117874146
       -3.545799970626831
       -4.514100074768066
       -1.191599965095520
  -4.780000075697899E-002
  -8.945999741554260E-001
       -1.315400004386902
  -9.140999913215637E-001
   3.705999851226807E-001
  -2.716000080108643E-001
   7.850999832153320E-001
  -5.740000009536743E-001
   5.751000046730042E-001
   4.169999957084656E-001
  -8.910999894142151E-001
  -3.860000073909760E-001
  -3.422000110149384E-001
  -4.826999902725220E-001
   3.102999925613403E-001
        1.343299984931946
   4.521000087261200E-001
        1.187500000000000
   1.015999987721443E-001
  -2.679999917745590E-002
  -6.208000183105469E-001
  -1.691000014543533E-001
        1.152600049972534
        1.594300031661987
        1.543200016021729
   4.426000118255615E-001
  -2.727999985218048E-001
       -1.189299941062927
       -1.354200005531311
  -9.470999836921692E-001
       -1.848199963569641
        1.062800049781799
   7.319999933242798E-001
        1.879999995231628
        1.171200037002564
   5.319999903440476E-002
  -3.598000109195709E-001
   8.860000222921372E-002
       -1.319300055503845
       -1.449499964714050
       -2.752899885177612
       -2.773999929428101
  -6.076999902725220E-001
       -2.477499961853027
       -1.350299954414368
  -4.582999944686890E-001
  -7.157999873161316E-001
  -2.388000041246414E-001
  -7.577000260353088E-001
   5.906000137329102E-001
  -6.469999998807907E-002
   6.469999998807907E-002
  -6.786999702453613E-001
        1.294899940490723
  -5.224999785423279E-001
       -1.537700057029724
       -3.339600086212158
       -3.686100006103516
       -3.387799978256226
       -2.894299983978272
        1.324200034141541
   5.347999930381775E-001
  -7.135000228881836E-001
   1.327999979257584E-001
  -1.174999997019768E-001
  -9.609000086784363E-001
       -1.167400002479553
       -1.177600026130676
   9.351999759674072E-001
        1.059000015258789
  -9.409999847412109E-001
  -9.775999784469605E-001
       -1.174499988555908
  -8.432000279426575E-001
   8.637999892234802E-001
   6.919000148773193E-001
        1.762899994850159
   8.278999924659729E-001
   7.319999933242798E-001
   2.329999953508377E-001
  -3.450999855995178E-001
   8.342999815940857E-001
  -8.950000256299973E-002
        1.552399992942810
   7.049000263214111E-001
        1.974599957466126
        1.579699993133545
  -1.950000040233135E-002
   2.428999990224838E-001
       -1.812199950218201
  -7.645999789237976E-001
  -1.620000004768372E-001
   4.399999976158142E-003
   3.271000087261200E-001
   5.289999842643738E-001
   6.970000267028809E-002
       -1.912199974060059
       -1.248299956321716
  -8.087000250816345E-001
       -1.175400018692017
       -1.414100050926209
       -1.554100036621094
   1.403000056743622E-001
   2.009000033140183E-001
   6.965000033378601E-001
  -4.056999981403351E-001
   4.368999898433685E-001
       -1.565299987792969
  -9.851999878883362E-001
   5.598999857902527E-001
   9.559999704360962E-001
   9.809999912977219E-002
  -3.528000116348267E-001
        1.296399950981140
   1.268000006675720E-001
       -2.471999883651733
       -2.854799985885620
       -2.053900003433228
       -2.510499954223633
       -1.957100033760071
   8.020000159740448E-002
        2.209100008010864
        1.560600042343140
  -2.854999899864197E-001
  -5.048999786376953E-001
  -4.600000083446503E-001
       -1.554299950599670
       -1.177199959754944
   1.305000036954880E-001
        1.220999956130981
  -2.446999996900559E-001
  -5.345000028610230E-001
       -1.007500052452087
       -1.334800004959106
  -3.727999925613403E-001
        1.540199995040894
        2.709300041198731
        1.861899971961975
   8.348000049591065E-001
  -1.420000009238720E-002
       -1.918200016021729
       -1.414199948310852
       -1.018300056457520
        1.158900022506714
        2.379400014877319
        3.358400106430054
        3.102999925613403
   9.731000065803528E-001
   2.143999934196472E-001
   1.759999990463257E-002
  -5.311999917030335E-001
   2.896000146865845E-001
  -2.157000005245209E-001
       -1.107399940490723
  -5.774999856948853E-001
   4.875000119209290E-001
  -8.088999986648560E-001
  -3.460000082850456E-002
  -8.924999833106995E-001
  -8.636000156402588E-001
       -2.263499975204468
  -7.436000108718872E-001
   8.597000241279602E-001
  -1.455000042915344E-001
   4.603999853134155E-001
   6.424999833106995E-001
  -4.810999929904938E-001
       -1.205399990081787
       -1.271600008010864
   5.501999855041504E-001
        1.015499949455261
   5.023000240325928E-001
  -4.467000067234039E-001
   6.970999836921692E-001
  -3.206999897956848E-001
  -8.679000139236450E-001
       -1.800099968910217
       -2.088500022888184
  -4.907000064849854E-001
   3.125999867916107E-001
   1.134999990463257E-001
        1.345100045204163
   6.683999896049500E-001
  -2.011999934911728E-001
  -4.607999920845032E-001
   6.089000105857849E-001
   2.444999963045120E-001
   1.151999980211258E-001
   4.180999994277954E-001
   7.372999787330627E-001
  -2.030000090599060E-002
   7.159999758005142E-002
       -1.363000035285950
       -1.217200040817261
   2.064999938011169E-001
        1.800799965858460
        2.378900051116943
        1.973500013351440
   6.959000229835510E-001
   6.338000297546387E-001
   1.330000013113022E-001
   4.429999887943268E-001
  -9.014000296592712E-001
   3.707000017166138E-001
        1.075700044631958
        2.738500118255615
        1.161499977111816
        1.416800022125244
  -7.030000090599060E-001
   3.438000082969666E-001
   7.444999814033508E-001
   6.290000081062317E-001
  -9.632999897003174E-001
       -2.435499906539917
       -1.846600055694580
       -1.821300029754639
  -7.695999741554260E-001
  -8.503999710083008E-001
  -9.534999728202820E-001
       -1.292799949645996
       -1.057999968528748
  -7.552000284194946E-001
  -3.700000047683716E-002
        1.143300056457520
        1.868100047111511
        1.765200018882752
   9.398000240325928E-001
   4.905999898910523E-001
   6.234999895095825E-001
        2.765599966049194
        1.005699992179871
  -5.674999952316284E-001
  -9.448999762535095E-001
  -1.484999954700470E-001
  -4.988999962806702E-001
   2.827999889850617E-001
       -1.424100041389465
  -8.392000198364258E-001
   5.644999742507935E-001
   6.284999847412109E-001
       -2.528399944305420
  -7.761999964714050E-001
  -7.829999923706055E-001
       -1.221899986267090
   1.217999979853630E-001
        1.692399978637695
        1.631100058555603
        1.699100017547607
   8.482999801635742E-001
   3.460000082850456E-002
  -8.899999856948853E-001
  -2.797999978065491E-001
  -6.829000115394592E-001
  -9.805999994277954E-001
       -1.231799960136414
  -6.262999773025513E-001
        1.872400045394898
        2.099800109863281
        2.415600061416626
        1.933500051498413
        1.533300042152405
   6.601999998092651E-001
  -2.442000061273575E-001
   7.349999994039536E-002
   2.847999930381775E-001
   9.890000224113464E-001
   6.299999952316284E-001
  -2.045000046491623E-001
  -7.623000144958496E-001
  -2.144999951124191E-001
   1.588999927043915E-001
  -4.393000006675720E-001
   1.342000067234039E-001
  -1.551000028848648E-001
  -6.007000207901001E-001
       -1.054600000381470
  -2.472999989986420E-001
       -1.828600049018860
       -1.687299966812134
       -2.024499893188477
       -1.838799953460693
  -5.515000224113464E-001
        1.020300030708313
        1.682999968528748
        2.298899888992310
        2.681799888610840
        2.433000087738037
        2.326800107955933
        1.466799974441528
        1.606299996376038
   1.370000001043081E-002
   4.219000041484833E-001
   9.740000218153000E-002
   4.349999874830246E-002
   2.249999940395355E-001
   6.442000269889832E-001
   1.991000026464462E-001
   2.010000050067902E-001
   6.075999736785889E-001
        1.312800049781799
  -2.159000039100647E-001
  -8.319000005722046E-001
  -4.250999987125397E-001
       -1.819900035858154
  -4.474999904632568E-001
  -5.460000038146973E-002
        2.046400070190430
        1.715199947357178
   3.519000113010407E-001
        2.105799913406372
        2.388999938964844
        2.295900106430054
   8.302000164985657E-001
  -5.088000297546387E-001
  -1.592999994754791E-001
        1.692000031471252
        1.468799948692322
        2.127899885177612
        2.358900070190430
        1.709499955177307
        1.730399966239929
   2.816999852657318E-001
   3.840000182390213E-002
  -4.569999873638153E-002
   8.299999870359898E-003
   6.121000051498413E-001
   6.718999743461609E-001
  -3.467999994754791E-001
       -1.237599968910217
  -9.193999767303467E-001
  -7.518000006675720E-001
  -1.230000033974648E-001
  -4.060000181198120E-002
  -3.993000090122223E-001
       -1.082800030708313
  -4.374000132083893E-001
       -1.158900022506714
       -2.648999929428101
       -2.397799968719482
       -1.172199964523315
       -1.242799997329712
   3.772000074386597E-001
   5.620000138878822E-002
        1.433500051498413
        1.564900040626526
        1.881299972534180
        2.921499967575073
        2.881200075149536
        2.664200067520142
        1.970999956130981
        2.208400011062622
        1.560199975967407
   5.656999945640564E-001
  -1.499000042676926E-001
  -9.049000144004822E-001
  -9.679999947547913E-002
        1.515900015830994
  -2.220000028610230E-001
   3.163000047206879E-001
   5.838999748229981E-001
       -1.436900019645691
  -7.641000151634216E-001
  -4.318000078201294E-001
   6.320999860763550E-001
        1.728500008583069
        2.047800064086914
        2.282900094985962
        2.302900075912476
        2.799400091171265
        1.846199989318848
        3.899499893188477
        1.975700020790100
        1.991700053215027
        2.271600008010864
        2.058099985122681
        2.480900049209595
        2.403199911117554
        2.277800083160400
        1.723899960517883
        1.735299944877625
  -6.750000119209290E-001
   1.204999983310700E-001
        1.672500014305115
   1.861000061035156E-001
        1.501799941062927
        1.309000015258789
        1.202200055122376
   9.359999746084213E-002
   6.350000202655792E-002
   2.712999880313873E-001
  -3.476000130176544E-001
  -6.527000069618225E-001
   2.000000094994903E-003
  -1.705999970436096E-001
        1.330000042915344
  -2.920000068843365E-002
  -4.896999895572662E-001
       -3.165100097656250
       -2.358000040054321
       -1.415699958801270
  -8.565999865531921E-001
       -1.264099955558777
  -6.100000068545342E-002
   8.029999732971191E-001
   4.104000031948090E-001
   6.270000338554382E-002
        1.342700004577637
        2.662300109863281
        2.970599889755249
        3.148799896240234
        2.085900068283081
        1.464200019836426
   1.754000037908554E-001
  -7.523999810218811E-001
       -1.114500045776367
       -1.408699989318848
  -5.604000091552734E-001
  -8.205000162124634E-001
        1.378900051116943
        1.062600016593933
       -1.387199997901917
  -7.577999830245972E-001
   2.869000136852264E-001
        1.416300058364868
        1.381000041961670
        3.536099910736084
        4.266600131988525
        3.480000019073486
        2.321000099182129
        2.368999958038330
        3.100699901580811
        3.188800096511841
        2.195600032806397
        3.118700027465820
        3.748100042343140
        1.435899972915649
   1.107999980449677E-001
        2.238600015640259
        1.228000044822693
        2.340300083160400
   3.718000054359436E-001
        1.522500038146973
        2.739500045776367
   7.788000106811523E-001
        1.471300005912781
        2.112499952316284
        1.699399948120117
        3.673099994659424
        2.902800083160400
   9.010000228881836E-001
  -2.581999897956848E-001
   4.618999958038330E-001
   9.901999831199646E-001
   6.471999883651733E-001
        1.135599970817566
   7.584999799728394E-001
        1.101400017738342
  -3.865999877452850E-001
       -1.943300008773804
       -1.725700020790100
   1.500000013038516E-003
       -2.693000078201294
       -1.354400038719177
  -2.184000015258789E-001
        1.065999984741211
   6.529999971389771E-001
  -1.317999958992004E-001
   5.048000216484070E-001
        1.115300059318543
        3.332499980926514
        2.071500062942505
        1.676100015640259
  -2.529000043869019E-001
       -1.128299951553345
       -1.050799965858460
  -8.144999742507935E-001
  -8.720000088214874E-002
  -1.256999969482422E-001
   8.715000152587891E-001
   1.615000069141388E-001
   5.196999907493591E-001
        1.186499953269959
        1.959599971771240
        1.728500008583069
        1.147400021553040
        1.458400011062622
        3.678800106048584
        3.542900085449219
        2.531300067901611
        2.626600027084351
        2.997299909591675
        2.954799890518189
        3.317199945449829
        4.330900192260742
        4.833600044250488
        1.584599971771240
   8.930000066757202E-001
   9.840000271797180E-001
   1.421000063419342E-001
        1.001299977302551
  -9.470999836921692E-001
   1.123000010848045E-001
        1.523200035095215
        2.646399974822998
        2.142600059509277
        1.627599954605103
        2.819499969482422
        3.162600040435791
        2.924900054931641
        2.233200073242188
        2.482700109481812
   3.560999929904938E-001
        1.540099978446960
        1.778800010681152
   5.774000287055969E-001
  -2.913999855518341E-001
  -3.668999969959259E-001
       -2.391499996185303
       -2.016400098800659
  -5.913000106811523E-001
   3.914000093936920E-001
  -6.471999883651733E-001
  -3.639999926090241E-001
  -5.177000164985657E-001
   7.318999767303467E-001
   5.738000273704529E-001
  -9.189999848604202E-002
   6.134999990463257E-001
        3.309299945831299
        3.159300088882446
        2.215699911117554
        2.407099962234497
   9.494000077247620E-001
  -7.307999730110169E-001
  -9.409000277519226E-001
  -2.284000068902969E-001
   4.568000137805939E-001
  -3.901000022888184E-001
   2.515999972820282E-001
   7.623000144958496E-001
        1.395599961280823
        2.774399995803833
        3.435800075531006
        1.710600018501282
        2.110800027847290
        2.611299991607666
        4.771399974822998
        3.942699909210205
        2.656699895858765
        1.752099990844727
        2.453900098800659
        2.642199993133545
        3.921600103378296
        4.726600170135498
        3.285599946975708
        2.699300050735474
   4.688000082969666E-001
        1.186599969863892
   8.340000361204147E-002
  -7.806000113487244E-001
       -1.077800035476685
  -6.413000226020813E-001
        1.357100009918213
        1.723099946975708
        1.566599965095520
        3.163899898529053
        3.877099990844727
        2.923599958419800
        2.465399980545044
        2.288399934768677
        1.735599994659424
        1.279700040817261
        3.119899988174439
        2.140399932861328
        2.259399890899658
  -3.669999912381172E-002
       -1.138599991798401
       -1.410799980163574
       -1.820000052452087
   6.469999998807907E-002
   3.251999914646149E-001
   4.880000054836273E-001
       -1.044199943542481
       -1.375900030136108
  -3.009999915957451E-002
        1.154399991035461
   8.500000089406967E-002
  -7.153999805450440E-001
        3.229899883270264
        3.406800031661987
        2.424900054931641
        1.691499948501587
        1.313699960708618
  -1.036999970674515E-001
  -9.749000072479248E-001
  -9.871000051498413E-001
  -1.818999946117401E-001
   3.045000135898590E-001
   4.699000120162964E-001
        1.254400014877319
  -6.093999743461609E-001
        2.337199926376343
        2.032799959182739
        2.898099899291992
        2.973000049591065
        3.345499992370606
        4.748300075531006
        4.651400089263916
        3.757100105285645
        2.144399881362915
        2.850300073623657
        3.985100030899048
        4.119400024414063
        2.781199932098389
        3.241400003433228
        2.451699972152710
        3.059099912643433
        1.553300023078919
        1.969499945640564
   3.429000079631805E-001
   6.241000294685364E-001
        1.304000020027161
        1.561300039291382
        2.288700103759766
        2.206700086593628
        2.458800077438355
        2.985500097274780
        4.582300186157227
        2.884999990463257
        1.188300013542175
        2.066699981689453
        1.846899986267090
        2.291699886322022
        1.832200050354004
        1.180899977684021
  -5.009999871253967E-001
  -3.614000082015991E-001
       -1.409700036048889
       -1.224599957466126
   8.200000226497650E-002
  -3.955999910831451E-001
        2.222300052642822
   5.527999997138977E-001
   8.192999958992004E-001
   8.432999849319458E-001
  -1.191999986767769E-001
  -9.028000235557556E-001
  -6.870000064373016E-002
        1.984699964523315
        2.448699951171875
        1.411299943923950
   9.380999803543091E-001
        1.462000012397766
        1.554700016975403
  -7.667000293731690E-001
  -5.740000009536743E-001
  -1.477999985218048E-001
  -3.134000003337860E-001
  -3.292999863624573E-001
   1.460999995470047E-001
        1.103899955749512
   2.228000015020371E-001
        1.663300037384033
        2.125699996948242
        2.735500097274780
        2.646600008010864
        3.625400066375732
        4.099500179290772
        3.988300085067749
        3.814800024032593
        3.986700057983398
        5.243199825286865
        4.032400131225586
        3.093300104141235
        3.919500112533569
        3.483599901199341
        3.020400047302246
        1.599499940872192
        1.121000051498413
   2.213999927043915E-001
  -9.976999759674072E-001
        1.890599966049194
        3.357700109481812
        2.101999998092651
        2.912899971008301
        2.576499938964844
        3.660300016403198
        2.353300094604492
        1.897699952125549
        2.296799898147583
        1.321300029754639
        1.924499988555908
        2.537800073623657
        2.178699970245361
        2.620599985122681
        1.639999985694885
  -7.128999829292297E-001
       -1.555199980735779
       -1.883599996566773
       -3.130599975585938
       -1.419800043106079
        1.645300030708313
   9.494000077247620E-001
        1.167000055313110
  -1.143999993801117E-001
  -1.644999980926514E-001
       -1.414899945259094
       -1.071699976921082
   8.917000293731690E-001
        1.661800026893616
   7.592999935150147E-001
        1.378200054168701
  -1.495999991893768E-001
  -2.973000109195709E-001
       -2.017899990081787
       -2.246099948883057
       -2.036600112915039
       -1.060799956321716
  -4.515999853610992E-001
   5.048000216484070E-001
  -8.866000175476074E-001
  -6.075999736785889E-001
   9.800000190734863E-001
        1.500900030136108
        2.441800117492676
        1.757699966430664
        2.478199958801270
        2.757600069046021
        2.305599927902222
        1.809800028800964
        4.632900238037109
        4.543300151824951
        3.591399908065796
        4.546299934387207
        4.159599781036377
        3.511100053787231
        3.013400077819824
        1.898100018501282
  -1.370000001043081E-002
   2.620000019669533E-002
       -1.108800053596497
   7.845000028610230E-001
        2.153700113296509
        2.374900102615356
        2.744199991226196
        2.176700115203857
   3.926999866962433E-001
        2.103300094604492
        2.311000108718872
        3.381599903106690
        1.239699959754944
        2.423599958419800
        2.865999937057495
        1.394299983978272
        2.429899930953980
        2.596199989318848
        1.021399974822998
  -9.692999720573425E-001
       -2.750200033187866
       -2.741899967193604
       -1.576300024986267
  -2.060000002384186E-001
        1.390599966049194
        2.040600061416626
        1.198799967765808
  -5.306000113487244E-001
       -1.507200002670288
       -1.076099991798401
   5.241000056266785E-001
   1.645999997854233E-001
   6.809999793767929E-002
  -2.840000018477440E-002
  -3.831000030040741E-001
  -9.160000085830689E-001
       -2.410399913787842
       -2.868599891662598
       -2.737600088119507
       -1.021499991416931
   6.560000032186508E-002
        1.633700013160706
  -8.143000006675720E-001
  -9.210000038146973E-001
        1.275799989700317
        1.533400058746338
        2.257800102233887
        1.650699973106384
        3.415899991989136
        1.880200028419495
        2.628400087356567
        2.016999959945679
        3.036600112915039
        2.666500091552734
        1.566100001335144
        3.298000097274780
        2.444200038909912
        2.198400020599365
        2.044199943542481
        2.049099922180176
        1.785599946975708
        2.030999898910523
   4.679999947547913E-001
   5.689999833703041E-002
   8.123000264167786E-001
        1.113399982452393
        2.271899938583374
        2.065900087356567
        1.680999994277954
        1.775300025939941
        4.070199966430664
        2.690999984741211
        1.044000029563904
        1.938199996948242
        2.276599884033203
        1.843999981880188
        3.168800115585327
   7.458000183105469E-001
  -5.493000149726868E-001
       -2.887500047683716
       -1.882699966430664
       -2.043999910354614
       -1.651900053024292
   2.090000063180924E-001
   5.629000067710877E-001
        1.380699992179871
        1.260699987411499
   9.440000355243683E-002
  -3.709000051021576E-001
   4.080000147223473E-002
   8.586999773979187E-001
        1.168300032615662
   5.519999936223030E-002
  -3.371999859809876E-001
   4.717000126838684E-001
       -1.025300025939941
       -1.075500011444092
  -9.782999753952026E-001
  -7.549999654293060E-002
  -5.511999726295471E-001
   7.875999808311462E-001
   9.574000239372253E-001
   8.213999867439270E-001
  -6.920000165700913E-002
   1.647000014781952E-001
   6.851999759674072E-001
        1.265499949455261
        2.814300060272217
        5.055900096893311
        4.006899833679199
        5.207300186157227
        4.655000209808350
        4.254000186920166
        2.638299942016602
        2.326699972152710
        2.277199983596802
        2.218600034713745
        2.326499938964844
        1.876600027084351
        1.990200042724609
        2.434200048446655
        1.408100008964539
   3.136000037193298E-001
   5.748000144958496E-001
   7.069000005722046E-001
       -1.016800045967102
        2.731800079345703
        2.795900106430054
        1.721600055694580
        2.055999994277954
        2.682699918746948
        2.480799913406372
        3.316499948501587
        2.485399961471558
        3.260799884796143
        2.807499885559082
        2.355000019073486
  -2.231999933719635E-001
  -4.936000108718872E-001
       -2.116100072860718
       -2.478399991989136
       -1.771000027656555
       -2.780100107192993
   6.973999738693237E-001
   7.089999914169312E-001
   7.843999862670898E-001
        1.085299968719482
   3.332000076770783E-001
   7.845000028610230E-001
  -3.291999995708466E-001
   8.115000128746033E-001
   4.090999960899353E-001
   1.623000055551529E-001
        1.062700033187866
   6.889999657869339E-002
   1.632000058889389E-001
  -3.495000004768372E-001
   4.384999871253967E-001
        1.113100051879883
   7.766000032424927E-001
        1.058899998664856
        2.550899982452393
   7.608000040054321E-001
        2.296999931335449
  -9.772999882698059E-001
  -1.216999962925911E-001
        1.512500047683716
        2.591799974441528
        3.046000003814697
        2.822799921035767
        4.900100231170654
        4.823699951171875
        3.860599994659424
        2.293499946594238
        1.930699944496155
        2.416800022125244
        1.981899976730347
        1.329200029373169
        1.102599978446960
   2.060000002384186E-001
   8.633999824523926E-001
   9.254999756813049E-001
  -2.099999971687794E-002
       -1.907299995422363
   1.255999952554703E-001
   6.740000098943710E-002
        2.713099956512451
        3.083499908447266
        2.570600032806397
        2.514199972152710
        3.500999927520752
        4.276700019836426
        2.171700000762940
        1.828500032424927
        2.152199983596802
        1.802199959754944
   7.023000121116638E-001
  -4.603999853134155E-001
   1.920000016689301E-001
       -1.064499974250794
       -2.719199895858765
       -2.360899925231934
       -2.418999910354614
   5.739999935030937E-002
   5.241000056266785E-001
        1.488000035285950
   2.047999948263168E-001
   7.918999791145325E-001
  -2.117999941110611E-001
  -3.644999861717224E-001
  -4.140000045299530E-002
        1.348099946975708
   7.972000241279602E-001
        1.558899998664856
        2.447700023651123
   4.142999947071075E-001
   6.190999746322632E-001
        2.352999925613403
        2.439100027084351
        1.141999959945679
        1.260499954223633
        1.489799976348877
        2.199300050735474
  -4.241999983787537E-001
        1.991199970245361
        2.103600025177002
        1.590499997138977
        2.510699987411499
        2.813999891281128
        1.778699994087219
        2.520499944686890
        4.611199855804443
        5.301799774169922
        3.296000003814697
        2.488300085067749
        1.672199964523315
        2.186000108718872
   4.650000035762787E-001
        1.400900006294251
   5.475000143051148E-001
   5.981000065803528E-001
   5.680000036954880E-002
       -1.232200026512146
  -4.388999938964844E-001
   2.197999954223633E-001
   6.895999908447266E-001
        1.769199967384338
        2.749599933624268
        3.169899940490723
        4.218599796295166
        4.104899883270264
        3.401299953460693
   6.611999869346619E-001
        1.106699943542481
        1.238499999046326
        1.039700031280518
        1.381299972534180
   1.359000056982040E-001
  -9.560000151395798E-002
   4.938000142574310E-001
       -1.266299962997437
       -2.028000116348267
  -2.723000049591065E-001
  -1.599999959580600E-003
   8.521999716758728E-001
   6.931999921798706E-001
        1.141199946403503
   9.201999902725220E-001
        1.186599969863892
        1.817899942398071
   9.759999811649323E-002
        1.435799956321716
        1.822700023651123
        1.701500058174133
        2.041500091552734
        2.873800039291382
        2.799700021743774
        2.402899980545044
        2.707099914550781
   5.157999992370606E-001
   9.933999776840210E-001
   5.770999789237976E-001
   6.007999777793884E-001
   4.618000090122223E-001
  -1.905000060796738E-001
        2.076100111007690
        1.178200006484985
        1.493600010871887
        3.455300092697144
        2.668800115585327
        3.708800077438355
        4.314400196075440
        4.942999839782715
        3.761899948120117
        3.415199995040894
        2.008599996566773
   5.643000006675720E-001
        1.163800001144409
   9.355000257492065E-001
        1.421700000762940
   9.075999855995178E-001
        1.350800037384033
  -6.984000205993652E-001
   4.309999942779541E-001
   1.694000065326691E-001
   8.705000281333923E-001
        2.233299970626831
        1.914499998092651
        2.471499919891357
        3.371000051498413
        2.892499923706055
        1.855599999427795
        2.739599943161011
        1.738399982452393
        1.009400010108948
   4.179999977350235E-002
  -4.375000000000000E-001
   2.238000035285950E-001
        1.067100048065186
        1.540699958801270
        1.255200028419495
   2.133000046014786E-001
  -1.281999945640564E-001
        1.434999942779541
        1.791000008583069
        2.035700082778931
        1.102699995040894
        2.332200050354004
        3.516999959945679
        2.435800075531006
  -2.300000051036477E-003
   2.339999936521053E-002
        1.856600046157837
        1.733700037002564
        3.657200098037720
        3.684600114822388
        3.257499933242798
        2.072900056838989
        1.859799981117249
   7.339000105857849E-001
        1.015300035476685
  -8.019000291824341E-001
   6.899999920278788E-003
   2.327000051736832E-001
  -3.840000182390213E-002
   4.666000008583069E-001
        2.017699956893921
        1.568400025367737
        3.395999908447266
        4.004899978637695
        3.446599960327148
        3.576100111007690
        4.336500167846680
        3.954400062561035
        2.705399990081787
        2.036900043487549
        1.045799970626831
   9.749999642372131E-002
   4.043000042438507E-001
   7.782999873161316E-001
        1.699000000953674
        2.660099983215332
        1.365100026130676
       -1.947000026702881
  -9.976999759674072E-001
        1.113800048828125
        2.153199911117554
        1.523300051689148
        1.372499942779541
        2.107199907302856
        2.981800079345703
        2.416300058364868
        1.777500033378601
        2.659800052642822
        2.626800060272217
   2.876999974250794E-001
   7.962999939918518E-001
   8.658000230789185E-001
        1.355299949645996
        1.775300025939941
   7.408999800682068E-001
  -5.094000101089478E-001
  -1.483000069856644E-001
        1.054200053215027
        1.100399971008301
        2.060300111770630
        1.407199978828430
        3.896300077438355
        3.883899927139282
        1.720499992370606
   4.388000071048737E-001
   2.325000017881393E-001
   7.565000057220459E-001
        2.022500038146973
        2.890000104904175
        2.505300045013428
        3.924499988555908
        2.408400058746338
        1.303099989891052
        1.534600019454956
   6.428999900817871E-001
        1.075099945068359
  -3.027999997138977E-001
   4.081000089645386E-001
       -1.047899961471558
  -7.041000127792358E-001
        1.720000028610230
        2.099800109863281
        3.854099988937378
        3.123899936676025
        3.083699941635132
        3.161099910736084
        2.996799945831299
        2.613899946212769
        1.848199963569641
        1.286000013351440
   5.576000213623047E-001
  -3.217999935150147E-001
        1.965199947357178
        1.213099956512451
  -3.098999857902527E-001
   4.260999858379364E-001
  -3.569999933242798E-001
       -2.021899938583374
       -1.713999986648560
  -7.362999916076660E-001
        1.015799999237061
   2.381999939680100E-001
        1.503700017929077
        1.904999971389771
        1.793400049209595
        1.452600002288818
        1.140400052070618
        1.970700025558472
   6.909000277519226E-001
       -1.573600053787231
        1.298099994659424
        1.505900025367737
        1.245499968528748
        1.041700005531311
  -8.022999763488770E-001
   1.128999963402748E-001
  -7.789999991655350E-002
        1.789000034332275
        3.290600061416626
        1.746000051498413
        2.082000017166138
        3.193000078201294
        2.353699922561646
        1.360399961471558
        1.600800037384033
        2.407900094985962
        1.666700005531311
        3.290699958801270
        2.726300001144409
        2.267499923706055
        2.492799997329712
        2.130500078201294
   5.770000219345093E-001
        1.660099983215332
  -5.841000080108643E-001
   9.300000034272671E-003
   1.259000003337860E-001
  -4.738999903202057E-001
  -7.056000232696533E-001
  -7.626000046730042E-001
        1.329300045967102
        3.103800058364868
        4.035600185394287
        3.900300025939941
        3.774600028991699
        3.008300065994263
        1.433599948883057
        3.823699951171875
        2.446000099182129
        2.569000005722046
        1.614500045776367
        1.707800030708313
   8.506000041961670E-001
  -8.381000161170960E-001
  -6.963999867439270E-001
  -1.363999992609024E-001
   5.231999754905701E-001
       -1.624300003051758
       -1.348099946975708
   3.375000059604645E-001
  -4.652000069618225E-001
  -1.109999977052212E-002
   8.479999750852585E-002
   6.826999783515930E-001
  -4.758999943733215E-001
  -7.462000250816345E-001
   3.500000108033419E-003
   5.669999718666077E-001
   9.138000011444092E-001
  -8.992000222206116E-001
  -7.095000147819519E-001
        2.361099958419800
        2.397500038146973
        1.727900028228760
   8.443999886512756E-001
   7.214000225067139E-001
  -2.587000131607056E-001
        1.588700056076050
        2.580499887466431
        2.772300004959106
        3.352900028228760
        4.341400146484375
        2.353300094604492
        2.567699909210205
        2.836499929428101
        2.377799987792969
        1.931200027465820
        1.307700037956238
        1.627200007438660
        2.921299934387207
        1.747599959373474
        1.353899955749512
        1.316699981689453
        1.020499944686890
  -2.569000124931335E-001
  -8.197000026702881E-001
  -1.333999931812286E-001
  -3.680999875068665E-001
  -6.743999719619751E-001
       -1.058799982070923
   4.147999882698059E-001
        2.255700111389160
        2.075099945068359
        2.696899890899658
        3.687400102615356
        3.135999917984009
   8.008999824523926E-001
        1.260599970817566
        1.268399953842163
        2.638700008392334
        2.664700031280518
        2.990400075912476
        1.419000029563904
  -3.000000026077032E-003
  -4.629999995231628E-001
  -6.607000231742859E-001
   3.939999938011169E-001
       -2.204200029373169
       -2.144700050354004
  -7.519999742507935E-001
  -9.730000048875809E-002
  -7.889000177383423E-001
  -6.414999961853027E-001
  -3.036000132560730E-001
  -2.014999985694885E-001
   4.171999990940094E-001
   1.019999980926514E-001
  -1.694000065326691E-001
        1.229500055313110
       -1.195999979972839
  -8.450999855995178E-001
   5.755000114440918E-001
   7.718999981880188E-001
   5.486000180244446E-001
        1.075899958610535
        1.253299951553345
   9.255999922752380E-001
        3.495599985122681
        3.434299945831299
        2.922499895095825
        3.234400033950806
        3.809200048446655
        2.368000030517578
        2.567899942398071
        2.629199981689453
        2.022500038146973
   2.134000062942505E-001
   6.115999817848206E-001
        1.988999962806702
        2.213200092315674
        2.566600084304810
   4.370000064373016E-001
  -6.873999834060669E-001
  -2.678000032901764E-001
  -9.932000041007996E-001
  -2.833000123500824E-001
       -1.252099990844727
  -4.569999873638153E-001
  -8.664000034332275E-001
   9.725000262260437E-001
        1.120800018310547
   9.628999829292297E-001
   9.290000200271606E-001
        1.258700013160706
        1.717200040817261
        1.631299972534180
        1.295699954032898
   2.854000031948090E-001
   2.921999990940094E-001
   5.672000050544739E-001
        2.206500053405762
        2.589699983596802
   7.997999787330627E-001
   4.004999995231628E-001
   7.167999744415283E-001
   3.023999929428101E-001
   7.689999938011169E-001
       -1.047399997711182
       -2.679699897766113
  -6.580000370740891E-002
  -8.980000019073486E-001
  -4.210000112652779E-002
   6.647999882698059E-001
  -4.108000099658966E-001
       -2.265799999237061
  -3.702999949455261E-001
   3.826999962329865E-001
  -6.904000043869019E-001
  -1.864999979734421E-001
  -7.997000217437744E-001
       -1.259099960327148
  -8.367000222206116E-001
  -1.629000008106232E-001
   7.717999815940857E-001
   7.598000168800354E-001
   6.549999713897705E-001
        1.047899961471558
        3.048099994659424
        3.755700111389160
        4.027800083160400
        2.415100097656250
        3.691299915313721
        2.688199996948242
        3.811199903488159
        3.658400058746338
        1.663900017738342
        1.422999978065491
   6.029000282287598E-001
        1.395400047302246
        1.101600050926209
   3.016000092029572E-001
   2.232999950647354E-001
       -1.795400023460388
       -1.220800042152405
       -1.947499990463257
  -6.938999891281128E-001
       -1.147300004959106
   5.213000178337097E-001
  -4.812999963760376E-001
  -1.074000000953674E-001
   4.410000145435333E-002
   3.257000148296356E-001
   2.390000037848949E-002
        1.021100044250488
   3.531999886035919E-001
        1.242599964141846
        2.603800058364868
        1.238000035285950
        1.391600012779236
   1.027000024914742E-001
        1.978199958801270
        1.164700031280518
   4.830000102519989E-001
       -1.183599948883057
       -1.978000044822693
  -4.492999911308289E-001
       -1.324599981307983
   5.878999829292297E-001
   3.359999880194664E-002
   3.436999917030335E-001
  -8.105999827384949E-001
       -1.116099953651428
        1.383900046348572
   4.790999889373779E-001
  -4.602999985218048E-001
       -2.126399993896484
       -2.452800035476685
       -2.167799949645996
       -1.852399945259094
       -1.335199952125549
       -1.436699986457825
       -1.846099972724915
       -1.873499989509583
  -5.677999854087830E-001
   3.801000118255615E-001
   2.472999989986420E-001
   6.560000032186508E-002
        3.047800064086914
        3.999900102615356
        2.383399963378906
        3.718699932098389
        3.222800016403198
        2.255500078201294
        3.598200082778931
        4.156099796295166
        2.236799955368042
        1.581599950790405
        1.171599984169006
   9.241999983787537E-001
        1.246500015258789
   2.820999920368195E-001
   3.925000131130219E-001
       -1.343000054359436
       -2.364399909973145
  -5.727000236511231E-001
  -7.906000018119812E-001
       -1.057899951934815
       -1.438699960708618
       -2.139400005340576
       -1.714400053024292
       -1.215100049972534
  -8.471999764442444E-001
  -4.372000098228455E-001
   4.927999973297119E-001
   9.018999934196472E-001
        2.712100028991699
        2.188499927520752
        2.450500011444092
        2.151200056076050
        1.909000039100647
        2.187000036239624
        1.279000043869019
  -9.059000015258789E-001
  -3.865000009536743E-001
  -6.322000026702881E-001
   5.011000037193298E-001
   1.543000042438507E-001
  -5.335999727249146E-001
        2.473900079727173
        1.057800054550171
  -2.630000002682209E-002
   4.079999923706055E-001
   8.338999748229981E-001
        1.197499990463257
  -2.689000070095062E-001
       -1.645799994468689
       -2.379199981689453
       -3.448299884796143
  -7.878999710083008E-001
       -1.288800001144409
       -2.693099975585938
  -9.593999981880188E-001
   1.420000009238720E-002
   3.632000088691711E-001
       -1.058599948883057
       -2.067399978637695
       -1.009799957275391
        3.029200077056885
        4.454599857330322
        2.954900026321411
        2.258300065994263
        1.163900017738342
        3.231199979782105
        3.857500076293945
        3.362799882888794
        3.153599977493286
        2.238199949264526
        1.698799967765808
        1.162999987602234
   7.516999840736389E-001
   9.598000049591065E-001
  -9.219999909400940E-001
   3.889999911189079E-002
  -3.837999999523163E-001
  -9.628999829292297E-001
   2.486999928951263E-001
       -2.091799974441528
       -2.430900096893311
   3.118000030517578E-001
   9.629999846220017E-002
  -5.238999724388123E-001
       -1.222100019454956
        1.324000000953674
        2.453399896621704
        3.232700109481812
        3.042999982833862
        1.642500042915344
        3.792900085449219
        2.457600116729736
        1.382899999618530
  -1.412000060081482E-001
  -3.109999932348728E-002
   2.255000025033951E-001
  -4.027000069618225E-001
        1.186300039291382
        1.825399994850159
        1.077299952507019
   9.970999956130981E-001
        2.197999954223633
        2.596400022506714
        3.831500053405762
   6.866000294685364E-001
        1.476099967956543
       -1.100999951362610
   4.190999865531921E-001
       -1.710800051689148
       -3.568099975585938
       -3.372699975967407
       -2.753000020980835
       -1.912899971008301
  -9.240999817848206E-001
       -1.162400007247925
       -1.143399953842163
  -1.864999979734421E-001
  -6.589000225067139E-001
       -1.579399943351746
  -6.606000065803528E-001
        1.953699946403503
        1.752500057220459
        3.049499988555908
        2.585200071334839
        3.458800077438355
        2.651599884033203
        3.521100044250488
        3.470599889755249
        2.048399925231934
        3.052500009536743
        1.290799975395203
        1.811499953269959
        1.090000033378601
  -7.289000153541565E-001
  -7.350999712944031E-001
  -8.636000156402588E-001
  -3.932000100612640E-001
  -5.321000218391419E-001
       -2.465800046920776
       -2.111399888992310
  -6.995999813079834E-001
   7.850000262260437E-001
  -4.430000111460686E-002
  -2.786000072956085E-001
   5.597000122070313E-001
  -6.033999919891357E-001
   8.981999754905701E-001
        2.055700063705444
        1.546300053596497
        2.552599906921387
        2.344300031661987
        1.075999975204468
  -3.468999862670898E-001
  -1.411000043153763E-001
   8.950999975204468E-001
        1.885900020599365
   8.565000295639038E-001
   7.831000089645386E-001
        1.239400029182434
        1.486299991607666
        2.644299983978272
        1.700899958610535
        1.991600036621094
        2.260699987411499
        2.049499988555908
   4.305999875068665E-001
  -1.159999966621399E-001
  -8.378999829292297E-001
       -1.623000025749207
       -2.353800058364868
       -1.634600043296814
       -3.442899942398071
       -2.548199892044067
       -2.229500055313110
       -1.654099941253662
       -1.556399941444397
  -6.876000165939331E-001
       -1.045799970626831
       -1.561699986457825
  -5.254999995231628E-001
   7.978000044822693E-001
        1.660199999809265
        1.554200053215027
        2.388900041580200
        3.150300025939941
        3.334300041198731
        2.914799928665161
        1.770099997520447
        2.037300109863281
        3.032200098037720
        1.621700048446655
   6.290000081062317E-001
        1.398599982261658
   2.752999961376190E-001
  -3.614999949932098E-001
  -8.985999822616577E-001
  -2.763999998569489E-001
       -2.033999919891357
       -2.290600061416626
       -1.266999959945679
  -7.175999879837036E-001
   5.375000238418579E-001
       -1.027500033378601
  -1.446000039577484E-001
   6.470999717712402E-001
   9.980999827384949E-001
  -6.251999735832214E-001
        1.570899963378906
        2.241100072860718
        2.108599901199341
        1.288100004196167
   7.537000179290772E-001
       -1.101799964904785
   2.664999961853027E-001
   3.039000034332275E-001
        1.323400020599365
        1.789600014686585
        1.139700055122376
        1.116700053215027
        1.414000034332275
        2.888299942016602
        1.660599946975708
        2.127099990844727
        1.158100008964539
   2.976000010967255E-001
   7.669000029563904E-001
   1.818999946117401E-001
  -5.764999985694885E-001
       -2.677299976348877
       -2.414200067520142
       -3.444600105285645
       -3.555999994277954
       -2.537100076675415
       -1.236400008201599
       -1.754099965095520
       -1.702299952507019
       -1.217499971389771
  -6.191999912261963E-001
  -7.270000129938126E-002
  -9.926999807357788E-001
       -1.342599987983704
  -1.209999993443489E-002
   5.313000082969666E-001
        1.706599950790405
        2.397799968719482
        2.630300045013428
        2.496299982070923
        2.183599948883057
   8.845999836921692E-001
        2.439500093460083
        3.186500072479248
        3.582999944686890
        2.213900089263916
        2.132100105285645
   7.645000219345093E-001
  -1.207000017166138E-001
       -1.636199951171875
       -1.129899978637695
       -1.420099973678589
   6.642000079154968E-001
  -5.820000171661377E-002
  -9.889999777078629E-002
       -2.114099979400635
  -4.068999886512756E-001
  -5.637999773025513E-001
   8.748999834060669E-001
  -4.878999888896942E-001
  -9.969999641180039E-002
        1.060700058937073
        1.943600058555603
   1.937000006437302E-001
   2.949000000953674E-001
        2.147000074386597
        1.112599968910217
   3.235999941825867E-001
  -7.141000032424927E-001
       -1.722100019454956
  -4.997999966144562E-001
   9.977999925613403E-001
        1.435999989509583
   3.829999864101410E-001
        1.785599946975708
        1.261800050735474
   1.324000060558319E-001
        1.550099968910217
        1.046599984169006
   3.657000064849854E-001
       -1.754999995231628
       -2.009099960327148
       -3.532299995422363
       -2.498300075531006
       -2.719199895858765
       -1.753700017929077
       -2.771199941635132
       -2.121599912643433
       -2.988899946212769
       -1.239099979400635
   4.848000109195709E-001
  -6.074000000953674E-001
  -4.656000137329102E-001
  -5.360999703407288E-001
   8.391000032424927E-001
   3.280999958515167E-001
        1.761700034141541
        3.217700004577637
        2.721999883651733
        2.045900106430054
        1.581200003623962
        1.521999955177307
        2.598200082778931
        3.786900043487549
        2.682600021362305
        2.131799936294556
        2.445499897003174
        1.826200008392334
  -3.731000125408173E-001
   7.886999845504761E-001
       -1.429700016975403
       -2.705300092697144
  -9.854000210762024E-001
       -1.976600050926209
       -1.692600011825562
       -1.705700039863586
       -1.600200057029724
  -3.064999878406525E-001
  -4.316000044345856E-001
  -5.881999731063843E-001
   4.490999877452850E-001
   7.150000333786011E-002
        1.183099985122681
  -7.720000147819519E-001
  -1.502999961376190E-001
        1.262599945068359
   7.961000204086304E-001
       -1.610700011253357
  -3.494000136852264E-001
  -3.030999898910523E-001
  -6.349999904632568E-001
   2.354999929666519E-001
   1.055999994277954E-001
        1.840199947357178
        1.495100021362305
   9.516000151634216E-001
        1.103000044822693
        2.313600063323975
        2.333100080490112
   6.194999814033508E-001
  -7.580999732017517E-001
  -6.485999822616577E-001
  -7.062000036239624E-001
       -2.136399984359741
       -3.679699897766113
       -1.904299974441528
       -4.588799953460693
       -3.310800075531006
       -2.170500040054321
       -1.332100033760071
  -2.225999981164932E-001
   3.916999995708466E-001
   5.788999795913696E-001
  -8.884999752044678E-001
        1.115900039672852
   9.804000258445740E-001
        3.289599895477295
        2.953200101852417
   9.416999816894531E-001
  -3.528000116348267E-001
  -3.055000007152557E-001
   6.280999779701233E-001
   9.740999937057495E-001
        1.824800014495850
        1.460100054740906
        1.953099966049194
        1.372900009155273
        1.804700016975403
   2.281000018119812E-001
       -1.194900035858154
       -1.717000007629395
       -2.761800050735474
       -1.479699969291687
       -3.123699903488159
       -2.114599943161011
       -1.907699942588806
       -1.740599989891052
       -1.928599953651428
  -9.779000282287598E-001
  -9.839999675750732E-002
  -2.190999984741211E-001
  -8.095999956130981E-001
  -5.940999984741211E-001
  -3.469999879598618E-002
  -1.765999943017960E-001
  -2.612999975681305E-001
  -9.427999854087830E-001
       -1.534700036048889
       -1.146499991416931
   4.424000084400177E-001
   3.964000046253204E-001
   8.525999784469605E-001
   1.090999990701675E-001
  -4.650999903678894E-001
  -7.828999757766724E-001
        1.206799983978272
  -3.068000078201294E-001
  -8.659999966621399E-001
   6.538000106811523E-001
   1.695999950170517E-001
   2.064000070095062E-001
       -1.062800049781799
       -1.108700037002564
       -2.622299909591675
       -3.560400009155273
       -2.516200065612793
       -2.788100004196167
       -3.265300035476685
       -1.252699971199036
  -9.286999702453613E-001
  -1.339000016450882E-001
   2.752999961376190E-001
  -4.625000059604645E-001
   8.941000103950501E-001
   9.240000247955322E-001
   9.865000247955322E-001
        2.634700059890747
        2.800299882888794
  -2.498999983072281E-001
  -3.116999864578247E-001
  -5.785999894142151E-001
  -7.700999975204468E-001
   8.470000326633453E-002
   7.326999902725220E-001
   6.786999702453613E-001
        1.330999970436096
        1.715100049972534
        1.619199991226196
  -7.157999873161316E-001
  -7.333999872207642E-001
       -1.825700044631958
       -1.768200039863586
       -1.835899949073792
       -1.634099960327148
       -2.457299947738648
       -2.165800094604492
       -2.431999921798706
       -2.214999914169312
  -6.816999912261963E-001
  -1.712999939918518E-001
        1.155799984931946
   3.794000148773193E-001
  -4.656000137329102E-001
       -1.044499993324280
   4.463999867439270E-001
  -7.067999839782715E-001
       -1.088299989700317
  -8.076000213623047E-001
  -5.594999790191650E-001
   1.219999976456165E-002
   2.651000022888184E-001
  -1.081999987363815E-001
       -1.067000031471252
  -2.442000061273575E-001
  -7.839000225067139E-001
       -2.256500005722046
       -1.924600005149841
       -2.394399881362915
       -1.950299978256226
  -4.287000000476837E-001
        1.462700009346008
  -7.379999756813049E-002
       -1.320899963378906
       -1.983600020408630
       -2.053900003433228
       -1.386899948120117
       -1.711400032043457
       -2.335599899291992
  -5.648000240325928E-001
   6.265000104904175E-001
   7.671999931335449E-001
   8.087000250816345E-001
   3.109999932348728E-002
        2.278100013732910
        1.201500058174133
        1.277400016784668
  -6.430000066757202E-002
   7.185000181198120E-001
   2.976000010967255E-001
  -2.395000010728836E-001
  -6.805999875068665E-001
  -1.620000004768372E-001
   1.015999987721443E-001
   1.636999994516373E-001
   5.274999737739563E-001
   8.750000000000000E-001
   7.451999783515930E-001
   3.677000105381012E-001
   3.767000138759613E-001
  -5.489000082015991E-001
   3.811999857425690E-001
       -1.633900046348572
  -2.772000133991242E-001
  -5.148000121116638E-001
       -1.041900038719177
       -1.231799960136414
       -1.702600002288818
       -1.204599976539612
  -8.762999773025513E-001
  -8.992999792098999E-001
   6.289999932050705E-002
  -3.671000003814697E-001
       -1.527400016784668
       -1.267300009727478
   1.569000035524368E-001
  -7.447999715805054E-001
  -9.668999910354614E-001
  -3.786000013351440E-001
  -7.943999767303467E-001
   5.127999782562256E-001
   4.526000022888184E-001
   1.853999942541122E-001
       -1.327499985694885
       -1.384400010108948
  -9.552999734878540E-001
       -2.388099908828735
  -4.890000075101852E-002
       -2.113199949264526
       -1.954900026321411
       -1.886800050735474
  -3.589999973773956E-001
  -6.355999708175659E-001
       -1.702200055122376
   2.723000049591065E-001
  -7.513999938964844E-001
       -2.659899950027466
       -2.235199928283691
       -1.657199978828430
  -1.011999994516373E-001
   2.182999998331070E-001
   3.598000109195709E-001
   6.536999940872192E-001
   7.879999876022339E-001
   5.971000194549561E-001
        1.067299962043762
  -1.062000021338463E-001
  -8.274999856948853E-001
  -2.876999974250794E-001
        1.235900044441223
  -3.404999971389771E-001
  -1.635999977588654E-001
  -5.120999813079834E-001
  -9.879999756813049E-001
   1.748999953269959E-001
  -4.296999871730804E-001
        2.085900068283081
        1.693699955940247
   5.792000293731690E-001
  -4.406999945640564E-001
  -1.315000057220459E-001
   1.331000030040741E-001
  -9.006000161170960E-001
  -5.170000195503235E-001
       -1.971400022506714
  -7.998999953269959E-001
  -3.454999923706055E-001
   2.669999897480011E-001
   1.776999980211258E-001
   7.426999807357788E-001
  -3.980000019073486E-001
  -2.029000073671341E-001
  -1.250000018626452E-002
       -2.329799890518189
       -1.280699968338013
       -1.222300052642822
       -1.969599962234497
  -9.279000163078308E-001
  -7.911999821662903E-001
  -2.904999852180481E-001
  -7.487999796867371E-001
   6.529999971389771E-001
  -2.587000131607056E-001
   6.140000000596046E-002
       -2.099200010299683
       -1.399899959564209
       -2.130899906158447
       -2.464200019836426
       -2.511300086975098
  -9.649000167846680E-001
       -2.367199897766113
       -1.453699946403503
  -5.580000281333923E-001
       -1.099400043487549
   4.810000061988831E-001
       -1.184200048446655
       -1.893800020217896
       -1.916100025177002
       -2.260600090026856
  -3.371999859809876E-001
  -9.121999740600586E-001
  -8.112000226974487E-001
   3.995999991893768E-001
   7.368999719619751E-001
   9.070000052452087E-002
   7.497000098228455E-001
  -5.827000141143799E-001
       -1.698799967765808
       -1.881600022315979
   7.310000061988831E-001
  -4.039999842643738E-002
  -9.824000000953674E-001
  -7.034000158309937E-001
       -1.919999957084656
       -1.368499994277954
  -3.393000066280365E-001
        2.492700099945068
        1.713199973106384
   8.046000003814697E-001
  -8.798000216484070E-001
   1.103999987244606E-001
       -1.263000011444092
   6.298999786376953E-001
   1.562000066041946E-001
  -8.619999885559082E-001
  -3.605999946594238E-001
   2.759999930858612E-001
   2.119999974966049E-001
        1.136500000953674
   8.876000046730042E-001
  -4.850000143051148E-002
   1.332000046968460E-001
       -1.424800038337708
       -2.136199951171875
       -1.502500057220459
  -3.127000033855438E-001
  -8.108000159263611E-001
       -1.480000019073486
       -2.552799940109253
       -1.447000026702881
  -1.061000004410744E-001
   9.283999800682068E-001
   9.453999996185303E-001
   5.942999720573425E-001
  -9.207999706268311E-001
       -2.453099966049194
       -2.403800010681152
       -2.911999940872192
       -3.492700099945068
       -1.202200055122376
       -1.350200057029724
       -1.152999997138977
       -3.078900098800659
       -2.567699909210205
       -1.381199955940247
       -1.679700016975403
       -2.032099962234497
       -1.170600056648254
       -1.535799980163574
       -1.338099956512451
       -2.439699888229370
  -7.555000185966492E-001
   1.092000007629395E-001
        1.123000025749207
   4.365999996662140E-001
  -7.299999892711639E-002
  -9.161000251770020E-001
       -1.254899978637695
       -2.651799917221069
       -1.427099943161011
  -6.966000199317932E-001
       -1.889799952507019
       -2.301300048828125
       -1.103800058364868
        1.343600034713745
        2.097399950027466
        1.097100019454956
  -2.406000047922134E-001
  -1.641000062227249E-001
  -6.392999887466431E-001
  -9.844999909400940E-001
       -1.231400012969971
  -2.816999852657318E-001
  -9.445000290870667E-001
  -5.160000175237656E-002
  -8.693000078201294E-001
  -6.298999786376953E-001
       -1.045699954032898
   8.834999799728394E-001
        1.120000004768372
   9.146999716758728E-001
   7.807999849319458E-001
       -1.181300044059753
  -6.115000247955322E-001
       -1.724799990653992
  -5.699999928474426E-001
  -1.951999962329865E-001
       -1.989500045776367
       -2.155600070953369
  -7.850999832153320E-001
   1.780000030994415E-001
  -6.484000086784363E-001
  -5.970000028610230E-001
   2.107000052928925E-001
   2.060000039637089E-002
  -3.871999979019165E-001
       -2.213599920272827
       -2.246700048446655
       -1.995000004768372
       -1.195899963378906
       -2.008199930191040
       -2.295900106430054
       -3.028800010681152
       -2.943900108337402
       -2.888999938964844
       -2.464999914169312
       -2.150300025939941
       -2.352799892425537
       -1.377400040626526
       -2.973500013351440
       -2.519500017166138
  -2.154999971389771E-001
  -3.909999877214432E-002
  -6.517999768257141E-001
       -1.031399965286255
   7.699999958276749E-003
       -1.523000001907349
       -2.383899927139282
       -2.519599914550781
       -2.901799917221069
  -6.069999933242798E-001
       -1.959699988365173
       -1.219799995422363
  -5.235999822616577E-001
   2.487999945878983E-001
        1.264500021934509
        1.343400001525879
  -6.085000038146973E-001
       -1.055600047111511
   3.932999968528748E-001
  -1.746000051498413E-001
       -1.384199976921082
       -1.281399965286255
       -1.309399962425232
   8.112000226974487E-001
       -1.312800049781799
  -6.674000024795532E-001
   1.360000073909760E-001
        1.595100045204163
        2.756000041961670
        1.418799996376038
   8.309000134468079E-001
   6.227999925613403E-001
       -2.417200088500977
       -2.612499952316284
       -2.777499914169312
       -1.610900044441223
       -1.687700033187866
       -2.236299991607666
       -1.518399953842163
  -3.612999916076660E-001
  -7.627000212669373E-001
  -7.770000100135803E-001
       -1.871899962425232
       -1.025500059127808
  -8.263000249862671E-001
       -1.463299989700317
  -2.178999930620194E-001
       -1.821699976921082
   4.088000059127808E-001
       -1.482800006866455
       -3.258399963378906
       -1.888399958610535
       -1.192999958992004
       -2.633699893951416
       -1.890699982643127
       -1.503000020980835
       -2.457900047302246
       -3.499300003051758
       -3.569900035858154
       -4.288199901580811
  -7.760999798774719E-001
  -8.910999894142151E-001
   2.928000092506409E-001
       -2.243599891662598
       -2.008300065994263
  -4.587000012397766E-001
  -7.502999901771545E-001
       -1.524500012397766
       -1.615300059318543
       -1.030400037765503
  -4.736999869346619E-001
  -9.947000145912170E-001
  -3.921000063419342E-001
  -3.531999886035919E-001
  -8.514000177383423E-001
  -7.738000154495239E-001
  -3.632999956607819E-001
  -6.103000044822693E-001
  -6.939999759197235E-002
       -1.348999977111816
       -1.188799977302551
       -2.523000001907349
       -2.039000034332275
  -9.991000294685364E-001
  -3.745999932289124E-001
   4.634000062942505E-001
        1.832200050354004
        1.472399950027466
        2.883100032806397
   3.905000090599060E-001
  -2.020999938249588E-001
   3.599999938160181E-003
  -4.772000014781952E-001
       -1.672799944877625
       -1.291100025177002
  -5.177999734878540E-001
  -9.847999811172485E-001
       -1.365499973297119
       -1.827299952507019
       -1.324399948120117
  -8.134999871253967E-001
   1.186000034213066E-001
  -6.014999747276306E-001
  -9.440000057220459E-001
  -7.336999773979187E-001
  -6.729999929666519E-002
   8.500000089406967E-002
  -7.678999900817871E-001
       -2.232199907302856
       -2.795700073242188
       -1.063899993896484
       -1.020799994468689
       -1.791000008583069
       -2.241199970245361
       -1.085500001907349
       -1.399500012397766
       -2.791800022125244
       -3.528300046920776
       -4.818500041961670
       -2.741400003433228
       -1.935199975967407
       -2.444099903106690
  -7.725999951362610E-001
       -1.681200027465820
       -1.263399958610535
  -1.134999990463257E-001
       -1.109099984169006
       -1.317299962043762
       -1.026399970054627
  -9.526000022888184E-001
  -5.774999856948853E-001
  -7.152000069618225E-001
  -7.727000117301941E-001
       -1.115499973297119
   1.040000002831221E-002
  -7.634999752044678E-001
   1.350000053644180E-001
  -1.679999940097332E-002
       -1.246299982070923
  -4.979000091552734E-001
       -2.257800102233887
       -1.463999986648560
       -2.747200012207031
       -1.084499955177307
        1.543499946594238
        1.604500055313110
        2.245300054550171
        1.063799977302551
   7.289000153541565E-001
        1.260599970817566
   6.999999750405550E-004
        1.333699941635132
   9.235000014305115E-001
  -7.825000286102295E-001
  -7.572000026702881E-001
  -4.505999982357025E-001
       -1.249899983406067
       -1.358600020408630
       -1.282500028610230
  -5.400000140070915E-002
   7.135999798774719E-001
  -7.344999909400940E-001
  -6.384000182151794E-001
   3.811999857425690E-001
   2.445999979972839E-001
   6.607999801635742E-001
        1.066200017929077
   4.941000044345856E-001
  -6.118999719619751E-001
       -2.520100116729736
       -3.473500013351440
       -2.081399917602539
       -2.466500043869019
       -2.355799913406372
       -1.545799970626831
       -2.256200075149536
       -2.717499971389771
       -3.833699941635132
       -2.589799880981445
       -2.748399972915649
       -1.240499973297119
  -7.307000160217285E-001
  -5.121999979019165E-001
  -4.205000102519989E-001
       -1.899700045585632
  -9.178000092506409E-001
  -5.253000259399414E-001
       -1.274799942970276
   2.490999996662140E-001
   1.988999992609024E-001
  -4.174000024795532E-001
       -1.345700025558472
  -1.362999975681305E-001
       -1.070999979972839
       -2.334199905395508
       -1.781800031661987
       -1.670799970626831
  -4.960000142455101E-002
  -6.049999967217445E-002
       -1.146600008010864
  -7.865999937057495E-001
       -1.567100048065186
       -1.585399985313416
  -7.343000173568726E-001
  -2.752000093460083E-001
        1.631000041961670
        1.845999956130981
        1.593600034713745
   3.544000089168549E-001
        1.467900037765503
        2.090699911117554
        1.665400028228760
        1.958400011062622
  -2.642999887466431E-001
  -7.275999784469605E-001
       -2.016799926757813
       -2.055799961090088
       -2.781300067901611
   1.982000023126602E-001
   5.375999808311462E-001
   3.098999857902527E-001
  -3.007000088691711E-001
  -1.361999958753586E-001
   4.199999850243330E-003
   4.914999902248383E-001
   9.939000010490418E-001
        2.443900108337402
  -3.833000063896179E-001
  -4.273000061511993E-001
       -2.203399896621704
       -1.770499944686890
       -2.483000040054321
       -4.208899974822998
       -1.579800009727478
  -5.669999718666077E-001
       -2.427999973297119
       -3.430299997329712
       -3.117199897766113
       -2.266000032424927
       -2.468300104141235
       -2.325799942016602
  -1.678999960422516E-001
  -2.750999927520752E-001
  -7.799999713897705E-001
       -1.437999963760376
       -1.864199995994568
  -9.760000109672546E-001
  -1.801999956369400E-001
  -7.541000247001648E-001
       -1.072100043296814
       -1.070299983024597
       -1.478199958801270
       -1.046900033950806
       -2.045200109481812
       -2.905200004577637
       -2.238399982452393
       -2.182800054550171
       -1.683500051498413
  -9.453999996185303E-001
       -2.128299951553345
  -1.418000012636185E-001
  -8.262000083923340E-001
  -2.387000024318695E-001
  -2.395000010728836E-001
   4.305000007152557E-001
   7.828000187873840E-001
        1.752599954605103
        2.145999908447266
        1.027600049972534
        2.005500078201294
        1.527799963951111
        1.574300050735474
   1.136000007390976E-001
  -4.426000118255615E-001
   8.547999858856201E-001
  -4.199000000953674E-001
  -7.494999766349793E-001
  -6.683999896049500E-001
  -7.833999991416931E-001
  -6.359999775886536E-001
       -1.181200027465820
  -9.889999777078629E-002
   6.571999788284302E-001
        1.156700015068054
        1.396399974822998
   6.391000151634216E-001
   7.131000161170960E-001
   7.863000035285950E-001
  -4.634999930858612E-001
       -2.428800106048584
       -1.892199993133545
       -1.254699945449829
       -2.289200067520142
       -2.597800016403198
       -2.455100059509277
  -7.250999808311462E-001
       -1.274299979209900
       -1.372499942779541
       -1.961799979209900
       -2.007200002670288
       -1.619400024414063
  -7.170000076293945E-001
  -4.620000123977661E-001
  -2.090000063180924E-001
  -9.117000102996826E-001
       -1.948799967765808
  -9.537000060081482E-001
       -1.072800040245056
  -1.923000067472458E-001
  -3.617999851703644E-001
  -7.423999905586243E-001
       -3.205699920654297
       -1.963400006294251
       -2.977499961853027
       -2.185800075531006
       -1.865700006484985
       -1.212000012397766
       -1.679900050163269
       -1.803300023078919
       -1.270400047302246
       -2.322000026702881
       -2.481100082397461
       -1.382799983024597
       -1.188199996948242
        1.057800054550171
  -2.446999996900559E-001
        2.113699913024902
        2.014800071716309
   8.328999876976013E-001
   2.425000071525574E-001
  -5.700000096112490E-003
  -2.493000030517578E-001
  -8.167999982833862E-001
       -1.023599982261658
  -9.499999694526196E-003
       -1.487800002098084
       -1.279399991035461
       -1.166100025177002
       -1.460399985313416
  -6.963999867439270E-001
  -1.444000005722046E-001
  -4.681000113487244E-001
  -7.666000127792358E-001
        1.128999948501587
        2.264100074768066
   3.576000034809113E-001
        1.153300046920776
   8.378999829292297E-001
  -6.319000124931335E-001
       -2.101300001144409
       -1.949399948120117
       -3.434999942779541
       -2.289700031280518
       -3.113699913024902
       -2.098099946975708
       -1.164000034332275
  -7.049000263214111E-001
       -1.604200005531311
  -9.265000224113464E-001
       -1.220900058746338
       -1.090299963951111
  -6.809999793767929E-002
        1.023399949073792
   2.933000028133392E-001
       -1.015599966049194
       -2.566699981689453
  -8.878999948501587E-001
       -1.771900057792664
       -1.148300051689148
   7.358999848365784E-001
       -1.419000029563904
       -1.485100030899048
       -3.291800022125244
       -3.078900098800659
       -2.723599910736084
       -1.851899981498718
  -7.128999829292297E-001
       -3.155299901962280
       -1.974599957466126
  -9.387000203132629E-001
       -1.482200026512146
       -2.662899971008301
       -1.575000047683716
       -1.343700051307678
  -3.485000133514404E-001
   1.010000035166740E-001
   4.309999942779541E-002
        1.638900041580200
       -1.139299988746643
       -1.531999945640564
  -8.391000032424927E-001
       -1.396800041198731
       -1.165199995040894
  -7.694000005722046E-001
       -1.192800045013428
       -2.548099994659424
       -1.853000044822693
       -1.077700018882752
   1.412999927997589E-001
   4.611000120639801E-001
        1.164800047874451
   6.748999953269959E-001
        1.242200016975403
        2.249599933624268
        2.964099884033203
        2.568700075149536
   6.467999815940857E-001
        1.210800051689148
  -5.034000277519226E-001
       -1.074200034141541
  -8.529999852180481E-002
       -1.861500024795532
  -8.230000138282776E-001
       -3.007999897003174
  -5.584999918937683E-001
       -1.020099997520447
       -1.601600050926209
       -1.922299981117249
       -1.655900001525879
  -7.490000128746033E-001
   4.472000002861023E-001
       -1.172099947929382
        1.414800047874451
        1.143800020217896
  -9.566000103950501E-001
       -2.590500116348267
       -2.897700071334839
       -4.703800201416016
       -3.142899990081787
  -8.833000063896179E-001
  -7.978000044822693E-001
       -1.664000034332275
       -2.786400079727173
       -3.737600088119507
       -3.687799930572510
       -2.271500110626221
       -4.014200210571289
       -1.781999945640564
       -2.998699903488159
       -2.007800102233887
       -1.351899981498718
       -1.143399953842163
       -1.249300003051758
  -1.636999994516373E-001
  -7.168999910354614E-001
       -1.581599950790405
       -1.034199953079224
  -1.942999958992004E-001
  -6.068000197410584E-001
       -1.892699956893921
       -2.778599977493286
       -1.595800042152405
       -1.318199992179871
  -5.020000040531158E-002
       -1.229599952697754
       -2.293100118637085
       -3.625999927520752
       -1.942299962043762
   4.589000046253204E-001
   3.853000104427338E-001
        1.210999965667725
        1.352499961853027
        1.922199964523315
        4.066699981689453
        3.380899906158447
        2.871999979019165
        2.323400020599365
        1.839499950408936
  -3.380999863147736E-001
       -1.858700037002564
       -1.689399957656860
       -2.038899898529053
       -2.343300104141235
  -2.369000017642975E-001
  -5.146999955177307E-001
   9.542999863624573E-001
        1.024399995803833
       -1.239799976348877
       -1.091799974441528
  -8.201000094413757E-001
   8.658000230789185E-001
  -3.298000097274780E-001
   4.654999971389771E-001
       -1.748999953269959
       -2.372900009155273
       -3.589900016784668
       -3.936700105667114
       -3.281100034713745
       -3.881000041961670
       -1.863499999046326
       -1.875800013542175
       -3.898999929428101
       -3.773799896240234
       -4.692800045013428
       -4.096899986267090
       -3.386899948120117
       -4.470399856567383
       -3.907399892807007
       -3.501399993896484
       -2.197700023651123
       -2.180000066757202
       -2.226700067520142
       -2.291300058364868
       -1.539199948310852
       -1.251600027084351
       -1.345800042152405
       -1.671499967575073
       -1.339400053024292
       -1.196200013160706
       -1.455600023269653
       -2.613100051879883
       -2.152299880981445
       -1.384899973869324
   7.559000253677368E-001
  -5.511999726295471E-001
  -1.437000036239624E-001
       -2.852600097656250
       -2.331300020217896
       -1.811400055885315
   1.924999952316284E-001
  -4.106000065803528E-001
        1.765400052070618
        1.285400032997131
        3.277899980545044
        3.804300069808960
        2.502700090408325
   6.043999791145325E-001
        2.638000011444092
   2.949000000953674E-001
       -1.835500001907349
  -7.354000210762024E-001
  -3.386000096797943E-001
   1.499999966472387E-002
        1.857499957084656
        1.950700044631958
        1.312399983406067
   9.578999876976013E-001
   9.398999810218811E-001
  -3.420000076293945E-001
  -2.590999901294708E-001
        1.113899946212769
   4.871999919414520E-001
       -1.215700030326843
       -1.501099944114685
       -3.646699905395508
       -4.736899852752686
       -4.409800052642822
       -4.242599964141846
       -3.076999902725220
       -2.464699983596802
       -3.641700029373169
       -4.988599777221680
       -3.761300086975098
       -3.440500020980835
       -3.601099967956543
       -1.665300011634827
       -1.947600007057190
       -3.283699989318848
       -2.545099973678589
       -2.521399974822998
  -8.238999843597412E-001
       -1.044100046157837
       -2.630399942398071
       -2.008599996566773
  -7.274000048637390E-001
       -2.864000082015991
       -1.624099969863892
       -1.474400043487549
       -1.790400028228760
       -2.752000093460083
       -2.812700033187866
       -1.934800028800964
  -9.309999644756317E-002
   3.330000117421150E-002
  -4.462000131607056E-001
   2.073999941349030E-001
  -7.038000226020813E-001
       -1.789100050926209
       -1.051300048828125
  -2.949999868869782E-001
   1.600999981164932E-001
        1.959800004959106
        2.886300086975098
        3.987400054931641
        2.748300075531006
        2.296299934387207
        1.325000047683716
        2.112900018692017
  -1.721999943256378E-001
  -3.587000072002411E-001
   2.955000102519989E-001
        1.434800028800964
        2.000499963760376
        2.305500030517578
        1.321499943733215
        2.373899936676025
        2.449199914932251
   6.341000199317932E-001
   2.935999929904938E-001
  -4.690999984741211E-001
  -1.886000037193298E-001
  -4.070000052452087E-001
   3.339999914169312E-001
  -9.919999837875366E-001
       -1.120200037956238
       -2.632299900054932
       -4.936600208282471
       -5.012599945068359
       -3.194900035858154
       -3.210599899291992
       -4.234000205993652
       -4.658199787139893
       -4.166600227355957
       -3.058900117874146
       -2.540499925613403
       -2.566800117492676
       -2.427400112152100
       -1.858199954032898
       -2.536200046539307
  -8.108000159263611E-001
   4.158999919891357E-001
   3.689999878406525E-001
  -1.870999932289124E-001
       -1.910500049591065
       -1.821699976921082
       -1.428300023078919
       -2.439899921417236
       -1.882400035858154
       -2.700799942016602
       -4.002299785614014
       -3.973900079727173
       -1.794499993324280
       -1.243999958038330
       -1.107900023460388
       -1.552000045776367
       -1.968099951744080
  -4.474000036716461E-001
  -1.921000033617020E-001
  -4.589000046253204E-001
  -9.225999712944031E-001
   4.510999917984009E-001
        1.702399969100952
        1.534000039100647
        1.915500044822693
        2.762700080871582
        3.885299921035767
        2.449599981307983
        1.878700017929077
   3.513000011444092E-001
   5.648999810218811E-001
   5.942999720573425E-001
        1.331300020217896
        1.437100052833557
        1.763800024986267
        1.419000029563904
        1.082499980926514
        1.151200056076050
   1.030000019818544E-002
       -1.222699999809265
  -6.912999749183655E-001
       -1.662999987602234
  -4.510000050067902E-001
   4.621999859809876E-001
       -2.324300050735474
       -2.598099946975708
       -2.987699985504150
       -5.449100017547607
       -5.022399902343750
       -4.160600185394287
       -3.607700109481812
       -4.769499778747559
       -5.330399990081787
       -3.885400056838989
       -3.595499992370606
       -4.024300098419190
       -2.518599987030029
  -7.475000023841858E-001
  -6.288999915122986E-001
  -4.681000113487244E-001
       -1.291800022125244
   2.585999965667725E-001
        1.320500016212463
  -7.944999933242798E-001
   2.266000062227249E-001
  -7.985000014305115E-001
       -1.496700048446655
       -1.644799947738648
       -2.447700023651123
       -2.916599988937378
       -2.510600090026856
       -3.701499938964844
       -2.761300086975098
       -1.271900057792664
  -7.066000103950501E-001
       -1.752799987792969
       -1.496399998664856
       -2.219899892807007
       -1.190700054168701
  -2.465000003576279E-001
   2.561999857425690E-001
   5.530999898910523E-001
  -1.703000068664551E-001
   4.264999926090241E-001
        1.016899943351746
        3.216200113296509
        3.131400108337402
        3.303100109100342
        1.332399964332581
   5.392000079154968E-001
   2.469000071287155E-001
  -6.202999949455261E-001
        1.688500046730042
        2.001600027084351
        1.228800058364868
   8.816999793052673E-001
        1.893000006675720
   2.870999872684479E-001
  -4.192000031471252E-001
  -8.209000229835510E-001
       -1.193699955940247
       -2.396699905395508
       -2.081700086593628
   9.424999952316284E-001
       -2.450200080871582
       -3.528500080108643
       -4.761000156402588
       -4.929599761962891
       -4.085700035095215
       -5.256999969482422
       -3.557600021362305
       -5.414599895477295
       -4.086400032043457
       -3.187299966812134
       -3.730900049209595
       -3.812200069427490
       -2.755700111389160
       -1.311200022697449
  -6.248999834060669E-001
       -1.200199961662293
   7.857000231742859E-001
        1.401200056076050
       -1.402699947357178
   9.272999763488770E-001
        1.518399953842163
   6.514999866485596E-001
  -3.510999977588654E-001
       -3.115200042724609
       -1.369799971580505
       -2.362999916076660
       -1.743299961090088
       -3.738199949264526
       -3.103499889373779
  -8.054999709129334E-001
  -9.196000099182129E-001
       -2.832200050354004
  -9.028999805450440E-001
  -6.471999883651733E-001
       -1.148300051689148
       -1.831300020217896
  -4.178999960422516E-001
   9.832000136375427E-001
  -1.870999932289124E-001
        1.061499953269959
        2.045799970626831
        1.600100040435791
        2.258500099182129
        3.863600015640259
        3.115900039672852
        1.352699995040894
   9.730000048875809E-002
   5.950999855995178E-001
   4.061999917030335E-001
  -1.972000002861023E-001
  -2.157000005245209E-001
   2.669000029563904E-001
   3.064000010490418E-001
       -1.136199951171875
       -1.039700031280518
       -1.854500055313110
       -1.513200044631958
       -1.249099969863892
       -1.725900053977966
       -1.423799991607666
       -3.067399978637695
       -2.796299934387207
       -3.161200046539307
       -4.504700183868408
       -4.212699890136719
       -5.301799774169922
       -3.877599954605103
       -3.859600067138672
       -2.866800069808960
       -1.280900001525879
       -3.625999927520752
       -2.095000028610230
       -1.365800023078919
       -1.205999970436096
  -1.119000017642975E-001
   5.368000268936157E-001
        2.353600025177002
        1.683200001716614
   9.623000025749207E-001
        1.714100003242493
        1.740200042724609
        1.914899945259094
   5.404999852180481E-001
  -8.881999850273132E-001
  -9.987000226974487E-001
       -2.310600042343140
       -2.257600069046021
       -3.957799911499023
       -2.813400030136108
  -8.508999943733215E-001
       -1.515300035476685
  -6.440000236034393E-002
       -1.126799941062927
       -1.848700046539307
       -1.532799959182739
  -5.888000130653381E-001
       -1.141999959945679
  -4.850000143051148E-002
        1.659399986267090
        2.185600042343140
        1.641800045967102
        2.053900003433228
        2.717000007629395
        3.638099908828735
        2.416800022125244
        1.856799960136414
   8.453000187873840E-001
  -3.050999939441681E-001
        2.269900083541870
   3.625999987125397E-001
   5.583000183105469E-001
   4.618000090122223E-001
   5.990000069141388E-002
       -1.047500014305115
       -2.221899986267090
  -7.469000220298767E-001
  -3.948999941349030E-001
   2.123000025749207E-001
  -4.007999897003174E-001
       -1.719099998474121
       -2.804399967193604
       -2.956300020217896
       -2.904700040817261
       -4.043399810791016
       -3.358299970626831
       -3.989599943161011
       -4.658899784088135
       -5.442599773406982
       -4.309000015258789
       -3.299700021743774
       -2.308799982070923
       -2.506400108337402
  -3.319999873638153E-001
   1.693000048398972E-001
        1.434599995613098
        2.296099901199341
        2.108299970626831
   7.426999807357788E-001
        1.958799958229065
        1.049200057983398
        1.821400046348572
        1.903200030326843
   4.800000041723251E-002
       -1.874099969863892
       -2.258399963378906
       -3.647599935531616
       -2.847399950027466
       -3.145900011062622
       -3.629699945449829
       -1.742499947547913
       -1.436900019645691
       -2.068900108337402
       -1.879500031471252
       -1.054100036621094
   3.088000118732452E-001
   1.264999955892563E-001
        1.433899998664856
        1.001600027084351
        2.025199890136719
        2.010400056838989
   9.280999898910523E-001
   1.731999963521957E-001
        1.619500041007996
        1.491199970245361
        2.541699886322022
        3.177799940109253
        1.608800053596497
        1.758800029754639
   5.270000174641609E-002
   2.404000014066696E-001
  -1.967000067234039E-001
       -1.057000041007996
       -1.049700021743774
       -2.241699934005737
       -2.323499917984009
   4.575999975204468E-001
   4.778000116348267E-001
        1.027799963951111
   3.580000102519989E-001
  -5.601999759674072E-001
       -3.478199958801270
       -3.626800060272217
       -1.102100014686585
       -2.509900093078613
       -2.296499967575073
       -4.039500236511231
       -3.552299976348877
       -5.444600105285645
       -3.197000026702881
       -2.921600103378296
       -3.785700082778931
       -2.404000043869019
   7.238000035285950E-001
        1.384999990463257
        2.950700044631958
        2.295500040054321
        1.607200026512146
   1.005000025033951E-001
        1.484500050544739
   8.173000216484070E-001
  -1.020999997854233E-001
  -9.675999879837036E-001
       -1.850600004196167
       -2.605400085449219
       -2.645699977874756
       -2.838700056076050
       -2.391000032424927
       -1.075600028038025
       -1.205899953842163
       -1.154899954795837
       -3.029799938201904
       -1.714699983596802
  -4.733000099658966E-001
   1.358000040054321E-001
   9.581999778747559E-001
  -2.459000051021576E-001
   4.893999993801117E-001
        1.327100038528442
        1.133700013160706
       -1.215499997138977
  -4.648000001907349E-001
   8.780999779701233E-001
        1.669199943542481
   1.618999987840653E-001
        1.106699943542481
        1.070799946784973
   3.806999921798706E-001
   9.138000011444092E-001
   6.581000089645386E-001
  -3.492000102996826E-001
  -6.018999814987183E-001
   9.059999883174896E-002
  -6.945999860763550E-001
       -2.114099979400635
       -1.411000013351440
  -1.395999938249588E-001
  -5.078999996185303E-001
  -4.945999979972839E-001
  -4.458000063896179E-001
   2.834999859333038E-001
  -2.426999956369400E-001
   1.049999985843897E-002
   9.922999739646912E-001
  -8.256000280380249E-001
  -9.280999898910523E-001
       -1.972699999809265
       -2.093899965286255
       -3.597800016403198
       -3.070899963378906
       -1.953500032424927
       -3.214099884033203
       -1.733299970626831
  -2.276999950408936E-001
        1.198899984359741
        2.080300092697144
        2.684999942779541
   5.648999810218811E-001
   8.938000202178955E-001
        1.126099944114685
   6.019999831914902E-002
       -2.482000112533569
       -3.083699941635132
       -1.556800007820129
       -2.023200035095215
       -2.575200080871582
       -3.770600080490112
  -3.546000123023987E-001
  -5.982000231742859E-001
       -1.466699957847595
       -2.335000038146973
       -1.726899981498718
  -9.161999821662903E-001
   7.519000172615051E-001
        2.348900079727173
        1.274700045585632
  -5.799999926239252E-003
   5.794000029563904E-001
  -5.744000077247620E-001
       -1.219900012016296
       -2.154799938201904
       -1.963199973106384
       -1.228000044822693
   4.952999949455261E-001
   3.233999907970429E-001
   6.467999815940857E-001
        1.188199996948242
   3.481000065803528E-001
   6.128000020980835E-001
   3.928000032901764E-001
       -1.429399967193604
  -6.631000041961670E-001
       -2.406100034713745
  -8.991000056266785E-001
       -1.361199975013733
  -5.889000296592712E-001
  -4.927999973297119E-001
  -8.683000206947327E-001
  -4.381999969482422E-001
  -3.570000082254410E-002
   6.689000129699707E-001
   4.433999955654144E-001
   8.977000117301941E-001
        1.704300045967102
   3.640000149607658E-002
       -1.235000014305115
  -7.652000188827515E-001
  -8.184000253677368E-001
       -2.114900112152100
       -1.866400003433228
       -1.902799963951111
       -3.010400056838989
       -2.190299987792969
       -1.833600044250488
  -7.566000223159790E-001
        1.995499968528748
        2.000699996948242
        2.122299909591675
   8.654999732971191E-001
        1.368600010871887
   1.615000069141388E-001
       -1.090700030326843
       -1.981199979782105
       -2.536200046539307
       -2.623300075531006
       -2.980299949645996
       -3.633699893951416
       -2.478600025177002
       -2.576499938964844
       -1.306900024414063
       -1.507500052452087
       -1.984099984169006
  -1.494999974966049E-001
        2.014800071716309
        2.257100105285645
   5.820999741554260E-001
   8.709999918937683E-001
   8.145999908447266E-001
  -8.402000069618225E-001
  -6.686000227928162E-001
  -6.826000213623047E-001
   5.796999931335449E-001
   7.425000071525574E-001
   2.689999938011169E-001
  -4.900000058114529E-003
  -7.635999917984009E-001
  -4.769999906420708E-002
  -8.779000043869019E-001
       -1.567199945449829
       -1.126799941062927
       -2.071399927139282
   1.730000041425228E-002
  -5.511999726295471E-001
       -1.400900006294251
       -1.103399991989136
       -1.276800036430359
       -2.216300010681152
       -2.110500097274780
       -1.872200012207031
  -9.160000085830689E-001
   4.699999988079071E-001
   6.902999877929688E-001
  -2.630000114440918E-001
        2.245800018310547
        1.692299962043762
   2.377000004053116E-001
   4.212999939918518E-001
  -2.119999974966049E-001
       -1.832999944686890
       -2.597700119018555
       -2.405600070953369
       -3.208300113677979
  -4.217999875545502E-001
  -5.939000248908997E-001
  -9.197999835014343E-001
   7.821000218391419E-001
        1.052000045776367
        2.879400014877319
        2.159399986267090
        1.942600011825562
   9.481999874114990E-001
       -1.239300012588501
       -1.904299974441528
       -2.290600061416626
       -2.459000110626221
       -2.163000106811523
       -2.132100105285645
       -3.540499925613403
       -2.766499996185303
       -3.509299993515015
       -1.872599959373474
       -1.070399999618530
  -3.449999913573265E-002
   8.278999924659729E-001
        2.061899900436401
   7.109999656677246E-002
   4.657000005245209E-001
   3.680999875068665E-001
  -5.530000105500221E-002
       -1.153100013732910
  -6.230999827384949E-001
   2.901999950408936E-001
        1.657699942588806
        1.913800001144409
   3.684999942779541E-001
        1.927999973297119
  -9.570000171661377E-001
       -2.529200077056885
       -2.127599954605103
       -2.518199920654297
       -2.583300113677979
       -1.717300057411194
  -2.966000139713287E-001
  -2.921999990940094E-001
       -1.166700005531311
       -1.869300007820129
  -3.079000115394592E-001
       -1.185899972915649
  -1.212999969720841E-001
   1.826000064611435E-001
  -6.615999937057495E-001
   3.194999992847443E-001
  -1.054000034928322E-001
   6.661000251770020E-001
        1.784199953079224
   2.894999980926514E-001
   4.304000139236450E-001
  -1.993999928236008E-001
       -2.105499982833862
       -2.388900041580200
       -3.990600109100342
       -2.386600017547607
       -1.114500045776367
  -4.350999891757965E-001
        1.090299963951111
        1.662299990653992
   3.443000018596649E-001
   9.689999818801880E-001
        2.068900108337402
        2.696799993515015
        1.089400053024292
  -4.300000146031380E-003
       -1.238800048828125
       -1.568400025367737
  -1.632999926805496E-001
       -1.189200043678284
  -6.015999913215637E-001
       -1.883000016212463
       -2.574899911880493
       -2.652299880981445
       -3.303699970245361
       -1.586400032043457
       -1.412099957466126
  -5.744000077247620E-001
  -9.301999807357788E-001
   4.535999894142151E-001
   2.809000015258789E-001
        1.409199953079224
   8.851000070571899E-001
        1.329599976539612
   6.818000078201294E-001
   9.600000083446503E-002
   8.008999824523926E-001
        1.010499954223633
        1.270200014114380
   4.277999997138977E-001
  -5.715000033378601E-001
       -1.254799962043762
       -2.501899957656860
       -3.276799917221069
       -3.147599935531616
       -1.210000038146973
  -6.643999814987183E-001
  -7.202000021934509E-001
  -4.305999875068665E-001
       -1.490700006484985
        1.444800019264221
   7.860000133514404E-001
  -7.407000064849854E-001
  -1.537999957799912E-001
   1.407999992370606E-001
   2.099999971687794E-002
        1.022500038146973
        1.218999981880188
        2.618400096893311
   5.480999946594238E-001
   4.007999897003174E-001
   9.858000278472900E-001
  -6.833000183105469E-001
       -2.136600017547607
       -3.089299917221069
       -3.394700050354004
       -2.284699916839600
  -3.213999867439270E-001
   4.537000060081482E-001
  -5.799000263214111E-001
  -3.063000142574310E-001
  -9.898999929428101E-001
   4.171000123023987E-001
   7.868000268936157E-001
  -2.449000030755997E-001
  -7.590000033378601E-001
       -1.234200000762940
  -4.614999890327454E-001
  -4.596999883651733E-001
   5.669000148773193E-001
       -1.296800017356873
  -5.465999841690064E-001
       -1.748999953269959
       -1.616799950599670
       -2.965800046920776
  -9.309999644756317E-002
  -3.319999873638153E-001
       -1.114599943161011
  -8.874999880790710E-001
  -1.200999990105629E-001
  -1.868000030517578E-001
   3.555000126361847E-001
  -2.032999992370606E-001
  -1.080999970436096E-001
   5.636000037193298E-001
   4.537000060081482E-001
  -1.754000037908554E-001
       -1.625599980354309
  -7.300000190734863E-001
  -7.671999931335449E-001
  -3.296999931335449E-001
  -3.458999991416931E-001
       -2.977400064468384
       -3.990700006484985
       -3.937000036239624
       -2.575000047683716
  -8.030000329017639E-002
   2.240999937057495E-001
   4.045000076293945E-001
   6.254000067710877E-001
        1.098700046539307
        1.899899959564209
   1.960999965667725E-001
   3.998999893665314E-001
   2.035000026226044E-001
  -6.072000265121460E-001
   6.136999726295471E-001
        2.990400075912476
        2.346199989318848
        1.120499968528748
   2.718000113964081E-001
  -8.349999785423279E-002
  -6.484000086784363E-001
  -5.625000000000000E-001
       -1.911700010299683
       -2.280200004577637
       -2.832099914550781
  -7.038000226020813E-001
  -6.324999928474426E-001
  -3.790000081062317E-001
   2.878000140190125E-001
  -4.093999862670898E-001
        1.006399989128113
   6.352999806404114E-001
        1.590700030326843
   1.431999951601028E-001
  -2.757999897003174E-001
       -1.278599977493286
   4.300999939441681E-001
   2.736999988555908E-001
  -8.381000161170960E-001
  -2.396000027656555E-001
   5.149000287055969E-001
  -9.797999858856201E-001
       -2.089099884033203
       -2.153899908065796
  -8.299999684095383E-002
  -9.308999776840210E-001
  -1.689999997615814E-001
   1.880999952554703E-001
  -4.000999927520752E-001
  -5.485000014305115E-001
  -1.799999922513962E-002
   2.536999881267548E-001
        1.766000032424927
   7.836999893188477E-001
  -1.660999953746796E-001
       -1.994300007820129
  -7.641000151634216E-001
   3.880000114440918E-002
       -1.395699977874756
       -2.514199972152710
       -2.581000089645386
       -2.299499988555908
       -2.457400083541870
       -1.640799999237061
  -8.404999971389771E-001
       -1.047600030899048
   6.448000073432922E-001
        1.106099963188171
        2.723999977111816
        3.690299987792969
        1.868199944496155
        1.776900053024292
        1.802899956703186
  -9.789999723434448E-001
        1.246700048446655
        2.958699941635132
        3.361900091171265
   4.341000020503998E-001
  -1.150000020861626E-001
   3.738999962806702E-001
   8.931000232696533E-001
   4.546000063419342E-001
   5.264000296592712E-001
   9.304000139236450E-001
   1.649999991059303E-002
       -1.376700043678284
  -6.758999824523926E-001
  -4.690000116825104E-001
   6.457999944686890E-001
       -1.167000055313110
  -5.386999845504761E-001
  -6.284000277519226E-001
       -2.082900047302246
       -1.106600046157837
  -4.650000035762787E-001
  -2.143000066280365E-001
  -6.554999947547913E-001
   1.141000017523766E-001
   1.071000024676323E-001
   3.440000116825104E-002
  -4.993000030517578E-001
       -2.593100070953369
       -2.856499910354614
       -1.238299965858460
       -1.346400022506714
  -5.200000107288361E-002
  -3.224999904632568E-001
       -1.019400000572205
  -4.765999913215637E-001
  -1.906999945640564E-001
  -4.438999891281128E-001
   5.436999797821045E-001
  -8.619999885559082E-002
       -1.752699971199036
       -1.286599993705750
  -4.562000036239624E-001
   9.939999878406525E-002
  -8.300999999046326E-001
       -2.580899953842163
       -2.711999893188477
       -2.375900030136108
       -2.632699966430664
       -2.342000007629395
       -2.368700027465820
       -2.209199905395508
  -8.835999965667725E-001
  -9.510999917984009E-001
   3.754999935626984E-001
        1.438099980354309
        1.190799951553345
        2.088900089263916
   8.100000023841858E-001
        2.485800027847290
   3.819999843835831E-002
        2.538500070571899
        3.197999954223633
        1.662999987602234
   9.379000067710877E-001
  -4.949999973177910E-002
   8.111000061035156E-001
   8.633999824523926E-001
   4.201999902725220E-001
   2.387000024318695E-001
   1.965000033378601E-001
  -3.750999867916107E-001
   1.929000020027161E-001
  -1.132000014185906E-001
   6.690000295639038E-001
   9.552000164985657E-001
        1.122599959373474
       -1.904099941253662
       -1.257400035858154
  -7.954000234603882E-001
       -1.792000055313110
  -5.327000021934509E-001
   1.348000019788742E-001
  -1.177999973297119E-001
   2.937999963760376E-001
       -1.366799950599670
   8.892999887466431E-001
   4.568000137805939E-001
  -2.439000010490418E-001
   1.802999973297119E-001
   8.355000019073486E-001
   3.768000006675720E-001
   8.497999906539917E-001
   9.424999952316284E-001
       -1.194000005722046
       -1.252200007438660
  -8.770999908447266E-001
       -1.399099946022034
  -2.184000015258789E-001
       -1.615800023078919
       -1.113299965858460
       -1.672000050544739
       -1.041000008583069
       -1.045300006866455
       -1.018700003623962
       -1.333199977874756
       -2.121900081634522
       -1.634799957275391
       -2.394000053405762
       -2.894500017166138
       -2.617399930953980
       -2.114599943161011
  -7.002999782562256E-001
       -1.342499971389771
  -9.571999907493591E-001
        1.023399949073792
        2.431099891662598
        1.643300056457520
   8.719999790191650E-001
        1.311100006103516
   4.023999869823456E-001
        1.624600052833557
        2.122299909591675
        2.347599983215332
   6.588000059127808E-001
   3.093000054359436E-001
   5.145999789237976E-001
   9.431999921798706E-001
  -9.309999942779541E-001
  -4.095000028610230E-001
       -1.641399979591370
       -1.268000006675720
   3.041000068187714E-001
   9.429000020027161E-001
  -8.720000088214874E-002
   4.560999870300293E-001
   6.912000179290772E-001
   2.422000020742416E-001
       -1.172899961471558
       -1.328299999237061
       -2.034499883651733
       -2.355400085449219
       -2.421799898147583
  -7.110000252723694E-001
       -2.265599966049194
  -2.933999896049500E-001
   4.880000054836273E-001
        1.836799979209900
        1.922799944877625
        1.476500034332275
   4.271999895572662E-001
   6.624000072479248E-001
        1.644600033760071
   9.254000186920166E-001
  -7.221999764442444E-001
   2.317000031471252E-001
  -9.542999863624573E-001
       -1.195899963378906
   3.346999883651733E-001
       -1.553500056266785
       -1.557600021362305
       -2.811700105667114
       -2.281199932098389
       -1.355999946594238
       -1.084800004959106
  -2.247000038623810E-001
  -7.707999944686890E-001
  -5.367000102996826E-001
       -2.440799951553345
       -3.579400062561035
       -1.653699994087219
  -3.501000106334686E-001
  -1.243000030517578E-001
  -5.207999944686890E-001
  -6.570000201463699E-002
  -3.513999879360199E-001
   2.958999872207642E-001
  -7.810000181198120E-001
        1.413400053977966
   8.614000082015991E-001
   2.948000133037567E-001
        1.077800035476685
        1.015100002288818
        1.184200048446655
   1.699000000953674E-001
  -2.950000017881393E-002
   4.749999940395355E-001
   7.425000071525574E-001
  -1.393000036478043E-001
       -1.756500005722046
       -2.331099987030029
       -1.386700034141541
   5.764999985694885E-001
   3.359999954700470E-001
   2.203000038862228E-001
  -2.421000003814697E-001
   8.223000168800354E-001
  -5.996999740600586E-001
  -8.866999745368958E-001
       -2.246200084686279
       -1.603399991989136
       -1.388100028038025
       -1.534999966621399
  -7.767000198364258E-001
  -6.328999996185303E-001
   6.014999747276306E-001
        1.218500018119812
        1.928099989891052
   9.569000005722046E-001
        1.046900033950806
        1.750100016593933
        2.264300107955933
        1.179100036621094
   5.267999768257141E-001
  -6.352999806404114E-001
   1.322000026702881E-001
       -1.412600040435791
       -2.031899929046631
       -1.445700049400330
  -5.031999945640564E-001
       -1.293099999427795
       -1.599900007247925
       -2.015399932861328
       -1.154299974441528
  -9.459000229835510E-001
  -9.240000247955322E-001
  -1.058999970555306E-001
   4.699999839067459E-002
  -6.000999808311462E-001
       -1.478700041770935
  -7.605999708175659E-001
   9.652000069618225E-001
  -2.318000048398972E-001
  -9.334999918937683E-001
  -5.595999956130981E-001
   6.560000181198120E-001
   5.914000272750855E-001
   1.612000018358231E-001
  -2.664999961853027E-001
        1.563400030136108
  -1.958000063896179E-001
        1.365800023078919
       -1.558400034904480
   4.129999876022339E-002
       -1.936200022697449
  -7.100999951362610E-001
  -5.317999720573425E-001
  -2.754000127315521E-001
       -1.072900056838989
       -1.894999980926514
       -1.388599991798401
  -3.978999853134155E-001
   1.173999980092049E-001
  -6.863999962806702E-001
   1.251000016927719E-001
   6.854000091552734E-001
   2.386000007390976E-001
       -1.475600004196167
       -1.519500017166138
  -3.727000057697296E-001
       -1.139099955558777
  -2.901000082492828E-001
  -3.111000061035156E-001
   3.679000139236450E-001
   1.845999956130981E-001
        1.100900053977966
        2.608700037002564
        3.884999990463257
        1.947100043296814
        2.130500078201294
        1.891299962997437
        1.789700031280518
        2.466200113296509
   5.917000174522400E-001
  -1.427000015974045E-001
  -6.140000000596046E-002
       -1.814900040626526
       -3.017899990081787
       -1.464800000190735
  -1.348000019788742E-001
  -2.436999976634979E-001
       -1.404899954795837
       -1.651900053024292
  -4.092000126838684E-001
  -3.379999995231628E-001
       -1.309100031852722
       -1.043400049209595
   5.570000037550926E-002
        1.083600044250488
        1.415400028228760
  -4.553000032901764E-001
  -5.443999767303467E-001
   2.105000019073486E-001
   2.119999937713146E-002
  -5.449000000953674E-001
        1.486199975013733
   5.149999856948853E-001
   8.169000148773193E-001
   4.548999965190888E-001
        2.308900117874146
       -1.015300035476685
  -1.470000017434359E-002
  -6.923000216484070E-001
   8.500000461935997E-003
       -2.247400045394898
       -1.501500010490418
       -1.762099981307983
  -2.456000000238419E-001
  -3.657000064849854E-001
       -1.842599987983704
       -1.406900048255920
       -1.315000057220459
  -6.730999946594238E-001
   2.732999920845032E-001
  -4.575000107288361E-001
  -2.030999958515167E-001
  -5.128999948501587E-001
  -6.769000291824341E-001
   2.649999856948853E-001
   4.036000072956085E-001
  -1.935999989509583E-001
   4.408000111579895E-001
   6.327999830245972E-001
   2.010000050067902E-001
        1.083199977874756
        1.554600000381470
        1.902099967002869
        3.242500066757202
        3.400899887084961
        1.920400023460388
        2.283999919891357
        2.034399986267090
        2.533499956130981
        1.925099968910217
   6.740999817848206E-001
   7.419999688863754E-002
       -2.226500034332275
       -2.503599882125855
       -1.736600041389465
  -1.620000004768372E-001
       -1.696400046348572
       -1.980200052261353
       -1.105200052261353
       -1.250699996948242
  -3.373999893665314E-001
       -1.366099953651428
       -1.698199987411499
       -1.104099988937378
   8.023999929428101E-001
   6.977000236511231E-001
  -7.771999835968018E-001
   8.999999845400453E-004
   8.011000156402588E-001
  -4.539000093936920E-001
   5.510000139474869E-002
   9.751999974250794E-001
        1.526299953460693
        1.454200029373169
   9.092000126838684E-001
        1.072199940681458
  -4.316000044345856E-001
        1.021700024604797
   2.010000050067902E-001
  -9.862999916076660E-001
       -1.419600009918213
  -7.119999825954437E-002
  -5.734000205993652E-001
  -5.792000293731690E-001
  -5.748999714851379E-001
       -1.169899940490723
  -4.738999903202057E-001
       -1.342000007629395
   3.883000016212463E-001
        1.310799956321716
  -5.738999843597412E-001
  -1.820999979972839E-001
  -3.370000049471855E-002
        1.591199994087219
        2.070499897003174
        2.216000080108643
        2.070899963378906
   5.979999899864197E-001
   8.815000057220459E-001
        1.270300030708313
        2.285500049591065
        1.116400003433228
        1.099599957466126
        3.269000053405762
        4.525199890136719
        3.276700019836426
        2.652400016784668
        3.069200038909912
        3.760299921035767
   3.039999902248383E-001
   6.425999999046326E-001
  -5.144000053405762E-001
       -1.152199983596802
       -1.122699975967407
       -1.561499953269959
  -4.859000146389008E-001
       -1.083400011062622
       -1.061699986457825
   4.727999866008759E-001
  -2.492000013589859E-001
  -5.077999830245972E-001
       -1.127699971199036
  -7.710000276565552E-001
  -6.140000224113464E-001
   7.491000294685364E-001
   5.339999794960022E-001
        1.451400041580200
  -7.027999758720398E-001
  -6.945000290870667E-001
   1.058999970555306E-001
   8.761000037193298E-001
   3.393000066280365E-001
  -3.280000090599060E-001
        2.191400051116943
        1.921399950981140
        2.150500059127808
  -5.600000172853470E-002
       -1.304999947547913
  -5.375999808311462E-001
  -8.159999847412109E-001
       -1.831200003623962
       -1.138700008392334
  -6.686000227928162E-001
       -1.392799973487854
   2.973999977111816E-001
   1.860000006854534E-002
   8.880000114440918E-001
   8.777999877929688E-001
  -7.150000333786011E-002
  -7.379999756813049E-002
   4.232999980449677E-001
  -8.910000324249268E-002
  -6.726999878883362E-001
        1.850900053977966
        1.820999979972839
        2.088700056076050
        1.037999987602234
        1.519099950790405
        2.003000020980835
        2.108999967575073
        1.284999966621399
  -5.799999833106995E-001
        1.634600043296814
        3.078700065612793
        4.594999790191650
        2.879800081253052
        1.950299978256226
        2.860500097274780
        1.212200045585632
   5.106999874114990E-001
  -2.712000012397766E-001
  -8.068000078201294E-001
  -7.336000204086304E-001
  -5.680999755859375E-001
   5.339999869465828E-002
   9.893000125885010E-001
  -3.143000006675720E-001
   7.017999887466431E-001
   2.630999982357025E-001
   6.643999814987183E-001
  -8.726000189781189E-001
       -1.157400012016296
       -1.058699965476990
  -3.486999869346619E-001
   4.286000132560730E-001
   7.436000108718872E-001
   3.497000038623810E-001
       -1.255100011825562
       -1.755699992179871
  -4.360000044107437E-002
   1.712999939918518E-001
   5.008999705314636E-001
   5.101000070571899E-001
   5.888000130653381E-001
        1.183899998664856
        1.457999944686890
  -8.790000081062317E-001
       -1.536299943923950
       -1.879400014877319
       -1.598600029945374
  -4.174000024795532E-001
  -5.267999768257141E-001
       -1.532400012016296
       -2.174400091171265
  -3.418000042438507E-001
       -1.412299990653992
   3.856000006198883E-001
        1.095800042152405
   1.828999966382980E-001
       -1.115599989891052
       -1.692999958992004
       -1.338299989700317
       -1.157099962234497
   7.468000054359436E-001
        2.291399955749512
        2.185300111770630
        1.099200010299683
        1.938699960708618
        2.416100025177002
        1.400400042533875
   8.597000241279602E-001
        1.139700055122376
        2.199899911880493
        2.700500011444092
        2.660700082778931
        2.808599948883057
        1.731600046157837
        2.506200075149536
        1.282899975776672
        1.636800050735474
        1.472800016403198
  -1.020999997854233E-001
       -1.040300011634827
   5.207999944686890E-001
  -5.593000054359436E-001
        1.239899992942810
   9.078000187873840E-001
        1.892199993133545
   6.780999898910523E-001
   5.849999785423279E-001
   1.992000043392181E-001
       -1.473600029945374
       -1.593000054359436
   8.959999680519104E-002
   4.000000189989805E-003
   2.829000055789948E-001
        1.336799979209900
  -1.515000015497208E-001
  -8.044999837875366E-001
   9.947000145912170E-001
  -4.499999806284905E-003
  -4.483999907970429E-001
   2.118999958038330E-001
  -6.072000265121460E-001
  -9.714999794960022E-001
   5.992000102996826E-001
  -9.556999802589417E-001
       -1.303599953651428
  -7.128999829292297E-001
       -1.602599978446960
       -1.495900034904480
       -1.873800039291382
       -2.466700077056885
       -2.016099929809570
       -1.727800011634827
       -1.200099945068359
  -4.903999865055084E-001
  -1.992000043392181E-001
       -2.411600112915039
       -3.166599988937378
       -2.592700004577637
       -3.601099967956543
       -1.732800006866455
       -1.430600047111511
        1.172700047492981
        1.784999966621399
        2.119400024414063
        2.622699975967407
        1.547399997711182
        1.257099986076355
        2.378900051116943
   7.246999740600586E-001
        1.392400026321411
   4.487999975681305E-001
        2.101000070571899
        3.299599885940552
        3.326100111007690
        2.065000057220459
        1.060400009155273
        1.800199985504150
        1.866999983787537
   9.663000106811523E-001
        1.215000033378601
   3.871000111103058E-001
   2.718999981880188E-001
        1.433099985122681
   2.605000138282776E-001
        2.323899984359741
        1.950199961662293
   6.701999902725220E-001
   6.699999794363976E-003
       -1.907400012016296
       -1.399000048637390
  -5.909000039100647E-001
  -8.967000246047974E-001
  -4.099999964237213E-001
  -3.501999974250794E-001
       -1.471600055694580
       -1.419100046157837
   5.399000048637390E-001
   2.944000065326691E-001
        1.104500055313110
        1.398499965667725
  -1.229000017046928E-001
  -5.608000159263611E-001
  -2.987000048160553E-001
        1.609899997711182
   4.731999933719635E-001
   4.540000110864639E-002
       -1.487300038337708
       -1.948099970817566
       -2.766799926757813
       -3.346400022506714
       -2.927000045776367
       -3.697900056838989
       -3.657000064849854
       -2.630700111389160
       -1.857300043106079
       -2.262700080871582
       -4.000999927520752
       -3.809200048446655
       -2.853800058364868
       -1.636399984359741
       -1.119799971580505
  -1.102999970316887E-001
  -3.339999914169312E-001
  -2.248000055551529E-001
        1.311900019645691
        1.000000000000000
  -1.319999992847443E-002
        1.212700009346008
   1.489999983459711E-002
  -5.368000268936157E-001
   9.275000095367432E-001
        2.482599973678589
        2.833699941635132
        1.212200045585632
        1.896700024604797
        1.502699971199036
        2.086400032043457
        1.565500020980835
        2.386899948120117
   4.708999991416931E-001
  -6.654000282287598E-001
  -4.199999943375588E-002
   5.619000196456909E-001
        1.204800009727478
        1.472499966621399
        1.191200017929077
  -1.959999948740006E-001
  -3.299999982118607E-002
       -1.628299951553345
       -2.307300090789795
  -5.148000121116638E-001
   6.292999982833862E-001
   1.833000034093857E-001
   8.220000267028809E-001
  -2.978000044822693E-001
  -2.258999943733215E-001
   3.853999972343445E-001
  -6.793000102043152E-001
  -4.232000112533569E-001
   4.120000004768372E-001
        1.476600050926209
   3.623999953269959E-001
   3.632999956607819E-001
   6.811000108718872E-001
        1.816400051116943
   9.409999847412109E-002
  -1.049999967217445E-001
  -5.570999979972839E-001
       -1.361600041389465
       -2.074199914932251
       -1.736799955368042
       -2.144200086593628
       -3.170200109481812
       -3.714499950408936
       -2.741899967193604
       -4.061299800872803
       -3.645600080490112
       -2.011899948120117
  -7.630000114440918E-001
  -5.730000138282776E-002
       -1.947800040245056
       -1.441200017929077
       -1.975999951362610
       -1.054700016975403
   7.293000221252441E-001
        1.077900052070618
        1.821499943733215
        1.358800053596497
        1.075799942016602
  -2.145999968051910E-001
   3.549000024795532E-001
        1.332299947738648
        2.584199905395508
        2.274600028991699
        4.008699893951416
        2.908400058746338
        2.197200059890747
        1.363899946212769
        1.481099963188171
  -7.630000114440918E-001
       -1.151399970054627
  -3.801999986171722E-001
   2.818000018596649E-001
        1.307800054550171
   5.310000181198120E-001
        1.707000017166138
   3.950000107288361E-001
  -5.180000141263008E-002
  -3.152000010013580E-001
  -3.359000086784363E-001
       -1.051100015640259
  -6.934999823570252E-001
       -2.137500047683716
   1.579000055789948E-001
        1.559100031852722
   1.332000046968460E-001
   6.245999932289124E-001
  -5.483000278472900E-001
       -1.594300031661987
   1.731999963521957E-001
        1.595399975776672
   3.540999889373779E-001
   3.319999948143959E-002
  -8.119000196456909E-001
        1.499699950218201
  -3.810000047087669E-002
       -1.653100013732910
  -3.519999980926514E-002
  -5.689999833703041E-002
   3.558999896049500E-001
   1.507000029087067E-001
  -8.914999961853027E-001
       -1.945999979972839
       -3.378400087356567
       -3.006799936294556
       -2.892499923706055
       -4.716199874877930
       -2.845200061798096
  -2.093999981880188E-001
  -2.630000114440918E-001
  -7.578999996185303E-001
       -3.327899932861328
       -1.644799947738648
       -1.555400013923645
   1.300000026822090E-002
   5.521000027656555E-001
        1.203199982643127
        1.951799988746643
   7.853000164031982E-001
   8.604999780654907E-001
   1.835999935865402E-001
        1.788699984550476
        2.771600008010864
        2.040699958801270
        1.672999978065491
        3.483200073242188
        1.284399986267090
        1.174499988555908
   7.969999909400940E-001
   1.845999956130981E-001
  -9.077000021934509E-001
   9.538999795913696E-001
   5.152999758720398E-001
        1.094400048255920
        2.094500064849854
        3.243200063705444
        1.753600001335144
   5.256000161170960E-001
   6.092000007629395E-001
  -2.867000102996826E-001
  -3.174000084400177E-001
       -1.983100056648254
  -8.355000019073486E-001
   1.761000007390976E-001
  -2.035000026226044E-001
        1.713700056076050
  -3.689999878406525E-002
  -6.646000146865845E-001
       -1.427000045776367
       -1.579100012779236
   9.409999847412109E-001
  -6.488000154495239E-001
  -6.572999954223633E-001
        1.611899971961975
        1.340999960899353
  -2.612999975681305E-001
       -1.154700040817261
  -4.113000035285950E-001
  -4.724000096321106E-001
  -7.770000100135803E-001
   5.243999958038330E-001
   2.874000072479248E-001
  -3.632999956607819E-001
       -1.687299966812134
       -2.769099950790405
       -2.423799991607666
       -2.915899991989136
       -1.944300055503845
   3.208999931812286E-001
       -1.256700038909912
  -6.747999787330627E-001
  -8.517000079154968E-001
       -1.173300027847290
  -1.463000029325485E-001
   4.207000136375427E-001
        1.121500015258789
        2.827600002288818
        2.254300117492676
   9.122999906539917E-001
        1.530300021171570
   8.011000156402588E-001
        1.619099974632263
        2.788899898529053
        1.690700054168701
        1.638900041580200
        1.470199942588806
        1.529399991035461
        2.894200086593628
        2.264400005340576
   2.829000055789948E-001
  -2.242999970912933E-001
   1.699000000953674E-001
        1.812700033187866
        2.906500101089478
        4.173900127410889
        2.791599988937378
        2.804800033569336
        2.945199966430664
        1.510100007057190
   1.983000040054321E-001
       -1.529700040817261
       -1.179999947547913
       -1.388299942016602
  -9.352999925613403E-001
  -4.809999838471413E-002
        1.095199942588806
       -1.342499971389771
       -2.775899887084961
       -2.180399894714356
       -1.213999986648560
       -1.422799944877625
       -1.261199951171875
   9.189999848604202E-002
        2.290899991989136
        1.848399996757507
  -1.877000033855438E-001
  -4.711000025272369E-001
   2.481999993324280E-001
  -4.253000020980835E-001
  -9.462000131607056E-001
   9.815999865531921E-001
   5.299999937415123E-002
   1.824000030755997E-001
  -5.719000101089478E-001
       -1.782600045204163
  -9.894000291824341E-001
  -7.380999922752380E-001
  -6.499000191688538E-001
  -2.302999943494797E-001
   8.871999979019165E-001
        1.332299947738648
        1.732499957084656
   3.743000030517578E-001
   1.186000034213066E-001
   5.584999918937683E-001
        1.100900053977966
        1.254899978637695
        1.816100001335144
        1.948799967765808
        2.384399890899658
   8.015000224113464E-001
        2.560699939727783
        4.193799972534180
        2.971999883651733
        2.421099901199341
        1.458299994468689
        3.136699914932251
        3.902299880981445
        3.376100063323975
        2.134599924087524
        1.999699950218201
        3.687700033187866
        2.199800014495850
        2.529299974441528
        3.514400005340576
        2.220099925994873
        1.549499988555908
        2.866899967193604
        1.944499969482422
   8.277999758720398E-001
   1.044000014662743E-001
  -5.965999960899353E-001
   1.564999967813492E-001
  -1.084000021219254E-001
   1.300999969244003E-001
       -1.002799987792969
       -1.211500048637390
       -2.497100114822388
       -2.211100101470947
       -1.950799942016602
  -6.083999872207642E-001
       -1.369300007820129
   1.518999934196472E-001
        1.819599986076355
        1.380699992179871
  -1.300000003539026E-003
       -1.264099955558777
       -1.231899976730347
  -8.748999834060669E-001
   3.535999953746796E-001
        1.530900001525879
  -2.497999966144562E-001
  -1.929000020027161E-001
       -1.276600003242493
       -1.122400045394898
       -1.792099952697754
  -3.830000013113022E-002
  -5.694000124931335E-001
   4.812000095844269E-001
   5.263000130653381E-001
   7.143999934196472E-001
        1.457200050354004
        1.223099946975708
   6.473000049591065E-001
   5.100000184029341E-003
        1.941499948501587
        1.557500004768372
   2.773000001907349E-001
   5.938000082969666E-001
        1.414899945259094
   6.159999966621399E-001
        2.867100000381470
        3.569000005722046
        3.928299903869629
        2.297100067138672
   6.255000233650208E-001
        1.628900051116943
        1.839900016784668
   9.641000032424927E-001
        1.027099967002869
        1.756500005722046
        1.822100043296814
        2.038199901580811
        2.257600069046021
        3.132299900054932
        2.388799905776978
   5.356000065803528E-001
        2.702100038528442
        1.396700024604797
        1.661100029945374
        1.001799941062927
   5.810999870300293E-001
  -2.502999901771545E-001
  -4.612999856472015E-001
  -4.038000106811523E-001
   4.573000073432922E-001
  -6.977999806404114E-001
       -1.370100021362305
  -7.786999940872192E-001
  -1.085999980568886E-001
       -1.878299951553345
  -8.474000096321106E-001
  -4.670000076293945E-001
   5.295000076293945E-001
   3.749000132083893E-001
  -6.125000119209290E-001
       -1.383700013160706
       -2.088399887084961
       -2.121599912643433
  -8.587999939918518E-001
   2.188999950885773E-001
   5.200000014156103E-003
   7.100000232458115E-002
   2.180000022053719E-002
       -1.565500020980835
  -9.297000169754028E-001
  -1.313000023365021E-001
   3.355000019073486E-001
  -3.490000069141388E-001
        1.479599952697754
        2.217200040817261
        1.219300031661987
        2.185199975967407
        1.298200011253357
        1.007099986076355
   6.312999725341797E-001
        1.114500045776367
  -7.020000368356705E-002
  -6.158000230789185E-001
   8.867999911308289E-001
   6.657999753952026E-001
   7.019000053405762E-001
        1.533400058746338
        3.443500041961670
        1.983800053596497
        2.017899990081787
   1.837999969720841E-001
   1.494999974966049E-001
   7.512999773025513E-001
        1.305899977684021
   9.265999794006348E-001
        2.373800039291382
        1.287400007247925
   5.073999762535095E-001
        1.847200036048889
        1.411200046539307
        1.600900053977966
        1.638900041580200
        1.822299957275391
   1.115000024437904E-001
        1.293699979782105
  -2.209999971091747E-002
  -6.094999909400940E-001
   6.279000043869019E-001
   5.970000028610230E-001
   3.991999924182892E-001
   9.250000119209290E-002
       -1.084400057792664
       -2.467499971389771
  -1.791000068187714E-001
  -1.835000067949295E-001
  -1.715999990701675E-001
  -8.756999969482422E-001
   1.787000000476837E-001
  -5.604000091552734E-001
       -1.532899975776672
  -7.591000199317932E-001
  -6.557000279426575E-001
   5.673999786376953E-001
        1.810899972915649
        1.101199984550476
  -1.309999972581863E-001
   2.829999923706055E-001
  -6.960999965667725E-001
   3.287999927997589E-001
   6.369999796152115E-002
  -5.599999800324440E-003
   6.538000106811523E-001
        1.799700021743774
        2.397300004959106
        2.041199922561646
        1.820199966430664
        4.233300209045410
        3.215399980545044
        1.820000052452087
   7.885000109672546E-001
   7.695000171661377E-001
   7.843999862670898E-001
   4.327999949455261E-001
        1.281200051307678
   4.241000115871429E-001
   2.623000144958496E-001
        1.506600022315979
        2.820399999618530
        2.407000064849854
        2.305799961090088
   2.178999930620194E-001
  -1.996999979019165E-001
  -2.811000049114227E-001
   8.765000104904175E-001
   8.431000113487244E-001
   1.088000014424324E-001
   2.220000028610230E-001
  -8.600000143051148E-001
   1.298999935388565E-001
   8.626000285148621E-001
   1.386000066995621E-001
        1.081599950790405
        1.518700003623962
   5.139999985694885E-001
        1.368299961090088
        2.502399921417236
   7.712000012397766E-001
   5.371000170707703E-001
   5.229999870061874E-002
       -1.053200006484985
       -1.503000020980835
       -1.144600033760071
       -1.487900018692017
   1.559000015258789E-001
  -8.126000165939331E-001
       -1.713899970054627
       -1.759699940681458
       -1.437899947166443
  -3.224000036716461E-001
       -2.389600038528442
       -1.297199964523315
   1.930000036954880E-001
   9.106000065803528E-001
   8.593000173568726E-001
        2.137300014495850
        2.138900041580200
   2.135999947786331E-001
   2.410000003874302E-002
  -4.853000044822693E-001
   2.558000087738037E-001
  -5.425999760627747E-001
        1.987300038337708
        3.547399997711182
        3.519000053405762
        3.117500066757202
        4.061100006103516
        3.601500034332275
        4.233099937438965
        2.780499935150147
        1.466500043869019
   9.190000295639038E-001
   3.970000147819519E-002
   5.891000032424927E-001
  -2.578000128269196E-001
  -6.613000035285950E-001
   1.934999972581863E-001
        1.425199985504150
        3.119899988174439
        4.394000053405762
        1.837200045585632
  -2.694999873638153E-001
   9.372000098228455E-001
       -1.117200016975403
  -5.024999976158142E-001
   3.276000022888184E-001
       -1.307000041007996
  -6.833000183105469E-001
  -5.213000178337097E-001
       -1.181100010871887
       -1.728000044822693
       -1.451500058174133
  -7.225000262260437E-001
  -2.136999964714050E-001
        1.330000042915344
        1.237900018692017
        1.732800006866455
        1.573899984359741
        1.507500052452087
       -1.315799951553345
       -1.418699979782105
  -2.270999997854233E-001
  -8.712000250816345E-001
   7.276999950408936E-001
  -4.611999988555908E-001
  -6.241000294685364E-001
  -4.160999953746796E-001
       -1.175400018692017
       -1.037099957466126
       -2.101099967956543
  -7.983000278472900E-001
       -2.499000072479248
   2.739000022411346E-001
        1.008599996566773
        1.765400052070618
        2.457000017166138
        2.142699956893921
  -3.698000013828278E-001
        1.257699966430664
        1.315999984741211
  -4.702000021934509E-001
  -6.937000155448914E-001
        2.581599950790405
        3.442399978637695
        2.914799928665161
        2.605400085449219
        1.985000014305115
        3.092000007629395
        3.586299896240234
        2.064399957656860
   7.347999811172485E-001
   2.149000018835068E-001
  -5.487999916076660E-001
  -9.154000282287598E-001
   2.838999927043915E-001
   5.756000280380249E-001
   9.207000136375427E-001
        1.176300048828125
        3.408299922943115
        4.311399936676025
        3.223099946975708
        1.847300052642822
        1.309900045394898
  -7.633000016212463E-001
       -1.720999956130981
  -7.856000065803528E-001
   8.359000086784363E-001
  -5.776000022888184E-001
       -2.053699970245361
       -2.282999992370606
       -1.446400046348572
       -1.450600028038025
  -8.123999834060669E-001
   6.812000274658203E-001
        2.216799974441528
        3.541699886322022
        3.327300071716309
        2.418800115585327
        1.784000039100647
  -8.555999994277954E-001
  -3.610000014305115E-002
   1.444000005722046E-001
        1.407600045204163
  -4.930999875068665E-001
  -5.475000143051148E-001
       -1.452700018882752
  -2.089999988675118E-002
       -1.281299948692322
       -2.924599885940552
       -2.365900039672852
       -1.537299990653992
       -1.194399952888489
        1.330000042915344
        1.126600027084351
        2.291100025177002
        3.462399959564209
        2.253000020980835
        1.315000057220459
        1.857599973678589
   6.625000238418579E-001
       -1.091799974441528
  -3.950999975204468E-001
        1.859699964523315
        2.622600078582764
        3.353899955749512
        3.122200012207031
        3.788300037384033
        3.431600093841553
        2.742599964141846
   9.117000102996826E-001
        1.149999976158142
   5.599999800324440E-003
       -1.725200057029724
       -3.144900083541870
       -2.828399896621704
   5.859000086784363E-001
        2.145900011062622
   9.523000121116638E-001
        1.461199998855591
        3.934099912643433
        3.065000057220459
        3.686399936676025
        1.172299981117249
       -1.250200033187866
  -4.002999961376190E-001
       -1.105800032615662
       -1.376999974250794
       -1.819399952888489
       -2.668200016021729
       -3.398000001907349
       -2.355700016021729
  -6.219000220298767E-001
   2.468000054359436E-001
  -3.050000034272671E-002
        2.893300056457520
        3.590100049972534
        3.692500114440918
        2.329699993133545
        2.143599987030029
        1.481400012969971
  -7.046999931335449E-001
  -6.401000022888184E-001
  -3.264000117778778E-001
   4.584999978542328E-001
   1.194000020623207E-001
   7.800000160932541E-002
        1.024399995803833
  -2.809999883174896E-001
       -2.517899990081787
       -2.037800073623657
  -1.058999970555306E-001
  -5.835000276565552E-001
   4.893000125885010E-001
        2.752599954605103
        3.534300088882446
        2.799299955368042
        1.640799999237061
   5.680000185966492E-001
  -2.480000071227551E-002
        1.775900006294251
        2.233700037002564
        2.401499986648560
        3.812700033187866
        4.475900173187256
        5.000299930572510
        5.351399898529053
        4.414899826049805
        2.796999931335449
        2.436800003051758
   7.222999930381775E-001
   1.521999984979630E-001
       -1.006399989128113
       -1.524099946022034
       -3.212699890136719
       -2.628799915313721
       -1.361700057983398
  -6.030000001192093E-002
  -2.150000035762787E-001
   6.161000132560730E-001
        1.531200051307678
        3.430700063705444
        2.636699914932251
   7.603999972343445E-001
   1.930000036954880E-001
  -8.439000248908997E-001
       -1.571200013160706
       -1.006899952888489
  -7.925000190734863E-001
       -1.089699983596802
       -2.108200073242188
       -2.809999942779541
       -1.679800033569336
   6.109999865293503E-002
   1.097000017762184E-001
        2.493499994277954
        4.692900180816650
        4.237199783325195
        4.231999874114990
        3.741300106048584
        2.402899980545044
   6.316000223159790E-001
  -3.510999977588654E-001
   1.799999922513962E-002
  -1.481000036001205E-001
   6.362000107765198E-001
        1.003100037574768
        1.064900040626526
  -8.345000147819519E-001
       -1.245900034904480
       -2.682499885559082
  -5.942999720573425E-001
  -9.858000278472900E-001
  -2.205000072717667E-001
        1.034700036048889
        1.285300016403198
        1.977900028228760
   5.512999892234802E-001
       -1.301900029182434
        1.239300012588501
        1.928500056266785
        2.723700046539307
        2.277199983596802
        4.544099807739258
        4.748899936676025
        4.422999858856201
        6.894599914550781
        6.078800201416016
        3.492000102996826
        1.504799962043762
   1.629000008106232E-001
  -1.805000007152557E-001
   1.281999945640564E-001
       -1.557800054550171
       -1.276299953460693
       -2.978399991989136
       -2.591900110244751
       -2.661600112915039
       -2.160399913787842
  -1.649999991059303E-002
  -2.290000021457672E-002
        2.075999975204468
        1.947700023651123
   8.608000278472900E-001
   5.076000094413757E-001
   2.260000072419643E-002
  -1.863999962806702E-001
  -8.452000021934509E-001
  -4.740000143647194E-002
   3.386000096797943E-001
  -6.625000238418579E-001
       -2.445899963378906
       -2.386100053787231
  -8.170999884605408E-001
        1.728700041770935
        2.387099981307983
        2.859600067138672
        3.901200056076050
        3.947099924087524
        3.410099983215332
        1.218400001525879
   9.745000004768372E-001
  -3.379000127315521E-001
  -4.142999947071075E-001
   1.243999972939491E-001
   6.292999982833862E-001
        2.392299890518189
        1.266299962997437
        1.463400006294251
       -1.782600045204163
       -2.375499963760376
       -1.700199961662293
  -5.297999978065491E-001
  -2.037000060081482E-001
   1.889999955892563E-001
        1.649099946022034
        1.756000041961670
   9.617000222206116E-001
   6.248000264167786E-001
        2.172899961471558
        1.757300019264221
        2.474200010299683
        2.385099887847900
        3.055299997329712
        2.138200044631958
        2.330100059509277
        5.909699916839600
        5.009699821472168
        4.157700061798096
        2.650899887084961
        1.286100029945374
        1.379799962043762
  -7.354000210762024E-001
       -3.192600011825562
       -1.333099961280823
       -2.746799945831299
       -3.341799974441528
       -2.924999952316284
       -2.341799974441528
  -8.001000285148621E-001
  -2.337999939918518E-001
   7.170000076293945E-001
   3.601999878883362E-001
   2.710000053048134E-002
  -4.898000061511993E-001
  -1.375000029802322E-001
   2.700000070035458E-002
        1.990200042724609
        1.355499982833862
        1.218500018119812
   4.562999904155731E-001
  -8.294000029563904E-001
  -3.840000182390213E-002
   8.550000190734863E-001
   2.504000067710877E-001
        2.485800027847290
        2.526400089263916
        2.874700069427490
        3.020299911499023
        1.590899944305420
   1.643999963998795E-001
  -2.486999928951263E-001
  -2.326000034809113E-001
       -1.366299986839294
   4.749000072479248E-001
   6.286000013351440E-001
        1.328899979591370
        1.739899992942810
   9.595999717712402E-001
   1.476999968290329E-001
       -1.813699960708618
  -7.657999992370606E-001
        1.243999958038330
        1.329599976539612
       -1.427199959754944
   2.434999942779541E-001
   3.194000124931335E-001
  -2.858000099658966E-001
   3.436999917030335E-001
        2.225699901580811
        1.432999968528748
        1.713299989700317
        2.678600072860718
        2.434900045394898
        2.815299987792969
        2.183700084686279
        3.238699913024902
        4.314199924468994
        2.714600086212158
   4.260999858379364E-001
        1.392300009727478
   8.055999875068665E-001
   3.441999852657318E-001
       -1.688799977302551
       -1.322299957275391
       -2.235399961471558
       -3.813800096511841
       -2.239399909973145
       -1.216199994087219
   2.231999933719635E-001
   2.212000042200089E-001
  -1.004000008106232E-001
  -6.525999903678894E-001
   1.049999985843897E-002
  -3.629999980330467E-002
       -1.778599977493286
  -2.649999968707562E-002
        2.158099889755249
        1.770499944686890
        2.083899974822998
        1.292000055313110
  -1.312000006437302E-001
   7.577999830245972E-001
   4.068999886512756E-001
   5.881000161170960E-001
   8.841000199317932E-001
        2.183599948883057
        1.887400031089783
        1.982800006866455
        1.426699995994568
   8.389999717473984E-002
   1.313000023365021E-001
       -1.826599955558777
       -1.969599962234497
        1.110299944877625
   8.249999880790710E-001
   1.430000066757202E-001
  -4.805000126361847E-001
        1.072399973869324
       -1.438699960708618
  -6.714000105857849E-001
  -2.711000144481659E-001
        1.241500020027161
        1.169299960136414
  -9.050999879837036E-001
   2.249999940395355E-001
  -4.745999872684479E-001
   2.257999926805496E-001
        1.690700054168701
        1.392500042915344
   2.671999931335449E-001
        1.643700003623962
        2.296900033950806
        3.091000080108643
        2.108599901199341
   9.707999825477600E-001
        2.053900003433228
        3.224299907684326
        1.320500016212463
   4.514000117778778E-001
  -1.224000006914139E-001
  -4.630000144243240E-002
   1.706999987363815E-001
  -4.573999941349030E-001
  -1.502999961376190E-001
  -6.157000064849854E-001
       -1.287799954414368
  -4.936999976634979E-001
  -5.117999911308289E-001
  -1.468999981880188E-001
  -2.250000089406967E-002
   7.623999714851379E-001
  -1.753000020980835E-001
  -4.672000110149384E-001
       -1.060400009155273
       -1.117599964141846
   7.886000275611877E-001
        2.395900011062622
        2.426100015640259
        2.396399974822998
        3.096400022506714
        1.546800017356873
        1.465600013732910
        1.588799953460693
        1.404199957847595
   9.064999818801880E-001
        1.664100050926209
   6.014000177383423E-001
   2.863000035285950E-001
   5.303999781608582E-001
        1.361899971961975
  -2.759999968111515E-002
  -7.494000196456909E-001
       -1.693899989128113
        1.724599957466126
        1.330000042915344
   9.910000115633011E-002
  -1.668999940156937E-001
        1.021100044250488
       -2.009700059890747
       -1.158100008964539
       -1.410099983215332
  -3.910000026226044E-001
  -4.099000096321106E-001
        1.072900056838989
   9.415000081062317E-001
   3.889999911189079E-002
   6.334000229835510E-001
   6.973999738693237E-001
        1.223199963569641
   5.817999839782715E-001
        2.417500019073486
        1.805899977684021
        1.761100053787231
        1.335399985313416
   4.821000099182129E-001
        1.590499997138977
        1.400200009346008
   7.300000190734863E-001
   5.202999711036682E-001
   5.370000004768372E-001
       -1.824499964714050
  -7.396000027656555E-001
   6.219999864697456E-002
  -1.093999966979027E-001
  -2.396000027656555E-001
  -1.040000021457672E-001
   3.912000060081482E-001
   4.192000031471252E-001
        1.608899950981140
   2.736999988555908E-001
   7.397000193595886E-001
  -2.816999852657318E-001
  -9.232000112533569E-001
  -4.706999957561493E-001
  -6.405000090599060E-001
  -4.902000129222870E-001
        1.824900031089783
        1.254699945449829
        1.493899941444397
        1.845900058746338
  -3.429999947547913E-001
   4.088000059127808E-001
        1.760900020599365
   8.212000131607056E-001
   3.804000020027161E-001
   6.567999720573425E-001
   5.629000067710877E-001
   2.725999951362610E-001
   5.062999725341797E-001
        1.580800056457520
   4.230000078678131E-001
   4.943999946117401E-001
  -1.000000047497451E-003
   8.140000104904175E-001
        1.664999961853027
        2.012399911880493
   2.950000017881393E-002
   1.879000067710877E-001
       -1.280900001525879
  -2.718999981880188E-001
  -8.090999722480774E-001
  -1.269000023603439E-001
  -1.599999959580600E-003
   1.620000004768372E-001
        2.026400089263916
        2.097500085830689
  -1.644999980926514E-001
   8.446000218391419E-001
        2.628099918365479
        1.369400024414063
        1.914899945259094
        2.464699983596802
        1.067899942398071
  -1.360000018030405E-002
   5.917000174522400E-001
   5.467000007629395E-001
        1.463000059127808
        1.650200009346008
   8.561999797821045E-001
   6.269000172615051E-001
  -1.889999955892563E-001
  -2.019999921321869E-002
   6.274999976158142E-001
        1.062100052833557
        1.448799967765808
   4.429000020027161E-001
        1.182500004768372
   7.129999995231628E-001
        1.153800010681152
        1.004199981689453
   6.837000250816345E-001
  -6.948000192642212E-001
  -4.715999960899353E-001
       -2.669899940490723
       -1.626000046730042
  -5.655999779701233E-001
  -7.000000216066837E-003
   6.007000207901001E-001
        1.122499942779541
        2.322700023651123
        1.687500000000000
        1.806399941444397
        1.480499982833862
   5.501999855041504E-001
       -1.225499987602234
       -1.136999964714050
       -1.164199948310852
        1.307299971580505
        2.473999977111816
        1.413699984550476
        1.277500033378601
   9.205999970436096E-001
   8.601999878883362E-001
   8.707000017166138E-001
   7.824000120162964E-001
        2.353600025177002
   8.088999986648560E-001
  -1.981000006198883E-001
  -7.264999747276306E-001
       -2.003299951553345
  -7.486000061035156E-001
   3.154999911785126E-001
  -3.540000021457672E-001
   6.938999891281128E-001
        2.612699985504150
        1.317800045013428
  -4.923999905586243E-001
   2.419999986886978E-002
   3.431000113487244E-001
        2.217499971389771
        3.333199977874756
        3.214099884033203
   9.341999888420105E-001
        1.169499993324280
        2.335599899291992
        1.481500029563904
        2.742399930953980
        2.574599981307983
        2.115299940109253
        1.695799946784973
        1.840000033378601
        1.220800042152405
        2.233500003814697
        1.904999971389771
        3.246099948883057
        1.692899942398071
        1.529199957847595
   6.819999963045120E-002
  -6.239999830722809E-002
   8.798000216484070E-001
  -2.076999992132187E-001
  -2.811000049114227E-001
  -7.659000158309937E-001
  -8.614000082015991E-001
  -9.577000141143799E-001
       -1.046000003814697
  -9.118000268936157E-001
  -9.040000289678574E-002
   4.539999961853027E-001
   7.407000064849854E-001
        2.925400018692017
        1.227200031280518
   1.808999925851822E-001
   3.461999893188477E-001
  -5.299000144004822E-001
  -4.165999889373779E-001
  -4.979000091552734E-001
        1.868399977684021
        3.032200098037720
        2.591500043869019
        2.187799930572510
        1.039600014686585
        2.046799898147583
        1.412700057029724
   7.473000288009644E-001
        2.414599895477295
   8.460000157356262E-001
  -3.800000064074993E-003
  -7.846999764442444E-001
       -1.197600007057190
   7.817999720573425E-001
   9.969999641180039E-002
  -5.250999927520752E-001
   1.970999985933304E-001
   8.891999721527100E-001
        1.364300012588501
        1.309900045394898
  -3.404999971389771E-001
        1.129299998283386
        2.868000030517578
        3.158900022506714
        3.268699884414673
        2.243400096893311
        2.139699935913086
   3.131000101566315E-001
        2.623899936676025
        3.236200094223023
        1.979500055313110
        2.229599952697754
        2.015500068664551
        1.598999977111816
   4.609999954700470E-001
        1.418699979782105
        1.816100001335144
        2.523499965667725
        2.345099925994873
   3.476999998092651E-001
  -8.640999794006348E-001
  -8.295999765396118E-001
   1.800999939441681E-001
   1.590999960899353E-001
        1.113800048828125
   6.007999777793884E-001
   9.469000101089478E-001
   6.876000165939331E-001
  -7.311999797821045E-001
  -5.069000124931335E-001
       -1.398800015449524
  -1.446000039577484E-001
        2.197200059890747
   2.576999962329865E-001
        1.589400053024292
   8.244000077247620E-001
   8.968999981880188E-001
  -7.497000098228455E-001
  -7.455000281333923E-001
   3.352999985218048E-001
        2.084700107574463
        2.025899887084961
        2.935300111770630
        1.253299951553345
   3.887000083923340E-001
        1.993899941444397
   7.342000007629395E-001
   1.580000072717667E-001
   7.171999812126160E-001
        1.907899975776672
        1.215499997138977
   4.887999892234802E-001
       -1.557800054550171
   4.729000031948090E-001
   5.536999702453613E-001
  -2.372000068426132E-001
   3.889999985694885E-001
        1.073699951171875
        1.696099996566773
        1.358500003814697
   6.539999842643738E-001
        2.571099996566773
        2.597199916839600
        3.544699907302856
        3.238100051879883
        2.084399938583374
        1.358199954032898
   5.580999851226807E-001
   9.045000076293945E-001
        2.080499887466431
        2.196799993515015
   9.629999995231628E-001
   2.097000032663345E-001
        1.678500056266785
  -3.499999940395355E-001
   4.329999908804894E-002
        1.736099958419800
        2.699700117111206
   9.962000250816345E-001
  -7.782999873161316E-001
   1.985000073909760E-001
   3.707999885082245E-001
   7.764999866485596E-001
   4.557999968528748E-001
        1.312299966812134
   7.742999792098999E-001
  -9.100000374019146E-003
   1.782999932765961E-001
  -8.609999716281891E-002
  -7.919999957084656E-001
  -6.638000011444092E-001
       -1.612100005149841
  -4.408999979496002E-001
   9.923999905586243E-001
        1.137699961662293
        1.020599961280823
   8.389999866485596E-001
   1.580000072717667E-001
   6.503999829292297E-001
   7.853999733924866E-001
        2.271600008010864
        2.391999959945679
        3.156699895858765
        2.089600086212158
        1.052099943161011
   8.881999850273132E-001
        1.651200056076050
   6.719999909400940E-001
        1.350100040435791
        1.797999978065491
   1.026000007987022E-001
   2.966000139713287E-001
  -6.478999853134155E-001
   3.129000067710877E-001
  -2.694999873638153E-001
       -1.639899969100952
       -1.444200038909912
        1.293499946594238
        1.519500017166138
        1.149399995803833
        1.661100029945374
        2.808799982070923
        1.895099997520447
        1.889000058174133
        2.473400115966797
        1.384400010108948
        1.960800051689148
        1.503100037574768
        1.851799964904785
        2.408799886703491
        1.358899950981140
   9.200000017881393E-002
   8.047000169754028E-001
   1.525000035762787E-001
   7.595999836921692E-001
  -3.230000138282776E-001
   8.479999899864197E-001
        1.969200015068054
        2.239599943161011
   7.305999994277954E-001
        1.073699951171875
   7.044000029563904E-001
        1.684599995613098
        1.246299982070923
        1.067299962043762
   8.589000105857849E-001
   5.532000064849854E-001
  -1.203000023961067E-001
  -4.641999900341034E-001
       -2.887399911880493
       -3.337699890136719
       -2.520100116729736
       -1.091099977493286
  -6.642000079154968E-001
   6.863999962806702E-001
        1.475299954414368
        1.825799942016602
   2.737999856472015E-001
   9.000999927520752E-001
        1.824300050735474
        1.808699965476990
        1.616899967193604
        1.958500027656555
        1.750499963760376
   6.761000156402588E-001
   9.483000040054321E-001
        1.749500036239624
        2.371299982070923
        2.108099937438965
        1.470399975776672
        1.367200016975403
       -1.261199951171875
  -2.441000044345856E-001
  -5.420000106096268E-002
   7.114999890327454E-001
   2.043000012636185E-001
  -3.406000137329102E-001
  -1.898999959230423E-001
   5.543000102043152E-001
  -4.540000110864639E-002
   8.389999717473984E-002
        1.820399999618530
        1.908900022506714
        1.485000014305115
        1.616500020027161
        1.915599942207336
   9.233000278472900E-001
        1.238499999046326
   5.382000207901001E-001
        1.506299972534180
  -4.489000141620636E-001
   2.469000071287155E-001
   4.923000037670136E-001
   6.897000074386597E-001
   8.553000092506409E-001
   6.499999761581421E-002
   8.481000065803528E-001
   7.195000052452087E-001
        1.546499967575073
        1.613499999046326
        1.170199990272522
        1.133700013160706
   8.687999844551086E-001
   7.789999842643738E-001
        1.652500033378601
   6.139000058174133E-001
   7.669000029563904E-001
   1.331000030040741E-001
  -3.905999958515167E-001
       -1.490900039672852
       -4.276899814605713
       -3.421200037002564
       -2.505399942398071
       -1.004099965095520
  -2.291000038385391E-001
   5.580999851226807E-001
        1.821300029754639
   7.960000038146973E-001
   4.422000050544739E-001
        1.819000005722046
        2.654599905014038
        1.877300024032593
        1.263800024986267
        1.784700036048889
        1.035500049591065
        1.858800053596497
        2.482100009918213
        2.627399921417236
        2.090399980545044
   7.921000123023987E-001
  -7.886999845504761E-001
  -9.512000083923340E-001
  -2.854000031948090E-001
   2.428999990224838E-001
        1.600700020790100
        1.910599946975708
        2.593899965286255
        2.703599929809570
  -5.636000037193298E-001
  -9.319999814033508E-002
   5.220999717712402E-001
   5.659000277519226E-001
        1.474599957466126
        1.539700031280518
        1.115000009536743
   1.686999946832657E-001
  -4.661999940872192E-001
  -4.469999969005585E-001
       -1.428400039672852
       -1.167799949645996
   9.920000284910202E-002
   1.750999987125397E-001
       -1.145900011062622
   1.393000036478043E-001
   3.133000135421753E-001
   1.915999948978424E-001
  -8.526999950408936E-001
  -7.505000233650208E-001
       -1.054900050163269
  -5.292000174522400E-001
   7.139999866485596E-001
        1.083500027656555
        1.040099978446960
        1.666599988937378
   9.319000244140625E-001
        1.173499941825867
   9.905999898910523E-001
   4.113000035285950E-001
  -6.730999946594238E-001
       -2.313699960708618
       -3.283499956130981
       -4.164899826049805
       -3.808700084686279
       -2.336699962615967
   3.660000115633011E-002
        1.029700040817261
        1.009299993515015
   1.835999935865402E-001
   2.255000025033951E-001
   3.303999900817871E-001
        2.265799999237061
        1.737100005149841
   7.178999781608582E-001
        2.667099952697754
   1.708000004291534E-001
        1.119199991226196
        1.031100034713745
   5.340999960899353E-001
        1.249500036239624
   5.536000132560730E-001
        2.568500041961670
       -1.407299995422363
  -6.922000050544739E-001
   2.060000002384186E-001
        1.019500017166138
        1.157899975776672
        1.389299988746643
        1.845499992370606
        1.042799949645996
   4.325999915599823E-001
  -2.583000063896179E-001
  -7.480999827384949E-001
       -1.550600051879883
  -2.879999876022339E-001
  -4.550000131130219E-001
  -8.234999775886536E-001
  -4.440999925136566E-001
        1.224099993705750
  -5.687999725341797E-001
       -1.298499941825867
       -1.898000001907349
       -1.515499949455261
       -2.019500017166138
       -2.210799932479858
       -1.241700053215027
       -1.101500034332275
       -2.527699947357178
       -1.221699953079224
       -1.513000011444092
       -3.048099994659424
       -2.559700012207031
   7.469999790191650E-002
        1.396299958229065
   2.231000065803528E-001
  -4.052000045776367E-001
   8.263999819755554E-001
  -1.996999979019165E-001
        1.039199948310852
       -1.366700053215027
       -1.471300005912781
       -2.575599908828735
       -3.960900068283081
       -3.737900018692017
       -2.466200113296509
       -1.953299999237061
  -3.571999967098236E-001
   7.397000193595886E-001
  -4.196999967098236E-001
        1.992799997329712
   9.667999744415283E-001
        3.502199888229370
        2.605299949645996
        2.390000104904175
   9.488000273704529E-001
   9.700999855995178E-001
  -1.200000010430813E-002
   3.136999905109406E-001
  -4.030000045895577E-002
  -4.794000089168549E-001
   2.164999991655350E-001
        1.462499976158142
       -1.915500044822693
  -4.733999967575073E-001
        1.058899998664856
   9.448999762535095E-001
        1.454100012779236
        1.837399959564209
        1.601899981498718
        2.208300113677979
        2.423500061035156
   6.513000130653381E-001
  -3.995000123977661E-001
       -1.781499981880188
  -8.478999733924866E-001
  -1.458999961614609E-001
   8.363999724388123E-001
   8.991000056266785E-001
   8.919000029563904E-001
   3.242999911308289E-001
       -1.110999941825867
       -2.112900018692017
       -2.325400114059448
       -1.393900036811829
       -2.665299892425537
       -1.236099958419800
       -1.369799971580505
       -1.281399965286255
       -1.269799947738648
       -1.201699972152710
       -2.923000097274780
       -3.361799955368042
       -2.867599964141846
  -5.171999931335449E-001
  -1.379999965429306E-001
  -1.106000021100044E-001
        1.102399945259094
   7.970000058412552E-002
       -1.073500037193298
       -1.182600021362305
       -1.274600028991699
       -2.630800008773804
       -2.368599891662598
       -3.472899913787842
       -3.369699954986572
       -1.990399956703186
       -2.190200090408325
   2.603999972343445E-001
  -6.114000082015991E-001
  -5.310000106692314E-002
        1.257200002670288
        2.650799989700317
        2.558300018310547
        1.014400005340576
   7.742999792098999E-001
   3.962999880313873E-001
  -7.271999716758728E-001
   8.399000167846680E-001
   6.273000240325928E-001
  -1.709000021219254E-001
   1.828999966382980E-001
  -4.250000044703484E-002
       -1.128200054168701
   8.575000166893005E-001
  -2.400999963283539E-001
  -4.794999957084656E-001
   6.769999861717224E-001
        3.014199972152710
        3.045399904251099
   5.859000086784363E-001
   1.155999973416328E-001
   9.470000267028809E-001
        1.205600023269653
   5.077000260353088E-001
        1.477499961853027
        1.649799942970276
        1.769199967384338
        1.183099985122681
   7.225999832153320E-001
   9.675999879837036E-001
   5.631999969482422E-001
       -2.457900047302246
       -1.332200050354004
       -1.802999973297119
       -2.069799900054932
       -1.760900020599365
  -9.100999832153320E-001
  -8.163999915122986E-001
  -3.871999979019165E-001
       -1.173200011253357
       -2.747499942779541
       -4.129199981689453
       -3.134900093078613
       -2.147000074386597
       -1.396199941635132
  -5.235999822616577E-001
        1.019899964332581
   1.439000070095062E-001
       -1.973399996757507
       -1.888800024986267
       -1.399000048637390
       -2.401099920272827
       -3.405999898910523
       -4.315700054168701
       -1.995599985122681
       -1.027199983596802
       -1.665899991989136
       -1.121299982070923
       -1.004600048065186
  -4.593999981880188E-001
   8.817999958992004E-001
        1.340299963951111
        2.648499965667725
        3.193399906158447
        1.322399973869324
   6.266999840736389E-001
  -7.899999618530273E-003
   9.109999984502792E-002
        1.159800052642822
        1.453799962997437
   7.250000238418579E-001
        1.453600049018860
       -1.587399959564209
       -1.772799968719482
  -1.429999992251396E-002
   3.436000049114227E-001
   4.544000029563904E-001
        1.792400002479553
        3.226999998092651
        1.154500007629395
       -1.103000044822693
       -1.687700033187866
   6.718999743461609E-001
   5.260000005364418E-002
        2.054500102996826
        2.652800083160400
        2.036000013351440
  -7.526000142097473E-001
   8.259999752044678E-001
   9.639000296592712E-001
   6.241000294685364E-001
  -7.806000113487244E-001
  -8.179000020027161E-001
       -1.343899965286255
       -2.526400089263916
       -2.959899902343750
       -1.080100059509277
       -1.825999975204468
       -1.854699969291687
       -2.161600112915039
  -9.284999966621399E-001
       -3.687299966812134
       -4.054299831390381
       -2.875699996948242
       -1.139400005340576
  -5.267000198364258E-001
  -7.409999966621399E-001
  -6.675000190734863E-001
       -1.541300058364868
       -2.700599908828735
       -1.828400015830994
       -3.041899919509888
       -2.716300010681152
       -2.690099954605103
       -1.894899964332581
   8.553000092506409E-001
       -1.223099946975708
  -3.452999889850617E-001
   4.975000023841858E-001
        1.250800013542175
        1.720499992370606
        1.546000003814697
        3.670900106430054
        2.874300003051758
        2.751100063323975
        2.336899995803833
        1.469300031661987
        1.451500058174133
        1.347900032997131
        1.250699996948242
        1.487699985504150
   6.074000000953674E-001
       -1.255599975585938
       -1.451599955558777
  -7.491999864578247E-001
   7.552000284194946E-001
   5.781000256538391E-001
        1.088500022888184
        3.276999950408936
        2.818700075149536
        1.366700053215027
        1.164199948310852
  -4.690999984741211E-001
   6.636000275611877E-001
        1.741500020027161
        2.138200044631958
   5.781999826431274E-001
   7.964000105857849E-001
   6.215000152587891E-001
  -1.466999948024750E-001
   5.180000066757202E-001
  -1.310999989509583E-001
       -1.362200021743774
       -2.938899993896484
       -2.177099943161011
       -1.607200026512146
       -2.076400041580200
       -2.119699954986572
       -1.386299967765808
       -2.567699909210205
       -2.447200059890747
       -2.702500104904175
       -3.045799970626831
       -2.116100072860718
       -2.356300115585327
       -1.286599993705750
       -2.418699979782105
       -2.220900058746338
  -7.653999924659729E-001
       -1.974599957466126
       -2.609800100326538
       -2.434000015258789
       -1.333999991416931
  -4.004999995231628E-001
  -2.597999870777130E-001
  -1.704999953508377E-001
       -1.306300044059753
  -7.053999900817871E-001
        1.074900031089783
        1.256500005722046
   6.564000248908997E-001
        2.190900087356567
        3.280400037765503
        4.676899909973145
        3.958300113677979
        2.077199935913086
        2.079699993133545
        1.737800002098084
        2.608400106430054
        2.413000106811523
   3.765999972820282E-001
   5.049999952316284E-001
       -2.107500076293945
       -1.537799954414368
  -6.276000142097473E-001
  -2.678999900817871E-001
        1.326500058174133
        1.930799961090088
        2.108200073242188
        1.078799962997437
        1.758900046348572
   8.835999965667725E-001
  -1.477999985218048E-001
   6.029000282287598E-001
   1.504999995231628E-001
  -3.226000070571899E-001
   2.285999953746796E-001
   4.469000101089478E-001
  -7.641000151634216E-001
  -6.771000027656555E-001
       -1.284299969673157
  -5.835000276565552E-001
       -1.435999989509583
       -2.157200098037720
       -2.811199903488159
       -2.683599948883057
       -1.448699951171875
       -1.932399988174439
       -1.704499959945679
  -6.542000174522400E-001
       -1.266000032424927
       -1.915199995040894
       -2.923899888992310
       -1.693400025367737
  -4.438999891281128E-001
       -2.225300073623657
       -1.905200004577637
       -1.550699949264526
  -2.675999999046326E-001
  -4.120000004768372E-001
       -1.683899998664856
       -1.569800019264221
       -1.393700003623962
  -2.076999992132187E-001
       -1.553200006484985
   2.329999953508377E-002
  -6.279999762773514E-002
  -6.316999793052673E-001
   2.357999980449677E-001
        2.158200025558472
        1.490100026130676
   4.801999926567078E-001
        1.987900018692017
        3.410099983215332
        2.606899976730347
        2.620300054550171
        2.405900001525879
   5.835000276565552E-001
        1.391899943351746
        1.056100010871887
   6.288999915122986E-001
   4.135999977588654E-001
       -2.960200071334839
       -2.082099914550781
       -1.633900046348572
       -1.289600014686585
  -6.509000062942505E-001
        1.489300012588501
        2.978100061416626
   1.660999953746796E-001
   3.318000137805939E-001
  -5.881000161170960E-001
   6.210000067949295E-002
  -5.209000110626221E-001
  -2.696000039577484E-001
  -6.927999854087830E-001
  -5.450999736785889E-001
       -2.387500047683716
       -3.262799978256226
       -2.988199949264526
       -2.659899950027466
       -1.962299942970276
       -1.761100053787231
       -2.884000062942505
       -3.453099966049194
       -3.098400115966797
       -3.318599939346314
  -9.909999966621399E-001
       -2.161600112915039
       -1.105299949645996
  -2.979999966919422E-002
       -1.775799989700317
       -2.600199937820435
       -1.491600036621094
       -2.107800006866455
       -1.588299989700317
  -8.611999750137329E-001
  -4.348999857902527E-001
   3.041999936103821E-001
  -1.525000035762787E-001
       -1.913400053977966
       -2.596100091934204
  -7.756999731063843E-001
       -1.373200058937073
       -1.342100024223328
  -2.389999926090241E-001
        1.119300007820129
        1.495399951934815
        2.197299957275391
   9.911999702453613E-001
   5.731999874114990E-001
        1.670400023460388
        1.203400015830994
   8.691999912261963E-001
   9.150999784469605E-001
   9.592000246047974E-001
        2.115999937057495
   2.205000072717667E-001
        1.151499986648560
   2.872000038623810E-001
  -4.494999945163727E-001
   4.879999905824661E-002
       -2.815200090408325
       -3.484100103378296
       -2.620199918746948
       -2.824500083923340
       -2.335999965667725
  -2.003999948501587E-001
        1.360399961471558
   2.336000055074692E-001
   8.292999863624573E-001
  -1.859000027179718E-001
   2.630000002682209E-002
  -5.982000231742859E-001
  -4.471000134944916E-001
  -9.650999903678894E-001
       -2.150399923324585
       -2.931799888610840
       -3.519099950790405
       -3.651900053024292
       -2.636499881744385
       -2.477600097656250
  -6.172999739646912E-001
       -1.570700049400330
       -2.464699983596802
       -3.552999973297119
       -4.181200027465820
       -2.111000061035156
  -5.906999707221985E-001
  -5.885000228881836E-001
  -4.559000134468079E-001
   8.649999648332596E-002
       -1.593099951744080
  -4.805000126361847E-001
  -7.161999940872192E-001
   9.272000193595886E-001
   5.799999833106995E-002
   1.180000044405460E-002
  -1.097000017762184E-001
       -1.675799965858460
  -6.489999890327454E-001
       -1.647699952125549
       -1.118100047111511
       -1.115000009536743
   1.869999989867210E-002
   7.876999974250794E-001
        2.179199934005737
        1.484599947929382
        2.208899974822998
        2.874399900436401
   4.571999907493591E-001
   8.119000196456909E-001
   9.384999871253967E-001
   5.662000179290772E-001
        1.761600017547607
        2.464499950408936
        1.767899990081787
        1.671700000762940
        1.620499968528748
   2.859999984502792E-002
  -2.840000092983246E-001
  -8.766000270843506E-001
       -3.067800045013428
       -4.039000034332275
       -3.374000072479248
       -3.379300117492676
       -2.717200040817261
  -3.095999956130981E-001
   7.451999783515930E-001
  -3.102999925613403E-001
   1.359000056982040E-001
       -1.547999978065491
  -8.127999901771545E-001
  -5.091000199317932E-001
       -1.934399962425232
       -1.955199956893921
       -4.201700210571289
       -4.937699794769287
       -4.721199989318848
       -4.056300163269043
       -3.226000070571899
       -2.989000082015991
  -9.648000001907349E-001
  -5.353000164031982E-001
       -1.861199975013733
       -2.677000045776367
       -2.686500072479248
       -2.388700008392334
       -1.460800051689148
   4.180999994277954E-001
   1.643999963998795E-001
   2.518000006675720E-001
  -2.381000071763992E-001
   2.587999999523163E-001
   5.170000195503235E-001
        2.349100112915039
   7.366999983787537E-001
  -9.897000193595886E-001
   6.621000170707703E-001
       -2.241600036621094
       -1.329599976539612
       -1.169800043106079
  -3.598000109195709E-001
  -9.521999955177307E-001
   7.651000022888184E-001
        1.156399965286255
        1.148200035095215
   8.628000020980835E-001
  -3.102000057697296E-001
   4.074999988079071E-001
        1.303500056266785
   3.350000083446503E-001
   2.426999956369400E-001
        2.142400026321411
        2.819999933242798
        3.630100011825562
        2.951200008392334
        1.584200024604797
        1.709400057792664
  -7.020999789237976E-001
       -1.886999964714050
  -3.914999961853027E-001
       -2.793699979782105
       -4.532899856567383
       -4.331799983978272
       -3.883100032806397
  -5.110999941825867E-001
  -8.751000165939331E-001
   1.728000044822693E-001
  -1.114000007510185E-001
  -1.905000060796738E-001
  -9.077000021934509E-001
       -1.211500048637390
  -5.357999801635742E-001
  -2.382999956607819E-001
  -8.195999860763550E-001
       -2.592200040817261
       -3.985199928283691
       -3.909899950027466
       -2.947099924087524
       -2.796900033950806
       -1.193199992179871
       -1.703600049018860
  -5.073000192642212E-001
       -1.398599982261658
       -1.929999947547913
       -1.083199977874756
       -1.470999956130981
  -5.098000168800354E-001
   5.964000225067139E-001
   7.333999872207642E-001
   7.275999784469605E-001
        1.916599988937378
        1.780300021171570
   8.395000100135803E-001
        1.273200035095215
   7.063000202178955E-001
  -1.011999994516373E-001
   5.293999910354614E-001
       -1.409199953079224
       -1.176699995994568
       -2.071500062942505
       -2.313499927520752
  -6.273999810218811E-001
  -8.219999819993973E-002
        1.273499965667725
   1.833000034093857E-001
   8.330000042915344E-001
        1.480200052261353
        2.453599929809570
        2.104799985885620
   7.663000226020813E-001
   8.125000000000000E-001
        1.798699975013733
        1.848099946975708
        3.301000118255615
        3.039999961853027
        3.005599975585938
   2.976999878883362E-001
  -5.916000008583069E-001
       -1.339300036430359
   3.853000104427338E-001
       -1.794800043106079
       -3.049999952316284
       -3.606600046157837
       -3.117300033569336
  -5.090000033378601E-001
  -6.057999730110169E-001
  -7.602999806404114E-001
   3.500000014901161E-002
  -3.580999970436096E-001
       -1.614699959754944
       -2.553699970245361
       -1.795500040054321
  -5.065000057220459E-001
  -1.933999955654144E-001
       -1.440000057220459
       -1.949800014495850
       -2.473999977111816
       -2.781399965286255
       -2.778599977493286
       -1.261299967765808
  -7.486000061035156E-001
  -7.871000170707703E-001
       -1.267500042915344
  -6.654000282287598E-001
  -2.228000015020371E-001
       -1.847800016403198
  -5.030000209808350E-001
   4.645999968051910E-001
        1.421399950981140
   1.300999969244003E-001
   9.850999712944031E-001
        1.230100035667419
        2.091599941253662
        1.791700005531311
   7.955999970436096E-001
   4.866000115871429E-001
   1.992000043392181E-001
       -1.173599958419800
       -1.378399968147278
       -1.447000026702881
       -3.457499980926514
       -1.276700019836426
   4.095000028610230E-001
   8.917000293731690E-001
        1.263499975204468
        1.336899995803833
   1.777999997138977E-001
   4.386999905109406E-001
        1.330299973487854
        1.985700011253357
        1.213700056076050
        1.717100024223328
        1.781499981880188
        3.082999944686890
        1.915799975395203
        1.109799981117249
   1.190000027418137E-001
  -5.213999748229981E-001
       -2.022099971771240
  -8.156999945640564E-001
