  -7.853999733924866E-001
  -5.056999921798706E-001
  -9.706000089645386E-001
       -1.520699977874756
        1.174900054931641
       -1.143499970436096
       -1.486500024795532
       -2.753200054168701
       -4.123499870300293
       -4.548500061035156
       -3.967499971389771
       -3.216399908065796
       -3.126199960708618
       -3.681900024414063
       -1.445500016212463
       -2.362099885940552
       -1.809900045394898
       -2.166599988937378
  -7.997000217437744E-001
       -2.387700080871582
       -1.357599973678589
       -1.719699978828430
  -5.279999971389771E-001
  -4.645999968051910E-001
  -6.707999706268311E-001
  -4.399000108242035E-001
        1.615599989891052
   4.248000085353851E-001
        1.183799982070923
        2.044199943542481
        3.640199899673462
        3.062099933624268
        3.538899898529053
        4.099800109863281
        5.454500198364258
        3.421900033950806
        2.920000076293945
        3.352699995040894
        1.444700002670288
   4.657000005245209E-001
        2.015000104904175
   2.759999930858612E-001
   4.115999937057495E-001
       -1.081099987030029
       -2.902299880981445
       -2.028000116348267
  -5.673999786376953E-001
  -6.179000139236450E-001
       -2.691400051116943
       -2.813100099563599
  -4.973999857902527E-001
   2.644999921321869E-001
        1.889999985694885
        1.515400052070618
        1.301900029182434
   1.324000060558319E-001
   1.274999976158142E-001
   6.761000156402588E-001
  -9.390000253915787E-002
  -8.700000122189522E-003
       -1.349900007247925
   3.064000010490418E-001
       -1.599699974060059
       -1.649999976158142
  -7.813000082969666E-001
       -2.988800048828125
       -2.183000087738037
       -3.218899965286255
       -4.402100086212158
       -4.147299766540527
       -3.748300075531006
       -3.450500011444092
       -3.655999898910523
       -3.588200092315674
       -3.521300077438355
       -3.130700111389160
       -2.078799962997437
       -3.037499904632568
       -2.281800031661987
       -2.206399917602539
       -2.419500112533569
  -9.016000032424927E-001
       -1.586899995803833
       -1.266700029373169
  -5.429000258445740E-001
   4.993000030517578E-001
   2.904999852180481E-001
   5.473999977111816E-001
        1.106500029563904
        1.743800044059753
        1.523699998855591
        2.960599899291992
        2.899699926376343
        4.174399852752686
        3.497999906539917
        3.698400020599365
        2.812799930572510
        2.064899921417236
        3.227099895477295
        1.806499958038330
        1.614599943161011
   1.009000018239021E-001
   4.108000099658966E-001
  -3.009999990463257E-001
       -1.968400001525879
  -6.984999775886536E-001
  -9.372000098228455E-001
  -4.359999895095825E-001
       -2.308799982070923
       -1.726099967956543
  -7.123000025749207E-001
  -1.360000073909760E-001
   3.016000092029572E-001
   5.509999990463257E-001
   3.560000061988831E-001
        2.168600082397461
   4.490000009536743E-002
  -1.032000035047531E-001
  -5.788000226020813E-001
        1.097100019454956
   3.418999910354614E-001
  -1.793999969959259E-001
  -6.126000285148621E-001
       -1.727200031280518
  -9.246000051498413E-001
       -2.746799945831299
       -3.463999986648560
       -3.825299978256226
       -6.428699970245361
       -4.696700096130371
       -3.244499921798706
       -5.209799766540527
       -3.853899955749512
       -6.080299854278565
       -4.007299900054932
       -3.187400102615356
       -3.538399934768677
       -3.037899971008301
       -2.673799991607666
       -2.213799953460693
       -2.654999971389771
       -1.917299985885620
       -2.039000034332275
  -8.374000191688538E-001
  -4.210000038146973E-001
   1.018000021576881E-001
   7.746999859809876E-001
  -1.084999963641167E-001
  -3.567000031471252E-001
        1.243700027465820
        1.782299995422363
        2.630800008773804
        3.281699895858765
        4.437500000000000
        2.087300062179565
        1.764400005340576
        1.532400012016296
        1.253200054168701
        1.144199967384338
        2.309600114822388
   4.154999852180481E-001
   5.608999729156494E-001
   1.950000040233135E-002
       -1.168900012969971
       -1.213500022888184
  -5.946000218391419E-001
       -1.323099970817566
       -2.079200029373169
       -1.671399950981140
       -2.855900049209595
       -1.722699999809265
  -4.555999934673309E-001
  -6.431999802589417E-001
   1.861999928951263E-001
        1.179100036621094
   6.225000023841858E-001
        1.784999966621399
        1.057899951934815
        1.269000053405762
        2.121799945831299
   8.317000269889832E-001
   2.294999957084656E-001
       -1.743800044059753
       -1.320000052452087
       -1.212700009346008
       -1.535899996757507
       -4.508299827575684
       -5.324100017547607
       -5.881700038909912
       -4.751299858093262
       -5.043000221252441
       -3.547499895095825
       -5.051400184631348
       -4.875400066375732
       -2.206599950790405
       -2.183500051498413
       -1.494099974632263
       -3.203500032424927
       -2.933799982070923
       -3.057300090789795
       -2.829900026321411
  -7.315999865531921E-001
   4.625999927520752E-001
   6.527000069618225E-001
  -3.494000136852264E-001
       -1.822800040245056
  -9.153000116348267E-001
       -1.538200020790100
   1.040999963879585E-001
   7.943000197410584E-001
        1.193799972534180
        2.848799943923950
        2.153599977493286
        3.176300048828125
        2.336100101470947
        2.342200040817261
        1.555999994277954
   5.831999778747559E-001
        1.758599996566773
        2.256799936294556
   5.922999978065491E-001
        1.295899987220764
  -5.809000134468079E-001
       -1.899799942970276
   2.149000018835068E-001
  -1.207000017166138E-001
       -1.565400004386902
  -7.523999810218811E-001
       -1.640400052070618
       -1.520099997520447
  -7.764000296592712E-001
       -1.785099983215332
       -1.402099967002869
  -5.884000062942505E-001
   6.381999850273132E-001
        1.108000040054321
        2.095499992370606
        1.516499996185303
        2.018399953842163
        3.192100048065186
   3.282999992370606E-001
       -1.152699947357178
       -1.623299956321716
       -1.078899979591370
       -2.319099903106690
       -1.709100008010864
       -4.229199886322022
       -4.877600193023682
       -5.785299777984619
       -5.183599948883057
       -4.373000144958496
       -4.263899803161621
       -3.586699962615967
       -3.608299970626831
       -2.103399991989136
       -1.371899962425232
       -1.939299941062927
       -1.431800007820129
       -2.105000019073486
       -3.050600051879883
       -2.515199899673462
       -1.512500047683716
  -3.328000009059906E-001
  -6.549000144004822E-001
        1.104900002479553
   5.016000270843506E-001
  -7.190000265836716E-002
   3.740999996662140E-001
   4.347000122070313E-001
   7.784000039100647E-001
        1.272899985313416
        1.176300048828125
        1.132200002670288
   6.466000080108643E-001
   5.961999893188477E-001
   6.657000184059143E-001
        1.086899995803833
   3.901999890804291E-001
   1.596000045537949E-001
        1.362400054931641
   5.543000102043152E-001
  -2.768000066280365E-001
       -1.975700020790100
  -8.421999812126160E-001
       -1.452399969100952
       -1.082700014114380
       -1.048900008201599
       -1.055699944496155
  -7.164999842643738E-001
       -1.070999979972839
  -1.542000025510788E-001
       -1.356500029563904
       -1.716199994087219
  -5.700000002980232E-002
        1.370700001716614
        2.145699977874756
        2.400799989700317
        3.136899948120117
        2.529700040817261
        2.872299909591675
        1.345900058746338
   2.969999909400940E-001
   1.565999984741211E-001
   3.134999871253967E-001
  -8.680000156164169E-002
       -1.495900034904480
       -5.208499908447266
       -5.406799793243408
       -6.018099784851074
       -6.155700206756592
       -4.031199932098389
       -3.000999927520752
       -3.479799985885620
       -2.444000005722046
       -1.616600036621094
       -1.283400058746338
  -6.506000161170960E-001
  -2.953999936580658E-001
       -2.494800090789795
       -2.627700090408325
       -1.082800030708313
       -2.181699991226196
  -5.026999711990356E-001
   4.234000146389008E-001
   6.758999824523926E-001
  -7.261000275611877E-001
  -1.956000030040741E-001
  -2.036000043153763E-001
        1.073199987411499
        1.003700017929077
  -1.071999967098236E-001
   6.992999911308289E-001
  -1.317999958992004E-001
   3.862999975681305E-001
       -1.147899985313416
   6.690999865531921E-001
        1.715100049972534
        1.875900030136108
        1.539100050926209
        1.612699985504150
   6.434000134468079E-001
  -8.572999835014343E-001
  -7.960000038146973E-001
  -6.863999962806702E-001
       -2.013900041580200
       -1.556699991226196
       -1.488399982452393
       -1.602499961853027
  -1.340000033378601E-001
       -1.911599993705750
  -4.569999873638153E-001
  -3.702000081539154E-001
  -4.104000031948090E-001
   5.376999974250794E-001
   8.025000095367432E-001
        1.032199978828430
        1.983399987220764
        2.100899934768677
        2.075400114059448
        3.558599948883057
        1.944000005722046
        1.930400013923645
        1.027199983596802
  -1.717000007629395E-001
   6.909000277519226E-001
       -1.109699964523315
       -3.880599975585938
       -4.189899921417236
       -5.364699840545654
       -5.393700122833252
       -4.974400043487549
       -4.372399806976318
       -3.752599954605103
       -2.533400058746338
       -1.468000054359436
  -6.047000288963318E-001
   4.456000030040741E-001
       -1.869300007820129
       -2.540199995040894
       -2.084800004959106
  -6.062999963760376E-001
   2.133000046014786E-001
        1.054600000381470
        1.369899988174439
   6.898999810218811E-001
   7.376000285148621E-001
  -7.190999984741211E-001
   5.533999800682068E-001
        1.810199975967407
   6.802999973297119E-001
   1.463000029325485E-001
  -2.249000072479248E-001
   1.551000028848648E-001
  -1.610000059008598E-002
  -2.626999914646149E-001
        2.066900014877319
        1.102499961853027
        1.132899999618530
        1.113299965858460
   5.370000004768372E-001
  -9.052000045776367E-001
  -9.969999790191650E-001
       -1.718099951744080
       -2.028199911117554
       -1.741199970245361
  -8.490999937057495E-001
  -6.542999744415283E-001
       -1.706500053405762
   1.059999968856573E-002
       -1.057899951934815
  -2.919000089168549E-001
       -1.155400037765503
  -7.139000296592712E-001
       -1.280300021171570
  -7.699999958276749E-002
   7.580999732017517E-001
   9.800000190734863E-001
  -1.850000023841858E-001
        1.881600022315979
        4.197500228881836
   2.356999963521957E-001
        2.671900033950806
        2.045300006866455
   7.771999835968018E-001
   6.503999829292297E-001
   3.999999910593033E-002
       -1.294899940490723
       -1.044600009918213
       -2.081500053405762
       -3.553299903869629
       -3.155100107192993
       -2.391499996185303
       -2.025899887084961
       -1.838400006294251
   3.201000094413757E-001
   6.615999937057495E-001
   5.652999877929688E-001
        1.250800013542175
  -6.942999958992004E-001
       -1.092100024223328
  -3.382000029087067E-001
   7.706999778747559E-001
   3.939000070095062E-001
   5.706999897956848E-001
  -2.241999953985214E-001
        1.933699965476990
   5.989999771118164E-001
       -1.327900052070618
  -7.481999993324280E-001
   6.491000056266785E-001
        1.846300005912781
   6.960000097751617E-002
  -2.732999920845032E-001
  -3.637000024318695E-001
  -4.887999892234802E-001
   6.470000147819519E-001
        1.655900001525879
   8.160000294446945E-002
        1.521399974822998
        1.442000031471252
  -6.898999810218811E-001
       -1.968099951744080
       -3.294100046157837
       -1.935500025749207
  -7.261000275611877E-001
       -1.013800024986267
  -7.433999776840210E-001
  -6.371999979019165E-001
  -5.863000154495239E-001
       -1.052999973297119
       -1.366899967193604
       -1.286700010299683
       -1.033499956130981
       -1.300799965858460
  -2.804000079631805E-001
   2.380000054836273E-001
        1.198199987411499
        1.723799943923950
        2.536000013351440
        2.476500034332275
   7.544000148773193E-001
        2.432600021362305
        1.963400006294251
        1.019199967384338
   8.001999855041504E-001
        1.344200015068054
        2.118799924850464
   7.304999828338623E-001
  -3.811999857425690E-001
       -2.369800090789795
       -1.363700032234192
       -1.393200039863586
       -1.314499974250794
  -2.773999869823456E-001
   8.467000126838684E-001
        2.581099987030029
   9.052000045776367E-001
        1.393300056457520
        2.315500020980835
   5.206999778747559E-001
   9.136999845504761E-001
        1.134199976921082
        1.588099956512451
  -4.517999887466431E-001
  -5.511999726295471E-001
  -1.833000034093857E-001
  -3.695999979972839E-001
       -1.076400041580200
  -4.140000045299530E-001
        1.506299972534180
        1.676499962806702
   2.242999970912933E-001
   1.238999962806702E-001
   5.508000254631043E-001
        2.647700071334839
        1.741400003433228
   7.675999999046326E-001
        1.057399988174439
        2.765700101852417
        2.778899908065796
   7.110000252723694E-001
  -1.724999994039536E-001
  -5.713999867439270E-001
  -1.042999997735024E-001
        1.182399988174439
        2.058300018310547
   4.772999882698059E-001
   3.000000026077032E-003
  -2.360000088810921E-002
   9.279999732971191E-001
   1.330000013113022E-001
       -1.605100035667419
       -1.524500012397766
  -8.111000061035156E-001
   7.459999918937683E-001
   9.472000002861023E-001
        1.995000004768372
        2.781500101089478
        1.226199984550476
        2.345700025558472
        1.777099967002869
        1.608199954032898
        2.456099987030029
        2.607100009918213
        2.009599924087524
        2.079799890518189
        3.657799959182739
        3.262599945068359
       -1.069900035858154
       -1.938099980354309
  -5.839999914169312E-001
       -1.174200057983398
       -1.901399970054627
  -4.379999935626984E-001
  -7.620000094175339E-002
  -4.131000041961670E-001
   1.666000038385391E-001
   5.460000038146973E-001
   6.966000199317932E-001
        3.060899972915649
        1.183899998664856
   8.026999831199646E-001
        1.397099971771240
   3.682999908924103E-001
        1.542799949645996
  -8.130999803543091E-001
  -3.481999933719635E-001
       -1.391600012779236
        1.022500038146973
        1.275599956512451
   1.732999980449677E-001
  -2.955000102519989E-001
   5.859000086784363E-001
        2.240200042724609
        3.119800090789795
        3.288899898529053
   1.589999943971634E-001
        1.957499980926514
        3.744499921798706
        2.834599971771240
        2.339900016784668
        1.656100034713745
        2.092299938201904
        1.713600039482117
        2.096400022506714
        2.461800098419190
        1.294899940490723
   2.822000086307526E-001
   1.053000018000603E-001
   2.545000016689301E-001
  -8.188999891281128E-001
  -9.301000237464905E-001
  -4.092000126838684E-001
   3.125999867916107E-001
  -4.618999958038330E-001
        2.335599899291992
        2.052000045776367
        2.585700035095215
        2.121799945831299
   2.192000001668930E-001
        1.002599954605103
        1.924000024795532
        1.892799973487854
        2.311000108718872
        2.518500089645386
        2.299599885940552
        1.241099953651428
        1.039800047874451
  -4.602999985218048E-001
       -1.466500043869019
       -1.573500037193298
       -2.382899999618530
  -3.296999931335449E-001
   1.404000073671341E-001
  -7.886000275611877E-001
  -1.647000014781952E-001
  -5.400000214576721E-001
   4.523999989032745E-001
  -3.402000069618225E-001
  -1.932000070810318E-001
   6.779999732971191E-001
   7.444999814033508E-001
        2.154299974441528
        1.422000050544739
  -1.000000014901161E-001
  -1.367000043392181E-001
   6.388999819755554E-001
        1.210800051689148
   7.125999927520752E-001
        1.286299943923950
  -2.732999920845032E-001
  -2.892999947071075E-001
        2.482300043106079
        2.568000078201294
        3.605700016021729
        1.731299996376038
        1.193699955940247
        2.564800024032593
        2.970999956130981
        2.478699922561646
        2.828299999237061
        1.628200054168701
        3.468100070953369
        4.324699878692627
        3.120100021362305
        2.288300037384033
   3.916999995708466E-001
  -3.855000138282776E-001
  -6.715000271797180E-001
       -1.551900029182434
       -2.934299945831299
       -2.609600067138672
  -9.265999794006348E-001
  -5.641000270843506E-001
  -7.479999959468842E-002
        1.358100056648254
        3.253999948501587
        2.806299924850464
        2.282999992370606
        1.927500009536743
        2.927900075912476
        1.638299942016602
        1.927399992942810
   6.391000151634216E-001
        1.208899974822998
        2.267400026321411
        1.212100028991699
  -2.090000063180924E-001
       -1.068600058555603
       -1.442499995231628
       -2.228399991989136
       -1.513900041580200
   6.575000286102295E-001
   3.910000026226044E-001
   5.906000137329102E-001
       -1.123600006103516
   7.368999719619751E-001
       -1.008599996566773
       -1.370200037956238
  -9.009999781847000E-002
  -3.393999934196472E-001
  -8.418999910354614E-001
   7.739999890327454E-001
        1.372699975967407
   8.830000162124634E-001
  -8.953999876976013E-001
   7.402999997138977E-001
        1.460600018501282
        1.170099973678589
        2.901999950408936
        1.581699967384338
        1.847800016403198
        2.014600038528442
        3.006299972534180
        2.580800056457520
        1.833799958229065
        2.379800081253052
        3.502599954605103
        1.698300004005432
   6.850000023841858E-001
        1.794199943542481
        3.449100017547607
        3.662600040435791
        4.125999927520752
        3.669100046157837
        2.107000112533569
        1.563199996948242
       -1.020400047302246
       -2.170599937438965
       -1.737499952316284
       -2.125000000000000
       -2.134500026702881
       -1.229900002479553
  -1.726000010967255E-001
  -7.079999893903732E-002
        2.696199893951416
        1.610299944877625
        2.229700088500977
        1.371099948883057
        1.013200044631958
        2.827300071716309
        2.320800065994263
        1.195799946784973
   4.514000117778778E-001
        2.185699939727783
  -5.979999899864197E-002
   1.826000064611435E-001
   9.272000193595886E-001
   1.067999973893166E-001
       -1.114500045776367
       -1.061200022697449
   6.858999729156494E-001
   3.158999979496002E-001
        1.493000030517578
       -1.203199982643127
       -1.696900010108948
       -1.966300010681152
       -1.764500021934509
       -2.055000066757202
       -1.620700001716614
       -1.632699966430664
  -6.069999933242798E-001
   1.290999948978424E-001
        1.103899955749512
        2.252399921417236
        2.879300117492676
        1.987599968910217
        1.975200057029724
        1.490499973297119
        2.006900072097778
   6.268000006675720E-001
        2.222599983215332
        2.455399990081787
        3.261499881744385
        3.811000108718872
        2.904000043869019
        2.191400051116943
        1.529199957847595
        1.656599998474121
        1.199499964714050
        1.735999941825867
        1.929999947547913
        3.524300098419190
        3.269399881362915
        2.367599964141846
        1.441400051116943
       -1.198600053787231
  -5.688999891281128E-001
       -1.535699963569641
       -2.251199960708618
       -1.697800040245056
       -1.044800043106079
       -1.049299955368042
       -1.221300005912781
   9.653000235557556E-001
   4.629999995231628E-001
        1.622599959373474
        1.631199955940247
   3.959999978542328E-002
   1.264999955892563E-001
        2.830899953842163
        2.021600008010864
        3.151999950408936
        4.030099868774414
        2.112999916076660
        1.253000020980835
   4.293999969959259E-001
  -4.138000011444092E-001
  -7.556999921798706E-001
  -3.786000013351440E-001
   1.579000055789948E-001
        1.034800052642822
  -3.528999984264374E-001
   3.185000121593475E-001
   3.635999858379364E-001
  -8.440999984741211E-001
       -1.784000039100647
       -3.241100072860718
       -3.440000057220459
       -2.196199893951416
       -2.047800064086914
       -1.883499979972839
  -5.447000265121460E-001
        1.137300014495850
        2.526000022888184
        2.792000055313110
   7.720000147819519E-001
   9.728999733924866E-001
   6.994000077247620E-001
   6.388999819755554E-001
        1.696799993515015
        2.694900035858154
        2.626899957656860
        2.449100017547607
        2.311800003051758
        2.479199886322022
        1.599400043487549
        1.261299967765808
        1.078600049018860
        3.019399881362915
        3.295300006866455
        2.399899959564209
   9.061999917030335E-001
        1.167999982833862
        1.802199959754944
  -5.970000028610230E-001
   8.083999752998352E-001
  -4.124000072479248E-001
       -1.328400015830994
  -9.484000205993652E-001
       -1.126799941062927
       -1.435299992561340
       -1.089699983596802
  -9.020000100135803E-001
   8.116999864578247E-001
        1.457599997520447
        1.782799959182739
        1.213899970054627
   7.702999711036682E-001
  -2.290000021457672E-002
        3.517999887466431
        3.238600015640259
        3.469500064849854
        4.234000205993652
        2.098200082778931
   2.305999994277954E-001
  -3.684999942779541E-001
  -1.292999982833862E-001
   7.581999897956848E-001
   3.691000044345856E-001
   2.536000013351440E-001
        2.191600084304810
  -1.752000004053116E-001
       -1.202999949455261
       -2.509799957275391
       -2.519799947738648
       -1.930899977684021
       -2.074800014495850
       -3.039700031280518
       -1.914600014686585
       -2.034300088882446
       -1.884400010108948
  -6.011000275611877E-001
        1.449300050735474
   7.910000085830689E-001
   4.731000065803528E-001
        1.282299995422363
   9.405999779701233E-001
  -3.183000087738037E-001
  -7.410000264644623E-002
  -2.177000045776367E-001
        2.182699918746948
        2.751399993896484
        2.604700088500977
        2.786400079727173
        2.678999900817871
        2.282999992370606
  -4.280999898910523E-001
        1.196099996566773
   8.044000267982483E-001
        1.018900036811829
        1.468799948692322
        1.712900042533875
   7.386000156402588E-001
       -1.093199968338013
   9.251000285148621E-001
       -1.049200057983398
  -9.393000006675720E-001
  -7.975999712944031E-001
  -5.546000003814697E-001
  -5.050000175833702E-002
       -1.511700034141541
  -2.912999987602234E-001
  -7.807000279426575E-001
       -1.115100026130676
   8.292999863624573E-001
   6.610999703407288E-001
        1.351600050926209
  -4.223000109195709E-001
  -9.164000153541565E-001
        2.523699998855591
        1.889199972152710
        3.462100028991699
        4.053599834442139
        3.009000062942505
        1.319300055503845
        1.661900043487549
   7.233999967575073E-001
        2.503200054168701
   6.809999793767929E-002
  -7.799000144004822E-001
  -7.470999956130981E-001
  -9.442999958992004E-001
       -2.620699882507324
       -1.926399946212769
       -2.535300016403198
       -2.787400007247925
       -2.091099977493286
       -2.383300065994263
       -1.252400040626526
       -1.172700047492981
       -1.393300056457520
       -1.122900009155273
        1.003299951553345
        1.733299970626831
        2.330199956893921
        2.207799911499023
        1.846699953079224
        1.890300035476685
        1.176300048828125
        2.145100116729736
        3.154299974441528
        2.831000089645386
        2.983799934387207
        3.415899991989136
        3.053600072860718
        2.626899957656860
   1.489000022411346E-001
   3.316999971866608E-001
  -3.842000067234039E-001
   8.873000144958496E-001
        1.312899947166443
   2.718999981880188E-001
   4.602999985218048E-001
  -3.691000044345856E-001
       -2.116100072860718
       -2.260499954223633
  -9.211999773979187E-001
  -1.872999966144562E-001
  -1.027000024914742E-001
  -9.336000084877014E-001
   7.490000128746033E-001
       -1.236899971961975
  -3.091000020503998E-001
  -4.338000118732452E-001
        1.103299975395203
        1.613499999046326
   3.768000006675720E-001
  -4.520000144839287E-002
       -1.005499958992004
        4.524199962615967
        2.460999965667725
        3.776299953460693
        2.984200000762940
        3.082099914550781
        1.588199973106384
        1.630499958992004
        1.785300016403198
        1.311300039291382
   8.833000063896179E-001
   1.802999973297119E-001
       -1.472900032997131
  -1.036000028252602E-001
       -1.374899983406067
   6.530000269412994E-002
       -2.113699913024902
       -4.146800041198731
       -2.521899938583374
       -2.315900087356567
       -1.718999981880188
       -2.660599946975708
       -2.244800090789795
  -6.350000202655792E-002
   6.047999858856201E-001
        1.697000026702881
        3.194099903106690
        3.220499992370606
        2.149399995803833
        2.565599918365479
        2.953000068664551
        2.402699947357178
        3.635499954223633
        2.270400047302246
        3.509999990463257
        4.254799842834473
        3.291199922561646
        2.825400114059448
   9.273999929428101E-001
  -8.633000254631043E-001
  -2.576000094413757E-001
        2.292299985885620
        1.946099996566773
   3.847999870777130E-001
   2.815999984741211E-001
       -1.432100057601929
       -3.724800109863281
       -2.432899951934815
       -1.466699957847595
   8.163999915122986E-001
   9.512000083923340E-001
   3.630000054836273E-001
  -6.960000097751617E-002
   8.817999958992004E-001
  -7.619000077247620E-001
  -4.726000130176544E-001
        1.016100049018860
        1.010499954223633
        1.511500000953674
        1.253999948501587
   1.146999970078468E-001
        2.892800092697144
        3.256200075149536
        3.047600030899048
        3.142100095748901
        1.797700047492981
        2.387200117111206
   6.793000102043152E-001
  -1.783999949693680E-001
   3.416999876499176E-001
        1.009999990463257
   9.592999815940857E-001
   5.866000056266785E-001
        1.733800053596497
   3.050999939441681E-001
       -1.430299997329712
       -1.617100000381470
       -1.922899961471558
       -1.377799987792969
  -8.572999835014343E-001
       -2.797399997711182
       -2.345700025558472
  -8.567000031471252E-001
   7.924000024795532E-001
        1.014999985694885
        1.834400057792664
        2.204799890518189
        2.574199914932251
        2.045500040054321
        1.270499944686890
        2.717299938201904
        4.199999809265137
        4.722499847412109
        3.683300018310547
        3.896899938583374
        3.178499937057495
        3.273900032043457
        3.543299913406372
        1.719400048255920
        1.921599984169006
        1.516100049018860
        1.664499998092651
        1.050600051879883
        1.023200035095215
  -1.326999962329865E-001
  -4.602999985218048E-001
       -2.993200063705444
       -1.973700046539307
       -1.161200046539307
        1.481699943542481
        1.055600047111511
   3.037999868392944E-001
        1.439299941062927
        1.836799979209900
  -1.789999939501286E-002
  -5.738000273704529E-001
  -7.899999618530273E-003
   8.695999979972839E-001
   5.837000012397766E-001
   8.483999967575073E-001
  -3.880999982357025E-001
        1.713000059127808
        1.825899958610535
        2.304699897766113
        1.234699964523315
        1.575399994850159
        1.431900024414063
   5.404000282287598E-001
        1.010599970817566
   3.810999989509583E-001
  -7.580000162124634E-001
  -3.274999856948853E-001
   2.766000032424927E-001
   6.159999966621399E-001
  -6.187000274658203E-001
  -2.962999939918518E-001
   2.572000026702881E-001
       -1.518800020217896
       -1.825999975204468
  -9.580000042915344E-001
       -1.248999953269959
       -1.232599973678589
  -1.615000069141388E-001
        1.301800012588501
   6.850000023841858E-001
        1.715600013732910
        1.990900039672852
        1.197700023651123
        1.921000003814697
        1.812100052833557
        2.652699947357178
        4.810999870300293
        4.723700046539307
        3.650899887084961
        3.394099950790405
        3.216399908065796
        4.221099853515625
        4.809599876403809
        3.516799926757813
        1.516999959945679
        3.128599882125855
        3.138600111007690
        2.101799964904785
   2.381999939680100E-001
  -7.426999807357788E-001
       -1.428400039672852
       -2.170599937438965
       -1.287700057029724
  -2.171999961137772E-001
   9.718999862670898E-001
   5.691000223159790E-001
  -3.149000108242035E-001
   8.120999932289124E-001
        2.157500028610230
   4.422999918460846E-001
  -8.751000165939331E-001
   1.447000056505203E-001
   7.093999981880188E-001
        1.026299953460693
   8.575999736785889E-001
  -7.817000150680542E-001
        1.398900032043457
        1.107100009918213
   4.524999856948853E-001
       -1.057700037956238
   7.627000212669373E-001
        1.374400019645691
  -2.239999920129776E-002
  -5.878000259399414E-001
       -1.522600054740906
  -6.388999819755554E-001
   3.391999900341034E-001
  -5.511000156402588E-001
   5.899000167846680E-001
  -8.952999711036682E-001
       -1.231500029563904
  -3.111000061035156E-001
  -2.915000021457672E-001
       -1.491299986839294
       -2.361399888992310
       -2.416699886322022
       -1.438199996948242
   1.333000063896179E-001
        1.761800050735474
   6.631000041961670E-001
        1.727800011634827
        2.167200088500977
        1.760400056838989
        3.026999950408936
        2.278100013732910
        2.890000104904175
        3.651400089263916
        3.851700067520142
        4.744800090789795
        4.048900127410889
        3.370399951934815
        4.122600078582764
        3.135999917984009
        2.864300012588501
        2.581599950790405
        3.525199890136719
        2.134500026702881
        1.376000046730042
   1.412000060081482E-001
       -1.789600014686585
       -2.723999977111816
  -5.648000240325928E-001
       -1.868299961090088
  -4.435999989509583E-001
        1.633100032806397
        1.491199970245361
   9.830000251531601E-002
        1.081500053405762
        1.638900041580200
   1.685999929904938E-001
  -8.203999996185303E-001
       -1.800699949264526
  -6.348999738693237E-001
        1.685700058937073
        2.424499988555908
        1.319300055503845
        1.315600037574768
   5.455999970436096E-001
   5.414999723434448E-001
  -4.532000124454498E-001
   1.789000034332275E-001
       -1.194000005722046
       -2.325500011444092
       -1.150400042533875
       -1.825000047683716
  -9.722999930381775E-001
  -8.837000131607056E-001
   5.105000138282776E-001
        1.445199966430664
   9.472000002861023E-001
  -5.328000187873840E-001
  -2.940000034868717E-002
   9.995999932289124E-001
  -6.912000179290772E-001
       -1.930600047111511
       -1.330399990081787
       -1.921100020408630
       -2.200799942016602
   2.840000018477440E-002
        1.086599946022034
   9.562000036239624E-001
   8.518999814987183E-001
        2.202600002288818
        2.394599914550781
        2.396199941635132
        3.041599988937378
        2.661900043487549
        4.050399780273438
        5.525000095367432
        3.574300050735474
        2.477400064468384
        2.597300052642822
        2.558199882507324
        1.230999946594238
        2.923000097274780
        1.557199954986572
        2.124000072479248
        1.169399976730347
   6.912999749183655E-001
       -1.202100038528442
       -1.204399943351746
       -1.298499941825867
   1.072999984025955E-001
  -3.959999978542328E-001
   3.106000125408173E-001
        1.654899954795837
   6.486999988555908E-001
        2.109400033950806
   5.145999789237976E-001
  -3.134999871253967E-001
  -8.863999843597412E-001
   1.935999989509583E-001
   8.219999819993973E-002
   8.269999921321869E-002
   8.371999859809876E-001
        1.746899962425232
        2.377899885177612
        2.232500076293945
  -5.995000004768372E-001
       -1.074699997901917
       -1.681699991226196
       -2.662400007247925
       -2.065500020980835
       -1.258200049400330
       -1.229400038719177
  -1.254999935626984E-001
  -5.153999924659729E-001
  -1.200999990105629E-001
        1.113299965858460
   3.790999948978424E-001
  -4.817999899387360E-001
   3.718000054359436E-001
  -2.815000116825104E-001
       -2.867899894714356
       -4.111100196838379
       -2.330899953842163
       -1.333999991416931
       -2.698499917984009
       -2.220000028610230
   5.950999855995178E-001
   5.616000294685364E-001
   1.903000026941299E-001
        2.097599983215332
        2.876199960708618
        2.176800012588501
        3.467999935150147
        3.749399900436401
        3.660099983215332
        4.715000152587891
        2.494899988174439
        1.989699959754944
        2.601599931716919
        2.910399913787842
        2.021899938583374
        1.101799964904785
   3.235000073909760E-001
   4.896000027656555E-001
   6.388999819755554E-001
       -1.369699954986572
  -1.676999926567078E-001
       -1.511999964714050
       -1.011000037193298
   7.930000126361847E-002
   7.950999736785889E-001
   6.798999905586243E-001
        1.388000011444092
        1.273599982261658
   3.946999907493591E-001
   5.493000149726868E-001
   9.283999800682068E-001
   5.583000183105469E-001
   2.899999916553497E-002
   6.777999997138977E-001
   1.465000063180924E-001
   3.483000099658966E-001
  -1.735000014305115E-001
        1.612200021743774
        1.158499956130981
       -2.320699930191040
       -1.158200025558472
       -2.053499937057495
       -3.368099927902222
       -1.780599951744080
       -1.236099958419800
  -8.130000233650208E-001
       -1.164899945259094
  -9.652000069618225E-001
   1.549999974668026E-002
  -9.557999968528748E-001
  -6.499999761581421E-001
  -1.109999977052212E-002
  -1.283999979496002E-001
   3.621000051498413E-001
       -1.495499968528748
       -3.011399984359741
       -2.499500036239624
       -1.511199951171875
       -2.012000083923340
       -1.937100052833557
  -8.148999810218811E-001
        1.376000046730042
        2.040299892425537
        3.285799980163574
        3.976999998092651
        4.014900207519531
        3.506000041961670
        4.088200092315674
        3.929800033569336
        3.398099899291992
        2.956000089645386
        1.992400050163269
        2.739700078964233
        3.297399997711182
        1.183500051498413
        1.808099985122681
  -1.570000052452087E-001
  -6.134999990463257E-001
  -8.960999846458435E-001
  -3.140999972820282E-001
       -1.733199954032898
       -1.883700013160706
  -3.492000102996826E-001
   5.756999850273132E-001
        1.749199986457825
   8.306999802589417E-001
        1.995900034904480
        2.319299936294556
        2.117599964141846
        1.350100040435791
        1.360599994659424
        1.934999942779541
   8.522999882698059E-001
   3.097999989986420E-001
   7.962999939918518E-001
   8.649999648332596E-002
  -2.410999983549118E-001
        1.456599950790405
   9.965999722480774E-001
  -8.557999730110169E-001
       -2.400099992752075
       -3.124399900436401
       -2.630199909210205
       -3.149800062179565
       -2.492199897766113
       -1.392099976539612
  -9.549999833106995E-001
       -1.527999997138977
       -2.414599895477295
       -3.276900053024292
       -1.542799949645996
   6.423000097274780E-001
  -3.289999961853027E-001
   3.711999952793121E-001
   7.950999736785889E-001
       -1.857399940490723
  -3.700999915599823E-001
   9.690999984741211E-001
   8.180000185966492E-001
       -1.024000048637390
       -1.078799962997437
  -5.019000172615051E-001
        1.906200051307678
        2.608200073242188
        2.852099895477295
        3.522900104522705
        3.533600091934204
        2.541300058364868
        2.422600030899048
        2.490700006484985
        2.240299940109253
        1.133100032806397
        1.582299947738648
        3.163000106811523
        2.310100078582764
        1.938899993896484
   9.710999727249146E-001
  -2.810000069439411E-002
  -6.168000102043152E-001
  -9.897999763488770E-001
   3.362999856472015E-001
       -1.728199958801270
       -1.855499982833862
  -5.153999924659729E-001
        1.791800022125244
        1.663100004196167
        1.040400028228760
        1.287999987602234
        2.034899950027466
        2.461899995803833
        1.144000053405762
   9.588000178337097E-001
   4.291999936103821E-001
        1.471099972724915
   3.213999867439270E-001
   1.218999996781349E-001
  -3.073999881744385E-001
  -5.270000174641609E-002
        1.528800010681152
        1.264299988746643
  -5.543000102043152E-001
       -2.845599889755249
       -4.342999935150147
       -3.411499977111816
       -1.825700044631958
       -2.826800107955933
       -2.439599990844727
       -2.156399965286255
       -1.480599999427795
       -2.465199947357178
       -1.222200036048889
  -7.552000284194946E-001
  -6.690000295639038E-001
   5.317000150680542E-001
   8.744999766349793E-001
   5.173000097274780E-001
        2.150599956512451
        2.057699918746948
        1.673200011253357
  -6.757000088691711E-001
  -4.850000143051148E-001
       -1.123200058937073
  -6.353999972343445E-001
   6.159999966621399E-001
        1.750699996948242
   2.836999893188477E-001
        2.747499942779541
        2.181299924850464
        2.860100030899048
        2.188100099563599
        2.443900108337402
        1.746000051498413
        2.407799959182739
        3.224499940872192
        2.477400064468384
        2.301599979400635
        1.154800057411194
  -7.698000073432922E-001
       -1.416100025177002
  -8.323000073432922E-001
  -2.169999927282333E-001
  -9.965000152587891E-001
  -3.662999868392944E-001
   3.299999982118607E-002
   8.011999726295471E-001
  -4.430000111460686E-002
  -3.632999956607819E-001
  -9.692000150680542E-001
        1.167899966239929
        3.599299907684326
        1.257400035858154
        1.946900010108948
   8.515999913215637E-001
        1.400599956512451
        1.093500018119812
   9.704999923706055E-001
   9.300000034272671E-003
        1.246099948883057
   8.779000043869019E-001
   7.343999743461609E-001
  -7.819999754428864E-002
       -2.323899984359741
       -2.605000019073486
       -3.476000070571899
       -3.589400053024292
       -4.206200122833252
       -2.730200052261353
       -2.282099962234497
       -1.579699993133545
       -1.035699963569641
  -5.141000151634216E-001
   2.039999961853027E-001
   9.526000022888184E-001
        1.981699943542481
        1.950000047683716
        1.920600056648254
        2.370899915695190
        2.330199956893921
        1.133999943733215
  -3.032999932765961E-001
  -5.802999734878540E-001
   4.453000128269196E-001
  -6.535999774932861E-001
       -1.764199972152710
        1.309599995613098
        1.038300037384033
        1.356099963188171
        2.660700082778931
   9.847000241279602E-001
        2.285799980163574
        2.888999938964844
        3.418400049209595
        1.744799971580505
        1.696300029754639
   6.024000048637390E-001
   4.666000008583069E-001
   2.524999976158142E-001
       -1.260400056838989
       -1.188500046730042
       -1.663800001144409
  -7.533000111579895E-001
   7.707999944686890E-001
   4.824999868869782E-001
        1.636500000953674
  -4.909000098705292E-001
       -1.430400013923645
   2.340999990701675E-001
       -1.726899981498718
   4.140000045299530E-002
        1.721199989318848
        1.825700044631958
        1.371799945831299
        1.136299967765808
        2.500799894332886
        2.794399976730347
        1.863700032234192
        1.372099995613098
       -1.350399971008301
       -1.699000000953674
       -1.174499988555908
       -2.300499916076660
       -2.234600067138672
       -2.636800050735474
       -2.852299928665161
       -4.207499980926514
       -4.323100090026856
       -3.025799989700317
       -1.767600059509277
  -5.200000014156103E-003
   8.200000226497650E-002
  -4.569999873638153E-001
  -1.310000009834766E-002
        1.206799983978272
        1.640799999237061
        1.871999979019165
        3.514899969100952
        2.138000011444092
        2.971199989318848
        1.614199995994568
        1.164700031280518
   2.545999884605408E-001
   1.406999975442886E-001
  -6.061999797821045E-001
  -1.146000027656555E-001
   3.973000049591065E-001
   7.348999977111816E-001
        1.270799994468689
        1.393900036811829
        1.928900003433228
        1.718500018119812
        2.122800111770630
        2.603600025177002
        1.765400052070618
        1.760699987411499
   5.611000061035156E-001
   1.891999989748001E-001
       -1.297799944877625
  -2.334000021219254E-001
  -3.770999908447266E-001
       -1.011999964714050
       -3.016400098800659
  -9.093000292778015E-001
        1.389700055122376
        1.029299974441528
   2.834999859333038E-001
  -8.033000230789185E-001
   6.260000169277191E-002
       -2.607199907302856
  -7.023000121116638E-001
   2.193000018596649E-001
   4.602000117301941E-001
   9.588999748229981E-001
        2.195499897003174
        1.473899960517883
        2.975500106811523
        2.613100051879883
        1.665699958801270
       -2.119999885559082
       -3.499200105667114
       -1.847699999809265
       -2.629899978637695
       -1.507899999618530
       -1.159899950027466
       -2.344599962234497
       -3.592900037765503
       -3.323899984359741
       -2.436300039291382
       -2.365700006484985
       -2.255199909210205
  -5.655999779701233E-001
  -8.342000246047974E-001
  -6.449999809265137E-001
   5.110999941825867E-001
        1.056800007820129
        2.439399957656860
        1.458799958229065
   6.582999825477600E-001
        3.122800111770630
        3.100899934768677
        3.323999881744385
        2.868099927902222
        2.084199905395508
        1.008499979972839
   8.420000225305557E-002
   3.379000127315521E-001
   8.324000239372253E-001
   5.180000141263008E-002
   3.625000119209290E-001
   9.222000241279602E-001
        2.070800065994263
        3.243700027465820
        2.408699989318848
        1.342700004577637
        1.996299982070923
        1.578899979591370
        2.132800102233887
  -6.254000067710877E-001
   1.356000006198883E-001
       -1.572600007057190
  -4.869999885559082E-001
       -1.521100044250488
  -6.378999948501587E-001
   6.977000236511231E-001
   4.419999942183495E-002
   4.066999852657318E-001
       -1.388599991798401
   6.090000271797180E-001
  -2.574999928474426E-001
       -1.312299966812134
       -1.767500042915344
       -1.313400030136108
  -3.750000000000000E-001
   4.119000136852264E-001
        2.733200073242188
        1.359400033950806
        1.543300032615662
  -1.467999964952469E-001
       -1.783400058746338
       -1.574499964714050
       -1.430400013923645
  -7.615000009536743E-001
       -1.323400020599365
   1.853999942541122E-001
       -1.451699972152710
       -3.312400102615356
       -2.645499944686890
       -2.948199987411499
       -3.489200115203857
       -2.105200052261353
       -1.697000026702881
  -3.894000053405762E-001
  -9.556000232696533E-001
   9.660000354051590E-002
        2.183300018310547
        1.418799996376038
        1.820600032806397
        1.662199974060059
        1.591400027275085
        1.892699956893921
        1.041399955749512
        2.434700012207031
        1.548599958419800
        1.182700037956238
        1.583600044250488
   3.353999853134155E-001
   7.811999917030335E-001
   9.240000247955322E-001
   8.337000012397766E-001
        1.769000053405762
        3.650700092315674
        3.489099979400635
        2.135900020599365
   6.568999886512756E-001
        1.622900009155273
        1.708099961280823
        1.750900030136108
   4.918000102043152E-001
   4.228999912738800E-001
  -2.065999954938889E-001
  -1.168999969959259E-001
  -5.091999769210815E-001
  -4.975999891757965E-001
   8.195000290870667E-001
       -1.231699943542481
  -2.987999916076660E-001
  -6.333000063896179E-001
  -3.749000132083893E-001
   6.827999949455261E-001
       -2.001699924468994
       -1.904500007629395
  -8.799999952316284E-001
   3.440000116825104E-002
  -9.603999853134155E-001
   8.137999773025513E-001
   1.750000007450581E-002
   8.111000061035156E-001
   4.160000011324883E-002
       -2.400000095367432
  -9.577999711036682E-001
  -2.973000109195709E-001
       -1.483600020408630
       -2.192899942398071
       -1.074599981307983
  -2.092999964952469E-001
       -1.358299970626831
  -5.159999728202820E-001
       -1.653200030326843
       -2.028599977493286
  -6.747999787330627E-001
  -8.327999711036682E-001
  -2.800999879837036E-001
  -7.140000164508820E-002
   2.985000014305115E-001
  -8.990000188350678E-002
        1.059499979019165
        1.569399952888489
   2.535000145435333E-001
   6.320999860763550E-001
   3.828999996185303E-001
   6.556000113487244E-001
        2.256700038909912
   8.967999815940857E-001
        1.358399987220764
  -8.885999917984009E-001
  -4.690000042319298E-002
        1.526600003242493
        1.580199956893921
        1.150200009346008
        1.838199973106384
        3.067199945449829
        3.043499946594238
   5.493999719619751E-001
  -9.986000061035156E-001
  -6.270000338554382E-002
   2.295999974012375E-001
        1.590199947357178
        1.285099983215332
   5.100000184029341E-003
   2.576000094413757E-001
        1.194000005722046
   7.599999755620956E-002
   2.363000065088272E-001
   3.025000095367432E-001
       -1.057999968528748
        2.117799997329712
        1.039299964904785
   4.846000075340271E-001
  -6.715000271797180E-001
       -2.557100057601929
       -2.397799968719482
  -4.778999984264374E-001
       -1.214100003242493
  -8.611999750137329E-001
   9.002000093460083E-001
   6.189000010490418E-001
  -1.773999929428101E-001
       -1.091199994087219
       -1.474200010299683
  -5.810000002384186E-002
  -6.108000278472900E-001
       -1.197700023651123
       -2.165800094604492
  -9.499999694526196E-003
   8.748999834060669E-001
   8.172000050544739E-001
   4.586000144481659E-001
  -1.841000020503998E-001
   6.826000213623047E-001
  -5.896999835968018E-001
       -1.343799948692322
  -4.095999896526337E-001
       -1.047999978065491
       -1.170400023460388
  -1.630000025033951E-001
   2.291000038385391E-001
   3.210000097751617E-001
   8.885999917984009E-001
  -1.155999973416328E-001
   6.498000025749207E-001
        1.527899980545044
   2.757000029087067E-001
   3.671000003814697E-001
  -5.281000137329102E-001
   5.730000138282776E-002
   8.967999815940857E-001
        1.685400009155273
        1.462299942970276
   5.918999910354614E-001
        1.257099986076355
        1.337800025939941
        1.762899994850159
   1.399999950081110E-003
  -5.044000148773193E-001
       -1.331699967384338
       -1.080600023269653
   5.496000051498413E-001
  -4.765000045299530E-001
   1.129999980330467E-001
        1.380599975585938
        1.312399983406067
  -6.139000058174133E-001
       -1.177999973297119
  -7.595999836921692E-001
  -3.551999926567078E-001
   6.826999783515930E-001
        1.339300036430359
   8.421000242233276E-001
  -5.724999904632568E-001
       -2.167799949645996
  -6.866000294685364E-001
   4.460000097751617E-001
   1.305000036954880E-001
  -3.000999987125397E-001
        1.260100007057190
        1.662899971008301
   5.900000222027302E-003
  -2.236000001430512E-001
   3.800000064074993E-003
   7.739999890327454E-002
  -1.395999938249588E-001
  -7.160999774932861E-001
       -2.470499992370606
  -8.144000172615051E-001
   5.200000107288361E-002
        1.557000041007996
        1.001299977302551
        1.873999953269959
  -2.234999984502792E-001
       -1.738700032234192
       -1.253399968147278
       -1.348899960517883
       -1.524799942970276
       -2.661999940872192
       -1.929299950599670
       -1.365700006484985
  -2.815000116825104E-001
  -4.030000045895577E-002
        2.085500001907349
        2.034300088882446
        1.551900029182434
   2.810000069439411E-002
   6.769999861717224E-001
        1.160300016403198
   7.113999724388123E-001
        1.203999996185303
   3.194999992847443E-001
   4.842000007629395E-001
        2.631099939346314
        1.115000009536743
        1.688899993896484
       -1.348199963569641
       -1.190799951553345
       -2.259700059890747
  -2.004999965429306E-001
  -6.279000043869019E-001
  -7.221000194549561E-001
   1.960000023245812E-002
  -1.449999958276749E-001
        1.279500007629395
   9.017000198364258E-001
        1.745599985122681
   7.394000291824341E-001
   5.512999892234802E-001
  -5.648999810218811E-001
   2.381000071763992E-001
   1.000000047497451E-003
  -5.559999868273735E-002
  -8.292000293731690E-001
       -1.422199964523315
  -8.769000172615051E-001
   7.678999900817871E-001
   4.187999963760376E-001
   8.842999935150147E-001
  -1.931000053882599E-001
  -2.215999960899353E-001
  -2.492000013589859E-001
       -1.583799958229065
   1.535000056028366E-001
  -5.503000020980835E-001
  -8.203999996185303E-001
       -1.150099992752075
  -3.379999995231628E-001
   3.944000005722046E-001
        1.151000022888184
   6.775000095367432E-001
        2.073299884796143
        1.489400029182434
  -5.000000000000000E-001
  -8.841000199317932E-001
       -1.531200051307678
  -9.301999807357788E-001
       -3.096999883651733
       -1.927800059318543
       -2.882899999618530
  -6.608999967575073E-001
  -6.367999911308289E-001
  -6.431000232696533E-001
        1.541599988937378
        1.048599958419800
        1.276700019836426
        1.879899978637695
   6.191999912261963E-001
   7.888000011444092E-001
        2.083699941635132
        1.940700054168701
        1.443600058555603
        1.791100025177002
        2.722399950027466
        2.029900074005127
  -2.921000123023987E-001
       -1.902400016784668
       -1.133499979972839
       -2.218800067901611
  -6.686999797821045E-001
   5.960000157356262E-001
   8.209999799728394E-001
  -9.999999776482582E-003
   3.438999950885773E-001
        1.128700017929077
        2.154900074005127
        2.570300102233887
        2.236599922180176
        1.821099996566773
   7.181000113487244E-001
   4.923999905586243E-001
   9.710000157356262E-001
   9.402999877929688E-001
       -1.482300043106079
       -1.619300007820129
  -7.125999927520752E-001
  -3.371999859809876E-001
  -2.991999983787537E-001
  -6.032999753952026E-001
   2.788000106811523E-001
  -9.957000017166138E-001
  -4.936999976634979E-001
   4.341999888420105E-001
       -1.276499986648560
  -9.797000288963318E-001
       -1.106999993324280
  -5.461999773979187E-001
  -8.259999752044678E-001
   2.017000019550324E-001
        1.586699962615967
       -1.216899991035461
  -5.810000002384186E-002
   5.748000144958496E-001
   8.623999953269959E-001
       -1.353000044822693
       -1.216099977493286
       -1.020799994468689
       -2.583600044250488
       -2.309999942779541
       -1.322700023651123
  -8.876000046730042E-001
   1.342000067234039E-001
   9.016000032424927E-001
  -3.800000064074993E-003
  -1.635999977588654E-001
   7.746999859809876E-001
        2.273200035095215
        1.613499999046326
        2.733999967575073
        2.173599958419800
        1.372599959373474
  -5.087000131607056E-001
        2.112600088119507
        1.428300023078919
   9.666000008583069E-001
       -2.070800065994263
       -2.956399917602539
       -1.944900035858154
       -1.700999975204468
       -1.717800021171570
   9.915999770164490E-001
   1.951999962329865E-001
   7.653999924659729E-001
        3.101700067520142
        2.126100063323975
        2.614500045776367
        1.903100013732910
        3.177599906921387
        2.191600084304810
   7.803999781608582E-001
        1.959400057792664
  -4.796999990940094E-001
  -6.546000242233276E-001
       -1.173099994659424
  -9.769999980926514E-001
       -1.675199985504150
       -1.462700009346008
  -5.410000085830689E-001
  -5.734999775886536E-001
       -1.169000029563904
       -1.832900047302246
   3.578000068664551E-001
   1.648000031709671E-001
       -1.792400002479553
       -2.430900096893311
       -1.126700043678284
   9.922000169754028E-001
   1.622000038623810E-001
   4.530000090599060E-001
  -4.106000065803528E-001
       -1.922899961471558
  -2.494000047445297E-001
  -5.841000080108643E-001
       -1.594300031661987
       -1.033300042152405
  -9.769999980926514E-001
       -1.431499958038330
       -1.585800051689148
  -2.322999984025955E-001
       -1.179800033569336
  -4.075999855995178E-001
   7.364000082015991E-001
  -4.296999871730804E-001
  -2.580000087618828E-002
        1.838600039482117
        3.611799955368042
        3.181799888610840
        3.496299982070923
        1.743000030517578
        1.300799965858460
  -5.860000252723694E-001
   2.081999927759171E-001
   2.649999968707562E-002
   4.479999840259552E-002
   5.443999767303467E-001
       -2.334300041198731
       -2.625600099563599
  -8.048999905586243E-001
       -2.745599985122681
       -1.751500010490418
  -9.441999793052673E-001
  -7.386999726295471E-001
        1.223199963569641
        1.852200031280518
        2.601200103759766
        3.360500097274780
        3.147099971771240
        2.977499961853027
        1.194399952888489
   5.146999955177307E-001
   6.462000012397766E-001
  -6.560000181198120E-001
  -6.435999870300293E-001
       -1.045400023460388
       -1.057399988174439
       -1.475499987602234
       -2.925199985504150
       -2.944099903106690
  -3.129999935626984E-001
  -3.406000137329102E-001
   6.988999843597412E-001
   5.929999947547913E-001
  -4.422999918460846E-001
  -2.458000034093857E-001
  -4.102999866008759E-001
  -5.432000160217285E-001
   7.968000173568726E-001
   5.997999906539917E-001
  -4.611999988555908E-001
       -1.731400012969971
       -1.553099989891052
       -1.343700051307678
  -4.839000105857849E-001
       -1.274199962615967
       -1.441200017929077
  -9.401000142097473E-001
  -4.539999961853027E-001
  -2.655000090599060E-001
  -6.046000123023987E-001
       -1.159800052642822
  -1.165999993681908E-001
   8.901000022888184E-001
        1.687000036239624
   7.071999907493591E-001
        2.564500093460083
        3.104500055313110
        3.759299993515015
        3.198800086975098
        2.817699909210205
        2.576400041580200
       -1.223600029945374
  -9.899999946355820E-002
   5.479999780654907E-001
   9.539999812841415E-002
   2.594000101089478E-001
       -2.140199899673462
       -3.792700052261353
       -2.944700002670288
       -2.478399991989136
       -2.092799901962280
       -1.567600011825562
       -1.427299976348877
       -1.138700008392334
   1.830000057816505E-002
        1.637099981307983
        2.285200119018555
        1.995000004768372
        1.031700015068054
        1.644199967384338
        1.451599955558777
        1.088000059127808
  -1.791999936103821E-001
  -8.574000000953674E-001
       -2.922600030899048
       -2.061300039291382
       -2.596800088882446
       -2.016099929809570
       -1.326799988746643
       -1.751500010490418
   1.049999967217445E-001
  -3.299999982118607E-003
        1.091899991035461
        1.020699977874756
  -2.215999960899353E-001
   8.934999704360962E-001
        1.240399956703186
   9.729999899864197E-001
  -4.920000135898590E-001
       -1.462200045585632
       -2.345499992370606
       -2.331899881362915
       -1.225499987602234
       -1.513399958610535
       -1.255800008773804
  -5.670999884605408E-001
  -7.914000153541565E-001
       -1.066100001335144
        1.250000000000000
   1.843000054359436E-001
  -4.339999854564667E-001
   9.411000013351440E-001
   5.407999753952026E-001
        1.643399953842163
   4.266000092029572E-001
        1.472100019454956
        1.553900003433228
        2.563800096511841
        2.990600109100342
        1.565199971199036
        1.184800028800964
   3.768999874591827E-001
   4.889000058174133E-001
        1.614099979400635
   6.294000148773193E-001
   6.121000051498413E-001
   6.710000336170197E-002
  -9.508000016212463E-001
       -2.161700010299683
       -1.807800054550171
       -1.767400026321411
       -2.309799909591675
       -1.696599960327148
       -1.224099993705750
   8.755999803543091E-001
        1.299600005149841
        2.343199968338013
        2.237400054931641
   1.466999948024750E-001
   8.569999933242798E-001
        1.956699967384338
        1.461300015449524
  -7.095000147819519E-001
       -1.298499941825867
  -9.208999872207642E-001
       -1.992300033569336
       -2.538000106811523
  -7.960000038146973E-001
       -1.405599951744080
  -7.229999899864197E-001
       -1.233000040054321
  -4.309999942779541E-001
  -4.871000051498413E-001
   7.917000055313110E-001
        1.648300051689148
        2.831099987030029
        1.376700043678284
  -8.302999734878540E-001
       -1.733800053596497
       -2.282799959182739
       -1.673499941825867
       -3.446000099182129
       -3.680799961090088
       -1.501899957656860
       -1.472000002861023
  -3.100999891757965E-001
  -1.178999990224838E-001
   3.454000055789948E-001
   7.231000065803528E-001
  -6.370999813079834E-001
  -1.442999988794327E-001
  -5.142999887466431E-001
   1.685999929904938E-001
   2.612000107765198E-001
       -2.386699914932251
       -1.858000040054321
   7.594000101089478E-001
        1.687500000000000
        1.809599995613098
        1.825000047683716
        1.179600000381470
   3.348000049591065E-001
        1.493800044059753
        1.521000027656555
        2.735100030899048
        1.528599977493286
  -5.199999809265137E-001
  -4.117000102996826E-001
       -2.461100101470947
       -4.311299800872803
       -2.241699934005737
  -5.527999997138977E-001
       -1.844799995422363
   5.322999954223633E-001
        1.148399949073792
        1.924200057983398
        1.667700052261353
        2.471800088882446
   5.873000025749207E-001
   4.180000126361847E-001
   6.593999862670898E-001
   5.724999904632568E-001
  -5.766999721527100E-001
  -5.200000014156103E-003
  -9.345999956130981E-001
       -1.696699976921082
       -1.368499994277954
       -2.926000118255615
       -1.929600000381470
  -5.109000205993652E-001
   5.095000267028809E-001
  -3.280999958515167E-001
  -2.477000057697296E-001
        1.504099965095520
        1.583600044250488
        1.990000009536743
   4.562000036239624E-001
       -1.720199942588806
       -2.349999904632568
  -1.342000067234039E-001
  -6.963000297546387E-001
       -2.403399944305420
       -3.475399971008301
       -1.913900017738342
       -1.406100034713745
  -9.729999899864197E-001
   5.479999780654907E-001
        1.683400034904480
  -1.133000031113625E-001
        1.154800057411194
   8.920999765396118E-001
       -1.522699952125549
       -1.263599991798401
       -1.880499958992004
       -2.356100082397461
       -3.414000034332275
       -1.850299954414368
        1.722800016403198
        1.361700057983398
  -2.148000001907349E-001
   6.208999752998352E-001
   4.275000095367432E-001
        2.016900062561035
   8.014000058174133E-001
        2.064699888229370
        2.366400003433228
        2.033699989318848
   1.177000030875206E-001
       -1.472699999809265
       -2.237600088119507
       -2.135299921035767
       -1.688500046730042
   5.156000256538391E-001
  -4.781999886035919E-001
   9.566000103950501E-001
        1.652799963951111
   7.432000041007996E-001
   9.682000279426575E-001
        2.149699926376343
        2.538399934768677
  -2.016000002622604E-001
   2.600000007078052E-003
  -3.567999899387360E-001
   5.443000197410584E-001
       -1.188099980354309
       -1.767899990081787
       -2.746000051498413
       -2.314300060272217
       -2.235699892044067
  -2.559999935328960E-002
   4.411999881267548E-001
       -1.364899992942810
   3.134999871253967E-001
        1.101999998092651
        1.062000036239624
  -2.924000024795532E-001
  -5.116000175476074E-001
  -8.507999777793884E-001
  -3.209999948740006E-002
  -7.347000241279602E-001
       -1.064200043678284
       -2.342099905014038
       -3.476799964904785
       -2.236000061035156
  -8.023999929428101E-001
  -5.171999931335449E-001
   2.384999990463257E-001
        2.219099998474121
  -3.596000075340271E-001
   5.558999776840210E-001
        1.014899969100952
  -3.316000103950501E-001
       -2.132299900054932
       -2.424000024795532
       -4.346000194549561
       -3.331500053405762
       -2.171600103378296
  -3.953000009059906E-001
  -8.982999920845032E-001
   6.959000229835510E-001
   5.921000242233276E-001
  -4.731000065803528E-001
        1.654199957847595
   4.851999878883362E-001
        1.818400025367737
   5.720000267028809E-001
        1.463999986648560
        1.186499953269959
   5.347999930381775E-001
  -4.189000129699707E-001
  -5.641999840736389E-001
       -1.916300058364868
   4.442000091075897E-001
   2.684000134468079E-001
        1.136600017547607
   6.187000274658203E-001
        3.048599958419800
        2.163700103759766
        4.199500083923340
        3.344300031661987
        2.359400033950806
        1.610100030899048
        1.259699940681458
        1.921000003814697
       -1.120599985122681
  -2.576999962329865E-001
       -1.805699944496155
       -3.039900064468384
       -1.933599948883057
       -1.021199941635132
       -2.099100112915039
       -1.571300029754639
       -1.028900027275085
  -1.226999983191490E-001
   6.360999941825867E-001
   4.814999997615814E-001
  -6.338999867439270E-001
  -6.289999932050705E-002
  -4.659999907016754E-002
       -1.381000041961670
       -1.133399963378906
  -9.041000008583069E-001
       -1.952499985694885
  -1.511999964714050E-001
  -1.071000024676323E-001
   1.823000013828278E-001
   7.048000097274780E-001
   9.613000154495239E-001
   3.228000104427338E-001
   6.108000278472900E-001
   2.899999963119626E-003
  -6.320000290870667E-001
       -1.118100047111511
       -3.742799997329712
       -4.866700172424316
       -4.464600086212158
       -3.193099975585938
   3.257000148296356E-001
  -5.665000081062317E-001
       -1.099900007247925
  -4.740000069141388E-001
  -5.361999869346619E-001
  -1.706999987363815E-001
        1.808400034904480
   7.958999872207642E-001
   5.608999729156494E-001
  -1.699000000953674E-001
   1.208000034093857E-001
   9.506999850273132E-001
  -8.166000247001648E-001
  -4.417000114917755E-001
       -1.134400010108948
   5.327000021934509E-001
        2.428400039672852
        1.909500002861023
   4.902000129222870E-001
        1.547600030899048
        2.117199897766113
        3.479899883270264
        2.593300104141235
        2.891200065612793
        3.576400041580200
        3.177299976348877
   8.116000294685364E-001
  -5.641999840736389E-001
       -2.189199924468994
       -2.889800071716309
       -2.096699953079224
       -3.234100103378296
       -2.963299989700317
       -2.174499988555908
       -1.347599983215332
       -1.223999977111816
  -5.196999907493591E-001
  -4.568000137805939E-001
  -9.172000288963318E-001
  -6.699000000953674E-001
   3.560000061988831E-001
  -4.494000077247620E-001
   6.437000036239624E-001
       -1.093899965286255
       -2.065200090408325
   4.524999856948853E-001
  -6.920000165700913E-002
  -6.250000000000000E-001
  -1.727000027894974E-001
   2.768000066280365E-001
        1.522899985313416
  -5.645999908447266E-001
  -2.639000117778778E-001
  -8.288999795913696E-001
   3.159999847412109E-002
  -5.669000148773193E-001
       -3.075299978256226
       -2.421299934387207
       -2.704200029373169
       -2.315799951553345
  -7.735000252723694E-001
        1.194100022315979
        1.785300016403198
  -4.668999910354614E-001
  -3.429000079631805E-001
  -4.124999940395355E-001
        1.977200031280518
   6.414999961853027E-001
  -3.905999958515167E-001
   2.469999939203262E-001
   3.343000113964081E-001
        1.636700034141541
       -1.476500034332275
   8.920999765396118E-001
   9.011999964714050E-001
   5.688999891281128E-001
        2.398400068283081
        1.845999956130981
        2.761600017547607
        3.337399959564209
        1.838600039482117
        3.216099977493286
        3.779900074005127
        2.829600095748901
        3.615999937057495
        3.191600084304810
       -1.121199965476990
       -1.426300048828125
       -3.796799898147583
       -3.621400117874146
       -2.356300115585327
       -2.693200111389160
       -2.310400009155273
       -4.592899799346924
       -1.517899990081787
       -1.460899949073792
       -1.172299981117249
  -2.328000068664551E-001
  -9.775999784469605E-001
       -1.477399945259094
       -1.697100043296814
  -8.345999717712402E-001
  -5.079999938607216E-002
       -1.714900016784668
  -5.640000104904175E-001
   4.823000133037567E-001
        1.757500052452087
  -4.251999855041504E-001
  -3.964999914169312E-001
  -9.560000151395798E-002
   5.579999834299088E-002
   4.765000045299530E-001
   9.300000071525574E-001
   5.444999933242798E-001
   5.213000178337097E-001
       -1.141000032424927
       -2.748199939727783
       -2.281199932098389
       -1.524600028991699
       -1.050199985504150
  -5.223000049591065E-001
   6.557999849319458E-001
        1.154600024223328
  -8.191000223159790E-001
  -2.410999983549118E-001
        1.105800032615662
   7.468000054359436E-001
       -1.162999987602234
       -2.460599899291992
   3.003999888896942E-001
   3.722000122070313E-001
   3.309000134468079E-001
  -8.338000178337097E-001
   4.751000106334686E-001
   8.277999758720398E-001
        1.362100005149841
        1.386700034141541
        3.064599990844727
        1.589400053024292
        2.382299900054932
        2.564300060272217
        2.225100040435791
        2.997999906539917
        2.278100013732910
        1.764600038528442
   6.445000171661377E-001
       -1.398000001907349
       -3.376899957656860
       -3.454400062561035
       -3.586699962615967
       -2.358599901199341
       -2.970499992370606
       -3.419399976730347
       -4.133600234985352
       -2.964299917221069
       -1.592900037765503
       -1.686499953269959
   7.175999879837036E-001
        1.113199949264526
        1.872900009155273
  -2.316000014543533E-001
   5.252000093460083E-001
       -1.106099963188171
       -1.238499999046326
  -9.897999763488770E-001
       -1.426499962806702
   3.720999956130981E-001
       -1.477399945259094
  -4.162000119686127E-001
        1.088199973106384
   8.981000185012817E-001
        1.508399963378906
        2.725399971008301
   8.418999910354614E-001
   7.390000224113464E-001
       -1.740800023078919
       -2.176000118255615
       -2.437200069427490
  -5.878999829292297E-001
   4.814000129699707E-001
  -3.434999883174896E-001
  -3.867000043392181E-001
   5.667999982833862E-001
  -4.709999859333038E-001
        1.289499998092651
        1.203199982643127
        2.107500076293945
       -1.108299970626831
  -2.316000014543533E-001
  -7.037000060081482E-001
   2.542000114917755E-001
  -2.213999927043915E-001
  -2.579999864101410E-001
  -5.409999936819077E-002
       -1.511500000953674
  -1.595000028610230E-001
   3.345000147819519E-001
        1.329300045967102
        1.539399981498718
        2.273699998855591
        2.740499973297119
        1.882799983024597
        2.691200017929077
        1.179800033569336
        1.213899970054627
   6.610000133514404E-001
   2.809000015258789E-001
       -1.646800041198731
       -3.562400102615356
       -3.040199995040894
       -3.128499984741211
       -2.729599952697754
       -4.019899845123291
       -3.090300083160400
       -2.317699909210205
       -3.449700117111206
       -3.983099937438965
        1.230399966239929
        2.323800086975098
        2.637099981307983
   4.250999987125397E-001
   9.463999867439270E-001
   1.169999968260527E-002
  -6.183000206947327E-001
       -1.184200048446655
       -1.366600036621094
  -6.130999922752380E-001
   1.689999923110008E-002
  -1.641000062227249E-001
        1.303300023078919
        2.313299894332886
        1.817499995231628
  -3.549000024795532E-001
  -1.448000073432922E-001
   4.738000035285950E-001
  -6.877999901771545E-001
   9.250000119209290E-002
       -1.220800042152405
  -4.645999968051910E-001
  -6.777999997138977E-001
   5.799999926239252E-003
       -1.525400042533875
   6.743999719619751E-001
   1.108999997377396E-001
        1.291499972343445
        2.494199991226196
        1.350700020790100
   4.442999958992004E-001
   4.334000051021576E-001
       -2.606199979782105
  -7.955999970436096E-001
   6.179999932646751E-002
  -7.276999950408936E-001
   6.208000183105469E-001
  -3.330000042915344E-001
  -8.461999893188477E-001
        1.110599994659424
   4.806999862194061E-001
   7.652999758720398E-001
        2.358999967575073
        2.167700052261353
        3.335999965667725
        1.788800001144409
        2.048799991607666
        2.290299892425537
        2.008899927139282
   5.683000087738037E-001
       -2.335599899291992
       -1.979099988937378
       -2.730900049209595
       -2.829999923706055
       -2.956799983978272
       -4.150700092315674
       -3.655800104141235
       -2.503400087356567
       -3.459399938583374
       -4.277800083160400
        1.486700057983398
        1.383200049400330
        2.000400066375732
   5.005000233650208E-001
   5.188999772071838E-001
       -1.156599998474121
   2.378000020980835E-001
  -9.459999799728394E-001
  -5.750000104308128E-002
       -1.305899977684021
  -1.107999980449677E-001
   6.761999726295471E-001
        2.355999946594238
        1.672600030899048
  -3.743999898433685E-001
   1.155999973416328E-001
   3.589999973773956E-001
  -1.499999966472387E-002
   6.269000172615051E-001
        1.314100027084351
   7.042000293731690E-001
   6.161999702453613E-001
  -8.100000023841858E-001
  -9.836000204086304E-001
  -3.235000073909760E-001
   4.808000028133392E-001
        2.310499906539917
        2.792299985885620
   7.950000166893005E-001
   7.432000041007996E-001
   8.756999969482422E-001
   2.811000049114227E-001
       -1.186800003051758
       -1.556200027465820
   7.735000252723694E-001
        1.340600013732910
   4.512999951839447E-001
        1.207000017166138
        2.340600013732910
        1.348000049591065
        1.108600020408630
  -7.743999958038330E-001
       -1.268499970436096
   6.280000209808350E-001
        3.469399929046631
        2.625900030136108
        2.711600065231323
        4.283599853515625
        2.573199987411499
  -5.943999886512756E-001
       -2.143599987030029
       -1.535599946975708
       -2.165699958801270
       -2.765899896621704
       -3.640199899673462
       -4.722199916839600
       -3.752300024032593
       -2.976300001144409
       -1.500699996948242
       -2.666500091552734
   5.539999902248383E-002
        1.651800036430359
   4.413000047206879E-001
  -5.938000082969666E-001
       -1.168300032615662
  -5.393999814987183E-001
   4.436999857425690E-001
  -7.250000238418579E-001
  -9.520000219345093E-002
   6.625999808311462E-001
   6.376000046730042E-001
  -4.485999941825867E-001
        1.302899956703186
   8.982999920845032E-001
        1.369099974632263
   7.419999837875366E-001
   9.287999868392944E-001
  -1.199999973177910E-001
        1.801900029182434
   8.471999764442444E-001
   4.397000074386597E-001
   4.674000144004822E-001
   2.926999926567078E-001
   6.629999727010727E-002
   2.048999965190888E-001
   2.777000069618225E-001
        1.613800048828125
        2.631299972534180
        1.240700006484985
   3.449000120162964E-001
   8.659999966621399E-001
  -1.009999960660934E-002
   3.483000099658966E-001
  -8.780000209808350E-001
   1.168000027537346E-001
        1.047999978065491
   4.899999871850014E-002
   4.753000140190125E-001
        2.131599903106690
        1.841099977493286
        1.000800013542175
       -1.667600035667419
       -1.129699945449829
        1.026399970054627
        2.484200000762940
        3.462399959564209
        3.557499885559082
        3.601500034332275
        3.476599931716919
        1.501999974250794
  -3.558999896049500E-001
  -7.354999780654907E-001
       -1.290199995040894
       -2.519700050354004
       -3.968600034713745
       -3.727999925613403
       -3.802900075912476
       -2.576499938964844
       -1.197499990463257
       -1.659899950027466
   1.238999962806702E-001
       -1.409000039100647
  -4.397999942302704E-001
  -1.818999946117401E-001
       -1.582399964332581
   1.023999974131584E-001
   8.055999875068665E-001
        2.090399980545044
   8.420000225305557E-002
  -1.710000038146973E-001
   5.774999856948853E-001
  -5.169999971985817E-002
        1.473500013351440
        1.062000036239624
   5.360999703407288E-001
   7.681999802589417E-001
        1.549000024795532
        1.535099983215332
        1.591300010681152
   7.572000026702881E-001
   6.995000243186951E-001
       -1.477800011634827
       -1.560199975967407
  -7.813000082969666E-001
   3.564000129699707E-001
  -2.301999926567078E-001
   1.328999996185303E-001
   1.147999987006187E-001
   5.692999958992004E-001
  -3.688000142574310E-001
   4.329999983310700E-001
   5.881000161170960E-001
   4.065999984741211E-001
   9.542000293731690E-001
        1.356500029563904
  -5.841000080108643E-001
   6.888999938964844E-001
        1.577100038528442
        1.801499962806702
   1.196999996900559E-001
   6.481999754905701E-001
  -6.633999943733215E-001
        1.538200020790100
        2.230000019073486
        2.724699974060059
        3.088500022888184
        3.500699996948242
        5.355400085449219
        3.566200017929077
        3.263600111007690
        1.344799995422363
  -2.657000124454498E-001
   1.480000019073486E-001
       -1.871199965476990
       -3.987299919128418
       -3.382999897003174
       -1.827800035476685
       -1.288800001144409
       -2.697200059890747
       -2.184900045394898
  -2.788000106811523E-001
   3.599999938160181E-003
        1.666599988937378
   6.898000240325928E-001
       -1.391000032424927
  -3.413000106811523E-001
  -1.140000000596046E-001
        1.113299965858460
   6.019999980926514E-001
  -9.251999855041504E-001
   6.797999739646912E-001
   3.206999897956848E-001
        1.335000038146973
   6.082000136375427E-001
   8.427000045776367E-001
  -2.894999980926514E-001
        1.526600003242493
   5.357999801635742E-001
   8.899999856948853E-001
   8.668000102043152E-001
   8.482999801635742E-001
  -9.674000144004822E-001
       -1.749500036239624
       -1.748800039291382
   1.063999980688095E-001
  -5.432000160217285E-001
  -3.291000127792358E-001
  -3.501000106334686E-001
  -4.980000108480454E-002
       -1.244699954986572
  -3.795999884605408E-001
        1.249199986457825
   6.945000290870667E-001
        1.498900055885315
        1.252400040626526
  -1.368000060319901E-001
   8.889999985694885E-002
   5.685999989509583E-001
  -3.970000147819519E-002
   6.955999732017517E-001
        1.455700039863586
   5.541999936103821E-001
        3.237200021743774
        2.550699949264526
        4.041699886322022
        3.848400115966797
        2.909600019454956
        4.928999900817871
        3.623300075531006
        2.013999938964844
        2.064199924468994
        1.294499993324280
   5.076000094413757E-001
       -1.746500015258789
       -4.648900032043457
       -1.830199956893921
  -8.712999820709229E-001
       -1.686300039291382
       -1.728700041770935
  -4.790999889373779E-001
   5.119000077247620E-001
  -4.700999855995178E-001
   9.728999733924866E-001
        1.762099981307983
  -1.288000047206879E-001
       -1.546900033950806
  -1.597999930381775E-001
   6.549999713897705E-001
        1.080100059509277
   1.290999948978424E-001
   5.787000060081482E-001
   6.887000203132629E-001
   8.652999997138977E-001
  -9.700000286102295E-002
  -6.389999985694885E-001
   9.025999903678894E-001
        1.137599945068359
   7.681999802589417E-001
   7.274000048637390E-001
        1.599499940872192
        1.847800016403198
  -1.130999997258186E-001
   5.196999907493591E-001
       -1.491299986839294
  -4.381999969482422E-001
  -3.517000079154968E-001
        1.045300006866455
  -9.761999845504761E-001
       -1.078400015830994
  -2.287999987602234E-001
   3.488999903202057E-001
        1.079300045967102
   5.806000232696533E-001
   6.632000207901001E-001
        2.163000106811523
   3.449000120162964E-001
   7.419999688863754E-002
        1.113700032234192
        1.597599983215332
        1.476600050926209
        1.151100039482117
   8.287000060081482E-001
        3.384999990463257
        2.826800107955933
        2.867199897766113
        3.141499996185303
        3.632100105285645
        2.876800060272217
        2.923300027847290
        1.809000015258789
   7.059999704360962E-001
        1.025699973106384
   4.122999906539917E-001
       -2.352200031280518
       -2.383800029754639
       -1.375900030136108
  -9.441000223159790E-001
       -1.472499966621399
  -4.787000119686127E-001
  -2.951999902725220E-001
  -6.109999865293503E-002
  -2.892999947071075E-001
  -8.319000005722046E-001
        1.189599990844727
   9.534999728202820E-001
  -3.239000141620636E-001
   9.470000267028809E-001
        2.047100067138672
        1.241400003433228
        2.062599897384644
        2.575999975204468
   9.452999830245972E-001
  -4.122999906539917E-001
       -1.462700009346008
       -1.367900013923645
   3.871000111103058E-001
   4.465999901294708E-001
   6.636999845504761E-001
        1.082999944686890
        2.570399999618530
        1.288499951362610
       -1.250699996948242
  -7.052000164985657E-001
       -1.342000007629395
   4.952000081539154E-001
        1.203799962997437
        1.352499961853027
  -2.126999944448471E-001
  -9.606000185012817E-001
  -7.063000202178955E-001
  -5.702999830245972E-001
   9.764999747276306E-001
   6.255000233650208E-001
        1.234099984169006
        1.834200024604797
        1.548599958419800
   1.671999990940094E-001
   4.343999922275543E-001
   8.806999921798706E-001
        1.759799957275391
        2.328299999237061
        2.439300060272217
        2.007699966430664
        1.472399950027466
        1.727900028228760
        2.984100103378296
        2.144399881362915
        1.679900050163269
        2.990200042724609
        3.853699922561646
        2.285200119018555
        2.005700111389160
  -1.146000027656555E-001
       -2.149199962615967
  -5.634999871253967E-001
  -1.941000074148178E-001
   3.508000075817108E-001
   4.120000004768372E-001
  -9.222999811172485E-001
       -1.282799959182739
   6.884999871253967E-001
  -6.966000199317932E-001
   1.655000001192093E-001
  -3.623999953269959E-001
  -5.310000106692314E-002
   9.779999852180481E-001
  -1.697999984025955E-001
        1.752799987792969
        3.749900102615356
        3.600399971008301
        3.858799934387207
        3.247100114822388
   8.967999815940857E-001
       -1.216099977493286
       -1.953299999237061
  -9.214000105857849E-001
  -8.051000237464905E-001
   5.536000132560730E-001
   5.447999835014343E-001
        2.102400064468384
        1.913200020790100
   9.035999774932861E-001
   2.462999969720841E-001
   3.786999881267548E-001
   9.836999773979187E-001
   9.649000167846680E-001
        1.140200018882752
       -1.875300049781799
  -3.914000093936920E-001
  -2.847000062465668E-001
   9.952999949455261E-001
   7.554000020027161E-001
        1.500200033187866
   4.081999957561493E-001
  -2.331999987363815E-001
   8.661999702453613E-001
        1.369699954986572
   6.536999940872192E-001
       -1.184399962425232
   2.910000085830689E-001
        2.572900056838989
        2.117899894714356
        1.717800021171570
        2.151599884033203
        1.956400036811829
        1.439700007438660
        2.159499883651733
        2.882200002670288
        4.219099998474121
        2.439599990844727
        1.029500007629395
        1.683500051498413
  -7.552999854087830E-001
  -9.731000065803528E-001
       -2.778000116348267
  -4.925000071525574E-001
   4.199999943375588E-002
  -4.578000009059906E-001
       -1.312500000000000
       -1.955600023269653
  -9.226999878883362E-001
   5.490999817848206E-001
  -2.946999967098236E-001
  -8.234000205993652E-001
  -8.407999873161316E-001
  -4.947000145912170E-001
  -1.669999957084656E-002
        1.841500043869019
        3.162899971008301
        3.348599910736084
        2.356899976730347
        3.262099981307983
        1.213000059127808
   2.558000087738037E-001
   6.963000297546387E-001
  -8.219000101089478E-001
  -1.605000048875809E-001
  -9.629999995231628E-001
   8.493999838829041E-001
        1.052299976348877
        1.183799982070923
        1.710299968719482
        1.882799983024597
        1.163599967956543
        2.341000080108643
   8.639000058174133E-001
  -1.235999986529350E-001
       -1.230499982833862
       -1.445500016212463
  -8.403999805450440E-001
  -8.535000085830689E-001
  -1.415999978780747E-001
  -3.165999948978424E-001
  -1.710000075399876E-002
   4.050000011920929E-002
        1.366299986839294
        2.519399881362915
        2.007499933242798
        1.955299973487854
  -2.520000003278256E-002
        1.699200034141541
        1.910599946975708
        3.168400049209595
        3.177999973297119
        1.445799946784973
   9.322000145912170E-001
        1.735900044441223
        2.886399984359741
        1.450799942016602
   6.230000257492065E-001
   3.684000074863434E-001
   2.939999997615814E-001
       -1.040300011634827
       -1.501600027084351
       -1.493700027465820
       -1.056100010871887
       -1.245200037956238
       -2.088500022888184
  -7.768999934196472E-001
  -5.627999901771545E-001
   1.357000023126602E-001
   5.077999830245972E-001
   4.250000044703484E-002
   1.507000029087067E-001
  -6.976000070571899E-001
  -4.255000054836273E-001
  -2.459000051021576E-001
        1.380499958992004
        3.294699907302856
        4.497200012207031
        4.374800205230713
        2.362600088119507
        2.995100021362305
        1.281900048255920
   7.220000028610230E-001
   3.901000022888184E-001
       -1.421399950981140
       -2.151299953460693
  -8.964999914169312E-001
  -9.312999844551086E-001
        1.361400008201599
  -1.393000036478043E-001
  -6.568999886512756E-001
        2.106600046157837
   5.514000058174133E-001
        1.080999970436096
        1.437999963760376
       -1.146100044250488
       -1.695799946784973
       -3.046799898147583
       -1.299600005149841
  -7.269999980926514E-001
  -7.759000062942505E-001
  -4.293000102043152E-001
   6.374999880790710E-001
        2.767699956893921
        1.630499958992004
        3.216900110244751
        3.001199960708618
   6.511999964714050E-001
        2.350300073623657
        2.989399909973145
        3.065900087356567
        3.301599979400635
        1.820799946784973
        1.090000033378601
        1.768599987030029
  -2.060000039637089E-002
   2.416999936103821E-001
  -4.070999920368195E-001
   1.233000010251999E-001
  -1.747000068426132E-001
       -1.053699970245361
  -8.991000056266785E-001
       -1.765499949455261
       -1.083500027656555
       -1.617100000381470
       -1.395900011062622
       -1.477300047874451
       -1.146299958229065
   8.269999921321869E-002
        1.062800049781799
        1.597100019454956
        1.955899953842163
  -4.268000125885010E-001
  -7.838000059127808E-001
        1.075000047683716
        2.598500013351440
        3.427799940109253
        5.054900169372559
        3.760200023651123
        3.106400012969971
        3.771500110626221
        1.579599976539612
        1.318500041961670
   8.766000270843506E-001
  -8.859000205993652E-001
       -1.764899969100952
       -2.609499931335449
       -1.978700041770935
  -1.254000067710877E-001
   9.277999997138977E-001
       -1.491400003433228
  -4.916999936103821E-001
  -6.445000171661377E-001
   5.368999838829041E-001
   6.394000053405762E-001
   6.050999760627747E-001
       -3.280900001525879
       -3.515799999237061
       -1.839900016784668
  -1.937000006437302E-001
  -7.199999876320362E-003
   2.820000052452087E-001
   7.815999984741211E-001
        2.073600053787231
        2.603800058364868
        2.311199903488159
        1.855000019073486
        2.256700038909912
        3.098400115966797
        3.177400112152100
        4.402200222015381
        4.079500198364258
        3.499700069427490
        1.656599998474121
        2.468800067901611
   4.203999936580658E-001
   6.065999865531921E-001
   3.492000102996826E-001
   7.836999893188477E-001
       -1.730999946594238
       -1.050999999046326
       -2.203999996185303
       -1.374899983406067
       -1.269299983978272
       -2.294199943542481
  -4.216000139713287E-001
  -8.155000209808350E-001
  -1.990000009536743E-001
  -1.489000022411346E-001
        1.815099954605103
   8.217999935150147E-001
   4.779999852180481E-001
        1.576599955558777
   6.949999928474426E-001
        1.491099953651428
        2.629899978637695
        3.105200052261353
        4.322999954223633
        4.660600185394287
        3.210900068283081
        2.671099901199341
        1.405900001525879
        1.677500009536743
   1.111000031232834E-001
   5.878000259399414E-001
  -8.201000094413757E-001
       -1.883499979972839
       -2.218100070953369
       -1.977900028228760
       -1.241299986839294
       -2.082000017166138
       -2.350100040435791
  -4.945999979972839E-001
  -6.301000118255615E-001
   2.504000067710877E-001
  -5.333999991416931E-001
       -2.738800048828125
       -2.867599964141846
       -2.273900032043457
        1.139700055122376
  -6.855999827384949E-001
        1.225000023841858
        1.109200000762940
        1.339800000190735
        1.687399983406067
        1.402600049972534
        1.508499979972839
        2.572900056838989
        3.493700027465820
        4.304699897766113
        4.326300144195557
        3.000900030136108
        4.216100215911865
        1.789999961853027
        2.122900009155273
        2.973299980163574
        1.716799974441528
   7.319999933242798E-001
        1.520599961280823
  -8.659999817609787E-002
       -2.468199968338013
       -1.661000013351440
       -1.171700000762940
  -7.283999919891357E-001
       -1.128499984741211
  -6.011000275611877E-001
  -2.863999903202057E-001
  -5.687000155448914E-001
        1.550799965858460
  -3.323999941349030E-001
        1.384999990463257
        1.152699947357178
        2.945499897003174
        1.788900017738342
        1.933799982070923
        2.164700031280518
        3.424400091171265
        2.959399938583374
        3.105999946594238
        2.431099891662598
        1.448600053787231
   2.442000061273575E-001
       -1.036100029945374
  -8.996999859809876E-001
  -8.989999890327454E-001
       -1.961899995803833
       -2.534499883651733
       -2.980200052261353
       -2.244999885559082
       -1.624199986457825
       -1.471300005912781
  -8.363999724388123E-001
  -1.080000028014183E-002
  -8.447999954223633E-001
  -2.621000111103058E-001
       -2.032700061798096
       -2.455499887466431
       -2.535000085830689
       -3.438800096511841
       -3.048899888992310
  -2.397000044584274E-001
  -1.747000068426132E-001
   9.896000027656555E-001
        1.471799969673157
   3.862000107765198E-001
   6.215000152587891E-001
        1.443300008773804
        1.273699998855591
        2.852699995040894
        4.341700077056885
        2.945600032806397
        2.839400053024292
        2.028500080108643
        1.905799984931946
        1.678900003433228
        1.888399958610535
        1.436599969863892
        2.277800083160400
   3.192000091075897E-001
  -7.254999876022339E-001
       -3.274300098419190
       -2.510400056838989
       -1.739199995994568
   7.329999655485153E-002
  -1.049000024795532E-001
  -9.361000061035156E-001
  -1.024999991059303E-001
  -5.020999908447266E-001
        1.145499944686890
   5.989999771118164E-001
   5.487999916076660E-001
   5.407000184059143E-001
        2.437500000000000
        1.999699950218201
        2.431499958038330
        2.429699897766113
        4.113399982452393
        3.443099975585938
        2.030699968338013
        1.707299947738648
        1.655599951744080
   6.173999905586243E-001
  -1.172999963164330E-001
       -2.113699913024902
       -2.348599910736084
       -2.188400030136108
       -2.505899906158447
       -2.610899925231934
  -4.302999973297119E-001
  -6.915000081062317E-001
       -1.021100044250488
       -1.436300039291382
       -1.735900044441223
  -7.888000011444092E-001
  -9.530000090599060E-001
       -2.161499977111816
  -7.738999724388123E-001
  -7.584999799728394E-001
       -1.117100000381470
  -8.378999829292297E-001
   4.727999866008759E-001
  -1.362999975681305E-001
        1.110299944877625
        1.743399977684021
        1.221600055694580
        2.302700042724609
        1.380900025367737
   5.144000053405762E-001
        3.343300104141235
        2.269200086593628
        1.903900027275085
   7.670000195503235E-002
        1.280400037765503
        1.665099978446960
        1.398300051689148
   8.755000233650208E-001
        1.930699944496155
        1.452399969100952
  -4.070999920368195E-001
  -9.977999925613403E-001
       -2.212899923324585
       -1.673099994659424
       -1.889000058174133
       -1.111700057983398
       -1.196099996566773
  -3.255000114440918E-001
  -5.788000226020813E-001
  -2.768999934196472E-001
        1.636199951171875
   4.916999936103821E-001
   1.033999994397163E-001
   7.200999855995178E-001
   9.574999809265137E-001
   3.264000117778778E-001
        1.448400020599365
        1.980100035667419
        3.895999908447266
        3.823400020599365
        2.725699901580811
        2.253700017929077
        1.481899976730347
        1.303900003433228
       -1.072100043296814
       -2.065000057220459
       -2.395800113677979
       -3.848500013351440
       -3.078799962997437
       -2.112999916076660
  -5.627999901771545E-001
  -7.290999889373779E-001
  -9.567000269889832E-001
       -2.141700029373169
  -3.219000101089478E-001
   6.769999861717224E-002
       -1.021299958229065
       -1.279600024223328
   3.113999962806702E-001
        1.439299941062927
   5.874000191688538E-001
   6.349999904632568E-001
        1.248999953269959
        2.490600109100342
        2.701900005340576
        1.750800013542175
        2.141799926757813
        1.103299975395203
  -5.076000094413757E-001
  -5.710000172257423E-002
   6.664999723434448E-001
        2.212800025939941
        1.289199948310852
        1.363999962806702
   3.138999938964844E-001
   6.277999877929688E-001
  -2.363000065088272E-001
   1.689999997615814E-001
   7.475000023841858E-001
   1.089000031352043E-001
        1.069200038909912
  -4.553999900817871E-001
       -1.418499946594238
       -2.173399925231934
       -3.002899885177612
       -2.645100116729736
       -2.675899982452393
  -4.454999864101410E-001
   7.444999814033508E-001
   7.943999767303467E-001
   9.975000023841858E-001
  -1.655000001192093E-001
   4.077000021934509E-001
   1.649000048637390E-001
  -4.582999944686890E-001
   6.934999823570252E-001
        1.179999947547913
        2.265000104904175
        2.427900075912476
        3.532599925994873
        2.423700094223023
        3.596899986267090
        2.063299894332886
  -7.580999732017517E-001
       -1.294000029563904
       -2.042999982833862
       -2.812299966812134
       -3.624799966812134
       -2.237400054931641
       -1.891899943351746
       -2.235800027847290
       -1.971500039100647
       -1.203099966049194
  -3.679000139236450E-001
  -2.843999862670898E-001
  -3.228999972343445E-001
       -1.921800017356873
  -3.578999936580658E-001
  -2.948000133037567E-001
        2.201299905776978
        1.763900041580200
        1.760499954223633
        1.268599987030029
   6.992999911308289E-001
        2.314399957656860
        1.403399944305420
   9.222999811172485E-001
   5.687999725341797E-001
   7.509999722242355E-002
  -5.620000138878822E-002
  -5.781000256538391E-001
        1.429499983787537
   9.733999967575073E-001
   8.586000204086304E-001
   2.662999927997589E-001
   6.240000128746033E-001
   9.632999897003174E-001
        1.066499948501587
   4.963000118732452E-001
  -3.143000006675720E-001
        1.092499971389771
  -2.630999982357025E-001
       -1.715399980545044
       -3.438400030136108
       -3.011399984359741
       -2.132400035858154
       -2.630599975585938
       -1.267799973487854
       -1.356999993324280
  -3.045000135898590E-001
  -2.025000005960465E-001
       -1.223299980163574
  -2.387000024318695E-001
        1.297500014305115
  -3.217999935150147E-001
   7.879999876022339E-001
        2.695699930191040
        1.194200038909912
   3.950999975204468E-001
        2.209100008010864
        3.573299884796143
        1.531700015068054
   5.931000113487244E-001
  -9.584000110626221E-001
       -2.861000061035156
       -2.265199899673462
       -2.784499883651733
       -1.707599997520447
       -2.608400106430054
       -2.961699962615967
       -2.258800029754639
       -1.788599967956543
       -1.091400027275085
  -9.476000070571899E-001
   4.223000109195709E-001
   1.817000061273575E-001
  -6.894999742507935E-001
  -2.111999988555908E-001
   1.961999982595444E-001
        1.493999958038330
        1.287799954414368
        1.389600038528442
        1.895799994468689
  -6.768000125885010E-001
   7.002000212669373E-001
   3.804999887943268E-001
   9.646999835968018E-001
  -1.010000035166740E-001
       -1.693300008773804
       -1.204499959945679
   9.255999922752380E-001
        1.128999948501587
   9.053000211715698E-001
        1.602800011634827
        1.583500027656555
        1.447800040245056
   4.713999927043915E-001
   9.610999822616577E-001
  -6.261000037193298E-001
  -7.407000064849854E-001
  -6.265000104904175E-001
       -1.138800024986267
       -1.519099950790405
       -2.335099935531616
       -3.046000003814697
       -1.654000043869019
       -1.967399954795837
       -1.317800045013428
       -1.408699989318848
  -1.424999982118607E-001
  -5.217000246047974E-001
       -1.162600040435791
   8.200000040233135E-003
        1.667199969291687
        1.425999999046326
   2.710000053048134E-002
   1.570000052452087E-001
   3.824000060558319E-001
   5.898000001907349E-001
  -3.729999959468842E-001
   9.354000091552734E-001
        2.306999921798706
   8.745999932289124E-001
       -1.832599997520447
       -1.587800025939941
       -2.287499904632568
  -9.472000002861023E-001
       -1.063099980354309
       -3.314199924468994
       -2.972700119018555
       -1.946499943733215
       -1.464100003242493
       -1.608199954032898
       -1.793799996376038
  -5.171999931335449E-001
       -1.656100034713745
  -4.194000065326691E-001
   5.131999850273132E-001
        3.040100097656250
        1.879500031471252
        2.419899940490723
        2.026200056076050
        1.039600014686585
   9.121999740600586E-001
   9.000000357627869E-002
       -1.757599949836731
       -1.344900012016296
       -1.294600009918213
       -1.496299982070923
  -4.404000043869019E-001
   4.372000098228455E-001
   8.177999854087830E-001
   9.031000137329102E-001
        1.750300049781799
        2.555599927902222
   9.318000078201294E-001
   5.751000046730042E-001
   1.422999948263168E-001
  -5.498999953269959E-001
  -7.677999734878540E-001
       -1.219499945640564
  -9.121000170707703E-001
  -3.531000018119812E-001
  -9.681000113487244E-001
       -2.624200105667114
       -3.425400018692017
       -2.951800107955933
       -1.979799985885620
       -1.366799950599670
       -1.549000024795532
  -1.500999927520752E-001
  -8.909000158309937E-001
  -6.748999953269959E-001
        1.428599953651428
        2.617199897766113
        2.340199947357178
   8.892999887466431E-001
   9.157000184059143E-001
   4.767999947071075E-001
       -1.215499997138977
   3.494000136852264E-001
  -4.032000005245209E-001
   1.416999995708466E-001
  -7.993999719619751E-001
  -5.307999849319458E-001
   4.621999859809876E-001
  -4.311999976634979E-001
  -8.312000036239624E-001
       -1.823500037193298
       -2.698699951171875
  -6.277999877929688E-001
       -1.149899959564209
   2.955000102519989E-001
   4.629999995231628E-001
  -4.809999838471413E-002
       -1.435799956321716
        1.220100045204163
        1.244600057601929
        1.854400038719177
        2.064800024032593
   4.250999987125397E-001
   9.340000152587891E-001
   6.905000209808350E-001
  -2.418999969959259E-001
       -1.948300004005432
       -1.626299977302551
       -1.705700039863586
  -2.597000002861023E-001
  -2.682999968528748E-001
   3.707000017166138E-001
  -9.179999679327011E-002
  -5.795999765396118E-001
   9.549999833106995E-001
   2.669999897480011E-001
   5.177999734878540E-001
   4.430000111460686E-002
       -1.285599946975708
       -2.508500099182129
       -1.731099963188171
  -3.950999975204468E-001
       -1.029600024223328
       -1.635200023651123
       -1.750200033187866
  -7.247999906539917E-001
       -1.584200024604797
       -1.991799950599670
       -2.947299957275391
       -1.812999963760376
       -1.998399972915649
       -1.905400037765503
   2.951000034809113E-001
  -3.072000145912170E-001
        1.375399947166443
        1.739199995994568
        1.979799985885620
   5.889000296592712E-001
   2.563999891281128E-001
  -6.086000204086304E-001
  -1.928000003099442E-001
   9.910000115633011E-002
   3.501999974250794E-001
   4.859000146389008E-001
  -2.800000011920929E-001
       -1.200199961662293
       -1.332299947738648
  -7.415999770164490E-001
  -7.511000037193298E-001
       -1.780400037765503
  -9.865999817848206E-001
  -8.457000255584717E-001
  -8.695999979972839E-001
       -1.170600056648254
       -1.986199975013733
  -9.506000280380249E-001
   2.273000031709671E-001
   5.270000174641609E-002
        1.720499992370606
        1.964900016784668
        1.917899966239929
        1.784999966621399
   8.280000090599060E-001
  -1.092000007629395E-001
        1.079800009727478
  -1.354999989271164E-001
  -6.729999929666519E-002
       -2.231600046157837
       -1.342000007629395
       -1.071300029754639
  -5.489000082015991E-001
        1.050999999046326
  -3.858999907970429E-001
       -1.111099958419800
  -5.978000164031982E-001
  -6.453999876976013E-001
       -1.017500042915344
       -2.615299940109253
  -9.463000297546387E-001
       -2.775700092315674
       -1.553799986839294
   3.280000090599060E-001
  -9.279000163078308E-001
       -1.508999943733215
       -1.728600025177002
  -6.750000268220902E-002
  -6.474000215530396E-001
       -1.267600059509277
       -2.256999969482422
       -2.048599958419800
       -1.876500010490418
  -8.137000203132629E-001
        1.586500048637390
        1.398800015449524
        1.456799983978272
        3.889400005340576
        2.172899961471558
  -8.392999768257141E-001
  -9.071999788284302E-001
       -1.333199977874756
       -1.496399998664856
  -2.504000067710877E-001
   6.132000088691711E-001
  -5.339999869465828E-002
   5.949000120162964E-001
  -6.179000139236450E-001
  -6.128000020980835E-001
  -7.372999787330627E-001
       -1.769099950790405
  -6.571000218391419E-001
       -1.533499956130981
   2.036000043153763E-001
  -2.114000022411346E-001
  -9.111999869346619E-001
       -1.212800025939941
  -6.715000271797180E-001
  -4.726999998092651E-001
       -1.217000007629395
   1.298999935388565E-001
   8.044000267982483E-001
        1.796399950981140
        2.762500047683716
        1.307899951934815
        1.671900033950806
        1.859500050544739
        1.263499975204468
        1.091300010681152
  -2.646999955177307E-001
       -2.241199970245361
       -1.107900023460388
   7.233999967575073E-001
   2.293999940156937E-001
   2.739999890327454E-001
  -6.029999852180481E-001
       -1.424700021743774
       -2.627099990844727
       -2.817399978637695
       -3.039700031280518
       -2.475500106811523
       -2.649399995803833
       -2.498500108718872
       -1.761399984359741
   2.696999907493591E-001
       -2.208699941635132
       -2.269399881362915
       -1.588099956512451
       -1.728000044822693
       -3.154500007629395
       -2.686000108718872
       -1.180199980735779
   8.041999936103821E-001
  -4.104999899864197E-001
        1.415500044822693
        3.055700063705444
        4.139800071716309
        4.960499763488770
        2.052700042724609
  -6.761000156402588E-001
       -1.222699999809265
  -5.245000123977661E-001
  -8.359999954700470E-002
       -1.053699970245361
  -2.168000042438507E-001
  -2.666999995708466E-001
  -6.164000034332275E-001
  -8.353999853134155E-001
   2.795999944210053E-001
  -1.090999990701675E-001
   5.710000172257423E-002
       -1.305699944496155
  -6.561999917030335E-001
       -2.675699949264526
       -2.056600093841553
  -9.484000205993652E-001
       -1.939000010490418
       -1.615800023078919
       -1.631299972534180
       -1.721799969673157
  -5.886999964714050E-001
        1.683799982070923
        1.928500056266785
        1.878000020980835
        1.188899993896484
        1.826900005340576
        1.197499990463257
        1.240800023078919
        1.500800013542175
  -1.869000047445297E-001
  -8.608999848365784E-001
  -8.605999946594238E-001
   1.010000035166740E-001
        1.098600029945374
   8.079000115394592E-001
       -1.065299987792969
       -2.039999961853027
       -2.937500000000000
       -4.595799922943115
       -4.671100139617920
       -3.570399999618530
       -2.421999931335449
       -1.936400055885315
       -2.383699893951416
  -9.908000230789185E-001
       -1.978700041770935
       -3.712699890136719
       -2.917399883270264
       -2.652400016784668
       -3.455499887466431
       -2.018899917602539
       -1.071699976921082
   9.503999948501587E-001
   2.619000077247620E-001
        2.382800102233887
        3.630800008773804
        4.419000148773193
        5.223899841308594
        2.268300056457520
        1.725600004196167
        1.444399952888489
        1.464800000190735
  -7.637000083923340E-001
       -1.540300011634827
  -5.734000205993652E-001
  -4.661000072956085E-001
   5.289000272750855E-001
       -1.429499983787537
  -4.496000111103058E-001
  -4.620999991893768E-001
       -1.624600052833557
       -2.638400077819824
       -1.225900053977966
       -1.924100041389465
       -1.805099964141846
       -1.682000041007996
       -1.627900004386902
  -9.893000125885010E-001
  -5.365999937057495E-001
       -1.453099966049194
   7.854999899864197E-001
   8.263000249862671E-001
        1.121299982070923
   3.862999975681305E-001
        2.107199907302856
        1.384400010108948
        1.649700045585632
        2.370399951934815
        1.124300003051758
   8.034999966621399E-001
   7.804999947547913E-001
  -3.917999863624573E-001
  -7.180000096559525E-002
   4.027999937534332E-001
       -1.340800046920776
       -1.863199949264526
       -2.346899986267090
       -3.769099950790405
       -4.743899822235107
       -4.807000160217285
       -3.901999950408936
       -3.829499959945679
       -1.247799992561340
       -2.205300092697144
       -1.505300045013428
  -7.522000074386597E-001
       -3.617399930953980
       -2.289700031280518
       -2.147700071334839
       -3.342999935150147
       -1.148000001907349
   3.098999857902527E-001
        1.301800012588501
   7.462000250816345E-001
   5.709000229835510E-001
        2.944499969482422
        3.547100067138672
        3.003200054168701
        1.212000012397766
        1.329200029373169
        2.592200040817261
        2.138099908828735
   8.181999921798706E-001
  -8.600000292062759E-003
   7.930000126361847E-002
  -5.278999805450440E-001
  -7.146999835968018E-001
       -1.124099969863892
       -1.361500024795532
       -1.337200045585632
       -2.118700027465820
       -3.148699998855591
       -2.139199972152710
       -1.700700044631958
       -1.904600024223328
       -1.210000038146973
  -9.390000104904175E-001
       -1.812800049781799
  -5.813000202178955E-001
  -5.210000276565552E-001
        1.165099978446960
        1.627599954605103
        1.503399968147278
        1.508800029754639
   6.898000240325928E-001
   2.662999927997589E-001
        1.105200052261353
   8.802000284194946E-001
   2.714999914169312E-001
  -1.097000017762184E-001
   7.620000094175339E-002
   2.592999935150147E-001
        1.668400049209595
        1.642699956893921
  -9.870000183582306E-002
  -3.614999949932098E-001
  -8.586000204086304E-001
       -2.399100065231323
       -3.564500093460083
       -3.664000034332275
       -2.512099981307983
       -2.021600008010864
       -1.640699982643127
  -6.583999991416931E-001
       -1.557800054550171
       -2.531300067901611
       -3.101300001144409
       -2.926399946212769
       -2.230000019073486
       -3.827899932861328
       -1.090800046920776
        1.309000015258789
        1.149299979209900
   9.685999751091003E-001
        2.080100059509277
        1.771499991416931
        2.526499986648560
        2.523400068283081
        2.503200054168701
        1.537700057029724
        2.020100116729736
        1.307399988174439
        1.268399953842163
   5.239999890327454E-001
  -2.419999986886978E-002
       -1.062899947166443
       -1.082499980926514
  -8.319000005722046E-001
       -2.648400068283081
       -3.284300088882446
       -1.441100001335144
       -3.035599946975708
       -2.269399881362915
  -4.629000127315521E-001
       -1.689599990844727
       -1.180799961090088
  -3.973999917507172E-001
  -2.737999856472015E-001
  -6.855999827384949E-001
  -3.237000107765198E-001
        1.992699980735779
        1.567800045013428
        1.780500054359436
        2.519399881362915
        1.044100046157837
  -6.309000253677368E-001
        1.167299985885620
   1.200000056996942E-003
       -2.352499961853027
       -1.261299967765808
   5.040000081062317E-001
        1.478700041770935
        1.754500031471252
   8.554000258445740E-001
   6.176000237464905E-001
  -2.651000022888184E-001
       -1.461400032043457
       -3.174700021743774
       -2.935100078582764
       -3.190200090408325
       -1.702800035476685
       -1.712200045585632
  -8.093000054359436E-001
       -1.367799997329712
       -1.487499952316284
       -1.555099964141846
       -2.261699914932251
       -1.716300010681152
       -3.329699993133545
       -2.081399917602539
  -9.891999959945679E-001
   3.777000010013580E-001
  -4.395999908447266E-001
        1.902699947357178
        1.259999990463257
   6.552000045776367E-001
   5.198000073432922E-001
        1.388800024986267
   8.669999837875366E-001
   5.354999899864197E-001
   2.852999866008759E-001
   5.963000059127808E-001
        1.216099977493286
   6.970999836921692E-001
   8.699999749660492E-002
  -8.077999949455261E-001
   8.709999918937683E-002
       -2.492799997329712
       -3.925299882888794
       -3.210500001907349
       -1.627200007438660
  -3.896000087261200E-001
       -2.447999954223633
       -1.039700031280518
  -9.185000061988831E-001
       -2.957799911499023
       -1.564700007438660
       -1.748499989509583
  -8.255000114440918E-001
  -4.645000100135803E-001
        2.687700033187866
        2.085799932479858
   5.561000108718872E-001
   8.399999737739563E-001
   4.208000004291534E-001
  -7.572000026702881E-001
  -8.684999942779541E-001
   7.914999723434448E-001
       -1.836500048637390
       -1.022699952125549
   6.729999780654907E-001
        1.101400017738342
        1.523300051689148
   6.000999808311462E-001
   6.779000163078308E-001
  -1.750999987125397E-001
       -1.025900006294251
       -1.983199954032898
       -3.022200107574463
       -2.350300073623657
       -2.539000034332275
  -8.499000072479248E-001
       -1.681399941444397
       -1.096099972724915
       -1.611600041389465
   1.368999928236008E-001
   9.635999798774719E-001
       -1.987499952316284
       -2.849800109863281
       -2.003299951553345
       -2.180599927902222
  -3.201999962329865E-001
  -5.029000043869019E-001
   9.780000150203705E-002
   2.676999866962433E-001
        1.464599967002869
        1.254999995231628
        1.737699985504150
   3.443999886512756E-001
   6.776999831199646E-001
   6.370999813079834E-001
   7.246000170707703E-001
  -3.323999941349030E-001
       -1.378100037574768
       -1.761899948120117
       -1.407799959182739
  -8.366000056266785E-001
       -1.541900038719177
       -1.719599962234497
  -9.254999756813049E-001
  -3.172999918460846E-001
       -1.990700006484985
       -2.672399997711182
       -2.054300069808960
       -1.534899950027466
       -2.326400041580200
  -5.550000071525574E-001
       -1.230800032615662
  -5.769000053405762E-001
   8.586999773979187E-001
        2.218300104141235
        1.782199978828430
  -6.783999800682068E-001
  -4.379999935626984E-001
       -1.418799996376038
  -1.844999939203262E-001
       -1.761600017547607
  -1.174999997019768E-001
   5.400999784469605E-001
   2.827999889850617E-001
   2.055999934673309E-001
  -6.171000003814697E-001
  -6.212999820709229E-001
        1.648000001907349
   4.102999866008759E-001
   9.401999711990356E-001
       -1.789100050926209
       -2.695399999618530
       -1.840700030326843
       -2.138299942016602
       -1.976199984550476
       -1.736199975013733
       -1.338199973106384
       -1.674600005149841
  -9.502999782562256E-001
  -2.133000046014786E-001
  -3.233999907970429E-001
  -7.969999909400940E-001
       -2.941900014877319
       -1.572999954223633
       -1.847699999809265
       -1.636299967765808
       -1.033499956130981
  -1.067000031471252E-001
       -1.328199982643127
   9.842000007629395E-001
   4.607000052928925E-001
        1.012400031089783
  -3.064999878406525E-001
        1.003600001335144
  -6.941000223159790E-001
  -5.120999813079834E-001
       -3.025000095367432
       -3.058399915695190
       -2.632899999618530
       -1.817100048065186
   2.649999856948853E-001
  -3.820999860763550E-001
  -8.075000047683716E-001
  -2.660000026226044E-001
  -9.502999782562256E-001
  -8.493999838829041E-001
  -4.607999920845032E-001
       -1.225100040435791
       -1.974099993705750
       -1.276200056076050
   2.497999966144562E-001
       -1.060600042343140
  -5.931000113487244E-001
        1.683400034904480
        2.811599969863892
        1.490399956703186
   4.620999991893768E-001
  -7.821000218391419E-001
  -5.623000264167786E-001
  -9.980999827384949E-001
       -2.137300014495850
   2.716000080108643E-001
   2.450000047683716E-001
       -1.073899984359741
  -8.733000159263611E-001
   5.110999941825867E-001
  -2.002999931573868E-001
   2.398000061511993E-001
  -1.074000000953674E-001
   2.000000094994903E-003
       -2.951699972152710
       -4.518700122833252
       -4.184500217437744
       -2.000000000000000
       -2.540100097656250
       -2.842700004577637
       -1.553200006484985
       -2.028300046920776
       -2.716599941253662
       -2.271300077438355
       -1.511800050735474
       -2.383100032806397
       -2.976300001144409
       -2.316600084304810
  -6.811000108718872E-001
       -1.070199966430664
       -1.111700057983398
   8.217999935150147E-001
  -4.961000084877014E-001
   4.174999892711639E-001
        1.319000005722046
        1.402899980545044
        2.357800006866455
   5.784999728202820E-001
  -3.856999874114990E-001
       -1.275200009346008
       -1.644400000572205
       -2.838799953460693
       -2.206099987030029
  -1.550000011920929E-001
  -4.986999928951263E-001
  -7.907000184059143E-001
  -5.824000239372253E-001
       -1.955100059509277
       -1.091400027275085
  -6.636999845504761E-001
       -1.404000043869019
       -1.207100033760071
       -2.144200086593628
       -1.288100004196167
   7.720999717712402E-001
  -5.411000251770020E-001
        1.865000009536743
   3.934000134468079E-001
        3.362600088119507
        2.047300100326538
  -2.536000013351440E-001
   7.771999835968018E-001
        1.801900029182434
        1.518499970436096
       -1.042700052261353
  -6.883000135421753E-001
  -5.648000240325928E-001
       -1.478700041770935
  -6.042000055313110E-001
  -8.909000158309937E-001
  -4.190000146627426E-002
       -1.017099976539612
  -2.594000101089478E-001
  -1.385000050067902E-001
       -1.547299981117249
       -3.914900064468384
       -3.071300029754639
       -2.930200099945068
       -4.108200073242188
       -4.579400062561035
       -3.193900108337402
       -2.620800018310547
       -1.326900005340576
       -2.748699903488159
       -1.781800031661987
       -2.088599920272827
       -1.608800053596497
  -2.187000066041946E-001
  -6.247000098228455E-001
  -4.537999927997589E-001
   4.210000112652779E-002
        1.571900010108948
       -1.334300041198731
   1.395999938249588E-001
   9.354000091552734E-001
        1.985399961471558
        2.275300025939941
        1.632500052452087
   2.500000000000000E-001
  -8.952000141143799E-001
   7.095999717712402E-001
       -1.262300014495850
       -1.830399990081787
   2.928000092506409E-001
   2.549999952316284E-001
   5.350999832153320E-001
  -3.519000113010407E-001
       -1.639500021934509
       -2.378999948501587
       -3.298799991607666
  -4.467999935150147E-001
       -2.080499887466431
       -1.332999944686890
  -4.302000105381012E-001
   3.605000078678131E-001
   5.821999907493591E-001
        1.065500020980835
        2.256700038909912
        4.514699935913086
        3.447099924087524
        1.201400041580200
   8.716999888420105E-001
        2.158900022506714
        3.290699958801270
   6.172999739646912E-001
        1.263700008392334
   9.668999910354614E-001
   9.143000245094299E-001
  -4.269999861717224E-001
       -1.210899949073792
   1.160999983549118E-001
  -7.615000009536743E-001
   7.554000020027161E-001
  -1.396999955177307E-001
       -1.981500029563904
       -3.100600004196167
       -3.325700044631958
       -3.706599950790405
       -5.180600166320801
       -5.454400062561035
       -4.196000099182129
       -2.857800006866455
       -2.126100063323975
       -1.399899959564209
  -9.237999916076660E-001
   3.731000125408173E-001
   1.167000010609627E-001
   1.659999974071980E-002
   7.070000171661377E-001
   6.909999996423721E-002
   4.065000116825104E-001
   4.298000037670136E-001
   2.273000031709671E-001
  -3.578999936580658E-001
   2.944000065326691E-001
        1.427600026130676
        1.902099967002869
        1.252099990844727
   5.274000167846680E-001
   6.607999801635742E-001
        1.593500018119812
   4.988000094890595E-001
  -6.500999927520752E-001
   9.021000266075134E-001
        1.581400036811829
   4.352000057697296E-001
  -3.255999982357025E-001
       -1.067899942398071
       -2.060199975967407
       -2.041300058364868
       -1.163599967956543
       -1.045899987220764
   5.106999874114990E-001
   1.391000002622604E-001
        2.321899890899658
        2.744400024414063
        1.777699947357178
        2.313699960708618
        2.736399888992310
        3.882699966430664
        1.894600033760071
        1.536700010299683
        1.839100003242493
        3.361200094223023
        1.860100030899048
        1.297199964523315
   5.009999871253967E-002
   6.441000103950501E-001
       -2.302900075912476
       -1.701200008392334
  -6.345000267028809E-001
       -2.100500106811523
  -5.196999907493591E-001
  -6.141999959945679E-001
   6.930000334978104E-002
       -1.268900036811829
       -3.297100067138672
       -3.932899951934815
       -5.832099914550781
       -5.238500118255615
       -3.342900037765503
       -2.766700029373169
       -2.817699909210205
       -3.052599906921387
       -2.219500064849854
  -5.516999959945679E-001
        1.499899983406067
        1.250300049781799
        1.991500020027161
   2.921000123023987E-001
   3.919000029563904E-001
  -1.198000013828278E-001
  -5.142999887466431E-001
  -2.213000059127808E-001
   1.350000053644180E-001
  -2.407999932765961E-001
   5.088000297546387E-001
   5.274999737739563E-001
   7.684999704360962E-001
   7.639999985694885E-001
   2.944000065326691E-001
   2.094999998807907E-001
   1.489999983459711E-002
   9.125000238418579E-001
   7.570000290870667E-001
   3.598000109195709E-001
        1.017199993133545
       -1.334499955177307
       -2.100899934768677
       -2.103199958801270
       -1.067399978637695
       -1.746600031852722
   4.343000054359436E-001
        2.149399995803833
        1.959400057792664
        1.356999993324280
   8.823000192642212E-001
   9.239000082015991E-001
        1.093999981880188
        1.253100037574768
        1.178900003433228
   2.887000143527985E-001
        1.074800014495850
        2.669600009918213
   5.744000077247620E-001
   5.213999748229981E-001
   8.560000360012054E-002
  -7.150000333786011E-002
       -1.962599992752075
  -2.483000010251999E-001
  -3.849999904632568E-001
   2.178999930620194E-001
   9.977999925613403E-001
  -9.765999913215637E-001
       -1.001000046730042
       -2.799299955368042
       -3.035000085830689
       -4.902299880981445
       -5.572199821472168
       -3.905600070953369
       -3.049499988555908
       -2.882899999618530
       -1.288300037384033
       -1.574200034141541
       -2.498699903488159
  -5.353999733924866E-001
        1.550600051879883
        2.263000011444092
        2.945399999618530
   2.917999923229218E-001
   1.843000054359436E-001
   9.334999918937683E-001
       -2.000499963760376
       -1.550500035285950
       -1.171700000762940
       -1.032400012016296
       -1.542899966239929
       -1.496099948883057
   1.718000024557114E-001
   6.021999716758728E-001
       -1.626799941062927
       -1.041700005531311
  -5.261999964714050E-001
        1.424700021743774
        2.012700080871582
        2.393500089645386
        1.102599978446960
  -6.621000170707703E-001
   2.432000041007996E-001
  -4.596999883651733E-001
  -2.840000092983246E-001
        1.486999988555908
        1.402999997138977
        1.571900010108948
        3.849400043487549
        1.759600043296814
        1.864799976348877
        1.862200021743774
        1.460199952125549
        1.223000049591065
  -8.418999910354614E-001
       -1.289499998092651
       -1.263299942016602
  -2.950000017881393E-002
  -8.439000248908997E-001
       -2.046499967575073
   1.255999952554703E-001
   8.823999762535095E-001
   6.015999913215637E-001
   9.445999860763550E-001
   5.878000259399414E-001
  -1.173999980092049E-001
       -1.231199979782105
       -3.251600027084351
       -2.679399967193604
       -3.213999986648560
       -3.173899888992310
       -3.986399888992310
       -4.258299827575684
       -4.666100025177002
       -2.088700056076050
       -1.729400038719177
       -2.265899896621704
       -2.153500080108643
       -1.901700019836426
       -1.632699966430664
   3.820999860763550E-001
        1.643399953842163
        1.152300000190735
        1.383499979972839
   4.178999960422516E-001
        1.447299957275391
  -6.068000197410584E-001
       -1.484799981117249
       -1.507300019264221
       -1.281499981880188
       -2.227299928665161
       -2.668499946594238
       -1.639500021934509
       -1.181100010871887
       -1.140200018882752
  -3.932000100612640E-001
   9.546999931335449E-001
   7.853999733924866E-001
        2.249399900436401
        2.438199996948242
        2.283099889755249
        1.567499995231628
        1.198099970817566
        1.709400057792664
   3.531999886035919E-001
        1.751500010490418
   9.006999731063843E-001
        2.644599914550781
        3.095400094985962
        3.357000112533569
        2.788100004196167
        1.485900044441223
  -1.054000034928322E-001
  -2.344000041484833E-001
       -1.141999959945679
       -2.040100097656250
       -2.475199937820435
  -8.684999942779541E-001
       -1.737400054931641
       -2.077899932861328
  -3.036000132560730E-001
        1.796200037002564
        2.118499994277954
   6.046000123023987E-001
        1.416300058364868
   8.248000144958496E-001
  -4.720000177621841E-002
       -1.471199989318848
       -3.771500110626221
       -3.560400009155273
       -1.994400024414063
       -2.795900106430054
       -2.117000102996826
       -2.748800039291382
       -1.888299942016602
       -2.167099952697754
       -1.109699964523315
       -2.067300081253052
       -2.778399944305420
       -1.586899995803833
       -1.652400016784668
       -1.725999951362610
   7.584999799728394E-001
   6.849999725818634E-002
        1.883200049400330
        1.059499979019165
       -1.214100003242493
       -1.416200041770935
       -1.009999990463257
       -2.031199932098389
       -3.038700103759766
       -2.125299930572510
       -3.095900058746338
       -2.025500059127808
   3.474999964237213E-001
   9.811999797821045E-001
        1.816900014877319
        2.589699983596802
   7.253000140190125E-001
        2.597500085830689
        3.028000116348267
        2.777699947357178
   7.921000123023987E-001
   8.957999944686890E-001
        1.501299977302551
        2.914900064468384
        1.919999957084656
        1.859300017356873
        3.370199918746948
        2.084199905395508
  -5.570999979972839E-001
  -3.217000067234039E-001
  -8.937000036239624E-001
  -3.510000109672546E-001
       -2.030699968338013
       -2.465399980545044
  -7.487000226974487E-001
   3.079000115394592E-001
  -5.290000140666962E-002
   6.250000000000000E-002
   1.511999964714050E-001
   8.274999856948853E-001
        1.367599964141846
  -4.369999840855598E-002
   7.879999876022339E-001
   1.138999983668327E-001
  -4.180000126361847E-001
       -1.335100054740906
       -3.277100086212158
       -1.971899986267090
       -3.309900045394898
       -2.106699943542481
       -1.324699997901917
       -1.909899950027466
       -2.321300029754639
       -1.475900053977966
       -2.155999898910523
       -2.897599935531616
       -1.998200058937073
       -2.945899963378906
       -2.955100059509277
       -2.806099891662598
  -1.806000024080277E-001
   5.400000140070915E-003
   8.077999949455261E-001
   1.203000023961067E-001
  -6.470000147819519E-001
  -8.781999945640564E-001
       -1.022099971771240
       -1.432899951934815
       -1.861600041389465
  -7.917000055313110E-001
       -1.664100050926209
  -6.765000224113464E-001
        1.125399947166443
        2.315799951553345
        2.899300098419190
        4.110199928283691
        3.357399940490723
        2.247699975967407
        1.581300020217896
        1.475600004196167
   9.035999774932861E-001
        1.825700044631958
        1.654700040817261
        2.674499988555908
        1.565600037574768
  -1.084000021219254E-001
   8.230999708175659E-001
  -5.583000183105469E-001
   7.450000196695328E-002
       -1.713400006294251
       -1.643900036811829
       -1.962200045585632
       -2.785000085830689
       -1.757799983024597
  -5.626000165939331E-001
   8.794000148773193E-001
   7.217000126838684E-001
   3.695000112056732E-001
       -1.003600001335144
  -5.213999748229981E-001
  -5.788999795913696E-001
  -3.892000019550324E-001
   3.840000182390213E-002
  -7.175999879837036E-001
  -5.892000198364258E-001
  -8.011000156402588E-001
  -8.553000092506409E-001
       -1.340999960899353
       -2.243999958038330
  -7.944999933242798E-001
       -1.262400031089783
  -9.689999818801880E-001
       -1.432199954986572
  -5.660000070929527E-002
       -2.615099906921387
       -3.164999961853027
       -2.912300109863281
       -2.824899911880493
       -3.147500038146973
       -2.304100036621094
       -1.429399967193604
  -9.815000295639038E-001
  -3.957999944686890E-001
       -1.061300039291382
        1.500399947166443
  -5.205000042915344E-001
  -8.151000142097473E-001
       -1.273300051689148
  -4.474000036716461E-001
       -1.382699966430664
       -2.513999938964844
       -1.255399942398071
  -3.984999954700470E-001
        2.520699977874756
        3.581399917602539
        2.470000028610230
        3.730000019073486
        2.634299993515015
        1.031999945640564
        1.847800016403198
   9.886999726295471E-001
        1.630100011825562
        1.765699982643127
   1.708000004291534E-001
   4.217999875545502E-001
        1.169499993324280
        2.311399936676025
   5.383999943733215E-001
       -1.345800042152405
       -3.449100017547607
       -4.613100051879883
       -4.875299930572510
       -4.654200077056885
       -3.020800113677979
  -6.758999824523926E-001
   8.385999798774719E-001
   3.754999935626984E-001
  -1.333000063896179E-001
  -1.801999956369400E-001
  -4.269999861717224E-001
       -1.442299962043762
       -1.083699941635132
       -1.449399948120117
  -5.444999933242798E-001
   2.203000038862228E-001
  -9.448999762535095E-001
       -1.200199961662293
  -9.790999889373779E-001
  -7.179999947547913E-001
   7.259999960660934E-002
  -2.260000072419643E-002
   7.226999998092651E-001
  -3.555999994277954E-001
       -1.381700038909912
       -1.825399994850159
       -2.187700033187866
       -1.048599958419800
       -2.516099929809570
       -2.641599893569946
       -2.681200027465820
       -2.539700031280518
       -1.530699968338013
       -1.625599980354309
  -7.372000217437744E-001
        1.396100044250488
       -1.839699983596802
       -2.431400060653687
       -1.786000013351440
       -1.576099991798401
       -2.278899908065796
       -2.033400058746338
       -1.433500051498413
        1.076500058174133
   8.859999775886536E-001
        1.770300030708313
        2.723999977111816
        2.770100116729736
        1.072700023651123
  -3.777999877929688E-001
  -2.506999969482422E-001
   6.229000091552734E-001
        1.109799981117249
  -6.523000001907349E-001
  -9.068999886512756E-001
   1.539999991655350E-001
   3.571999967098236E-001
        1.081300020217896
  -7.114999890327454E-001
  -7.727000117301941E-001
       -3.997900009155273
       -4.872399806976318
       -5.542399883270264
       -4.306900024414063
       -1.725000023841858
       -1.066200017929077
  -1.397999972105026E-001
  -2.838000059127808E-001
   2.723000049591065E-001
        1.255499958992004
  -3.896000087261200E-001
  -3.968999981880188E-001
       -1.334400057792664
  -5.101000070571899E-001
   7.936999797821045E-001
   5.213000178337097E-001
  -5.214999914169312E-001
  -7.932999730110169E-001
  -2.942999899387360E-001
   4.061000049114227E-001
       -1.106299996376038
   8.406999707221985E-001
   7.584999799728394E-001
   3.449999988079071E-001
  -2.098000049591065E-001
  -1.304000020027161E-001
       -2.754699945449829
       -1.661999940872192
  -6.815999746322632E-001
       -1.909100055694580
       -1.386600017547607
       -1.205800056457520
       -1.588199973106384
       -2.690500020980835
  -4.821000099182129E-001
        1.738999962806702
   3.630000054836273E-001
       -1.617599964141846
       -1.983100056648254
       -2.721400022506714
       -2.007299900054932
       -2.571799993515015
   8.572999835014343E-001
   9.893000125885010E-001
  -5.409999936819077E-002
  -6.320999860763550E-001
   3.844000101089478E-001
  -2.431000024080277E-001
       -1.377599954605103
       -1.796599984169006
  -8.750000000000000E-001
  -9.876000285148621E-001
   5.483999848365784E-001
   4.503000080585480E-001
  -8.258000016212463E-001
       -1.423200011253357
       -1.414600014686585
  -2.230000048875809E-001
  -3.339000046253204E-001
       -2.284800052642822
       -4.915400028228760
       -3.652800083160400
       -4.611700057983398
       -3.677000045776367
       -2.798300027847290
       -1.940799951553345
       -1.580100059509277
   3.574000000953674E-001
   5.573999881744385E-001
        1.573199987411499
        1.714599967002869
  -7.595999836921692E-001
   2.334000021219254E-001
       -1.802199959754944
  -7.020000219345093E-001
        1.280799984931946
  -6.109999865293503E-002
       -1.701900005340576
  -8.367000222206116E-001
  -3.296000063419342E-001
   5.550000071525574E-002
        1.684100031852722
        2.507100105285645
   8.596000075340271E-001
   8.715999722480774E-001
   9.157000184059143E-001
       -1.121500015258789
       -2.989399909973145
       -1.907400012016296
       -1.926100015640259
       -2.664799928665161
  -3.228999972343445E-001
       -1.824000000953674
       -3.056099891662598
       -1.583500027656555
        1.524099946022034
   2.949000000953674E-001
   3.819999992847443E-001
   2.610999941825867E-001
       -1.941799998283386
       -1.303500056266785
  -4.045999944210053E-001
        1.032099962234497
        1.302500009536743
   9.257000088691711E-001
  -2.308000028133392E-001
   5.468000173568726E-001
   2.119999974966049E-001
       -1.471199989318848
       -1.087599992752075
       -1.550999999046326
  -3.138000071048737E-001
  -8.030000329017639E-002
   1.851000040769577E-001
  -4.165000021457672E-001
  -5.464000105857849E-001
       -2.299000024795532
       -1.207000017166138
       -1.896600008010864
       -1.999199986457825
       -2.848200082778931
       -3.780400037765503
       -2.372600078582764
       -3.066600084304810
       -2.784699916839600
  -9.133999943733215E-001
       -1.631199955940247
   5.616999864578247E-001
   2.657000124454498E-001
        1.396399974822998
   3.129000067710877E-001
   7.368999719619751E-001
  -1.733999997377396E-001
  -7.220000028610230E-002
   6.952999830245972E-001
  -1.459999978542328E-001
  -1.736000031232834E-001
   1.509000062942505E-001
   2.889999933540821E-002
  -3.388999998569489E-001
   6.926000118255615E-001
        1.028599977493286
        1.526499986648560
        1.126999974250794
        1.055500030517578
  -6.608999967575073E-001
  -8.429999649524689E-002
       -1.743100047111511
       -2.700799942016602
       -1.280500054359436
       -2.702500104904175
  -9.654999971389771E-001
  -7.271000146865845E-001
       -1.248700022697449
  -6.902999877929688E-001
        1.544999957084656
        1.114400029182434
   1.523000001907349E-001
   9.822000265121460E-001
  -2.590000033378601E-001
  -6.525999903678894E-001
  -5.550000071525574E-002
   7.889999747276306E-001
        1.559800028800964
   8.058999776840210E-001
   6.553999781608582E-001
   7.483000159263611E-001
   4.859000146389008E-001
   4.857999980449677E-001
   2.500000000000000E-001
   9.830000251531601E-002
  -4.499000012874603E-001
  -6.449999809265137E-001
       -1.147199988365173
       -1.618299961090088
       -1.104799985885620
       -2.216200113296509
       -2.083100080490112
       -1.730299949645996
       -1.486799955368042
       -2.073800086975098
       -4.646299839019775
       -2.741499900817871
       -4.787700176239014
       -3.121599912643433
  -7.947999835014343E-001
  -3.443999886512756E-001
       -1.676200032234192
  -3.759000003337860E-001
  -8.847000002861023E-001
        1.616999983787537
        1.524399995803833
   1.120000034570694E-001
   5.106999874114990E-001
   6.381000280380249E-001
   9.556999802589417E-001
        1.868100047111511
   2.612000107765198E-001
        1.006199955940247
   9.401000142097473E-001
   9.082999825477600E-001
   9.381999969482422E-001
  -2.539999969303608E-002
  -7.192000150680542E-001
   1.553999930620194E-001
       -1.310199975967407
  -4.611999988555908E-001
       -1.769400000572205
       -2.293699979782105
       -1.929299950599670
  -4.921999871730804E-001
   7.391999959945679E-001
  -8.163999915122986E-001
   4.329999908804894E-002
   4.500000178813934E-002
        1.867599964141846
        1.195099949836731
        1.036200046539307
        1.489599943161011
  -1.033999994397163E-001
       -1.101999998092651
       -1.692100048065186
  -2.099999934434891E-001
        1.171300053596497
   5.314000248908997E-001
   8.927000164985657E-001
   8.787000179290772E-001
   6.571000218391419E-001
        1.608399987220764
   9.910000115633011E-002
  -9.056000113487244E-001
   3.411999940872192E-001
  -5.599999800324440E-003
       -2.033900022506714
       -2.549900054931641
       -1.813599944114685
  -8.702999949455261E-001
  -2.971000075340271E-001
       -1.242100000381470
  -9.890999794006348E-001
       -1.622300028800964
       -3.780299901962280
       -2.397799968719482
       -2.543900012969971
       -3.111599922180176
       -1.039000034332275
  -9.667000174522400E-001
       -1.350000023841858
  -6.589000225067139E-001
       -1.210700035095215
  -6.261000037193298E-001
        1.664100050926209
   6.263999938964844E-001
        1.032199978828430
        1.108600020408630
   4.955999851226807E-001
        1.292700052261353
        2.121500015258789
        2.156500101089478
        1.589699983596802
   8.108999729156494E-001
  -1.453000009059906E-001
  -7.322999835014343E-001
   2.091999948024750E-001
  -7.846000194549561E-001
  -9.704999923706055E-001
   2.797999978065491E-001
       -1.154199957847595
       -1.178200006484985
       -2.213799953460693
  -4.469999969005585E-001
        1.202000021934509
   5.892000198364258E-001
   1.435000002384186E-001
   8.513000011444092E-001
        1.766299962997437
        2.589200019836426
   4.316000044345856E-001
   1.871999949216843E-001
       -1.636000037193298
       -2.032999992370606
       -2.945399999618530
       -1.309700012207031
       -1.072199940681458
  -7.029999792575836E-002
  -8.791000247001648E-001
  -5.260000005364418E-002
  -6.917999982833862E-001
  -3.059000074863434E-001
  -6.416000127792358E-001
  -1.054000034928322E-001
  -2.784000039100647E-001
  -8.309999704360962E-001
       -2.371200084686279
       -1.398200035095215
       -1.583099961280823
       -1.010300040245056
       -1.221199989318848
  -3.106999993324280E-001
  -3.950000181794167E-002
  -7.699999809265137E-001
       -2.258100032806397
       -1.194300055503845
       -2.364799976348877
       -2.944600105285645
       -1.795600056648254
  -6.802999973297119E-001
   4.052999913692474E-001
   1.754000037908554E-001
  -1.155000030994415E-001
  -7.218000292778015E-001
   5.910000205039978E-001
        2.102900028228760
        2.492799997329712
        1.327299952507019
        1.171300053596497
   5.112000107765198E-001
        1.281200051307678
        1.818199992179871
   7.102000117301941E-001
        1.259099960327148
  -1.057000011205673E-001
   6.901999711990356E-001
   7.699999809265137E-001
  -7.569000124931335E-001
  -9.700999855995178E-001
  -5.266000032424927E-001
   1.238999962806702E-001
       -1.647799968719482
       -2.007100105285645
       -1.600800037384033
       -1.625900030136108
       -1.499699950218201
       -1.143499970436096
  -6.493999958038330E-001
        1.972300052642822
   6.183000206947327E-001
  -8.869999647140503E-002
       -1.379199981689453
       -3.458600044250488
       -3.601099967956543
       -2.667200088500977
       -3.642899990081787
       -3.431799888610840
       -2.074300050735474
   8.899999782443047E-003
        1.121999979019165
  -9.524999856948853E-001
       -1.056900024414063
  -1.570000052452087E-001
       -1.369300007820129
  -8.069000244140625E-001
       -1.771800041198731
       -1.663300037384033
       -1.917199969291687
  -3.142000138759613E-001
       -1.072299957275391
  -3.176000118255615E-001
   8.421000242233276E-001
   8.100000023841858E-001
  -6.050000190734863E-001
       -2.285500049591065
       -1.480000019073486
       -1.758399963378906
       -2.809299945831299
       -2.698499917984009
       -1.401600003242493
  -8.087999820709229E-001
  -9.061999917030335E-001
       -2.266999959945679
  -3.799999952316284E-001
        1.057600021362305
   9.171000123023987E-001
        1.220900058746338
   6.291999816894531E-001
        1.631000041961670
        1.485200047492981
        1.444900035858154
        1.873499989509583
        1.450600028038025
        1.771199941635132
        1.363499999046326
        1.269199967384338
   5.840000137686729E-002
  -9.187999963760376E-001
       -2.789999961853027
       -1.527600049972534
       -1.099499940872192
       -1.398699998855591
       -1.149000048637390
  -8.891000151634216E-001
  -9.972000122070313E-001
  -6.323999762535095E-001
   3.565999865531921E-001
  -1.045999974012375E-001
  -2.590999901294708E-001
  -2.949000000953674E-001
  -1.578000038862228E-001
  -9.291999936103821E-001
       -2.434000015258789
       -3.624300003051758
       -2.506400108337402
       -3.437200069427490
       -2.894900083541870
       -3.695100069046021
       -2.325400114059448
   1.068999990820885E-001
       -1.029099941253662
       -1.486999988555908
       -1.493899941444397
       -3.446799993515015
       -2.523699998855591
       -1.988600015640259
       -1.627200007438660
  -6.205000281333923E-001
   7.322000265121460E-001
   8.100000210106373E-003
   3.055000007152557E-001
        1.202100038528442
        1.187000036239624
  -3.283999860286713E-001
       -1.063599944114685
       -2.037300109863281
  -9.653999805450440E-001
       -2.568000078201294
       -3.391400098800659
       -1.444700002670288
  -7.259999960660934E-002
  -6.450999975204468E-001
       -2.015700101852417
       -1.628399968147278
  -3.001999855041504E-001
   8.842999935150147E-001
  -2.345999926328659E-001
   5.454000234603882E-001
   9.391000270843506E-001
   4.440999925136566E-001
   7.592999935150147E-001
   8.296999931335449E-001
        2.061800003051758
        1.834400057792664
   6.261000037193298E-001
       -1.049600005149841
       -1.720000028610230
   3.684000074863434E-001
  -9.053999781608582E-001
       -1.860999941825867
       -1.881199955940247
  -9.606000185012817E-001
   2.888999879360199E-001
       -1.272199988365173
  -7.652999758720398E-001
  -7.419999688863754E-002
       -1.451699972152710
  -1.418000012636185E-001
  -2.506000101566315E-001
       -1.839599967002869
  -4.738999903202057E-001
       -2.877399921417236
       -3.027100086212158
       -2.962100028991699
       -3.948800086975098
       -3.247900009155273
       -3.284499883651733
       -3.389499902725220
       -1.878999948501587
  -4.417999982833862E-001
  -5.990999937057495E-001
       -1.817100048065186
       -2.143500089645386
       -3.776599884033203
       -3.303499937057495
       -2.453099966049194
  -3.580000102519989E-001
   5.278999805450440E-001
   2.189999967813492E-001
   8.227999806404114E-001
        1.108800053596497
        1.531499981880188
        1.585500001907349
   6.631000041961670E-001
  -1.773999929428101E-001
       -1.610200047492981
       -1.728800058364868
       -1.830800056457520
       -2.034199953079224
       -1.804499983787537
  -2.032999992370606E-001
       -1.799200057983398
       -2.310300111770630
   7.695000171661377E-001
        1.075099945068359
  -6.960000097751617E-002
   5.565999746322632E-001
        1.089200019836426
   9.853000044822693E-001
   8.457999825477600E-001
   8.615000247955322E-001
        1.020499944686890
        1.476899981498718
   8.840000033378601E-001
   4.481000006198883E-001
  -4.032999873161316E-001
  -8.240000158548355E-002
  -4.369999840855598E-002
   4.039999842643738E-002
       -1.718500018119812
  -6.417999863624573E-001
        1.645099997520447
   3.756000101566315E-001
       -1.248000025749207
   1.465000063180924E-001
  -1.265999972820282E-001
  -8.820000290870667E-001
  -7.635999917984009E-001
  -5.611000061035156E-001
  -9.519000053405762E-001
       -1.400699973106384
       -3.285300016403198
       -2.375699996948242
       -2.971400022506714
       -5.317900180816650
       -3.687400102615356
       -2.355900049209595
       -1.710399985313416
  -8.468999862670898E-001
   9.401000142097473E-001
  -5.024999976158142E-001
       -2.915100097656250
       -2.534300088882446
       -2.912699937820435
       -3.279599905014038
       -1.181399941444397
       -1.547199964523315
   2.549999952316284E-001
        1.199399948120117
        2.275799989700317
        2.603899955749512
        1.183899998664856
   6.654000282287598E-001
   4.833999872207642E-001
  -6.646999716758728E-001
  -2.987000048160553E-001
   1.932000070810318E-001
       -1.127799987792969
       -2.746500015258789
       -3.744899988174439
       -2.286900043487549
       -3.131799936294556
  -9.387000203132629E-001
  -3.328999876976013E-001
  -3.578000068664551E-001
   5.690000057220459E-001
        1.069000005722046
        1.145699977874756
  -6.490000337362289E-002
        1.208199977874756
        1.141199946403503
   3.912000060081482E-001
        1.436300039291382
   7.174999713897705E-001
        1.307600021362305
   7.833999991416931E-001
   2.383999973535538E-001
        1.646900057792664
        2.194999933242798
   3.928000032901764E-001
   8.579000234603882E-001
        3.037899971008301
   8.805000185966492E-001
   5.480999946594238E-001
  -9.661999940872192E-001
  -5.206000208854675E-001
  -9.508000016212463E-001
  -7.433999776840210E-001
       -1.154700040817261
       -2.812200069427490
       -3.079499959945679
       -2.972899913787842
       -4.373199939727783
       -4.647600173950195
       -5.255099773406982
       -2.072000026702881
       -1.552999973297119
       -2.759900093078613
       -1.234500050544739
   4.190000146627426E-002
   3.817000091075897E-001
       -1.553200006484985
       -1.884600043296814
       -2.117700099945068
       -2.479899883270264
       -1.786800026893616
       -1.411599993705750
        1.750499963760376
        1.263700008392334
        2.559400081634522
        2.884099960327148
        2.272799968719482
        1.745399951934815
        1.131399989128113
        1.888100028038025
  -6.973000168800354E-001
   7.407000064849854E-001
   8.966000080108643E-001
  -7.376000285148621E-001
       -2.234200000762940
       -1.931300044059753
       -2.260099887847900
       -1.445199966430664
   4.019999876618385E-002
        1.086300015449524
        1.752500057220459
        1.177199959754944
   9.678000211715698E-001
        1.867400050163269
        2.111900091171265
   6.700000166893005E-001
   9.491999745368958E-001
   5.935999751091003E-001
        1.560700058937073
   3.939000070095062E-001
        1.218700051307678
   1.448000073432922E-001
        1.470199942588806
        1.521600008010864
  -4.109999909996986E-002
   3.910000026226044E-001
   5.629000067710877E-001
   4.469999969005585E-001
  -4.726000130176544E-001
  -9.337999820709229E-001
  -9.419999718666077E-001
  -9.545000195503235E-001
  -6.626999974250794E-001
  -5.832999944686890E-001
       -1.768399953842163
       -2.348700046539307
       -3.074500083923340
       -3.493999958038330
       -4.448500156402588
       -3.661700010299683
       -2.717900037765503
       -1.428900003433228
       -1.841899991035461
       -1.256600022315979
  -2.958000004291534E-001
   2.651999890804291E-001
  -8.255000114440918E-001
       -2.826900005340576
       -2.499599933624268
  -5.048000216484070E-001
  -9.466999769210815E-001
  -2.408999949693680E-001
        1.169299960136414
        2.376899957656860
        3.008599996566773
        2.788599967956543
        2.286499977111816
        2.499099969863892
        1.634999990463257
        2.007499933242798
   6.424000263214111E-001
   6.883000135421753E-001
   2.838000059127808E-001
  -5.266000032424927E-001
       -1.075000047683716
       -1.092900037765503
  -4.090999960899353E-001
       -1.039299964904785
  -9.197999835014343E-001
   7.409999966621399E-001
        2.008699893951416
  -5.860000103712082E-002
   5.235999822616577E-001
   6.947000026702881E-001
  -2.529999986290932E-002
   2.912999987602234E-001
        1.548200011253357
   7.782999873161316E-001
        1.406999945640564
   6.416000127792358E-001
   8.489999920129776E-002
   4.911000132560730E-001
   8.582000136375427E-001
        2.481199979782105
   6.881999969482422E-001
        1.174200057983398
   1.515000015497208E-001
       -1.203500032424927
  -6.815999746322632E-001
       -1.020099997520447
       -1.455500006675720
       -1.212299942970276
        1.694000005722046
   2.761999964714050E-001
       -1.878000020980835
       -3.857000112533569
       -3.161700010299683
       -3.205899953842163
       -3.562900066375732
       -2.276400089263916
       -1.392400026321411
  -2.694000005722046E-001
  -6.419999897480011E-002
  -9.696999788284302E-001
  -3.698000013828278E-001
   5.507000088691711E-001
  -7.631000280380249E-001
       -1.603500008583069
       -1.161100029945374
  -6.985999941825867E-001
       -1.097900032997131
        1.905300021171570
        1.279099941253662
        2.696300029754639
        1.786000013351440
        1.339800000190735
        2.151000022888184
        2.296700000762940
        2.229300022125244
        2.651200056076050
        1.579699993133545
   9.099000096321106E-001
  -1.509999930858612E-001
  -4.799000024795532E-001
       -1.101699948310852
  -9.993000030517578E-001
  -8.952999711036682E-001
  -8.651000261306763E-001
   1.049999967217445E-001
  -1.985000073909760E-001
   4.069999977946281E-002
   7.190000265836716E-002
   8.565000295639038E-001
  -7.469999790191650E-002
   4.115000069141388E-001
   3.151000142097473E-001
   5.303999781608582E-001
   4.645000100135803E-001
   8.143000006675720E-001
  -4.316000044345856E-001
  -5.189999938011169E-001
  -2.896000146865845E-001
   9.079999923706055E-001
        2.089200019836426
        1.830399990081787
  -1.553999930620194E-001
  -2.362000048160553E-001
       -1.162700057029724
  -9.061999917030335E-001
       -1.321900010108948
  -6.287999749183655E-001
   2.691999971866608E-001
   1.806000024080277E-001
       -1.083099961280823
  -5.892000198364258E-001
       -2.582200050354004
       -3.993999958038330
       -3.266700029373169
       -2.181600093841553
       -1.869699954986572
  -1.711000055074692E-001
   5.310000106692314E-002
  -6.035000085830689E-001
   1.351000070571899E-001
   3.267000019550324E-001
        1.010300040245056
   8.900000154972076E-002
       -1.151299953460693
       -2.527699947357178
       -1.660300016403198
  -2.134000062942505E-001
        1.915699958801270
        3.220900058746338
   6.564999818801880E-001
        2.664799928665161
        3.417599916458130
        2.574300050735474
        4.208000183105469
        4.381899833679199
        2.746000051498413
        3.508800029754639
        2.364200115203857
  -1.479000002145767E-001
   7.193999886512756E-001
  -1.342000067234039E-001
  -5.958999991416931E-001
  -9.092000126838684E-001
   9.118000268936157E-001
   3.465000092983246E-001
        1.146999955177307
   7.437999844551086E-001
  -3.499000072479248E-001
  -1.269000023603439E-001
  -3.147999942302704E-001
       -1.019600033760071
   3.537999987602234E-001
   3.953999876976013E-001
   7.324000000953674E-001
   8.252000212669373E-001
       -1.210800051689148
  -4.918000102043152E-001
   5.446000099182129E-001
        1.724499940872192
   7.002000212669373E-001
        1.088500022888184
   9.692000150680542E-001
  -6.042000055313110E-001
       -1.171100020408630
  -8.192999958992004E-001
       -1.034999966621399
  -1.393000036478043E-001
   8.920999765396118E-001
   4.142999947071075E-001
  -4.070000052452087E-001
  -4.450000077486038E-002
       -1.149399995803833
       -2.319400072097778
       -2.363899946212769
       -1.012300014495850
  -7.020000219345093E-001
  -8.723000288009644E-001
  -6.490000337362289E-002
   3.598000109195709E-001
   4.629000127315521E-001
  -5.167000293731690E-001
  -6.973000168800354E-001
  -4.018999934196472E-001
       -1.120900034904480
  -7.648000121116638E-001
  -7.113999724388123E-001
   6.199999898672104E-002
        1.443899989128113
        3.060499906539917
        1.440400004386902
        2.062099933624268
        2.641799926757813
        4.180300235748291
        4.582399845123291
        4.460599899291992
        3.192800045013428
        2.591099977493286
        1.834800004959106
        1.146700024604797
  -2.260000072419643E-002
  -4.702000021934509E-001
  -4.298999905586243E-001
  -4.981999993324280E-001
   1.948000043630600E-001
  -6.154999732971191E-001
       -1.559299945831299
   4.083999991416931E-001
  -7.132999897003174E-001
       -1.271700024604797
  -2.290000021457672E-002
  -9.221000075340271E-001
   3.759000003337860E-001
  -6.933000087738037E-001
        1.657600045204163
   8.828999996185303E-001
  -5.134999752044678E-001
       -1.013900041580200
   2.402999997138977E-001
   6.539999693632126E-002
   9.474999904632568E-001
        1.388599991798401
   2.653999924659729E-001
  -7.419999688863754E-002
       -1.367599964141846
       -1.161399960517883
       -1.333500027656555
       -1.700899958610535
   2.287999987602234E-001
  -7.397999763488770E-001
   1.862999945878983E-001
   2.831000089645386E-001
  -1.165999993681908E-001
       -1.880599975585938
       -1.322999954223633
   2.472999989986420E-001
   9.085000157356262E-001
       -1.183400034904480
       -1.889899969100952
       -1.250200033187866
  -2.170000039041042E-002
        1.300600051879883
   5.314000248908997E-001
  -6.137999892234802E-001
  -7.836999893188477E-001
       -1.373700022697449
   5.546000003814697E-001
   8.683999776840210E-001
        1.184200048446655
        3.594500064849854
        2.296400070190430
        3.781100034713745
        4.985799789428711
        3.677999973297119
        3.367399930953980
        3.631500005722046
        3.423799991607666
        3.392199993133545
        1.469499945640564
   8.776999711990356E-001
   9.769999980926514E-002
       -1.229300022125244
  -5.878999829292297E-001
       -1.617900013923645
       -1.900599956512451
       -3.014199972152710
       -2.735800027847290
       -1.175600051879883
  -8.682000041007996E-001
  -5.946000218391419E-001
   1.820999979972839E-001
  -2.671999931335449E-001
  -8.917999863624573E-001
   6.219999790191650E-001
        2.090300083160400
   3.066999912261963E-001
   7.961000204086304E-001
  -8.424000144004822E-001
  -6.675999760627747E-001
       -1.024799942970276
  -7.552999854087830E-001
   3.607999980449677E-001
   1.659999974071980E-002
       -2.232100009918213
       -1.767199993133545
       -2.666100025177002
       -1.781999945640564
       -1.488399982452393
       -1.232100009918213
       -1.289700031280518
  -9.028999805450440E-001
  -7.129999995231628E-002
  -3.542000055313110E-001
  -2.720000036060810E-002
       -1.040599942207336
  -6.783000230789185E-001
   3.657000064849854E-001
       -1.178300023078919
  -8.633999824523926E-001
       -1.215600013732910
  -4.259999841451645E-002
   2.301999926567078E-001
   9.631000161170960E-001
  -2.816999852657318E-001
  -8.191999793052673E-001
  -2.547999918460846E-001
   8.083999752998352E-001
        1.317800045013428
        2.831099987030029
        2.457299947738648
        3.004899978637695
        4.463399887084961
        4.510300159454346
        5.084099769592285
        3.543499946594238
        3.239900112152100
        3.673399925231934
        2.324899911880493
        1.693799972534180
        1.454900026321411
   9.896000027656555E-001
       -1.212100028991699
  -8.549000024795532E-001
  -3.871999979019165E-001
       -2.041899919509888
       -2.908400058746338
       -2.032599925994873
  -8.529999852180481E-001
  -9.140999913215637E-001
  -7.038000226020813E-001
       -1.305400013923645
   3.567999899387360E-001
  -8.065000176429749E-001
   4.903999865055084E-001
   8.503000140190125E-001
  -3.122999966144562E-001
   1.252000033855438E-001
       -1.953500032424927
  -6.179999709129334E-001
       -1.953799962997437
       -1.242599964141846
       -1.317100048065186
       -2.400199890136719
       -2.471699953079224
       -3.322400093078613
       -2.318200111389160
       -2.632200002670288
       -1.766000032424927
       -3.405400037765503
       -2.060899972915649
  -2.410000003874302E-002
   4.124000072479248E-001
  -1.542000025510788E-001
   1.420000046491623E-001
  -9.052000045776367E-001
       -1.410599946975708
       -1.516199946403503
  -4.975999891757965E-001
  -8.525000214576721E-001
       -1.126600027084351
   3.565999865531921E-001
  -1.119000017642975E-001
  -3.379999846220017E-002
   2.001000046730042E-001
   3.919999897480011E-001
   9.297999739646912E-001
        2.078099966049194
        2.351300001144409
        3.446300029754639
        2.748699903488159
        3.225300073623657
        5.134500026702881
        4.330999851226807
        4.181300163269043
        4.256499767303467
        4.581299781799316
        2.478100061416626
        1.309900045394898
        1.335000038146973
        1.457599997520447
   9.035999774932861E-001
   4.217999875545502E-001
  -4.050999879837036E-001
  -9.894000291824341E-001
  -4.875999987125397E-001
   2.640999853610992E-001
       -1.280900001525879
  -8.066999912261963E-001
       -1.489500045776367
  -7.638999819755554E-001
   7.718999981880188E-001
   7.522000074386597E-001
       -1.471799969673157
  -5.392000079154968E-001
  -6.208999752998352E-001
  -4.575000107288361E-001
       -1.915300011634827
       -1.741400003433228
       -1.536499977111816
       -3.392199993133545
       -2.403000116348267
       -1.684399962425232
       -1.190299987792969
       -2.850500106811523
       -3.399399995803833
       -2.415999889373779
       -3.229799985885620
       -2.368200063705444
       -1.960199952125549
  -5.723999738693237E-001
        2.536700010299683
   3.361999988555908E-001
   2.585999965667725E-001
   1.951999962329865E-001
   2.739000022411346E-001
       -1.167500019073486
       -1.961099982261658
  -2.885999977588654E-001
        1.494400024414063
   3.684000074863434E-001
  -8.019000291824341E-001
       -1.284700036048889
  -2.246000021696091E-001
  -2.309000045061112E-001
   1.420000046491623E-001
        1.482200026512146
        1.322900056838989
        2.598400115966797
        3.527699947357178
        3.224499940872192
        2.446700096130371
        2.034399986267090
        1.653100013732910
        2.128499984741211
        3.744400024414063
        3.430900096893311
        3.269799947738648
        2.663700103759766
   6.614999771118164E-001
        1.368899941444397
   8.521999716758728E-001
   2.669999934732914E-002
       -1.666300058364868
       -1.854799985885620
  -9.485999941825867E-001
  -9.218000173568726E-001
  -6.233000159263611E-001
       -1.292600035667419
  -9.753999710083008E-001
   9.587000012397766E-001
        1.575000047683716
   9.298999905586243E-001
  -8.224999904632568E-001
       -1.275599956512451
  -3.237000107765198E-001
   2.037999927997589E-001
        1.194000005722046
  -3.817000091075897E-001
       -1.028499960899353
       -1.111700057983398
       -1.708699941635132
       -1.724900007247925
       -1.788200020790100
       -1.069200038909912
       -1.945000052452087
       -1.135599970817566
       -1.190099954605103
       -1.268900036811829
       -2.637399911880493
  -2.263000011444092E-001
   3.754000067710877E-001
        1.397899985313416
        2.335000038146973
        1.371399998664856
   1.399999950081110E-003
  -6.175000071525574E-001
       -1.152099967002869
  -9.261000156402588E-001
       -2.491899967193604
   1.450999975204468E-001
   1.791000068187714E-001
  -1.733999997377396E-001
  -2.134000062942505E-001
       -1.075600028038025
   2.349999994039536E-001
  -6.369000077247620E-001
   4.986000061035156E-001
        2.281899929046631
        3.551599979400635
        2.060699939727783
        1.203600049018860
   8.436999917030335E-001
   2.808000147342682E-001
        1.139400005340576
        2.928400039672852
        2.658699989318848
   8.612999916076660E-001
   8.316000103950501E-001
       -1.452200055122376
   6.129000186920166E-001
   6.086000204086304E-001
       -1.256000041961670
       -1.889799952507019
  -2.795999944210053E-001
  -7.415000200271606E-001
  -7.588000297546387E-001
  -7.389999926090241E-002
       -1.290199995040894
  -8.440999984741211E-001
  -3.160000145435333E-001
   6.499999761581421E-002
  -4.548000097274780E-001
   6.345999836921692E-001
  -7.825000286102295E-001
  -7.670999765396118E-001
        1.095800042152405
   8.691999912261963E-001
        1.164399981498718
        1.260499954223633
  -9.170000255107880E-002
  -7.200999855995178E-001
   2.029999941587448E-001
  -4.422000050544739E-001
  -1.703999936580658E-001
  -3.556999862194061E-001
   5.873000025749207E-001
   7.357000112533569E-001
   4.650000110268593E-002
  -9.628999829292297E-001
   3.558000028133392E-001
   3.023000061511993E-001
   1.002999991178513E-001
        1.542999982833862
        1.297999978065491
   2.569999918341637E-002
   4.013999998569489E-001
       -1.784999966621399
  -3.050000034272671E-002
       -1.300600051879883
   8.131999969482422E-001
   9.200000166893005E-001
   8.940000087022781E-002
   3.479000031948090E-001
  -2.612000107765198E-001
   8.270999789237976E-001
  -1.679999940097332E-002
  -6.277999877929688E-001
   4.483000040054321E-001
        1.217599987983704
   9.631000161170960E-001
        1.119500041007996
   9.817000031471252E-001
  -1.577000021934509E-001
   7.536000013351440E-001
        3.185300111770630
        2.467200040817261
        1.639700055122376
   7.637000083923340E-001
  -8.662999868392944E-001
   7.024999856948853E-001
   4.515999853610992E-001
  -1.993000060319901E-001
   9.559000134468079E-001
  -1.730999946594238E-001
   2.073000073432922E-001
   2.576000094413757E-001
        1.222900032997131
   6.029999852180481E-001
  -5.432999730110169E-001
   7.199999690055847E-002
  -5.651999711990356E-001
  -1.282999962568283E-001
  -2.439000010490418E-001
  -1.552000045776367E-001
  -5.792000293731690E-001
  -8.871999979019165E-001
  -5.156000256538391E-001
   1.545999944210053E-001
        1.456200003623962
        1.902500033378601
        1.201500058174133
   8.968999981880188E-001
  -8.769999742507935E-001
       -1.187700033187866
       -1.053300023078919
  -4.709999859333038E-001
  -3.790999948978424E-001
  -3.391999900341034E-001
  -8.934000134468079E-001
  -6.913999915122986E-001
   1.758999973535538E-001
   9.247000217437744E-001
        2.026599884033203
   9.750999808311462E-001
        1.374300003051758
        1.257799983024597
  -2.137999981641769E-001
  -5.917000174522400E-001
  -8.267999887466431E-001
   5.386999845504761E-001
  -1.811999976634979E-001
  -1.138999983668327E-001
        1.377099990844727
   5.666999816894531E-001
   7.296000123023987E-001
        1.430899977684021
   2.109999954700470E-001
  -6.639999896287918E-002
        1.191599965095520
   4.268999993801117E-001
   8.730000257492065E-001
   7.610999941825867E-001
  -2.188999950885773E-001
        1.100800037384033
        2.782099962234497
        1.787999987602234
   5.121999979019165E-001
  -3.073999881744385E-001
       -1.350800037384033
       -1.606099963188171
  -7.360000014305115E-001
   1.432999968528748E-001
   5.429000258445740E-001
   7.429999858140945E-002
   2.206999957561493E-001
   1.459999978542328E-001
   7.003999948501587E-001
   5.760999917984009E-001
   9.922999739646912E-001
   5.180000066757202E-001
  -3.355999886989594E-001
  -7.009999752044678E-001
   6.319999694824219E-002
       -1.519000053405762
       -1.511700034141541
  -8.319000005722046E-001
        1.461599946022034
        1.765200018882752
        1.858800053596497
        3.366499900817871
   6.660000085830689E-001
        1.027699947357178
        1.229300022125244
   1.304000020027161E-001
       -1.135100007057190
       -1.331500053405762
  -7.056999802589417E-001
   1.750999987125397E-001
  -6.948999762535095E-001
  -9.096000194549561E-001
        1.824300050735474
        2.756900072097778
        2.144099950790405
        2.969000101089478
   8.313999772071838E-001
   7.609999775886536E-001
   4.767999947071075E-001
   1.580000072717667E-001
  -8.990000188350678E-002
   7.296000123023987E-001
   6.414999961853027E-001
   2.529999986290932E-002
        1.413699984550476
        1.348899960517883
        1.610599994659424
        1.883599996566773
   7.610999941825867E-001
  -1.887000054121018E-001
        1.543900012969971
   1.950999945402145E-001
  -5.880000069737434E-002
        1.349400043487549
   5.544999837875366E-001
   8.079000115394592E-001
        1.151600003242493
        1.616999983787537
        1.309399962425232
   3.350000083446503E-002
       -1.725399971008301
  -4.426000118255615E-001
       -1.245900034904480
  -1.941999942064285E-001
   2.011999934911728E-001
        1.771800041198731
   6.876999735832214E-001
        1.134199976921082
   9.711999893188477E-001
        1.384299993515015
        1.579699993133545
        1.639299988746643
  -4.081000089645386E-001
       -1.845000028610230
       -1.740000009536743
       -2.552099943161011
  -1.884000003337860E-001
   3.258999884128571E-001
        1.687100052833557
        1.632300019264221
   4.235000014305115E-001
        2.571000099182129
        1.654600024223328
        1.422199964523315
        1.568699955940247
        1.251700043678284
       -1.051499962806702
  -8.349000215530396E-001
   2.737999856472015E-001
   3.804000020027161E-001
  -8.823000192642212E-001
       -2.100800037384033
   9.560999870300293E-001
        2.327899932861328
        1.443099975585938
        2.087399959564209
  -1.612000018358231E-001
        1.400599956512451
   8.029999732971191E-001
  -8.932999968528748E-001
       -1.239699959754944
   8.540000021457672E-002
  -2.610000036656857E-002
   4.237000048160553E-001
        1.822999954223633
        2.198899984359741
        3.667999982833862
        2.842999935150147
        1.099200010299683
   7.692999839782715E-001
   3.055999875068665E-001
   5.228999853134155E-001
   5.486999750137329E-001
   4.289999976754189E-002
  -6.486999988555908E-001
       -1.367699980735779
   5.112000107765198E-001
  -2.637999951839447E-001
       -1.412899971008301
   1.701000034809113E-001
       -1.073899984359741
  -3.357000052928925E-001
       -1.022099971771240
   2.556000053882599E-001
   9.718999862670898E-001
        1.223399996757507
  -1.146000027656555E-001
        1.259299993515015
   9.241999983787537E-001
        1.214400053024292
        1.103399991989136
  -2.049999982118607E-001
  -9.129999876022339E-001
       -1.843799948692322
       -2.189599990844727
       -2.055599927902222
  -7.584000229835510E-001
  -9.667000174522400E-001
   9.326999783515930E-001
        1.801699995994568
        2.392699956893921
        2.978399991989136
        2.121599912643433
        2.852499961853027
        2.815799951553345
   6.459000110626221E-001
   7.764999866485596E-001
  -2.820000052452087E-001
        1.019199967384338
   8.560000061988831E-001
  -8.442999720573425E-001
  -8.791999816894531E-001
        1.115100026130676
   9.800999760627747E-001
   2.520999908447266E-001
   8.202999830245972E-001
   8.169000148773193E-001
   4.846000075340271E-001
  -6.769999861717224E-002
       -1.154399991035461
       -1.969900012016296
  -3.770999908447266E-001
   9.506000280380249E-001
        1.117599964141846
        2.156199932098389
        1.966500043869019
        3.917200088500977
        3.032399892807007
        2.390500068664551
        1.068600058555603
        1.757899999618530
        1.626700043678284
  -3.745999932289124E-001
   5.829999968409538E-002
       -2.139300107955933
       -1.283400058746338
  -4.440000057220459E-001
  -2.240000069141388E-001
  -9.721000194549561E-001
       -1.200999975204468
       -1.308400034904480
       -2.052799940109253
  -4.629999995231628E-001
   9.276000261306763E-001
        1.664399981498718
        1.493700027465820
   3.370999991893768E-001
        1.178200006484985
   8.125000000000000E-001
   2.709999978542328E-001
  -7.360000163316727E-002
  -5.504999756813049E-001
       -2.105499982833862
       -1.639299988746643
       -2.815599918365479
       -1.167700052261353
   1.151999980211258E-001
   4.339999854564667E-001
        1.635499954223633
        2.092000007629395
        2.397099971771240
        1.744600057601929
        2.188199996948242
        2.651599884033203
        2.834700107574463
        1.226500034332275
       -1.112699985504150
   6.161999702453613E-001
   1.365000009536743E-001
       -1.408599972724915
   5.070000290870667E-001
       -1.420099973678589
   7.818999886512756E-001
   2.134000062942505E-001
   5.713000297546387E-001
   3.702000081539154E-001
        1.531599998474121
  -1.992000043392181E-001
   4.327999949455261E-001
       -1.601600050926209
       -1.807600021362305
   1.240999996662140E-001
        1.967499971389771
   3.711000084877014E-001
        1.271299958229065
        2.357399940490723
        3.133300065994263
        4.084199905395508
        2.743200063705444
        1.820500016212463
        2.938600063323975
   2.084999978542328E-001
  -6.776999831199646E-001
       -1.166300058364868
       -2.137200117111206
       -2.755700111389160
       -2.238600015640259
  -3.979999944567680E-002
       -1.086500048637390
       -1.660899996757507
       -2.174200057983398
       -2.338000059127808
  -3.501000106334686E-001
   2.299000024795532E-001
   9.943000078201294E-001
   8.518999814987183E-001
        1.877900004386902
   4.569999873638153E-002
        1.033599972724915
   4.052999913692474E-001
  -8.654999732971191E-001
  -4.925000071525574E-001
       -1.963700056076050
       -2.338500022888184
  -3.984000086784363E-001
       -1.969599962234497
  -5.256999731063843E-001
   5.602999925613403E-001
        1.113999962806702
        1.826699972152710
        2.564399957656860
        2.716399908065796
        1.719900012016296
        1.319000005722046
        1.820299983024597
        1.330199956893921
   8.609999716281891E-002
   6.450999975204468E-001
  -2.285999953746796E-001
  -8.944000005722046E-001
   1.512999981641769E-001
  -2.928999960422516E-001
  -8.852999806404114E-001
       -1.646999955177307
  -9.469000101089478E-001
  -2.619999945163727E-001
   4.277000129222870E-001
        1.963400006294251
   6.563000082969666E-001
  -3.483000099658966E-001
   1.360000073909760E-001
        2.584899902343750
        1.977699995040894
        3.060600042343140
        1.889999985694885
        2.313800096511841
        2.978499889373779
        2.975899934768677
        1.843600034713745
        2.166500091552734
        3.620899915695190
   6.518999934196472E-001
       -1.120300054550171
       -1.770200014114380
       -2.207400083541870
       -2.865999937057495
       -2.588299989700317
       -2.652800083160400
       -1.702200055122376
       -1.836400032043457
       -2.289000034332275
       -3.027299880981445
       -2.160099983215332
  -9.661999940872192E-001
   6.389999985694885E-001
   3.506999909877777E-001
  -4.954999983310700E-001
        1.256399989128113
        1.942299962043762
   8.159000277519226E-001
  -1.228000000119209E-001
       -1.815999984741211
       -3.647000074386597
       -2.403899908065796
       -2.545700073242188
       -1.715100049972534
  -8.289999961853027E-001
   8.991000056266785E-001
        1.446799993515015
        2.192899942398071
        4.217500209808350
        3.189800024032593
        1.882400035858154
        2.790699958801270
        1.966199994087219
        2.848799943923950
        2.056299924850464
   9.052000045776367E-001
   4.830000102519989E-001
       -1.000100016593933
  -8.790000081062317E-001
  -5.569000244140625E-001
       -2.390399932861328
       -2.370399951934815
       -1.409800052642822
  -3.192000091075897E-001
        1.324100017547607
  -3.643000125885010E-001
   2.962000072002411E-001
   5.379999876022339E-001
        1.469699978828430
        2.067500114440918
        2.372400045394898
        2.378799915313721
        1.454100012779236
        2.424599885940552
        3.175299882888794
        2.535799980163574
        2.149699926376343
        2.491699934005737
        3.465100049972534
        2.230799913406372
        1.414299964904785
   8.460000157356262E-002
       -1.365599989891052
       -3.107199907302856
       -2.740700006484985
       -2.570399999618530
       -2.061399936676025
       -2.837800025939941
       -2.164499998092651
       -1.748900055885315
  -9.467999935150147E-001
  -8.557000160217285E-001
  -2.213999927043915E-001
   1.985000073909760E-001
   2.055999934673309E-001
  -2.490000054240227E-002
   8.799999952316284E-001
   1.684000045061112E-001
  -3.445000052452087E-001
       -2.934900045394898
       -3.343600034713745
       -2.183599948883057
  -5.853999853134155E-001
   1.200000010430813E-002
   7.493000030517578E-001
        1.170600056648254
   8.707000017166138E-001
        1.426800012588501
        3.679199934005737
        2.252300024032593
        1.344799995422363
        1.573300004005432
        2.819999933242798
        2.699700117111206
        3.367700099945068
        1.886199951171875
        2.331700086593628
   3.878999948501587E-001
   1.150999963283539E-001
       -1.865100026130676
       -1.410099983215332
       -1.771700024604797
  -5.835999846458435E-001
       -1.015900015830994
   1.386999934911728E-001
  -8.999999845400453E-004
   6.223999857902527E-001
   3.722000122070313E-001
   2.043000012636185E-001
        1.475600004196167
   9.228000044822693E-001
   4.566999971866608E-001
   5.525000095367432E-001
        1.107399940490723
        1.450799942016602
   3.513999879360199E-001
   7.239000201225281E-001
        2.252500057220459
        3.279599905014038
        3.256500005722046
        1.895699977874756
   6.122999787330627E-001
   2.178000062704086E-001
       -1.968199968338013
       -2.161900043487549
       -1.359599947929382
       -3.311700105667114
       -2.649300098419190
       -1.444900035858154
  -3.579999879002571E-002
       -1.394400000572205
       -1.351400017738342
   2.570999860763550E-001
  -3.454999923706055E-001
       -1.015100002288818
       -1.458899974822998
  -6.923000216484070E-001
        1.959699988365173
  -6.169999837875366E-001
       -2.324500083923340
       -2.638299942016602
       -2.525500059127808
       -1.245900034904480
  -9.963999986648560E-001
        1.639899969100952
   7.559999823570252E-001
        1.728999972343445
   4.379999935626984E-001
        2.997800111770630
        4.704800128936768
        2.152899980545044
        2.238800048828125
        3.488699913024902
        3.629899978637695
        2.834599971771240
        3.624900102615356
        3.507299900054932
        3.323100090026856
        2.736500024795532
  -9.165999889373779E-001
       -1.134799957275391
  -4.104999899864197E-001
  -5.526999831199646E-001
   2.290000021457672E-002
       -1.000900030136108
       -1.017799973487854
  -3.729999959468842E-001
  -6.935999989509583E-001
  -1.296000033617020E-001
   3.993000090122223E-001
        1.117799997329712
        1.259799957275391
   9.036999940872192E-001
  -6.949999928474426E-002
  -5.580999851226807E-001
   4.050000011920929E-002
  -2.425999939441681E-001
   1.206000000238419E-001
        3.253999948501587
        2.164900064468384
        1.539299964904785
   9.110000133514404E-001
   9.170000255107880E-002
  -5.832999944686890E-001
       -2.160200119018555
       -2.098900079727173
       -2.354000091552734
       -2.184400081634522
  -8.373000025749207E-001
       -1.748000025749207
       -2.620899915695190
  -9.372000098228455E-001
  -6.442999839782715E-001
       -1.719099998474121
       -1.462700009346008
   3.925000131130219E-001
   3.774000108242035E-001
   4.652000069618225E-001
   8.919999748468399E-002
       -1.954800009727478
       -1.231699943542481
       -2.394599914550781
       -1.207100033760071
  -1.578000038862228E-001
   4.835000038146973E-001
        1.449599981307983
   6.658999919891357E-001
   2.325000017881393E-001
   8.015999794006348E-001
   9.677000045776367E-001
   9.851999878883362E-001
   8.208000063896179E-001
        3.299900054931641
        2.819999933242798
        3.050299882888794
        3.293299913406372
        3.238500118255615
        2.712599992752075
        1.235399961471558
   6.238999962806702E-001
  -2.408999949693680E-001
       -1.006600022315979
       -1.879899978637695
  -2.116000056266785E-001
       -1.725900053977966
   2.743000090122223E-001
   1.171000003814697E-001
  -4.013999998569489E-001
  -9.470999836921692E-001
  -9.667999744415283E-001
        1.509600043296814
  -3.804000020027161E-001
  -2.809999883174896E-001
       -1.172700047492981
       -1.661000013351440
  -4.954999983310700E-001
   4.086000025272369E-001
   1.808999925851822E-001
   8.603000044822693E-001
        1.443500041961670
  -3.738000094890595E-001
   6.636000275611877E-001
        1.435199975967407
   1.661999970674515E-001
       -1.341300010681152
       -2.868200063705444
       -1.754600048065186
  -5.058000087738037E-001
       -1.340899944305420
  -7.362999916076660E-001
       -1.802999973297119
       -1.166900038719177
       -1.137699961662293
       -1.982399940490723
       -2.003700017929077
  -8.600000143051148E-001
   4.846999943256378E-001
       -1.666100025177002
  -5.924999713897705E-001
       -1.953500032424927
       -3.382999897003174
       -2.662199974060059
       -2.415499925613403
       -1.447900056838989
   8.349999785423279E-002
   2.572000026702881E-001
   8.679999709129334E-001
  -3.497999906539917E-001
  -2.362000048160553E-001
   9.099999815225601E-002
  -5.432999730110169E-001
        1.563699960708618
   9.980999827384949E-001
        2.187000036239624
   8.005999922752380E-001
        1.297500014305115
        2.420000076293945
        1.402699947357178
        1.264000058174133
   6.938999891281128E-001
       -1.645400047302246
       -2.118700027465820
       -2.119800090789795
       -2.483500003814697
       -1.249199986457825
  -5.927000045776367E-001
  -1.347000002861023E-001
        1.097300052642822
  -1.833000034093857E-001
  -8.416000008583069E-001
   8.815000057220459E-001
   4.034000039100647E-001
       -1.383599996566773
       -1.983500003814697
       -1.250399947166443
  -3.397000133991242E-001
   7.667000293731690E-001
        2.252899885177612
        1.927800059318543
        1.417400002479553
  -7.095999717712402E-001
  -6.168000102043152E-001
   1.601999998092651E-001
   9.459999799728394E-001
  -4.799999892711639E-001
       -1.929299950599670
       -1.749500036239624
       -1.606299996376038
       -1.239899992942810
       -1.210700035095215
       -1.874300003051758
       -2.797300100326538
       -2.575500011444092
       -1.678500056266785
   8.497999906539917E-001
   3.445000052452087E-001
  -8.076999783515930E-001
  -9.991000294685364E-001
  -4.402999877929688E-001
       -1.478800058364868
       -3.270999908447266
       -2.116400003433228
  -9.050999879837036E-001
   2.978000044822693E-001
        1.439000010490418
  -4.029999971389771E-001
   9.448000192642212E-001
        1.216199994087219
   1.493999958038330E-001
   9.186000227928162E-001
  -1.103999987244606E-001
  -4.763999879360199E-001
   7.710000127553940E-002
        1.153900027275085
  -4.645999968051910E-001
  -1.836999952793121E-001
        1.277600049972534
        1.549100041389465
   4.293999969959259E-001
  -2.664000093936920E-001
       -4.227900028228760
       -2.865400075912476
       -2.151400089263916
       -1.633100032806397
       -1.250800013542175
       -1.920099973678589
  -8.234999775886536E-001
       -1.176599979400635
       -1.761199951171875
       -2.543800115585327
  -4.950999915599823E-001
  -7.864999771118164E-001
  -2.529000043869019E-001
  -3.917999863624573E-001
  -9.692000150680542E-001
   5.530999898910523E-001
   3.835000097751617E-001
        1.994799971580505
        2.008800029754639
        1.354200005531311
        1.420099973678589
        1.292899966239929
  -6.801999807357788E-001
   8.636000156402588E-001
   2.349999994039536E-001
       -2.313999891281128
       -2.146800041198731
       -2.152699947357178
       -2.162499904632568
       -1.851500034332275
       -2.654200077056885
       -1.073600053787231
  -9.721000194549561E-001
       -1.408900022506714
  -6.552000045776367E-001
   6.743000149726868E-001
       -1.220399975776672
  -5.856999754905701E-001
  -8.878999948501587E-001
  -9.567000269889832E-001
       -1.630599975585938
       -1.266199946403503
       -1.043699979782105
   6.746000051498413E-001
        1.169999957084656
  -8.797000050544739E-001
        1.050300002098084
   5.160999894142151E-001
        1.179800033569336
  -8.995000123977661E-001
   6.931999921798706E-001
  -8.389999866485596E-001
       -1.903200030326843
       -1.548799991607666
  -2.483000010251999E-001
  -6.457999944686890E-001
   2.666999995708466E-001
        1.206699967384338
   8.521000146865845E-001
       -1.287600040435791
       -2.497999906539917
       -2.075200080871582
       -1.470499992370606
       -1.808899998664856
       -2.312299966812134
       -1.265200018882752
  -3.531999886035919E-001
  -2.985999882221222E-001
   1.865999996662140E-001
       -1.276200056076050
       -2.792799949645996
       -1.425500035285950
  -4.796000123023987E-001
       -1.381000041961670
  -9.157000184059143E-001
   3.856999874114990E-001
       -1.178599953651428
   5.092999935150147E-001
        1.368299961090088
        3.757200002670288
        3.153300046920776
   2.908000051975250E-001
  -6.036000251770020E-001
       -1.225600004196167
  -8.206999897956848E-001
       -2.290299892425537
       -3.471400022506714
       -1.439900040626526
       -1.561699986457825
       -3.308300018310547
       -1.377099990844727
   1.483000069856644E-001
       -1.223999977111816
  -4.693000018596649E-001
  -7.107999920845032E-001
  -2.029000073671341E-001
       -1.824000000953674
       -2.137500047683716
  -8.777999877929688E-001
  -7.990000247955322E-001
  -7.601000070571899E-001
  -1.497000008821487E-001
        1.920300006866455
        2.059400081634522
        2.091300010681152
   5.091000199317932E-001
        1.025099992752075
        1.076400041580200
   6.478999853134155E-001
  -9.879999756813049E-001
  -4.149999842047691E-002
   1.684000045061112E-001
  -8.690000176429749E-001
   5.440000072121620E-002
  -7.059000134468079E-001
  -2.698999941349030E-001
   2.515999972820282E-001
   6.101999878883362E-001
        1.408499956130981
       -1.018000006675720
  -5.853999853134155E-001
       -1.226400017738342
  -3.346999883651733E-001
       -3.148900032043457
       -1.629799962043762
       -1.728000044822693
  -8.130999803543091E-001
  -9.699000120162964E-001
  -1.440999954938889E-001
  -2.510000020265579E-002
  -6.541000008583069E-001
   1.574999988079071E-001
  -4.027000069618225E-001
  -4.088000059127808E-001
  -1.915999948978424E-001
  -5.698000192642212E-001
  -4.113000035285950E-001
   3.384000062942505E-001
   7.534000277519226E-001
   8.737999796867371E-001
        1.752400040626526
   7.509999722242355E-002
  -8.295000195503235E-001
  -8.305000066757202E-001
   1.177999973297119E-001
       -1.064599990844727
       -2.359600067138672
  -3.705999851226807E-001
  -1.851000040769577E-001
       -1.856899976730347
   6.481000185012817E-001
   5.177999734878540E-001
  -5.896000266075134E-001
       -1.606600046157837
  -3.921000063419342E-001
  -6.843000054359436E-001
   2.960000000894070E-002
  -8.913000226020813E-001
  -5.073999762535095E-001
       -1.140699982643127
   1.462000012397766E-001
        1.137500047683716
        1.575899958610535
        1.865800023078919
   6.333000063896179E-001
   9.240000247955322E-001
        1.114300012588501
        1.149000048637390
        1.864599943161011
        1.708699941635132
   8.342000246047974E-001
   9.077000021934509E-001
   4.918999969959259E-001
   9.186999797821045E-001
  -3.407000005245209E-001
  -3.165999948978424E-001
  -8.429999649524689E-002
        1.636299967765808
   1.748999953269959E-001
   9.635000228881836E-001
       -1.281100034713745
       -1.254299998283386
       -1.389000058174133
       -2.435199975967407
       -1.472399950027466
       -1.208299994468689
  -5.594000220298767E-001
   2.318000048398972E-001
   9.453999996185303E-001
   7.868000268936157E-001
   5.097000002861023E-001
  -3.887000083923340E-001
  -5.669999867677689E-002
       -1.336500048637390
       -1.285699963569641
       -1.003000020980835
       -1.021399974822998
  -5.084999799728394E-001
   4.257000088691711E-001
        1.754799962043762
   3.862999975681305E-001
        1.874099969863892
   5.834000110626221E-001
   8.084999918937683E-001
        1.646299958229065
   3.188000023365021E-001
       -2.606899976730347
       -1.002799987792969
       -1.950799942016602
  -6.923999786376953E-001
  -3.880000114440918E-001
   7.562999725341797E-001
  -5.102000236511231E-001
  -4.941999912261963E-001
       -1.151900053024292
  -4.426999986171722E-001
  -7.777000069618225E-001
   7.320000231266022E-002
  -5.224000215530396E-001
  -3.641000092029572E-001
   8.899999782443047E-003
  -3.489999845623970E-002
        1.244699954986572
        1.972599983215332
        1.072000026702881
   7.540000081062317E-001
        2.637500047683716
        1.868100047111511
   8.062000274658203E-001
        3.179100036621094
        1.486700057983398
   9.413999915122986E-001
   8.169999718666077E-002
        1.538800001144409
   1.550000011920929E-001
  -4.070000052452087E-001
        1.764199972152710
        1.439599990844727
        1.434299945831299
   5.220000073313713E-002
  -7.207000255584717E-001
   1.556999981403351E-001
       -2.540400028228760
       -2.061000108718872
       -1.878999948501587
  -6.793000102043152E-001
       -1.780500054359436
       -1.024299979209900
   3.524000048637390E-001
  -4.363000094890595E-001
  -7.175999879837036E-001
  -9.343000054359436E-001
  -4.054000079631805E-001
       -1.028399944305420
       -1.693400025367737
       -2.818300008773804
       -2.478899955749512
   2.040999978780747E-001
   4.532000124454498E-001
        1.554499983787537
        2.094199895858765
        2.345599889755249
        1.110599994659424
        2.500000000000000
        2.012399911880493
   8.187999725341797E-001
       -2.378099918365479
       -1.235599994659424
  -3.623000085353851E-001
   4.045999944210053E-001
  -8.650000095367432E-001
  -2.896000146865845E-001
   1.138999983668327E-001
   2.856999933719635E-001
  -1.873999983072281E-001
  -6.333000063896179E-001
   1.225000023841858E-001
   7.210000157356262E-001
  -6.061999797821045E-001
  -9.963999986648560E-001
  -9.887999892234802E-001
   2.872999906539917E-001
        1.426900029182434
        1.031000018119812
   5.268999934196472E-001
        1.112100005149841
        1.276600003242493
   6.471999883651733E-001
   9.376999735832214E-001
        1.493999958038330
        1.859500050544739
   6.490000337362289E-002
   4.919999837875366E-002
  -6.205000281333923E-001
       -1.365100026130676
       -2.082900047302246
        1.035400032997131
   9.853000044822693E-001
   3.609000146389008E-001
       -1.370599985122681
  -5.450000166893005E-001
  -3.445999920368195E-001
       -1.464400053024292
       -1.650599956512451
       -2.403800010681152
       -1.246000051498413
       -1.910699963569641
  -4.713000059127808E-001
  -3.559999912977219E-002
       -1.518399953842163
       -1.824800014495850
       -1.427099943161011
       -1.355599999427795
  -9.064999818801880E-001
   1.243999972939491E-001
       -1.105999946594238
  -8.435999751091003E-001
  -7.530000060796738E-002
        1.120499968528748
        2.489099979400635
        2.357800006866455
        2.880199909210205
        2.691099882125855
        2.461899995803833
        2.457000017166138
   3.639000058174133E-001
       -1.389999985694885
  -5.231000185012817E-001
       -1.544199943542481
   7.499999832361937E-003
  -4.776999950408936E-001
   3.125000000000000E-001
  -1.268000006675720E-001
   4.808000028133392E-001
   3.217999935150147E-001
   9.809999912977219E-002
   6.499999761581421E-001
        1.878000020980835
   4.108000099658966E-001
       -1.025699973106384
        1.263100028038025
   9.629999846220017E-002
  -7.259999960660934E-002
   2.249999940395355E-001
  -2.070000022649765E-002
   4.839000105857849E-001
  -7.320000231266022E-002
   5.230000019073486E-001
        1.230999946594238
        2.217700004577637
        3.371299982070923
        2.193099975585938
        1.021399974822998
  -3.204999864101410E-001
   1.870000064373016E-001
   9.839999675750732E-002
       -1.080800056457520
       -1.046399950981140
  -5.982999801635742E-001
       -2.175100088119507
       -1.023599982261658
       -1.353999972343445
       -1.716699957847595
       -1.850200057029724
       -2.764600038528442
       -1.964699983596802
       -1.589499950408936
       -1.134099960327148
  -7.321000099182129E-001
  -2.838000059127808E-001
  -8.787000179290772E-001
       -1.206900000572205
       -1.786599993705750
  -4.733000099658966E-001
   7.570000290870667E-001
   7.037000060081482E-001
   8.665999770164490E-001
        1.119600057601929
   7.871000170707703E-001
        1.794499993324280
        2.878700017929077
        3.511600017547607
        2.762900114059448
        3.134000062942505
        2.496400117874146
   6.581000089645386E-001
   3.612999916076660E-001
   5.565999746322632E-001
       -1.273699998855591
       -1.094400048255920
   5.570000037550926E-002
        1.320199966430664
   1.561000049114227E-001
  -3.920000046491623E-002
   7.322000265121460E-001
        1.248499989509583
   4.183999896049500E-001
   8.094999790191650E-001
   4.390000179409981E-002
   7.450000196695328E-002
   6.087999939918518E-001
   1.310999989509583E-001
        1.095900058746338
   4.887999892234802E-001
  -4.808999896049500E-001
        1.187899947166443
        1.269600033760071
   6.381000280380249E-001
   5.993000268936157E-001
        2.623600006103516
        3.112099885940552
        1.183500051498413
        1.462900042533875
  -2.545999884605408E-001
       -1.150699973106384
   1.023000031709671E-001
       -1.414399981498718
       -2.294100046157837
       -2.964099884033203
  -9.329000115394592E-001
       -1.315500020980835
       -1.151000022888184
       -2.788300037384033
       -3.724100112915039
       -3.356800079345703
       -2.510200023651123
  -6.632000207901001E-001
  -4.119000136852264E-001
   1.869000047445297E-001
   3.693000078201294E-001
       -1.081500053405762
  -2.924000024795532E-001
  -6.442999839782715E-001
   2.861000001430512E-001
        1.782299995422363
        1.758999943733215
        1.949000000953674
        2.128499984741211
   1.871999949216843E-001
        1.628800034523010
        3.118799924850464
        3.419500112533569
        2.146500110626221
        3.356199979782105
        3.479500055313110
        2.319000005722046
   7.439000010490418E-001
  -4.244000017642975E-001
       -1.494099974632263
       -1.004899978637695
        1.187899947166443
   8.881999850273132E-001
        1.865599989891052
        1.095700025558472
        1.369199991226196
        1.150099992752075
   6.631000041961670E-001
   9.387999773025513E-001
       -1.028900027275085
   1.601999998092651E-001
        1.715899944305420
        1.059100031852722
        2.344199895858765
        1.210399985313416
   3.700999915599823E-001
        1.046900033950806
   8.515999913215637E-001
   9.142000079154968E-001
   6.333000063896179E-001
   9.491000175476074E-001
        2.189199924468994
        2.640199899673462
        2.861700057983398
   3.806999921798706E-001
  -1.644999980926514E-001
  -3.016000092029572E-001
  -3.183999955654144E-001
       -2.716300010681152
       -3.265399932861328
       -3.188899993896484
       -2.026200056076050
       -2.267999887466431
       -2.440599918365479
       -2.608500003814697
       -4.021900177001953
       -2.523299932479858
       -1.983600020408630
   4.304000139236450E-001
  -6.402000188827515E-001
   4.792999923229218E-001
  -6.279999762773514E-002
        1.196099996566773
   2.170999944210053E-001
  -3.898000121116638E-001
   4.478999972343445E-001
   4.171999990940094E-001
        1.895099997520447
        2.720700025558472
   8.345999717712402E-001
   6.909999996423721E-002
   4.336000084877014E-001
        1.808400034904480
        2.444799900054932
        1.364300012588501
        3.309499979019165
        2.641999959945679
        2.224200010299683
   3.869000077247620E-001
       -2.008399963378906
       -1.113399982452393
  -3.777999877929688E-001
   3.183999955654144E-001
   9.290999770164490E-001
   8.881999850273132E-001
   6.833999752998352E-001
        2.522200107574463
        1.540799975395203
   6.935999989509583E-001
  -5.094000101089478E-001
   7.880000025033951E-002
   9.542000293731690E-001
        1.541499972343445
        1.086300015449524
        1.168200016021729
  -4.686000049114227E-001
   4.485999941825867E-001
        1.225100040435791
   6.632999777793884E-001
        1.301100015640259
        1.363499999046326
        1.973999977111816
        3.592799901962280
        1.275300025939941
        1.190099954605103
   8.179000020027161E-001
  -2.384999990463257E-001
  -2.089999988675118E-002
       -1.582499980926514
       -3.426300048828125
       -4.291699886322022
       -1.082299947738648
  -7.312999963760376E-001
  -9.922000169754028E-001
       -2.933799982070923
       -3.079499959945679
       -1.472900032997131
  -5.963000059127808E-001
  -1.014000028371811E-001
   2.199999988079071E-003
   2.249000072479248E-001
   2.711000144481659E-001
   5.169000029563904E-001
  -7.439000010490418E-001
  -6.506999731063843E-001
   9.577000141143799E-001
  -6.270000338554382E-002
   6.891000270843506E-001
        1.595199942588806
   2.190000005066395E-002
  -7.753999829292297E-001
   4.794000089168549E-001
        1.392500042915344
        1.981299996376038
   5.329999923706055E-001
        1.808599948883057
        2.305099964141846
        1.508200049400330
  -8.934999704360962E-001
       -2.310199975967407
       -1.727699995040894
  -5.059999823570252E-001
  -1.361999958753586E-001
        1.208799958229065
        1.536800026893616
        1.485100030899048
        2.444799900054932
        1.350299954414368
   5.576999783515930E-001
   3.959000110626221E-001
  -7.178999781608582E-001
   4.377999901771545E-001
   9.347000122070313E-001
   4.801999926567078E-001
        1.092900037765503
   5.224999785423279E-001
        1.463700056076050
   8.935999870300293E-001
        2.003499984741211
  -9.790000319480896E-002
        1.450399994850159
        2.653800010681152
        1.674600005149841
   5.763000249862671E-001
  -1.449999958276749E-001
  -1.825000047683716E-001
   7.006000280380249E-001
   6.646000146865845E-001
       -1.605599999427795
       -2.485899925231934
       -2.965800046920776
       -1.821300029754639
       -1.237800002098084
       -1.911000013351440
       -1.819900035858154
       -3.171400070190430
       -2.553200006484985
  -7.940000295639038E-002
  -4.069999977946281E-002
       -1.135900020599365
  -2.967000007629395E-001
  -5.229999870061874E-002
       -1.497300028800964
       -1.797199964523315
  -5.370000004768372E-001
   1.738999933004379E-001
   8.083000183105469E-001
        1.077999949455261
   8.905000090599060E-001
        1.050699949264526
        1.144799947738648
        2.117000102996826
        1.928200006484985
        1.764700055122376
        1.065099954605103
   7.106999754905701E-001
        1.764099955558777
  -5.900000035762787E-002
       -2.172300100326538
       -2.223200082778931
       -1.463199973106384
  -7.437999844551086E-001
        1.814700007438660
        1.080999970436096
        2.319299936294556
        1.588000059127808
        1.487800002098084
   6.406999826431274E-001
   9.172999858856201E-001
   9.809999912977219E-002
  -9.301999807357788E-001
  -3.447999954223633E-001
       -1.181200027465820
   3.240000009536743E-001
        1.326200008392334
   8.986999988555908E-001
   8.047999739646912E-001
   8.835999965667725E-001
  -4.273999929428101E-001
   1.128000020980835E-001
   4.424000084400177E-001
   5.868999958038330E-001
        1.238499999046326
   3.334000110626221E-001
   5.727000236511231E-001
   1.571999937295914E-001
   5.235000252723694E-001
   4.880000054836273E-001
   4.936999976634979E-001
       -2.456399917602539
       -2.732399940490723
   2.730000019073486E-001
   3.883000016212463E-001
   1.372999995946884E-001
  -1.429000049829483E-001
       -2.645100116729736
       -1.305400013923645
   5.170999765396118E-001
  -3.524000048637390E-001
   5.278000235557556E-001
  -7.610999941825867E-001
       -1.026999950408936
  -8.946999907493591E-001
  -5.572000145912170E-001
        1.474499940872192
        1.528900027275085
        2.224200010299683
        2.010799884796143
        2.815200090408325
        3.756200075149536
        1.971500039100647
        1.360299944877625
        1.753900051116943
        1.125000000000000
   5.335999727249146E-001
   5.716999769210815E-001
   8.435999751091003E-001
  -7.559999823570252E-002
  -4.914999902248383E-001
       -1.625000000000000
  -2.685999870300293E-001
        2.313199996948242
   8.184000253677368E-001
   9.398000240325928E-001
        1.389999985694885
        1.945600032806397
   8.758999705314636E-001
   7.164000272750855E-001
        1.289199948310852
        1.251099944114685
   5.171999931335449E-001
   5.026000142097473E-001
  -8.037999868392944E-001
   2.119999937713146E-002
        1.686900019645691
        1.473600029945374
        1.674000024795532
        1.150799989700317
   6.534000039100647E-001
       -1.682899951934815
   5.770000219345093E-001
        1.244099974632263
        1.595800042152405
        1.298499941825867
  -4.722999930381775E-001
        1.630800008773804
   8.927000164985657E-001
   6.199999898672104E-002
  -3.946000039577484E-001
  -9.253000020980835E-001
       -1.957800030708313
        1.421700000762940
   8.468999862670898E-001
   3.776000142097473E-001
  -1.127000004053116E-001
  -7.760000228881836E-002
   9.412999749183655E-001
   7.146999835968018E-001
   4.666999876499176E-001
  -1.765999943017960E-001
  -3.100000089034438E-003
   5.119000077247620E-001
   3.519000113010407E-001
        1.837700009346008
        2.706000089645386
        3.968600034713745
        1.644600033760071
        2.153800010681152
        1.437800049781799
        2.548000097274780
        2.388099908828735
        2.081700086593628
        1.171700000762940
        1.901200056076050
   5.561000108718872E-001
  -1.871999949216843E-001
   5.600000172853470E-002
   9.999999776482582E-003
        1.054499983787537
  -2.317000031471252E-001
  -1.993000060319901E-001
        1.152999997138977
        2.792999982833862
        1.503900051116943
   7.491000294685364E-001
        1.778800010681152
        2.411299943923950
        1.438799977302551
   7.869999855756760E-002
   5.156999826431274E-001
        1.127500057220459
   2.721999883651733E-001
   9.362999796867371E-001
   1.322000026702881E-001
   3.661000132560730E-001
        2.255800008773804
        2.330499887466431
        1.450500011444092
        1.146900057792664
  -9.822000265121460E-001
   4.537999927997589E-001
  -2.973000109195709E-001
        1.216199994087219
   5.005999803543091E-001
   8.628000020980835E-001
   9.419000148773193E-001
  -2.646000087261200E-001
   2.536999881267548E-001
   4.287999868392944E-001
   8.145999908447266E-001
  -9.297999739646912E-001
  -2.109999954700470E-002
   5.044999718666077E-001
   4.789999872446060E-002
   9.695000052452087E-001
        1.233500003814697
        1.562299966812134
        1.949300050735474
        1.743000030517578
  -5.892000198364258E-001
   8.493000268936157E-001
   9.952999949455261E-001
        1.568400025367737
        2.977200031280518
        2.054500102996826
        3.263299942016602
        2.375900030136108
        2.430500030517578
   8.331999778747559E-001
        1.965399980545044
        2.850399971008301
        2.016200065612793
   5.846999883651733E-001
        1.592599987983704
        2.042799949645996
  -6.072000265121460E-001
  -9.441000223159790E-001
  -6.000000052154064E-003
   7.035999894142151E-001
  -8.399999700486660E-003
  -4.000000059604645E-001
   9.031000137329102E-001
   5.080000162124634E-001
  -7.268999814987183E-001
   4.645000100135803E-001
        1.875200033187866
        1.950099945068359
   2.050999999046326E-001
  -2.243999987840653E-001
  -2.710000053048134E-002
   6.909999996423721E-002
   7.349999994039536E-002
  -2.194000035524368E-001
   1.129999980330467E-001
   9.308999776840210E-001
        1.942399978637695
        1.229900002479553
        2.312099933624268
        1.633000016212463
        1.327100038528442
   6.614000201225281E-001
        1.065999984741211
   2.178999930620194E-001
        1.848999977111816
        1.199499964714050
  -1.899999976158142E-001
   6.499999761581421E-001
  -3.350000083446503E-002
  -2.046999931335449E-001
       -2.095099925994873
       -1.995599985122681
   7.150999903678894E-001
   8.956000208854675E-001
   5.127999782562256E-001
        2.032799959182739
   4.738999903202057E-001
   7.581999897956848E-001
        2.451100111007690
        1.012300014495850
   5.949000120162964E-001
  -2.600000053644180E-002
   6.678000092506409E-001
        1.671900033950806
        2.130100011825562
        2.444700002670288
   6.140999794006348E-001
        1.498299956321716
        2.765399932861328
   9.118999838829041E-001
        1.211699962615967
        1.999199986457825
        1.225100040435791
  -3.380999863147736E-001
   4.652000069618225E-001
  -4.679999873042107E-002
       -1.380499958992004
  -8.123999834060669E-001
       -1.842000007629395
       -2.186599969863892
       -1.469699978828430
  -3.840999901294708E-001
  -2.755999863147736E-001
   4.636000096797943E-001
       -1.557500004768372
   2.434999942779541E-001
   7.556999921798706E-001
  -1.358000040054321E-001
  -8.493999838829041E-001
  -7.411999702453613E-001
   4.850000143051148E-002
  -4.844999909400940E-001
       -1.350999951362610
  -4.736999869346619E-001
   5.424000024795532E-001
       -1.018100023269653
        1.498100042343140
        2.304300069808960
        2.042900085449219
        3.395999908447266
        2.337399959564209
        1.544600009918213
   3.560000061988831E-001
        1.475200057029724
   7.768999934196472E-001
        1.569100022315979
   5.260999798774719E-001
  -3.795000016689301E-001
       -1.730700016021729
       -1.398900032043457
       -1.947299957275391
       -1.589300036430359
   4.419999942183495E-002
   6.660000234842300E-002
   3.987999856472015E-001
   8.860999941825867E-001
   1.979999989271164E-001
   4.668000042438507E-001
        1.464800000190735
        1.883900046348572
       -1.154899954795837
   6.225000023841858E-001
  -2.078000009059906E-001
        1.255300045013428
        2.699100017547607
   9.646000266075134E-001
   3.161999881267548E-001
        1.654700040817261
        2.306499958038330
        1.814599990844727
        2.068599939346314
        2.397500038146973
        1.194000005722046
   6.959000229835510E-001
   4.959999918937683E-001
  -1.620000042021275E-002
  -5.629999935626984E-002
  -3.427999913692474E-001
       -3.183700084686279
       -1.866299986839294
       -1.910599946975708
  -7.092999815940857E-001
  -6.966000199317932E-001
   6.919999718666077E-001
  -2.928000092506409E-001
       -1.233199954032898
  -7.289000153541565E-001
   1.449999958276749E-001
  -8.550999760627747E-001
  -8.797000050544739E-001
   2.422000020742416E-001
       -1.136399984359741
       -1.045799970626831
  -5.138000249862671E-001
  -7.725999951362610E-001
   8.626000285148621E-001
        2.511499881744385
        1.747699975967407
   7.454000115394592E-001
   4.126999974250794E-001
        2.198400020599365
        2.276900053024292
   8.743000030517578E-001
        1.609200000762940
   3.420000076293945E-001
        1.056599974632263
   1.018000021576881E-001
       -1.182399988174439
       -3.451299905776978
       -3.003299951553345
       -2.329299926757813
       -3.040699958801270
       -1.824399948120117
  -9.959999918937683E-001
  -3.000999987125397E-001
   7.695999741554260E-001
   6.772000193595886E-001
        1.205700039863586
   5.917000174522400E-001
  -2.417999953031540E-001
       -1.768200039863586
  -4.968999922275543E-001
        2.209599971771240
        1.382599949836731
   9.318000078201294E-001
  -6.043999791145325E-001
        1.308200001716614
        1.110900044441223
        2.475300073623657
   5.690000057220459E-001
   6.707000136375427E-001
        1.754199981689453
        2.073499917984009
   6.255000233650208E-001
   5.371000170707703E-001
  -9.690000116825104E-002
  -2.199999988079071E-003
   1.160999983549118E-001
  -8.263999819755554E-001
       -1.575600028038025
  -7.271999716758728E-001
   7.192999720573425E-001
  -4.359999895095825E-001
  -3.704999983310700E-001
       -1.585800051689148
       -1.887799978256226
   7.440000027418137E-002
       -2.325299978256226
  -8.130999803543091E-001
       -1.231899976730347
  -8.482000231742859E-001
  -8.619999885559082E-001
  -9.358000159263611E-001
   2.203000038862228E-001
   5.381000041961670E-001
   8.109999895095825E-001
        2.236200094223023
        1.652300000190735
   8.777999877929688E-001
  -3.515000045299530E-001
        2.137300014495850
        1.211599946022034
  -3.528000116348267E-001
  -4.126999974250794E-001
  -7.734000086784363E-001
  -3.770999908447266E-001
  -6.352999806404114E-001
       -2.175800085067749
       -2.317899942398071
       -1.612800002098084
       -2.374500036239624
       -3.495300054550171
       -1.976400017738342
       -1.335299968719482
   5.062000155448914E-001
        1.901700019836426
        2.068300008773804
        1.509899973869324
   4.742000102996826E-001
  -6.280999779701233E-001
       -1.188199996948242
   3.806999921798706E-001
        1.615800023078919
        1.901399970054627
        2.414999961853027
   7.560999989509583E-001
  -5.842999815940857E-001
        2.872299909591675
        2.237799882888794
   7.254999876022339E-001
        1.739699959754944
        1.708299994468689
        2.331799983978272
        1.712100028991699
   2.328000068664551E-001
       -1.286299943923950
  -7.796999812126160E-001
       -1.252400040626526
       -1.147699952125549
       -2.060199975967407
  -9.524999856948853E-001
   6.118999719619751E-001
       -1.468299984931946
  -2.888999879360199E-001
       -1.398900032043457
  -7.652000188827515E-001
  -1.580999940633774E-001
       -2.205899953842163
  -8.443999886512756E-001
  -8.913999795913696E-001
       -1.652600049972534
   1.360999941825867E-001
  -4.169000089168549E-001
  -6.474999785423279E-001
  -5.257999897003174E-001
  -2.152999937534332E-001
        1.896100044250488
   8.823000192642212E-001
  -2.144999951124191E-001
  -8.479999750852585E-002
  -7.447000145912170E-001
  -1.076000034809113E-001
  -6.452999711036682E-001
       -1.191900014877319
       -1.489500045776367
       -1.262699961662293
   2.278999984264374E-001
       -1.912600040435791
  -9.212999939918518E-001
   5.680000036954880E-002
  -9.534000158309937E-001
       -2.997699975967407
   8.889999985694885E-002
   4.589999914169312E-001
   7.534000277519226E-001
        2.434600114822388
        1.993600010871887
        1.615100026130676
   7.659999728202820E-001
   6.319999694824219E-002
   3.754000067710877E-001
   5.246000289916992E-001
        1.603299975395203
        1.442800045013428
        1.824100017547607
   5.496000051498413E-001
        2.322400093078613
        3.134799957275391
        3.684499979019165
        2.869299888610840
        1.754400014877319
        2.011699914932251
        1.483700037002564
        1.888599991798401
        1.334900021553040
       -1.144099950790405
       -1.426399946212769
  -4.490999877452850E-001
       -1.644000053405762
       -1.560099959373474
       -2.039099931716919
       -2.188800096511841
  -9.756000041961670E-001
       -1.601300001144409
       -1.471500039100647
   1.376000046730042E-001
        1.092700004577637
  -5.789999961853027E-001
       -1.533900022506714
       -1.258200049400330
       -1.458299994468689
       -1.078500032424927
  -1.237000003457069E-001
   8.070000261068344E-002
   6.258000135421753E-001
   2.671999931335449E-001
   6.607000231742859E-001
        1.487599968910217
  -2.444999963045120E-001
   3.273000121116638E-001
  -8.116999864578247E-001
       -1.132500052452087
       -1.748000025749207
       -1.094099998474121
       -1.251199960708618
   5.189999938011169E-001
   3.034999966621399E-001
       -2.101099967956543
       -2.429800033569336
       -1.061200022697449
       -1.039000034332275
       -3.846299886703491
  -6.590999960899353E-001
  -3.856000006198883E-001
        1.344400048255920
        1.725200057029724
        1.912799954414368
        1.955999970436096
        1.373900055885315
   1.905999928712845E-001
  -3.258999884128571E-001
   1.189000010490418E-001
        1.131100058555603
   4.598000049591065E-001
        1.621399998664856
        1.418799996376038
        2.348599910736084
        3.478899955749512
        4.330800056457520
        2.917700052261353
        1.601500034332275
        2.448299884796143
        1.425300002098084
        2.223999977111816
        1.936400055885315
   1.032999977469444E-001
  -9.750000238418579E-001
       -1.117300033569336
       -2.038399934768677
       -2.019799947738648
       -2.262200117111206
       -1.750399947166443
       -1.361299991607666
       -1.944000005722046
       -1.356299996376038
  -1.809999942779541E-001
  -1.335999965667725E-001
       -1.015100002288818
       -1.537600040435791
       -2.115400075912476
       -3.411099910736084
       -1.075600028038025
       -2.049599885940552
  -1.067000031471252E-001
   5.227000117301941E-001
        1.075199961662293
        1.256800055503845
       -1.006000041961670
  -9.861999750137329E-001
       -1.836199998855591
  -4.381999969482422E-001
  -5.152999758720398E-001
       -1.400799989700317
       -1.225900053977966
  -3.878000080585480E-001
   2.964000105857849E-001
       -1.076799988746643
       -1.250200033187866
       -2.171200037002564
  -6.596999764442444E-001
       -1.951200008392334
       -3.026999950408936
       -1.360499978065491
       -1.324499964714050
   4.018000066280365E-001
  -1.146999970078468E-001
        1.279199957847595
   2.691999971866608E-001
  -2.802999913692474E-001
  -3.467999994754791E-001
  -4.230999946594238E-001
  -3.977999985218048E-001
   4.056000113487244E-001
       -1.030300021171570
       -1.611799955368042
  -3.650999963283539E-001
   9.308000206947327E-001
        2.467499971389771
        3.109499931335449
        1.506500005722046
        2.575900077819824
        2.780800104141235
        1.349499940872192
   8.083999752998352E-001
   3.447000086307526E-001
  -3.610000014305115E-002
   3.837000131607056E-001
  -9.488000273704529E-001
       -1.843700051307678
       -2.999300003051758
       -2.710599899291992
       -1.805799961090088
  -6.631000041961670E-001
       -1.390799999237061
       -1.292199969291687
  -9.279999732971191E-001
  -5.992000102996826E-001
       -1.738399982452393
       -1.154899954795837
       -2.354599952697754
       -1.839200019836426
       -3.060899972915649
       -1.908400058746338
  -2.745000123977661E-001
        1.214599967002869
   7.462999820709229E-001
   4.720999896526337E-001
       -1.557199954986572
       -1.370300054550171
  -5.877000093460083E-001
   8.672999739646912E-001
  -3.892999887466431E-001
  -2.179999947547913E-001
  -2.451000064611435E-001
  -6.613000035285950E-001
   4.429000020027161E-001
   6.269000172615051E-001
  -8.526999950408936E-001
  -2.093999981880188E-001
  -9.870000183582306E-002
  -8.589000105857849E-001
  -2.601000070571899E-001
       -1.850700020790100
   6.340000033378601E-001
  -3.813000023365021E-001
   5.644999742507935E-001
   8.152999877929688E-001
  -9.853000044822693E-001
   1.594000011682510E-001
   2.126999944448471E-001
        1.824000000953674
        2.050499916076660
   3.506000041961670E-001
  -3.189999982714653E-002
       -1.543699979782105
   4.248000085353851E-001
  -8.048999905586243E-001
   7.770000100135803E-001
        1.525900006294251
        1.913900017738342
        1.814200043678284
        2.291899919509888
   2.160000056028366E-001
   9.125999808311462E-001
   9.000999927520752E-001
   6.924999952316284E-001
        1.707100033760071
  -9.969999790191650E-001
       -1.832299947738648
       -1.858100056648254
       -1.148599982261658
  -9.796000123023987E-001
       -1.049399971961975
  -4.711999893188477E-001
   4.273999929428101E-001
       -1.031499981880188
  -8.600000292062759E-002
       -1.593999981880188
       -2.066499948501587
       -1.534100055694580
       -1.343700051307678
       -2.086499929428101
       -1.367599964141846
   4.769999906420708E-002
        2.146399974822998
        1.095100045204163
  -3.582000136375427E-001
       -1.516199946403503
       -1.388399958610535
  -5.285000205039978E-001
  -2.099999971687794E-002
       -1.135499954223633
   8.101999759674072E-001
  -9.638000130653381E-001
   2.784999907016754E-001
        1.941400051116943
   6.050000190734863E-001
   5.236999988555908E-001
  -6.557000279426575E-001
  -6.575000286102295E-001
  -9.962999820709229E-001
       -1.332800030708313
   3.037000000476837E-001
       -1.267099976539612
   3.592999875545502E-001
        1.211500048637390
   5.469999834895134E-002
   2.180999964475632E-001
  -4.289000034332275E-001
        2.073699951171875
        1.640300035476685
        1.329499959945679
   6.385999917984009E-001
   9.591000080108643E-001
   3.098999857902527E-001
  -6.309000253677368E-001
  -7.172999978065491E-001
  -9.377999901771545E-001
  -4.800000041723251E-002
   3.999999910593033E-002
        1.123600006103516
        2.555799961090088
   2.164999991655350E-001
   3.454000055789948E-001
   3.668999969959259E-001
   3.865999877452850E-001
   9.284999966621399E-001
   4.000000189989805E-003
       -2.538700103759766
       -1.063799977302551
  -3.181999921798706E-001
  -3.876000046730042E-001
  -5.878000259399414E-001
       -2.034399986267090
  -5.605000257492065E-001
   7.644000053405762E-001
   4.463999867439270E-001
       -2.088799953460693
       -1.760100007057190
  -8.887000083923340E-001
   1.445000022649765E-001
  -2.028000056743622E-001
   7.807999849319458E-001
   8.852000236511231E-001
        1.854200005531311
        2.019000053405762
   5.411999821662903E-001
        1.244199991226196
   1.200999990105629E-001
   2.849000096321106E-001
       -1.027600049972534
   8.720000088214874E-002
   5.684999823570252E-001
  -6.899999976158142E-001
        1.174100041389465
        2.707000017166138
   2.928000092506409E-001
        1.226999998092651
        1.455800056457520
   3.495000004768372E-001
       -1.021600008010864
       -2.397599935531616
  -8.718000054359436E-001
  -4.539000093936920E-001
  -3.077999949455261E-001
  -4.325999915599823E-001
       -1.256800055503845
       -1.470100045204163
   1.747000068426132E-001
   2.322999984025955E-001
  -7.824000120162964E-001
  -9.912999868392944E-001
   3.594999909400940E-001
   1.900999993085861E-001
        1.847399950027466
  -6.322000026702881E-001
  -8.341000080108643E-001
  -7.436000108718872E-001
       -2.360199928283691
   4.559000134468079E-001
  -4.762000143527985E-001
  -8.719999790191650E-001
       -1.047999978065491
   2.081000059843063E-001
  -3.682999908924103E-001
  -4.259999990463257E-001
        1.408699989318848
       -1.333099961280823
   2.096000015735626E-001
  -6.837999820709229E-001
   2.703999876976013E-001
  -7.602999806404114E-001
  -6.593999862670898E-001
       -1.924600005149841
       -1.410699963569641
  -3.831000030040741E-001
  -1.296000033617020E-001
       -1.989099979400635
  -5.830000042915344E-001
  -3.800000064074993E-003
   7.049000263214111E-001
   5.469999909400940E-001
   2.673999965190888E-001
   3.788999915122986E-001
        1.562800049781799
        2.442199945449829
        1.151999950408936
        2.318300008773804
        1.796100020408630
   4.029000103473663E-001
   2.208999991416931E-001
        2.245100021362305
        1.241899967193604
  -3.472999930381775E-001
        1.441699981689453
        1.051100015640259
        1.134999990463257
        1.000000000000000
        2.099699974060059
   4.571000039577484E-001
  -4.226999878883362E-001
       -1.565000057220459
       -2.186300039291382
  -6.506000161170960E-001
   1.013000011444092E-001
  -4.025000035762787E-001
       -2.154700040817261
       -1.576599955558777
       -1.456300020217896
       -1.676100015640259
       -1.059399962425232
  -5.565999746322632E-001
  -4.264999926090241E-001
  -4.397000074386597E-001
   6.240000128746033E-001
  -1.633999943733215E-001
   5.088999867439270E-001
       -1.275500059127808
  -9.720000028610230E-001
  -4.260999858379364E-001
   6.133000254631043E-001
  -9.697999954223633E-001
       -1.515400052070618
       -1.371299982070923
  -7.681000232696533E-001
       -1.416200041770935
       -1.133800029754639
       -1.346799969673157
       -1.762400031089783
       -1.449900031089783
  -9.857000112533569E-001
   7.049999833106995E-001
   9.589999914169312E-002
       -2.319299936294556
       -1.463199973106384
  -8.748999834060669E-001
       -1.450999975204468
       -1.434100031852722
   1.974000036716461E-001
        1.110900044441223
  -3.125999867916107E-001
   7.177000045776367E-001
        1.407099962234497
        1.046700000762940
   4.620000123977661E-001
        2.865000009536743
        2.911900043487549
        3.616400003433228
        3.495399951934815
        1.758200049400330
   7.473999857902527E-001
        2.269299983978272
        1.981500029563904
   5.727000236511231E-001
        1.703899979591370
   8.755999803543091E-001
        1.691100001335144
        2.268199920654297
        1.224400043487549
        1.142099976539612
   9.804999828338623E-001
  -1.907999962568283E-001
       -1.497300028800964
       -1.337100028991699
  -3.693999946117401E-001
  -7.835999727249146E-001
       -2.230799913406372
       -1.886100053787231
       -1.137799978256226
       -2.124300003051758
  -9.212999939918518E-001
  -4.754999876022339E-001
  -9.830000251531601E-002
   3.939000070095062E-001
   2.364999949932098E-001
  -1.103999987244606E-001
   5.203999876976013E-001
  -2.885000109672546E-001
   5.184999704360962E-001
        1.363800048828125
   8.895999789237976E-001
  -9.855999946594238E-001
       -1.663599967956543
       -2.500000000000000
       -1.172399997711182
       -1.508999943733215
       -2.488600015640259
       -1.630699992179871
       -1.970299959182739
       -1.947999954223633
       -1.541000008583069
  -3.684999942779541E-001
       -1.199800014495850
       -1.508999943733215
       -1.598399996757507
       -1.298099994659424
       -1.426300048828125
       -1.369199991226196
  -6.783000230789185E-001
   6.348999738693237E-001
  -2.985999882221222E-001
   9.408000111579895E-001
   2.903999984264374E-001
  -5.509999990463257E-001
   8.021000027656555E-001
        2.807499885559082
        2.532399892807007
        2.464400053024292
        2.809499979019165
        2.484100103378296
        2.951900005340576
        2.727699995040894
        1.021399974822998
        1.121700048446655
   9.470999836921692E-001
   9.969000220298767E-001
        1.803099989891052
   7.839999794960022E-001
        1.305099964141846
   8.690999746322632E-001
   2.061000019311905E-001
        2.051800012588501
       -1.185400009155273
  -6.237999796867371E-001
       -3.031899929046631
       -3.575200080871582
       -1.831699967384338
       -1.310799956321716
       -3.075000047683716
       -1.995499968528748
  -8.628000020980835E-001
   4.185000061988831E-001
   4.499999806284905E-003
  -4.771000146865845E-001
   4.287999868392944E-001
  -9.987000226974487E-001
  -3.749000132083893E-001
   5.173000097274780E-001
        1.453199982643127
   6.177999973297119E-001
  -5.170999765396118E-001
  -1.501999944448471E-001
       -1.626299977302551
       -2.795900106430054
       -1.491600036621094
       -2.371700048446655
       -2.497400045394898
       -1.648599982261658
       -2.131500005722046
  -9.980999827384949E-001
       -1.176499962806702
       -1.087100028991699
       -1.819000005722046
       -3.054199934005737
       -1.333799958229065
       -1.532500028610230
  -1.213999986648560E-001
       -1.665199995040894
       -1.235000014305115
       -1.980800032615662
  -6.409000158309937E-001
        1.020900011062622
   1.414999961853027E-001
  -6.126000285148621E-001
   5.960999727249146E-001
        2.233900070190430
        2.134599924087524
        1.304399967193604
        1.542099952697754
        2.620500087738037
        4.725900173187256
        2.542200088500977
        1.545899987220764
        1.279199957847595
   9.370999932289124E-001
        1.975000023841858
        2.342799901962280
        1.603000044822693
        1.613100051879883
        2.011699914932251
        3.512399911880493
        2.882100105285645
       -1.744699954986572
       -2.308300018310547
       -2.678600072860718
       -3.878700017929077
       -2.922199964523315
       -3.541300058364868
       -1.275799989700317
  -9.654999971389771E-001
  -8.220000267028809E-001
   2.904999852180481E-001
  -4.603999853134155E-001
       -1.284899950027466
   9.359999746084213E-002
  -4.120999872684479E-001
  -3.849999979138374E-002
  -2.308000028133392E-001
   5.248000025749207E-001
   4.839999973773956E-001
  -6.696000099182129E-001
  -8.161000013351440E-001
       -1.039199948310852
       -2.312500000000000
       -1.937800049781799
       -3.801899909973145
       -1.152699947357178
       -2.274699926376343
       -1.907699942588806
       -2.306299924850464
   5.971000194549561E-001
  -7.228000164031982E-001
       -1.283400058746338
       -1.329599976539612
       -3.209300041198731
       -1.139600038528442
       -1.421599984169006
       -1.293099999427795
       -2.016499996185303
  -9.078000187873840E-001
  -4.022000133991242E-001
  -3.553000092506409E-001
  -1.740999966859818E-001
  -5.439000129699707E-001
   1.922000050544739E-001
   3.242000043392181E-001
        1.857699990272522
        1.203199982643127
        1.674999952316284
        1.104599952697754
   7.717999815940857E-001
        2.518899917602539
        2.242899894714356
        1.060299992561340
        1.510300040245056
        1.194399952888489
        1.403699994087219
        2.538199901580811
        3.058000087738037
        2.776499986648560
        3.726099967956543
        4.945700168609619
       -2.129600048065186
  -3.804999887943268E-001
       -1.649899959564209
       -2.971499919891357
       -2.151900053024292
       -1.992799997329712
       -1.421200037002564
  -6.061000227928162E-001
       -1.764500021934509
       -1.185299992561340
       -1.425300002098084
       -1.774099946022034
   3.307999968528748E-001
  -6.999999750405550E-004
  -2.085999995470047E-001
  -4.104000031948090E-001
   5.291000008583069E-001
   2.551000118255615E-001
   6.514000296592712E-001
   3.889999911189079E-002
  -4.381999969482422E-001
       -1.698600053787231
       -3.127099990844727
       -2.854899883270264
  -8.320000022649765E-002
       -1.351400017738342
       -1.344699978828430
  -8.452000021934509E-001
        1.630499958992004
   7.821999788284302E-001
  -1.641000062227249E-001
       -2.932800054550171
       -2.188299894332886
  -8.434000015258789E-001
       -1.336199998855591
  -4.898999929428101E-001
       -1.003499984741211
       -2.212399959564209
       -2.690000057220459
  -1.234999969601631E-001
   1.999000012874603E-001
  -4.043000042438507E-001
       -1.147699952125549
   2.123000025749207E-001
        1.150599956512451
   6.409000158309937E-001
        1.411299943923950
        1.029999971389771
  -1.590000092983246E-002
        3.904200077056885
        2.293299913406372
        1.286499977111816
   2.736999988555908E-001
        1.772300004959106
        1.412199974060059
        3.448699951171875
        2.113199949264526
        3.026599884033203
        3.954200029373169
        3.980600118637085
   1.190999969840050E-001
       -1.832100033760071
       -1.311800003051758
       -2.801800012588501
       -2.138200044631958
       -2.080300092697144
       -1.319399952888489
  -6.302999854087830E-001
   7.160000205039978E-001
  -3.165999948978424E-001
   4.309999942779541E-002
  -3.649999946355820E-002
   3.720999956130981E-001
        1.714800000190735
   1.367000043392181E-001
   1.763000041246414E-001
   9.362999796867371E-001
        1.239599943161011
  -4.228000044822693E-001
  -5.706999897956848E-001
  -8.593999743461609E-001
       -2.288100004196167
       -2.959800004959106
       -2.348700046539307
       -1.008299946784973
  -7.914999723434448E-001
  -9.624000191688538E-001
       -3.096199989318848
  -7.940000295639038E-002
  -4.397000074386597E-001
       -1.085999965667725
       -3.028599977493286
       -1.585399985313416
  -9.183999896049500E-001
  -2.127999961376190E-001
   2.405000030994415E-001
   4.751999974250794E-001
       -1.396600008010864
       -1.738700032234192
       -1.600900053977966
  -7.716000080108643E-001
       -1.651700019836426
       -2.020499944686890
  -5.879999995231628E-001
   3.352000117301941E-001
        2.633899927139282
        1.760800004005432
        1.682399988174439
   8.574000000953674E-001
        2.344000101089478
        2.055000066757202
        2.372900009155273
   7.630000114440918E-001
        1.179399967193604
        2.799599885940552
        3.175199985504150
        2.945300102233887
        4.625999927520752
        3.531699895858765
        3.862799882888794
  -5.859000086784363E-001
  -3.194000124931335E-001
  -9.197999835014343E-001
       -1.007699966430664
       -1.609200000762940
       -1.737100005149841
       -1.071200013160706
  -8.847000002861023E-001
   4.876999855041504E-001
   9.980000257492065E-001
        1.713700056076050
        2.210799932479858
        1.277400016784668
        1.283699989318848
        2.397200107574463
        1.535400032997131
        1.347000002861023
        1.577299952507019
        1.173599958419800
   1.380999982357025E-001
  -9.811999797821045E-001
       -1.977900028228760
       -3.445399999618530
       -2.904099941253662
  -7.357000112533569E-001
       -2.004600048065186
       -1.313699960708618
       -1.854200005531311
       -1.837299942970276
       -2.996700048446655
       -3.022799968719482
       -1.991000056266785
       -3.071199893951416
       -2.260699987411499
       -1.600299954414368
       -1.274399995803833
       -1.128999948501587
       -1.131000041961670
       -2.090500116348267
  -3.291000127792358E-001
  -7.912999987602234E-001
       -1.547500014305115
       -1.475000023841858
       -2.281800031661987
  -1.421999931335449E-001
        2.611900091171265
        2.507999897003174
        1.666000008583069
        3.655400037765503
        2.033400058746338
        2.823699951171875
        2.834100008010864
        2.213900089263916
        2.612200021743774
        2.170000076293945
        3.183199882507324
        3.566400051116943
        3.539900064468384
        3.958300113677979
        2.401400089263916
  -4.359999895095825E-001
       -1.357399940490723
  -1.360000073909760E-001
  -9.588999748229981E-001
       -2.130500078201294
       -1.887500047683716
       -1.273800015449524
       -1.522699952125549
        1.399099946022034
        2.480700016021729
        2.682899951934815
        1.160799980163574
        1.063500046730042
   3.619000017642975E-001
   8.414999842643738E-001
   9.160000085830689E-001
   6.342999935150147E-001
  -1.559000015258789E-001
       -1.222000002861023
       -1.431399941444397
  -9.808999896049500E-001
       -2.521399974822998
       -1.833299994468689
       -1.008999943733215
  -6.492999792098999E-001
       -1.736299991607666
  -7.084000110626221E-001
       -2.932300090789795
       -4.781099796295166
       -2.999599933624268
       -2.173300027847290
       -3.367500066757202
       -3.347300052642822
       -1.685799956321716
       -1.251399993896484
  -1.862999945878983E-001
  -3.729000091552734E-001
       -3.121299982070923
  -9.416000247001648E-001
       -1.052600026130676
  -6.859999895095825E-001
  -4.891999959945679E-001
       -1.402500033378601
       -1.853099942207336
  -7.013999819755554E-001
        1.896399974822998
        2.044100046157837
        2.541500091552734
        3.440099954605103
        2.822299957275391
        2.592700004577637
        2.825200080871582
        3.366400003433228
        4.116399765014648
        3.432800054550171
        3.404400110244751
        3.646199941635132
        3.035599946975708
        3.522099971771240
        3.315200090408325
        1.724200010299683
   7.281000018119812E-001
  -1.527000069618225E-001
       -1.231199979782105
       -3.743000030517578
       -2.972199916839600
       -1.257799983024597
  -4.058000147342682E-001
        2.198800086975098
        2.414799928665161
        2.703099966049194
        1.396700024604797
        1.268900036811829
       -1.272699952125549
   3.441999852657318E-001
   1.802999973297119E-001
  -4.560000076889992E-002
   4.079999923706055E-001
       -1.458999991416931
  -7.906000018119812E-001
       -2.439800024032593
       -2.647599935531616
  -4.361000061035156E-001
       -1.216699957847595
       -1.868299961090088
       -2.254699945449829
       -1.409000039100647
       -2.289200067520142
       -3.348099946975708
       -2.219500064849854
       -3.011399984359741
       -2.409199953079224
       -2.220299959182739
  -8.991000056266785E-001
       -1.566699981689453
  -3.476000130176544E-001
   1.419000029563904E-001
       -1.240700006484985
  -9.078999757766724E-001
   4.715000092983246E-001
   7.584999799728394E-001
        1.148699998855591
        1.101400017738342
       -1.957999944686890
  -5.160000175237656E-002
        2.215399980545044
        2.126399993896484
        1.471500039100647
        3.433700084686279
        2.998199939727783
        4.470900058746338
        4.005300045013428
        4.488399982452393
        4.963799953460693
        5.029600143432617
        3.756799936294556
        2.098700046539307
        4.350200176239014
        2.572499990463257
        2.947099924087524
        1.266600012779236
   6.668000221252441E-001
  -2.933000028133392E-001
       -2.907399892807007
       -3.695399999618530
       -3.336800098419190
       -1.541800022125244
       -1.301499962806702
  -8.619999885559082E-002
        1.378499984741211
        1.811599969863892
        1.240000009536743
   6.019999980926514E-001
   2.508000135421753E-001
       -1.436599969863892
   3.111000061035156E-001
   2.721000015735626E-001
  -7.907000184059143E-001
  -6.710000336170197E-002
  -2.684000134468079E-001
  -9.438999891281128E-001
  -8.500000461935997E-003
   6.305000185966492E-001
        1.029999971389771
       -1.919000029563904
       -1.582100033760071
       -1.161100029945374
       -1.706400036811829
       -1.890400052070618
       -2.827699899673462
       -1.420400023460388
       -1.660899996757507
       -1.237300038337708
       -1.213500022888184
  -6.125000119209290E-001
  -4.347000122070313E-001
   2.675999999046326E-001
  -3.890999853610992E-001
       -1.072000026702881
   1.914999932050705E-001
   8.136000037193298E-001
   8.345999717712402E-001
        1.011899948120117
   2.648000121116638E-001
  -5.206999778747559E-001
   6.556000113487244E-001
        1.168799996376038
   8.307999968528748E-001
        3.317899942398071
        4.192800045013428
        5.325600147247315
        5.703499794006348
        5.493199825286865
        5.254300117492676
        4.984499931335449
        2.940599918365479
        2.100600004196167
        1.646800041198731
   8.040000200271606E-001
       -1.160199999809265
  -8.090000152587891E-001
  -3.088999986648560E-001
  -9.514999985694885E-001
       -1.332900047302246
       -1.604099988937378
       -2.134099960327148
       -3.460400104522705
       -2.451400041580200
       -1.054900050163269
   5.590000152587891E-001
        1.900099992752075
   6.122999787330627E-001
   7.325999736785889E-001
   4.830000177025795E-002
  -9.729999899864197E-001
  -8.465999960899353E-001
       -2.587599992752075
  -5.105000138282776E-001
   6.960999965667725E-001
   8.920000195503235E-001
   7.702999711036682E-001
        1.114400029182434
        1.007599949836731
        2.082299947738648
  -4.659000039100647E-001
  -3.424000144004822E-001
       -1.034700036048889
  -5.055000185966492E-001
       -2.695600032806397
       -2.832000017166138
       -1.717300057411194
       -1.060999989509583
       -1.724300026893616
       -1.433400034904480
   2.628000080585480E-001
   7.556999921798706E-001
  -1.991000026464462E-001
   2.949999868869782E-001
  -2.048999965190888E-001
  -2.441000044345856E-001
   4.140000045299530E-001
        1.016899943351746
   3.673000037670136E-001
  -6.039000153541565E-001
   5.626999735832214E-001
        1.065500020980835
        2.754300117492676
        3.396899938583374
        3.521500110626221
        3.617500066757202
        4.765900135040283
        5.854700088500977
        6.518300056457520
        4.264100074768066
        4.410799980163574
        2.445899963378906
        2.206500053405762
   9.689000248908997E-001
  -3.346999883651733E-001
       -1.704100012779236
  -6.480000019073486E-001
  -7.142999768257141E-001
   8.163999915122986E-001
       -1.256100058555603
       -1.332100033760071
       -2.841099977493286
       -3.028800010681152
  -1.180000044405460E-002
  -9.186000227928162E-001
   5.074999928474426E-001
  -1.999999955296516E-002
       -1.054800033569336
        2.199899911880493
   3.481999933719635E-001
       -1.276399970054627
   7.243000268936157E-001
   1.668999940156937E-001
        1.163699984550476
        1.029099941253662
        2.393699884414673
        1.129199981689453
        1.800099968910217
        2.419899940490723
   6.431999802589417E-001
   7.807000279426575E-001
   2.409999966621399E-001
   7.651000022888184E-001
   1.956000030040741E-001
       -1.517500042915344
  -6.133000254631043E-001
  -5.623999834060669E-001
  -4.571999907493591E-001
  -3.648999929428101E-001
  -9.034000039100647E-001
   6.250000000000000E-002
  -5.651000142097473E-001
        1.772500038146973
   3.650999963283539E-001
  -9.142000079154968E-001
  -6.161000132560730E-001
  -1.946000009775162E-001
  -9.340999722480774E-001
  -9.350000321865082E-002
        1.567999958992004
        1.083600044250488
   1.665000021457672E-001
   7.376999855041504E-001
        1.242100000381470
        3.379400014877319
        3.714699983596802
        4.364699840545654
        5.455399990081787
        4.903399944305420
        5.835499763488770
        4.660099983215332
        3.016200065612793
   2.064999938011169E-001
       -1.074100017547607
       -2.343400001525879
       -1.740000009536743
  -3.589999973773956E-001
   8.792999982833862E-001
   1.616999953985214E-001
   5.483999848365784E-001
   5.590000003576279E-002
  -5.622000098228455E-001
  -9.455000162124634E-001
  -6.922000050544739E-001
  -6.917999982833862E-001
  -5.663999915122986E-001
       -1.195199966430664
  -2.960000038146973E-001
  -8.640999794006348E-001
  -5.098000168800354E-001
  -3.016999959945679E-001
   3.456000089645386E-001
  -8.869999647140503E-002
   1.120999976992607E-001
        2.162899971008301
        1.973399996757507
        1.653900027275085
        1.100999951362610
   9.759999811649323E-002
   8.920000195503235E-001
        2.300400018692017
        1.394999980926514
        1.385699987411499
        1.322199940681458
   8.686000108718872E-001
  -5.138000249862671E-001
  -4.079999923706055E-001
       -2.294100046157837
  -9.614999890327454E-001
       -1.352100014686585
  -3.434000015258789E-001
  -1.900999993085861E-001
   9.081000089645386E-001
        1.322700023651123
  -4.571000039577484E-001
       -1.428599953651428
       -1.702299952507019
       -1.366000056266785
   5.095000267028809E-001
        1.113800048828125
   5.893999934196472E-001
   2.099999971687794E-002
        1.410699963569641
   6.708999872207642E-001
        1.535799980163574
        2.029599905014038
        3.978800058364868
        4.334099769592285
        5.290299892425537
        4.691100120544434
        4.382599830627441
        1.872200012207031
   7.419999688863754E-002
       -1.557600021362305
       -2.261800050735474
       -2.714499950408936
