  -4.654000103473663E-001
        1.406499981880188
        1.186400055885315
        1.192399978637695
  -6.626999974250794E-001
  -8.931999802589417E-001
       -1.161200046539307
  -9.192000031471252E-001
       -1.904299974441528
  -5.828999876976013E-001
  -1.316000074148178E-001
  -3.537999987602234E-001
  -7.100999951362610E-001
        1.019799947738648
  -2.064999938011169E-001
   1.195999979972839E-001
  -8.123999834060669E-001
  -4.474999904632568E-001
  -4.636999964714050E-001
  -7.300000190734863E-001
       -1.267500042915344
  -6.606000065803528E-001
   9.002000093460083E-001
   6.338999867439270E-001
   4.332000017166138E-001
  -1.816000044345856E-001
  -2.700000070035458E-003
   7.081000208854675E-001
        1.384299993515015
        1.878000020980835
        1.345000028610230
  -4.699999988079071E-001
   2.312999963760376E-001
  -5.116999745368958E-001
   5.889999866485596E-002
        1.027899980545044
        1.395099997520447
        1.621899962425232
        1.014799952507019
   8.862000107765198E-001
        1.887400031089783
   6.869000196456909E-001
   7.817999720573425E-001
   4.706000089645386E-001
   6.068000197410584E-001
        2.020600080490112
        1.812600016593933
   6.758999824523926E-001
   9.606999754905701E-001
        1.877699971199036
        3.143399953842163
        2.437999963760376
        2.645100116729736
        3.493000030517578
        1.735200047492981
        2.619199991226196
        1.201799988746643
   4.864999949932098E-001
   9.114999771118164E-001
        1.642300009727478
        1.042400002479553
        1.729599952697754
        1.299999952316284
        1.097000002861023
  -4.512000083923340E-001
  -1.306000053882599E-001
  -9.671000242233276E-001
        1.026000022888184
   6.740000247955322E-001
   5.760999917984009E-001
   1.985000073909760E-001
   3.181000053882599E-001
        1.129999995231628
        1.948099970817566
        2.241699934005737
        1.680999994277954
        2.167399883270264
  -6.643000245094299E-001
       -1.151200056076050
   2.283000051975250E-001
       -2.401700019836426
  -9.809999912977219E-002
        1.489300012588501
  -1.058000028133392E-001
  -9.669999778270721E-002
   7.002000212669373E-001
  -3.957999944686890E-001
  -2.854999899864197E-001
        1.041499972343445
        1.446499943733215
        1.762300014495850
   7.674999833106995E-001
        1.339499950408936
        2.048000097274780
        2.290100097656250
  -1.234999969601631E-001
   5.200000107288361E-002
   4.133000075817108E-001
        1.229599952697754
   6.814000010490418E-001
   2.131000012159348E-001
        1.044600009918213
       -1.810700058937073
  -4.275000095367432E-001
   3.853999972343445E-001
   6.529999971389771E-001
   8.522999882698059E-001
   7.639999687671661E-002
       -1.162400007247925
        1.275799989700317
        2.319000005722046
        3.141099929809570
        2.779099941253662
        2.584700107574463
        1.730100035667419
   7.290999889373779E-001
        1.373700022697449
        1.406100034713745
   9.165999889373779E-001
   4.905999898910523E-001
        1.531900048255920
        1.900900006294251
   6.065999865531921E-001
        1.330600023269653
  -6.144999861717224E-001
       -1.413800001144409
  -1.580000072717667E-001
  -1.420000009238720E-002
        1.164600014686585
        1.670699954032898
  -2.987000048160553E-001
        3.043800115585327
        1.919800043106079
        2.342400074005127
        3.041300058364868
        1.967599987983704
   4.539000093936920E-001
   3.260999917984009E-001
   6.547999978065491E-001
  -4.111999869346619E-001
  -9.635999798774719E-001
   3.267000019550324E-001
   8.593000173568726E-001
  -1.808000057935715E-001
       -1.826300024986267
       -1.365200042724609
       -1.291800022125244
  -7.893000245094299E-001
       -1.373399972915649
   3.583000004291534E-001
   9.054999947547913E-001
        1.686200022697449
   7.059000134468079E-001
        1.856299996376038
        1.128399968147278
  -1.292999982833862E-001
   2.309999987483025E-002
   6.205000281333923E-001
   1.528999954462051E-001
   1.305000036954880E-001
        1.459300041198731
   5.489000082015991E-001
       -2.039400100708008
       -1.926699995994568
   3.158000111579895E-001
   9.085000157356262E-001
   1.650999933481216E-001
   6.283000111579895E-001
  -5.209999904036522E-002
   5.702000260353088E-001
   6.348999738693237E-001
        2.429699897766113
        1.207700014114380
   8.194000124931335E-001
  -7.940000295639038E-002
   1.588000059127808E-001
        2.281500101089478
   9.283000230789185E-001
   2.644999921321869E-001
   7.680000364780426E-002
   1.339000016450882E-001
        1.449100017547607
        1.361500024795532
        1.829800009727478
  -8.033000230789185E-001
       -1.205199956893921
  -4.505000114440918E-001
        1.349699974060059
   6.897000074386597E-001
        2.043400049209595
        1.815899968147278
        2.521300077438355
        2.000000000000000
        3.135200023651123
        4.039400100708008
        2.435600042343140
        1.621000051498413
        1.753100037574768
        2.091900110244751
        1.047099947929382
   8.428000211715698E-001
   6.409999728202820E-002
   7.220000028610230E-001
  -3.452999889850617E-001
  -2.770000100135803E-001
       -1.635599970817566
       -1.832399964332581
       -1.396100044250488
  -9.756000041961670E-001
       -1.332299947738648
  -5.091000199317932E-001
   8.978999853134155E-001
   4.530999958515167E-001
        1.467599987983704
   8.615999817848206E-001
   5.361999869346619E-001
   5.106999874114990E-001
   5.461999773979187E-001
   3.415000140666962E-001
   3.740000128746033E-001
  -4.524999856948853E-001
       -1.124099969863892
       -1.817600011825562
  -8.833000063896179E-001
       -1.870599985122681
  -5.080000162124634E-001
        1.720499992370606
        1.636399984359741
   8.777999877929688E-001
   5.510000139474869E-002
  -4.131999909877777E-001
  -6.539999693632126E-002
        1.173200011253357
   8.798999786376953E-001
        1.011999964714050
        2.035200119018555
        1.631100058555603
   1.752000004053116E-001
       -1.574300050735474
  -5.300999879837036E-001
   2.264000028371811E-001
   3.443999886512756E-001
  -1.089000031352043E-001
   5.359999835491180E-002
   9.356999993324280E-001
  -1.414999961853027E-001
   2.143999934196472E-001
   7.696999907493591E-001
        1.408400058746338
        2.950500011444092
        3.488899946212769
        3.900000095367432
        2.496599912643433
        3.368299961090088
        4.726500034332275
        3.752700090408325
        2.692199945449829
        1.659800052642822
        1.880100011825562
   8.506000041961670E-001
  -3.937000036239624E-001
  -2.433000057935715E-001
        1.169100046157837
   7.357000112533569E-001
       -1.195700049400330
       -1.432299971580505
   2.769999951124191E-002
  -5.827999711036682E-001
       -2.338200092315674
   1.715999990701675E-001
   9.692999720573425E-001
        2.491100072860718
        1.361700057983398
  -4.393000006675720E-001
   8.393999934196472E-001
   3.677000105381012E-001
   9.750999808311462E-001
   4.921999871730804E-001
   8.392999768257141E-001
   3.824000060558319E-001
  -6.535000205039978E-001
       -2.485899925231934
  -6.345999836921692E-001
       -1.256100058555603
  -3.219000101089478E-001
   7.655000090599060E-001
        1.273499965667725
        1.280500054359436
        1.741299986839294
   6.881999969482422E-001
  -5.856999754905701E-001
  -7.779999822378159E-002
  -9.688000082969666E-001
   1.290999948978424E-001
  -3.061999976634979E-001
  -7.590000331401825E-002
   5.575000047683716E-001
   7.307000160217285E-001
  -9.742000102996826E-001
  -2.400000113993883E-003
   2.648999989032745E-001
        1.321200013160706
        1.372499942779541
        1.336500048637390
        1.177500009536743
  -5.400000140070915E-003
        1.177899956703186
        2.255899906158447
        1.730299949645996
        3.611799955368042
        5.313499927520752
        2.655800104141235
        3.752799987792969
        4.141200065612793
        4.269599914550781
        3.531800031661987
        4.030399799346924
        3.806600093841553
        1.521499991416931
   5.892000198364258E-001
  -4.977000057697296E-001
   2.831000089645386E-001
        1.309299945831299
        1.029000043869019
       -1.599400043487549
  -9.648000001907349E-001
  -4.510000050067902E-001
  -5.750000104308128E-002
   7.109000086784363E-001
        1.016299962997437
        1.616700053215027
        2.821000099182129
        1.156999945640564
   4.039999842643738E-002
   2.576000094413757E-001
  -1.846999973058701E-001
   9.203000068664551E-001
        1.208099961280823
   4.171999990940094E-001
   7.748000025749207E-001
  -2.125000059604645E-001
  -6.335999965667725E-001
  -3.926999866962433E-001
       -1.105700016021729
   8.725000023841858E-001
        2.544699907302856
        1.510800004005432
   4.119000136852264E-001
        2.258399963378906
        1.651000022888184
  -4.537999927997589E-001
       -1.795699954032898
  -7.275000214576721E-001
       -1.082100033760071
  -3.488999903202057E-001
   7.631999850273132E-001
        1.491799950599670
   1.217999979853630E-001
   3.810000121593475E-001
  -2.259999960660934E-001
   1.080000028014183E-001
        2.658600091934204
        1.675999999046326
   6.197999715805054E-001
   3.070999979972839E-001
        1.194900035858154
        1.164399981498718
        1.583400011062622
        2.312299966812134
        3.971499919891357
        3.856400012969971
        3.187400102615356
        2.598299980163574
        3.907599925994873
        3.608000040054321
        2.962899923324585
        2.514699935913086
        1.424600005149841
        2.458899974822998
   7.684000134468079E-001
   7.750000059604645E-002
   3.637000024318695E-001
   3.398999869823456E-001
  -4.399999976158142E-001
   7.552000284194946E-001
   1.027000024914742E-001
   1.158000007271767E-001
   3.860999941825867E-001
  -2.860000133514404E-001
   9.991999864578247E-001
        1.588600039482117
   7.098000049591065E-001
       -1.187299966812134
  -8.770999908447266E-001
       -1.285599946975708
  -2.146999984979630E-001
        1.030099987983704
        2.147200107574463
        1.295400023460388
   5.019000172615051E-001
   9.847000241279602E-001
        1.478299975395203
   3.151000142097473E-001
   1.879999935626984E-001
        2.898600101470947
        2.134900093078613
        1.955100059509277
        2.363600015640259
   7.038000226020813E-001
  -8.139999955892563E-002
   2.344000041484833E-001
  -8.690000176429749E-001
       -2.516200065612793
       -1.957499980926514
       -1.037799954414368
        2.329099893569946
        2.079200029373169
        1.877699971199036
   9.707999825477600E-001
   9.742000102996826E-001
  -1.437000036239624E-001
   8.830999732017517E-001
        1.848399996757507
        1.223000049591065
   6.933000087738037E-001
   9.925000071525574E-001
        2.196099996566773
        3.707299947738648
        2.114300012588501
        3.099999904632568
        1.746799945831299
        2.485100030899048
        2.245899915695190
        4.009500026702881
        2.813699960708618
        1.557199954986572
        2.267600059509277
        1.674299955368042
        2.901499986648560
   1.080000028014183E-001
  -2.718999981880188E-001
  -8.155999779701233E-001
  -1.981000006198883E-001
   8.952000141143799E-001
        1.467599987983704
        1.916300058364868
        1.250599980354309
   6.812999844551086E-001
   9.183999896049500E-001
        1.665599942207336
        1.866700053215027
   1.705999970436096E-001
  -9.323999881744385E-001
  -6.355999708175659E-001
       -1.118800044059753
  -4.524999856948853E-001
  -9.899999946355820E-002
   7.759000062942505E-001
   9.883999824523926E-001
  -2.888000011444092E-001
        1.119199991226196
   7.530000209808350E-001
   3.697000145912170E-001
   4.069999977946281E-002
        1.670300006866455
        1.896700024604797
        3.385600090026856
        2.435899972915649
   9.333000183105469E-001
  -3.195999860763550E-001
  -7.645999789237976E-001
       -1.299200057983398
       -3.264699935913086
       -1.140400052070618
       -1.108500003814697
   2.416000068187714E-001
        1.458400011062622
        1.079399943351746
        1.883999943733215
        1.364400029182434
  -3.458000123500824E-001
   8.082000017166138E-001
        1.080199956893921
        1.345700025558472
   7.531999945640564E-001
   6.018000245094299E-001
        2.451299905776978
        3.208100080490112
        1.440700054168701
        2.529700040817261
        1.200600028038025
        1.132400035858154
   1.513999998569489E-001
   2.728999853134155E-001
        1.024700045585632
        1.955000042915344
        2.905299901962280
        3.616499900817871
        2.150199890136719
        1.873299956321716
   2.845000028610230E-001
  -9.854000210762024E-001
   4.932000041007996E-001
        2.483299970626831
        3.576100111007690
        1.835999965667725
        2.407700061798096
        3.207400083541870
        2.673199892044067
        2.467200040817261
        1.932299971580505
   6.366000175476074E-001
  -5.099999904632568E-002
       -1.323600053787231
   3.366999924182892E-001
   1.852000057697296E-001
  -5.245000123977661E-001
        1.327700018882752
        1.289899945259094
        1.199800014495850
        1.506399989128113
   6.358000040054321E-001
        2.042399883270264
   5.322999954223633E-001
        1.342800021171570
        3.448499917984009
        2.951299905776978
        2.147200107574463
        1.382300019264221
        1.724200010299683
   6.649000048637390E-001
       -1.673400044441223
       -1.099799990653992
  -4.025999903678894E-001
   3.404999971389771E-001
   8.996999859809876E-001
        3.905600070953369
        2.704900026321411
        1.804399967193604
  -4.540000110864639E-002
  -2.116000056266785E-001
   8.105999827384949E-001
        1.224200010299683
  -3.445999920368195E-001
  -6.571999788284302E-001
   2.913999855518341E-001
        2.141900062561035
        1.409399986267090
        2.059700012207031
   8.174999952316284E-001
  -1.044000014662743E-001
  -3.043000102043152E-001
   9.250000119209290E-002
   6.714000105857849E-001
   4.785999953746796E-001
        1.127699971199036
   9.484000205993652E-001
        2.639199972152710
        2.083100080490112
        2.124599933624268
        1.788499951362610
        1.222000002861023
        1.336199998855591
        2.896699905395508
        3.056499958038330
        2.760099887847900
        3.494400024414063
        4.825699806213379
        5.302299976348877
        5.131899833679199
        1.761100053787231
        1.045600056648254
        1.014700055122376
   3.984999954700470E-001
   5.249999836087227E-002
        1.580999970436096
   4.742999970912933E-001
  -5.956000089645386E-001
   2.060000039637089E-002
   8.830999732017517E-001
   9.916999936103821E-001
   1.467999964952469E-001
   3.377000093460083E-001
        2.652400016784668
        1.704200029373169
        1.242699980735779
        2.050800085067749
        1.598399996757507
        1.405300021171570
        2.434099912643433
        1.892799973487854
   9.828000068664551E-001
  -2.370000071823597E-002
   5.738000273704529E-001
   9.366000294685364E-001
        1.912799954414368
        2.862799882888794
        1.969099998474121
   6.922000050544739E-001
  -1.129999980330467E-001
   8.522999882698059E-001
   8.550000190734863E-002
   3.149999976158142E-001
  -8.718000054359436E-001
  -3.458999991416931E-001
   1.042999997735024E-001
        1.212100028991699
        1.985399961471558
        1.741600036621094
  -2.108999937772751E-001
  -6.019999980926514E-001
   4.027999937534332E-001
  -2.603999972343445E-001
   6.906999945640564E-001
  -7.279999852180481E-001
  -7.914000153541565E-001
  -4.068999886512756E-001
        1.593899965286255
   9.350000023841858E-001
        1.020200014114380
        1.923200011253357
        2.127899885177612
        3.787800073623657
        3.708199977874756
        4.459799766540527
        4.720900058746338
        6.009900093078613
        6.295300006866455
        4.822100162506104
        4.364299774169922
        2.612299919128418
   3.749000132083893E-001
        1.618899941444397
   3.084000051021576E-001
   6.682999730110169E-001
        1.371999979019165
   9.082999825477600E-001
       -1.147799968719482
  -9.911999702453613E-001
   2.071000039577484E-001
        1.221500039100647
   7.190000265836716E-002
        2.255899906158447
   2.960000000894070E-002
        1.551800012588501
        1.606099963188171
        1.649000048637390
        1.921200037002564
        1.804800033569336
        1.449699997901917
   2.168000042438507E-001
  -6.438000202178955E-001
   4.553000032901764E-001
   2.874000072479248E-001
   7.281000018119812E-001
        2.195399999618530
        1.079699993133545
   5.700000002980232E-002
   6.852999925613403E-001
  -3.249999880790710E-001
        2.008599996566773
        2.195499897003174
   4.370999932289124E-001
       -1.759500026702881
       -1.049800038337708
       -1.317600011825562
   9.085999727249146E-001
        1.805799961090088
   7.918000221252441E-001
  -8.532999753952026E-001
       -1.218999981880188
  -4.019999876618385E-002
  -3.776000142097473E-001
  -1.330000013113022E-001
       -1.405900001525879
  -9.290999770164490E-001
  -8.809000253677368E-001
        2.283600091934204
        1.490599989891052
        1.534999966621399
        2.124200105667114
        3.384200096130371
        3.736500024795532
        5.413799762725830
        5.040400028228760
        5.205999851226807
        4.980100154876709
        5.843800067901611
        3.990000009536743
        4.303199768066406
        3.099299907684326
        1.493999958038330
        1.374799966812134
   5.461000204086304E-001
   9.139999747276306E-002
        1.319000005722046
        1.627400040626526
        1.305799961090088
  -3.290000185370445E-002
        1.474499940872192
   7.896999716758728E-001
        1.509999990463257
   8.256999850273132E-001
   3.176000118255615E-001
   4.501999914646149E-001
        1.254099965095520
        1.336500048637390
        1.258700013160706
   6.894000172615051E-001
   4.043000042438507E-001
  -8.391000032424927E-001
       -1.117799997329712
   9.926000237464905E-001
   7.735999822616577E-001
        1.801599979400635
        2.220099925994873
   9.305999875068665E-001
       -1.239599943161011
       -2.101099967956543
       -1.138100028038025
        1.879099965095520
        1.094300031661987
  -4.850000143051148E-001
       -1.729599952697754
       -2.026900053024292
   1.515000015497208E-001
   1.027999967336655E-001
   5.896999835968018E-001
       -1.166599988937378
       -2.001199960708618
       -1.130499958992004
  -9.646999835968018E-001
  -2.881999909877777E-001
   2.180000022053719E-002
       -2.465199947357178
       -1.294499993324280
  -2.953999936580658E-001
   3.767000138759613E-001
   9.004999995231628E-001
        2.515199899673462
        1.666399955749512
        1.720499992370606
        3.675699949264526
        3.874000072479248
        3.840199947357178
        3.807699918746948
        3.239000082015991
        3.244299888610840
        3.701100111007690
        2.812299966812134
        2.608099937438965
        2.042700052261353
   9.060999751091003E-001
        1.898100018501282
        1.560600042343140
        1.430500030517578
        1.062000036239624
        1.035899996757507
   7.736999988555908E-001
        1.201500058174133
   6.123999953269959E-001
  -3.070000112056732E-001
  -7.490000128746033E-001
        1.060799956321716
        1.143399953842163
   7.396000027656555E-001
        1.401299953460693
        2.857899904251099
        2.049599885940552
        1.569700002670288
   8.644000291824341E-001
   1.410000026226044E-001
   9.156000018119812E-001
  -1.807000041007996E-001
   7.167999744415283E-001
   8.550999760627747E-001
  -7.473000288009644E-001
       -2.006999969482422
       -1.511500000953674
       -1.613199949264526
   4.564999938011169E-001
   3.021999895572662E-001
  -3.420999944210053E-001
       -1.429800033569336
  -4.027999937534332E-001
  -2.937000095844269E-001
  -3.885000050067902E-001
  -9.168999791145325E-001
  -5.753999948501587E-001
       -2.159199953079224
  -8.500000461935997E-003
  -3.722999989986420E-001
  -1.370999962091446E-001
       -1.485299944877625
       -2.598200082778931
       -1.701900005340576
       -2.005399942398071
       -2.048799991607666
        1.015200018882752
        1.411299943923950
   3.316000103950501E-001
        1.221799969673157
        3.289000034332275
        3.162899971008301
        4.050300121307373
        3.192899942398071
        2.248899936676025
        2.415299892425537
        2.104300022125244
        3.201499938964844
        2.395299911499023
   1.495999991893768E-001
        1.226500034332275
        1.028699994087219
        2.204799890518189
        2.721899986267090
        2.526400089263916
   4.133000075817108E-001
   9.355000257492065E-001
        1.056699991226196
   6.385999917984009E-001
   3.000000142492354E-004
   8.005999922752380E-001
  -9.502000212669373E-001
  -5.350000262260437E-001
   3.504000008106232E-001
        1.231600046157837
        2.917999982833862
        2.902600049972534
        2.189100027084351
        2.067300081253052
        2.248600006103516
        1.450700044631958
       -1.212200045585632
  -3.260000050067902E-002
   8.034999966621399E-001
  -3.159999847412109E-002
       -2.006900072097778
       -2.732599973678589
   2.610000036656857E-002
        1.627400040626526
   8.731999993324280E-001
       -2.147799968719482
       -2.569000005722046
  -9.926999807357788E-001
       -1.748700022697449
       -1.170799970626831
       -1.335100054740906
  -6.802999973297119E-001
       -1.412799954414368
  -3.547999858856201E-001
  -1.279999967664480E-002
   3.228000104427338E-001
  -4.747999906539917E-001
       -1.639400005340576
       -2.036000013351440
       -2.485899925231934
  -6.370999813079834E-001
   7.505999803543091E-001
   3.880000114440918E-001
  -6.797999739646912E-001
   5.594000220298767E-001
        1.490599989891052
        2.329900026321411
        1.855800032615662
        1.702399969100952
   8.046000003814697E-001
        1.814599990844727
        1.624899983406067
        2.378000020980835
        2.290499925613403
        1.292799949645996
   7.450000047683716E-001
        1.221099972724915
        2.216799974441528
        2.777699947357178
        2.789499998092651
        2.974699974060059
        1.998800039291382
        1.586500048637390
   2.739000022411346E-001
  -3.460000082850456E-002
   4.893000125885010E-001
   8.760000020265579E-002
   4.212000072002411E-001
   4.884000122547150E-001
   4.106000065803528E-001
        3.412600040435791
        2.794100046157837
        3.646399974822998
        2.504199981689453
        1.784800052642822
   1.455000042915344E-001
        1.298200011253357
   6.719999909400940E-001
  -1.667000055313110E-001
       -1.106199979782105
       -2.401799917221069
       -2.900899887084961
       -2.388200044631958
   1.577000021934509E-001
  -8.367999792098999E-001
       -2.430299997329712
       -2.025099992752075
       -1.423499941825867
       -1.213500022888184
       -1.148599982261658
       -1.447199940681458
       -2.565900087356567
       -3.140500068664551
       -1.470800042152405
       -1.243600010871887
       -1.475200057029724
  -9.714000225067139E-001
       -1.787899971008301
  -4.429999887943268E-001
       -2.088399887084961
        2.284199953079224
   7.587000131607056E-001
  -3.296000063419342E-001
  -4.814999997615814E-001
   3.009999915957451E-002
   1.985000073909760E-001
   6.414999961853027E-001
  -4.869000017642975E-001
   8.644000291824341E-001
   6.463000178337097E-001
   9.904000163078308E-001
        1.248299956321716
        1.001700043678284
   8.912000060081482E-001
  -3.422999978065491E-001
  -5.319999903440476E-002
   7.339000105857849E-001
        1.967499971389771
        2.014800071716309
        2.818099975585938
        2.411700010299683
        1.556699991226196
        2.361599922180176
        1.541100025177002
   2.497999966144562E-001
  -9.890999794006348E-001
  -9.338999986648560E-001
  -1.667000055313110E-001
   9.284999966621399E-001
   6.304000020027161E-001
        2.365400075912476
        3.677099943161011
        2.606499910354614
        2.462800025939941
        1.441699981689453
  -5.540999770164490E-001
   4.961000084877014E-001
   7.080000042915344E-001
  -2.229999937117100E-002
       -2.210200071334839
       -2.001399993896484
       -2.251600027084351
       -2.762500047683716
        2.225699901580811
  -5.792999863624573E-001
       -3.226300001144409
  -5.594000220298767E-001
  -8.240000009536743E-001
       -1.835199952125549
       -2.285599946975708
   2.745000123977661E-001
  -8.744000196456909E-001
       -1.565099954605103
  -9.743000268936157E-001
       -2.243000030517578
       -1.894099950790405
       -2.009500026702881
       -1.908400058746338
  -6.187999844551086E-001
  -5.599999800324440E-003
        1.053799986839294
   4.693000018596649E-001
  -3.336000144481659E-001
   5.963000059127808E-001
       -1.691599965095520
  -3.389999866485596E-001
  -1.880999952554703E-001
  -3.743999898433685E-001
  -6.279000043869019E-001
  -9.717000126838684E-001
  -1.729000061750412E-001
  -2.840000018477440E-002
   3.740000128746033E-001
        1.144600033760071
  -3.494000136852264E-001
   1.767999976873398E-001
       -1.434800028800964
  -4.677999913692474E-001
  -7.907000184059143E-001
        1.645499944686890
        1.699000000953674
        2.361700057983398
   6.822000145912170E-001
        1.046200037002564
   2.270999997854233E-001
  -5.903000235557556E-001
  -5.350000038743019E-002
  -2.714000046253204E-001
        1.178699970245361
        1.861299991607666
        2.182199954986572
        2.466799974441528
        1.719499945640564
        1.338700056076050
   3.920000046491623E-002
       -1.197999954223633
  -3.199999919161201E-003
  -6.075000166893005E-001
  -4.731000065803528E-001
  -8.335000276565552E-001
  -9.151999950408936E-001
       -1.098899960517883
       -1.473099946975708
        1.291399955749512
  -1.494999974966049E-001
       -1.127400040626526
  -7.390000224113464E-001
       -1.324699997901917
       -1.312700033187866
       -1.270099997520447
   1.433999985456467E-001
   4.277000129222870E-001
   3.307999968528748E-001
  -5.468999743461609E-001
       -2.516200065612793
       -1.211400032043457
       -1.374500036239624
  -6.114000082015991E-001
       -1.145699977874756
  -8.702999949455261E-001
        1.214499950408936
   3.686999976634979E-001
  -5.950000286102295E-001
       -1.775400042533875
       -2.102799892425537
  -6.620000004768372E-001
  -4.063000082969666E-001
       -1.964100003242493
       -3.201400041580200
       -2.737499952316284
       -1.184000015258789
   1.659999974071980E-002
   3.310000151395798E-002
  -7.739999890327454E-002
  -4.503000080585480E-001
  -6.991999745368958E-001
  -9.424999952316284E-001
       -1.528399944305420
  -1.850000023841858E-001
        1.063099980354309
        2.062400102615356
        1.093099951744080
   2.799000144004822E-001
  -1.093999966979027E-001
       -1.115300059318543
  -7.591000199317932E-001
  -8.598999977111816E-001
  -5.424000024795532E-001
   6.858999729156494E-001
        1.890300035476685
        2.579999923706055
        1.911700010299683
   3.508000075817108E-001
       -1.418300032615662
       -1.476099967956543
  -3.149000108242035E-001
  -5.654000043869019E-001
       -1.406999945640564
       -1.164800047874451
   2.220000028610230E-001
   2.667999863624573E-001
   4.939000010490418E-001
   5.831000208854675E-001
   3.012999892234802E-001
   2.408999949693680E-001
   6.208000183105469E-001
   3.833000063896179E-001
   4.086000025272369E-001
  -9.793999791145325E-001
  -1.202000007033348E-001
   8.176000118255615E-001
   6.891999840736389E-001
        1.475800037384033
   5.914999842643738E-001
       -1.294800043106079
       -1.867300033569336
  -7.472000122070313E-001
   2.707000076770783E-001
  -4.453999996185303E-001
       -1.126399993896484
       -1.613700032234192
  -4.242999851703644E-001
       -1.131800055503845
       -2.568399906158447
       -1.988600015640259
       -1.701300024986267
       -1.181599974632263
       -2.164200067520142
       -1.515699982643127
       -2.424400091171265
       -2.562200069427490
  -9.117000102996826E-001
  -3.429000079631805E-001
  -2.030999958515167E-001
  -2.892000079154968E-001
       -1.368399977684021
       -1.461300015449524
  -1.199000030755997E-001
   8.759999871253967E-001
        1.147899985313416
        1.730100035667419
  -2.407999932765961E-001
  -2.962000072002411E-001
  -3.282000124454498E-001
       -1.447399973869324
  -2.169000059366226E-001
       -1.743800044059753
  -4.341999888420105E-001
  -2.994999885559082E-001
        1.610000014305115
        2.337399959564209
   9.273999929428101E-001
  -1.712999939918518E-001
       -2.614300012588501
       -2.776900053024292
  -7.580999732017517E-001
  -1.164999976754189E-001
       -1.011000037193298
       -1.372400045394898
        1.071900010108948
   5.090000033378601E-001
   4.124000072479248E-001
        1.541800022125244
   7.280000299215317E-002
  -9.002000093460083E-001
  -2.400000020861626E-002
   6.186000108718872E-001
        1.025699973106384
   8.052999973297119E-001
        1.350200057029724
        2.114399909973145
        1.516700029373169
  -5.358999967575073E-001
   2.189999967813492E-001
  -1.900000032037497E-003
   3.799999877810478E-002
  -9.848999977111816E-001
   9.640000015497208E-002
  -3.404000103473663E-001
  -1.189000010490418E-001
  -1.239999979734421E-001
       -1.175999999046326
  -7.613999843597412E-001
  -1.976000070571899E-001
       -2.049700021743774
  -8.287000060081482E-001
       -1.663300037384033
  -6.065999865531921E-001
       -1.652799963951111
       -1.110800027847290
       -1.079900026321411
       -1.820099949836731
  -9.812999963760376E-001
  -9.470000267028809E-001
       -1.111299991607666
  -3.817000091075897E-001
  -1.767999976873398E-001
  -6.057999730110169E-001
   6.916999816894531E-001
        1.262300014495850
   7.565000057220459E-001
  -2.565999925136566E-001
       -1.024299979209900
  -4.138999879360199E-001
       -1.158300042152405
       -1.814000010490418
  -4.169999957084656E-001
  -3.197000026702881E-001
  -2.085999995470047E-001
        1.650400042533875
        3.255199909210205
        1.298499941825867
   2.567999958992004E-001
       -1.157099962234497
       -1.040699958801270
       -1.566799998283386
  -5.972999930381775E-001
  -7.859999686479569E-002
   7.957999706268311E-001
        1.506000041961670
   6.715000271797180E-001
        1.617300033569336
        2.758899927139282
   3.098999857902527E-001
  -1.473000049591065E-001
  -7.620000243186951E-001
   7.530000060796738E-002
   8.471000194549561E-001
   8.231999874114990E-001
        1.463299989700317
        2.051300048828125
   2.029999941587448E-001
       -2.213000059127808
  -4.641999900341034E-001
       -1.243700027465820
  -9.304999709129334E-001
  -8.131999969482422E-001
   6.542000174522400E-001
   4.063000082969666E-001
        1.323300004005432
  -4.814999997615814E-001
  -1.809999942779541E-001
       -1.080999970436096
  -8.755999803543091E-001
       -1.326699972152710
  -5.275999903678894E-001
       -1.562299966812134
       -1.133900046348572
  -3.319999873638153E-001
       -1.484099984169006
       -1.244300007820129
  -9.728999733924866E-001
   8.150000125169754E-002
  -6.833999752998352E-001
   7.276999950408936E-001
       -1.122799992561340
  -1.694000065326691E-001
   2.101999968290329E-001
   2.766999900341034E-001
        1.435099959373474
   9.243999719619751E-001
  -4.722000062465668E-001
       -1.976300001144409
       -1.060600042343140
       -1.987300038337708
  -3.580999970436096E-001
        1.189299941062927
        1.093999981880188
   9.531999826431274E-001
        1.062500000000000
        2.908299922943115
        1.783599972724915
  -7.469000220298767E-001
   1.889999955892563E-002
       -1.327100038528442
       -2.102400064468384
        1.062399983406067
   5.450999736785889E-001
   5.519999861717224E-001
  -2.154999971389771E-001
   2.272000014781952E-001
        1.750599980354309
        2.791300058364868
  -8.470000326633453E-002
       -1.720399975776672
       -2.191499948501587
  -8.546000123023987E-001
   4.120999872684479E-001
   3.853999972343445E-001
        1.669899940490723
        1.986700057983398
   4.295000135898590E-001
       -1.098600029945374
  -4.133999943733215E-001
   7.569999992847443E-002
       -1.475499987602234
  -3.422999978065491E-001
        1.172899961471558
        1.350900053977966
        1.332499980926514
  -2.897999882698059E-001
       -1.057800054550171
  -7.294999957084656E-001
  -7.469999790191650E-002
       -2.303800106048584
       -2.351000070571899
       -1.675400018692017
       -1.250200033187866
  -3.686999976634979E-001
       -1.628999948501587
       -1.164100050926209
  -9.003000259399414E-001
       -1.358600020408630
       -1.878299951553345
   8.104000091552734E-001
       -1.368399977684021
  -7.300000172108412E-003
        1.389299988746643
   9.373999834060669E-001
        2.283699989318848
        1.394999980926514
        1.192299962043762
  -6.621000170707703E-001
       -1.064900040626526
  -8.454999923706055E-001
  -7.710000127553940E-002
        1.187500000000000
        1.063300013542175
        2.185699939727783
        2.438100099563599
        2.043900012969971
   4.936999976634979E-001
   3.413999974727631E-001
   6.330000162124634E-001
  -3.109999895095825E-001
  -6.499999761581421E-002
        1.670899987220764
        1.587299942970276
        1.106299996376038
  -9.260000288486481E-002
        1.810899972915649
        1.165199995040894
        3.463000059127808
       -1.069000005722046
       -3.333300113677979
       -1.912700057029724
  -8.409000039100647E-001
       -1.473600029945374
  -2.142000049352646E-001
   5.799999833106995E-002
        2.099100112915039
   6.571999788284302E-001
  -4.462000131607056E-001
       -1.155300021171570
  -4.323000013828278E-001
       -2.393100023269653
       -1.561800003051758
   6.409999728202820E-002
        1.910599946975708
        2.706599950790405
   5.144000053405762E-001
  -4.291999936103821E-001
       -1.283800005912781
       -1.932100057601929
       -1.988800048828125
       -2.334000110626221
       -1.604200005531311
       -1.710600018501282
       -1.207100033760071
       -1.459800004959106
  -6.111000180244446E-001
       -1.110299944877625
  -4.124000072479248E-001
  -7.185000181198120E-001
        1.769500017166138
   3.714999854564667E-001
       -1.459300041198731
   2.372999936342239E-001
        1.557999968528748
        1.287600040435791
        1.085100054740906
  -7.601000070571899E-001
       -1.705600023269653
       -1.823099970817566
  -1.935999989509583E-001
  -3.060000017285347E-002
        1.225000023841858
        1.654500007629395
        2.765700101852417
        2.193200111389160
        1.715800046920776
        1.276200056076050
        1.013900041580200
   3.188000023365021E-001
  -8.985999822616577E-001
  -4.780000075697899E-002
   8.403000235557556E-001
   2.960000038146973E-001
  -7.163000106811523E-001
        1.059399962425232
        1.315999984741211
        2.232000112533569
        2.553200006484985
  -5.975000262260437E-001
       -1.677600026130676
       -2.073299884796143
       -1.139299988746643
       -2.055700063705444
       -1.551100015640259
   3.610000014305115E-001
       -1.151999950408936
       -1.768499970436096
       -1.912700057029724
       -1.909299969673157
  -6.140000224113464E-001
       -2.227499961853027
       -1.937600016593933
  -6.937999725341797E-001
  -6.344000101089478E-001
   3.016999959945679E-001
   9.193000197410584E-001
  -1.345999985933304E-001
       -1.383599996566773
       -1.517400026321411
       -2.532099962234497
       -2.423199892044067
       -1.694399952888489
       -2.484800100326538
       -1.409800052642822
       -1.257300019264221
       -1.410799980163574
       -1.468400001525879
  -8.526999950408936E-001
  -3.840000033378601E-001
   3.465000092983246E-001
   3.909999877214432E-002
  -3.201000094413757E-001
  -1.096000000834465E-001
   8.295999765396118E-001
   3.880999982357025E-001
  -6.176999807357788E-001
  -4.650999903678894E-001
       -1.151800036430359
  -9.912999868392944E-001
  -1.764999926090241E-001
        1.831099987030029
        1.586400032043457
        2.184799909591675
        3.034399986267090
        2.009700059890747
        1.051499962806702
   7.182000279426575E-001
   8.320000022649765E-002
   7.562000155448914E-001
   4.509999975562096E-002
  -7.861999869346619E-001
       -1.577200055122376
       -1.341799974441528
       -1.803400039672852
       -1.083099961280823
  -2.752000093460083E-001
   9.260000288486481E-002
        1.319399952888489
       -2.732000112533569
       -1.137099981307983
       -1.246799945831299
       -2.186899900436401
       -3.030499935150147
       -3.043699979782105
   4.611999988555908E-001
  -7.185999751091003E-001
       -2.302099943161011
  -4.025999903678894E-001
       -1.844200015068054
   5.299999844282866E-003
  -6.901000142097473E-001
       -2.228699922561646
       -2.219300031661987
       -1.440999984741211
  -5.464000105857849E-001
   6.204000115394592E-001
   2.894999980926514E-001
  -9.016000032424927E-001
       -1.727399945259094
       -1.567299962043762
       -2.660200119018555
       -2.674000024795532
       -1.809000015258789
       -1.012400031089783
       -1.965600013732910
       -1.098399996757507
  -4.578000009059906E-001
  -1.319999992847443E-001
  -9.749999642372131E-002
   5.284000039100647E-001
  -9.100000262260437E-001
       -2.151499986648560
  -8.288000226020813E-001
  -2.642000019550324E-001
  -9.581000208854675E-001
  -7.090000063180924E-002
       -1.545199990272522
       -1.631999969482422
       -2.142999887466431
  -5.852000117301941E-001
  -4.541999995708466E-001
  -1.632000058889389E-001
        1.867300033569336
        2.781899929046631
        2.322799921035767
        1.526900053024292
  -2.483000010251999E-001
  -2.490999996662140E-001
   6.909999847412109E-001
  -4.767000079154968E-001
       -1.900900006294251
       -2.801300048828125
       -2.581500053405762
       -2.359899997711182
       -1.373100042343140
       -1.107100009918213
       -1.350299954414368
  -9.430000185966492E-002
       -3.160099983215332
       -1.629899978637695
       -2.368000030517578
       -2.353100061416626
       -1.212499976158142
       -3.086100101470947
  -5.697000026702881E-001
  -7.332999706268311E-001
       -1.445000052452087
  -2.777999937534332E-001
       -1.835999965667725
  -8.392000198364258E-001
       -1.255900025367737
       -1.828899979591370
       -1.678900003433228
  -4.287000000476837E-001
       -1.273499965667725
       -1.298200011253357
  -6.679999828338623E-002
   1.840000040829182E-002
  -4.528000056743622E-001
  -5.921000242233276E-001
  -6.463999748229981E-001
       -2.070600032806397
       -1.962000012397766
       -1.445199966430664
  -5.207999944686890E-001
       -2.578599929809570
       -1.662099957466126
  -4.507000148296356E-001
  -9.505000114440918E-001
  -6.067000031471252E-001
       -2.283999919891357
       -1.234899997711182
       -1.493299961090088
       -1.495599985122681
       -2.084399938583374
  -3.842000067234039E-001
  -2.533999979496002E-001
       -1.605200052261353
       -1.224799990653992
  -6.137999892234802E-001
  -4.765000045299530E-001
       -1.424999952316284
   8.695999979972839E-001
        1.046300053596497
  -9.780000150203705E-002
   3.208000063896179E-001
        1.970199942588806
        1.044100046157837
   4.203999936580658E-001
       -1.742400050163269
  -1.393000036478043E-001
  -8.543999791145325E-001
  -5.572000145912170E-001
   4.307999908924103E-001
       -1.394799947738648
  -7.426000237464905E-001
       -1.386700034141541
  -9.344000220298767E-001
       -3.875000000000000
       -1.994500041007996
       -1.063899993896484
       -1.108999967575073
       -1.876600027084351
  -7.049999833106995E-001
       -2.083600044250488
       -1.031999945640564
       -1.247300028800964
  -4.758999943733215E-001
  -8.590999841690064E-001
       -2.205100059509277
       -1.664700031280518
       -1.121399998664856
   2.978999912738800E-001
   3.060000017285347E-002
   9.937999844551086E-001
   3.124000132083893E-001
        1.277799963951111
   6.636999845504761E-001
  -1.165999993681908E-001
  -3.792000114917755E-001
   9.312000274658203E-001
  -2.987999916076660E-001
  -9.672999978065491E-001
       -1.845299959182739
       -3.236799955368042
       -4.671899795532227
       -2.697799921035767
       -1.588600039482117
  -9.161000251770020E-001
  -8.942000269889832E-001
  -7.555000185966492E-001
       -1.085299968719482
       -2.014499902725220
       -2.184900045394898
       -2.355999946594238
       -1.198799967765808
       -2.109100103378296
       -1.425199985504150
  -5.782999992370606E-001
  -7.846000194549561E-001
  -1.926999986171722E-001
  -6.504999995231628E-001
   7.652999758720398E-001
        1.643499970436096
   6.955000162124634E-001
        1.114599943161011
        2.502199888229370
        2.044600009918213
   8.309999853372574E-002
   1.134999990463257E-001
   6.022999882698059E-001
        1.130699992179871
        1.364799976348877
  -2.870000004768372E-001
  -8.144999742507935E-001
  -6.212999820709229E-001
       -1.389099955558777
       -2.198899984359741
  -8.873999714851379E-001
  -4.724999964237213E-001
  -4.566000103950501E-001
        1.055099964141846
       -1.676599979400635
       -3.322400093078613
       -1.261899948120117
  -5.674999952316284E-001
       -1.000800013542175
  -4.302999973297119E-001
   2.736999988555908E-001
  -3.625999987125397E-001
  -7.641000151634216E-001
        1.197999954223633
        1.118299961090088
        1.373800039291382
        1.936400055885315
        2.061100006103516
        1.998800039291382
   2.366999983787537E-001
   9.072999954223633E-001
        1.233600020408630
  -2.876000106334686E-001
   2.111999988555908E-001
   4.298999905586243E-001
       -2.363899946212769
       -3.217099905014038
       -3.690700054168701
       -3.404900074005127
       -1.769899964332581
       -1.302700042724609
       -1.243700027465820
       -2.469700098037720
       -1.967399954795837
       -2.412499904632568
       -1.824699997901917
       -1.889099955558777
       -1.681900024414063
  -8.012999892234802E-001
  -4.239999949932098E-001
       -1.079800009727478
  -4.677999913692474E-001
   3.772999942302704E-001
  -9.308000206947327E-001
   1.281999945640564E-001
        1.115399956703186
   8.273000121116638E-001
   7.584000229835510E-001
   5.763000249862671E-001
   4.011999964714050E-001
   6.360000371932983E-002
       -1.469599962234497
  -1.116999983787537E-001
        1.151000022888184
        1.764799952507019
  -5.335000157356262E-001
       -1.283699989318848
       -1.605900049209595
       -1.716400027275085
  -8.088999986648560E-001
   7.299999892711639E-002
        2.272399902343750
   3.752000033855438E-001
   5.947999954223633E-001
       -1.656200051307678
       -2.644399881362915
  -9.032999873161316E-001
       -2.253400087356567
       -2.017199993133545
       -1.102900028228760
  -5.469999834895134E-002
  -1.780000030994415E-001
   0.000000000000000E+000
        1.455199956893921
        1.620599985122681
        1.226199984550476
        2.044800043106079
        2.795000076293945
        1.700199961662293
        1.000499963760376
   6.909999996423721E-002
   2.441000044345856E-001
  -6.639999747276306E-001
        1.150900006294251
        1.604599952697754
       -1.595000028610230
       -1.751399993896484
       -2.178299903869629
       -1.526000022888184
       -1.407699942588806
       -2.525099992752075
       -3.090800046920776
       -3.213500022888184
       -1.801800012588501
       -1.567999958992004
       -1.682600021362305
       -2.096800088882446
  -7.179999947547913E-001
  -9.840999841690064E-001
   6.315000057220459E-001
   2.131000012159348E-001
   6.114000082015991E-001
   5.551000237464905E-001
   5.238000154495239E-001
   8.136000037193298E-001
   3.510999977588654E-001
  -4.717999994754791E-001
  -2.460999935865402E-001
  -4.239999949932098E-001
       -1.243899941444397
  -5.518000125885010E-001
  -4.316999912261963E-001
   3.189999982714653E-002
        1.277500033378601
        1.534999966621399
   8.166999816894531E-001
       -1.549499988555908
       -2.706500053405762
       -2.553400039672852
  -7.874000072479248E-001
   6.970999836921692E-001
        1.422299981117249
        2.091599941253662
   7.512000203132629E-001
  -9.314000010490418E-001
       -2.396600008010864
       -1.367300033569336
  -1.849000006914139E-001
  -6.284999847412109E-001
   3.761999905109406E-001
   2.201000005006790E-001
   6.459999829530716E-002
        1.789600014686585
        2.227799892425537
        2.405900001525879
   3.212999999523163E-001
        1.310999989509583
   7.670999765396118E-001
        1.385200023651123
   5.031999945640564E-001
  -2.223999947309494E-001
   7.591000199317932E-001
   4.207000136375427E-001
   8.797000050544739E-001
   8.316000103950501E-001
        1.196799993515015
       -1.695999979972839
  -9.911000132560730E-001
  -5.446000099182129E-001
       -1.050999999046326
       -3.928900003433228
       -4.215700149536133
       -2.393599987030029
       -3.074199914932251
       -2.574399948120117
       -1.901999950408936
       -2.375699996948242
       -1.422600030899048
       -2.316400051116943
  -8.470000028610230E-001
  -2.991999983787537E-001
        1.136600017547607
   4.375999867916107E-001
        2.472599983215332
   4.018000066280365E-001
       -1.108100056648254
  -1.532000005245209E-001
       -1.651900053024292
  -4.907999932765961E-001
  -5.286999940872192E-001
       -1.365100026130676
  -1.854999959468842E-001
   2.108999937772751E-001
        1.151100039482117
   2.109999954700470E-002
   3.469999879598618E-002
  -1.460000034421682E-002
       -1.647600054740906
       -1.703500032424927
       -1.476099967956543
   8.589000105857849E-001
        1.100900053977966
        1.398000001907349
   9.728999733924866E-001
   8.773999810218811E-001
       -1.586500048637390
       -1.060099959373474
   1.080000028014183E-001
   6.018000245094299E-001
        1.678699970245361
        1.002300024032593
        1.763299942016602
        2.112499952316284
   8.973000049591065E-001
        1.864599943161011
   5.927000045776367E-001
   3.328000009059906E-001
        1.287700057029724
        1.301499962806702
   6.963000297546387E-001
        1.269600033760071
        2.226999998092651
        2.113100051879883
   9.426000118255615E-001
        1.403699994087219
   9.437000155448914E-001
   1.968999952077866E-001
       -2.591900110244751
       -1.260499954223633
       -1.790400028228760
       -3.678600072860718
       -3.294100046157837
       -4.382699966430664
       -4.240600109100342
       -2.202300071716309
       -1.424100041389465
       -2.050699949264526
       -1.501600027084351
       -1.222699999809265
       -2.016599893569946
  -7.143999934196472E-001
   9.438999891281128E-001
        1.442600011825562
        1.814100027084351
   4.961999952793121E-001
   3.571000099182129E-001
   4.950000047683716E-001
        1.203899979591370
   9.172999858856201E-001
  -2.061000019311905E-001
  -7.784000039100647E-001
  -3.413000106811523E-001
   1.281999945640564E-001
  -1.959999948740006E-001
   6.223999857902527E-001
  -1.989999972283840E-002
   3.366000056266785E-001
   2.184000015258789E-001
  -8.690000176429749E-001
       -1.180199980735779
        1.377300024032593
   7.224000096321106E-001
        2.387099981307983
        2.401700019836426
   9.229999780654907E-001
   9.064000248908997E-001
   6.682000160217285E-001
   2.026000022888184E-001
   4.860000014305115E-001
        1.240599989891052
        1.511500000953674
        3.758399963378906
        1.571200013160706
        2.065200090408325
   9.587000012397766E-001
  -2.104000002145767E-001
   4.823000133037567E-001
   9.743000268936157E-001
        1.843299984931946
        1.570600032806397
        2.436000108718872
        1.931900024414063
        1.578600049018860
        1.396299958229065
        1.055500030517578
  -3.799999877810478E-002
  -9.979000091552734E-001
       -1.701099991798401
       -1.812100052833557
  -3.747999966144562E-001
       -2.333499908447266
       -2.675499916076660
       -3.950200080871582
       -3.381799936294556
       -1.900799989700317
  -5.152000188827515E-001
  -8.610000014305115E-001
  -5.615000128746033E-001
       -2.208199977874756
       -1.494699954986572
       -1.370399951934815
  -3.465999960899353E-001
   4.792000055313110E-001
        1.196599960327148
        1.054999947547913
   9.957000017166138E-001
        2.254499912261963
        2.558399915695190
   8.479999899864197E-001
  -4.242999851703644E-001
       -1.978000044822693
       -1.587800025939941
       -1.802099943161011
       -1.534100055694580
  -3.819000124931335E-001
   2.536999881267548E-001
  -4.060000181198120E-002
   2.278999984264374E-001
  -4.187999963760376E-001
  -3.925999999046326E-001
        1.613499999046326
        1.024199962615967
        2.239799976348877
   8.634999990463257E-001
        1.471199989318848
        1.124400019645691
  -1.740000024437904E-002
   8.191000223159790E-001
        1.542999982833862
        1.555299997329712
        1.717100024223328
        2.089099884033203
        1.337100028991699
   6.226000189781189E-001
   8.277999758720398E-001
   1.422999948263168E-001
        1.515799999237061
        1.246000051498413
   4.530000090599060E-001
   9.426000118255615E-001
        2.306400060653687
        2.079099893569946
        1.074599981307983
  -3.337999880313873E-001
  -9.854999780654907E-001
       -1.899000048637390
       -2.503400087356567
       -1.763800024986267
       -1.578500032424927
  -3.393000066280365E-001
  -1.648000031709671E-001
  -5.831000208854675E-001
       -2.040400028228760
  -9.610999822616577E-001
       -1.156299948692322
  -9.939000010490418E-001
  -3.802999854087830E-001
   2.761999964714050E-001
       -1.994300007820129
       -3.021500110626221
       -1.950199961662293
  -4.323999881744385E-001
  -7.712000012397766E-001
  -4.826000034809113E-001
        1.003000020980835
   9.725999832153320E-001
   8.968999981880188E-001
        1.213799953460693
        1.132300019264221
       -1.747099995613098
       -2.177599906921387
       -1.387199997901917
       -1.070600032806397
       -1.587599992752075
  -5.976999998092651E-001
        1.530599951744080
  -8.521999716758728E-001
       -1.689399957656860
       -2.877399921417236
       -2.628700017929077
        2.418600082397461
        2.360199928283691
        2.114200115203857
        1.475999951362610
        1.108600020408630
  -5.292000174522400E-001
   4.149999916553497E-001
        2.162499904632568
        1.906800031661987
        1.850900053977966
        1.340899944305420
   7.609000205993652E-001
   1.674000024795532E-001
   9.520000219345093E-002
        1.427600026130676
        1.890799999237061
   6.777999997138977E-001
   8.574000000953674E-001
   5.703999996185303E-001
        1.353299975395203
        1.422700047492981
   8.015999794006348E-001
  -2.664999961853027E-001
       -1.288499951362610
       -1.903200030326843
       -1.616799950599670
       -3.703099966049194
       -2.966700077056885
       -1.773599982261658
   9.470000118017197E-002
        1.230800032615662
  -3.122999966144562E-001
  -2.976000010967255E-001
   1.098999977111816E-001
  -2.258999943733215E-001
   1.740000024437904E-002
  -2.517000138759613E-001
  -2.419999986886978E-001
       -1.801900029182434
       -4.423500061035156
       -2.276599884033203
  -6.973999738693237E-001
  -7.107999920845032E-001
   3.030999898910523E-001
   3.677999973297119E-001
  -4.010000079870224E-002
  -2.199999988079071E-001
        1.343999981880188
        1.060099959373474
   9.297000169754028E-001
  -1.527000069618225E-001
       -1.234099984169006
   7.178000211715698E-001
       -1.484099984169006
       -2.514699935913086
       -1.201699972152710
       -2.186500072479248
       -4.067399978637695
       -2.581500053405762
       -2.357700109481812
        3.255800008773804
        1.999300003051758
        1.680699944496155
        1.792500019073486
        1.281800031661987
  -5.268999934196472E-001
   5.079999938607216E-002
   6.682999730110169E-001
        2.569299936294556
        2.210299968719482
   7.317000031471252E-001
  -5.799999926239252E-003
   2.172999978065491E-001
   7.899999618530273E-003
   5.974000096321106E-001
   1.070000007748604E-001
  -1.431999951601028E-001
        1.080899953842163
        2.275300025939941
        2.391900062561035
        1.259199976921082
       -1.426699995994568
       -2.146300077438355
       -2.230000019073486
       -1.575000047683716
       -1.965199947357178
       -2.629699945449829
       -1.168099999427795
   2.360000088810921E-002
        1.074300050735474
  -5.048000216484070E-001
  -4.566999971866608E-001
  -4.453000128269196E-001
   6.076999902725220E-001
   1.940000057220459E-001
  -3.610999882221222E-001
  -9.319999814033508E-002
  -7.491999864578247E-001
       -2.892299890518189
       -1.766199946403503
       -1.821900010108948
  -2.640999853610992E-001
  -4.557000100612640E-001
  -5.115000009536743E-001
  -6.327000260353088E-001
  -4.535999894142151E-001
   5.554999709129334E-001
        1.679499983787537
        2.115700006484985
   4.316000044345856E-001
  -9.359999746084213E-002
   5.177000164985657E-001
   8.648999929428101E-001
       -2.186899900436401
       -2.895299911499023
       -1.532899975776672
       -1.225299954414368
       -3.464999914169312
       -3.763299942016602
       -3.879699945449829
        2.366199970245361
        2.451699972152710
        2.323999881744385
        2.515799999237061
   4.086000025272369E-001
       -1.032799959182739
   3.219999969005585E-001
        1.438799977302551
   6.330999732017517E-001
        2.244999885559082
        1.866099953651428
   7.825000286102295E-001
   4.408000111579895E-001
        1.306100010871887
  -7.958999872207642E-001
  -1.054999977350235E-001
  -1.266999989748001E-001
   3.869000077247620E-001
        1.278900027275085
        1.481099963188171
  -1.886000037193298E-001
       -1.530300021171570
       -2.848400115966797
       -3.285900115966797
       -1.340199947357178
       -1.983999967575073
       -2.232800006866455
       -1.560999989509583
  -8.190000057220459E-001
        1.494500041007996
        1.242900013923645
   1.703000068664551E-001
        1.873000025749207
        1.140599966049194
   1.826000064611435E-001
   4.330999851226807E-001
  -9.290000051259995E-002
  -4.485999941825867E-001
  -4.047999978065491E-001
  -1.046999990940094E-001
   6.399999838322401E-003
       -1.182700037956238
  -5.720000267028809E-001
  -3.048999905586243E-001
   3.436999917030335E-001
   9.115999937057495E-001
        1.071799993515015
        1.006600022315979
        1.442100048065186
        1.189299941062927
       -1.046100020408630
       -1.530099987983704
       -1.873200058937073
       -2.355799913406372
       -2.250000000000000
       -2.127899885177612
       -1.654800057411194
       -1.422399997711182
       -3.620699882507324
       -2.650000095367432
        1.576500058174133
        1.231400012969971
        2.514400005340576
   9.039000272750855E-001
  -8.428000211715698E-001
   4.221999943256378E-001
        1.436100006103516
        1.148200035095215
   1.761000007390976E-001
  -5.745000243186951E-001
        2.221699953079224
        2.339200019836426
        1.268599987030029
        1.453400015830994
        2.317699909210205
   4.679000079631805E-001
   2.822000086307526E-001
   3.786000013351440E-001
   2.928000092506409E-001
        1.375399947166443
   6.273000240325928E-001
       -1.633700013160706
       -2.144700050354004
       -1.889400005340576
       -1.286100029945374
       -1.157099962234497
  -9.833999872207642E-001
  -6.199999898672104E-002
  -5.992000102996826E-001
   2.969999909400940E-001
        1.672000050544739
        1.433400034904480
        1.062700033187866
   4.176000058650971E-001
   1.957000046968460E-001
   8.917000293731690E-001
   5.935999751091003E-001
  -1.970999985933304E-001
       -1.460500001907349
       -2.795700073242188
  -5.805000066757202E-001
   6.263999938964844E-001
   4.056999981403351E-001
   4.453999996185303E-001
  -3.990000113844872E-002
  -2.587000131607056E-001
  -8.654999732971191E-001
   7.346000075340271E-001
   5.060999989509583E-001
   2.195000052452087E-001
       -1.051499962806702
  -5.827000141143799E-001
       -1.893000006675720
       -3.178600072860718
       -2.793900012969971
       -3.092499971389771
       -2.485699892044067
       -3.074800014495850
       -3.114599943161011
       -2.213999986648560
        2.403599977493286
        2.187799930572510
        1.107300043106079
   7.146000266075134E-001
  -9.714000225067139E-001
   7.822999954223633E-001
        1.597699999809265
   8.170999884605408E-001
  -6.603000164031982E-001
        1.082599997520447
        2.257699966430664
        3.334700107574463
        2.354300022125244
        2.601399898529053
        1.849099993705750
        1.606199979782105
        1.535199999809265
        1.170799970626831
        1.514899969100952
   4.704999923706055E-001
  -3.497999906539917E-001
        1.090600013732910
       -1.587000012397766
       -2.414900064468384
       -1.941200017929077
       -1.570500016212463
  -8.231999874114990E-001
   5.600000172853470E-002
  -9.009999781847000E-002
  -4.499999806284905E-003
   7.037000060081482E-001
        1.530500054359436
        1.853899955749512
   2.032999992370606E-001
  -8.378999829292297E-001
   3.073000013828278E-001
  -1.301999986171722E-001
  -2.371000051498413E-001
       -2.308399915695190
       -2.701200008392334
       -2.338500022888184
  -2.004999965429306E-001
   7.224000096321106E-001
  -7.100000232458115E-002
  -7.142999768257141E-001
  -9.097999930381775E-001
       -2.312400102615356
  -9.204000234603882E-001
   2.962999939918518E-001
   5.498999953269959E-001
       -1.562399983406067
   6.129000186920166E-001
  -6.140999794006348E-001
       -2.054300069808960
       -2.366100072860718
       -2.642499923706055
       -1.996199965476990
       -2.996299982070923
       -3.213900089263916
       -2.519999980926514
   7.349999994039536E-002
        2.339200019836426
   6.334999799728394E-001
        1.535199999809265
        1.843000054359436
   6.855000257492065E-001
   7.361000180244446E-001
        1.538900017738342
        1.544299960136414
        2.656899929046631
        3.403899908065796
        2.621200084686279
        2.601999998092651
        3.093600034713745
        1.815899968147278
        1.499400019645691
        1.787400007247925
        1.891299962997437
        2.216099977493286
   8.798999786376953E-001
   7.488999962806702E-001
   9.868999719619751E-001
  -2.073999941349030E-001
  -9.506999850273132E-001
       -1.399099946022034
       -1.027199983596802
       -2.571399927139282
       -2.141400098800659
  -7.919999957084656E-001
  -2.769999951124191E-002
   1.852999925613403E-001
        1.097000002861023
  -1.511999964714050E-001
  -8.202999830245972E-001
       -1.570600032806397
  -7.379999756813049E-001
  -8.180000185966492E-001
       -1.690099954605103
       -2.134500026702881
       -2.949899911880493
       -2.249599933624268
       -1.546800017356873
  -4.598999917507172E-001
  -6.564000248908997E-001
       -1.199599981307983
       -1.573500037193298
       -1.206500053405762
  -5.805000066757202E-001
  -2.370000071823597E-002
   1.498000025749207E-001
   3.975000083446503E-001
  -6.650000065565109E-002
   7.959999889135361E-002
       -2.058399915695190
       -1.972000002861023
  -7.405999898910523E-001
       -1.574000000953674
       -3.165400028228760
       -3.933000087738037
       -3.500400066375732
        2.564199924468994
        3.382999897003174
        1.813799977302551
        1.420899987220764
        1.140799999237061
   3.143999874591827E-001
   9.047999978065491E-001
   6.820999979972839E-001
        2.401599884033203
        2.339999914169312
        3.639499902725220
        3.961400032043457
        2.213900089263916
        2.115499973297119
        2.312400102615356
        2.033299922943115
        2.047600030899048
        2.829999923706055
        3.058900117874146
        2.852200031280518
        1.156100034713745
   8.924999833106995E-001
  -3.440000116825104E-001
  -4.706999957561493E-001
       -1.900599956512451
       -1.955299973487854
       -2.091200113296509
       -2.348400115966797
       -1.445199966430664
       -1.475499987602234
        1.325500011444092
        1.317899942398071
        1.166100025177002
   8.008999824523926E-001
  -1.085999980568886E-001
  -5.934000015258789E-001
       -1.093400001525879
       -2.410099983215332
       -3.254699945449829
       -2.777899980545044
       -2.641000032424927
       -1.749500036239624
  -2.642000019550324E-001
       -1.259099960327148
   4.135000109672546E-001
   9.308999776840210E-001
  -6.830000132322311E-002
       -1.043699979782105
  -2.335000038146973E-001
   3.361999988555908E-001
   5.817999839782715E-001
        1.331599950790405
   1.735000014305115E-001
  -6.484000086784363E-001
       -1.113199949264526
       -1.068899989128113
       -1.596699953079224
       -3.976099967956543
       -3.692899942398071
       -2.708199977874756
        2.006700038909912
        2.346699953079224
        3.281199932098389
        1.681699991226196
        2.473200082778931
        2.043900012969971
        1.778200030326843
   6.550999879837036E-001
   6.467999815940857E-001
   7.825000286102295E-001
        2.502000093460083
        1.776399970054627
        1.611500024795532
        2.390799999237061
        2.554199934005737
        1.096799969673157
        1.064299941062927
        2.605700016021729
   4.329999908804894E-002
        1.672600030899048
        1.620000004768372
        2.272599935531616
  -4.408999979496002E-001
  -8.952000141143799E-001
  -8.643000125885010E-001
       -1.536900043487549
       -1.339400053024292
  -6.554999947547913E-001
  -9.064000248908997E-001
       -1.093199968338013
        1.376799941062927
        1.229099988937378
        1.239199995994568
        1.969200015068054
   6.692000031471252E-001
  -4.036000072956085E-001
       -1.297199964523315
       -1.976099967956543
       -2.613399982452393
       -3.705100059509277
       -2.334599971771240
       -2.765000104904175
       -1.949900031089783
  -7.789999842643738E-001
  -8.457000255584717E-001
   1.978999972343445E-001
  -8.869000077247620E-001
  -7.372999787330627E-001
  -2.890000045299530E-001
  -2.150000035762787E-001
   6.161000132560730E-001
  -7.253999710083008E-001
  -4.940000176429749E-002
       -2.265000104904175
       -3.131500005722046
       -3.443900108337402
       -3.137700080871582
       -2.480400085449219
       -4.939799785614014
       -2.111799955368042
   4.480000138282776E-001
   8.650000095367432E-001
        2.178499937057495
        1.197800040245056
   8.763999938964844E-001
        2.010999917984009
        1.652500033378601
   1.500000013038516E-003
  -1.080000028014183E-001
        1.871600031852722
        1.423300027847290
        1.672500014305115
        1.923699975013733
   3.579999879002571E-002
        1.418799996376038
  -1.837999969720841E-001
  -9.830999970436096E-001
        1.093700051307678
        1.135599970817566
        1.131800055503845
        1.561800003051758
        1.828500032424927
  -3.899999894201756E-003
   7.660000026226044E-002
  -3.104999959468842E-001
   6.067000031471252E-001
        1.576900005340576
   2.041999995708466E-001
   4.426000118255615E-001
  -7.148000001907349E-001
   7.382000088691711E-001
        1.098000049591065
        2.257800102233887
        2.310300111770630
   2.958999872207642E-001
  -2.160000056028366E-002
       -1.108399987220764
       -1.882500052452087
       -1.841300010681152
       -2.973700046539307
       -2.439599990844727
       -1.810899972915649
       -1.684800028800964
   6.628000140190125E-001
  -1.418000012636185E-001
       -1.190600037574768
       -1.175300002098084
       -1.441200017929077
  -3.082999885082245E-001
  -1.140000000596046E-001
   4.104999899864197E-001
       -1.044999957084656
  -7.470999956130981E-001
       -1.585199952125549
       -3.319200038909912
       -2.771600008010864
       -3.055999994277954
       -3.145800113677979
       -3.857800006866455
       -3.104700088500977
  -8.514000177383423E-001
  -3.269999921321869E-001
   2.958000004291534E-001
   2.125000059604645E-001
  -3.127000033855438E-001
   4.336999952793121E-001
        1.150500059127808
       -1.416200041770935
   6.535999774932861E-001
        1.450299978256226
        1.732300043106079
   7.114999890327454E-001
  -6.499999761581421E-001
   6.809999793767929E-002
        1.486999988555908
  -4.237000048160553E-001
  -4.688999950885773E-001
        1.207299947738648
        1.821699976921082
        1.247400045394898
        1.271600008010864
        1.067600011825562
  -4.975999891757965E-001
   7.822999954223633E-001
   9.520000219345093E-002
   4.325000047683716E-001
   3.427999913692474E-001
  -1.527000069618225E-001
  -3.174000084400177E-001
   2.159000039100647E-001
   6.711000204086304E-001
        1.348500013351440
        1.404000043869019
   6.152999997138977E-001
   5.906000137329102E-001
       -1.529999971389771
       -1.302800059318543
       -1.962100028991699
       -2.770900011062622
       -2.942500114440918
       -2.262900114059448
       -2.825500011444092
       -2.068500041961670
  -6.881999969482422E-001
       -1.282299995422363
       -1.493499994277954
       -1.248700022697449
       -1.153599977493286
       -1.559999942779541
       -2.099400043487549
   3.000000119209290E-001
  -3.370000049471855E-002
  -7.745000123977661E-001
  -8.542000055313110E-001
       -1.652600049972534
       -4.142300128936768
       -3.089400053024292
       -4.144000053405762
       -4.173600196838379
       -2.751199960708618
       -2.405499935150147
       -1.435099959373474
  -5.778999924659729E-001
  -6.417000293731690E-001
  -8.594999909400940E-001
  -3.100000023841858E-001
   8.675000071525574E-001
  -6.294999718666077E-001
   5.748000144958496E-001
        1.745700001716614
   7.735999822616577E-001
   6.922000050544739E-001
   7.315000295639038E-001
   8.812999725341797E-001
  -7.824000120162964E-001
  -6.728000044822693E-001
       -2.068300008773804
  -4.080000147223473E-002
  -1.876000016927719E-001
        1.309900045394898
        1.813300013542175
        1.207900047302246
  -8.669000267982483E-001
   2.978000044822693E-001
        1.474400043487549
        1.440999984741211
   3.759999871253967E-001
   3.052000105381012E-001
        1.007599949836731
        1.142600059509277
        1.420099973678589
   4.961000084877014E-001
  -4.350999891757965E-001
  -2.784999907016754E-001
  -1.347000002861023E-001
       -1.370800018310547
       -1.526299953460693
       -3.637099981307983
       -3.315000057220459
       -4.205100059509277
       -2.051100015640259
       -2.882699966430664
       -3.367300033569336
  -4.115000069141388E-001
  -8.191000223159790E-001
  -5.142999887466431E-001
   2.869000136852264E-001
  -7.749999761581421E-001
       -1.403599977493286
       -1.410199999809265
       -1.080800056457520
       -1.032999992370606
       -1.348199963569641
  -5.569000244140625E-001
       -2.286600112915039
       -3.739700078964233
       -3.420900106430054
       -3.535000085830689
       -3.559999942779541
       -2.703500032424927
       -1.053300023078919
       -1.670300006866455
  -7.797999978065491E-001
       -1.048799991607666
       -1.183099985122681
       -1.779899954795837
       -1.889899969100952
  -3.704000115394592E-001
        1.021800041198731
        1.936599969863892
  -3.459999859333038E-001
  -9.836999773979187E-001
  -2.054000049829483E-001
  -2.207999974489212E-001
  -4.918999969959259E-001
  -5.620999932289124E-001
  -2.940000034868717E-002
  -8.887000083923340E-001
  -8.683999776840210E-001
        2.091799974441528
        2.109299898147583
  -9.350000321865082E-002
   7.214000225067139E-001
  -8.985999822616577E-001
        1.991700053215027
   7.838000059127808E-001
  -1.481000036001205E-001
        2.551700115203857
        2.260499954223633
   1.384000033140183E-001
  -2.441000044345856E-001
  -6.003999710083008E-001
  -3.513000011444092E-001
       -1.032400012016296
       -1.344799995422363
       -1.185500025749207
  -7.922999858856201E-001
       -1.181300044059753
       -2.082600116729736
       -2.877799987792969
       -2.579799890518189
       -2.885900020599365
       -3.923799991607666
   1.111999973654747E-001
   5.579000115394592E-001
   3.966000080108643E-001
        1.768700003623962
  -3.440000116825104E-001
       -1.266399979591370
       -1.157600045204163
       -1.442399978637695
  -6.065000295639038E-001
  -2.702000141143799E-001
  -1.289999932050705E-001
       -1.840399980545044
       -3.899300098419190
       -2.634099960327148
       -3.844500064849854
       -3.456000089645386
       -1.937600016593933
       -1.706400036811829
  -8.507000207901001E-001
       -1.883599996566773
       -1.637099981307983
       -2.700599908828735
       -1.559599995613098
       -1.046499967575073
       -1.674000024795532
  -8.022999763488770E-001
   1.150000002235174E-002
  -9.126999974250794E-001
  -9.229999780654907E-001
       -1.509199976921082
  -5.299999713897705E-001
       -1.050199985504150
   7.393000125885010E-001
  -6.243000030517578E-001
       -1.825500011444092
  -6.870999932289124E-001
   7.909999787807465E-002
   6.190000101923943E-002
        2.619100093841553
        1.593600034713745
        1.043900012969971
        1.006999969482422
        1.197800040245056
   4.587000012397766E-001
   8.610000014305115E-001
        1.434499979019165
   5.616000294685364E-001
  -5.920000001788139E-002
   1.059999968856573E-002
  -4.208000004291534E-001
   3.280999958515167E-001
  -4.808000028133392E-001
  -5.084000229835510E-001
   3.691999912261963E-001
   5.425000190734863E-001
  -4.600000083446503E-001
       -3.174200057983398
       -2.887000083923340
       -2.606199979782105
  -8.432000279426575E-001
   5.526999831199646E-001
   3.021999895572662E-001
        1.722499966621399
        1.743899941444397
   5.026000142097473E-001
       -1.259799957275391
   2.556000053882599E-001
       -1.160699963569641
  -1.693000048398972E-001
   4.871999919414520E-001
  -6.718999743461609E-001
       -2.264100074768066
       -4.437799930572510
       -2.394200086593628
       -2.162800073623657
       -2.549700021743774
       -1.418400049209595
       -1.082999944686890
       -2.184000015258789
       -3.108799934387207
       -2.267699956893921
       -2.775099992752075
       -1.054600000381470
  -9.887999892234802E-001
       -2.266599893569946
       -2.496599912643433
       -1.067199945449829
  -2.707999944686890E-001
  -1.546999961137772E-001
   4.192000031471252E-001
       -2.366300106048584
  -5.425999760627747E-001
       -1.021499991416931
  -5.691999793052673E-001
       -1.051200032234192
  -2.377000004053116E-001
   2.989999949932098E-002
        1.116999983787537
        2.866800069808960
        2.729099988937378
        2.644900083541870
   6.635000109672546E-001
   9.109999984502792E-002
   3.959999978542328E-002
  -6.413000226020813E-001
   4.239999875426292E-002
  -1.617999970912933E-001
  -4.515999853610992E-001
       -1.624699950218201
       -1.706099987030029
       -1.534299969673157
  -9.302999973297119E-001
  -3.558000028133392E-001
  -2.879999950528145E-002
  -7.440000176429749E-001
       -1.178900003433228
       -3.124799966812134
       -2.250699996948242
       -2.033699989318848
       -1.383499979972839
  -1.061000004410744E-001
  -2.393999993801117E-001
   1.196999996900559E-001
  -4.000000189989805E-003
        1.691799998283386
        2.645100116729736
        1.993399977684021
        2.168600082397461
        2.160799980163574
   6.377999782562256E-001
   5.397999882698059E-001
  -7.149999737739563E-001
       -2.324599981307983
       -2.471100091934204
       -1.623399972915649
       -2.778000116348267
  -4.072999954223633E-001
   8.669999986886978E-002
   1.472000032663345E-001
  -8.269000053405762E-001
       -1.676800012588501
       -3.096600055694580
       -2.243000030517578
       -1.299999952316284
       -2.497900009155273
       -2.326999902725220
       -2.230999946594238
  -2.248000055551529E-001
   1.200000010430813E-002
       -1.256299972534180
   2.587000131607056E-001
  -8.828999996185303E-001
  -9.690999984741211E-001
  -7.624999880790710E-001
   4.187999963760376E-001
   3.946999907493591E-001
   7.817999720573425E-001
        1.622499942779541
        2.742100000381470
        2.132899999618530
        1.457700014114380
   6.826999783515930E-001
  -4.605999886989594E-001
  -1.036999970674515E-001
   3.176999986171722E-001
  -2.551999986171722E-001
  -5.594000220298767E-001
       -1.843700051307678
   2.185000032186508E-001
  -5.939000248908997E-001
  -6.049000024795532E-001
  -5.332999825477600E-001
       -1.067999958992004
  -3.989999890327454E-001
       -2.556600093841553
       -2.197200059890747
       -2.702800035476685
       -2.322599887847900
       -2.246999979019165
       -2.356899976730347
  -9.070000052452087E-001
  -4.715999960899353E-001
   5.090000033378601E-001
        1.053599953651428
   8.593000173568726E-001
        2.821399927139282
        2.611500024795532
        2.897200107574463
   9.830999970436096E-001
  -5.205000042915344E-001
        1.206099987030029
  -3.064999878406525E-001
       -1.615399956703186
       -2.118900060653687
       -1.024700045585632
   2.928999960422516E-001
   9.189999848604202E-002
   7.142999768257141E-001
  -3.226000070571899E-001
  -3.730000182986260E-002
  -3.440000116825104E-001
       -2.264199972152710
       -2.800699949264526
       -1.723099946975708
       -1.008499979972839
       -3.801899909973145
       -2.339900016784668
       -1.620200037956238
       -1.187000036239624
       -1.263499975204468
  -4.984999895095825E-001
  -7.260000109672546E-001
  -9.106000065803528E-001
  -5.860999822616577E-001
        1.369199991226196
   9.682999849319458E-001
   8.776000142097473E-001
        2.776000022888184
        1.869799971580505
        2.601999998092651
        3.054899930953980
   1.428000032901764E-001
   1.048000007867813E-001
   3.285999894142151E-001
        1.339900016784668
  -1.370000001043081E-002
   1.290000043809414E-002
   1.028999984264374E-001
  -8.179000020027161E-001
  -8.963999748229981E-001
       -1.734899997711182
       -1.382899999618530
       -1.952600002288818
       -1.743800044059753
       -2.632800102233887
       -2.663899898529053
       -2.476599931716919
       -3.449100017547607
       -1.392500042915344
       -1.566300034523010
       -2.459599971771240
       -1.284899950027466
       -1.086799979209900
        1.043300032615662
   3.217000067234039E-001
        2.357800006866455
        1.509099960327148
   9.833999872207642E-001
  -6.100000068545342E-002
  -4.377000033855438E-001
        1.471400022506714
        1.487300038337708
  -5.374000072479248E-001
       -1.128700017929077
   4.744000136852264E-001
   5.554000139236450E-001
   8.970000147819519E-001
  -3.359999954700470E-001
   9.580000042915344E-001
   2.535000145435333E-001
   7.890000194311142E-002
       -1.037799954414368
       -1.314499974250794
  -7.781000137329102E-001
  -5.011000037193298E-001
       -1.364099979400635
  -8.284000158309937E-001
       -1.492799997329712
       -2.757100105285645
       -2.089999914169312
  -9.585999846458435E-001
  -6.796000003814697E-001
  -8.827999830245972E-001
  -6.762999892234802E-001
        2.407299995422363
        4.159900188446045
        3.511399984359741
        2.120699882507324
        2.308199882507324
        2.624799966812134
        2.881299972534180
        1.916800022125244
  -2.030000090599060E-002
  -3.921000063419342E-001
   1.470000017434359E-002
        2.586699962615967
        1.166800022125244
   8.399999886751175E-002
  -9.132000207901001E-001
       -2.549499988555908
       -2.040499925613403
       -3.111099958419800
       -3.390199899673462
       -3.122499942779541
       -2.548399925231934
       -2.790800094604492
       -1.146199941635132
       -2.460500001907349
       -2.233099937438965
       -2.366800069808960
       -2.892299890518189
       -2.050499916076660
  -6.175000071525574E-001
        1.712499976158142
   9.690999984741211E-001
  -1.773000061511993E-001
  -9.820000082254410E-002
  -7.060999870300293E-001
   5.400000214576721E-001
   6.090999841690064E-001
        1.759699940681458
        1.208299994468689
   2.063000053167343E-001
   2.608000040054321E-001
        1.446499943733215
        2.227499961853027
   4.826000034809113E-001
        1.302999973297119
        1.727200031280518
   8.223000168800354E-001
   6.118000149726868E-001
  -7.847999930381775E-001
  -8.708000183105469E-001
   3.682000041007996E-001
   7.142000198364258E-001
   6.425999999046326E-001
  -1.387999951839447E-001
  -9.060000181198120E-001
       -1.346099972724915
       -1.309599995613098
  -1.553000062704086E-001
   1.665000021457672E-001
        1.970100045204163
        2.150899887084961
        3.790699958801270
        4.295300006866455
        4.098999977111816
        2.998500108718872
        1.993399977684021
   8.507000207901001E-001
   5.440999865531921E-001
   1.273999959230423E-001
  -7.204999923706055E-001
  -2.896000146865845E-001
   4.677000045776367E-001
        1.157699942588806
        1.260699987411499
        1.110000014305115
  -7.002999782562256E-001
       -1.781800031661987
       -1.327200055122376
       -3.245199918746948
       -4.738800048828125
       -3.482500076293945
       -1.621600031852722
       -2.993000030517578
       -2.200299978256226
       -1.771600008010864
       -2.363600015640259
       -1.889600038528442
       -1.422600030899048
  -4.014999866485596E-001
       -1.966300010681152
        1.063199996948242
        1.101300001144409
        1.621600031852722
  -2.788999974727631E-001
   5.892999768257141E-001
        1.448199987411499
        1.594699978828430
        1.886500000953674
        2.649100065231323
        2.243700027465820
        1.521600008010864
        2.173199892044067
        3.360199928283691
        1.254699945449829
        1.849799990653992
        1.809100031852722
   7.483000159263611E-001
   8.895999789237976E-001
  -5.070000141859055E-002
   6.248000264167786E-001
   1.503999978303909E-001
  -1.928000003099442E-001
   8.259999752044678E-002
   2.915000021457672E-001
   2.761000096797943E-001
  -2.879999950528145E-002
   4.848000109195709E-001
   1.738999933004379E-001
        2.314800024032593
        2.517699956893921
        2.346100091934204
        3.882899999618530
        4.070899963378906
        4.657899856567383
        3.513099908828735
        2.871400117874146
        1.427500009536743
        2.302799940109253
        1.621600031852722
  -2.649999856948853E-001
   6.469999998807907E-002
        1.018300056457520
        1.528300046920776
        1.963000059127808
        1.271000027656555
  -1.497000008821487E-001
  -5.263000130653381E-001
       -2.394700050354004
       -3.647700071334839
       -4.601600170135498
       -4.138999938964844
       -5.163000106811523
       -3.450099945068359
       -3.159399986267090
       -2.408200025558472
       -2.057300090789795
  -7.698000073432922E-001
       -1.513499975204468
       -1.187100052833557
       -1.221600055694580
   2.899999916553497E-002
        1.980299949645996
        1.857599973678589
        1.176200032234192
        1.118000030517578
        2.238199949264526
        1.328400015830994
   9.772999882698059E-001
        3.923300027847290
        3.044399976730347
   6.816999912261963E-001
   3.125000000000000E-001
   6.304000020027161E-001
   1.561000049114227E-001
        1.931300044059753
        2.808099985122681
        2.651400089263916
        2.275599956512451
   5.838000178337097E-001
        1.415599942207336
   3.542999923229218E-001
   2.277999967336655E-001
   3.910000026226044E-001
  -5.130000114440918E-001
  -9.359999746084213E-002
   1.304000020027161E-001
   7.271999716758728E-001
        2.030299901962280
        1.975399971008301
        1.597599983215332
        2.666899919509888
        4.180900096893311
        4.043799877166748
        5.209799766540527
        3.655600070953369
        3.466399908065796
        3.309400081634522
        3.723099946975708
        1.667099952697754
   8.956999778747559E-001
   3.801999986171722E-001
        1.105399966239929
        3.039000034332275
        3.090800046920776
        1.468799948692322
  -2.858999967575073E-001
  -1.934999972581863E-001
       -1.309800028800964
       -3.011600017547607
       -3.268500089645386
       -3.609299898147583
       -3.895800113677979
       -3.136399984359741
       -2.337500095367432
       -1.873999953269959
       -1.857900023460388
       -2.125499963760376
  -9.635000228881836E-001
   2.408999949693680E-001
  -2.858999967575073E-001
        1.134600043296814
  -6.324999928474426E-001
   7.752000093460083E-001
        1.800500035285950
        1.944599986076355
        1.874899983406067
        2.078399896621704
        1.394000053405762
        2.187500000000000
        2.008800029754639
   6.498000025749207E-001
  -5.202000141143799E-001
   3.052000105381012E-001
  -6.535000205039978E-001
        1.863700032234192
        2.045700073242188
        2.424499988555908
        1.948099970817566
   6.883000135421753E-001
       -2.089799880981445
  -8.661000132560730E-001
   8.094999790191650E-001
        1.048200011253357
       -1.178099989891052
  -4.442999958992004E-001
        2.112099885940552
        1.541700005531311
        2.744600057601929
   8.594999909400940E-001
   2.017000019550324E-001
        1.688400030136108
        2.503200054168701
        3.727400064468384
        3.411600112915039
        3.967499971389771
        4.390399932861328
        3.941099882125855
        3.282799959182739
        3.235599994659424
        2.836199998855591
        3.885799884796143
        4.605700016021729
        4.010799884796143
        2.813800096511841
        1.243100047111511
  -2.679999917745590E-002
  -9.096000194549561E-001
   6.798999905586243E-001
  -2.152999937534332E-001
       -1.671000003814697
  -9.067000150680542E-001
       -1.415699958801270
  -9.017000198364258E-001
  -9.726999998092651E-001
       -2.141299962997437
       -2.154099941253662
       -1.290799975395203
       -1.987699985504150
  -8.776000142097473E-001
       -1.953699946403503
  -6.750000268220902E-002
  -1.272000074386597E-001
       -1.198099970817566
   5.266000032424927E-001
   8.869000077247620E-001
        1.913300037384033
        3.608099937438965
        3.003099918365479
        1.166399955749512
   8.517000079154968E-001
   7.000000029802322E-002
  -2.162999957799912E-001
   5.830000042915344E-001
  -2.428999990224838E-001
        1.749300003051758
        1.882200002670288
        1.458999991416931
        1.101199984550476
        1.043499946594238
  -6.416000127792358E-001
       -2.511499881744385
  -4.131000041961670E-001
        1.531499981880188
   9.182999730110169E-001
  -7.716000080108643E-001
   5.669000148773193E-001
   5.654000043869019E-001
   6.298000216484070E-001
  -3.731000125408173E-001
   3.574000000953674E-001
   8.715999722480774E-001
        1.656800031661987
        1.231999993324280
        2.120199918746948
        3.536499977111816
        4.781599998474121
        4.559599876403809
        3.751499891281128
        3.833100080490112
        3.085999965667725
        4.272900104522705
        5.522600173950195
        4.928999900817871
        3.068799972534180
        2.507400035858154
   7.591000199317932E-001
  -7.451999783515930E-001
   5.163999795913696E-001
       -1.387500047683716
       -1.138100028038025
       -1.553099989891052
       -1.880200028419495
       -1.125399947166443
       -1.941499948501587
       -1.197900056838989
       -2.174099922180176
       -2.235500097274780
       -1.855499982833862
       -1.874600052833557
       -1.576099991798401
  -3.323000073432922E-001
       -1.612499952316284
   1.120999976992607E-001
   9.650999903678894E-001
        1.693899989128113
        1.904299974441528
        2.419800043106079
        1.139500021934509
        3.581000089645386
        2.160700082778931
        1.313099980354309
  -7.264000177383423E-001
   5.842999815940857E-001
        1.270599961280823
        1.356400012969971
        2.298500061035156
        1.253499984741211
        1.925699949264526
   5.637999773025513E-001
   5.221999883651733E-001
       -1.325899958610535
  -8.981999754905701E-001
  -1.137000024318695E-001
  -3.910000026226044E-001
       -2.348400115966797
  -2.190000005066395E-002
   7.555000185966492E-001
   7.005000114440918E-001
        1.116700053215027
        1.655300021171570
        1.926200032234192
        1.438500046730042
        1.590999960899353
        1.708500027656555
        2.446599960327148
        3.679899930953980
        4.015799999237061
        4.518199920654297
        3.660900115966797
        3.764499902725220
        3.545799970626831
        4.111599922180176
        4.115699768066406
        3.618299961090088
        1.151600003242493
   5.906000137329102E-001
   5.587999820709229E-001
  -4.122000038623810E-001
       -1.653399944305420
       -1.168099999427795
  -7.534999847412109E-001
       -1.613499999046326
  -5.076000094413757E-001
  -7.013000249862671E-001
   4.564000070095062E-001
  -4.472999870777130E-001
  -9.275000095367432E-001
       -2.542500019073486
       -1.810999989509583
       -1.534399986267090
  -6.696000099182129E-001
  -8.751000165939331E-001
  -2.504000067710877E-001
  -3.429999947547913E-002
        1.845000028610230
        1.366999983787537
        1.346300005912781
        2.321599960327148
        2.762000083923340
        1.881000041961670
        1.099099993705750
       -1.009999990463257
  -2.142000049352646E-001
   4.142000079154968E-001
   2.888999879360199E-001
   4.582999944686890E-001
        1.301300048828125
        2.299599885940552
        1.365599989891052
  -4.912999868392944E-001
       -2.815700054168701
  -3.100000023841858E-001
  -4.736000001430512E-001
       -2.211100101470947
       -2.127399921417236
       -1.332599997520447
  -7.024999856948853E-001
        1.012599945068359
   7.214999794960022E-001
   6.255000233650208E-001
   8.316000103950501E-001
   8.159000277519226E-001
        1.748299956321716
        3.115700006484985
        2.555500030517578
        2.983400106430054
        2.719599962234497
        3.044199943542481
        4.123700141906738
        3.641200065612793
        2.655800104141235
        1.813599944114685
        3.393899917602539
        3.546600103378296
        2.970299959182739
        1.615100026130676
  -6.718000173568726E-001
  -5.389000177383423E-001
  -9.776999950408936E-001
  -1.639000028371811E-001
       -1.404800057411194
  -5.953999757766724E-001
  -5.404000282287598E-001
  -6.856999993324280E-001
  -6.776999831199646E-001
       -1.519099950790405
  -7.919999957084656E-001
       -1.662600040435791
       -1.894400000572205
   2.301000058650971E-001
   4.663000106811523E-001
        1.082100033760071
        1.973199963569641
   1.989999972283840E-002
   3.555000126361847E-001
        1.711699962615967
   8.098000288009644E-001
   9.513000249862671E-001
   7.588000297546387E-001
   8.246999979019165E-001
  -5.085999965667725E-001
  -6.220999956130981E-001
   5.174000263214111E-001
  -7.890000194311142E-002
  -1.337999999523163E-001
   2.818000018596649E-001
   6.922000050544739E-001
        1.535599946975708
   6.769000291824341E-001
       -1.409800052642822
       -1.324399948120117
  -3.201000094413757E-001
       -1.139299988746643
       -1.080299973487854
       -2.171299934387207
  -7.954999804496765E-001
   1.207000017166138E-001
   8.709999918937683E-001
  -7.789999991655350E-002
   8.500000238418579E-001
        1.046200037002564
   3.495000004768372E-001
        1.925799965858460
        2.033499956130981
        1.112400054931641
   9.481999874114990E-001
        2.997200012207031
        2.793299913406372
        3.709100008010864
        3.317100048065186
        3.408200025558472
        4.238999843597412
        3.872400045394898
        3.364000082015991
        2.194000005722046
        2.338599920272827
        1.820899963378906
  -5.440000295639038E-001
       -1.116099953651428
       -1.173099994659424
  -1.557999998331070E-001
        1.387899994850159
  -6.294999718666077E-001
  -7.426999807357788E-001
       -1.502900004386902
       -2.547499895095825
       -1.517099976539612
       -1.965899944305420
  -5.967000126838684E-001
  -5.274999737739563E-001
  -2.013999968767166E-001
  -6.960000097751617E-002
  -1.508000046014786E-001
        1.491299986839294
        1.379799962043762
        1.747900009155273
   8.125000000000000E-001
   3.768999874591827E-001
        1.050500035285950
   2.897000014781952E-001
   6.891000270843506E-001
   9.830000251531601E-002
   4.560999870300293E-001
  -3.165999948978424E-001
   3.808999955654144E-001
  -8.789999783039093E-002
   4.460999965667725E-001
  -4.472999870777130E-001
  -6.563000082969666E-001
  -7.232999801635742E-001
  -8.543000221252441E-001
       -1.616600036621094
  -7.892000079154968E-001
  -6.301000118255615E-001
   2.295999974012375E-001
  -4.747999906539917E-001
  -5.163999795913696E-001
       -1.013000011444092
  -4.266000092029572E-001
  -7.084000110626221E-001
   4.388000071048737E-001
   9.059000015258789E-001
   9.769999980926514E-001
        1.742599964141846
        1.324699997901917
   8.205000162124634E-001
   1.888999938964844E-001
        2.003400087356567
        3.973799943923950
        4.651500225067139
        4.963500022888184
        3.420000076293945
        2.409699916839600
        1.380300045013428
   7.204999923706055E-001
        1.618700027465820
   1.154000014066696E-001
  -8.470000326633453E-002
  -7.013999819755554E-001
   6.718000173568726E-001
        1.770599961280823
        2.654999971389771
        1.295699954032898
       -1.318300008773804
   1.599999964237213E-001
       -2.013200044631958
       -1.718199968338013
       -2.211899995803833
  -1.779000014066696E-001
  -8.111000061035156E-001
       -1.697399973869324
   7.494000196456909E-001
  -8.152999877929688E-001
  -8.020000159740448E-002
   8.575999736785889E-001
  -6.371999979019165E-001
   5.881000161170960E-001
   6.047000288963318E-001
   6.711000204086304E-001
        1.134299993515015
   2.266999930143356E-001
  -8.262000083923340E-001
  -1.491000056266785E-001
   4.735000133514404E-001
   7.718999981880188E-001
   1.351000070571899E-001
   2.180000022053719E-002
  -9.179000258445740E-001
  -4.277999997138977E-001
  -6.029999852180481E-001
   3.844000101089478E-001
       -1.417500019073486
  -8.622000217437744E-001
  -5.586000084877014E-001
  -1.600999981164932E-001
        1.811499953269959
        1.321699976921082
   3.971000015735626E-001
  -1.974000036716461E-001
        1.276700019836426
   9.210000038146973E-001
        2.228499889373779
        1.110399961471558
   2.234999984502792E-001
        1.054000020027161
        1.442999958992004
   4.681000113487244E-001
        2.517800092697144
        2.515899896621704
        4.870800018310547
        2.656199932098389
        3.901599884033203
        1.721300005912781
   9.011999964714050E-001
        1.825099945068359
        2.016599893569946
        1.279999971389771
        1.370900034904480
        1.421000003814697
   2.389000058174133E-001
        2.236000061035156
        2.191699981689453
        1.352499961853027
  -2.583999931812286E-001
   1.247000023722649E-001
       -1.868700027465820
  -5.655999779701233E-001
       -2.274600028991699
       -1.210899949073792
       -2.256000041961670
       -2.229700088500977
  -5.249000191688538E-001
   3.795999884605408E-001
  -3.109999895095825E-001
   6.043999791145325E-001
        1.442100048065186
  -9.703999757766724E-001
  -7.922000288963318E-001
        1.325099945068359
        2.243900060653687
   1.049999985843897E-002
  -1.705999970436096E-001
  -4.548999965190888E-001
        1.301100015640259
   7.195000052452087E-001
   1.564999967813492E-001
   2.967000007629395E-001
   1.225999966263771E-001
  -8.100000023841858E-002
  -4.300000071525574E-001
       -2.033099889755249
  -6.295999884605408E-001
  -3.700999915599823E-001
   2.736000120639801E-001
   1.266999989748001E-001
        1.937600016593933
        2.143399953842163
        2.025399923324585
        2.408999919891357
        2.113199949264526
        1.316100001335144
   9.333000183105469E-001
   6.187000274658203E-001
        1.896499991416931
        1.168499946594238
   1.336999982595444E-001
        1.162799954414368
   5.271000266075134E-001
        2.997800111770630
        2.713200092315674
        2.279799938201904
        3.241100072860718
        2.238300085067749
  -8.049999922513962E-002
   9.090999960899353E-001
        1.768499970436096
        2.842900037765503
        2.509599924087524
        2.049400091171265
   9.667999744415283E-001
   3.095000088214874E-001
   7.139000296592712E-001
        1.097200036048889
        1.150799989700317
        1.461300015449524
  -7.533000111579895E-001
       -1.134500026702881
       -1.957800030708313
       -2.824500083923340
       -3.885499954223633
       -2.418400049209595
       -1.328899979591370
   8.198999762535095E-001
        1.000399947166443
   5.896999835968018E-001
   1.511999964714050E-001
       -1.589300036430359
       -1.544499993324280
       -1.448400020599365
        2.011100053787231
   9.380000233650208E-001
  -2.439999952912331E-002
  -4.794999957084656E-001
   9.925000071525574E-001
        2.205600023269653
   8.733000159263611E-001
   5.687000155448914E-001
  -7.315999865531921E-001
        1.223799943923950
   9.369999766349793E-001
  -3.585999906063080E-001
  -3.508999943733215E-001
  -2.730000019073486E-002
        1.896999955177307
   3.813999891281128E-001
   8.741999864578247E-001
        2.438800096511841
        3.739000082015991
        4.105999946594238
        2.846600055694580
        1.077200055122376
        2.174799919128418
   1.835000067949295E-001
        1.241999983787537
   3.391999900341034E-001
   6.453999876976013E-001
        1.586199998855591
        1.504899978637695
        1.907799959182739
        2.486399888992310
        1.628200054168701
        1.399299979209900
        1.084699988365173
  -6.129000186920166E-001
        1.028399944305420
        1.507500052452087
        1.425500035285950
        3.134099960327148
   3.519999980926514E-002
  -1.296000033617020E-001
  -6.309999823570252E-001
  -9.679999947547913E-002
        1.993999958038330
        2.726300001144409
   1.526000052690506E-001
        1.133700013160706
  -6.912000179290772E-001
  -5.942000150680542E-001
       -1.608899950981140
       -4.066699981689453
       -2.197000026702881
       -2.710799932479858
       -1.146900057792664
   6.040999889373779E-001
   1.430999934673309E-001
  -2.037999927997589E-001
       -1.097100019454956
  -8.356000185012817E-001
       -1.486899971961975
   9.654999971389771E-001
        1.349099993705750
   3.869000077247620E-001
  -9.591000080108643E-001
   3.147000074386597E-001
        3.171600103378296
        1.559800028800964
  -9.999999747378752E-005
  -5.464000105857849E-001
  -8.999999845400453E-004
        2.096199989318848
        1.323899984359741
   5.827999711036682E-001
        2.379100084304810
   3.321000039577484E-001
   2.662000060081482E-001
   8.532999753952026E-001
        2.233999967575073
        2.567199945449829
        3.098400115966797
        2.463399887084961
        2.436100006103516
   6.180999875068665E-001
        1.313599944114685
        1.050600051879883
  -8.252000212669373E-001
   9.782000184059143E-001
        2.108299970626831
        1.468199968338013
        1.797000050544739
        1.199200034141541
   8.133999705314636E-001
        1.157899975776672
   6.582000255584717E-001
       -1.017699956893921
  -7.382000088691711E-001
   7.164000272750855E-001
   9.850999712944031E-001
   7.749999761581421E-001
   5.939999818801880E-001
       -1.092300057411194
       -1.350399971008301
       -1.206099987030029
        1.942100048065186
        1.692899942398071
        1.407099962234497
   6.341999769210815E-001
  -7.275999784469605E-001
  -6.740000247955322E-001
  -1.684000045061112E-001
       -2.334599971771240
       -2.493200063705444
       -2.130599975585938
   1.701000034809113E-001
   6.450999975204468E-001
   5.442000031471252E-001
  -3.253000080585480E-001
       -1.088899970054627
       -1.054100036621094
       -1.628200054168701
       -1.282099962234497
   6.440000236034393E-002
       -1.241099953651428
  -8.195000290870667E-001
   3.330000042915344E-001
        3.196700096130371
        2.548500061035156
        1.257099986076355
  -3.986000120639801E-001
   3.402999937534332E-001
   7.401999831199646E-001
        1.892199993133545
        1.244400024414063
   3.305999934673309E-001
   4.578000009059906E-001
   6.571999788284302E-001
   1.215000003576279E-001
        1.055999994277954
        1.436499953269959
        1.600299954414368
        1.791599988937378
        1.476799964904785
        2.907000064849854
        2.544899940490723
        1.511700034141541
   1.467999964952469E-001
   5.558999776840210E-001
        1.314499974250794
        2.683599948883057
        1.833099961280823
        1.351300001144409
  -2.570999860763550E-001
   4.119000136852264E-001
   5.400000140070915E-003
   2.471999973058701E-001
  -6.401000022888184E-001
        1.392400026321411
        1.827100038528442
        1.294899940490723
        1.190600037574768
   8.241999745368958E-001
  -4.480000138282776E-001
   1.229000017046928E-001
   7.810000330209732E-002
        1.507099986076355
        1.550899982452393
   8.345000147819519E-001
   6.963999867439270E-001
   7.559000253677368E-001
  -1.852999925613403E-001
  -3.379999995231628E-001
  -2.022999972105026E-001
   9.528999924659729E-001
   1.454000025987625E-001
   8.317999839782715E-001
   3.882000148296356E-001
   5.119999870657921E-002
       -1.858299970626831
       -2.148299932479858
       -1.328099966049194
       -1.446900010108948
       -1.284800052642822
  -6.309000253677368E-001
  -2.725000083446503E-001
       -1.179700016975403
        1.717100024223328
        1.643700003623962
        2.345900058746338
        1.871500015258789
        1.304499983787537
        1.210100054740906
        1.769799947738648
        1.862699985504150
  -2.338999956846237E-001
  -1.289000064134598E-001
        1.783800005912781
        1.331900000572205
        1.023200035095215
   5.781000256538391E-001
  -8.659999966621399E-001
  -9.397000074386597E-001
  -2.538000047206879E-001
        1.589499950408936
        1.905900001525879
        1.106199979782105
   2.337000072002411E-001
   7.940999865531921E-001
        2.591099977493286
        2.746200084686279
        1.667500019073486
        1.332100033760071
        1.345800042152405
   7.793999910354614E-001
   2.333000004291534E-001
   5.503000020980835E-001
        1.622300028800964
        2.645699977874756
        2.258100032806397
        2.468400001525879
        2.614399909973145
        2.447400093078613
        2.177299976348877
        1.226799964904785
        1.512300014495850
   9.487000107765198E-001
   4.943999946117401E-001
        2.153899908065796
        1.340899944305420
        1.150300025939941
  -2.398000061511993E-001
  -9.108999967575073E-001
        1.287099957466126
        1.549000024795532
   6.909000277519226E-001
   6.003999710083008E-001
  -3.014000058174133E-001
   7.203000187873840E-001
       -1.891600012779236
       -1.870000004768372
       -1.184499979019165
  -3.465000092983246E-001
       -1.331900000572205
       -2.055599927902222
  -6.287000179290772E-001
       -1.324000000953674
        2.828700065612793
        2.694900035858154
        2.786600112915039
        1.977699995040894
        1.893900036811829
        1.465899944305420
   7.720999717712402E-001
        2.459700107574463
   8.161000013351440E-001
   4.722999930381775E-001
   5.799999833106995E-001
        1.347200036048889
   7.698000073432922E-001
   2.260000072419643E-002
   5.656999945640564E-001
   6.596999764442444E-001
   3.720999956130981E-001
   2.633000016212463E-001
   6.028000116348267E-001
        3.186399936676025
   5.720999836921692E-001
   7.390000224113464E-001
        1.665400028228760
        3.696599960327148
        1.508100032806397
        2.579900026321411
        3.082600116729736
        2.325799942016602
        2.065599918365479
        2.113199949264526
        3.868200063705444
        4.672800064086914
        3.743499994277954
        2.654000043869019
        2.947700023651123
        2.492000102996826
        2.886399984359741
        2.054399967193604
        1.480900049209595
   4.835999906063080E-001
   6.399999856948853E-001
   4.018999934196472E-001
   5.361999869346619E-001
  -9.549999833106995E-001
  -8.478000164031982E-001
   3.889000117778778E-001
   4.492999911308289E-001
   6.309000253677368E-001
   8.040000200271606E-001
   1.640000008046627E-002
       -1.950700044631958
        1.138499975204468
   8.549000024795532E-001
  -5.598999857902527E-001
       -1.627099990844727
       -1.093199968338013
       -2.384999990463257
  -9.577000141143799E-001
       -1.693300008773804
  -5.591999888420105E-001
        3.250799894332886
        2.530800104141235
   3.693000078201294E-001
   3.655000030994415E-001
   5.217999815940857E-001
        1.297899961471558
        1.615499973297119
   5.906999707221985E-001
   9.700000286102295E-002
  -6.276999711990356E-001
  -8.889999985694885E-002
        1.179999947547913
        1.509999990463257
        2.012900114059448
   1.777999997138977E-001
   7.268000245094299E-001
        1.573500037193298
        1.193199992179871
        2.642299890518189
        2.127099990844727
   2.236000001430512E-001
   5.081999897956848E-001
        2.621599912643433
        1.949499964714050
        2.448999881744385
        2.123699903488159
        2.085599899291992
        1.404299974441528
        3.768199920654297
        5.367000102996826
        5.354899883270264
        4.862100124359131
        3.414799928665161
        3.206799983978272
        2.359800100326538
        1.968000054359436
        2.008599996566773
        2.601200103759766
  -5.328000187873840E-001
  -1.520000025629997E-002
   7.944999933242798E-001
  -6.510999798774719E-001
  -1.088000014424324E-001
   2.472999989986420E-001
   1.748999953269959E-001
   2.845999896526337E-001
   5.430999994277954E-001
        1.351400017738342
        1.213799953460693
        1.525099992752075
   3.418999910354614E-001
        1.694800019264221
   7.637000083923340E-001
   8.665000200271606E-001
       -1.658400058746338
       -1.360100030899048
       -2.108500003814697
  -8.769999742507935E-001
       -1.406299948692322
       -1.227300047874451
        2.484400033950806
        1.844599962234497
        1.016199946403503
  -6.082999706268311E-001
  -7.142000198364258E-001
  -2.416999936103821E-001
        1.179999947547913
        1.035400032997131
   7.800999879837036E-001
   1.409000009298325E-001
   5.119999870657921E-002
        1.273399949073792
   7.221000194549561E-001
        1.306300044059753
   2.655000090599060E-001
  -1.967000067234039E-001
        2.055900096893311
        1.702800035476685
        1.463199973106384
   3.203000128269196E-001
        1.144099950790405
  -5.784999728202820E-001
  -4.043999910354614E-001
   8.920000195503235E-001
        1.279099941253662
        2.073400020599365
        2.076999902725220
        2.748399972915649
        3.113199949264526
        5.457499980926514
        4.942999839782715
        3.379100084304810
        3.401299953460693
        4.000299930572510
        1.811100006103516
   9.933999776840210E-001
   5.370000004768372E-002
        1.667199969291687
        1.618800044059753
        1.252599954605103
        2.019299983978272
   3.386999964714050E-001
   8.438000082969666E-001
   3.290000185370445E-002
   2.741000056266785E-001
   7.048000097274780E-001
        1.546700000762940
        1.993199944496155
        1.599599957466126
        1.475900053977966
        1.864300012588501
        1.734599947929382
   3.454999923706055E-001
   1.308999955654144E-001
       -1.152500033378601
       -1.669899940490723
       -1.490100026130676
  -4.262999892234802E-001
  -2.511999905109406E-001
   4.674000144004822E-001
  -5.595999956130981E-001
  -3.973000049591065E-001
  -2.485000044107437E-001
        1.060299992561340
   1.500999927520752E-001
  -7.479999959468842E-002
        1.013000011444092
        1.235999941825867
        1.789299964904785
   8.309000134468079E-001
        1.341599941253662
   6.923000216484070E-001
        1.315199971199036
   1.850000023841858E-002
       -1.037600040435791
  -4.216000139713287E-001
   8.650000095367432E-001
   9.416999816894531E-001
        1.613000035285950
   9.079999923706055E-001
  -4.100000020116568E-003
  -1.465999931097031E-001
  -5.242000222206116E-001
  -6.286000013351440E-001
   1.491000056266785E-001
        1.167400002479553
        2.189699888229370
        3.822799921035767
        3.438499927520752
        4.113699913024902
        4.303899765014648
        2.745699882507324
        2.753099918365479
        1.561900019645691
        1.251899957656860
   3.291000127792358E-001
        1.025799989700317
   9.904999732971191E-001
        3.572599887847900
        2.079699993133545
        1.395099997520447
   3.072000145912170E-001
        1.702900052070618
        1.640599966049194
        1.529000043869019
   7.501000165939331E-001
   4.792999923229218E-001
        1.085899949073792
        1.439700007438660
   4.508999884128571E-001
   6.696000099182129E-001
   6.862999796867371E-001
   2.813999950885773E-001
  -6.787999868392944E-001
  -8.609999716281891E-002
  -3.542000055313110E-001
   1.869999989867210E-002
       -1.606899976730347
       -1.321799993515015
        1.213199973106384
   5.710999965667725E-001
   2.238000035285950E-001
   6.520000100135803E-001
   3.811999857425690E-001
   4.896999895572662E-001
  -5.077000260353088E-001
  -1.510000042617321E-002
        1.614400029182434
        1.219699978828430
   6.905999779701233E-001
        1.589499950408936
        1.101600050926209
  -3.873000144958496E-001
        1.560799956321716
       -1.430500030517578
       -1.760300040245056
  -7.290999889373779E-001
   6.658999919891357E-001
        1.098999977111816
       -1.272600054740906
       -1.095399975776672
       -1.417600035667419
  -2.114000022411346E-001
   6.225000023841858E-001
  -3.966000080108643E-001
   2.125000059604645E-001
        2.803100109100342
        4.246200084686279
        2.880899906158447
        2.971499919891357
        3.840500116348267
        2.841099977493286
        1.832700014114380
        1.569499969482422
        1.267799973487854
        1.243499994277954
   2.240999937057495E-001
   9.613000154495239E-001
        2.147900104522705
        2.556200027465820
        2.933500051498413
        2.026299953460693
        2.853499889373779
        3.717400074005127
        2.493799924850464
   8.761000037193298E-001
   2.133000046014786E-001
   5.950999855995178E-001
   3.806999921798706E-001
   9.560000151395798E-002
   8.443999886512756E-001
   2.754999995231628E-001
   1.158000007271767E-001
   6.901999711990356E-001
        1.040099978446960
   5.920000076293945E-001
  -2.624000012874603E-001
  -1.203000023961067E-001
       -1.902199983596802
       -1.246199965476990
   6.105999946594238E-001
   5.049999952316284E-001
   2.291000038385391E-001
        1.811800003051758
   8.518000245094299E-001
  -1.268000006675720E-001
        1.632300019264221
        1.322399973869324
   3.025000095367432E-001
  -1.895000040531158E-001
       -1.320999979972839
   2.449999935925007E-002
        1.038400053977966
   1.140000000596046E-001
  -9.305999875068665E-001
       -2.090699911117554
  -2.594000101089478E-001
   9.240000247955322E-001
   7.264999747276306E-001
   2.460999935865402E-001
  -6.076999902725220E-001
       -1.147199988365173
       -1.193899989128113
  -8.743000030517578E-001
  -1.721999943256378E-001
   9.690000116825104E-002
        3.561599969863892
        4.347799777984619
        2.359100103378296
        2.796200037002564
        3.111000061035156
        1.189000010490418
   7.394999861717224E-001
        1.372400045394898
   9.901999831199646E-001
        1.660199999809265
        2.120800018310547
        1.280799984931946
        1.653399944305420
        2.623500108718872
        2.918800115585327
        3.394000053405762
        3.326200008392334
        2.426300048828125
   8.977000117301941E-001
   6.469999998807907E-002
        1.668699979782105
   5.996999740600586E-001
       -1.054399967193604
  -7.400000002235174E-003
  -4.314000010490418E-001
  -1.930000074207783E-002
        1.123600006103516
        1.104400038719177
        2.115299940109253
        1.606799960136414
        1.423200011253357
  -7.523000240325928E-001
  -3.968000113964081E-001
       -1.146199941635132
  -5.146999955177307E-001
  -2.304999977350235E-001
       -1.126500010490418
  -6.880000233650208E-001
  -2.205000072717667E-001
  -3.880000114440918E-001
        1.557800054550171
        1.322399973869324
        1.003100037574768
  -5.771999955177307E-001
       -1.842300057411194
  -3.285999894142151E-001
  -4.201999902725220E-001
  -2.287999987602234E-001
       -1.244199991226196
       -1.640300035476685
       -1.226899981498718
  -2.462999969720841E-001
   4.323999881744385E-001
  -8.532999753952026E-001
       -1.489099979400635
       -1.151299953460693
  -5.824999809265137E-001
  -2.459000051021576E-001
   8.253999948501587E-001
  -1.669999957084656E-002
        1.657199978828430
        3.526099920272827
        2.177000045776367
        2.060199975967407
        1.221400022506714
        1.269299983978272
   6.822000145912170E-001
   3.752000033855438E-001
   7.713999748229981E-001
   9.445000290870667E-001
        1.461799979209900
        1.215999960899353
        2.052400112152100
        1.864799976348877
        2.089299917221069
        1.750800013542175
        2.370199918746948
        1.618600010871887
   1.155999973416328E-001
   7.570999860763550E-001
        1.840299963951111
        1.506299972534180
  -8.330000191926956E-002
  -5.716000199317932E-001
   6.791999936103821E-001
   6.152999997138977E-001
  -7.360000163316727E-002
   4.850000143051148E-001
        1.541499972343445
   9.796000123023987E-001
   3.838999867439270E-001
       -1.408200025558472
  -5.120999813079834E-001
  -3.497999906539917E-001
  -4.348999857902527E-001
  -1.526000052690506E-001
       -1.451599955558777
       -1.168499946594238
  -1.257999986410141E-001
       -1.091099977493286
        1.485999941825867
   9.868000149726868E-001
  -5.575000047683716E-001
       -1.442800045013428
       -1.631199955940247
       -1.411000013351440
  -6.489999890327454E-001
       -1.214300036430359
  -9.764999747276306E-001
       -1.223099946975708
       -1.138200044631958
  -4.787999987602234E-001
       -2.168200016021729
  -7.699999809265137E-001
   2.642000019550324E-001
       -1.102399945259094
       -1.036700010299683
   3.941000103950501E-001
   1.729000061750412E-001
   3.546000123023987E-001
  -3.220000118017197E-002
        1.060799956321716
   6.564999818801880E-001
        1.269400000572205
   3.197999894618988E-001
   6.836000084877014E-001
        1.151399970054627
  -4.596999883651733E-001
        1.368800044059753
        1.872799992561340
   5.616999864578247E-001
        1.387099981307983
   3.036000132560730E-001
        1.284100055694580
        2.037300109863281
   8.677999973297119E-001
        1.902600049972534
        1.157999992370606
        1.725499987602234
        1.054700016975403
        3.095000028610230
        2.137700080871582
        1.666000008583069
        1.353899955749512
   9.164000153541565E-001
  -3.926999866962433E-001
        1.337800025939941
   9.714000225067139E-001
   1.600999981164932E-001
   5.050000175833702E-002
       -1.437999963760376
  -9.947000145912170E-001
  -4.399000108242035E-001
   7.379999756813049E-002
  -4.022000133991242E-001
       -2.349499940872192
  -4.212000072002411E-001
  -7.441999912261963E-001
       -2.049499988555908
  -5.534999966621399E-001
   2.833000123500824E-001
   5.491999983787537E-001
  -7.689999788999558E-002
       -1.371299982070923
       -1.528900027275085
       -2.354199886322022
  -4.742999970912933E-001
       -1.504600048065186
       -2.603100061416626
       -2.132400035858154
  -9.077000021934509E-001
       -2.188499927520752
       -2.617000102996826
       -1.637099981307983
       -1.222200036048889
       -2.060400009155273
       -1.022300004959106
  -3.582000136375427E-001
   6.790000200271606E-002
   6.496999859809876E-001
  -1.220000013709068E-001
  -1.459999978542328E-001
       -1.042899966239929
        1.020599961280823
        1.295500040054321
   4.711000025272369E-001
        1.559100031852722
        1.891899943351746
   8.231999874114990E-001
   2.818999886512756E-001
        1.129400014877319
   1.765999943017960E-001
   5.357000231742859E-001
  -8.349000215530396E-001
        1.826900005340576
        1.402500033378601
   5.946999788284302E-001
   9.797000288963318E-001
   7.091000080108643E-001
   1.119000017642975E-001
   9.495000243186951E-001
   2.583999931812286E-001
   3.350000083446503E-002
  -1.225999966263771E-001
       -1.417400002479553
       -1.570799946784973
  -7.630000114440918E-001
   4.476000070571899E-001
  -9.869999885559082E-001
       -1.519600033760071
       -1.073300004005432
       -2.525700092315674
       -1.906499981880188
       -1.495599985122681
       -1.664399981498718
       -1.413599967956543
       -1.478999972343445
       -2.419699907302856
       -2.040400028228760
       -1.632300019264221
  -1.149000003933907E-001
   9.842000007629395E-001
   3.630000054836273E-001
  -2.772000133991242E-001
       -1.047700047492981
  -6.657999753952026E-001
  -4.314999878406525E-001
  -7.677000164985657E-001
       -1.929999947547913
       -2.907700061798096
       -2.212599992752075
       -1.220000028610230
       -4.009600162506104
       -1.675600051879883
   9.830000251531601E-002
       -1.180199980735779
       -2.588099956512451
       -1.777500033378601
  -6.559000015258789E-001
  -9.706000089645386E-001
   4.839999973773956E-002
        1.032699942588806
        1.107599973678589
  -3.964000046253204E-001
   6.743000149726868E-001
        2.136300086975098
        2.647300004959106
        2.431499958038330
        2.190000057220459
        2.581700086593628
        1.974400043487549
        1.801399946212769
  -6.342999935150147E-001
  -4.729999899864197E-001
  -7.738000154495239E-001
       -1.064900040626526
   7.096999883651733E-001
   6.545000076293945E-001
   9.908000230789185E-001
        1.652400016784668
  -3.449999913573265E-002
        1.102699995040894
   1.181999966502190E-001
  -7.588999867439270E-001
       -1.092000007629395
       -1.373700022697449
       -1.719799995422363
  -8.083000183105469E-001
       -1.889600038528442
       -3.046299934387207
       -2.179600000381470
       -3.537100076675415
       -2.736099958419800
       -2.371900081634522
       -2.186000108718872
       -1.502200007438660
       -1.069200038909912
  -6.843000054359436E-001
       -3.274800062179565
       -2.173300027847290
   4.332000017166138E-001
   3.197000026702881E-001
        1.024899959564209
        1.530699968338013
        1.036900043487549
   3.206000030040741E-001
   2.948000133037567E-001
  -3.623999953269959E-001
       -1.297799944877625
       -1.747599959373474
  -8.266000151634216E-001
  -8.482999801635742E-001
       -1.128999948501587
       -1.244799971580505
  -8.719000220298767E-001
       -2.263200044631958
       -1.847100019454956
       -2.205899953842163
       -2.492799997329712
       -2.574199914932251
  -3.957999944686890E-001
   3.054000139236450E-001
        1.282199978828430
   3.050000034272671E-002
   8.478999733924866E-001
        1.370599985122681
        1.702700018882752
        1.486600041389465
  -4.539000093936920E-001
   6.668000221252441E-001
        1.216400027275085
   6.894000172615051E-001
  -3.835999965667725E-001
   1.421999931335449E-001
  -1.164000034332275E-001
       -1.437199950218201
   3.149999976158142E-001
   2.799000144004822E-001
  -9.837999939918518E-001
  -4.866999983787537E-001
       -1.645699977874756
  -3.758000135421753E-001
       -1.180799961090088
       -1.220999956130981
  -4.203999936580658E-001
       -1.501999974250794
       -2.621799945831299
       -3.283999919891357
       -2.228499889373779
       -3.777699947357178
       -3.231499910354614
       -2.413500070571899
       -2.078999996185303
       -1.512599945068359
       -3.142199993133545
       -2.619199991226196
       -2.851799964904785
       -2.901299953460693
       -2.078999996185303
  -8.647999763488770E-001
       -1.140400052070618
   8.980000019073486E-002
   6.586999893188477E-001
   8.450000286102295E-001
        1.790599942207336
        3.269399881362915
   2.691999971866608E-001
   3.082000017166138E-001
       -2.168200016021729
       -1.318799972534180
       -1.760300040245056
       -1.277199983596802
       -1.179700016975403
       -1.161299943923950
  -5.698999762535095E-001
       -1.817899942398071
       -1.263200044631958
       -1.465800046920776
       -2.005500078201294
       -2.323100090026856
       -1.418799996376038
  -7.264000177383423E-001
  -1.350000053644180E-001
   1.456000059843063E-001
   7.099000215530396E-001
        1.257899999618530
        2.387300014495850
   6.794999837875366E-001
   8.241999745368958E-001
   4.088999927043915E-001
  -6.510999798774719E-001
   2.206999957561493E-001
  -5.726000070571899E-001
       -1.303200006484985
       -1.901600003242493
  -8.185999989509583E-001
   1.383000016212463E-001
   5.863999724388123E-001
  -2.926999926567078E-001
       -2.691299915313721
       -1.921100020408630
       -1.086699962615967
       -1.309200048446655
       -1.438599944114685
  -4.329999908804894E-002
       -2.291899919509888
       -1.163300037384033
       -1.640300035476685
       -1.975399971008301
       -2.198699951171875
       -1.950399994850159
  -7.609999924898148E-002
       -2.377199888229370
       -2.543699979782105
  -9.810000061988831E-001
       -3.451900005340576
       -1.884799957275391
  -9.327999949455261E-001
       -1.631000041961670
  -5.564000010490418E-001
       -1.091599941253662
   6.111999750137329E-001
        1.705600023269653
        1.595100045204163
   8.392999768257141E-001
        2.191999912261963
        1.384299993515015
  -1.027000024914742E-001
       -2.519999980926514
       -3.072799921035767
       -1.513000011444092
       -2.745100021362305
  -9.455999732017517E-001
  -9.933999776840210E-001
  -9.124000072479248E-001
  -7.768999934196472E-001
       -1.292400002479553
       -2.276400089263916
       -1.128700017929077
       -1.343500018119812
       -2.285599946975708
       -1.449200034141541
  -6.700999736785889E-001
  -5.020000040531158E-002
        1.166700005531311
   9.925000071525574E-001
        1.199499964714050
        2.415999889373779
        2.032799959182739
       -1.890100002288818
  -7.447000145912170E-001
   5.604000091552734E-001
       -1.160500049591065
       -2.180099964141846
       -2.178200006484985
  -9.197999835014343E-001
  -3.781000077724457E-001
  -8.184999823570252E-001
       -1.066100001335144
       -2.381799936294556
       -2.635499954223633
       -1.378499984741211
  -6.395999789237976E-001
       -1.861700057983398
       -2.819999933242798
       -1.432899951934815
       -3.190000057220459
  -7.753000259399414E-001
       -2.072999954223633
       -3.233799934387207
       -2.463599920272827
       -2.527499914169312
       -3.795099973678589
       -3.116699934005737
       -2.162199974060059
       -1.074100017547607
   3.940000012516975E-002
  -5.525000095367432E-001
  -5.769000053405762E-001
   1.869999989867210E-002
   3.824999928474426E-001
   7.634999752044678E-001
   4.156000018119812E-001
        1.206599950790405
  -2.867000102996826E-001
   5.220000073313713E-002
   5.499999970197678E-002
  -2.366999983787537E-001
       -1.478000044822693
       -2.666300058364868
       -1.274899959564209
  -9.822999835014343E-001
   3.770999908447266E-001
        1.031800031661987
        1.107699990272522
  -6.705999970436096E-001
  -2.511999905109406E-001
       -1.700399994850159
       -2.143800020217896
       -1.152600049972534
  -3.506999909877777E-001
  -2.930000126361847E-001
   8.111000061035156E-001
   8.799999952316284E-003
   1.570000052452087E-001
        2.562500000000000
        2.163599967956543
        1.922199964523315
        2.174099922180176
   1.002999991178513E-001
   2.412000000476837E-001
  -3.565999865531921E-001
       -1.240499973297119
       -1.835399985313416
       -4.088900089263916
       -1.528800010681152
       -1.737499952316284
       -2.021500110626221
       -2.214200019836426
       -1.260699987411499
  -7.202000021934509E-001
  -2.073999941349030E-001
  -4.517000019550324E-001
       -1.629799962043762
       -2.549099922180176
       -1.657500028610230
       -2.740099906921387
       -2.000799894332886
       -2.398499965667725
       -2.730200052261353
       -3.412400007247925
       -4.178400039672852
       -3.951200008392334
       -3.693099975585938
       -1.444300055503845
  -4.208999872207642E-001
   8.625000119209290E-001
        1.943699955940247
  -5.347999930381775E-001
  -5.888000130653381E-001
  -5.282999873161316E-001
  -5.665000081062317E-001
   5.611000061035156E-001
  -4.947000145912170E-001
  -9.399999976158142E-001
  -3.874999880790710E-001
   9.832999706268311E-001
   9.958000183105469E-001
   9.088000059127808E-001
  -3.142000138759613E-001
   3.662999868392944E-001
        1.079399943351746
   1.653999984264374E-001
  -3.119999915361404E-002
  -1.407999992370606E-001
   3.964000046253204E-001
   7.250000238418579E-001
       -1.118800044059753
       -2.161700010299683
  -5.156999826431274E-001
  -5.959999933838844E-002
  -2.471999973058701E-001
   3.143999874591827E-001
       -1.153100013732910
   9.721000194549561E-001
   5.609999895095825E-001
   2.028000056743622E-001
   4.945999979972839E-001
   4.896999895572662E-001
  -3.449999913573265E-002
  -7.031999826431274E-001
       -1.349300026893616
  -5.189999938011169E-001
       -2.869800090789795
       -3.686700105667114
       -3.098299980163574
       -2.876600027084351
  -5.041000247001648E-001
       -1.310999989509583
   5.770000219345093E-001
   5.649999901652336E-002
   1.308999955654144E-001
       -1.306599974632263
       -1.589300036430359
  -8.991000056266785E-001
       -2.314399957656860
       -3.927900075912476
       -2.106899976730347
       -3.767600059509277
       -3.285500049591065
       -4.936800003051758
       -5.216199874877930
       -5.862899780273438
       -3.173899888992310
   4.733999967575073E-001
  -2.660000026226044E-001
   5.813999772071838E-001
   1.749999970197678E-001
  -5.368000268936157E-001
  -6.744999885559082E-001
   4.339999854564667E-001
  -7.666000127792358E-001
   9.579999744892120E-002
  -8.763999938964844E-001
  -2.567999958992004E-001
        1.062999963760376
  -3.472999930381775E-001
        1.382699966430664
        1.164499998092651
        1.809200048446655
   6.504999995231628E-001
   2.942999899387360E-001
        1.303599953651428
  -2.299000024795532E-001
  -5.141999721527100E-001
   2.002999931573868E-001
   1.132000014185906E-001
        1.145099997520447
  -6.491000056266785E-001
   7.696999907493591E-001
  -2.976000010967255E-001
  -3.474999964237213E-001
   1.024999991059303E-001
       -1.096199989318848
  -7.626000046730042E-001
       -1.017799973487854
   7.209999859333038E-002
   3.212999999523163E-001
   1.767999976873398E-001
  -1.949000060558319E-001
       -1.610999941825867
       -1.887400031089783
       -1.353099942207336
       -2.530299901962280
       -4.372099876403809
       -5.982500076293945
       -3.932499885559082
       -2.156599998474121
       -1.177800059318543
  -7.497000098228455E-001
  -4.693000018596649E-001
  -9.750999808311462E-001
  -8.745999932289124E-001
  -8.748999834060669E-001
  -5.898000001907349E-001
       -1.187600016593933
       -2.407599925994873
       -4.060100078582764
       -3.901299953460693
       -4.217299938201904
       -5.302700042724609
       -6.699800014495850
       -4.489600181579590
       -3.167700052261353
   8.360000252723694E-001
  -4.214999973773956E-001
        1.691499948501587
  -8.749999850988388E-002
       -1.392300009727478
       -1.816799998283386
  -4.061999917030335E-001
  -4.470000043511391E-002
   3.788999915122986E-001
   3.720000013709068E-002
  -4.920000135898590E-001
   4.449000060558319E-001
        1.072999954223633
   7.512000203132629E-001
        2.122100114822388
  -2.129999920725822E-002
  -9.200999736785889E-001
  -4.253000020980835E-001
  -5.900000222027302E-003
   8.743000030517578E-001
  -6.899999920278788E-003
  -6.150000169873238E-002
       -1.929299950599670
  -7.922000288963318E-001
  -4.180000126361847E-001
  -5.425999760627747E-001
  -3.477999866008759E-001
   6.870000064373016E-002
   5.333999991416931E-001
   9.113000035285950E-001
  -9.379000067710877E-001
   4.316999912261963E-001
   8.266000151634216E-001
   7.567999958992004E-001
       -1.245800018310547
  -8.030000329017639E-002
       -1.167400002479553
  -9.178000092506409E-001
       -2.103300094604492
       -1.309299945831299
       -1.515100002288818
       -4.432899951934815
       -3.716500043869019
       -1.949599981307983
       -1.412899971008301
  -1.633999943733215E-001
  -5.742999911308289E-001
       -1.475700020790100
   1.887000054121018E-001
       -1.273399949073792
  -6.161999702453613E-001
  -7.720000296831131E-002
       -1.737400054931641
       -3.948699951171875
       -3.235500097274780
       -3.482599973678589
       -4.481900215148926
       -5.996699810028076
       -2.879100084304810
       -2.641299962997437
        1.765400052070618
   9.593999981880188E-001
        1.252200007438660
       -1.259400010108948
       -2.826299905776978
       -2.564899921417236
       -2.677400112152100
       -1.456599950790405
  -6.173999905586243E-001
  -4.431000053882599E-001
       -2.439199924468994
       -1.104099988937378
        1.454599976539612
        1.274099946022034
        1.680600047111511
        1.621700048446655
   7.828999757766724E-001
  -9.361000061035156E-001
   1.433999985456467E-001
   1.169999986886978E-001
   2.908999919891357E-001
  -1.738000065088272E-001
   3.070999979972839E-001
       -1.184299945831299
       -2.894999980926514
       -2.653300046920776
       -1.172099947929382
   3.966999948024750E-001
   6.080999970436096E-001
   2.489999979734421E-001
       -1.208400011062622
  -1.425999999046326E-001
   9.381999969482422E-001
        1.018100023269653
       -1.325700044631958
       -2.331000089645386
       -2.210099935531616
       -1.794299960136414
       -1.976899981498718
       -2.992300033569336
       -2.591200113296509
       -3.281800031661987
  -8.909000158309937E-001
   1.456000059843063E-001
   3.143000006675720E-001
       -2.055500030517578
  -9.965999722480774E-001
   8.166999816894531E-001
  -6.139000058174133E-001
       -1.956599950790405
       -1.635200023651123
       -1.253200054168701
       -2.438299894332886
       -2.951600074768066
       -4.487199783325195
       -4.211599826812744
       -3.634500026702881
       -4.056700229644775
       -3.673799991607666
       -4.391099929809570
        1.045799970626831
        1.499899983406067
  -5.701000094413757E-001
       -2.201699972152710
       -3.057300090789795
       -2.921200037002564
       -4.096799850463867
       -2.020900011062622
  -9.968000054359436E-001
       -2.034199953079224
       -1.478899955749512
  -7.501999735832214E-001
        1.152099967002869
        1.401600003242493
        1.395300030708313
  -3.940000012516975E-002
   5.450999736785889E-001
  -2.642999887466431E-001
  -1.247999966144562E-001
   1.495999991893768E-001
  -2.849999964237213E-001
  -3.898000121116638E-001
  -8.860000222921372E-002
       -2.296600103378296
       -1.805099964141846
       -2.747100114822388
  -2.716999948024750E-001
   3.043000102043152E-001
        1.511399984359741
        1.025400042533875
  -4.859000146389008E-001
  -4.938000142574310E-001
        1.254099965095520
   3.998999893665314E-001
       -1.159399986267090
       -2.504699945449829
       -1.493999958038330
       -1.848299980163574
       -1.834300041198731
       -2.717200040817261
       -3.554699897766113
       -2.166599988937378
   5.713000297546387E-001
        1.114300012588501
   4.510999917984009E-001
   2.526000142097473E-001
   3.307999968528748E-001
  -8.995000123977661E-001
   6.270999908447266E-001
       -2.263900041580200
       -1.515200018882752
  -8.497999906539917E-001
  -9.803000092506409E-001
       -3.930399894714356
       -3.720799922943115
       -4.851799964904785
       -5.082099914550781
       -2.893399953842163
       -4.035600185394287
       -4.657599925994873
        1.749099969863892
  -5.062000155448914E-001
  -1.389999985694885E-001
  -9.514999985694885E-001
       -3.123899936676025
       -2.625200033187866
       -3.908999919891357
       -2.298599958419800
       -1.430400013923645
       -1.828400015830994
       -2.059499979019165
  -9.079999923706055E-001
        1.322299957275391
   7.095000147819519E-001
   5.875999927520752E-001
  -8.698999881744385E-001
        1.773300051689148
   6.062999963760376E-001
   3.472000062465668E-001
   2.815000116825104E-001
  -5.246000289916992E-001
       -1.364799976348877
       -1.650799989700317
       -2.017299890518189
  -9.473000168800354E-001
  -9.851999878883362E-001
        1.096899986267090
   8.718000054359436E-001
        1.098199963569641
        1.742100000381470
  -8.008000254631043E-001
  -1.429000049829483E-001
   4.598999917507172E-001
       -1.960899949073792
       -2.032599925994873
       -2.359499931335449
       -1.561100006103516
       -1.816499948501587
       -1.467599987983704
       -2.375499963760376
       -2.629199981689453
       -1.948899984359741
   6.355000138282776E-001
   7.444000244140625E-001
        1.629699945449829
   8.956999778747559E-001
   4.316999912261963E-001
       -1.227599978446960
   6.578000187873840E-001
   1.827999949455261E-001
  -3.343000113964081E-001
  -4.325000047683716E-001
       -1.828199982643127
       -2.861000061035156
       -4.465799808502197
       -4.155499935150147
       -4.439499855041504
       -4.532800197601318
       -4.075399875640869
       -3.621599912643433
   3.370000123977661E-001
       -1.196900010108948
   5.662000179290772E-001
       -1.769700050354004
       -2.253900051116943
       -2.163300037384033
       -2.411200046539307
       -2.814300060272217
  -8.715000152587891E-001
  -3.635999858379364E-001
  -7.918999791145325E-001
   8.739999681711197E-002
        2.346699953079224
        1.503900051116943
        1.341899991035461
   8.198999762535095E-001
        1.556599974632263
        1.250900030136108
  -2.240999937057495E-001
   6.746000051498413E-001
  -2.474000006914139E-001
  -5.695000290870667E-001
       -1.325999975204468
       -2.683000087738037
       -2.167500019073486
  -9.602000117301941E-001
       -1.391199946403503
  -8.274000287055969E-001
  -4.702999889850617E-001
  -5.047000050544739E-001
       -1.228199958801270
       -2.321000099182129
       -1.481799960136414
       -1.448400020599365
       -1.951200008392334
       -1.498200058937073
  -6.912000179290772E-001
   1.801999956369400E-001
   5.148000121116638E-001
  -8.213999867439270E-001
       -1.063799977302551
       -1.534700036048889
  -5.182999968528748E-001
  -1.092000007629395E-001
        2.070800065994263
        1.779099941253662
        1.383700013160706
  -5.874000191688538E-001
        1.309599995613098
   6.506000161170960E-001
  -1.697999984025955E-001
       -1.751199960708618
       -1.755300045013428
       -3.063999891281128
       -4.454500198364258
       -4.722799777984619
       -5.287700176239014
       -5.276899814605713
       -3.930599927902222
       -3.425600051879883
  -2.188999950885773E-001
   1.999999955296516E-002
  -4.821999967098236E-001
  -4.909000098705292E-001
       -1.740300059318543
       -2.444099903106690
       -2.860500097274780
       -1.275099992752075
   2.809000015258789E-001
  -2.621000111103058E-001
   9.189999848604202E-002
  -3.515000045299530E-001
        1.283499956130981
   2.777000069618225E-001
   6.317999958992004E-001
   6.233999729156494E-001
   8.409000039100647E-001
   5.626000165939331E-001
   7.328000068664551E-001
   2.451999932527542E-001
  -2.960999906063080E-001
       -1.110100030899048
       -2.129499912261963
       -2.138700008392334
       -3.522700071334839
       -3.773200035095215
       -2.503799915313721
       -1.940999984741211
       -2.163599967956543
       -1.142699956893921
       -3.209899902343750
       -2.014800071716309
  -6.266999840736389E-001
       -1.165599942207336
       -1.149500012397766
       -1.371899962425232
       -1.368000030517578
  -8.528000116348267E-001
  -3.064999878406525E-001
  -2.270999997854233E-001
       -1.658499956130981
       -1.255699992179871
   3.183000087738037E-001
  -1.427000015974045E-001
        1.165899991989136
   9.548000097274780E-001
   4.710000008344650E-002
   4.600000102072954E-003
        1.540699958801270
   5.570000037550926E-002
  -6.105999946594238E-001
  -8.684999942779541E-001
       -1.245800018310547
       -3.448100090026856
       -3.532700061798096
       -3.708899974822998
       -3.439100027084351
       -3.937900066375732
       -2.435199975967407
       -4.962399959564209
        1.127699971199036
  -2.495999932289124E-001
   2.906999886035919E-001
       -2.016499996185303
       -1.695600032806397
       -2.327800035476685
       -2.256999969482422
       -2.672100067138672
  -5.716000199317932E-001
  -8.468999862670898E-001
   2.417999953031540E-001
   8.982999920845032E-001
   9.929999709129334E-002
   5.896000266075134E-001
        1.264600038528442
   5.892000198364258E-001
   6.704999804496765E-001
   8.015999794006348E-001
  -5.630999803543091E-001
  -9.579999744892120E-002
  -3.497999906539917E-001
       -2.688400030136108
  -9.962999820709229E-001
       -1.824399948120117
       -2.724499940872192
       -3.929300069808960
       -2.286600112915039
       -1.166200041770935
       -2.363100051879883
  -4.271999895572662E-001
       -2.038199901580811
       -1.104699969291687
  -8.786000013351440E-001
  -7.055000066757202E-001
       -1.547000050544739
       -2.178800106048584
       -1.440600037574768
       -1.615900039672852
  -7.203999757766724E-001
   1.190000027418137E-002
  -1.032000035047531E-001
  -7.925999760627747E-001
  -3.165999948978424E-001
   2.619000077247620E-001
        1.146800041198731
   3.686000108718872E-001
   8.073999881744385E-001
   1.559999957680702E-002
        1.264999985694885
   7.524999976158142E-001
  -5.174999833106995E-001
       -1.738600015640259
       -2.639199972152710
       -1.995100021362305
       -1.487200021743774
       -1.359300017356873
       -2.895400047302246
       -3.214099884033203
       -3.403399944305420
       -3.624900102615356
        1.379099965095520
  -4.431999921798706E-001
  -8.102999925613403E-001
  -9.839000105857849E-001
       -1.226799964904785
  -7.107999920845032E-001
       -2.846999883651733
       -2.679800033569336
       -1.466199994087219
  -7.580000162124634E-002
  -1.250000018626452E-002
   9.399999864399433E-003
   2.136999964714050E-001
  -3.519999980926514E-002
   2.280000001192093E-001
   4.361000061035156E-001
       -2.020699977874756
  -6.338999867439270E-001
       -1.407500028610230
       -1.506999969482422
       -1.340999960899353
       -3.966300010681152
       -2.291199922561646
       -1.732300043106079
       -1.169899940490723
       -1.843099951744080
       -1.962700009346008
       -1.297000050544739
       -1.299999952316284
       -2.002099990844727
       -2.004899978637695
       -1.409000039100647
        1.683599948883057
   8.004999756813049E-001
   7.450000047683716E-001
  -2.229000031948090E-001
       -1.256800055503845
       -1.046000003814697
   1.119999960064888E-002
  -1.344999969005585E-001
   6.650999784469605E-001
  -1.027999967336655E-001
  -5.220000073313713E-002
   9.100999832153320E-001
        1.185700058937073
   6.848000288009644E-001
   4.422999918460846E-001
  -2.190000005066395E-002
   5.380000174045563E-002
        1.813300013542175
       -1.117699980735779
  -6.974999904632568E-001
       -1.023800015449524
       -2.814699888229370
       -1.799100041389465
       -1.018599987030029
       -1.482599973678589
       -2.856600046157837
       -3.104099988937378
       -2.438400030136108
   4.007000029087067E-001
  -4.778000116348267E-001
   3.206999897956848E-001
  -5.447000265121460E-001
   1.447000056505203E-001
   1.483000069856644E-001
       -2.224499940872192
       -2.132400035858154
       -1.929999947547913
  -3.276000022888184E-001
  -1.561000049114227E-001
  -7.267000079154968E-001
   5.112000107765198E-001
   7.735000252723694E-001
   1.289000064134598E-001
       -1.339900016784668
       -1.381399989128113
       -1.597200036048889
       -1.718600034713745
       -2.140100002288818
       -3.066499948501587
       -2.354000091552734
       -2.516000032424927
       -3.227499961853027
       -2.017100095748901
       -1.489199995994568
       -1.279999971389771
  -6.330000162124634E-001
  -2.229000031948090E-001
  -5.705000162124634E-001
       -1.063799977302551
   9.161000251770020E-001
        1.341699957847595
        1.643000006675720
        1.970199942588806
   8.009999990463257E-001
   8.091999888420105E-001
   8.370000123977661E-001
   8.403999805450440E-001
  -4.311999976634979E-001
       -2.078500032424927
  -4.483000040054321E-001
   2.712000012397766E-001
        2.648900032043457
        1.815400004386902
   5.188000202178955E-001
   8.611000180244446E-001
   5.245000123977661E-001
   8.004999756813049E-001
       -1.248700022697449
       -1.493100047111511
       -1.617100000381470
  -6.656000018119812E-001
       -2.330199956893921
  -6.689000129699707E-001
  -4.853999912738800E-001
       -1.650200009346008
       -4.176499843597412
       -3.123800039291382
       -2.322599887847900
   8.392999768257141E-001
  -4.688000082969666E-001
   2.400000020861626E-002
   5.052999854087830E-001
       -2.934600114822388
       -1.633700013160706
  -2.897999882698059E-001
  -1.832000017166138E-001
  -3.982000052928925E-001
       -1.028200030326843
       -1.143100023269653
       -1.217599987983704
  -5.835000276565552E-001
   3.828000128269196E-001
   9.000000357627869E-002
  -3.619999885559082E-001
       -1.476199984550476
       -2.006700038909912
       -1.967800021171570
       -1.337800025939941
  -8.816999793052673E-001
       -3.470099925994873
       -3.642299890518189
       -3.949599981307983
  -9.240999817848206E-001
   5.843999981880188E-001
  -4.490000009536743E-001
  -4.268999993801117E-001
       -1.580700039863586
       -1.345000028610230
  -4.763000011444092E-001
   8.636999726295471E-001
        1.832599997520447
        2.553100109100342
        3.154900074005127
        1.113600015640259
   2.378000020980835E-001
   4.670999944210053E-001
        1.978899955749512
   5.080999732017517E-001
  -6.578000187873840E-001
   5.925999879837036E-001
        2.178200006484985
   3.781999945640564E-001
        1.463700056076050
  -8.616999983787537E-001
        1.039700031280518
        1.401999950408936
   3.559999912977219E-002
       -1.450700044631958
       -1.648000001907349
       -1.875499963760376
  -7.210999727249146E-001
       -1.375599980354309
  -8.377000093460083E-001
  -5.310999751091003E-001
       -1.902400016784668
       -3.533999919891357
       -2.187599897384644
       -1.618600010871887
  -9.220000356435776E-002
   6.758000254631043E-001
  -7.063999772071838E-001
   4.049000144004822E-001
       -1.790400028228760
       -2.236599922180176
   2.930000051856041E-002
   8.356999754905701E-001
   2.693000137805939E-001
       -1.754500031471252
   8.289999961853027E-001
  -9.411000013351440E-001
  -2.725999951362610E-001
        1.247900009155273
   8.773999810218811E-001
       -1.262599945068359
       -2.364300012588501
       -1.902300000190735
       -1.683699965476990
       -2.637300014495850
       -2.073400020599365
       -2.506599903106690
       -3.321899890899658
       -2.457200050354004
       -2.029099941253662
  -6.096000075340271E-001
   7.796000242233276E-001
   5.336999893188477E-001
   3.680000081658363E-002
       -1.778699994087219
  -2.451999932527542E-001
        1.452600002288818
        2.011699914932251
        4.654200077056885
        2.789400100708008
        2.813299894332886
        1.345700025558472
        2.615999937057495
        2.229700088500977
        1.722000002861023
   7.738000154495239E-001
   2.827000021934509E-001
   4.805000126361847E-001
  -5.380000174045563E-002
   6.395999789237976E-001
   5.564000010490418E-001
        1.133599996566773
        1.735700011253357
        1.525099992752075
   3.589999973773956E-001
  -8.532000184059143E-001
       -1.284800052642822
  -1.049000024795532E-001
        1.586699962615967
        1.501000046730042
       -1.277899980545044
       -1.851699948310852
       -1.886500000953674
       -2.034499883651733
       -3.408499956130981
        1.761100053787231
   3.680999875068665E-001
  -4.839000105857849E-001
  -2.940999865531921E-001
       -1.857800006866455
       -2.214200019836426
  -2.038999944925308E-001
   5.968999862670898E-001
        1.830000042915344
  -6.024000048637390E-001
  -9.549000263214111E-001
       -1.848700046539307
  -4.158000051975250E-001
  -9.474999904632568E-001
       -1.725100040435791
  -9.925000071525574E-001
   1.993999928236008E-001
       -1.335100054740906
  -8.934999704360962E-001
       -2.078399896621704
       -1.629799962043762
       -1.563199996948242
       -1.996500015258789
       -2.507499933242798
       -3.284899950027466
       -1.237900018692017
  -5.525000095367432E-001
  -9.498999714851379E-001
       -2.102900028228760
       -1.290699958801270
        1.663900017738342
        2.940999984741211
        2.663899898529053
        4.803599834442139
        3.816499948501587
        2.684900045394898
        2.267400026321411
        2.003700017929077
        2.500200033187866
        2.174499988555908
        1.887799978256226
        1.666599988937378
        1.358000040054321
   6.679999828338623E-001
   8.198000192642212E-001
        1.396000027656555
        2.532700061798096
        2.266900062561035
        2.726099967956543
   3.278000056743622E-001
   8.331999778747559E-001
   5.425999760627747E-001
   7.052999734878540E-001
   4.415999948978424E-001
   7.788000106811523E-001
       -1.608700037002564
       -2.286299943923950
       -2.614799976348877
       -1.486700057983398
  -7.603999972343445E-001
        2.311100006103516
   4.787999987602234E-001
        1.206200003623962
  -4.659999907016754E-002
       -1.768499970436096
       -2.210000038146973
       -1.821900010108948
       -1.610000014305115
       -1.412199974060059
  -7.678999900817871E-001
       -1.452399969100952
       -1.738800048828125
       -1.605100035667419
  -6.532999873161316E-001
  -1.590000092983246E-002
       -1.682899951934815
   5.360000133514404E-001
  -7.526000142097473E-001
  -6.814000010490418E-001
  -2.639999985694885E-001
  -8.163999915122986E-001
       -1.009500026702881
  -1.308999955654144E-001
       -1.842200040817261
       -1.336300015449524
  -9.484000205993652E-001
       -1.327100038528442
       -1.232800006866455
       -2.189500093460083
   1.941000074148178E-001
        1.621000051498413
        2.607899904251099
        2.322400093078613
        3.504199981689453
        3.847399950027466
        2.487799882888794
        2.285599946975708
        3.407399892807007
        3.638600111007690
        3.655900001525879
        2.609200000762940
        1.753000020980835
        3.113899946212769
   3.930000066757202E-001
  -1.876000016927719E-001
        1.017400026321411
        2.578000068664551
        2.973299980163574
        2.469000101089478
        2.503900051116943
        1.608999967575073
        2.654200077056885
   9.003999829292297E-001
   1.454000025987625E-001
       -1.434499979019165
       -2.630500078201294
       -2.151200056076050
       -1.755399942398071
  -6.532999873161316E-001
   9.158999919891357E-001
        3.525300025939941
        1.626600027084351
   8.205000162124634E-001
   7.714999914169312E-001
   1.783999949693680E-001
       -1.801399946212769
       -2.802799940109253
       -2.358500003814697
       -2.144799947738648
       -1.914700031280518
  -6.582000255584717E-001
       -1.067299962043762
   7.135000228881836E-001
  -1.627999991178513E-001
   5.963000059127808E-001
   3.730000182986260E-002
  -3.041999936103821E-001
   2.908999919891357E-001
  -1.030000019818544E-002
   3.174999952316284E-001
  -3.734999895095825E-001
       -1.120300054550171
  -3.269000053405762E-001
       -1.772699952125549
       -1.061699986457825
       -1.451099991798401
       -2.458199977874756
       -1.474099993705750
       -1.447000026702881
   3.858999907970429E-001
  -2.001000046730042E-001
        2.071799993515015
        3.619400024414063
        2.768800020217896
        3.345700025558472
        3.878999948501587
        4.723400115966797
        3.342600107192993
        1.730800032615662
        1.709900021553040
        1.047500014305115
        1.029199957847595
        1.713799953460693
        1.836899995803833
   7.657999992370606E-001
        1.526900053024292
        1.142099976539612
        2.311199903488159
        1.041399955749512
        1.875499963760376
        2.999200105667114
        2.495199918746948
        1.846199989318848
  -6.685000061988831E-001
       -3.121900081634522
       -1.566400051116943
       -3.000900030136108
       -3.511699914932251
       -2.557300090789795
  -8.000000119209290E-001
        3.594399929046631
        3.630500078201294
        1.300600051879883
        1.686499953269959
   6.360999941825867E-001
  -7.842000126838684E-001
       -1.436100006103516
       -1.989300012588501
       -1.337100028991699
       -1.304299950599670
   8.500000461935997E-003
  -5.909999832510948E-002
  -5.620999932289124E-001
  -5.085999965667725E-001
  -5.299999937415123E-002
  -4.178999960422516E-001
  -1.039000004529953E-001
  -7.695999741554260E-001
   2.239000052213669E-001
   5.370000004768372E-001
        1.402899980545044
   6.150000095367432E-001
  -1.356000006198883E-001
       -1.890499949455261
       -1.383800029754639
       -1.357200026512146
  -7.200999855995178E-001
       -1.376299977302551
  -5.034999847412109E-001
       -1.083099961280823
   2.038999944925308E-001
        1.511700034141541
        3.144099950790405
        3.945300102233887
        5.318299770355225
        4.960599899291992
        3.726200103759766
        2.388200044631958
        2.192199945449829
        1.625399947166443
   3.470000028610230E-001
   6.345999836921692E-001
        1.570500016212463
        1.820399999618530
   8.881999850273132E-001
   9.588999748229981E-001
  -7.180000096559525E-002
        1.695700049400330
   6.980999708175659E-001
  -9.920000284910202E-002
        2.035700082778931
        1.979900002479553
   4.970999956130981E-001
       -1.241000056266785
       -1.716799974441528
       -1.382300019264221
       -2.398299932479858
       -2.085700035095215
       -2.859899997711182
       -2.138099908828735
        4.369100093841553
        2.817500114440918
        1.296800017356873
        1.757799983024597
   3.662999868392944E-001
  -5.719000101089478E-001
       -1.142600059509277
  -7.680000066757202E-001
       -1.238299965858460
       -1.276999950408936
   6.625000238418579E-001
       -1.201300024986267
       -1.286399960517883
   1.920000016689301E-001
  -6.360999941825867E-001
  -5.004000067710877E-001
       -1.440799951553345
   8.799999952316284E-002
  -2.644000053405762E-001
   4.551999866962433E-001
        1.293699979782105
   1.724999994039536E-001
  -1.031000018119812E-001
       -1.743299961090088
       -2.044199943542481
       -2.240999937057495
  -9.219999909400940E-001
  -6.316000223159790E-001
  -1.924999952316284E-001
   4.399999976158142E-003
   8.712999820709229E-001
        2.523000001907349
        4.202000141143799
        4.873400211334229
        3.327199935913086
        2.896399974822998
        2.982500076293945
        3.252199888229370
        2.544699907302856
        2.834700107574463
        1.520400047302246
   3.012999892234802E-001
  -7.038999795913696E-001
   7.214999794960022E-001
  -3.950000181794167E-002
  -5.739999935030937E-002
  -7.220000028610230E-002
   3.149999976158142E-001
  -4.938000142574310E-001
  -2.249000072479248E-001
   6.423000097274780E-001
        1.493999958038330
   3.355999886989594E-001
   2.205000072717667E-001
   1.257999986410141E-001
  -3.736000061035156E-001
       -1.009199976921082
       -2.549099922180176
       -1.612200021743774
   6.852999925613403E-001
        3.802500009536743
        2.639699935913086
        2.239300012588501
   1.211000010371208E-001
  -7.292000055313110E-001
  -3.280000016093254E-002
       -1.119600057601929
       -2.489700078964233
       -2.689599990844727
       -2.177599906921387
  -4.097000062465668E-001
  -7.800000160932541E-002
   3.032999932765961E-001
  -1.992000043392181E-001
  -5.199000239372253E-001
       -1.600299954414368
  -6.718999743461609E-001
  -6.194000244140625E-001
   5.641000270843506E-001
        1.603199958801270
   6.129999756813049E-001
   4.857000112533569E-001
        1.837700009346008
  -2.248000055551529E-001
       -2.098000049591065
  -7.713000178337097E-001
  -2.280000001192093E-001
        1.230900049209595
   9.517999887466431E-001
   6.696000099182129E-001
        1.121500015258789
        2.979799985885620
        4.525000095367432
        5.137599945068359
        3.831300020217896
        3.430299997329712
        2.541199922561646
        1.782899975776672
   4.104000031948090E-001
   5.381000041961670E-001
   2.987999916076660E-001
       -1.529399991035461
       -1.211099982261658
       -1.840899944305420
   3.384999930858612E-001
   1.547999978065491E-001
       -1.546900033950806
       -1.335000038146973
  -7.429000139236450E-001
  -5.759999752044678E-001
        1.120000004768372
   1.595000028610230E-001
   8.798999786376953E-001
   3.912000060081482E-001
       -1.561100006103516
  -5.453000068664551E-001
  -8.948000073432922E-001
  -4.499000012874603E-001
  -8.252999782562256E-001
       -1.225999951362610
        4.448999881744385
        2.732700109481812
        2.859100103378296
        2.892100095748901
        2.263400077819824
   6.062999963760376E-001
       -1.245000004768372
       -1.653100013732910
       -2.037600040435791
       -1.555799961090088
       -1.295899987220764
       -1.149299979209900
   2.718999981880188E-001
  -1.119000017642975E-001
       -1.472100019454956
       -1.045199990272522
       -1.905699968338013
       -1.411999940872192
   9.947999715805054E-001
        2.785700082778931
   4.740000069141388E-001
   9.997000098228455E-001
   4.111999869346619E-001
   3.420000150799751E-002
  -3.817999958992004E-001
   4.232000112533569E-001
   7.185000181198120E-001
   4.726999998092651E-001
   3.495000004768372E-001
   2.093999981880188E-001
        1.274500012397766
        1.878600001335144
        2.244400024414063
        2.815099954605103
        2.403700113296509
        1.296900033950806
        1.402400016784668
   1.376000046730042E-001
  -3.774999976158142E-001
  -7.807000279426575E-001
  -2.069000005722046E-001
       -1.264400005340576
       -2.607599973678589
       -2.523299932479858
       -1.973199963569641
       -1.435500025749207
       -1.629600048065186
  -8.495000004768372E-001
       -1.056499958038330
   4.381999969482422E-001
   6.948999762535095E-001
        1.033599972724915
        1.201900005340576
  -2.331999987363815E-001
       -1.490599989891052
       -2.188100099563599
       -1.302700042724609
   2.740000002086163E-002
  -8.909000158309937E-001
  -3.853999972343445E-001
        3.352200031280518
        3.012200117111206
        1.821099996566773
        1.843799948692322
        1.697100043296814
   8.525999784469605E-001
        1.135699987411499
  -9.192000031471252E-001
       -1.341899991035461
       -2.078799962997437
       -1.115900039672852
  -3.603000044822693E-001
  -7.811999917030335E-001
       -1.381299972534180
  -9.927999973297119E-001
       -2.441699981689453
       -1.539600014686585
  -5.903000235557556E-001
   9.905999898910523E-001
        1.624300003051758
   4.176999926567078E-001
        1.550099968910217
   6.667000055313110E-001
        1.228600025177002
        1.410300016403198
        1.934299945831299
        1.883700013160706
        1.452600002288818
  -3.316000103950501E-001
        1.778200030326843
   2.892000079154968E-001
        2.826499938964844
        1.640799999237061
        1.931800007820129
        1.400799989700317
   6.187000274658203E-001
   8.919999748468399E-002
   6.965000033378601E-001
       -2.256900072097778
       -2.057300090789795
       -1.579900026321411
       -2.352900028228760
       -2.135799884796143
       -2.487900018692017
       -2.537800073623657
   1.363999992609024E-001
  -4.296999871730804E-001
       -1.532299995422363
       -1.193799972534180
   4.241000115871429E-001
        1.740300059318543
   3.971000015735626E-001
  -9.149999916553497E-002
       -1.948099970817566
  -5.443000197410584E-001
       -2.244299888610840
       -2.489500045776367
       -2.163599967956543
       -1.970100045204163
  -8.256000280380249E-001
        2.167999982833862
        1.233199954032898
   2.533000111579895E-001
        1.978800058364868
   7.626000046730042E-001
   4.699999839067459E-002
   7.422999739646912E-001
  -1.315000057220459E-001
   2.580000087618828E-002
       -2.325400114059448
  -7.563999891281128E-001
  -3.747999966144562E-001
   2.463999986648560E-001
       -1.409999966621399
       -2.515300035476685
       -1.981400012969971
  -9.014000296592712E-001
  -4.352000057697296E-001
   3.007999956607819E-001
        1.019600033760071
   4.887000024318695E-001
        1.363199949264526
        1.399500012397766
   4.862999916076660E-001
   7.505999803543091E-001
  -8.849999904632568E-001
   8.054000139236450E-001
   3.048000037670136E-001
  -2.590999901294708E-001
  -4.683000147342682E-001
   6.589999794960022E-001
        2.045399904251099
   9.207999706268311E-001
        2.463999986648560
        3.505399942398071
        1.902099967002869
        1.215000033378601
        1.147600054740906
   2.111999988555908E-001
       -1.089800000190735
  -5.999000072479248E-001
   8.889999985694885E-002
       -1.681399941444397
       -1.867100000381470
       -2.562000036239624
   2.193000018596649E-001
  -7.541000247001648E-001
  -8.789999783039093E-002
  -2.539999969303608E-002
  -6.165999770164490E-001
        1.830299973487854
  -3.391000032424927E-001
       -1.290899991989136
       -1.790899991989136
       -1.091699957847595
       -2.110800027847290
       -3.203599929809570
       -2.927799940109253
       -1.972599983215332
       -1.831599950790405
   3.916999995708466E-001
        1.975600004196167
        1.340499997138977
        1.403399944305420
        1.598899960517883
   8.834000229835510E-001
        1.513700008392334
   7.210999727249146E-001
  -8.467000126838684E-001
   1.799999969080091E-003
  -5.813000202178955E-001
   4.340000078082085E-002
       -1.127300024032593
       -2.308300018310547
       -1.634299993515015
       -2.157799959182739
       -1.832700014114380
   3.127999901771545E-001
  -8.839999884366989E-002
   5.864999890327454E-001
   6.170000135898590E-002
   4.174999892711639E-001
   8.414999842643738E-001
        1.197999954223633
  -5.236999988555908E-001
   6.563000082969666E-001
       -1.010699987411499
   6.804000139236450E-001
        1.014099955558777
   6.219999790191650E-001
        1.023800015449524
        1.063199996948242
        1.849900007247925
        2.116300106048584
        1.558200001716614
        1.019199967384338
   1.700000022538006E-003
   9.082999825477600E-001
   4.763999879360199E-001
   2.698000073432922E-001
  -6.510999798774719E-001
  -9.136999845504761E-001
       -1.118899941444397
       -2.409300088882446
       -2.178499937057495
  -4.688000082969666E-001
   4.820000007748604E-002
   2.194000035524368E-001
  -4.914000034332275E-001
  -2.870000004768372E-001
   7.739999890327454E-001
       -1.142899990081787
  -7.907000184059143E-001
  -7.142000198364258E-001
       -2.074500083923340
       -1.774999976158142
       -3.442899942398071
       -5.205500125885010
       -2.443000078201294
       -2.645200014114380
        2.370699882507324
        2.284899950027466
        2.430200099945068
   4.357999861240387E-001
       -1.802899956703186
  -9.014999866485596E-001
        1.274799942970276
   9.122999906539917E-001
  -8.626999855041504E-001
       -2.323100090026856
       -2.184900045394898
  -5.853000283241272E-001
  -3.057999908924103E-001
       -1.746099948883057
       -1.622799992561340
       -1.563699960708618
       -1.207999944686890
        1.465700030326843
        1.043200016021729
        2.213999986648560
        1.428900003433228
        1.730700016021729
   6.579999923706055E-001
  -8.194000124931335E-001
  -8.567000031471252E-001
  -9.552999734878540E-001
       -1.118299961090088
       -1.567700028419495
   4.566000103950501E-001
  -6.170000135898590E-002
  -6.496999859809876E-001
   3.506999909877777E-001
        2.285399913787842
        2.532799959182739
        2.180000066757202
   7.190000265836716E-002
  -4.359000027179718E-001
  -5.425000190734863E-001
   2.769999951124191E-002
   1.807000041007996E-001
   2.065999954938889E-001
       -1.592700004577637
       -1.911999940872192
       -2.677700042724609
       -1.623800039291382
       -1.851199984550476
  -2.788999974727631E-001
  -2.527999877929688E-001
  -4.183999896049500E-001
   1.238999962806702E-001
   6.071000099182129E-001
  -6.010000109672546E-001
  -9.972000122070313E-001
       -2.116300106048584
       -2.382699966430664
       -2.534899950027466
       -4.051099777221680
       -3.769799947738648
       -3.185100078582764
       -3.748100042343140
        1.027600049972534
        1.760200023651123
   8.665999770164490E-001
   2.196000069379807E-001
       -1.182299971580505
       -1.386600017547607
   4.541000127792358E-001
  -3.808999955654144E-001
  -9.947999715805054E-001
  -7.821000218391419E-001
       -1.154000043869019
  -4.361999928951263E-001
  -6.700000166893005E-002
       -1.963099956512451
  -8.715999722480774E-001
       -1.888800024986267
  -1.369999945163727E-001
   9.122999906539917E-001
   9.871000051498413E-001
        1.868800044059753
        1.455000042915344
        1.141700029373169
   7.825999855995178E-001
       -2.155299901962280
       -1.208400011062622
       -1.117200016975403
  -5.040000006556511E-002
   7.448999881744385E-001
        1.365599989891052
   6.140999794006348E-001
        1.159600019454956
        1.604300022125244
   2.480999976396561E-001
   4.009000062942505E-001
        2.726900100708008
   5.189999938011169E-002
   6.560999751091003E-001
  -9.138000011444092E-001
  -8.705000281333923E-001
       -2.633300065994263
       -1.883700013160706
       -1.972300052642822
       -2.485399961471558
       -2.009599924087524
       -2.098099946975708
       -1.857200026512146
       -1.025699973106384
       -1.052500009536743
  -6.898999810218811E-001
       -1.991000056266785
       -2.039099931716919
  -8.730999827384949E-001
       -1.530699968338013
       -2.447000026702881
       -3.773200035095215
       -4.193699836730957
       -4.056000232696533
       -3.480499982833862
       -4.376399993896484
       -3.923399925231934
        2.767699956893921
        1.569100022315979
        1.603899955749512
        1.911900043487549
        1.589400053024292
  -5.914999842643738E-001
  -5.626000165939331E-001
  -5.525000095367432E-001
  -7.760999798774719E-001
  -9.600000083446503E-002
  -1.634999960660934E-001
  -6.469999998807907E-002
  -4.690000042319298E-002
  -1.149000003933907E-001
   1.230000033974648E-001
       -1.198600053787231
       -1.818600058555603
   3.759999871253967E-001
        1.280799984931946
        1.395799994468689
        1.587100028991699
        2.521199941635132
        1.919999957084656
  -3.427000045776367E-001
       -1.169399976730347
  -7.400000095367432E-002
       -1.617100000381470
  -3.355999886989594E-001
   3.533000051975250E-001
   8.955000042915344E-001
        1.241299986839294
        1.752300024032593
   7.246000170707703E-001
   9.222000241279602E-001
   8.125000000000000E-001
   9.671999812126160E-001
        1.586300015449524
   1.827999949455261E-001
  -6.284999847412109E-001
       -1.749799966812134
       -2.103899955749512
       -2.636199951171875
       -2.778500080108643
  -7.436000108718872E-001
  -7.766000032424927E-001
       -1.591199994087219
  -6.302999854087830E-001
       -1.408300042152405
       -2.828799962997437
       -5.155099868774414
       -4.557400226593018
       -3.162600040435791
       -2.634099960327148
       -4.049300193786621
       -5.387499809265137
       -6.681399822235107
       -5.312900066375732
       -4.296000003814697
       -4.041399955749512
       -3.963500022888184
        3.891400098800659
        2.196599960327148
        1.735599994659424
        2.382400035858154
        1.460399985313416
   8.145999908447266E-001
   6.908000111579895E-001
   1.018999963998795E-001
  -2.673000097274780E-001
   4.011999964714050E-001
        1.003399968147278
   8.429999947547913E-001
   6.759999692440033E-002
  -3.420000076293945E-001
  -1.833000034093857E-001
  -9.161000251770020E-001
       -1.775400042533875
       -1.264299988746643
   2.442999929189682E-001
   3.815000057220459E-001
        1.564299941062927
        2.022200107574463
   9.463000297546387E-001
  -3.375999927520752E-001
       -1.494600057601929
       -2.251300096511841
       -1.363499999046326
   2.416999936103821E-001
  -7.371000051498413E-001
  -7.796000242233276E-001
        1.512099981307983
   8.819000124931335E-001
        1.373499989509583
        3.008399963378906
        3.016299962997437
        2.115999937057495
        2.702100038528442
   8.036000132560730E-001
  -7.637000083923340E-001
       -1.461799979209900
       -1.457399964332581
  -8.181999921798706E-001
       -2.690599918365479
  -1.592999994754791E-001
        1.418599963188171
       -1.376099944114685
       -2.027800083160400
       -2.570600032806397
       -4.795499801635742
       -4.095699787139893
       -5.478600025177002
       -4.645400047302246
       -3.924999952316284
       -5.680099964141846
       -6.963600158691406
       -6.977799892425537
       -5.043700218200684
       -3.389199972152710
       -2.937599897384644
       -3.632400035858154
        4.043600082397461
        4.649199962615967
        3.408900022506714
        3.261499881744385
        1.543200016021729
   4.363000094890595E-001
        1.868800044059753
        1.868499994277954
        1.843799948692322
        1.182500004768372
        1.574399948120117
   9.314000010490418E-001
  -5.831000208854675E-001
       -1.084100008010864
  -4.487000107765198E-001
       -1.493999958038330
       -1.199800014495850
       -2.112299919128418
  -1.942999958992004E-001
  -8.366000056266785E-001
  -4.386000037193298E-001
  -4.223000109195709E-001
   1.165999993681908E-001
  -5.812000036239624E-001
  -9.692000150680542E-001
  -2.423000037670136E-001
  -6.240000128746033E-001
  -9.627000093460083E-001
   2.398999929428101E-001
   9.821000099182129E-001
   6.010000109672546E-001
        1.892099976539612
        1.984300017356873
        2.330699920654297
        3.273999929428101
        3.440399885177612
        2.432699918746948
        1.761800050735474
       -1.342499971389771
       -1.159899950027466
  -7.774999737739563E-001
  -7.447999715805054E-001
  -8.413000106811523E-001
   8.212000131607056E-001
  -6.223000288009644E-001
       -1.422799944877625
       -2.629499912261963
       -2.983700037002564
       -3.053999900817871
       -3.882400035858154
       -3.855600118637085
       -5.144499778747559
       -4.847799777984619
       -4.835599899291992
       -6.463200092315674
       -4.763700008392334
       -3.485199928283691
       -3.602699995040894
       -4.274600028991699
       -4.579500198364258
        3.535300016403198
        3.305900096893311
        2.711600065231323
        3.502099990844727
        3.807800054550171
        1.339200019836426
        1.860000014305115
        2.957999944686890
        1.910799980163574
        2.305500030517578
        1.196300029754639
   6.514999866485596E-001
   1.055999994277954E-001
  -8.698999881744385E-001
       -1.337499976158142
       -2.867399930953980
  -3.318000137805939E-001
       -1.150900006294251
  -5.806000232696533E-001
       -1.508100032806397
       -2.091900110244751
  -7.983999848365784E-001
   8.238000273704529E-001
        1.246899962425232
   7.380999922752380E-001
  -9.109999984502792E-002
   4.408000111579895E-001
   5.238000154495239E-001
   1.430000066757202E-001
        1.190899968147278
   4.054000079631805E-001
   7.730000019073486E-001
   3.673999905586243E-001
        3.099999904632568
        3.575099945068359
        3.273200035095215
        1.879799962043762
        1.859300017356873
   2.161000072956085E-001
   9.681000113487244E-001
   9.003999829292297E-001
   4.479999840259552E-002
   1.632000058889389E-001
        1.472900032997131
   3.524000048637390E-001
       -1.260100007057190
       -2.512300014495850
       -2.882100105285645
       -3.303400039672852
       -2.019999980926514
       -3.174499988555908
       -4.687399864196777
       -5.211699962615967
       -5.887599945068359
       -5.794600009918213
       -4.666999816894531
       -3.418900012969971
       -4.167099952697754
       -4.267000198364258
       -4.679399967193604
        3.229300022125244
        3.167500019073486
        2.894099950790405
        3.255000114440918
        2.594099998474121
        1.286100029945374
   9.279999732971191E-001
        2.089999914169312
        2.220700025558472
        1.373499989509583
        1.628000020980835
  -3.373000025749207E-001
   5.572000145912170E-001
   2.859999984502792E-002
  -4.641999900341034E-001
  -5.608000159263611E-001
  -3.194999992847443E-001
   8.490999937057495E-001
  -3.878000080585480E-001
       -1.616299986839294
  -3.460000082850456E-002
   2.879999876022339E-001
   6.735000014305115E-001
  -3.485000133514404E-001
       -1.498700022697449
       -1.547999978065491
  -9.114999771118164E-001
        1.091500043869019
  -8.676000237464905E-001
   9.039000272750855E-001
        1.273800015449524
  -4.839000105857849E-001
  -4.771000146865845E-001
        1.043699979782105
        1.786800026893616
        2.723099946975708
   9.101999998092651E-001
   6.335999965667725E-001
   7.889999747276306E-001
        1.017899990081787
   5.166000127792358E-001
   3.975999951362610E-001
        1.727499961853027
        2.672300100326538
        1.863999962806702
  -2.196999937295914E-001
       -2.967799901962280
       -3.292000055313110
       -3.997100114822388
       -2.022900104522705
       -2.816200017929077
       -4.574200153350830
       -5.425799846649170
       -5.117300033569336
       -6.000599861145020
       -4.799900054931641
       -4.219900131225586
       -4.934100151062012
       -3.672499895095825
       -4.173699855804443
        4.057499885559082
        3.568700075149536
        3.742199897766113
        2.027499914169312
   4.194000065326691E-001
        1.415099978446960
   6.639999747276306E-001
        2.394799947738648
        2.386399984359741
   4.108000099658966E-001
        1.278499960899353
   2.991000115871429E-001
  -5.758000016212463E-001
   7.828999757766724E-001
  -6.434000134468079E-001
       -1.584900021553040
   1.097000017762184E-001
        1.149000048637390
   3.492000102996826E-001
   5.303000211715698E-001
        1.141600012779236
        2.040199995040894
  -6.503000259399414E-001
       -1.310199975967407
       -1.937000036239624
  -5.421000123023987E-001
       -1.634299993515015
       -1.325700044631958
   1.747000068426132E-001
   8.292999863624573E-001
  -6.409999728202820E-002
  -3.508000075817108E-001
   6.450999975204468E-001
   5.579999834299088E-002
  -8.072000145912170E-001
  -3.260000050067902E-002
   1.944999992847443E-001
   4.023999869823456E-001
   4.246999919414520E-001
        1.716400027275085
   6.542000174522400E-001
        1.162500023841858
        1.335399985313416
   7.106999754905701E-001
  -2.549999952316284E-002
  -6.251000165939331E-001
       -1.612800002098084
       -3.672399997711182
       -4.163099765777588
       -3.253900051116943
       -2.143199920654297
       -3.103399991989136
       -5.532700061798096
       -5.799499988555908
       -5.669099807739258
       -3.854399919509888
       -2.908499956130981
       -3.647300004959106
       -3.047100067138672
       -3.781599998474121
        3.554500102996826
        4.678699970245361
        2.823899984359741
        1.373600006103516
  -7.540000230073929E-002
  -2.079000025987625E-001
   5.307000279426575E-001
        1.741600036621094
        1.550899982452393
        1.166200041770935
  -9.538999795913696E-001
       -1.397600054740906
  -1.799999969080091E-003
   2.137999981641769E-001
  -2.220000028610230E-001
  -1.632999926805496E-001
   1.370999962091446E-001
   9.613999724388123E-001
        1.219799995422363
   8.251000046730042E-001
  -6.430000066757202E-001
   9.870000183582306E-002
   8.862000107765198E-001
  -6.977999806404114E-001
       -1.524099946022034
       -1.903100013732910
  -4.074000120162964E-001
   4.520000144839287E-002
  -7.548999786376953E-001
  -5.116999745368958E-001
   4.219999909400940E-001
   1.360000073909760E-001
   4.080000147223473E-002
  -9.958000183105469E-001
  -6.289999932050705E-002
       -1.413300037384033
  -1.840000040829182E-002
  -3.012999892234802E-001
        1.282699942588806
   8.751999735832214E-001
  -4.959000051021576E-001
       -1.191699981689453
  -4.329000115394592E-001
  -8.314999938011169E-001
       -2.100300073623657
       -1.909000039100647
  -4.512000083923340E-001
       -2.252700090408325
       -3.751300096511841
       -2.535500049591065
       -2.955100059509277
       -4.042600154876709
       -6.255599975585938
       -6.426199913024902
       -5.382699966430664
       -4.102000236511231
       -1.746999979019165
       -2.281899929046631
       -3.035700082778931
       -2.529500007629395
        3.955100059509277
        1.655799984931946
   8.391000032424927E-001
   1.347000002861023E-001
  -4.393999874591827E-001
  -6.844000220298767E-001
  -1.395999938249588E-001
   9.535999894142151E-001
        1.074800014495850
  -4.767000079154968E-001
       -1.724900007247925
       -2.071599960327148
  -5.970000028610230E-001
  -4.025999903678894E-001
   4.925000071525574E-001
  -9.409999847412109E-002
   2.581000030040741E-001
   8.808000087738037E-001
        1.072299957275391
  -2.978000044822693E-001
  -2.168000042438507E-001
  -4.115999937057495E-001
  -1.794999986886978E-001
   8.683999776840210E-001
  -2.711000144481659E-001
       -1.450600028038025
       -1.679299950599670
       -1.437100052833557
  -9.241999983787537E-001
  -7.319999933242798E-001
       -1.534100055694580
       -1.309599995613098
       -1.027699947357178
       -2.710400104522705
       -1.680500030517578
   3.099999949336052E-002
   1.675000041723251E-001
   2.931999862194061E-001
   3.790999948978424E-001
   7.253999710083008E-001
  -5.055000185966492E-001
  -1.076999977231026E-001
       -1.625599980354309
       -2.202600002288818
       -1.920799970626831
       -2.860100030899048
       -1.111799955368042
       -2.183000087738037
       -3.099100112915039
       -1.974499940872192
       -4.496600151062012
       -4.245399951934815
       -4.725800037384033
       -5.170100212097168
       -4.902699947357178
       -4.018700122833252
       -1.996199965476990
       -1.458199977874756
       -2.832700014114380
       -4.037899971008301
        3.598000049591065
        3.010999917984009
   8.208000063896179E-001
  -2.005999982357025E-001
  -5.206000208854675E-001
  -1.598999947309494E-001
       -1.536399960517883
  -6.237999796867371E-001
       -1.578600049018860
       -1.823400020599365
       -1.576200008392334
       -1.341899991035461
   5.799999926239252E-003
       -1.274899959564209
   3.919999897480011E-001
  -9.139999747276306E-002
   9.444000124931335E-001
        1.061400055885315
   6.482999920845032E-001
   2.644999921321869E-001
  -1.266999989748001E-001
   6.018000245094299E-001
  -4.848000109195709E-001
   4.846999943256378E-001
   3.382999897003174E-001
       -1.846400022506714
       -1.793599963188171
       -2.244999885559082
       -3.442300081253052
       -1.942700028419495
  -8.414999842643738E-001
       -1.475000023841858
       -2.342299938201904
       -2.799000024795532
       -1.608100056648254
  -2.188999950885773E-001
   3.170999884605408E-001
  -3.639999926090241E-001
  -4.600000008940697E-002
   3.106999993324280E-001
   1.178999990224838E-001
        1.150300025939941
   6.467000246047974E-001
       -1.287999987602234
       -1.465399980545044
       -1.716500043869019
       -1.811900019645691
       -1.451400041580200
       -1.695799946784973
       -1.829399943351746
       -4.033999919891357
       -4.854100227355957
       -4.237999916076660
       -4.278200149536133
       -5.691100120544434
       -4.254700183868408
       -2.779500007629395
       -3.141799926757813
       -1.805299997329712
       -3.209800004959106
   3.896999955177307E-001
   6.582000255584717E-001
   5.429000258445740E-001
   7.590000331401825E-002
   3.508000075817108E-001
  -6.313999891281128E-001
       -1.621899962425232
       -1.345800042152405
       -1.913800001144409
       -1.522699952125549
  -7.961999773979187E-001
       -2.710400104522705
   3.251999914646149E-001
   2.214999943971634E-001
   4.388999938964844E-001
   7.756999731063843E-001
        1.133299946784973
   9.686999917030335E-001
   3.422999978065491E-001
   8.190000057220459E-002
   2.655999958515167E-001
        1.389700055122376
   8.547999858856201E-001
        1.951900005340576
   1.651999950408936E-001
  -7.222999930381775E-001
       -1.505100011825562
       -1.075700044631958
       -1.508999943733215
       -1.505200028419495
       -1.164199948310852
  -8.047000169754028E-001
       -2.046600103378296
       -2.135299921035767
  -8.813999891281128E-001
   1.416999995708466E-001
  -2.529999986290932E-002
  -2.766000032424927E-001
   1.889999955892563E-001
   5.279999971389771E-002
   1.123000010848045E-001
        1.026399970054627
  -9.757000207901001E-001
  -9.882000088691711E-001
       -1.615300059318543
   6.625999808311462E-001
       -1.324499964714050
       -1.021900057792664
  -6.665999889373779E-001
       -2.175899982452393
       -3.209700107574463
       -2.915999889373779
       -3.868900060653687
       -4.454800128936768
       -5.599199771881104
       -4.657000064849854
       -3.096100091934204
       -2.954799890518189
       -1.106799960136414
       -1.849699974060059
   2.840999960899353E-001
        1.017699956893921
   5.752999782562256E-001
   9.740999937057495E-001
   6.764000058174133E-001
       -1.202299952507019
       -1.743000030517578
       -2.689300060272217
       -1.341199994087219
  -6.250000000000000E-001
  -6.539000272750855E-001
  -6.899999976158142E-001
   6.826000213623047E-001
  -1.817000061273575E-001
  -8.873999714851379E-001
   5.622000098228455E-001
   3.768999874591827E-001
   7.684999704360962E-001
   7.472000122070313E-001
        1.972499966621399
        2.198299884796143
        2.195199966430664
        1.149500012397766
        1.194200038909912
   7.594000101089478E-001
  -4.921000003814697E-001
       -1.336099982261658
       -2.411400079727173
       -1.509899973869324
       -1.355100035667419
       -1.082100033760071
       -1.173200011253357
       -1.200399994850159
       -2.223000049591065
       -1.252500057220459
       -1.276999950408936
   1.430999934673309E-001
  -3.091999888420105E-001
  -6.345999836921692E-001
  -8.264999985694885E-001
       -1.057399988174439
       -1.020200014114380
  -9.641000032424927E-001
       -1.304100036621094
  -2.745000123977661E-001
  -8.485000133514404E-001
       -1.229699969291687
  -9.606000185012817E-001
       -1.595600008964539
       -2.555399894714356
       -3.129600048065186
       -4.346199989318848
       -3.690999984741211
       -4.587999820709229
       -5.293200016021729
       -6.778900146484375
       -4.756100177764893
       -1.733600020408630
       -1.178500056266785
       -1.972699999809265
        1.948199987411499
   6.969000101089478E-001
   1.898999959230423E-001
  -1.127000004053116E-001
       -1.401100039482117
   7.371000051498413E-001
  -2.890999913215637E-001
       -2.426300048828125
       -2.358900070190430
  -9.370999932289124E-001
       -1.709699988365173
       -1.709900021553040
       -1.529099941253662
       -2.648499965667725
       -2.281800031661987
       -1.148200035095215
  -2.840000092983246E-001
   9.779000282287598E-001
   4.377999901771545E-001
        1.337200045585632
        2.401999950408936
        1.469200015068054
        2.150700092315674
        1.516800045967102
  -3.134000003337860E-001
       -1.010900020599365
  -7.689999788999558E-002
       -1.880100011825562
       -1.351400017738342
   1.475999951362610E-001
  -2.678999900817871E-001
  -7.717000246047974E-001
       -1.203199982643127
       -1.643499970436096
  -6.262000203132629E-001
  -9.919999837875366E-001
       -1.018900036811829
       -1.720199942588806
       -2.665800094604492
       -1.546800017356873
  -5.443000197410584E-001
       -2.081899881362915
       -1.698099970817566
       -1.646499991416931
       -2.027699947357178
       -1.384899973869324
  -8.475000262260437E-001
       -1.171000003814697
       -1.241799950599670
       -1.069800019264221
       -1.480399966239929
       -3.598000049591065
       -3.883599996566773
       -4.629199981689453
       -5.676000118255615
       -6.332699775695801
       -4.086200237274170
       -4.057899951934815
       -1.743600010871887
       -2.182499885559082
        2.244699954986572
        2.619100093841553
        1.649000048637390
  -1.352999955415726E-001
   8.463000059127808E-001
  -4.754000008106232E-001
  -1.339999958872795E-002
   6.226000189781189E-001
   1.668000072240830E-001
       -1.175799965858460
       -2.385099887847900
       -2.606600046157837
       -2.753900051116943
       -2.745599985122681
       -2.345700025558472
       -1.702100038528442
   5.447000265121460E-001
   1.832000017166138E-001
   7.705000042915344E-001
   6.370999813079834E-001
        1.111899971961975
        1.950500011444092
        1.440500020980835
        2.246500015258789
   2.851999998092651E-001
       -1.095600008964539
  -9.056000113487244E-001
       -1.395400047302246
   4.973999857902527E-001
   1.929000020027161E-001
        1.367799997329712
        1.489500045776367
  -3.501000106334686E-001
       -1.081799983978272
  -9.146999716758728E-001
       -2.016400098800659
       -1.220999956130981
       -1.915500044822693
       -2.233299970626831
       -1.463000059127808
  -9.383000135421753E-001
       -1.571400046348572
       -1.358700037002564
       -2.613399982452393
       -1.393100023269653
       -2.261300086975098
       -1.469400048255920
  -1.578000038862228E-001
       -1.433799982070923
       -1.073699951171875
       -1.238700032234192
  -5.661000013351440E-001
       -2.171200037002564
       -4.037700176239014
       -3.697099924087524
       -3.225600004196167
       -4.057799816131592
       -1.831300020217896
       -1.491999983787537
   1.352999955415726E-001
        1.225999951362610
        2.487400054931641
   1.114000007510185E-001
   7.164999842643738E-001
  -5.220000073313713E-002
   7.578999996185303E-001
        1.768000006675720
        1.481099963188171
   4.720000028610230E-001
   7.750000059604645E-002
  -8.087000250816345E-001
  -9.703000187873840E-001
       -1.886000037193298
       -2.404900074005127
       -2.721499919891357
       -1.941900014877319
  -2.951999902725220E-001
   3.504000008106232E-001
   6.475999951362610E-001
        1.112900018692017
        1.395200014114380
        2.041599988937378
        1.263700008392334
        2.295200109481812
   3.249000012874603E-001
  -2.565999925136566E-001
  -3.878000080585480E-001
       -1.559999942779541
  -1.597999930381775E-001
  -1.600999981164932E-001
        2.147399902343750
        2.358000040054321
   2.935999929904938E-001
       -1.581099987030029
       -1.966300010681152
       -2.316699981689453
       -2.721800088882446
       -2.438600063323975
       -1.238700032234192
  -2.477999925613403E-001
       -2.167900085449219
       -2.293200016021729
       -1.765100002288818
       -3.030699968338013
       -3.532599925994873
       -4.299499988555908
  -8.587999939918518E-001
       -1.803900003433228
        1.114699959754944
        1.073799967765808
   6.369999796152115E-002
  -7.220000028610230E-001
  -9.793999791145325E-001
       -2.973099946975708
       -3.930999994277954
       -2.865200042724609
       -2.256599903106690
       -1.561699986457825
  -6.017000079154968E-001
  -5.447000265121460E-001
        1.010499954223633
        1.028100013732910
   2.759000062942505E-001
       -1.076300024986267
  -2.748999893665314E-001
   2.022999972105026E-001
        1.733600020408630
   7.850000262260437E-001
   7.160000205039978E-001
   2.781000137329102E-001
        1.328999996185303
   2.414000034332275E-001
  -6.498000025749207E-001
       -1.250000000000000
       -3.306900024414063
       -2.391099929809570
       -1.749300003051758
       -1.517300009727478
  -5.020999908447266E-001
        1.457100033760071
        1.597900032997131
        1.116299986839294
   2.453999966382980E-001
  -1.177000030875206E-001
  -2.513999938964844E-001
   1.235999986529350E-001
  -8.758000135421753E-001
   2.779999934136868E-002
  -6.287999749183655E-001
   5.171999931335449E-001
        1.629400014877319
   4.654000103473663E-001
  -9.999999747378752E-005
       -1.349699974060059
       -1.386800050735474
       -1.911299943923950
       -2.250999927520752
       -1.195399999618530
       -1.877699971199036
       -2.197000026702881
       -2.586600065231323
       -1.511999964714050
       -1.635300040245056
  -8.542000055313110E-001
       -1.317000031471252
       -3.272200107574463
       -3.164599895477295
  -7.714999914169312E-001
   6.705999970436096E-001
        1.159399986267090
       -1.432199954986572
       -1.381500005722046
  -9.011999964714050E-001
       -2.335900068283081
       -3.253900051116943
  -9.564999938011169E-001
       -1.962299942970276
       -1.416700005531311
  -2.889999933540821E-002
   5.184000134468079E-001
  -4.555000066757202E-001
  -1.342999935150147E-001
       -1.189700007438660
       -2.431600093841553
   1.668000072240830E-001
   9.760000109672546E-001
        2.583899974822998
        1.100700020790100
   6.905000209808350E-001
        1.376999974250794
        1.314700007438660
   3.280000090599060E-001
   3.551999926567078E-001
  -8.346999883651733E-001
       -1.879099965095520
       -1.593000054359436
       -3.485599994659424
       -3.433500051498413
       -1.713799953460693
   4.217000007629395E-001
   1.405999958515167E-001
  -7.581999897956848E-001
  -1.460000034421682E-002
   4.509999975562096E-002
       -1.134099960327148
   9.050999879837036E-001
        1.324699997901917
  -1.473000049591065E-001
   6.227999925613403E-001
   4.433000087738037E-001
  -1.721999943256378E-001
   7.646999955177307E-001
  -1.893000006675720E-001
       -1.490800023078919
       -1.968299984931946
  -6.808999776840210E-001
       -1.046200037002564
       -2.390399932861328
       -1.592700004577637
       -1.571699976921082
  -4.176000058650971E-001
   1.538999974727631E-001
   9.409999847412109E-002
       -1.053400039672852
       -1.584499955177307
       -1.902699947357178
       -1.717399954795837
  -2.259999960660934E-001
   6.832000017166138E-001
       -1.905200004577637
       -1.998499989509583
  -3.851000070571899E-001
   2.493000030517578E-001
  -8.449999988079071E-002
       -2.340500116348267
  -2.468000054359436E-001
  -9.638000130653381E-001
  -4.499999880790710E-001
   4.009999930858612E-001
        1.059999942779541
       -1.633800029754639
       -2.852799892425537
       -1.868299961090088
       -2.250999927520752
  -1.520999968051910E-001
        1.723099946975708
        1.492300033569336
        1.598899960517883
   3.887999951839447E-001
   4.993999898433685E-001
        1.005499958992004
   1.957000046968460E-001
   7.578999996185303E-001
  -6.432999968528748E-001
  -5.152000188827515E-001
  -5.909000039100647E-001
       -1.967399954795837
       -1.712499976158142
       -2.064399957656860
       -1.333899974822998
  -8.349999785423279E-001
  -2.671000063419342E-001
   9.920000284910202E-002
       -1.378900051116943
       -1.605700016021729
  -9.897999763488770E-001
   7.032999992370606E-001
  -5.840000137686729E-002
   5.175999999046326E-001
  -3.585999906063080E-001
   7.813000082969666E-001
        1.175699949264526
  -3.894000053405762E-001
       -1.453899979591370
       -1.212399959564209
   1.662999987602234E-001
       -1.186599969863892
       -2.288700103759766
       -2.467600107192993
   4.686999917030335E-001
  -1.708000004291534E-001
   7.361999750137329E-001
        1.874400019645691
   5.547999739646912E-001
  -8.673999905586243E-001
       -1.958099961280823
       -1.760400056838989
  -8.866000175476074E-001
   6.930999755859375E-001
  -2.220000028610230E-001
       -1.424000024795532
  -8.528000116348267E-001
   4.411000013351440E-001
        1.681300044059753
   4.603999853134155E-001
       -1.877699971199036
  -7.906000018119812E-001
  -4.119000136852264E-001
  -8.679000139236450E-001
        1.103299975395203
   6.912000179290772E-001
       -2.865299940109253
       -2.667099952697754
       -1.679800033569336
   4.828999936580658E-001
  -4.111999869346619E-001
   3.849999904632568E-001
   7.129999995231628E-001
   9.136000275611877E-001
        1.500599980354309
   3.935000002384186E-001
   4.880999922752380E-001
   4.905000030994415E-001
   4.264999926090241E-001
  -6.132000088691711E-001
   9.610000252723694E-002
   8.044000267982483E-001
  -1.037999987602234E-001
       -1.263800024986267
   8.368999958038330E-001
  -4.727999866008759E-001
        1.064599990844727
   8.860999941825867E-001
       -1.053200006484985
       -1.252599954605103
       -2.549499988555908
       -1.820199966430664
   1.111000031232834E-001
   6.431999802589417E-001
        1.037600040435791
   8.403000235557556E-001
   8.661000132560730E-001
        1.207999944686890
   1.940000057220459E-001
  -8.044000267982483E-001
   2.782000005245209E-001
  -8.129000067710877E-001
       -2.585500001907349
       -1.737100005149841
  -1.689999923110008E-002
  -6.338999867439270E-001
  -3.677999973297119E-001
        1.008100032806397
   4.880000054836273E-001
  -5.536999702453613E-001
  -9.146999716758728E-001
       -1.529800057411194
  -5.289999842643738E-001
  -4.699999839067459E-002
   7.451000213623047E-001
  -6.300000101327896E-002
   8.600000143051148E-001
        1.632099986076355
        1.459800004959106
   7.799999788403511E-003
  -5.321999788284302E-001
  -8.158000111579895E-001
  -4.711999893188477E-001
  -8.059999942779541E-001
   9.879000186920166E-001
   8.601999878883362E-001
       -2.200999975204468
  -7.470999956130981E-001
  -5.645999908447266E-001
  -7.932999730110169E-001
   1.415999978780747E-001
  -5.978999733924866E-001
        1.440700054168701
   6.024000048637390E-001
   9.962000250816345E-001
   8.230000138282776E-001
  -3.503000140190125E-001
  -4.864999949932098E-001
  -9.147999882698059E-001
  -2.099999925121665E-003
   7.578999996185303E-001
   7.458000183105469E-001
   4.322000145912170E-001
        1.346199989318848
   3.160000145435333E-001
   8.809999823570252E-001
        1.262899994850159
        1.348700046539307
   9.440000355243683E-002
   6.300000008195639E-003
       -2.385799884796143
  -7.297999858856201E-001
  -9.379000067710877E-001
       -1.120900034904480
  -8.203999996185303E-001
   9.535999894142151E-001
        1.839200019836426
        2.384500026702881
        1.648900032043457
   7.020000368356705E-002
   1.981000006198883E-001
        1.347599983215332
        1.027300000190735
   4.851000010967255E-001
  -1.172000020742416E-001
   2.100999951362610E-001
   2.626999914646149E-001
        1.520099997520447
        1.068300008773804
        1.194599986076355
   5.501000285148621E-001
   1.984000056982040E-001
        1.607499957084656
   1.057000011205673E-001
   8.866999745368958E-001
  -9.999999747378752E-005
        1.525400042533875
        2.028399944305420
        1.735599994659424
   8.049999922513962E-002
  -5.260000228881836E-001
       -2.028700113296509
       -1.177299976348877
  -7.285000085830689E-001
   2.770000100135803E-001
   2.998000085353851E-001
       -1.049800038337708
  -6.650000214576721E-001
  -8.637999892234802E-001
       -1.761600017547607
  -5.001000165939331E-001
  -9.600000455975533E-003
  -4.713999927043915E-001
       -1.138200044631958
  -1.107999980449677E-001
  -2.416000068187714E-001
  -8.855999708175659E-001
  -2.442000061273575E-001
       -2.119600057601929
  -1.807000041007996E-001
   5.654000043869019E-001
   9.624999761581421E-001
        1.262400031089783
        1.304600000381470
  -2.702000141143799E-001
   2.250999957323074E-001
        2.089999914169312
        1.149299979209900
        1.164700031280518
  -2.196000069379807E-001
  -7.835000157356262E-001
  -8.884000182151794E-001
  -4.248000085353851E-001
  -8.241000175476074E-001
  -2.318000048398972E-001
   3.912000060081482E-001
   6.531000137329102E-001
        1.334900021553040
        2.304399967193604
  -9.225000143051148E-001
   8.154000043869019E-001
   2.474000006914139E-001
  -5.306000113487244E-001
   3.470999896526337E-001
  -1.958000063896179E-001
   5.099999904632568E-002
        1.382400035858154
   9.182999730110169E-001
        1.773900032043457
        1.923699975013733
        1.270300030708313
        1.003299951553345
   8.572000265121460E-001
        2.049599885940552
        2.003999948501587
   6.995000243186951E-001
        1.222900032997131
   7.118999958038330E-001
        1.168200016021729
  -2.386000007390976E-001
  -5.598999857902527E-001
       -2.296299934387207
       -1.316400051116943
   1.808000057935715E-001
        2.218600034713745
  -5.532000064849854E-001
  -5.867000222206116E-001
  -6.240000128746033E-001
       -2.060600042343140
  -1.190000027418137E-002
  -7.080000042915344E-001
       -1.628299951553345
       -2.478600025177002
       -2.624300003051758
       -1.137799978256226
       -2.336199998855591
       -2.077300071716309
       -2.030999898910523
       -2.499399900436401
  -9.618999958038330E-001
  -5.769000053405762E-001
   3.025999963283539E-001
        1.153800010681152
   6.118999719619751E-001
        1.027600049972534
   4.593999981880188E-001
        1.658599972724915
        2.236799955368042
        1.242300033569336
        1.254400014877319
   2.793000042438507E-001
        1.150099992752075
   8.439000248908997E-001
   4.262999892234802E-001
  -9.778000116348267E-001
  -6.481000185012817E-001
  -2.808000147342682E-001
  -2.158000022172928E-001
        1.090600013732910
  -1.216000020503998E-001
   1.079000011086464E-001
  -5.079999938607216E-002
   6.014999747276306E-001
   3.402999937534332E-001
   3.639000058174133E-001
        1.384799957275391
        3.040499925613403
        3.239700078964233
        2.781599998474121
        2.239099979400635
        1.930899977684021
        1.772099971771240
        3.620300054550171
        2.696099996566773
        1.235200047492981
        2.544699907302856
        1.890799999237061
        1.766299962997437
        1.513200044631958
        1.283200025558472
       -2.108700037002564
       -1.776900053024292
       -1.023699998855591
   8.485000133514404E-001
   7.767000198364258E-001
        1.825199961662293
   4.334000051021576E-001
   7.348999977111816E-001
   3.932000100612640E-001
  -4.603999853134155E-001
   8.600999712944031E-001
       -1.142400026321411
       -1.193300008773804
       -2.034600019454956
       -2.175600051879883
       -2.806099891662598
       -2.136100053787231
       -2.966300010681152
       -4.312699794769287
       -1.306200027465820
       -1.125100016593933
   9.710999727249146E-001
        1.938599944114685
        1.455600023269653
        1.880900025367737
        2.401700019836426
        2.607199907302856
        1.780599951744080
        1.796499967575073
   5.763000249862671E-001
   9.430000185966492E-001
   9.481999874114990E-001
  -1.164999976754189E-001
   5.124999880790710E-001
   6.861000061035156E-001
  -1.488000005483627E-001
       -2.326900005340576
       -2.459300041198731
       -1.166300058364868
  -7.536000013351440E-001
   7.100000232458115E-002
   4.210000038146973E-001
  -3.979999944567680E-002
       -1.834100008010864
  -6.105999946594238E-001
        2.229300022125244
        2.220799922943115
        2.660200119018555
        1.034899950027466
        1.677299976348877
        3.320499897003174
        2.944499969482422
        2.342700004577637
        2.982800006866455
        2.807499885559082
        2.959399938583374
        2.368000030517578
        1.095700025558472
   2.268999963998795E-001
   7.993000149726868E-001
  -8.529999852180481E-001
       -2.276099920272827
       -1.491700053215027
  -3.792000114917755E-001
  -2.831999957561493E-001
        1.134899973869324
        1.264099955558777
   8.992999792098999E-001
        1.614599943161011
  -8.340000361204147E-002
  -8.320000022649765E-002
       -1.044299960136414
  -7.917000055313110E-001
  -6.559000015258789E-001
  -9.868999719619751E-001
       -1.847200036048889
       -2.398099899291992
       -2.166300058364868
       -2.802400112152100
       -1.644500017166138
  -9.000000357627869E-002
        1.221199989318848
        1.586599946022034
        1.871199965476990
        1.030500054359436
        1.720000028610230
        1.493299961090088
        1.318899989128113
   4.801000058650971E-001
  -5.016999840736389E-001
  -2.748999893665314E-001
   3.280000016093254E-002
  -1.940000057220459E-001
   1.295000016689301E-001
   9.679999947547913E-002
  -8.902000188827515E-001
       -1.129600048065186
       -2.073199987411499
       -2.591900110244751
  -9.898999929428101E-001
   1.879999972879887E-002
   4.578999876976013E-001
  -3.984999954700470E-001
  -1.885000020265579E-001
  -3.082999885082245E-001
        1.457499980926514
        1.729799985885620
   4.564999938011169E-001
  -7.010000199079514E-002
        1.542099952697754
        3.069999933242798
        3.309499979019165
        2.309600114822388
        3.212699890136719
        3.679300069808960
        2.641200065612793
        2.105099916458130
        2.078900098800659
   7.874000072479248E-001
   4.596999883651733E-001
   6.049000024795532E-001
  -1.457999944686890E-001
  -1.912000030279160E-001
  -3.998000025749207E-001
  -6.901000142097473E-001
        1.354599952697754
        1.659999966621399
   8.995000123977661E-001
   1.213999986648560E-001
       -1.243800044059753
       -2.119299888610840
  -6.079000234603882E-001
       -1.408100008964539
       -1.455899953842163
   3.876000046730042E-001
   2.973999977111816E-001
       -1.488199949264526
       -1.961799979209900
        1.091099977493286
   4.264999926090241E-001
   4.408999979496002E-001
   8.208000063896179E-001
        1.698699951171875
        1.867100000381470
        2.192500114440918
        1.635599970817566
   2.498999983072281E-001
        1.076300024986267
   7.394000291824341E-001
        1.217700004577637
   6.599000096321106E-001
   9.447000026702881E-001
  -7.303000092506409E-001
  -2.734000086784363E-001
       -1.530099987983704
       -2.261300086975098
       -2.189100027084351
       -1.396999955177307
       -1.654099941253662
       -1.936200022697449
        1.000699996948242
        1.631700038909912
        2.536799907684326
   7.214999794960022E-001
   5.001999735832214E-001
        1.697600007057190
   7.576000094413757E-001
   5.386999845504761E-001
  -5.119000077247620E-001
  -2.696999907493591E-001
        1.488499999046326
        2.740600109100342
        2.906599998474121
        3.723000049591065
        3.553299903869629
        2.850199937820435
        1.149099946022034
        1.480100035667419
        1.631399989128113
        2.588200092315674
   7.639999687671661E-002
  -2.950000017881393E-002
  -2.500999867916107E-001
       -1.128999948501587
   7.710000127553940E-002
        2.096400022506714
        1.457200050354004
   7.220000028610230E-001
  -9.251000285148621E-001
  -2.290000021457672E-001
  -7.445999979972839E-001
       -1.241000056266785
       -1.577000021934509
  -4.977999925613403E-001
  -3.291999995708466E-001
  -6.496999859809876E-001
   2.047999948263168E-001
  -7.069999724626541E-002
        1.358000040054321
        1.599699974060059
        2.265599966049194
        2.213700056076050
        2.523299932479858
        2.827500104904175
        2.261699914932251
        1.361099958419800
  -1.120999976992607E-001
        1.262099981307983
   8.856999874114990E-001
   2.628999948501587E-001
  -1.781000047922134E-001
        1.066100001335144
   3.783999979496002E-001
  -6.169999837875366E-001
  -4.063999950885773E-001
       -1.102800011634827
  -3.319000005722046E-001
       -2.228800058364868
  -4.359999895095825E-001
   1.489000022411346E-001
       -1.075099945068359
   8.633999824523926E-001
   6.557000279426575E-001
   4.952000081539154E-001
   8.582000136375427E-001
  -1.000000014901161E-001
  -8.583999872207642E-001
       -1.748200058937073
  -9.146999716758728E-001
  -3.233000040054321E-001
   1.449999958276749E-002
        2.026200056076050
        3.483000040054321
        2.799400091171265
        4.302000045776367
        3.331899881362915
        1.821499943733215
   8.155999779701233E-001
        1.286200046539307
        1.512500047683716
  -9.290000051259995E-002
   4.104000031948090E-001
        1.050799965858460
   8.131999969482422E-001
        1.815299987792969
   1.551000028848648E-001
  -8.695999979972839E-001
  -7.444000244140625E-001
  -7.696999907493591E-001
  -9.599000215530396E-001
       -1.327200055122376
       -1.863100051879883
  -4.657999873161316E-001
       -1.155599951744080
       -1.214100003242493
       -1.095299959182739
   6.912000179290772E-001
   8.380000293254852E-002
   6.304000020027161E-001
        1.684700012207031
        1.674700021743774
        2.111399888992310
        3.519299983978272
        3.126899957656860
        1.497900009155273
   1.494999974966049E-001
        1.648399949073792
        2.259399890899658
   6.955999732017517E-001
   2.930999994277954E-001
   2.457000017166138E-001
        1.529399991035461
       -1.438400030136108
  -8.087000250816345E-001
       -1.080500006675720
       -1.449499964714050
       -1.155300021171570
  -2.600000007078052E-003
  -6.524000167846680E-001
  -9.943000078201294E-001
  -7.990000247955322E-001
   8.421999812126160E-001
  -7.283999919891357E-001
       -1.254600048065186
  -3.318000137805939E-001
  -2.363999933004379E-001
       -3.034399986267090
       -3.471699953079224
  -9.375000000000000E-001
  -5.547999739646912E-001
   1.671999990940094E-001
   7.006999850273132E-001
   6.101999878883362E-001
        2.264100074768066
        3.993000030517578
        5.369400024414063
        2.274800062179565
        1.815400004386902
        1.425199985504150
        1.250499963760376
   5.009999871253967E-002
        2.089400053024292
        1.747699975967407
        2.611399888992310
        1.576599955558777
   6.510000228881836E-001
   3.007999956607819E-001
  -5.302000045776367E-001
       -1.157199978828430
  -7.634000182151794E-001
       -1.310799956321716
  -2.442000061273575E-001
       -1.442199945449829
       -1.784399986267090
       -2.148000001907349
       -1.312399983406067
  -4.036999940872192E-001
  -4.032000005245209E-001
   5.206000208854675E-001
        1.088400006294251
        1.026900053024292
        1.699499964714050
        2.465100049972534
        3.651799917221069
        2.636199951171875
        2.214499950408936
        3.037899971008301
        2.042200088500977
   6.370000243186951E-001
   8.403999805450440E-001
   3.968999981880188E-001
        1.247599959373474
  -2.784000039100647E-001
       -1.836199998855591
       -1.672500014305115
  -8.025000095367432E-001
       -1.415400028228760
  -2.989000082015991E-001
  -6.898999810218811E-001
  -4.086999893188477E-001
  -2.421000003814697E-001
   3.802999854087830E-001
       -1.123900055885315
       -2.539999961853027
   3.885999917984009E-001
  -8.339999914169312E-001
       -2.279299974441528
       -3.083499908447266
       -1.635599970817566
   7.554000020027161E-001
  -2.881000041961670E-001
  -9.455000162124634E-001
        1.101899981498718
        1.770599961280823
        4.160600185394287
        3.397200107574463
        3.197099924087524
        2.157000064849854
   4.029999971389771E-001
   4.864000082015991E-001
  -4.560999870300293E-001
        1.367100000381470
        1.162199974060059
        1.767199993133545
        2.236399888992310
        2.303200006484985
        1.354500055313110
  -7.680000066757202E-001
  -2.222999930381775E-001
       -2.237499952316284
   8.119999766349793E-001
       -1.178400039672852
       -2.220799922943115
       -2.218199968338013
       -1.114099979400635
  -5.605999827384949E-001
  -2.063000053167343E-001
  -3.145000040531158E-001
  -2.736000120639801E-001
  -2.450000047683716E-001
   2.040999978780747E-001
        1.069900035858154
        2.466599941253662
        3.514600038528442
        2.933399915695190
        2.138999938964844
        1.756399989128113
        1.167099952697754
        1.342700004577637
  -2.768999934196472E-001
   7.909999787807465E-002
  -1.477999985218048E-001
  -8.438000082969666E-001
  -7.843999862670898E-001
       -2.075599908828735
       -1.205500006675720
  -8.030999898910523E-001
  -8.173999786376953E-001
  -8.130999803543091E-001
  -9.933000206947327E-001
  -7.188000082969666E-001
   2.551999986171722E-001
       -1.001999974250794
       -1.649399995803833
   8.378999829292297E-001
  -2.443999946117401E-001
  -9.793999791145325E-001
   3.512000143527985E-001
  -1.791999936103821E-001
  -5.363000035285950E-001
  -4.610000178217888E-002
       -1.173799991607666
   3.059000074863434E-001
        1.646299958229065
        2.766000032424927
        3.360100030899048
        2.116499900817871
        1.166100025177002
        1.217499971389771
   3.330000042915344E-001
        1.463400006294251
        1.664600014686585
        2.467900037765503
        1.564200043678284
   6.862999796867371E-001
        1.201900005340576
   2.252999991178513E-001
  -6.621000170707703E-001
  -3.741999864578247E-001
       -1.848099946975708
  -1.875000000000000E-001
       -1.226600050926209
       -1.644899964332581
       -1.136999964714050
   1.826000064611435E-001
        1.521700024604797
  -5.572000145912170E-001
       -1.132200002670288
       -1.398300051689148
  -2.119999937713146E-002
   1.411000043153763E-001
        1.481400012969971
        2.274499893188477
        1.869300007820129
        3.085599899291992
   1.783999949693680E-001
   1.596000045537949E-001
   9.338999986648560E-001
   8.023999929428101E-001
   9.480000287294388E-002
   1.264999955892563E-001
        1.122499942779541
   7.792000174522400E-001
  -9.629999995231628E-001
       -1.644299983978272
       -2.096999883651733
  -5.777999758720398E-001
  -2.343000024557114E-001
  -3.578000068664551E-001
  -7.688000202178955E-001
  -9.587000012397766E-001
       -1.093799948692322
       -1.695000052452087
  -7.638999819755554E-001
        1.090100049972534
   6.822000145912170E-001
  -3.036000132560730E-001
   5.188000202178955E-001
   8.765000104904175E-001
  -5.167000293731690E-001
       -1.557299971580505
       -1.121299982070923
  -3.607999980449677E-001
        2.397599935531616
        2.869299888610840
        2.372600078582764
        1.688099980354309
        1.642500042915344
        1.846899986267090
   8.100000023841858E-001
        1.386100053787231
   5.827999711036682E-001
   9.767000079154968E-001
   6.042000055313110E-001
  -4.555999934673309E-001
        1.445899963378906
   9.640000015497208E-002
       -1.403800010681152
       -1.085000038146973
       -1.547099947929382
   8.990000188350678E-002
       -1.175199985504150
       -1.417700052261353
  -4.670000076293945E-002
   3.646999895572662E-001
        1.396999955177307
   8.708999752998352E-001
  -7.537999749183655E-001
  -6.054999828338623E-001
   3.246999979019165E-001
        1.638399958610535
        3.223999977111816
        3.305099964141846
        2.180000066757202
        1.117400050163269
   9.203000068664551E-001
   8.780000209808350E-001
        1.130100011825562
        1.758800029754639
  -3.989000022411346E-001
  -2.973000109195709E-001
   4.250000044703484E-002
  -2.311999946832657E-001
   2.325000017881393E-001
  -6.047999858856201E-001
  -3.334999978542328E-001
  -6.879000067710877E-001
  -9.294000267982483E-001
       -1.441300034523010
  -3.900000080466270E-002
  -8.693000078201294E-001
  -6.514999866485596E-001
  -6.154999732971191E-001
  -3.871999979019165E-001
  -4.404999911785126E-001
   8.435000181198120E-001
        1.492100000381470
   9.041000008583069E-001
  -6.947000026702881E-001
       -1.249600052833557
   1.879999972879887E-002
  -6.226000189781189E-001
        1.409399986267090
        1.574599981307983
        3.246500015258789
        2.153599977493286
        1.654999971389771
   4.476000070571899E-001
        2.432499885559082
        1.696300029754639
  -1.618999987840653E-001
       -1.309999942779541
       -1.064100027084351
   8.720000088214874E-002
  -7.290999889373779E-001
   3.154000043869019E-001
   7.749999761581421E-001
  -8.590000271797180E-001
  -7.987999916076660E-001
  -2.264000028371811E-001
        1.297299981117249
        1.818199992179871
        1.016600012779236
  -5.910999774932861E-001
   5.794000029563904E-001
   3.041999936103821E-001
  -2.536000013351440E-001
       -1.335700035095215
        1.253999948501587
        1.242400050163269
        1.204699993133545
        2.344000101089478
        5.329400062561035
        3.107500076293945
        2.102499961853027
        1.683899998664856
   4.214999973773956E-001
  -5.609999969601631E-002
        1.360399961471558
  -5.422999858856201E-001
   1.419000029563904E-001
  -2.732999920845032E-001
       -2.239200115203857
  -8.179999887943268E-002
  -9.164999723434448E-001
       -1.276800036430359
       -1.104699969291687
       -1.402500033378601
   5.123999714851379E-001
   1.097000017762184E-001
   4.043999910354614E-001
  -8.022000193595886E-001
  -4.875999987125397E-001
   1.897999942302704E-001
   4.187999963760376E-001
        1.167299985885620
   8.514000177383423E-001
        2.622499942779541
   2.079000025987625E-001
   7.209999859333038E-002
   1.242000013589859E-001
   2.504000067710877E-001
        1.447900056838989
        3.385999917984009
        3.467200040817261
        2.846800088882446
   9.085999727249146E-001
        1.041100025177002
   7.455000281333923E-001
   3.480000048875809E-002
  -5.479000210762024E-001
       -1.793300032615662
       -2.035900115966797
       -1.198699951171875
  -1.484999954700470E-001
   2.451999932527542E-001
   8.306000232696533E-001
   9.738000035285950E-001
   4.810999929904938E-001
   8.245999813079834E-001
        1.071400046348572
        1.998399972915649
   6.428999900817871E-001
  -6.308000087738037E-001
       -1.201599955558777
       -2.222399950027466
  -6.111999750137329E-001
        1.817600011825562
        1.952399969100952
        3.217299938201904
        2.322900056838989
        3.331300020217896
        3.394299983978272
        3.414200067520142
        2.719799995422363
   7.131000161170960E-001
   2.732000052928925E-001
   9.369999915361404E-002
   8.244000077247620E-001
  -4.230999946594238E-001
       -1.000900030136108
       -1.117200016975403
   4.930999875068665E-001
  -7.261999845504761E-001
  -5.741999745368958E-001
       -1.329499959945679
  -9.419999718666077E-001
   4.769000113010407E-001
   5.750000104308128E-002
   1.644999980926514E-001
   1.838999986648560E-001
   9.821000099182129E-001
   5.339999794960022E-001
        1.455000042915344
        1.061499953269959
        2.553699970245361
        2.132400035858154
        1.991899967193604
        1.766299962997437
   1.507000029087067E-001
  -2.379000037908554E-001
        1.938400030136108
   6.955000162124634E-001
        1.082100033760071
        1.875599980354309
        2.064199924468994
  -1.700000022538006E-003
        1.066699981689453
  -4.745000004768372E-001
  -3.255000114440918E-001
  -2.522999942302704E-001
  -3.882000148296356E-001
       -2.375000000000000
       -1.370300054550171
  -6.685000061988831E-001
   4.573000073432922E-001
   4.648000001907349E-001
        1.196799993515015
        1.450199961662293
   7.588999867439270E-001
        1.844300031661987
        2.109499931335449
   9.356999993324280E-001
   7.721999883651733E-001
  -7.947999835014343E-001
       -1.085899949073792
   3.160000145435333E-001
   7.700999975204468E-001
        1.356500029563904
        1.625900030136108
        3.399899959564209
        3.052000045776367
        2.300899982452393
        3.643800020217896
        2.205699920654297
        2.773699998855591
   5.084000229835510E-001
  -9.620000123977661E-001
  -4.627999961376190E-001
  -5.835999846458435E-001
  -3.050999939441681E-001
   2.094999998807907E-001
   4.264999926090241E-001
        1.557199954986572
   1.150999963283539E-001
  -5.695000290870667E-001
   2.480999976396561E-001
  -8.586999773979187E-001
  -5.153999924659729E-001
        1.194399952888489
   1.967999935150147E-001
        1.239799976348877
        1.528599977493286
        3.032900094985962
        2.489900112152100
        2.720099925994873
        1.879899978637695
        2.094599962234497
        2.763099908828735
        1.335899949073792
   6.183000206947327E-001
   4.192000031471252E-001
        1.537999987602234
        2.507299900054932
        1.189499974250794
        2.703299999237061
   7.749000191688538E-001
   4.647000133991242E-001
       -1.068699955940247
  -7.103999853134155E-001
  -8.553000092506409E-001
  -8.744999766349793E-001
   3.217000067234039E-001
       -1.168099999427795
  -7.570999860763550E-001
  -1.729999929666519E-001
        1.391700029373169
        2.406899929046631
        1.259199976921082
        1.455600023269653
        2.060600042343140
        1.093099951744080
        2.308199882507324
        2.186100006103516
        2.164900064468384
  -1.659000068902969E-001
  -4.019999876618385E-002
        1.823199987411499
   2.969999909400940E-001
        1.606600046157837
        2.914700031280518
        1.408699989318848
        1.794299960136414
        2.127899885177612
        2.533999919891357
        2.070300102233887
        1.650799989700317
  -1.720000058412552E-002
   8.863000273704529E-001
  -2.314999997615814E-001
        1.411000013351440
   9.997000098228455E-001
        1.317899942398071
   7.462999820709229E-001
  -5.659000277519226E-001
        1.178300023078919
  -3.224999904632568E-001
  -1.543000042438507E-001
  -9.138000011444092E-001
  -4.280000180006027E-002
   4.289000034332275E-001
        3.132899999618530
        1.897699952125549
        2.497400045394898
        2.276799917221069
        1.355000019073486
        1.864199995994568
   6.674000024795532E-001
        2.428800106048584
        1.749699950218201
   6.578000187873840E-001
        2.076699972152710
        3.389400005340576
        2.025399923324585
   3.440000116825104E-002
        1.716599941253662
        1.404500007629395
   2.910000085830689E-001
  -4.652000069618225E-001
  -3.328999876976013E-001
       -1.586300015449524
   5.622000098228455E-001
   9.728000164031982E-001
       -1.719099998474121
  -3.907000124454498E-001
  -2.470999956130981E-001
        1.292799949645996
        2.305599927902222
        1.462499976158142
   8.827000260353088E-001
        1.946300029754639
   2.231000065803528E-001
   2.317000031471252E-001
        2.187400102615356
        1.753499984741211
  -1.361999958753586E-001
       -1.076300024986267
  -8.531000018119812E-001
  -5.884000062942505E-001
  -4.823000133037567E-001
        1.516899943351746
        1.257899999618530
        1.066699981689453
        1.148900032043457
        2.360699892044067
        2.526700019836426
        1.984200000762940
        1.013299942016602
   7.128000259399414E-001
  -7.192000150680542E-001
   4.751999974250794E-001
        1.675500035285950
        2.126800060272217
  -2.373999953269959E-001
  -2.221000045537949E-001
   2.759999968111515E-002
  -3.188999891281128E-001
   3.833000063896179E-001
   8.044000267982483E-001
  -7.547000050544739E-001
   9.632999897003174E-001
        2.144599914550781
        3.299900054931641
        1.802700042724609
        2.723000049591065
        1.607300043106079
   7.868999838829041E-001
        1.475800037384033
        2.624200105667114
        2.657399892807007
        2.131400108337402
        1.968299984931946
        3.439899921417236
        2.629800081253052
        3.298000097274780
        1.741799950599670
        2.032500028610230
   8.593999743461609E-001
   5.758000016212463E-001
  -5.633000135421753E-001
  -1.580000072717667E-001
  -2.378000020980835E-001
   6.621000170707703E-001
  -6.254000067710877E-001
       -1.084900021553040
   4.510000050067902E-001
        1.742400050163269
        1.993100047111511
        2.196500062942505
        2.432699918746948
        1.856199979782105
   7.411999702453613E-001
   5.134999752044678E-001
   6.395999789237976E-001
   7.470999956130981E-001
   7.204999923706055E-001
  -6.517000198364258E-001
       -1.619199991226196
  -3.966999948024750E-001
       -1.708899974822998
  -9.372000098228455E-001
  -4.178999960422516E-001
   8.120000362396240E-002
   9.394999742507935E-001
        1.250300049781799
   8.220000267028809E-001
   9.351999759674072E-001
   3.643000125885010E-001
   5.848000049591065E-001
   1.630000025033951E-002
        1.493499994277954
        1.576400041580200
        1.157099962234497
       -1.077999949455261
  -6.068000197410584E-001
        1.715800046920776
        1.266600012779236
        1.555299997329712
   9.332000017166138E-001
   5.088999867439270E-001
        1.559700012207031
        1.439800024032593
        1.496500015258789
        1.767199993133545
        1.368700027465820
        1.117100000381470
        1.415400028228760
   6.151000261306763E-001
   2.678999900817871E-001
        1.283699989318848
        1.979799985885620
   9.792000055313110E-001
        2.931999921798706
        2.499900102615356
        3.583499908447266
        3.850800037384033
        2.657799959182739
        1.708299994468689
        2.444900035858154
        1.111400008201599
   8.621000051498413E-001
   1.499999966472387E-002
  -2.581999897956848E-001
       -1.419700026512146
       -1.073500037193298
   5.842999815940857E-001
        1.744400024414063
        1.480599999427795
        1.059299945831299
        2.325599908828735
        2.042200088500977
        1.707700014114380
        2.523000001907349
        1.671200037002564
   7.281000018119812E-001
  -5.971999764442444E-001
       -1.146600008010864
       -1.300500035285950
  -9.178000092506409E-001
  -2.552999854087830E-001
  -3.855000138282776E-001
  -7.513999938964844E-001
   7.199999690055847E-002
        1.521399974822998
   8.934999704360962E-001
  -1.456000059843063E-001
   9.297000169754028E-001
   7.450000196695328E-002
   6.674000024795532E-001
   1.844000071287155E-001
  -1.629000008106232E-001
   7.904999852180481E-001
   3.623000085353851E-001
  -6.844999790191650E-001
  -2.843999862670898E-001
   9.951999783515930E-001
  -6.470000147819519E-001
        1.521900057792664
        2.148600101470947
        2.195899963378906
        2.776400089263916
        2.300100088119507
        2.040600061416626
        1.081300020217896
        2.342700004577637
   6.520000100135803E-001
   4.619999974966049E-002
  -1.712999939918518E-001
   2.140000090003014E-002
        1.689800024032593
        2.102799892425537
        1.891600012779236
        3.148699998855591
        2.345900058746338
        1.973399996757507
        2.605700016021729
        3.852900028228760
        3.569400072097778
        2.113399982452393
        2.432199954986572
   8.712999820709229E-001
        1.082399964332581
       -1.328799962997437
  -2.901000082492828E-001
  -6.194000244140625E-001
   5.246999859809876E-001
        1.073099970817566
   6.852999925613403E-001
  -2.910000085830689E-002
   3.359000086784363E-001
        1.264700055122376
        2.016599893569946
        2.016000032424927
   9.641000032424927E-001
        1.050999999046326
  -8.942000269889832E-001
  -5.698000192642212E-001
  -1.615999937057495E-001
   6.071000099182129E-001
   3.341999948024750E-001
   1.359000056982040E-001
  -1.261000037193298E-001
  -8.576999902725220E-001
   4.377999901771545E-001
  -7.871000170707703E-001
   6.917999982833862E-001
  -2.263000011444092E-001
  -3.833000063896179E-001
  -3.163000047206879E-001
  -4.456999897956848E-001
  -5.381000041961670E-001
       -1.239899992942810
       -1.002200007438660
   3.978999853134155E-001
   9.951000213623047E-001
        1.937399983406067
        1.762400031089783
        1.392600059509277
        2.257499933242798
        1.516999959945679
        2.710400104522705
        2.417099952697754
        2.504499912261963
        3.201699972152710
        3.316600084304810
        1.783599972724915
        2.189800024032593
        1.007200002670288
        1.129799962043762
        2.181099891662598
        2.432499885559082
        3.715600013732910
        3.217400074005127
        1.773499965667725
        2.138299942016602
        2.210900068283081
        5.111899852752686
        4.241600036621094
        3.345499992370606
        1.722499966621399
   6.363999843597412E-001
   2.460000067949295E-001
  -8.580999970436096E-001
   1.341000050306320E-001
  -7.099999785423279E-001
   8.582000136375427E-001
   7.452999949455261E-001
  -4.383000135421753E-001
  -6.899999976158142E-001
   5.461999773979187E-001
  -2.099999925121665E-003
        2.697099924087524
        2.701999902725220
        1.291700005531311
   8.458999991416931E-001
   1.023000031709671E-001
       -1.008999943733215
   4.377999901771545E-001
        1.443500041961670
   1.125999987125397E-001
  -1.035000011324883E-001
  -8.120999932289124E-001
       -1.208199977874756
       -1.072299957275391
  -5.611000061035156E-001
  -4.618000090122223E-001
   2.389999926090241E-001
   3.524000048637390E-001
   3.880999982357025E-001
  -9.192000031471252E-001
   1.045000031590462E-001
   9.589999914169312E-001
       -1.084800004959106
        1.633599996566773
        2.109499931335449
        1.394299983978272
   6.420999765396118E-001
  -2.305999994277954E-001
        1.141299962997437
        2.265899896621704
        2.949199914932251
        3.067899942398071
        3.305900096893311
        3.714400053024292
        3.702600002288818
        3.038000106811523
        1.196499943733215
        1.426300048828125
        1.981799960136414
        2.112600088119507
        2.529900074005127
        3.382999897003174
        3.486299991607666
        2.619699954986572
        2.047899961471558
        1.723700046539307
        4.619800090789795
        4.624700069427490
        1.735999941825867
        1.926699995994568
   6.154000163078308E-001
   6.491000056266785E-001
   9.661999940872192E-001
  -3.551000058650971E-001
       -1.204800009727478
  -3.950000181794167E-002
   5.310000181198120E-001
   2.861999869346619E-001
   5.349000096321106E-001
        1.335500001907349
   2.434999942779541E-001
        2.927999973297119
        2.488100051879883
   6.384000182151794E-001
   9.879999756813049E-001
   4.081000089645386E-001
   2.202000021934509E-001
  -2.389999926090241E-001
  -7.500000000000000E-001
  -7.121000289916992E-001
       -1.966799974441528
       -1.598899960517883
  -2.788999974727631E-001
       -1.556699991226196
       -1.576799988746643
  -9.157000184059143E-001
  -8.205999732017517E-001
       -2.084899902343750
  -3.941000103950501E-001
   4.643999934196472E-001
   2.840000018477440E-002
   7.455999851226807E-001
   7.591999769210815E-001
        1.750900030136108
        2.064199924468994
        2.650199890136719
   9.736999869346619E-001
  -2.605000138282776E-001
        1.707999944686890
        3.345599889755249
        3.496900081634522
        2.466300010681152
        3.504600048065186
        3.583499908447266
        4.874100208282471
        4.229599952697754
        2.615900039672852
        1.531299948692322
        1.001099944114685
        1.631800055503845
        1.606699943542481
        1.485800027847290
        2.727299928665161
        1.648100018501282
        1.902300000190735
        1.717700004577637
        3.199100017547607
        2.796000003814697
        3.470000028610230
        2.703599929809570
        2.496900081634522
        1.641800045967102
   7.962999939918518E-001
  -5.246999859809876E-001
       -1.394299983978272
       -1.178500056266785
   4.199999868869782E-001
   8.794000148773193E-001
   2.539999969303608E-002
        2.281599998474121
        1.725999951362610
   5.327000021934509E-001
   4.873999953269959E-001
  -4.417000114917755E-001
  -1.380999982357025E-001
   5.189999938011169E-002
   1.336999982595444E-001
   7.159999758005142E-002
       -1.086799979209900
  -5.777000188827515E-001
  -7.307999730110169E-001
  -9.743000268936157E-001
       -1.050500035285950
  -9.872000217437744E-001
       -1.760100007057190
       -1.654199957847595
  -8.852000236511231E-001
       -1.732300043106079
       -1.221400022506714
   2.700000070035458E-003
   6.209999918937683E-001
   8.151999711990356E-001
  -1.900999993085861E-001
   4.113000035285950E-001
        1.298699975013733
        1.805400013923645
        1.104300022125244
        2.421999931335449
        1.276100039482117
        2.756999969482422
        2.988699913024902
        1.944900035858154
        3.742799997329712
        3.126300096511841
        3.146800041198731
        3.395200014114380
        2.533499956130981
        2.435899972915649
        1.367400050163269
        2.514699935913086
        2.724999904632568
        3.255300045013428
        2.882100105285645
        2.233799934387207
        2.016000032424927
        2.143300056457520
        2.828599929809570
        3.931499958038330
        3.136199951171875
        1.441799998283386
        1.361199975013733
        1.625599980354309
  -4.749000072479248E-001
       -1.243600010871887
  -8.813999891281128E-001
       -1.726600050926209
   5.881999731063843E-001
  -4.095000028610230E-001
   3.379999846220017E-002
        1.964400053024292
        1.389099955558777
   5.583999752998352E-001
   8.409000039100647E-001
  -9.139000177383423E-001
       -1.188199996948242
       -1.568300008773804
        1.037600040435791
  -1.296000033617020E-001
       -1.597599983215332
  -5.253000259399414E-001
       -1.122599959373474
  -2.040999978780747E-001
  -6.550999879837036E-001
       -1.427800059318543
       -2.663399934768677
       -1.558200001716614
       -1.341699957847595
  -8.309000134468079E-001
       -1.470000028610230
       -1.006500005722046
  -5.099999904632568E-001
  -3.438999950885773E-001
   4.065000116825104E-001
  -4.119000136852264E-001
  -8.998000025749207E-001
   6.277999877929688E-001
        1.898800015449524
        2.207499980926514
        3.073199987411499
        2.732100009918213
        2.101900100708008
        2.121500015258789
        2.839400053024292
        2.250099897384644
        2.818399906158447
        1.988299965858460
        1.771600008010864
        1.652099967002869
        1.147500038146973
        1.664800047874451
        2.069200038909912
        2.632299900054932
        2.109699964523315
        1.882500052452087
   4.932000041007996E-001
        1.946400046348572
        2.880300045013428
        2.568000078201294
        2.274300098419190
        2.045700073242188
        1.211300015449524
   2.579999864101410E-001
   5.378000140190125E-001
   6.170000135898590E-002
        1.593500018119812
       -1.661200046539307
       -1.174800038337708
   5.739999935030937E-002
   6.092000007629395E-001
   5.123999714851379E-001
        1.941799998283386
        1.881700038909912
        1.015799999237061
   3.702000081539154E-001
  -1.347000002861023E-001
  -9.678999781608582E-001
   1.350000053644180E-001
  -8.068000078201294E-001
       -2.736700057983398
       -1.788300037384033
       -2.470599889755249
  -9.423999786376953E-001
   4.440000057220459E-001
  -9.189000129699707E-001
       -1.283100008964539
       -1.013499975204468
   2.124000042676926E-001
  -4.415999948978424E-001
       -2.302299976348877
       -1.588099956512451
       -1.180500030517578
   9.340999722480774E-001
        1.034399986267090
  -2.415000051259995E-001
  -2.382999956607819E-001
   7.714999914169312E-001
        1.957700014114380
        2.438400030136108
        1.005900025367737
        1.626799941062927
        1.097100019454956
        1.128299951553345
        2.575700044631958
        2.454499959945679
        1.509099960327148
   4.763000011444092E-001
   2.497999966144562E-001
   8.160000294446945E-002
  -5.723000168800354E-001
   1.590999960899353E-001
   7.415999770164490E-001
        1.951699972152710
        1.911900043487549
        2.511499881744385
        1.112599968910217
   8.867999911308289E-001
   9.883999824523926E-001
        1.414700031280518
        2.101300001144409
        1.776700019836426
   5.040000006556511E-002
       -1.248700022697449
  -4.045999944210053E-001
   3.089999854564667E-001
        1.403599977493286
       -3.418499946594238
       -1.607200026512146
  -4.981000125408173E-001
        1.129099965095520
        1.502300024032593
        3.635499954223633
        1.774700045585632
  -3.149000108242035E-001
       -1.309200048446655
        1.160500049591065
  -8.097000122070313E-001
  -2.930000051856041E-002
       -1.202600002288818
       -2.609100103378296
       -2.342299938201904
       -2.114000082015991
       -1.544199943542481
       -1.239199995994568
  -9.682000279426575E-001
       -1.094300031661987
  -4.975999891757965E-001
   9.932000041007996E-001
  -4.778000116348267E-001
       -1.279800057411194
       -1.433899998664856
       -1.097599983215332
  -4.805999994277954E-001
   8.984000086784363E-001
  -4.070999920368195E-001
   9.200000017881393E-002
        1.221199989318848
        1.685899972915649
        2.132800102233887
        1.048099994659424
  -6.610000133514404E-002
        1.191699981689453
   7.253000140190125E-001
   4.248000085353851E-001
   5.033000111579895E-001
   3.919999897480011E-001
   2.953999936580658E-001
  -9.010999798774719E-001
  -6.947000026702881E-001
   5.774999856948853E-001
  -3.878000080585480E-001
   2.164999991655350E-001
   1.096000000834465E-001
        2.131400108337402
        1.882699966430664
        1.600499987602234
        1.511199951171875
        1.094300031661987
   6.330999732017517E-001
  -1.023999974131584E-001
        1.234599947929382
        1.008299946784973
  -9.640000015497208E-002
   4.357999861240387E-001
   1.226999983191490E-001
  -3.271999955177307E-001
       -2.703399896621704
       -2.473400115966797
       -1.035799980163574
  -3.955000042915344E-001
        1.349099993705750
        1.740499973297119
   8.256999850273132E-001
       -1.328799962997437
  -7.656000256538391E-001
  -7.243000268936157E-001
       -1.302600026130676
       -1.076200008392334
       -1.299200057983398
       -2.755700111389160
       -3.157200098037720
       -1.435299992561340
       -1.798799991607666
       -1.777600049972534
       -2.299499988555908
  -7.404999732971191E-001
   3.133000135421753E-001
  -4.115000069141388E-001
  -4.036000072956085E-001
   3.788000047206879E-001
   6.409999728202820E-002
  -1.369999945163727E-001
  -2.320999950170517E-001
  -1.298000067472458E-001
  -5.533999800682068E-001
        1.025500059127808
        2.530299901962280
        2.156399965286255
        1.169100046157837
   2.842999994754791E-001
   3.341999948024750E-001
        1.171100020408630
        1.029600024223328
        1.798400044441223
   2.741000056266785E-001
   3.294000029563904E-001
   3.515000045299530E-001
       -1.879500031471252
       -1.372200012207031
  -8.229999989271164E-002
  -5.475999712944031E-001
        2.526299953460693
        1.300999999046326
        1.002699971199036
        1.790799975395203
        1.742300033569336
   5.142999887466431E-001
  -8.410000205039978E-001
   7.215999960899353E-001
  -5.225999951362610E-001
  -2.610999941825867E-001
   3.970000147819519E-002
   8.425999879837036E-001
  -1.680999994277954E-001
       -1.064800024032593
  -4.986000061035156E-001
       -1.896299958229065
       -1.777500033378601
       -1.320700049400330
   4.259999841451645E-002
  -2.213000059127808E-001
        1.148200035095215
        1.372900009155273
        1.276499986648560
  -9.800000190734863E-001
  -1.835000067949295E-001
       -1.445199966430664
       -1.692299962043762
       -2.610599994659424
       -3.377799987792969
       -2.755800008773804
       -1.214200019836426
       -2.214799880981445
       -1.570600032806397
  -7.203000187873840E-001
       -1.393499970436096
       -1.935600042343140
       -1.092000007629395
  -4.027999937534332E-001
  -5.100000184029341E-003
  -2.890000045299530E-001
  -7.326999902725220E-001
   1.168000027537346E-001
   5.253999829292297E-001
  -5.471000075340271E-001
        1.995499968528748
        2.523000001907349
  -7.419999688863754E-002
  -9.937000274658203E-001
       -1.172500014305115
  -5.299999937415123E-002
        1.350100040435791
        1.897899985313416
   5.507000088691711E-001
   8.579999804496765E-001
   4.686000049114227E-001
  -5.336999893188477E-001
   4.666999876499176E-001
   2.802999913692474E-001
   3.533000051975250E-001
        1.425199985504150
        2.809099912643433
        2.256599903106690
        1.448099970817566
        1.276299953460693
   7.035999894142151E-001
   9.970999956130981E-001
  -5.970000103116036E-002
   7.075999975204468E-001
   1.852000057697296E-001
   6.815999746322632E-001
  -7.063999772071838E-001
       -1.659600019454956
       -1.863600015640259
       -1.351300001144409
       -1.895699977874756
