        2.189599990844727
        1.918499946594238
   1.791999936103821E-001
   3.400000035762787E-001
  -1.913000047206879E-001
  -6.941000223159790E-001
        1.140699982643127
   4.641999900341034E-001
  -2.865000069141388E-001
  -2.940000034868717E-002
  -3.896999955177307E-001
        2.138200044631958
        4.305099964141846
        3.310600042343140
        3.660000085830689
        3.153300046920776
        2.275899887084961
        3.171000003814697
        1.151000022888184
        1.365599989891052
        1.888100028038025
        2.418400049209595
        3.092000007629395
        3.682499885559082
        3.377500057220459
        3.222500085830689
        1.522699952125549
        2.996400117874146
        2.998600006103516
        1.669800043106079
   2.757999897003174E-001
   7.335000038146973E-001
  -6.049999967217445E-002
  -4.158000051975250E-001
  -2.969999909400940E-001
        1.031999945640564
        1.487900018692017
   3.677000105381012E-001
        1.807700037956238
   6.872000098228455E-001
  -4.952000081539154E-001
   7.724000215530396E-001
        2.014899969100952
   7.153999805450440E-001
  -6.341999769210815E-001
  -6.219999864697456E-002
       -1.206500053405762
  -2.728999853134155E-001
  -6.661999821662903E-001
        1.393800020217896
        2.608400106430054
        2.206099987030029
        1.989300012588501
        1.318799972534180
        1.764700055122376
        1.554900050163269
        1.065999984741211
   8.669000267982483E-001
        2.028399944305420
   7.833999991416931E-001
        2.110199928283691
        1.626099944114685
   1.930000036954880E-001
  -6.608999967575073E-001
   3.407999873161316E-001
       -1.129699945449829
  -4.038999974727631E-001
  -1.977999955415726E-001
   9.911000132560730E-001
   9.790999889373779E-001
        1.356400012969971
        1.185400009155273
        2.124500036239624
        4.481100082397461
        3.647900104522705
        3.438100099563599
        3.327800035476685
        1.195600032806397
   6.651999950408936E-001
        2.298799991607666
        2.221299886703491
        2.561300039291382
        3.026400089263916
        2.457999944686890
        2.926599979400635
        2.479199886322022
        1.800099968910217
        2.013400077819824
        1.587800025939941
        2.374700069427490
        1.665099978446960
   9.929999709129334E-002
  -3.445999920368195E-001
  -9.871000051498413E-001
       -1.049700021743774
  -1.816000044345856E-001
   6.190000101923943E-002
   6.277999877929688E-001
        1.721199989318848
   7.699999809265137E-001
        2.072200059890747
   1.950999945402145E-001
   6.930000185966492E-001
   7.605000138282776E-001
   4.939000010490418E-001
   6.031000018119812E-001
   3.833999931812286E-001
   5.859000086784363E-001
        1.575000047683716
        1.140499949455261
        1.936699986457825
        1.866199970245361
   5.762000083923340E-001
        1.589599967002869
        1.598299980163574
        2.595000028610230
        1.403599977493286
   4.217000007629395E-001
        1.128999948501587
        1.799000024795532
   3.745000064373016E-001
  -1.749999970197678E-001
        1.797500014305115
  -4.943000078201294E-001
       -1.093000054359436
  -6.977999806404114E-001
   2.710000053048134E-002
   6.697999835014343E-001
  -1.837999969720841E-001
   7.210000157356262E-001
   4.185999929904938E-001
   7.570999860763550E-001
   8.622999787330627E-001
        2.375499963760376
        2.798300027847290
        1.999199986457825
        1.454100012779236
        1.005900025367737
        1.924600005149841
        1.890599966049194
        1.676100015640259
        2.710200071334839
        3.459700107574463
        2.383699893951416
        3.246000051498413
        2.511600017547607
        1.672500014305115
        2.642999887466431
        1.963400006294251
        2.304800033569336
   7.429000139236450E-001
   1.279999967664480E-002
       -1.394199967384338
   5.587000250816345E-001
       -1.205100059509277
  -7.048000097274780E-001
   8.673999905586243E-001
   9.884999990463257E-001
        1.962299942970276
        1.739400029182434
        1.254600048065186
        1.702499985694885
   6.898999810218811E-001
   3.741999864578247E-001
   7.906000018119812E-001
   7.475000023841858E-001
  -3.925000131130219E-001
   8.192999958992004E-001
   3.043000102043152E-001
   4.826000034809113E-001
  -1.020999997854233E-001
  -7.357000112533569E-001
   2.084999978542328E-001
        1.597399950027466
        2.700299978256226
        2.332299947738648
        1.278200030326843
        1.212000012397766
   4.311999976634979E-001
  -4.054999947547913E-001
       -1.020699977874756
   1.006999984383583E-001
  -4.411999881267548E-001
  -3.815000057220459E-001
  -4.918000102043152E-001
   3.570000082254410E-002
  -3.429999947547913E-002
  -8.798000216484070E-001
  -1.128999963402748E-001
  -6.629999727010727E-002
  -4.156999886035919E-001
   7.619000077247620E-001
        1.296499967575073
   9.484999775886536E-001
        1.056599974632263
        2.694000005722046
        3.053900003433228
        2.507800102233887
        1.997300028800964
        3.362699985504150
        2.799599885940552
        3.900300025939941
        4.159800052642822
        2.073400020599365
        1.681900024414063
        1.184399962425232
        1.563400030136108
        2.601999998092651
   9.034000039100647E-001
        1.288900017738342
        1.876899957656860
   3.181999921798706E-001
  -4.636000096797943E-001
       -1.067199945449829
       -1.297999978065491
  -6.103000044822693E-001
   8.711000084877014E-001
        1.608100056648254
        1.376099944114685
   6.449999809265137E-001
   4.959999918937683E-001
   3.046999871730804E-001
   6.345999836921692E-001
        1.267300009727478
  -5.199000239372253E-001
  -5.133000016212463E-001
   5.505999922752380E-001
   9.981999993324280E-001
   2.153999954462051E-001
       -1.296800017356873
  -9.196000099182129E-001
  -3.109000027179718E-001
   4.250999987125397E-001
   8.312000036239624E-001
        3.217700004577637
        2.272900104522705
        1.150099992752075
        2.192399978637695
   1.474999934434891E-001
   1.172999963164330E-001
  -3.583999872207642E-001
  -2.894000113010407E-001
  -9.585000276565552E-001
       -1.048300027847290
  -3.919000029563904E-001
       -1.330100059509277
  -7.415999770164490E-001
  -2.169000059366226E-001
  -1.155999973416328E-001
  -5.551999807357788E-001
   7.150000333786011E-002
        1.241999983787537
        1.346500039100647
        1.849400043487549
        2.189699888229370
        4.006999969482422
        4.287600040435791
        2.615799903869629
        2.904299974441528
        3.333499908447266
        3.819299936294556
        4.531899929046631
        4.344200134277344
        2.267899990081787
        1.363100051879883
   8.792999982833862E-001
        1.725999951362610
   4.043000042438507E-001
        1.667500019073486
   9.083999991416931E-001
        1.256999969482422
  -3.149000108242035E-001
  -5.004000067710877E-001
  -1.059999968856573E-002
  -6.543999910354614E-001
   1.129999980330467E-001
   6.367999911308289E-001
   7.028999924659729E-001
   2.831000089645386E-001
  -1.651999950408936E-001
  -2.280000001192093E-001
   7.106999754905701E-001
   9.179999679327011E-002
        1.476600050926209
  -5.490000173449516E-002
  -4.417999982833862E-001
   4.765999913215637E-001
  -3.027000129222870E-001
   6.686999797821045E-001
  -4.722000062465668E-001
   3.698999881744385E-001
  -1.099999994039536E-001
   3.415000140666962E-001
        1.293900012969971
        2.810100078582764
        1.987200021743774
        1.437299966812134
   8.974000215530396E-001
   1.587000042200089E-001
       -1.204599976539612
  -7.132999897003174E-001
       -1.752900004386902
       -1.993199944496155
       -1.926599979400635
  -2.928000092506409E-001
       -1.601699948310852
       -3.041699886322022
       -2.185800075531006
       -1.423099994659424
  -2.748999893665314E-001
  -8.176000118255615E-001
  -5.169999971985817E-002
        1.221099972724915
        1.679700016975403
        2.556999921798706
        3.847100019454956
        4.292200088500977
        3.746700048446655
        3.504100084304810
        3.307600021362305
        3.604199886322022
        2.232700109481812
        2.089400053024292
   8.580999970436096E-001
        1.859099984169006
        1.075899958610535
   6.618999838829041E-001
   8.532000184059143E-001
   3.916999995708466E-001
   8.510000109672546E-001
       -2.247600078582764
       -1.883800029754639
       -1.743100047111511
   2.982999980449677E-001
        1.051499962806702
        1.627400040626526
   4.769999906420708E-002
  -1.460999995470047E-001
   5.774999856948853E-001
   4.557999968528748E-001
        1.011199951171875
   5.151000022888184E-001
        1.120599985122681
        1.953799962997437
   7.871999740600586E-001
   1.142999976873398E-001
        1.174600005149841
  -1.495999991893768E-001
  -8.500000089406967E-002
   2.926000058650971E-001
   7.117000222206116E-001
  -9.528999924659729E-001
        1.469799995422363
        1.959400057792664
        1.737499952316284
        1.590499997138977
  -9.430000185966492E-001
   1.127000004053116E-001
  -3.452000021934509E-001
       -2.340800046920776
       -1.304000020027161
       -2.021800041198731
       -2.844099998474121
       -2.505700111389160
       -3.533200025558472
       -1.818099975585938
       -1.861500024795532
  -9.570999741554260E-001
   3.779999911785126E-001
  -1.958999931812286E-001
  -4.474000036716461E-001
   9.875000119209290E-001
        2.087199926376343
        2.303600072860718
        3.192399978637695
        3.697200059890747
        5.288899898529053
        2.579699993133545
        2.658600091934204
        1.959400057792664
   6.692000031471252E-001
        1.078299999237061
   9.671999812126160E-001
        1.418599963188171
   7.893999814987183E-001
   2.295999974012375E-001
  -6.554999947547913E-001
  -1.569999940693378E-002
   4.808999896049500E-001
  -3.151000142097473E-001
       -2.610300064086914
       -2.187900066375732
  -6.140999794006348E-001
  -1.237000003457069E-001
        1.697499990463257
        2.818599939346314
   6.197000145912170E-001
  -4.828999936580658E-001
   2.196999937295914E-001
        1.763100028038025
        1.910599946975708
   1.378999948501587E-001
        1.079599976539612
        1.561800003051758
   2.317000031471252E-001
  -2.949999868869782E-001
        1.409100055694580
  -1.303000003099442E-001
       -1.463199973106384
  -3.291999995708466E-001
   4.619999974966049E-002
   8.708000183105469E-001
        1.262500047683716
        1.652600049972534
   1.327999979257584E-001
  -5.009999871253967E-001
  -4.675999879837036E-001
   1.130999997258186E-001
        1.238899946212769
  -4.893000125885010E-001
       -1.299299955368042
  -9.411000013351440E-001
       -2.376499891281128
       -2.667000055313110
       -3.165899991989136
       -1.874099969863892
       -1.991899967193604
   2.452999949455261E-001
   9.139999747276306E-002
       -1.397300004959106
  -4.169999957084656E-001
  -6.632000207901001E-001
   6.879000067710877E-001
        1.160099983215332
        1.085999965667725
        3.214900016784668
        3.600500106811523
        3.653500080108643
        1.903499960899353
        3.662499904632568
        2.369299888610840
        1.019700050354004
   1.493999958038330E-001
   6.897000074386597E-001
   5.439000129699707E-001
   1.334999948740006E-001
  -6.812000274658203E-001
  -9.821000099182129E-001
   2.926999926567078E-001
  -7.505000233650208E-001
       -1.789999961853027
       -3.230400085449219
       -2.066900014877319
   8.291000127792358E-001
   8.256000280380249E-001
        1.216300010681152
        1.287799954414368
        1.419499993324280
        1.095700025558472
        1.415699958801270
        1.485100030899048
  -7.689999788999558E-002
  -2.569999992847443E-001
   4.449999928474426E-001
   3.495000004768372E-001
  -4.433999955654144E-001
   6.879000067710877E-001
   1.657000035047531E-001
       -1.457000017166138
   1.774999946355820E-001
        2.063299894332886
   4.203999936580658E-001
  -7.128000259399414E-001
  -1.713999956846237E-001
  -3.499999940395355E-001
   4.369999840855598E-002
  -7.637000083923340E-001
   5.177999734878540E-001
  -7.883999943733215E-001
   8.989999890327454E-001
  -1.733999997377396E-001
       -1.589599967002869
       -1.782199978828430
       -1.769799947738648
       -2.994400024414063
       -2.099100112915039
  -9.669999778270721E-002
   3.962999880313873E-001
   5.685999989509583E-001
  -5.001999735832214E-001
       -1.753299951553345
   6.855999827384949E-001
   9.492999911308289E-001
   6.471999883651733E-001
   6.286000013351440E-001
        1.899399995803833
        2.805099964141846
        3.495300054550171
        1.606299996376038
   9.459999799728394E-001
   3.176000118255615E-001
   3.495999872684479E-001
       -1.361799955368042
  -4.990999996662140E-001
       -2.553900003433228
       -2.104700088500977
       -1.163699984550476
       -1.856199979782105
       -2.888099908828735
       -1.928599953651428
       -3.390000104904175
       -3.019200086593628
       -3.371700048446655
  -2.334000021219254E-001
   1.023999974131584E-001
   7.335000038146973E-001
        1.391199946403503
        1.728299975395203
        1.490200042724609
        1.531100034713745
        1.909500002861023
   1.789999939501286E-002
       -1.082700014114380
       -1.295400023460388
  -3.440999984741211E-001
  -5.630999803543091E-001
  -7.059000134468079E-001
  -5.612999796867371E-001
       -1.039100050926209
  -6.513000130653381E-001
        2.615000009536743
   6.669999957084656E-001
  -3.519999980926514E-001
       -1.475999951362610
  -9.588999748229981E-001
  -4.578999876976013E-001
   6.536999940872192E-001
   3.307000100612640E-001
   9.936000108718872E-001
  -4.205000102519989E-001
  -5.856999754905701E-001
  -1.606000065803528E-001
  -4.668999910354614E-001
       -1.075199961662293
  -7.332999706268311E-001
  -1.829999983310700E-001
        1.233100056648254
   1.447000056505203E-001
   5.029999837279320E-002
   3.774999976158142E-001
  -4.480000138282776E-001
        1.014600038528442
        1.149299979209900
        1.414000034332275
        1.556900024414063
        1.333099961280823
        2.515100002288818
        2.187299966812134
        1.578400015830994
   3.713999986648560E-001
   5.976999998092651E-001
  -6.949999928474426E-002
       -2.188499927520752
       -1.777400016784668
       -2.324300050735474
       -4.772399902343750
       -1.817100048065186
       -3.613699913024902
       -3.951600074768066
       -2.992899894714356
       -4.744200229644775
       -2.746700048446655
  -8.810999989509583E-001
   6.960000097751617E-002
       -1.729599952697754
   3.091999888420105E-001
        1.788400053977966
        1.070600032806397
        1.775699973106384
        1.626799941062927
        1.253800034523010
   2.134999930858612E-001
  -7.274000048637390E-001
  -8.569999784231186E-002
   2.016000002622604E-001
   2.600000007078052E-003
   9.390000104904175E-001
  -3.377000093460083E-001
  -5.320000052452087E-001
       -1.606400012969971
  -5.794000029563904E-001
  -5.130000039935112E-002
   7.230000197887421E-002
       -1.131999969482422
  -2.280000001192093E-001
   5.760999917984009E-001
   7.380999922752380E-001
   6.809999793767929E-002
       -1.240700006484985
   4.036999940872192E-001
  -8.122000098228455E-001
  -4.580000042915344E-001
       -1.249500036239624
  -4.431000053882599E-001
   4.223999977111816E-001
        1.995300054550171
   5.084000229835510E-001
  -1.803999990224838E-001
   8.990000188350678E-002
   4.359999895095825E-001
  -2.138999998569489E-001
   3.106000125408173E-001
   2.811999917030335E-001
        1.461699962615967
        1.942299962043762
        1.901499986648560
        1.231199979782105
        1.572199940681458
        2.002599954605103
  -1.530000008642674E-002
   2.099999934434891E-001
  -8.621000051498413E-001
       -1.391499996185303
       -1.349900007247925
       -3.584100008010864
       -2.356300115585327
       -2.894599914550781
       -3.532599925994873
       -4.132900238037109
       -3.489599943161011
       -4.900499820709229
       -3.389100074768066
       -1.264899969100952
  -7.321000099182129E-001
  -4.126000106334686E-001
        1.399399995803833
   8.739999681711197E-002
        1.286499977111816
        2.114799976348877
        1.715000033378601
   5.722000002861023E-001
   6.430000066757202E-002
  -1.354999989271164E-001
   6.118000149726868E-001
   3.296000063419342E-001
        1.166300058364868
   8.881999850273132E-001
   2.596000134944916E-001
   8.912000060081482E-001
  -5.779999867081642E-002
  -3.720999956130981E-001
        1.046200037002564
  -1.440999954938889E-001
   4.584000110626221E-001
  -7.160000205039978E-001
  -5.755000114440918E-001
   6.999999750405550E-004
  -4.537999927997589E-001
   2.673000097274780E-001
        1.598600029945374
  -3.459999859333038E-001
  -5.564000010490418E-001
   7.491000294685364E-001
  -2.802000045776367E-001
   1.119000017642975E-001
   5.848000049591065E-001
        1.126099944114685
  -1.049999985843897E-002
  -7.663999795913696E-001
  -3.330000117421150E-002
        1.846799969673157
   7.300000190734863E-001
        1.503800034523010
   2.096000015735626E-001
   2.703999876976013E-001
   3.619999885559082E-001
  -3.348000049591065E-001
  -6.599999964237213E-002
   9.542000293731690E-001
   1.626999974250794E-001
       -1.402300000190735
   4.496000111103058E-001
  -3.097999989986420E-001
       -2.126600027084351
       -3.404900074005127
       -3.327600002288818
       -4.582099914550781
       -4.189899921417236
       -2.826800107955933
       -2.691099882125855
       -3.282599925994873
       -3.258699893951416
  -9.811999797821045E-001
       -1.141899943351746
  -1.049999967217445E-001
  -2.944000065326691E-001
   1.262000054121018E-001
   4.214999973773956E-001
        2.301800012588501
        1.540400028228760
   4.032000005245209E-001
  -7.894999980926514E-001
  -6.098999977111816E-001
   4.815999865531921E-001
        2.262099981307983
        1.980700016021729
        1.759400010108948
        2.879199981689453
        3.050100088119507
        3.179100036621094
        2.015500068664551
        2.027800083160400
   6.075999736785889E-001
        1.237900018692017
        1.069000005722046
        1.345199942588806
        1.138299942016602
  -1.098000034689903E-001
  -2.809999883174896E-001
        1.105100035667419
       -1.223899960517883
       -1.085700035095215
       -1.818500041961670
       -1.247499942779541
  -8.090000152587891E-001
   5.270000100135803E-001
   9.246000051498413E-001
   5.706999897956848E-001
   5.070000141859055E-002
        1.115900039672852
   3.118000030517578E-001
   3.610000014305115E-001
        2.329600095748901
        1.345299959182739
   1.207000017166138E-001
   6.389999985694885E-001
   5.816000103950501E-001
   7.967000007629395E-001
  -5.720000267028809E-001
        1.043400049209595
        2.238300085067749
  -6.815999746322632E-001
       -1.614599943161011
       -2.787699937820435
       -3.298599958419800
       -2.847800016403198
       -3.500200033187866
       -3.031899929046631
       -2.902899980545044
       -1.732200026512146
       -1.841699957847595
  -7.120000123977661E-001
       -1.815999984741211
  -9.782000184059143E-001
  -2.779999971389771E-001
  -1.710000038146973E-001
   9.000000357627869E-002
   2.849999964237213E-001
  -6.855999827384949E-001
   7.462000250816345E-001
   5.756000280380249E-001
        1.310799956321716
   2.342000007629395E-001
        1.974499940872192
        2.390300035476685
        1.367400050163269
        2.461199998855591
        2.172399997711182
        2.628099918365479
        4.466199874877930
        3.316499948501587
        1.692800045013428
        1.527799963951111
   9.684000015258789E-001
        1.383399963378906
   8.241000175476074E-001
        2.689300060272217
        2.616699934005737
   7.315999865531921E-001
        1.945099949836731
       -2.536200046539307
       -1.884299993515015
  -4.512000083923340E-001
   7.186999917030335E-001
   8.654000163078308E-001
        1.005800008773804
        2.149199962615967
        1.438400030136108
   8.209999799728394E-001
   5.044999718666077E-001
  -3.046999871730804E-001
        1.153399944305420
        1.169499993324280
   2.513000071048737E-001
   6.309999823570252E-001
   9.963999986648560E-001
        1.216799974441528
        1.605599999427795
   7.192000150680542E-001
  -1.275999993085861E-001
        1.815000057220459
   9.721999764442444E-001
       -1.955899953842163
       -1.545500040054321
       -3.239700078964233
       -2.086299896240234
       -2.137200117111206
       -2.103899955749512
  -6.775000095367432E-001
  -4.674000144004822E-001
  -9.212999939918518E-001
   1.485999971628189E-001
  -9.453999996185303E-001
        1.377699971199036
        1.212800025939941
  -4.054999947547913E-001
   4.009000062942505E-001
        1.568300008773804
   8.651000261306763E-001
  -1.879999935626984E-001
        1.422099947929382
        1.975100040435791
        1.710199952125549
        1.750100016593933
        1.828299999237061
   9.491999745368958E-001
        2.458499908447266
        2.913800001144409
        3.758100032806397
        3.710500001907349
        4.303199768066406
        3.570899963378906
        2.713299989700317
        2.455699920654297
        2.546299934387207
        1.757799983024597
        2.743799924850464
        3.492300033569336
        3.453599929809570
        2.864599943161011
       -1.843999981880188
       -1.057199954986572
  -4.429999887943268E-001
   5.672000050544739E-001
   8.382999897003174E-001
        1.393599987030029
        2.351700067520142
        1.101999998092651
   8.562999963760376E-001
  -3.689000010490418E-001
       -1.029299974441528
   4.645999968051910E-001
        2.069400072097778
   9.699000120162964E-001
   8.500000238418579E-001
   6.639000177383423E-001
   1.509000062942505E-001
        1.042600035667419
  -9.336000084877014E-001
  -2.373999953269959E-001
  -2.850000001490116E-002
   8.440999984741211E-001
  -1.507000029087067E-001
       -1.721799969673157
  -8.374000191688538E-001
       -2.130100011825562
       -2.201499938964844
       -1.488999962806702
  -7.911999821662903E-001
       -1.418099999427795
  -7.789999842643738E-001
   2.260000072419643E-002
       -1.202600002288818
   3.799999952316284E-001
  -1.620000004768372E-001
        1.292799949645996
   2.527000010013580E-001
       -1.503499984741211
   4.699999932199717E-003
  -5.411000251770020E-001
   4.151000082492828E-001
        2.289599895477295
        2.730600118637085
        1.592599987983704
        2.123399972915649
        2.518899917602539
        3.172699928283691
        3.460799932479858
        2.327500104904175
        2.033699989318848
   8.070999979972839E-001
        3.822099924087524
        3.645100116729736
        2.417000055313110
        2.962399959564209
        2.231300115585327
        3.655100107192993
        4.043900012969971
        3.760999917984009
        3.151000022888184
       -1.769299983978272
       -1.180600047111511
       -1.066300034523010
  -1.705999970436096E-001
   4.185000061988831E-001
        1.925799965858460
        1.592900037765503
        1.398800015449524
  -5.180000141263008E-002
   2.671999931335449E-001
       -1.783900022506714
        1.098099946975708
        1.538499951362610
        1.423499941825867
   2.533000111579895E-001
        1.307000041007996
   3.650999963283539E-001
   8.744000196456909E-001
  -3.637000024318695E-001
       -1.377400040626526
  -8.913999795913696E-001
   1.230999976396561E-001
  -7.933999896049500E-001
  -6.546999812126160E-001
       -1.666200041770935
       -1.492900013923645
       -1.870399951934815
  -4.814000129699707E-001
  -9.009999781847000E-002
       -2.497999906539917
       -1.638900041580200
       -2.565099954605103
       -2.480600118637085
       -1.477499961853027
   6.100000068545342E-002
   4.817999899387360E-001
   7.735999822616577E-001
  -5.083000063896179E-001
  -7.526999711990356E-001
  -4.652000069618225E-001
   9.711999893188477E-001
        2.020100116729736
        4.183199882507324
        2.030800104141235
        1.718700051307678
        1.237800002098084
        1.840499997138977
        3.608000040054321
        3.343600034713745
        2.596199989318848
        1.536100029945374
        1.671399950981140
        3.247800111770630
        3.361200094223023
        2.601700067520142
        1.284199953079224
        3.976500034332275
        4.954699993133545
        3.520400047302246
        2.296099901199341
  -6.277999877929688E-001
       -1.495700001716614
  -3.402000069618225E-001
  -4.659999907016754E-001
  -5.482000112533569E-001
        1.285400032997131
        1.698099970817566
   1.708000004291534E-001
  -1.572999954223633E-001
  -7.096999883651733E-001
  -8.101000189781189E-001
   7.653999924659729E-001
        1.649799942970276
        1.266299962997437
   2.454999983310700E-001
   3.925999999046326E-001
        1.021499991416931
   9.890000224113464E-001
   8.248999714851379E-001
   5.638999938964844E-001
        1.156800031661987
   4.449999928474426E-001
  -1.870999932289124E-001
   2.206999957561493E-001
   1.146000027656555E-001
       -2.058799982070923
  -8.091999888420105E-001
  -7.900000363588333E-002
       -1.146999955177307
  -8.277000188827515E-001
       -1.957399964332581
       -2.155600070953369
       -3.019700050354004
       -2.499500036239624
       -1.281700015068054
  -4.170000180602074E-002
  -4.972999989986420E-001
   6.965000033378601E-001
   5.576000213623047E-001
   2.718000113964081E-001
        1.010900020599365
        1.283300042152405
        3.156100034713745
        2.908099889755249
        2.829600095748901
        3.394399881362915
        2.198100090026856
        3.490900039672852
        3.962699890136719
        2.585599899291992
        2.052400112152100
        2.964099884033203
        3.559000015258789
        3.943000078201294
        3.742399930953980
        3.974499940872192
        4.005000114440918
        3.966099977493286
        3.062299966812134
        3.226300001144409
  -6.304000020027161E-001
  -1.635999977588654E-001
  -5.626000165939331E-001
   5.012000203132629E-001
  -6.880000233650208E-001
  -4.700999855995178E-001
       -1.483800053596497
  -2.567000091075897E-001
       -1.477300047874451
  -9.876000285148621E-001
       -1.312999963760376
  -6.538000106811523E-001
   7.680000066757202E-001
        2.113100051879883
   7.164000272750855E-001
   8.621000051498413E-001
   6.567999720573425E-001
   3.835999965667725E-001
   2.567000091075897E-001
   4.548000097274780E-001
  -1.759999990463257E-002
  -8.608000278472900E-001
   3.389999866485596E-001
  -4.230999946594238E-001
       -1.864799976348877
       -2.151299953460693
       -1.206599950790405
       -1.334800004959106
   8.649999648332596E-002
       -1.442000031471252
       -1.327299952507019
       -2.043499946594238
       -2.786200046539307
  -3.901999890804291E-001
  -9.704999923706055E-001
   4.043999910354614E-001
   8.371999859809876E-001
  -5.126000046730042E-001
  -8.847000002861023E-001
   1.843000054359436E-001
   9.000999927520752E-001
        1.426900029182434
        3.086999893188477
        3.321500062942505
        3.671400070190430
        1.264999985694885
        2.516299962997437
        3.281399965286255
        3.464699983596802
        3.417000055313110
        3.064100027084351
        2.745699882507324
        2.599800109863281
        2.601000070571899
        3.805799961090088
        4.358900070190430
        3.136800050735474
        2.207799911499023
        2.728699922561646
        2.854500055313110
        2.640899896621704
   2.624999880790710E-001
   1.462000012397766E-001
  -5.178999900817871E-001
       -1.963400006294251
       -2.513400077819824
  -7.073000073432922E-001
  -7.645000219345093E-001
       -1.562199950218201
       -1.072600007057190
       -1.137500047683716
   5.874999761581421E-001
   1.424999982118607E-001
        1.198600053787231
        1.612699985504150
        1.541100025177002
        2.319900035858154
   7.653999924659729E-001
  -7.350999712944031E-001
   4.108000099658966E-001
  -2.979999966919422E-002
   6.962000131607056E-001
       -1.264799952507019
  -9.659000039100647E-001
       -1.711599946022034
       -1.424100041389465
  -4.517999887466431E-001
  -3.612999916076660E-001
       -1.203199982643127
       -2.262900114059448
       -3.386199951171875
       -3.168100118637085
       -3.597599983215332
       -1.770300030708313
  -5.105000138282776E-001
  -1.766999959945679E-001
  -9.160000085830689E-001
       -1.913400053977966
  -3.057999908924103E-001
  -5.569000244140625E-001
   1.300999969244003E-001
  -5.835999846458435E-001
        1.469400048255920
        3.246000051498413
        1.699699997901917
        2.686100006103516
        1.423699975013733
        1.490800023078919
        3.919899940490723
        2.098599910736084
        1.956900000572205
        3.773400068283081
        3.017400026321411
        3.206700086593628
        2.398799896240234
        4.081799983978272
        2.953599929809570
        3.106199979782105
        2.430099964141846
   1.712000072002411E-001
        2.656199932098389
        1.260200023651123
  -2.128999978303909E-001
  -9.760000109672546E-001
       -1.256500005722046
       -1.115700006484985
       -2.309200048446655
  -2.608000040054321E-001
  -5.579000115394592E-001
   6.719999760389328E-002
  -9.187999963760376E-001
  -5.637999773025513E-001
   7.118999958038330E-001
   1.833000034093857E-001
        1.738600015640259
        2.185300111770630
        1.479900002479553
        2.194600105285645
        1.147300004959106
   2.671999931335449E-001
   4.049000144004822E-001
   7.113000154495239E-001
  -8.713999986648560E-001
       -1.117699980735779
       -1.193899989128113
       -1.377300024032593
       -1.002300024032593
       -1.524799942970276
       -2.958600044250488
       -2.946799993515015
       -4.099100112915039
       -2.637900114059448
       -2.006400108337402
  -8.077999949455261E-001
  -5.817999839782715E-001
       -1.593899965286255
       -1.997099995613098
       -1.684599995613098
       -1.660400032997131
       -2.063299894332886
  -7.961999773979187E-001
  -8.848999738693237E-001
   9.767000079154968E-001
   8.658999800682068E-001
   7.732999920845032E-001
        1.835199952125549
        1.275599956512451
        1.681100010871887
        2.970999956130981
        2.654200077056885
        2.605200052261353
        3.598000049591065
        2.989200115203857
        3.868299961090088
        3.215800046920776
        3.767699956893921
        3.268100023269653
        1.884600043296814
        1.126399993896484
  -2.064999938011169E-001
        2.547499895095825
   4.891999959945679E-001
       -2.330199956893921
       -1.666399955749512
       -1.074200034141541
       -1.491000056266785
       -1.927500009536743
   3.964000046253204E-001
   5.953999757766724E-001
   4.146000146865845E-001
  -5.989000201225281E-001
  -8.511999845504761E-001
  -1.775999963283539E-001
        2.339200019836426
        2.404000043869019
        3.034699916839600
        2.686300039291382
        1.678799986839294
   9.689999818801880E-001
   6.118000149726868E-001
        1.786599993705750
   1.525000035762787E-001
   2.302999943494797E-001
       -1.699000000953674
  -9.057000279426575E-001
  -7.989000082015991E-001
  -5.422999858856201E-001
       -1.700799942016602
       -3.134900093078613
       -1.839400053024292
       -2.556499958038330
       -2.425600051879883
       -2.427000045776367
       -2.104399919509888
       -1.072999954223633
       -2.160000085830689
       -3.689899921417236
       -1.920199990272522
  -8.999999761581421E-001
       -1.341500043869019
       -1.447499990463257
       -2.255399942398071
        1.385100007057190
   9.635999798774719E-001
   1.952999979257584E-001
        1.265599966049194
        1.259699940681458
   3.587000072002411E-001
   2.669000029563904E-001
   3.079999983310700E-001
   9.516999721527100E-001
        1.126199960708618
        2.137599945068359
        3.546000003814697
        3.315399885177612
        3.569999933242798
        2.437900066375732
   9.057999849319458E-001
        1.100200057029724
   1.983000040054321E-001
        1.163499951362610
  -3.808000087738037E-001
       -2.112200021743774
       -1.920600056648254
       -1.850299954414368
       -1.555899977684021
       -1.005399942398071
       -1.170899987220764
  -1.282999962568283E-001
   2.495999932289124E-001
   1.830000057816505E-002
       -1.667999982833862
  -8.123000264167786E-001
        2.102299928665161
        2.842099905014038
        2.939699888229370
        2.513299942016602
        1.847000002861023
  -6.147999763488770E-001
       -1.053400039672852
  -9.042000174522400E-001
        1.455299973487854
   7.444999814033508E-001
       -1.513299942016602
  -9.326000213623047E-001
       -1.494899988174439
       -2.690200090408325
       -2.948999881744385
       -3.215800046920776
       -3.982300043106079
       -2.881000041961670
       -3.731300115585327
       -3.314899921417236
       -3.422300100326538
       -2.596899986267090
       -1.682199954986572
       -1.705000042915344
       -1.461899995803833
       -1.781800031661987
       -2.362900018692017
       -1.401399970054627
       -2.582799911499023
   4.199999850243330E-003
  -7.999999821186066E-002
       -1.072700023651123
  -3.668000102043152E-001
  -2.705000042915344E-001
   6.435999870300293E-001
  -6.750000268220902E-002
        1.573199987411499
   7.807999849319458E-001
       -1.223999977111816
   4.131000041961670E-001
        1.095000028610230
        3.772300004959106
        3.026000022888184
        1.593000054359436
   7.743999958038330E-001
  -1.974000036716461E-001
  -4.749999940395355E-002
  -1.360999941825867E-001
  -7.729999721050263E-002
       -1.119300007820129
       -1.516499996185303
       -2.722399950027466
  -6.506000161170960E-001
       -1.720199942588806
       -2.415899991989136
  -9.139999747276306E-001
   3.391000032424927E-001
        1.252799987792969
  -4.095999896526337E-001
       -1.056699991226196
        1.237900018692017
        1.906200051307678
        3.319400072097778
        1.490599989891052
        1.826699972152710
   3.610000014305115E-001
       -1.729500055313110
       -1.073500037193298
  -1.208999976515770E-001
   1.625999957323074E-001
  -9.660999774932861E-001
       -1.578899979591370
       -2.512099981307983
       -2.782599925994873
       -2.858200073242188
       -3.613699913024902
       -4.198400020599365
       -4.152500152587891
       -3.875299930572510
       -2.599600076675415
       -4.359700202941895
       -3.140799999237061
       -1.984300017356873
       -2.113800048828125
       -1.867200016975403
  -8.094000220298767E-001
       -1.270599961280823
  -7.350000143051148E-001
       -1.036000013351440
       -1.072499990463257
       -1.570500016212463
       -1.372499942779541
       -1.991199970245361
  -9.864000082015991E-001
  -2.813000082969666E-001
        1.428599953651428
        2.171400070190430
   7.358000278472900E-001
  -4.763000011444092E-001
   6.989999860525131E-002
   7.103000283241272E-001
   8.759999871253967E-001
   8.349999785423279E-002
  -9.193999767303467E-001
  -1.780000030994415E-001
  -5.830000042915344E-001
  -4.932999908924103E-001
   3.170000016689301E-002
  -2.327000051736832E-001
       -1.322999954223633
  -8.479999750852585E-002
   2.105000019073486E-001
       -1.325700044631958
       -2.152199983596802
       -1.039700031280518
   5.008999705314636E-001
        1.746999979019165
   9.690999984741211E-001
   1.080999970436096E-001
  -3.021000027656555E-001
        1.403499960899353
        2.088799953460693
        1.662700057029724
   1.860000044107437E-001
        1.412400007247925
        2.159399986267090
   2.089999988675118E-002
  -9.075999855995178E-001
  -5.238000154495239E-001
        1.340199947357178
  -7.584999799728394E-001
       -1.229699969291687
  -8.920999765396118E-001
       -2.231199979782105
       -3.183399915695190
       -3.409499883651733
       -4.434800148010254
       -5.827099800109863
       -3.598500013351440
       -3.941999912261963
       -3.571599960327148
       -2.830300092697144
       -2.018300056457520
       -2.897700071334839
       -1.121600031852722
       -1.884400010108948
       -1.582499980926514
       -1.018800020217896
       -1.224300026893616
  -5.620999932289124E-001
  -7.764000296592712E-001
       -3.542900085449219
       -3.193099975585938
       -1.602300047874451
  -7.299000024795532E-001
   1.640000008046627E-002
        1.399999976158142
   1.640000045299530E-001
       -1.069200038909912
       -1.607399940490723
  -9.465000033378601E-001
  -4.729999974370003E-002
  -3.689999878406525E-001
       -1.029600024223328
       -1.168900012969971
       -1.030599951744080
  -2.198999971151352E-001
        1.110399961471558
   7.320000231266022E-002
  -3.894000053405762E-001
  -1.150999963283539E-001
        1.145699977874756
   9.219999909400940E-001
  -2.182999998331070E-001
   9.104999899864197E-001
        1.110000014305115
        1.674499988555908
   5.496000051498413E-001
        1.480000019073486
        1.562399983406067
        1.408900022506714
        1.578400015830994
   1.796000003814697E-001
   1.168999969959259E-001
        1.247599959373474
        2.746000051498413
   9.708999991416931E-001
  -4.320999979972839E-001
   5.329999923706055E-001
   1.728000044822693E-001
       -2.267100095748901
       -1.981400012969971
  -6.855000257492065E-001
       -2.826400041580200
       -3.912499904632568
       -5.629600048065186
       -5.734499931335449
       -3.765000104904175
       -4.269199848175049
       -3.517999887466431
       -3.450099945068359
       -2.931799888610840
       -2.509999990463257
       -2.535900115966797
       -1.883000016212463
       -1.747599959373474
  -6.294999718666077E-001
   1.286000013351440E-001
  -8.736000061035156E-001
  -5.293999910354614E-001
       -2.724299907684326
       -1.841599941253662
       -3.479700088500977
       -1.772799968719482
       -1.769700050354004
   3.605999946594238E-001
   3.903000056743622E-001
  -8.127999901771545E-001
       -1.536399960517883
  -2.951000034809113E-001
  -2.013999968767166E-001
  -4.430000111460686E-002
   2.178999930620194E-001
   9.334999918937683E-001
   9.623000025749207E-001
        1.304800033569336
   7.530000060796738E-002
   6.837000250816345E-001
   5.285999774932861E-001
  -1.031000018119812E-001
  -9.388999938964844E-001
        2.051399946212769
  -3.429000079631805E-001
   8.567000031471252E-001
   2.331999987363815E-001
   7.233999967575073E-001
        1.873499989509583
        1.728700041770935
        1.819300055503845
   8.705000281333923E-001
   9.494000077247620E-001
        1.090499997138977
        1.569700002670288
        1.536100029945374
   7.996000051498413E-001
        1.220299959182739
        1.971799969673157
        1.033200025558472
        2.486399888992310
   8.008000254631043E-001
  -4.997000098228455E-001
  -2.057999968528748E-001
       -1.991000056266785
       -2.695800065994263
       -3.484200000762940
       -3.614799976348877
       -3.968600034713745
       -3.814500093460083
       -4.549799919128418
       -2.758100032806397
       -2.931099891662598
       -3.899899959564209
       -3.987999916076660
       -2.723400115966797
       -1.612800002098084
       -3.038199901580811
       -1.829599976539612
  -5.166000127792358E-001
   6.430000066757202E-002
  -8.349000215530396E-001
       -1.871500015258789
       -3.484200000762940
       -1.307600021362305
  -4.327999949455261E-001
  -2.946999967098236E-001
  -7.670999765396118E-001
   4.844999909400940E-001
  -5.400000214576721E-001
       -1.637099981307983
  -3.664000034332275E-001
   3.869000077247620E-001
   4.185000061988831E-001
        1.538100004196167
   6.718999743461609E-001
        1.126399993896484
  -5.228000283241272E-001
   8.489999920129776E-002
   7.577999830245972E-001
   4.269999861717224E-001
   9.920000284910202E-002
       -1.160599946975708
   4.030000045895577E-002
   4.300000071525574E-001
  -8.407999873161316E-001
  -4.629999995231628E-001
  -5.473999977111816E-001
   8.809999823570252E-001
        1.082399964332581
   9.670000076293945E-001
   5.336999893188477E-001
        1.438899993896484
   9.036999940872192E-001
        1.636899948120117
        1.793099999427795
   5.733000040054321E-001
        1.856400012969971
        1.311599969863892
        2.845200061798096
        2.517600059509277
        2.640100002288818
   8.834000229835510E-001
       -1.104300022125244
       -2.258800029754639
       -2.453399896621704
       -1.285799980163574
       -2.567399978637695
       -3.725500106811523
       -3.941800117492676
       -3.331799983978272
       -2.876600027084351
       -2.540800094604492
       -2.280999898910523
       -2.720499992370606
       -1.460999965667725
       -2.486399888992310
       -4.711100101470947
       -2.985100030899048
       -1.957999944686890
   2.962000072002411E-001
  -8.319000005722046E-001
       -1.468700051307678
       -1.968199968338013
   2.308000028133392E-001
  -6.729999929666519E-002
   2.863000035285950E-001
  -8.514999747276306E-001
   2.696999907493591E-001
   2.409999966621399E-001
  -8.768000006675720E-001
        1.362300038337708
        1.460100054740906
  -7.890000194311142E-002
   1.600000075995922E-002
   5.722000002861023E-001
   8.040999770164490E-001
  -6.509000062942505E-001
  -9.503999948501587E-001
        1.671200037002564
   8.723999857902527E-001
  -1.286000013351440E-001
       -1.528300046920776
  -3.946000039577484E-001
   3.278000056743622E-001
  -5.278000235557556E-001
  -6.819999814033508E-001
  -3.472999930381775E-001
  -2.852999866008759E-001
   5.480000004172325E-002
   7.519999742507935E-001
   7.099000215530396E-001
   2.689000070095062E-001
        1.036100029945374
   6.403999924659729E-001
        1.498000025749207
        2.043100118637085
        2.696799993515015
   2.576000094413757E-001
        1.644000053405762
        2.055000066757202
        1.620300054550171
   8.780999779701233E-001
   9.139999747276306E-002
       -2.277899980545044
       -2.786099910736084
       -1.539700031280518
       -3.141200065612793
       -2.653000116348267
       -2.605200052261353
       -3.840800046920776
       -2.619999885559082
       -2.866400003433228
       -1.287500023841858
       -1.272799968719482
       -2.121599912643433
       -2.213900089263916
       -3.093499898910523
       -3.125299930572510
       -2.793299913406372
       -1.168900012969971
  -8.169999718666077E-001
       -1.562700033187866
  -7.598999738693237E-001
   4.740000069141388E-001
  -1.266999989748001E-001
        1.663900017738342
        1.495100021362305
        1.859899997711182
        1.249400019645691
        2.758300065994263
        1.160899996757507
   4.304000139236450E-001
   9.609000086784363E-001
   1.639000028371811E-001
  -1.538999974727631E-001
   8.145999908447266E-001
       -1.285400032997131
       -1.905300021171570
        1.465399980545044
   6.288999915122986E-001
   8.119999766349793E-001
   7.921000123023987E-001
   8.407999873161316E-001
   7.933999896049500E-001
   9.690000116825104E-002
  -4.435999989509583E-001
  -3.240000084042549E-002
  -3.334999978542328E-001
  -8.989999890327454E-001
  -9.275000095367432E-001
   1.393000036478043E-001
        1.572600007057190
   7.803000211715698E-001
        2.281699895858765
        2.323299884796143
        1.838500022888184
        2.161700010299683
  -2.148000001907349E-001
   2.011999934911728E-001
   3.998000025749207E-001
  -3.522999882698059E-001
   3.449999913573265E-002
  -5.582000017166138E-001
  -1.978999972343445E-001
       -2.240700006484985
       -1.951900005340576
       -2.286799907684326
       -2.000299930572510
       -2.511100053787231
       -2.020999908447266
       -2.977400064468384
       -2.040800094604492
       -1.853999972343445
       -1.241799950599670
       -1.306200027465820
       -1.952499985694885
       -2.412600040435791
       -2.122499942779541
       -1.196300029754639
  -3.847999870777130E-001
  -8.054999709129334E-001
   3.901999890804291E-001
  -2.949000000953674E-001
  -4.280000180006027E-002
        1.525699973106384
        2.246900081634522
        2.496099948883057
        2.480900049209595
        3.890700101852417
        2.833899974822998
        1.172000050544739
   9.993000030517578E-001
        1.254600048065186
   5.776000022888184E-001
       -1.290199995040894
  -1.456999927759171E-001
       -2.440999984741211
       -1.854900002479553
   4.742999970912933E-001
   1.952999979257584E-001
   3.206999897956848E-001
        1.363600015640259
  -3.991000056266785E-001
       -1.238199949264526
  -4.830000177025795E-002
        1.321799993515015
   3.416000008583069E-001
        1.093299984931946
        1.217100024223328
   7.832000255584717E-001
        1.310999989509583
   9.254000186920166E-001
        1.264899969100952
        2.565799951553345
        1.732300043106079
        1.771700024604797
        2.313899993896484
  -4.199999850243330E-003
  -8.256999850273132E-001
        1.251000046730042
   5.002999901771545E-001
        1.037299990653992
  -6.599999964237213E-003
  -2.940000034868717E-002
  -2.570999860763550E-001
       -1.739300012588501
  -3.935000002384186E-001
       -1.678900003433228
       -1.963500022888184
       -1.487499952316284
       -1.479799985885620
       -1.508499979972839
  -9.154999852180481E-001
       -1.335600018501282
       -1.683599948883057
       -2.387799978256226
       -1.727699995040894
       -1.831300020217896
  -9.088000059127808E-001
  -3.113999962806702E-001
   1.370999962091446E-001
   9.244999885559082E-001
   9.399999678134918E-002
   9.498999714851379E-001
   8.557000160217285E-001
        1.160699963569641
        1.379199981689453
   9.495000243186951E-001
        3.418999910354614
        1.398000001907349
        1.325899958610535
   3.416999876499176E-001
        2.426000118255615
   2.050000056624413E-002
  -4.275000095367432E-001
       -1.120300054550171
       -1.608299970626831
       -2.861900091171265
       -1.835299968719482
       -1.316900014877319
   9.929999709129334E-002
   5.918999910354614E-001
       -1.189599990844727
       -1.976400017738342
  -4.260999858379364E-001
   9.739999771118164E-001
        1.407400012016296
        1.680500030517578
        2.141400098800659
   9.861999750137329E-001
   8.962000012397766E-001
        1.447700023651123
        1.361400008201599
        2.091099977493286
   9.466000199317932E-001
        1.968299984931946
        1.441300034523010
   1.360000018030405E-002
  -3.131999969482422E-001
  -6.144000291824341E-001
   1.794999986886978E-001
  -2.597999870777130E-001
   2.439999952912331E-002
   1.669999957084656E-001
       -1.408800005912781
  -1.365000009536743E-001
       -2.107700109481812
       -1.023399949073792
  -6.682000160217285E-001
       -1.304100036621094
  -5.964999794960022E-001
       -1.144899964332581
       -1.044800043106079
       -1.176100015640259
       -1.050099968910217
       -1.267600059509277
       -1.917700052261353
       -2.572700023651123
       -1.739799976348877
   4.869000017642975E-001
  -1.925999969244003E-001
   1.440999954938889E-001
   3.961000144481659E-001
   7.638000249862671E-001
        1.742100000381470
        2.092099905014038
        1.174800038337708
   1.360999941825867E-001
        1.445000052452087
        1.567199945449829
        2.796900033950806
   4.837000072002411E-001
  -2.610999941825867E-001
   3.950000181794167E-002
       -1.035799980163574
  -9.692000150680542E-001
  -7.936000227928162E-001
       -2.820399999618530
       -2.185199975967407
  -8.565000295639038E-001
       -1.747799992561340
       -2.279599905014038
       -1.529899954795837
       -1.647799968719482
  -2.365999966859818E-001
        1.722599983215332
        1.343899965286255
        2.442600011825562
        2.229399919509888
        2.103699922561646
        3.295599937438965
        1.928400039672852
        1.234400033950806
        1.195199966430664
   4.674000144004822E-001
        1.652400016784668
        2.253700017929077
  -4.002000093460083E-001
  -4.986000061035156E-001
       -1.106099963188171
  -2.113000005483627E-001
   5.903999805450440E-001
   8.289999961853027E-001
  -2.203000038862228E-001
  -5.074999928474426E-001
  -8.011999726295471E-001
  -7.821999788284302E-001
  -6.561999917030335E-001
       -1.652400016784668
  -5.995000004768372E-001
  -5.601000189781189E-001
       -2.106300115585327
       -1.770900011062622
  -7.960000038146973E-001
       -1.688300013542175
       -1.276900053024292
       -2.495500087738037
       -2.296299934387207
  -5.048000216484070E-001
  -1.328999996185303E-001
   4.636999964714050E-001
  -4.794999957084656E-001
       -1.164299964904785
   2.567000091075897E-001
        2.002199888229370
        1.635599970817566
        1.271000027656555
   2.989000082015991E-001
        1.108299970626831
        1.122699975967407
        2.536799907684326
  -6.937999725341797E-001
       -1.122200012207031
       -1.889700055122376
  -6.072999835014343E-001
       -1.538400053977966
       -2.198199987411499
  -9.872999787330627E-001
       -1.532699942588806
       -1.601099967956543
       -1.856199979782105
       -2.422600030899048
       -1.726699948310852
       -1.769899964332581
   4.462000131607056E-001
        1.790500044822693
        1.420099973678589
        2.988199949264526
        1.997699975967407
        1.640499949455261
        2.862799882888794
        3.270699977874756
        1.870000004768372
        1.179600000381470
   8.973000049591065E-001
        2.489900112152100
        1.837200045585632
        1.565099954605103
        1.411700010299683
   7.890000194311142E-002
   4.968999922275543E-001
        2.782599925994873
        1.161499977111816
   8.050000071525574E-001
       -1.570299983024597
   9.217000007629395E-001
  -9.730000048875809E-002
  -3.246000111103058E-001
  -9.300000220537186E-002
  -3.749000132083893E-001
       -2.360500097274780
  -7.667000293731690E-001
       -1.426699995994568
       -1.489899992942810
       -1.583600044250488
       -2.114399909973145
       -2.474699974060059
   6.819999963045120E-002
       -1.131999969482422
       -1.525300025939941
   5.073000192642212E-001
  -5.586000084877014E-001
  -4.672999978065491E-001
        1.088400006294251
        1.016399979591370
        2.008100032806397
   4.453000128269196E-001
       -1.106600046157837
       -1.492599964141846
   2.302999943494797E-001
        1.136800050735474
   9.772999882698059E-001
       -2.390000104904175
       -2.249200105667114
  -2.319999970495701E-002
       -1.487800002098084
       -1.521100044250488
       -1.889600038528442
       -1.021399974822998
       -1.445000052452087
       -1.748499989509583
  -3.716999888420105E-001
       -1.471699953079224
  -6.100999712944031E-001
   7.272999882698059E-001
  -3.159999847412109E-002
        1.260400056838989
        1.064700007438660
        3.404200077056885
        1.550199985504150
        3.087800025939941
        3.872699975967407
        1.833099961280823
   4.578999876976013E-001
        1.557000041007996
        1.884500026702881
        1.563899993896484
        1.282899975776672
   6.852999925613403E-001
   8.215000033378601E-001
        2.416800022125244
        2.311599969863892
        2.200400114059448
        1.693400025367737
   8.998000025749207E-001
  -2.709999978542328E-001
       -1.715000033378601
       -1.991899967193604
  -2.989999949932098E-002
   1.524000018835068E-001
  -8.234000205993652E-001
  -3.571000099182129E-001
   1.193000003695488E-001
  -8.159999847412109E-001
       -1.406499981880188
       -2.730799913406372
       -1.159899950027466
  -8.335999846458435E-001
  -5.842000246047974E-001
       -1.278200030326843
  -4.000000189989805E-003
   3.339999914169312E-002
   7.013999819755554E-001
        1.382899999618530
        1.649299979209900
        2.513099908828735
   9.182000160217285E-001
  -4.063999950885773E-001
  -4.286000132560730E-001
  -7.538999915122986E-001
   2.266999930143356E-001
       -1.050400018692017
       -2.023699998855591
       -1.922799944877625
       -2.848599910736084
       -2.848000049591065
       -1.542999982833862
       -2.875999927520752
       -1.171499967575073
  -1.650999933481216E-001
       -2.090199947357178
  -3.968000113964081E-001
  -1.694000065326691E-001
   1.084000021219254E-001
  -2.539999969303608E-002
  -2.049999982118607E-001
  -6.323999762535095E-001
   9.840999841690064E-001
        1.896399974822998
        1.240300059318543
        1.655900001525879
        2.616699934005737
        2.675499916076660
        1.978899955749512
        1.988999962806702
        1.867599964141846
        1.598600029945374
   3.373000025749207E-001
   8.259000182151794E-001
        2.249700069427490
        2.819200038909912
        2.876300096511841
        3.610199928283691
        2.114799976348877
   6.334999799728394E-001
  -7.346000075340271E-001
  -6.291999816894531E-001
  -6.662999987602234E-001
   2.969999983906746E-002
  -3.736000061035156E-001
        1.850900053977966
   7.107999920845032E-001
  -1.511999964714050E-001
   1.045999974012375E-001
       -1.898300051689148
       -1.500800013542175
       -1.156499981880188
   2.727999985218048E-001
  -4.447000026702881E-001
   8.560000360012054E-002
  -9.920000284910202E-002
  -2.709000110626221E-001
        2.065299987792969
        2.947099924087524
        2.740600109100342
        3.459399938583374
        2.384399890899658
  -5.930000171065331E-002
  -8.481000065803528E-001
  -1.967999935150147E-001
   6.000000052154064E-003
  -3.228999972343445E-001
       -2.214099884033203
       -2.243700027465820
       -2.306999921798706
       -2.246999979019165
       -2.788199901580811
       -2.952699899673462
  -6.195999979972839E-001
  -4.368000030517578E-001
   5.643000006675720E-001
   4.305999875068665E-001
        1.186300039291382
        1.202299952507019
   5.647000074386597E-001
        1.616000056266785
   4.529999941587448E-002
        1.125000000000000
        2.731800079345703
        2.155100107192993
        1.540899991989136
        1.926800012588501
        3.650000095367432
        2.418499946594238
        1.415899991989136
        1.353999972343445
   6.782000064849854E-001
        1.071499943733215
  -4.499999880790710E-001
        2.150500059127808
        3.121900081634522
        2.792200088500977
        3.058599948883057
        2.715600013732910
        1.246500015258789
  -7.197999954223633E-001
  -7.443000078201294E-001
  -3.959000110626221E-001
   7.124000191688538E-001
        1.901299953460693
        2.549200057983398
        1.418400049209595
        1.418400049209595
   9.120000153779984E-002
  -1.300999969244003E-001
  -1.002999991178513E-001
   2.901000082492828E-001
        1.020300030708313
   6.530000269412994E-002
  -1.475999951362610E-001
        1.036800026893616
  -5.130000039935112E-002
        1.092100024223328
        2.201600074768066
        2.140399932861328
        3.025700092315674
        1.553099989891052
  -4.711999893188477E-001
       -1.293200016021729
  -7.813000082969666E-001
  -1.083000004291534E-001
   6.051999926567078E-001
  -3.251000046730042E-001
       -1.425699949264526
       -1.771399974822998
       -2.733599901199341
       -3.519599914550781
       -1.445299983024597
  -8.155999779701233E-001
       -1.574800014495850
  -7.949999719858170E-002
   7.825999855995178E-001
        2.695100069046021
        1.365300059318543
       -1.001299977302551
   5.184999704360962E-001
   4.147000014781952E-001
        2.311800003051758
        3.196899890899658
        1.366500020027161
        1.750300049781799
        1.849900007247925
        2.973700046539307
        3.005599975585938
   7.459999918937683E-001
   2.460000067949295E-001
        1.029199957847595
        1.927999973297119
        2.032599925994873
        2.138000011444092
        2.995199918746948
        3.067100048065186
        4.119400024414063
        3.566499948501587
        1.445799946784973
   9.920000284910202E-002
   6.746000051498413E-001
  -8.834999799728394E-001
  -1.837999969720841E-001
   7.847999930381775E-001
        1.818400025367737
        1.879799962043762
   5.059000253677368E-001
  -6.527000069618225E-001
       -1.120300054550171
  -5.037999749183655E-001
        2.119699954986572
        1.286499977111816
   8.331000208854675E-001
        1.970100045204163
        1.491099953651428
        1.719200015068054
        2.373699903488159
        2.906599998474121
        1.443300008773804
        1.288599967956543
   3.858000040054321E-001
   3.508000075817108E-001
       -1.122400045394898
       -1.653599977493286
  -4.855000078678131E-001
   1.324999928474426E-001
  -6.159999966621399E-001
  -5.491999983787537E-001
       -1.704100012779236
  -5.106999874114990E-001
       -2.476000070571899
       -1.728299975395203
  -5.806999802589417E-001
       -1.155599951744080
  -6.007999777793884E-001
        1.109200000762940
   8.945999741554260E-001
        1.295699954032898
  -4.120999872684479E-001
  -3.607000112533569E-001
  -1.015999987721443E-001
   7.950000166893005E-001
        1.372099995613098
        1.479099988937378
  -9.539999812841415E-002
        1.170799970626831
        1.104799985885620
   8.992999792098999E-001
   2.402999997138977E-001
   1.831000000238419E-001
  -8.950000256299973E-002
        1.609799981117249
        2.466099977493286
        3.023099899291992
        3.159300088882446
        4.571199893951416
        3.251899957656860
        2.669699907302856
   9.319999814033508E-002
       -2.037499904632568
  -5.340999960899353E-001
   5.515000224113464E-001
   1.199999973177910E-001
  -4.969999939203262E-002
  -6.639999896287918E-002
  -1.988999992609024E-001
        1.134999990463257
  -1.590000092983246E-002
   6.927000284194946E-001
   3.794000148773193E-001
   5.066000223159790E-001
        1.514500021934509
        1.558599948883057
        2.933199882507324
        2.272099971771240
        1.117400050163269
        1.316799998283386
   4.498000144958496E-001
        1.468199968338013
   5.539999902248383E-002
        1.155099987983704
   1.840000003576279E-001
   3.700999915599823E-001
   2.120999991893768E-001
        1.241299986839294
   1.757999956607819E-001
  -4.629000127315521E-001
  -4.968000054359436E-001
       -1.588600039482117
       -1.542899966239929
       -2.251499891281128
  -5.792000293731690E-001
       -2.070800065994263
       -1.313699960708618
  -8.197000026702881E-001
       -1.075799942016602
       -1.477599978446960
       -1.120300054550171
  -8.536000251770020E-001
  -3.711999952793121E-001
       -1.708699941635132
   5.213000178337097E-001
   1.298999935388565E-001
  -8.005999922752380E-001
       -1.177600026130676
  -9.236999750137329E-001
   3.213999867439270E-001
   4.799000024795532E-001
  -6.154000163078308E-001
  -7.900000363588333E-002
   2.047999948263168E-001
   6.266999840736389E-001
        3.451100111007690
        3.440799951553345
        4.462500095367432
        3.428100109100342
        2.381999969482422
   5.917999744415283E-001
  -4.582000076770783E-001
  -3.504000008106232E-001
  -6.664999723434448E-001
  -6.934000253677368E-001
   3.664000034332275E-001
  -1.130000036209822E-002
  -6.858999729156494E-001
  -9.344999790191650E-001
        1.100999951362610
   9.111999869346619E-001
   8.799999952316284E-002
   3.849000036716461E-001
        1.742100000381470
        1.498000025749207
        1.327700018882752
        2.122699975967407
        1.367100000381470
        1.522600054740906
        1.368600010871887
  -4.214999973773956E-001
   6.409000158309937E-001
   4.198000133037567E-001
   9.822000265121460E-001
   9.624000191688538E-001
   3.847999870777130E-001
  -2.536000013351440E-001
   2.793000042438507E-001
   2.187000066041946E-001
  -8.361999988555908E-001
       -1.182899951934815
       -1.896600008010864
  -8.679000139236450E-001
        1.100200057029724
   2.619999945163727E-001
       -2.198899984359741
       -1.858399987220764
       -2.299599885940552
       -1.379400014877319
       -1.346300005912781
       -1.597900032997131
       -1.264799952507019
       -1.707299947738648
  -9.840000271797180E-001
       -2.268100023269653
       -1.190999984741211
       -1.163100004196167
       -1.486999988555908
       -1.534299969673157
   4.453999996185303E-001
        1.030099987983704
   6.939999759197235E-002
  -4.670000076293945E-001
   2.160000056028366E-001
        1.422399997711182
        4.154200077056885
        4.961400032043457
        4.540800094604492
        3.539200067520142
        2.169500112533569
   3.030999898910523E-001
       -1.089599967002869
  -3.330000042915344E-001
  -6.674000024795532E-001
       -1.833199977874756
  -8.702999949455261E-001
       -2.179800033569336
  -7.508000135421753E-001
   2.922999858856201E-001
   2.720000036060810E-002
   9.596999883651733E-001
        1.498999953269959
        1.091899991035461
        2.280499935150147
        2.086899995803833
        2.989900112152100
        2.639600038528442
        1.934599995613098
        1.629600048065186
        2.276900053024292
   1.279000043869019E-001
   5.936999917030335E-001
        2.021600008010864
        1.340399980545044
  -5.681999921798706E-001
       -1.911900043487549
   5.160000175237656E-002
   1.597000062465668E-001
  -3.806000053882599E-001
  -3.441999852657318E-001
       -1.012099981307983
  -8.658999800682068E-001
  -8.845999836921692E-001
        1.462499976158142
   7.458000183105469E-001
       -2.617799997329712
       -1.620000004768372
       -2.716700077056885
       -1.955399990081787
       -1.951900005340576
       -1.264199972152710
       -1.920199990272522
       -2.094000101089478
       -2.651400089263916
       -2.401400089263916
       -2.627399921417236
       -3.061399936676025
       -2.476200103759766
       -1.981500029563904
   4.214999973773956E-001
   7.064999938011169E-001
  -9.287999868392944E-001
  -3.860000073909760E-001
  -4.539999961853027E-001
        1.582200050354004
        2.141099929809570
        3.192699909210205
        4.445300102233887
        3.196500062942505
        1.354699969291687
       -1.131800055503845
       -2.019999980926514
       -2.222700119018555
       -1.381600022315979
       -1.733100056648254
       -2.690000057220459
  -9.365000128746033E-001
   4.542999863624573E-001
   4.600000008940697E-002
   6.686999797821045E-001
        1.136299967765808
        2.705100059509277
        2.122100114822388
        2.731499910354614
        3.961499929428101
        2.380500078201294
        2.300499916076660
        1.776100039482117
        2.521300077438355
        1.436599969863892
   3.898999989032745E-001
       -1.211199998855591
   1.918999999761581E-001
  -9.261999726295471E-001
       -3.205300092697144
       -2.656800031661987
       -1.297299981117249
   1.917999982833862E-001
   7.038000226020813E-001
   5.899000167846680E-001
  -4.668000042438507E-001
  -8.420000225305557E-002
       -1.290300011634827
   1.684000045061112E-001
       -1.278399944305420
       -2.309099912643433
       -3.289200067520142
       -4.094299793243408
       -3.997699975967407
       -3.656399965286255
       -1.382899999618530
       -1.032500028610230
       -1.974099993705750
       -1.821499943733215
       -2.909399986267090
       -3.389699935913086
       -3.507100105285645
       -2.855999946594238
       -1.357599973678589
  -4.600000102072954E-003
   7.090000063180924E-002
  -7.357000112533569E-001
        1.317600011825562
        1.103299975395203
   9.700000286102295E-002
        1.132200002670288
        2.051399946212769
        4.463399887084961
        1.298900008201599
       -1.376000046730042
       -1.742300033569336
       -1.895300030708313
       -1.935099959373474
       -2.186000108718872
       -3.605700016021729
       -2.100300073623657
       -1.624199986457825
  -8.087999820709229E-001
  -5.792999863624573E-001
   2.951999902725220E-001
        1.534800052642822
        2.492000102996826
        1.404800057411194
        3.159499883651733
        1.938099980354309
        2.230600118637085
        3.382600069046021
        3.262500047683716
        1.749600052833557
        1.517899990081787
   6.650999784469605E-001
       -2.149399995803833
       -1.702299952507019
       -2.450900077819824
       -3.170200109481812
       -3.222899913787842
       -1.559499979019165
       -1.421200037002564
  -5.680000185966492E-001
       -1.985900044441223
       -1.230399966239929
       -2.754800081253052
       -2.180999994277954
       -1.785199999809265
       -2.611099958419800
       -3.116800069808960
       -4.238599777221680
       -4.172399997711182
       -4.967000007629395
       -4.698800086975098
       -1.939399957656860
  -5.864999890327454E-001
       -2.046200037002564
       -3.662100076675415
       -3.419199943542481
       -3.683799982070923
       -2.859299898147583
       -1.851799964904785
  -9.422000050544739E-001
   4.528999924659729E-001
       -1.257300019264221
   4.806999862194061E-001
   6.305000185966492E-001
        1.174299955368042
        1.123299956321716
        2.591900110244751
        1.612400054931641
        1.365200042724609
   2.985000014305115E-001
  -2.389000058174133E-001
       -2.581700086593628
  -6.121000051498413E-001
       -1.893700003623962
       -2.099999904632568
       -2.893199920654297
       -1.659399986267090
   1.671999990940094E-001
  -6.646999716758728E-001
  -9.085000157356262E-001
   5.410000085830689E-001
        2.296499967575073
   8.633000254631043E-001
   6.672999858856201E-001
        1.516199946403503
        1.597200036048889
   7.766000032424927E-001
   9.775000214576721E-001
        1.666800022125244
        1.856199979782105
   4.340000078082085E-002
  -5.913000106811523E-001
       -1.775500059127808
       -1.466799974441528
       -2.225699901580811
       -3.051599979400635
       -2.466599941253662
       -1.154700040817261
       -1.033900022506714
  -9.808999896049500E-001
       -2.571700096130371
       -2.913800001144409
       -3.175199985504150
       -1.153100013732910
       -2.075599908828735
       -3.602600097656250
       -3.043999910354614
       -2.885099887847900
       -3.712300062179565
       -3.620199918746948
       -1.185299992561340
  -8.435999751091003E-001
  -4.783999919891357E-001
   7.209999859333038E-002
       -2.775099992752075
       -3.649800062179565
       -3.313800096511841
       -2.186500072479248
       -1.507099986076355
  -7.287999987602234E-001
  -2.182999998331070E-001
       -1.731500029563904
   2.489999979734421E-001
  -3.898000121116638E-001
   7.042999863624573E-001
        1.874199986457825
        1.337499976158142
        1.267500042915344
   3.233000040054321E-001
   7.021999955177307E-001
   1.325999945402145E-001
  -1.120000034570694E-001
       -3.529999971389771
       -3.900899887084961
       -2.231199979782105
       -3.088900089263916
       -2.450200080871582
   5.860000103712082E-002
       -1.074699997901917
  -4.472000002861023E-001
  -7.655000090599060E-001
  -3.580999970436096E-001
       -1.595100045204163
  -4.149999916553497E-001
  -2.887000143527985E-001
   9.390000104904175E-001
        1.040400028228760
        1.616199970245361
        2.589600086212158
        1.003299951553345
  -4.769999906420708E-002
       -1.606099963188171
       -2.421000003814697
       -1.001500010490418
  -6.926000118255615E-001
       -2.540699958801270
       -3.522700071334839
       -2.054199934005737
       -1.944000005722046
       -2.748399972915649
       -3.844199895858765
       -3.862499952316284
       -4.364299774169922
       -2.430799961090088
       -2.467600107192993
       -2.286900043487549
  -7.285000085830689E-001
       -2.306900024414063
       -2.695899963378906
       -1.361500024795532
       -1.840899944305420
       -1.533499956130981
  -5.306000113487244E-001
  -2.829000055789948E-001
       -2.319000005722046
       -3.882499933242798
       -3.398099899291992
  -6.567000150680542E-001
       -1.173400044441223
       -1.650799989700317
   1.858000010251999E-001
  -2.567000091075897E-001
   4.320000112056732E-001
   5.647000074386597E-001
   1.116999983787537E-001
  -9.477999806404114E-001
  -7.318999767303467E-001
       -1.105999946594238
  -2.524999976158142E-001
  -2.266999930143356E-001
  -3.623000085353851E-001
       -1.406700015068054
       -2.570199966430664
       -3.512900114059448
       -2.373100042343140
       -2.068300008773804
       -1.094799995422363
  -9.937999844551086E-001
       -1.131500005722046
       -1.273599982261658
       -2.237200021743774
       -1.719200015068054
       -2.469099998474121
  -5.612000226974487E-001
   3.359999954700470E-001
  -1.233000010251999E-001
   3.224999904632568E-001
   3.023000061511993E-001
        1.672700047492981
   5.662999749183655E-001
   8.626000285148621E-001
       -1.088400006294251
       -1.682000041007996
       -2.307199954986572
       -1.344599962234497
       -2.373500108718872
  -9.663000106811523E-001
       -1.022799968719482
       -2.022900104522705
       -3.716500043869019
       -4.158100128173828
       -3.575700044631958
       -2.241699934005737
       -3.282500028610230
       -4.009799957275391
       -3.015199899673462
       -2.329200029373169
       -1.240000009536743
  -9.707000255584717E-001
   6.567000150680542E-001
  -9.600999951362610E-001
       -2.168999910354614
  -8.630999922752380E-001
   3.750000149011612E-002
       -2.177099943161011
       -3.375499963760376
       -3.814800024032593
       -1.075600028038025
       -1.021499991416931
  -9.611999988555908E-001
  -9.379000067710877E-001
  -3.659000098705292E-001
  -9.154999852180481E-001
  -1.307000070810318E-001
       -1.383399963378906
  -2.153999954462051E-001
       -2.361700057983398
       -1.393599987030029
       -1.329200029373169
       -2.731300115585327
       -2.931900024414063
       -1.764600038528442
       -3.104399919509888
       -4.445899963378906
       -3.661999940872192
       -1.984799981117249
  -8.223999738693237E-001
  -2.274000048637390E-001
       -1.134199976921082
  -3.770999908447266E-001
       -1.629299998283386
       -1.216799974441528
  -4.293999969959259E-001
       -1.259299993515015
  -2.782999873161316E-001
   4.963000118732452E-001
  -6.554999947547913E-001
   4.709999859333038E-001
        1.126899957656860
   9.623000025749207E-001
  -2.939999997615814E-001
  -5.738000273704529E-001
  -9.089999794960022E-001
       -1.396700024604797
  -7.077000141143799E-001
  -7.845000028610230E-001
       -1.529600024223328
       -1.218099951744080
       -1.874600052833557
       -1.851300001144409
       -2.461499929428101
       -3.884099960327148
       -2.179699897766113
       -2.420099973678589
       -2.929300069808960
       -2.621000051498413
       -2.757999897003174
  -8.737000226974487E-001
       -1.426399946212769
   5.700000002980232E-002
  -9.700999855995178E-001
  -1.293999999761581E-001
   7.095000147819519E-001
   5.365999937057495E-001
       -1.076300024986267
       -2.705899953842163
       -3.410000085830689
       -1.968299984931946
       -1.339499950408936
   3.826999962329865E-001
   6.786999702453613E-001
  -6.776999831199646E-001
       -1.625800013542175
       -2.584899902343750
       -2.127500057220459
       -2.463500022888184
       -1.751899957656860
       -2.024600028991699
       -1.395799994468689
       -3.101300001144409
       -3.361200094223023
       -2.485300064086914
       -3.093499898910523
       -4.062399864196777
       -3.719599962234497
       -2.002199888229370
       -1.370599985122681
       -2.348799943923950
       -2.347100019454956
       -1.889899969100952
       -2.231699943542481
       -1.252300024032593
       -1.124699950218201
       -1.705700039863586
  -7.002999782562256E-001
   2.351000010967255E-001
   8.385000228881836E-001
   9.908999800682068E-001
   8.539000153541565E-001
       -2.055999994277954
       -1.966400027275085
   5.960000157356262E-001
   3.353999853134155E-001
       -1.166499972343445
       -1.892500042915344
  -7.437000274658203E-001
       -1.757599949836731
       -1.301599979400635
       -1.585600018501282
  -9.282000064849854E-001
       -2.078399896621704
       -2.770100116729736
       -2.730499982833862
       -3.512300014495850
       -2.004100084304810
       -1.437000036239624
       -1.595199942588806
       -3.199300050735474
       -1.309399962425232
  -8.856999874114990E-001
   3.228999972343445E-001
  -4.724000096321106E-001
   1.606999933719635E-001
   5.728999972343445E-001
       -1.153399944305420
       -3.434999942779541
       -2.469799995422363
       -1.541100025177002
  -3.495000004768372E-001
   1.598999947309494E-001
  -4.411000013351440E-001
  -9.096000194549561E-001
  -5.882999897003174E-001
       -1.403800010681152
       -2.660099983215332
       -2.637000083923340
       -2.439899921417236
       -2.944400072097778
       -2.246299982070923
       -2.284199953079224
       -3.683700084686279
       -1.440199971199036
       -1.773599982261658
       -1.978800058364868
       -3.413100004196167
       -2.896199941635132
       -3.996900081634522
       -2.597199916839600
       -2.202699899673462
       -1.148499965667725
       -2.252799987792969
       -1.569700002670288
  -7.483000159263611E-001
  -8.425999879837036E-001
   1.824000030755997E-001
        1.010800004005432
        1.134299993515015
   2.824000120162964E-001
  -1.815000027418137E-001
  -9.865000247955322E-001
       -1.350100040435791
       -2.020200014114380
       -1.702000021934509
       -3.387099981307983
       -2.190599918365479
       -2.041599988937378
       -1.705299973487854
       -1.434399962425232
       -2.404099941253662
       -2.178200006484985
       -1.370200037956238
       -1.901100039482117
       -3.386499881744385
       -2.265000104904175
       -2.501899957656860
       -1.387899994850159
  -4.833999872207642E-001
       -2.086999893188477
  -9.732999801635742E-001
       -1.076400041580200
       -1.341199994087219
   1.254000067710877E-001
  -8.338000178337097E-001
  -9.818000197410584E-001
       -1.842399954795837
       -4.158400058746338
       -2.336999893188477
       -2.154900074005127
       -1.214300036430359
        1.144500017166138
  -8.964999914169312E-001
   8.590000122785568E-002
  -6.050999760627747E-001
  -5.109999775886536E-001
       -1.572100043296814
  -4.190999865531921E-001
       -2.460599899291992
       -2.884799957275391
       -2.282200098037720
  -6.464999914169312E-001
       -1.085399985313416
  -8.363000154495239E-001
       -1.774600028991699
       -1.526299953460693
       -2.332600116729736
       -2.930799961090088
       -2.725500106811523
       -1.608899950981140
       -1.246700048446655
  -1.049999967217445E-001
       -2.690999984741211
       -1.481299996376038
       -2.076299905776978
       -1.143300056457520
  -2.946000099182129E-001
  -9.397000074386597E-001
   5.728999972343445E-001
  -4.210000112652779E-002
  -4.476999938488007E-001
       -1.112599968910217
       -1.079399943351746
       -2.877300024032593
       -3.650899887084961
       -1.998399972915649
       -1.423799991607666
       -1.927199959754944
       -1.881199955940247
       -1.355200052261353
       -1.404899954795837
       -1.427999973297119
       -2.202100038528442
       -2.105600118637085
       -2.971899986267090
       -2.006500005722046
       -3.271399974822998
       -3.118999958038330
       -1.108600020408630
       -1.470100045204163
       -2.352699995040894
       -1.557199954986572
       -1.052199959754944
  -9.955000281333923E-001
       -2.160099983215332
       -3.338999986648560
       -1.998999953269959
       -2.614000082015991
       -2.166599988937378
  -8.885999917984009E-001
       -1.126700043678284
  -6.018999814987183E-001
       -1.647899985313416
  -8.768000006675720E-001
  -9.499999694526196E-003
       -1.916700005531311
       -1.154600024223328
       -1.254600048065186
       -1.876299977302551
       -3.083300113677979
       -2.673700094223023
  -4.420000016689301E-001
  -8.342000246047974E-001
       -1.263700008392334
       -1.013499975204468
  -9.431999921798706E-001
       -1.241600036621094
       -2.141000032424927
       -1.059299945831299
  -1.560000032186508E-001
   2.644000053405762E-001
  -1.339000016450882E-001
  -7.318999767303467E-001
  -6.435999870300293E-001
       -1.103899955749512
  -5.910000205039978E-001
  -7.728999853134155E-001
  -5.000000074505806E-002
   9.085000157356262E-001
   3.802999854087830E-001
       -1.039399981498718
  -8.213000297546387E-001
  -8.985999822616577E-001
       -2.088200092315674
       -1.991700053215027
       -2.022599935531616
       -3.389499902725220
       -3.278899908065796
       -1.925699949264526
       -2.498300075531006
       -3.690599918365479
       -2.480999946594238
       -2.511199951171875
       -1.400599956512451
       -1.562899947166443
       -1.256000041961670
       -2.779400110244751
       -2.230200052261353
        1.049399971961975
  -2.275999933481216E-001
       -1.459200024604797
       -1.433899998664856
  -9.060999751091003E-001
   8.810000121593475E-002
       -1.803699970245361
       -2.848500013351440
       -3.000000000000000
       -2.113899946212769
       -1.802299976348877
       -1.660699963569641
  -6.074000000953674E-001
       -1.116899967193604
  -6.754999756813049E-001
       -2.071099996566773
       -2.729399919509888
       -3.337399959564209
       -1.421000003814697
       -2.710599899291992
       -3.024399995803833
       -1.868700027465820
       -1.023900032043457
       -1.940099954605103
  -8.082000017166138E-001
   1.039000004529953E-001
  -4.551999866962433E-001
  -8.798000216484070E-001
       -1.283900022506714
   6.230000033974648E-002
   7.379999756813049E-002
  -9.301999807357788E-001
   2.960000038146973E-001
  -1.229000017046928E-001
  -2.354000061750412E-001
   7.829999923706055E-002
   4.295000135898590E-001
   4.122000038623810E-001
  -5.849999934434891E-002
   4.578999876976013E-001
   5.451999902725220E-001
   9.710000157356262E-001
  -1.020000036805868E-002
  -7.720000296831131E-002
  -2.711000144481659E-001
       -1.584499955177307
       -3.191999912261963
       -2.136499881744385
       -3.448100090026856
       -2.898999929428101
       -2.743999958038330
       -3.061000108718872
       -4.483399868011475
       -3.091000080108643
       -1.980900049209595
       -2.559200048446655
       -3.065700054168701
       -3.433199882507324
       -1.873200058937073
  -3.558000028133392E-001
        2.120199918746948
  -1.507000029087067E-001
  -2.485000044107437E-001
       -1.209900021553040
       -3.074100017547607
       -1.683500051498413
       -2.392100095748901
       -2.192500114440918
       -3.709700107574463
       -2.232000112533569
  -8.575999736785889E-001
       -1.050699949264526
       -2.719000101089478
       -1.960700035095215
  -4.899999871850014E-002
       -1.867699980735779
       -1.080899953842163
       -2.337699890136719
       -1.843199968338013
       -1.838799953460693
       -1.627300024032593
       -1.571599960327148
       -1.724499940872192
       -2.436100006103516
       -1.055600047111511
  -6.575000286102295E-001
   1.292999982833862E-001
  -7.366999983787537E-001
   1.173999980092049E-001
        1.724499940872192
   5.376999974250794E-001
   3.016000092029572E-001
   6.323000192642212E-001
  -8.550000190734863E-002
  -2.023999989032745E-001
   1.897999942302704E-001
   4.361999928951263E-001
  -3.192999958992004E-001
        1.119600057601929
        1.832900047302246
        1.311400055885315
   7.195000052452087E-001
   6.464999914169312E-001
  -2.222000062465668E-001
       -1.232499957084656
       -2.148799896240234
       -2.225100040435791
       -3.673700094223023
       -3.767299890518189
       -3.387200117111206
       -2.239399909973145
       -2.606100082397461
       -3.349299907684326
       -2.328500032424927
       -1.955800056457520
       -3.211699962615967
       -3.536799907684326
       -3.240799903869629
       -1.610200047492981
  -9.916999936103821E-001
        2.943399906158447
   8.019000291824341E-001
  -2.705000042915344E-001
  -8.112000226974487E-001
       -2.302299976348877
       -2.863399982452393
       -1.824499964714050
       -1.638499975204468
       -2.211800098419190
       -1.698099970817566
       -2.842499971389771
  -6.530000269412994E-002
       -2.164499998092651
       -2.283600091934204
  -7.050000131130219E-002
       -1.203899979591370
  -5.828999876976013E-001
       -1.100399971008301
       -1.221300005912781
       -2.342099905014038
       -2.484200000762940
  -7.333999872207642E-001
       -1.195500016212463
       -2.797199964523315
       -2.455800056457520
  -3.325000107288361E-001
  -4.679999873042107E-002
        1.348199963569641
        1.496099948883057
        1.230999946594238
        1.394400000572205
   7.045999765396118E-001
   2.804999947547913E-001
   7.530000060796738E-002
  -5.052000284194946E-001
   1.596000045537949E-001
   8.841000199317932E-001
   8.705999851226807E-001
   7.307000160217285E-001
  -2.035000026226044E-001
  -1.263000071048737E-001
   3.953000009059906E-001
       -1.258399963378906
  -8.637999892234802E-001
       -1.485599994659424
       -1.043699979782105
       -1.527500033378601
       -2.834199905395508
       -2.495899915695190
       -3.693099975585938
       -3.494400024414063
       -1.060600042343140
       -2.558799982070923
       -2.772799968719482
       -3.644399881362915
       -4.284599781036377
       -3.807600021362305
       -3.338500022888184
       -2.881999969482422
       -1.270499944686890
        3.356699943542481
   5.368999838829041E-001
   2.198999971151352E-001
  -6.579999923706055E-001
       -1.781000018119812
  -8.047000169754028E-001
  -6.391999721527100E-001
       -1.511999964714050
       -1.240800023078919
       -1.575000047683716
   2.597999870777130E-001
   9.809999912977219E-002
  -1.608999967575073E-001
  -7.508000135421753E-001
  -8.609999716281891E-002
  -5.699999928474426E-001
  -9.332000017166138E-001
  -8.799999952316284E-003
  -7.166000008583069E-001
       -2.207900047302246
       -1.371199965476990
       -1.277799963951111
       -1.609599947929382
       -2.131200075149536
       -1.365200042724609
       -2.003499984741211
  -9.433000087738037E-001
        1.360399961471558
        1.346199989318848
        1.275599956512451
        3.386899948120117
   6.722999811172485E-001
   8.130999803543091E-001
   2.811000049114227E-001
       -1.020300030708313
   2.349999994039536E-001
        1.445299983024597
        2.315399885177612
   2.536000013351440E-001
   1.957000046968460E-001
  -3.943000137805939E-001
       -1.588299989700317
       -1.581599950790405
       -2.298700094223023
  -2.754000127315521E-001
       -1.877900004386902
       -1.791900038719177
       -2.069099903106690
       -1.935199975967407
       -2.565500020980835
       -2.802599906921387
       -4.108300209045410
       -3.111700057983398
       -3.283099889755249
       -4.248499870300293
       -4.261300086975098
       -2.397599935531616
       -1.923799991607666
       -2.172499895095825
       -2.643199920654297
        2.633100032806397
   5.629000067710877E-001
   9.730000048875809E-002
  -6.823999881744385E-001
   4.411000013351440E-001
  -6.137999892234802E-001
       -2.514899969100952
       -1.121500015258789
   6.266999840736389E-001
   3.188999891281128E-001
   5.656999945640564E-001
        1.330800056457520
        1.561800003051758
  -3.111000061035156E-001
   1.664000004529953E-001
  -3.113999962806702E-001
   5.225999951362610E-001
  -3.657999932765961E-001
       -3.393500089645386
       -3.326900005340576
  -9.003999829292297E-001
       -1.947700023651123
   1.859000027179718E-001
       -1.810500025749207
       -1.531000018119812
       -1.095100045204163
   8.458999991416931E-001
        2.013799905776978
   8.363999724388123E-001
        2.170900106430054
        3.662800073623657
        1.715600013732910
        1.068400025367737
   8.517000079154968E-001
  -2.951999902725220E-001
   6.766999959945679E-001
        2.338000059127808
        1.176300048828125
        1.348700046539307
  -6.690999865531921E-001
   4.510999917984009E-001
       -1.212800025939941
       -2.317800045013428
  -6.827999949455261E-001
  -8.896999955177307E-001
       -2.211400032043457
       -1.437800049781799
       -1.592800021171570
       -2.730799913406372
       -2.984200000762940
       -2.805399894714356
       -3.403599977493286
       -3.425499916076660
       -3.991499900817871
       -4.124100208282471
       -3.050400018692017
       -1.288200020790100
       -3.063600063323975
       -2.901700019836426
       -2.537100076675415
   4.194000065326691E-001
   3.583999872207642E-001
        1.945700049400330
   5.972999930381775E-001
   3.643999993801117E-001
  -9.456999897956848E-001
  -9.502000212669373E-001
   5.328000187873840E-001
        1.213199973106384
   2.169000059366226E-001
        1.990900039672852
        2.230400085449219
        1.009500026702881
   3.429000079631805E-001
   4.266000092029572E-001
   6.409000158309937E-001
   9.548000097274780E-001
   1.625999957323074E-001
       -2.665499925613403
  -3.000999987125397E-001
   3.427999913692474E-001
  -4.090999960899353E-001
  -1.000000014901161E-001
  -8.136000037193298E-001
       -1.263599991798401
  -2.408999949693680E-001
        1.125699996948242
        1.795400023460388
        1.798099994659424
        1.387799978256226
        1.233199954032898
   2.325000017881393E-001
   3.876000046730042E-001
   9.301000237464905E-001
   3.440000116825104E-002
  -3.830000013113022E-002
        1.026399970054627
   8.981999754905701E-001
  -7.942000031471252E-001
   7.829999923706055E-002
   2.321999967098236E-001
       -1.312399983406067
       -2.835400104522705
       -2.148200035095215
       -2.066800117492676
       -1.310600042343140
       -2.561199903488159
       -2.888000011444092
       -2.627599954605103
       -2.833300113677979
       -3.881700038909912
       -3.515199899673462
       -2.755500078201294
       -3.129899978637695
       -2.594300031661987
       -2.884299993515015
       -2.502700090408325
       -1.805600047111511
       -2.598799943923950
       -1.629999995231628
   7.634000182151794E-001
        1.660099983215332
   9.848999977111816E-001
   1.744000017642975E-001
   7.893000245094299E-001
  -4.291000068187714E-001
       -1.951500058174133
  -2.144999951124191E-001
        1.015400052070618
   8.873000144958496E-001
   7.955999970436096E-001
   5.313000082969666E-001
        1.588899970054627
        1.689100027084351
   6.754000186920166E-001
        1.324599981307983
   9.771999716758728E-001
        1.074399948120117
   1.903000026941299E-001
        1.744699954986572
        1.256100058555603
        2.016700029373169
       -1.103899955749512
       -1.624400019645691
       -1.968199968338013
       -1.294399976730347
   5.792999863624573E-001
        1.951400041580200
        2.438499927520752
   3.860999941825867E-001
   1.247999966144562E-001
   5.839999914169312E-001
   3.116999864578247E-001
        1.236400008201599
  -6.733999848365784E-001
  -3.551000058650971E-001
   3.100000023841858E-001
  -3.253999948501587E-001
  -6.492999792098999E-001
       -1.607399940490723
  -6.391000151634216E-001
  -2.178000062704086E-001
       -1.463000059127808
       -1.576400041580200
       -2.405699968338013
       -1.792000055313110
       -3.432899951934815
       -3.446599960327148
       -2.084199905395508
       -2.501399993896484
       -3.362699985504150
       -2.914900064468384
       -1.156000018119812
       -1.583600044250488
       -1.798200011253357
       -1.977900028228760
  -3.867000043392181E-001
       -1.003900051116943
  -6.601999998092651E-001
  -7.365000247955322E-001
  -7.469999790191650E-002
        1.101799964904785
  -3.480000048875809E-002
  -5.271999835968018E-001
  -1.713999956846237E-001
  -6.159999966621399E-001
       -1.904399991035461
  -7.875000238418579E-001
   8.162999749183655E-001
   1.140000000596046E-001
   6.621000170707703E-001
  -7.983000278472900E-001
   6.256999969482422E-001
        1.024899959564209
   5.734000205993652E-001
   8.806999921798706E-001
        1.674299955368042
   9.746000170707703E-001
  -4.011000096797943E-001
        1.546300053596497
        1.136100053787231
   9.789000153541565E-001
  -7.598999738693237E-001
       -1.782899975776672
       -1.713500022888184
       -1.933799982070923
  -7.847999930381775E-001
        1.746799945831299
   9.563000202178955E-001
   5.304999947547913E-001
        1.644600033760071
   9.259999990463257E-001
        1.156100034713745
   7.380999922752380E-001
  -8.705000281333923E-001
       -2.260699987411499
       -1.817700028419495
       -1.742799997329712
  -6.547999978065491E-001
       -2.483599901199341
       -1.953600049018860
  -5.978999733924866E-001
  -6.636000275611877E-001
       -1.390599966049194
       -2.339499950408936
       -2.101599931716919
       -1.987800002098084
       -2.761199951171875
  -4.298000037670136E-001
       -3.064500093460083
       -2.208499908447266
       -2.039200067520142
       -2.546799898147583
       -1.458600044250488
       -2.018300056457520
  -2.188999950885773E-001
  -5.149000287055969E-001
  -4.927000105381012E-001
  -1.425999999046326E-001
  -1.814000010490418E-001
  -2.009999938309193E-002
   2.684000134468079E-001
   6.741999983787537E-001
   9.509999752044678E-001
        1.319300055503845
  -5.522000193595886E-001
  -4.767999947071075E-001
  -9.898999929428101E-001
  -6.879000067710877E-001
       -1.038100004196167
   4.144000113010407E-001
   2.786000072956085E-001
   7.315000295639038E-001
   9.419999718666077E-001
        1.301900029182434
        1.889899969100952
   8.715999722480774E-001
        3.386399984359741
   8.205000162124634E-001
   7.246000170707703E-001
   7.118999958038330E-001
        1.117900013923645
        1.306800007820129
  -8.209000229835510E-001
  -9.502000212669373E-001
       -1.027799963951111
        1.078099966049194
        1.754600048065186
        1.825199961662293
   9.569000005722046E-001
   9.042999744415283E-001
   4.406000077724457E-001
   3.296999931335449E-001
   4.450000077486038E-002
       -1.398200035095215
  -7.182999849319458E-001
       -1.845900058746338
       -1.230599999427795
   2.402999997138977E-001
       -2.163000106811523
       -3.086499929428101
       -2.037600040435791
  -2.293000072240830E-001
   3.632999956607819E-001
       -1.432999968528748
  -7.712000012397766E-001
  -6.121000051498413E-001
   8.192999958992004E-001
        1.021900057792664
  -6.632999777793884E-001
  -6.820999979972839E-001
  -5.325999855995178E-001
  -7.904999852180481E-001
       -1.371099948883057
  -7.246000170707703E-001
  -6.973000168800354E-001
   1.181999966502190E-001
   5.989000201225281E-001
  -3.100000023841858E-001
   7.659999728202820E-001
       -1.158699989318848
  -6.464999914169312E-001
   3.143000006675720E-001
   5.159999728202820E-001
       -1.298200011253357
  -8.296999931335449E-001
       -1.210899949073792
  -3.576999902725220E-001
  -9.453999996185303E-001
       -1.160599946975708
   6.025000214576721E-001
   4.110000133514404E-001
        2.091399908065796
        2.509799957275391
        1.693300008773804
        2.235300064086914
        1.609899997711182
        2.576100111007690
        1.327999949455261
  -1.475999951362610E-001
  -3.170000016689301E-002
   5.005000233650208E-001
   5.353000164031982E-001
   2.768000066280365E-001
   4.435000121593475E-001
       -1.140900015830994
   6.726999878883362E-001
   5.343000292778015E-001
        1.139700055122376
  -7.847999930381775E-001
       -1.140599966049194
  -6.542999744415283E-001
       -1.481699943542481
       -1.472100019454956
       -1.258499979972839
       -1.059900045394898
  -6.902999877929688E-001
   4.474000036716461E-001
       -1.257099986076355
       -1.529600024223328
       -2.026299953460693
       -2.007100105285645
       -1.280799984931946
  -5.978999733924866E-001
   3.851999938488007E-001
   7.178999781608582E-001
  -1.275999993085861E-001
        1.024299979209900
        2.648099899291992
        1.262500047683716
  -8.856999874114990E-001
  -2.552999854087830E-001
   7.221000194549561E-001
  -4.479999840259552E-002
   2.894999980926514E-001
   7.712000012397766E-001
        2.266200065612793
        2.919500112533569
        1.335700035095215
   6.923000216484070E-001
       -1.672500014305115
       -1.647600054740906
        1.408599972724915
        1.237200021743774
   9.609000086784363E-001
  -4.717000126838684E-001
  -6.065999865531921E-001
  -6.453999876976013E-001
       -2.571000099182129
       -2.552700042724609
  -6.410999894142151E-001
   8.741999864578247E-001
        2.246500015258789
        2.289000034332275
        1.073600053787231
   9.830999970436096E-001
        1.254799962043762
   3.291999995708466E-001
  -7.867000102996826E-001
  -2.769999951124191E-002
       -1.233500003814697
   3.118000030517578E-001
       -1.220800042152405
   5.153999924659729E-001
   2.199999988079071E-001
  -4.970000088214874E-001
       -1.060099959373474
   5.388000011444092E-001
  -3.122000098228455E-001
       -1.294100046157837
   2.478999942541122E-001
       -1.192499995231628
       -1.008000016212463
       -1.886700034141541
       -3.671700000762940
       -1.534600019454956
  -5.249000191688538E-001
       -1.354500055313110
       -1.360700011253357
       -1.612599968910217
       -1.755100011825562
       -1.321599960327148
       -1.312399983406067
  -6.353999972343445E-001
   5.324000120162964E-001
   1.717000007629395E-001
   7.657999992370606E-001
   7.998999953269959E-001
        1.893700003623962
        1.295300006866455
        1.034899950027466
   2.240000069141388E-001
        1.613000035285950
  -1.146999970078468E-001
        1.508800029754639
        1.560899972915649
        1.625900030136108
        2.362400054931641
        1.766399979591370
   8.210999965667725E-001
       -1.516999959945679
       -1.243800044059753
  -6.237999796867371E-001
  -6.032000184059143E-001
        1.197100043296814
   4.253000020980835E-001
  -5.252000093460083E-001
       -1.334499955177307
       -1.919199943542481
       -2.155800104141235
  -9.016000032424927E-001
   6.805999875068665E-001
  -3.754000067710877E-001
  -3.409999907016754E-001
   3.616000115871429E-001
        1.720600008964539
   2.518999874591827E-001
        1.369099974632263
   4.079999923706055E-001
       -1.935500025749207
  -8.827000260353088E-001
   7.293000221252441E-001
   3.591000139713287E-001
  -1.040000021457672E-001
  -5.709999799728394E-001
   8.413000106811523E-001
  -2.129999920725822E-002
       -1.734300017356873
  -9.595000147819519E-001
   6.313999891281128E-001
        1.437299966812134
   4.119000136852264E-001
  -4.077999889850617E-001
       -1.725800037384033
       -3.612099885940552
       -1.895699977874756
       -1.456699967384338
       -1.088799953460693
  -7.942000031471252E-001
  -1.686999946832657E-001
       -1.668599963188171
       -1.411599993705750
       -1.853399991989136
       -1.610800027847290
  -8.550000190734863E-001
   2.199999988079071E-003
   9.521999955177307E-001
   9.708999991416931E-001
   6.769000291824341E-001
  -5.156999826431274E-001
   6.546000242233276E-001
   5.859000086784363E-001
   4.833000004291534E-001
  -1.889999955892563E-002
        2.052099943161011
        1.021600008010864
   1.885000020265579E-001
        1.718299984931946
   3.537999987602234E-001
   6.287999749183655E-001
       -1.291399955749512
       -1.721199989318848
       -2.524800062179565
       -2.052599906921387
       -1.970600008964539
   1.349000036716461E-001
       -1.701300024986267
       -1.359400033950806
   2.820999920368195E-001
       -1.937199950218201
  -5.802999734878540E-001
  -8.568000197410584E-001
  -9.539999812841415E-002
  -1.511999964714050E-001
   9.032999873161316E-001
   2.264000028371811E-001
        1.165099978446960
        1.463799953460693
        1.217900037765503
        1.792099952697754
  -3.068000078201294E-001
   4.041999876499176E-001
  -3.865999877452850E-001
       -1.080399990081787
  -6.270000338554382E-002
   3.046999871730804E-001
   9.858000278472900E-001
  -9.868000149726868E-001
       -1.621199965476990
   2.603999972343445E-001
  -4.456999897956848E-001
   7.904999852180481E-001
  -3.355000019073486E-001
  -5.238999724388123E-001
       -1.996799945831299
       -2.013700008392334
       -1.111899971961975
  -7.595000267028809E-001
  -1.331000030040741E-001
       -1.054499983787537
   3.379999846220017E-002
  -9.060999751091003E-001
       -1.828299999237061
  -7.459999918937683E-001
  -4.023999869823456E-001
   3.790000081062317E-001
   1.275999993085861E-001
   2.944999933242798E-001
  -5.774000287055969E-001
  -9.864000082015991E-001
   4.866000115871429E-001
   1.662999987602234E-001
  -1.133999973535538E-001
   8.439999818801880E-002
        1.013100028038025
        1.695500016212463
   3.330000117421150E-002
   2.690000087022781E-002
   5.483000278472900E-001
        1.166499972343445
       -1.987200021743774
  -8.879999816417694E-002
       -1.654500007629395
       -2.836699962615967
       -1.580999970436096
       -1.412799954414368
       -1.369400024414063
       -1.379699945449829
  -4.436999857425690E-001
  -6.478999853134155E-001
  -6.639000177383423E-001
   2.229000031948090E-001
  -2.881000041961670E-001
   1.989999972283840E-002
   2.431000024080277E-001
  -3.510000109672546E-001
        1.426699995994568
        1.268499970436096
        1.973299980163574
   8.059999942779541E-001
       -1.502699971199036
       -1.348399996757507
  -2.560000121593475E-001
        1.394299983978272
  -2.757999897003174E-001
  -3.910000026226044E-001
  -7.192000150680542E-001
  -9.800000190734863E-001
       -2.693599939346314
       -1.008499979972839
  -4.972000122070313E-001
   8.449999988079071E-002
  -2.937999963760376E-001
       -2.144299983978272
       -1.415899991989136
       -1.632400035858154
   4.205000102519989E-001
        1.022899985313416
        1.006000041961670
   7.386999726295471E-001
  -2.698999941349030E-001
  -5.769000053405762E-001
  -9.338999986648560E-001
       -1.349799990653992
   7.081999778747559E-001
   2.142000049352646E-001
   8.159000277519226E-001
       -1.316699981689453
   6.808000206947327E-001
        1.478000044822693
   2.799000144004822E-001
   2.749999985098839E-002
  -3.883999884128571E-001
  -3.515999913215637E-001
  -1.150000020861626E-001
   8.860000222921372E-002
        1.158100008964539
       -1.381800055503845
  -8.755000233650208E-001
  -4.709999859333038E-001
       -1.878800034523010
  -7.637000083923340E-001
  -7.019000053405762E-001
       -2.234800100326538
  -3.379000127315521E-001
  -6.116999983787537E-001
       -1.379999995231628
  -9.035999774932861E-001
  -6.011000275611877E-001
        1.037199974060059
        1.167799949645996
        1.114199995994568
   9.075000286102295E-001
        1.027199983596802
       -1.211599946022034
  -5.084999799728394E-001
   9.792000055313110E-001
        1.132500052452087
        1.172500014305115
        1.267400026321411
  -2.296999990940094E-001
  -6.320999860763550E-001
   7.013000249862671E-001
  -1.064999997615814E-001
   7.810999751091003E-001
  -4.185000061988831E-001
       -1.757200002670288
  -6.355000138282776E-001
       -2.561899900436401
   4.720000028610230E-001
        1.019199967384338
  -8.823999762535095E-001
  -5.616000294685364E-001
       -1.631899952888489
  -5.059000253677368E-001
  -7.369999885559082E-001
   7.297999858856201E-001
   2.345000058412552E-001
   2.847000062465668E-001
  -7.975000143051148E-001
       -1.004400014877319
  -9.925000071525574E-001
       -1.068199992179871
  -4.614999890327454E-001
  -6.351000070571899E-001
        1.173699975013733
        1.433899998664856
   1.585000008344650E-001
        1.692299962043762
        3.447299957275391
        1.567499995231628
  -4.034000039100647E-001
       -1.299399971961975
  -5.073000192642212E-001
  -1.717000007629395E-001
  -5.347999930381775E-001
  -5.396000146865845E-001
  -7.731999754905701E-001
       -1.516700029373169
  -6.351000070571899E-001
   4.850000143051148E-002
        1.040599942207336
  -4.440999925136566E-001
  -5.586000084877014E-001
  -5.859000086784363E-001
  -3.150000050663948E-002
  -9.107999801635742E-001
       -1.182399988174439
  -9.014000296592712E-001
  -2.922999858856201E-001
  -5.429999902844429E-002
   9.797000288963318E-001
        1.083299994468689
        1.924200057983398
   2.295999974012375E-001
   5.731999874114990E-001
  -4.821999967098236E-001
  -2.354000061750412E-001
        1.819100022315979
        2.516400098800659
        1.224499940872192
        2.027400016784668
   6.719999909400940E-001
   6.628999710083008E-001
   6.441000103950501E-001
  -8.061000108718872E-001
  -4.787999987602234E-001
       -1.463199973106384
  -7.556999921798706E-001
  -7.979000210762024E-001
       -1.367100000381470
  -8.769000172615051E-001
       -1.102699995040894
  -8.033000230789185E-001
  -4.101000130176544E-001
  -5.458999872207642E-001
  -2.502000033855438E-001
        1.158499956130981
        1.656700015068054
        1.199699997901917
  -4.124000072479248E-001
       -1.750699996948242
       -2.220000028610230
  -9.185000061988831E-001
  -6.333000063896179E-001
   1.510000042617321E-002
        1.612400054931641
        1.045400023460388
        1.472200036048889
        2.045399904251099
   9.635000228881836E-001
        1.045400023460388
   7.401999831199646E-001
  -4.343000054359436E-001
       -1.873999953269959
  -8.794999718666077E-001
  -8.088999986648560E-001
  -6.601999998092651E-001
       -2.066099882125855
  -8.738999962806702E-001
   3.407999873161316E-001
   3.830000013113022E-002
  -4.903999865055084E-001
       -1.810899972915649
  -8.141999840736389E-001
       -1.289899945259094
  -9.501000046730042E-001
  -5.602999925613403E-001
  -9.613000154495239E-001
   6.675999760627747E-001
   7.358999848365784E-001
   5.791000127792358E-001
   8.511999845504761E-001
        2.938299894332886
        2.909600019454956
        2.634200096130371
   4.140000045299530E-002
   4.093999862670898E-001
        1.329300045967102
   5.827000141143799E-001
        1.116799950599670
   5.390999913215637E-001
       -1.391600012779236
   2.166000008583069E-001
        1.723600029945374
   2.166000008583069E-001
       -2.009299993515015
       -1.082900047302246
       -1.008499979972839
       -2.504400014877319
       -2.882600069046021
       -1.594200015068054
       -1.477599978446960
       -1.015499949455261
       -1.025400042533875
   1.675000041723251E-001
   6.988000273704529E-001
   6.025000214576721E-001
        2.217099905014038
        2.613699913024902
   3.079999983310700E-002
       -1.795600056648254
       -1.270400047302246
       -1.673499941825867
  -3.163999915122986E-001
       -1.231600046157837
        1.052199959754944
        1.556900024414063
   4.726000130176544E-001
   4.426000118255615E-001
        1.440400004386902
   3.930000066757202E-001
  -3.147999942302704E-001
  -3.716000020503998E-001
       -1.609400033950806
  -7.378000020980835E-001
   2.950000017881393E-002
       -2.153199911117554
       -2.588799953460693
       -1.578600049018860
   8.863000273704529E-001
  -4.550000131130219E-001
  -2.339999936521053E-002
  -4.332999885082245E-001
  -6.241000294685364E-001
  -4.295000135898590E-001
   3.189999982714653E-002
  -4.069999977946281E-002
   9.940999746322632E-001
        1.395400047302246
   2.671999931335449E-001
   4.079999923706055E-001
  -9.290000051259995E-002
        1.396100044250488
        2.025300025939941
        2.743499994277954
        1.294199943542481
        2.047199964523315
        1.960600018501282
   3.018999993801117E-001
   3.506999909877777E-001
  -5.167000293731690E-001
  -8.521999716758728E-001
       -1.165699958801270
        1.222200036048889
   8.406999707221985E-001
  -4.577000141143799E-001
  -1.059999987483025E-001
  -9.678000211715698E-001
       -2.358599901199341
       -2.527699947357178
       -2.165499925613403
  -8.209999799728394E-001
       -1.054999947547913
  -9.862999916076660E-001
   2.431000024080277E-001
  -3.996999859809876E-001
   5.023000240325928E-001
        1.534700036048889
        1.769600033760071
   2.014999985694885E-001
  -9.891999959945679E-001
  -9.910000115633011E-002
   1.018000021576881E-001
   1.743000000715256E-001
  -3.517000079154968E-001
   9.180999994277954E-001
   5.562000274658203E-001
  -1.112999990582466E-001
  -5.138000249862671E-001
  -3.362999856472015E-001
   3.312000036239624E-001
   5.311999917030335E-001
   5.411000251770020E-001
       -1.100800037384033
   8.141000270843506E-001
   5.519000291824341E-001
  -6.534000039100647E-001
       -1.705000042915344
       -1.759299993515015
  -3.916999995708466E-001
   6.308000087738037E-001
   8.280000090599060E-002
  -2.199999988079071E-002
  -5.461999773979187E-001
  -7.231000065803528E-001
  -8.659999817609787E-002
  -9.279999732971191E-001
   7.949000000953674E-001
        1.217900037765503
   9.556999802589417E-001
   1.425999999046326E-001
        1.103600025177002
   6.601999998092651E-001
        1.310999989509583
        2.833699941635132
        1.624099969863892
        2.713900089263916
        1.077900052070618
        1.316699981689453
   2.499999944120646E-003
        1.029899954795837
   9.222000241279602E-001
       -1.149099946022034
   3.257000148296356E-001
   2.930999994277954E-001
        1.109699964523315
   5.741999745368958E-001
       -1.370900034904480
       -3.053600072860718
       -1.613600015640259
       -2.058199882507324
       -1.571699976921082
       -2.591200113296509
       -2.910799980163574
       -1.063899993896484
   2.682000100612640E-001
        1.256899952888489
        3.374399900436401
   3.386000096797943E-001
   5.848000049591065E-001
   4.282000064849854E-001
   1.544999927282333E-001
        1.728299975395203
   3.632999956607819E-001
        1.281700015068054
  -9.649999737739563E-001
  -7.030000090599060E-001
  -8.269000053405762E-001
       -1.870200037956238
       -1.685999989509583
  -3.605999946594238E-001
   1.327999979257584E-001
   1.962999999523163E-001
  -9.600000455975533E-003
  -6.628999710083008E-001
        1.290799975395203
   9.979999810457230E-002
       -2.788700103759766
       -1.731199979782105
  -4.670000076293945E-001
   4.027000069618225E-001
   4.323000013828278E-001
       -1.672999978065491
  -8.312000036239624E-001
  -7.867000102996826E-001
       -1.059399962425232
  -9.520999789237976E-001
  -1.842000037431717E-001
   5.730000138282776E-002
   5.630999803543091E-001
   6.941999793052673E-001
        1.157299995422363
   2.752999961376190E-001
        1.274099946022034
   7.976999878883362E-001
        2.012000083923340
   9.168999791145325E-001
        1.104099988937378
  -5.228999853134155E-001
       -1.773000001907349
   3.274999856948853E-001
   5.135999917984009E-001
  -6.939999759197235E-002
   9.574999809265137E-001
   8.026000261306763E-001
        1.651200056076050
        1.114899992942810
       -2.490900039672852
       -1.324900031089783
       -1.788800001144409
       -1.700099945068359
       -2.382699966430664
       -2.564399957656860
       -2.372699975967407
       -2.134900093078613
       -1.401200056076050
   9.394000172615051E-001
        2.006999969482422
        1.951900005340576
        1.176599979400635
  -4.341999888420105E-001
   9.077000021934509E-001
        1.882099986076355
        1.552299976348877
        2.053299903869629
  -4.217999875545502E-001
       -1.500399947166443
       -1.310400009155273
       -2.036900043487549
       -1.623700022697449
  -7.452999949455261E-001
  -9.559999704360962E-001
       -1.144299983978272
       -1.616500020027161
   3.242000043392181E-001
  -6.250000000000000E-001
       -1.336799979209900
       -3.556999921798706
       -2.955699920654297
       -1.318699955940247
       -1.510499954223633
       -1.463799953460693
  -9.715999960899353E-001
  -3.229999914765358E-002
  -5.602999925613403E-001
       -1.380800008773804
   7.623999714851379E-001
   5.479000210762024E-001
   7.088999748229981E-001
   2.612999975681305E-001
   4.379000067710877E-001
   6.474999785423279E-001
  -2.023999989032745E-001
   6.620000004768372E-001
   5.116000175476074E-001
        1.834599971771240
   7.986000180244446E-001
   7.773000001907349E-001
       -1.682299971580505
       -1.763700008392334
       -1.317499995231628
       -1.265799999237061
   2.560000121593475E-001
   8.809000253677368E-001
   7.052999734878540E-001
   2.506999969482422E-001
       -2.607300043106079
       -2.239700078964233
       -1.912999987602234
       -1.585199952125549
       -1.145799994468689
       -1.098000049591065
       -3.562599897384644
       -2.621999979019165
       -2.573100090026856
       -1.076799988746643
   7.322999835014343E-001
        1.952100038528442
        2.128099918365479
        2.277100086212158
        1.410500049591065
  -1.395000070333481E-001
   5.314000248908997E-001
   3.682000041007996E-001
  -3.824999928474426E-001
  -7.172999978065491E-001
       -1.155200004577637
       -1.389400005340576
       -1.799999952316284
       -1.891100049018860
  -9.470999836921692E-001
       -1.704200029373169
       -1.565899968147278
  -1.580000072717667E-001
  -9.584000110626221E-001
       -1.137300014495850
       -2.314300060272217
       -2.614900112152100
       -3.615099906921387
       -1.642699956893921
       -2.411499977111816
       -2.858000040054321
       -2.818000078201294
       -1.725700020790100
       -1.856099963188171
       -1.461899995803833
  -1.279999967664480E-002
  -9.689999818801880E-001
   2.019000053405762E-001
  -4.551999866962433E-001
  -6.399000287055969E-001
       -1.123800039291382
  -4.444000124931335E-001
       -1.515799999237061
   4.801000058650971E-001
   9.742000102996826E-001
  -4.620999991893768E-001
  -4.934999942779541E-001
       -1.431900024414063
  -8.651999831199646E-001
       -2.563800096511841
  -9.011999964714050E-001
   8.887000083923340E-001
   6.289999932050705E-002
       -1.185400009155273
       -2.830100059509277
       -2.061500072479248
       -2.408699989318848
       -2.013700008392334
       -1.820700049400330
       -1.245300054550171
       -2.026900053024292
       -3.543600082397461
       -2.736799955368042
  -8.432000279426575E-001
  -8.537999987602234E-001
   6.353999972343445E-001
        2.275599956512451
        2.215699911117554
        1.771800041198731
        1.602599978446960
        1.237100005149841
   2.684000134468079E-001
   5.576000213623047E-001
       -2.683900117874146
       -1.944800019264221
       -1.803099989891052
       -2.484699964523315
       -2.293600082397461
       -2.112900018692017
       -2.620899915695190
       -2.058399915695190
  -5.649999976158142E-001
       -1.695299983024597
       -1.443400025367737
       -2.059299945831299
       -2.320300102233887
       -2.258399963378906
       -1.141999959945679
       -3.462100028991699
       -3.183099985122681
       -3.482500076293945
       -3.665100097656250
       -3.812000036239624
       -3.980400085449219
       -2.525899887084961
       -2.739200115203857
       -1.390900015830994
  -3.829999864101410E-001
       -1.777300000190735
       -1.484200000762940
  -9.649000167846680E-001
       -1.195199966430664
  -9.922000169754028E-001
   6.200000047683716E-001
        1.027999997138977
  -6.460999846458435E-001
       -2.158200025558472
  -7.739999890327454E-001
  -5.794000029563904E-001
       -2.088500022888184
       -1.129299998283386
  -9.980000257492065E-001
       -1.054700016975403
       -1.483100056648254
       -2.012300014495850
       -2.618299961090088
       -2.196099996566773
       -1.246600031852722
       -1.857599973678589
       -1.036900043487549
       -1.548699975013733
       -2.691800117492676
       -1.119899988174439
  -7.001000046730042E-001
  -4.736999869346619E-001
   8.817999958992004E-001
        1.501899957656860
   8.611999750137329E-001
   5.336999893188477E-001
        1.958899974822998
   7.659999728202820E-001
   1.339999958872795E-002
       -2.089200019836426
       -3.289499998092651
       -3.906800031661987
       -3.690999984741211
       -2.485399961471558
       -3.831700086593628
       -2.778500080108643
       -2.704699993133545
       -1.738499999046326
       -2.001699924468994
       -1.409199953079224
       -1.640499949455261
       -1.649299979209900
  -2.580000087618828E-002
       -2.537499904632568
       -3.182300090789795
       -4.252299785614014
       -3.801599979400635
       -3.420099973678589
       -3.459399938583374
       -4.090499877929688
       -3.423000097274780
       -3.155100107192993
       -2.928699970245361
       -1.747900009155273
       -2.512399911880493
       -2.676300048828125
       -3.530999898910523
       -1.641700029373169
       -1.362400054931641
       -1.962700009346008
  -6.050999760627747E-001
   1.670999974012375E-001
       -1.562100052833557
       -1.324900031089783
  -8.489999771118164E-001
  -8.701999783515930E-001
   9.366000294685364E-001
  -4.963999986648560E-001
  -6.851000189781189E-001
  -6.028000116348267E-001
   7.796999812126160E-001
  -2.975000143051148E-001
  -3.905999958515167E-001
  -2.212000042200089E-001
   2.066999971866608E-001
  -8.747000098228455E-001
  -9.082999825477600E-001
       -1.315799951553345
       -2.887000083923340
       -1.415699958801270
       -1.629199981689453
  -2.754000127315521E-001
   6.899999920278788E-003
       -1.048200011253357
  -3.828000128269196E-001
   4.776999950408936E-001
   6.822999715805054E-001
  -7.459999918937683E-001
       -1.844699978828430
       -2.706899881362915
       -3.180500030517578
       -3.278399944305420
       -2.638900041580200
       -1.559499979019165
       -1.625100016593933
       -2.407900094985962
       -2.186899900436401
       -1.832299947738648
       -1.927999973297119
       -2.673199892044067
       -2.177999973297119
       -2.414000034332275
       -2.248899936676025
       -1.899299979209900
       -2.056900024414063
       -3.058300018310547
       -2.562200069427490
       -2.043800115585327
       -1.905699968338013
       -3.008899927139282
       -3.388299942016602
       -3.702399969100952
       -2.148799896240234
       -4.155799865722656
       -4.826399803161621
       -4.506400108337402
       -3.149699926376343
       -2.116400003433228
       -1.002400040626526
       -1.402899980545044
       -1.529700040817261
       -1.830100059509277
       -1.847300052642822
       -1.423900008201599
       -2.431400060653687
       -2.130300045013428
       -1.380900025367737
  -8.555999994277954E-001
  -3.030999898910523E-001
        1.386399984359741
   7.599999904632568E-001
   3.321000039577484E-001
  -3.109999932348728E-002
       -1.051800012588501
   2.456000000238419E-001
  -9.197000265121460E-001
       -2.375799894332886
       -4.394100189208984
       -3.217000007629395
       -1.912500023841858
       -1.228500008583069
  -9.735000133514404E-001
  -3.508000075817108E-001
       -1.844200015068054
  -8.209000229835510E-001
  -9.947000145912170E-001
       -1.346300005912781
  -6.545000076293945E-001
       -2.553400039672852
       -2.473599910736084
       -2.151099920272827
       -1.463099956512451
       -2.141400098800659
  -9.793000221252441E-001
       -1.168599963188171
       -1.985700011253357
       -2.475600004196167
       -3.388299942016602
       -3.037300109863281
       -1.573199987411499
       -3.014699935913086
       -2.667299985885620
       -2.153000116348267
       -2.603499889373779
       -2.603300094604492
       -1.522799968719482
  -1.746000051498413E-001
       -1.288200020790100
       -2.409499883651733
       -2.257400035858154
       -2.849900007247925
       -2.881000041961670
       -2.247499942779541
       -4.328400135040283
       -4.767300128936768
       -5.520199775695801
       -3.160200119018555
       -2.244600057601929
  -3.461999893188477E-001
       -1.436300039291382
   2.025000005960465E-001
  -3.680999875068665E-001
       -1.655300021171570
       -1.894400000572205
       -1.524000048637390
       -2.377599954605103
       -1.637599945068359
       -1.307500004768372
   8.687999844551086E-001
        1.686200022697449
   3.107999861240387E-001
   8.597999811172485E-001
        1.398499965667725
   7.415000200271606E-001
   9.743000268936157E-001
       -1.311100006103516
       -3.490200042724609
  -2.590000033378601E-001
       -1.276200056076050
  -9.093000292778015E-001
  -2.596000134944916E-001
   2.676999866962433E-001
   5.048999786376953E-001
   5.022000074386597E-001
  -3.853999972343445E-001
  -8.321999907493591E-001
  -7.016000151634216E-001
  -5.418000221252441E-001
       -1.015900015830994
       -1.892799973487854
  -3.084000051021576E-001
       -1.950999975204468
       -1.281499981880188
       -1.117900013923645
  -8.549000024795532E-001
       -1.417000055313110
       -3.454499959945679
       -2.625900030136108
       -2.243900060653687
       -2.528800010681152
       -2.041300058364868
  -5.748999714851379E-001
       -1.643599987030029
       -3.529200077056885
       -2.845400094985962
       -2.167399883270264
       -1.086300015449524
       -2.495199918746948
       -1.530400037765503
       -3.191200017929077
       -4.490300178527832
       -2.770800113677979
       -2.417700052261353
       -2.890199899673462
       -4.174600124359131
       -3.180200099945068
       -3.563600063323975
       -2.707799911499023
       -2.074399948120117
  -8.906000256538391E-001
   9.718000292778015E-001
  -1.538999974727631E-001
       -1.993800044059753
  -5.345000028610230E-001
       -1.925500035285950
       -1.253399968147278
  -6.610000133514404E-002
       -1.007400035858154
   9.494000077247620E-001
   7.275999784469605E-001
        2.575500011444092
        2.192899942398071
   2.509000003337860E-001
        1.428799986839294
   5.275999903678894E-001
   3.772999942302704E-001
       -1.108100056648254
  -4.668999910354614E-001
       -1.230200052261353
       -2.012099981307983
   8.562999963760376E-001
        1.495900034904480
        2.885799884796143
        1.887799978256226
        1.635400056838989
   9.555000066757202E-001
   3.995000123977661E-001
  -8.980000019073486E-002
  -9.171000123023987E-001
  -7.354000210762024E-001
       -1.492200016975403
       -2.425800085067749
  -7.308999896049500E-001
       -1.689200043678284
       -2.107399940490723
       -3.181099891662598
       -3.476599931716919
       -3.541100025177002
       -2.763099908828735
       -1.843299984931946
       -2.785599946975708
       -2.216700077056885
       -3.140300035476685
       -4.877500057220459
       -3.286299943923950
       -1.543300032615662
       -1.965700030326843
       -3.646899938583374
       -1.987599968910217
       -3.547899961471558
       -3.656300067901611
       -4.009600162506104
       -1.295400023460388
       -2.567199945449829
       -2.715899944305420
       -1.764600038528442
       -1.960600018501282
       -3.366400003433228
       -1.395400047302246
       -1.167899966239929
  -5.358999967575073E-001
  -5.773000121116638E-001
       -1.379099965095520
  -4.022000133991242E-001
       -1.577100038528442
  -8.891000151634216E-001
       -1.108500003814697
  -8.805999755859375E-001
  -6.297000050544739E-001
        1.955399990081787
        1.217700004577637
        2.501199960708618
        1.657299995422363
        1.660099983215332
        1.384699940681458
   3.680000007152557E-001
  -2.705000042915344E-001
   2.031999975442886E-001
  -7.692999839782715E-001
       -2.002300024032593
  -2.260999977588654E-001
        1.786499977111816
        2.886800050735474
        3.593400001525879
        2.730200052261353
        1.587499976158142
   1.802999973297119E-001
  -4.591999948024750E-001
       -2.691999912261963
       -1.240399956703186
       -1.715299963951111
       -1.888200044631958
       -1.435700058937073
  -7.228999733924866E-001
       -1.529999971389771
       -1.858899950981140
       -3.498500108718872
       -4.524300098419190
       -3.348599910736084
       -3.425299882888794
       -2.945300102233887
       -2.605999946594238
       -1.991899967193604
       -3.220099925994873
       -3.649600028991699
       -1.730200052261353
       -1.340299963951111
       -2.209000110626221
       -2.959300041198731
       -2.176399946212769
       -1.548099994659424
  -1.785999983549118E-001
   5.020000040531158E-002
  -4.832000136375427E-001
       -1.110399961471558
       -1.438599944114685
       -1.907500028610230
       -2.016999959945679
  -4.172999858856201E-001
  -7.810999751091003E-001
  -1.900999993085861E-001
   8.569999784231186E-002
       -1.793499946594238
   8.350999951362610E-001
  -1.530000008642674E-002
   9.538999795913696E-001
   1.920000091195107E-002
   6.251000165939331E-001
   9.107000231742859E-001
        1.319499969482422
   8.141000270843506E-001
        1.973899960517883
  -4.120000079274178E-002
   5.000000237487257E-004
  -7.749000191688538E-001
  -8.683000206947327E-001
  -9.548000097274780E-001
       -1.422000050544739
       -1.419299960136414
       -1.684499979019165
       -1.009500026702881
   8.113999962806702E-001
        4.077899932861328
        2.887099981307983
        1.275200009346008
        1.457999944686890
   7.368999719619751E-001
       -1.103899955749512
       -2.355900049209595
       -2.444200038909912
       -2.031300067901611
       -1.540799975395203
       -2.563100099563599
       -1.431800007820129
       -1.659000039100647
       -1.398200035095215
       -2.818099975585938
       -3.220400094985962
       -3.150899887084961
       -2.955600023269653
       -3.644700050354004
       -2.081099987030029
       -1.985200047492981
       -2.677099943161011
       -2.442399978637695
  -5.189999938011169E-002
       -1.173799991607666
       -1.702499985694885
       -1.795300006866455
       -1.446900010108948
  -8.381999731063843E-001
       -1.884299993515015
       -1.604200005531311
  -6.694999933242798E-001
   2.067999988794327E-001
       -1.799700021743774
       -2.994899988174439
       -2.005599975585938
       -1.053900003433228
  -4.537000060081482E-001
   5.750000104308128E-002
   8.475999832153320E-001
  -8.590000122785568E-002
   9.617999792098999E-001
   2.027000039815903E-001
   8.654000163078308E-001
  -8.298000097274780E-001
   5.485000014305115E-001
   5.588999986648560E-001
        3.032500028610230
        1.903300046920776
   6.614999771118164E-001
   9.854999780654907E-001
   1.639000028371811E-001
  -6.901000142097473E-001
  -4.812999963760376E-001
       -1.075099945068359
  -7.713999748229981E-001
       -1.145099997520447
  -3.319999948143959E-002
  -7.020999789237976E-001
   6.700000166893005E-001
        1.886800050735474
        2.423300027847290
        2.395299911499023
   6.841999888420105E-001
       -1.181699991226196
  -9.276999831199646E-001
       -1.761899948120117
       -1.631000041961670
       -2.058099985122681
       -3.010600090026856
       -2.345299959182739
       -2.885400056838989
       -1.914600014686585
       -1.010800004005432
       -1.119600057601929
       -2.566900014877319
       -4.343999862670898
       -4.415900230407715
       -3.432600021362305
       -4.813300132751465
       -2.037899971008301
       -3.238199949264526
       -3.045599937438965
        1.036299943923950
  -2.285999953746796E-001
       -1.015300035476685
       -1.167500019073486
  -4.717000126838684E-001
  -3.858999907970429E-001
       -1.981699943542481
       -2.207200050354004
       -1.923400044441223
       -1.501799941062927
       -1.855599999427795
       -3.227099895477295
  -9.419999718666077E-001
  -3.158999979496002E-001
  -9.150000214576721E-001
       -1.260499954223633
   6.444000005722046E-001
   5.829999968409538E-002
  -4.945999979972839E-001
  -6.092000007629395E-001
  -7.077999711036682E-001
   2.743000090122223E-001
       -1.087399959564209
  -3.063000142574310E-001
        1.561400055885315
        1.056100010871887
   2.372000068426132E-001
        1.145200014114380
   5.572999715805054E-001
  -8.341000080108643E-001
       -1.162099957466126
       -1.668200016021729
  -4.196000099182129E-001
       -1.854300022125244
       -1.297899961471558
       -1.860999941825867
        1.239599943161011
        2.379199981689453
        1.186300039291382
        1.227100014686585
   2.490000054240227E-002
  -9.149000048637390E-001
       -1.529800057411194
       -3.071099996566773
       -2.986200094223023
       -2.956099987030029
       -2.821599960327148
       -1.732100009918213
  -8.227000236511231E-001
       -1.628900051116943
       -1.879400014877319
       -3.213299989700317
       -2.818399906158447
       -3.706399917602539
       -3.218600034713745
       -3.094399929046631
       -3.746799945831299
       -3.065000057220459
       -3.191499948501587
       -3.521500110626221
   3.445000052452087E-001
  -8.935999870300293E-001
  -1.331000030040741E-001
  -8.224999904632568E-001
        1.271800041198731
  -5.400000140070915E-002
  -5.661000013351440E-001
       -1.432700037956238
       -2.317199945449829
       -1.525099992752075
       -1.645400047302246
       -2.109999895095825
  -6.165999770164490E-001
   4.153000116348267E-001
   4.939999878406525E-001
  -8.039999753236771E-002
       -1.332499980926514
  -8.123000264167786E-001
  -3.546000123023987E-001
  -2.122000008821487E-001
       -1.827600002288818
       -1.453899979591370
       -1.441400051116943
       -1.662899971008301
   7.556999921798706E-001
        1.040599942207336
   3.734999895095825E-001
        1.003600001335144
   5.720000267028809E-001
  -3.048999905586243E-001
       -1.148800015449524
       -1.372300028800964
       -1.954900026321411
       -3.152899980545044
       -1.140400052070618
   6.399999838322401E-003
   2.410999983549118E-001
        1.672899961471558
        1.443899989128113
        3.428100109100342
   7.506999969482422E-001
        1.073500037193298
  -9.524000287055969E-001
       -1.805299997329712
       -2.102299928665161
       -1.777600049972534
       -1.614799976348877
       -2.149199962615967
       -1.561400055885315
  -3.605000078678131E-001
       -1.787500023841858
       -3.569900035858154
       -2.465300083160400
       -1.775400042533875
       -2.148999929428101
       -1.936300039291382
       -2.971899986267090
       -4.849699974060059
       -3.296900033950806
       -2.381999969482422
  -5.376999974250794E-001
  -3.104999959468842E-001
  -1.101000010967255E-001
  -2.179999947547913E-001
        1.501799941062927
   8.962000012397766E-001
  -5.299999713897705E-001
       -1.601799964904785
  -7.800000160932541E-002
  -6.782000064849854E-001
  -1.557999998331070E-001
  -6.417999863624573E-001
   6.917999982833862E-001
        1.146100044250488
   1.984000056982040E-001
   4.070000052452087E-001
       -1.624099969863892
       -2.518899917602539
   5.270000100135803E-001
  -7.175999879837036E-001
       -2.233999967575073
       -2.482700109481812
       -2.411400079727173
  -8.284999728202820E-001
  -5.169999971985817E-002
   4.242999851703644E-001
  -1.303000003099442E-001
   5.166000127792358E-001
   3.885999917984009E-001
        1.479599952697754
       -1.061699986457825
  -4.699000120162964E-001
  -8.292000293731690E-001
       -2.280400037765503
       -2.136100053787231
   8.381000161170960E-001
   7.145000100135803E-001
        1.105700016021729
        2.961199998855591
        3.033400058746338
   4.902999997138977E-001
  -5.415999889373779E-001
  -6.780000030994415E-002
        1.062000036239624
       -1.935999989509583
       -2.006700038909912
       -1.435299992561340
       -1.730299949645996
       -1.501700043678284
       -1.996299982070923
       -2.362400054931641
       -2.954900026321411
       -3.233400106430054
       -1.429499983787537
  -9.365000128746033E-001
       -1.307199954986572
       -2.347599983215332
       -1.927999973297119
       -2.449800014495850
       -1.233199954032898
  -9.275000095367432E-001
   1.765999943017960E-001
   7.059000134468079E-001
        1.243299961090088
   2.457000017166138E-001
        1.007300019264221
  -8.418999910354614E-001
       -1.178300023078919
   3.265999853610992E-001
   6.215999722480774E-001
  -2.495999932289124E-001
        1.096099972724915
  -3.783000111579895E-001
   2.209999971091747E-002
  -9.763000011444092E-001
  -7.452999949455261E-001
  -8.537999987602234E-001
   2.757000029087067E-001
       -1.077399969100952
  -3.626999855041504E-001
  -1.870999932289124E-001
       -1.280599951744080
       -3.157799959182739
       -1.614500045776367
       -1.071300029754639
  -6.047000288963318E-001
  -2.044000029563904E-001
   3.810000121593475E-001
  -1.930000074207783E-002
   9.989999979734421E-002
       -1.413200020790100
       -3.231600046157837
       -2.507699966430664
       -2.322200059890747
       -2.662300109863281
  -6.614999771118164E-001
       -1.347699999809265
   4.528999924659729E-001
        1.465100049972534
        1.435500025749207
   1.081999987363815E-001
  -3.104999959468842E-001
  -5.210999846458435E-001
   2.531999945640564E-001
   2.718999981880188E-001
       -1.365499973297119
       -2.353600025177002
       -3.479799985885620
       -2.881900072097778
       -1.969200015068054
       -2.516299962997437
       -2.256299972534180
       -1.346500039100647
  -6.850000023841858E-001
  -4.903999865055084E-001
  -6.104999780654907E-001
  -3.469999879598618E-002
       -1.119600057601929
       -1.908400058746338
       -3.921999931335449
       -1.084300041198731
  -8.515999913215637E-001
   6.003999710083008E-001
        1.687700033187866
        2.123300075531006
        1.830600023269653
  -3.729999959468842E-001
  -3.680000081658363E-002
   2.739999890327454E-001
       -1.323099970817566
  -7.857999801635742E-001
   6.430000066757202E-001
       -1.460299968719482
  -4.408999979496002E-001
   9.413999915122986E-001
  -4.185999929904938E-001
  -4.948000013828278E-001
   5.203999876976013E-001
  -9.430000185966492E-002
   2.173999994993210E-001
   2.865999937057495E-001
  -3.179999887943268E-001
       -1.836899995803833
       -1.888200044631958
       -1.523300051689148
  -4.618000090122223E-001
   3.456999957561493E-001
   8.511000275611877E-001
   3.777000010013580E-001
  -1.070000007748604E-001
       -2.892899990081787
       -4.392899990081787
       -3.096999883651733
       -1.514099955558777
       -2.276799917221069
       -1.241199970245361
       -1.160099983215332
   3.646000027656555E-001
        1.166100025177002
        1.159299969673157
        1.225600004196167
        1.044700026512146
   4.954000115394592E-001
   3.551999926567078E-001
  -8.039999753236771E-002
  -9.502000212669373E-001
       -1.512300014495850
       -3.666399955749512
       -2.025599956512451
  -7.635999917984009E-001
       -2.221100091934204
       -1.219200015068054
       -1.016700029373169
  -7.779999822378159E-002
  -5.164999961853027E-001
  -2.471999973058701E-001
       -1.336899995803833
       -1.932199954986572
       -2.241300106048584
       -3.015899896621704
   8.672999739646912E-001
   7.343000173568726E-001
        1.041300058364868
        2.180799961090088
        3.005700111389160
        1.171399950981140
  -4.207000136375427E-001
  -2.698999941349030E-001
  -5.544000267982483E-001
  -5.185999870300293E-001
  -2.757999897003174E-001
  -8.788999915122986E-001
       -2.888400077819824
  -2.125000059604645E-001
  -7.731999754905701E-001
       -1.009500026702881
  -4.185999929904938E-001
       -1.751899957656860
  -1.993000060319901E-001
  -7.322000265121460E-001
  -5.085999965667725E-001
  -5.860999822616577E-001
  -5.992000102996826E-001
  -6.220999956130981E-001
   3.700000001117587E-003
       -1.280799984931946
   5.350000038743019E-002
  -2.222000062465668E-001
       -1.708199977874756
       -1.198199987411499
       -2.116199970245361
       -2.964699983596802
       -2.983400106430054
       -3.061500072479248
       -2.886100053787231
  -7.576000094413757E-001
  -5.950000137090683E-002
  -9.832000136375427E-001
   1.306000053882599E-001
   3.086999952793121E-001
        1.497200012207031
  -2.999999932944775E-002
   4.059000015258789E-001
   3.052999973297119E-001
  -4.781000018119812E-001
       -2.036000013351440
       -1.978999972343445
       -1.220499992370606
  -4.600000102072954E-003
   1.368999928236008E-001
  -4.762000143527985E-001
  -7.746999859809876E-001
   2.151000052690506E-001
   8.216999769210815E-001
  -1.861000061035156E-001
   1.519999951124191E-001
       -2.083400011062622
       -2.193700075149536
       -2.424000024795532
       -2.387300014495850
   7.689999938011169E-001
   6.094999909400940E-001
        1.070600032806397
        2.838799953460693
   4.675000011920929E-001
        1.215800046920776
        2.502099990844727
  -5.320000052452087E-001
   6.470999717712402E-001
   2.032999992370606E-001
  -4.348999857902527E-001
       -1.210899949073792
       -1.009799957275391
       -1.458600044250488
  -3.415000140666962E-001
   8.850000053644180E-002
       -1.766600012779236
  -7.060999870300293E-001
  -9.477000236511231E-001
       -1.520699977874756
   2.529999986290932E-002
  -4.814000129699707E-001
   9.641000032424927E-001
   6.037999987602234E-001
   6.141999959945679E-001
  -5.073000192642212E-001
   3.943000137805939E-001
   7.904999852180481E-001
  -6.703000068664551E-001
  -9.640000015497208E-002
       -2.716200113296509
       -2.101900100708008
       -2.191299915313721
       -3.567800045013428
       -2.910500049591065
       -2.951100111007690
       -1.247200012207031
       -1.977699995040894
  -1.149000003933907E-001
        1.027799963951111
   2.390999943017960E-001
        1.516000032424927
   3.829999864101410E-001
        1.794399976730347
   5.471000075340271E-001
   4.905999898910523E-001
       -1.564499974250794
  -6.819999963045120E-002
   1.360999941825867E-001
        1.914100050926209
        1.200199961662293
        1.556300044059753
        1.611899971961975
        1.957299947738648
        1.037400007247925
  -1.058000028133392E-001
       -1.764500021934509
       -2.040400028228760
       -1.662199974060059
       -2.780999898910523
   4.749999940395355E-001
        2.570600032806397
        1.594599962234497
   4.259999990463257E-001
   1.947000026702881E-001
        2.200799942016602
        1.584599971771240
  -8.370000123977661E-002
   8.195000290870667E-001
        1.449499964714050
   5.182999968528748E-001
   1.409000009298325E-001
  -6.172000169754028E-001
  -1.363999992609024E-001
   3.350999951362610E-001
  -3.474999964237213E-001
  -5.612000226974487E-001
  -9.423000216484070E-001
       -2.080800056457520
       -2.012200117111206
  -6.428999900817871E-001
   8.895000219345093E-001
   8.240000158548355E-002
   1.059999987483025E-001
   8.574000000953674E-001
        1.499099969863892
        1.305699944496155
   2.374999970197678E-001
   7.404999732971191E-001
       -2.401400089263916
       -2.151599884033203
       -2.615499973297119
  -9.868999719619751E-001
       -2.558599948883057
       -2.802200078964233
  -3.325000107288361E-001
       -1.436900019645691
       -1.362400054931641
   4.596000015735626E-001
   9.739999771118164E-001
   8.411999940872192E-001
   6.216999888420105E-001
        2.081000089645386
        2.817699909210205
        2.702199935913086
   2.840000092983246E-001
  -6.405000090599060E-001
   1.595000028610230E-001
   8.549000024795532E-001
        1.183699965476990
        3.046600103378296
        2.161999940872192
  -3.804000020027161E-001
        1.580199956893921
   7.087000012397766E-001
  -2.360000014305115E-001
   1.882999986410141E-001
       -1.308300018310547
       -1.013800024986267
       -1.886299967765808
   8.338999748229981E-001
  -2.300000004470348E-002
   3.869000077247620E-001
  -6.231999993324280E-001
        1.023000001907349
        2.263400077819824
        2.686700105667114
        2.103899955749512
   8.962000012397766E-001
        2.024899959564209
        2.045000076293945
   2.146999984979630E-001
       -1.553200006484985
       -1.740300059318543
  -1.985000073909760E-001
   7.760000228881836E-002
       -1.982699990272522
       -1.110999941825867
       -1.545300006866455
   4.444999992847443E-001
   5.205000042915344E-001
   6.459000110626221E-001
       -2.028100013732910
  -3.195999860763550E-001
        2.233999967575073
        2.962599992752075
        2.926500082015991
        1.364400029182434
  -4.430000111460686E-002
       -1.978399991989136
       -2.363899946212769
       -2.844000101089478
  -2.578999996185303E-001
       -1.161800026893616
  -3.768999874591827E-001
  -5.008999705314636E-001
       -1.192899942398071
  -9.107999801635742E-001
   4.253999888896942E-001
   2.079000025987625E-001
   6.600000262260437E-001
        1.500599980354309
        1.457000017166138
        2.654799938201904
        4.418700218200684
   2.056999951601028E-001
   3.499000072479248E-001
        1.063699960708618
        1.610700011253357
        1.573699951171875
   9.817000031471252E-001
   1.712999939918518E-001
   1.281999945640564E-001
   3.183000087738037E-001
   8.871999979019165E-001
        1.776399970054627
   2.046000063419342E-001
  -6.793000102043152E-001
       -2.074500083923340
       -1.385300040245056
   7.594000101089478E-001
   9.120000153779984E-002
   3.941000103950501E-001
   1.729000061750412E-001
        2.127399921417236
        4.037799835205078
        4.727000236511231
        2.792500019073486
        1.371099948883057
   3.865000009536743E-001
        1.369300007820129
   3.770999908447266E-001
       -1.133100032806397
       -1.981899976730347
       -2.650399923324585
  -4.005999863147736E-001
  -5.407999753952026E-001
  -7.473000288009644E-001
  -2.037000060081482E-001
        1.412199974060059
   3.709000051021576E-001
  -2.344000041484833E-001
       -1.011299967765808
  -5.067999958992004E-001
  -1.615000069141388E-001
        2.247200012207031
        3.039799928665161
   7.206000089645386E-001
   2.203000038862228E-001
  -2.533999979496002E-001
       -1.564900040626526
       -1.829599976539612
       -1.693899989128113
       -1.398399949073792
  -2.709000110626221E-001
   3.156999945640564E-001
   3.353999853134155E-001
   6.815999746322632E-001
  -1.607999950647354E-001
   7.893999814987183E-001
  -5.289999842643738E-001
        1.833999991416931
        1.069000005722046
        2.165899991989136
        2.709800004959106
        1.709300041198731
   8.004999756813049E-001
        1.133800029754639
        1.309800028800964
        1.681699991226196
        1.239199995994568
        1.271700024604797
   8.716999888420105E-001
   6.427000164985657E-001
        1.647099971771240
        1.547899961471558
        1.005499958992004
   5.762000083923340E-001
  -6.129000186920166E-001
  -6.110000014305115E-001
   2.797999978065491E-001
   4.914999902248383E-001
   9.142000079154968E-001
        1.006999969482422
        1.499500036239624
        2.736399888992310
        3.519700050354004
        2.623500108718872
        1.531800031661987
        1.409100055694580
   3.896000087261200E-001
  -5.924000144004822E-001
       -2.505300045013428
  -8.866000175476074E-001
  -3.188999891281128E-001
  -7.400000095367432E-001
  -3.612000048160553E-001
       -1.250000000000000
  -1.516000032424927E-001
  -5.225999951362610E-001
   3.416000008583069E-001
   7.379999756813049E-001
   4.038999974727631E-001
  -8.621000051498413E-001
   6.468999981880188E-001
        2.195699930191040
        1.401200056076050
        1.106799960136414
        1.597800016403198
  -1.425999999046326E-001
  -1.137999966740608E-001
       -1.461199998855591
  -3.467000126838684E-001
        1.238299965858460
   7.854999899864197E-001
        1.106500029563904
        2.313299894332886
        1.974200010299683
        1.915599942207336
   4.738999903202057E-001
        1.208400011062622
        3.056900024414063
        2.354000091552734
        3.210599899291992
        4.084599971771240
        2.851200103759766
        1.177299976348877
        1.777199983596802
        2.824700117111206
        1.988100051879883
        2.072299957275391
   8.298000097274780E-001
   6.222000122070313E-001
        1.182899951934815
        1.495900034904480
        1.337499976158142
        2.883500099182129
        2.440000057220459
        2.821099996566773
   5.550000071525574E-001
   2.090000063180924E-001
   1.722999960184097E-001
        1.901700019836426
   4.717999994754791E-001
  -2.772000133991242E-001
        1.963299989700317
        2.802000045776367
        2.621000051498413
        1.399899959564209
       -1.190299987792969
       -1.083999991416931
  -1.169999986886978E-001
  -4.018000066280365E-001
  -5.734999775886536E-001
   8.005999922752380E-001
  -3.458000123500824E-001
   2.666999995708466E-001
        2.364500045776367
        1.685500025749207
   6.661999821662903E-001
  -2.621999979019165E-001
       -1.092100024223328
  -1.190000027418137E-002
       -1.157699942588806
   3.143999874591827E-001
  -4.345000088214874E-001
        1.860900044441223
   9.393000006675720E-001
   3.397000133991242E-001
   3.352999985218048E-001
  -4.399999976158142E-003
  -7.348999977111816E-001
        1.245300054550171
        1.316499948501587
        1.929299950599670
        1.811300039291382
        2.882499933242798
        2.216000080108643
        2.302900075912476
        2.703500032424927
        1.720299959182739
        2.959000110626221
        2.553499937057495
        2.978199958801270
        4.703400135040283
        5.377600193023682
        3.936100006103516
        3.253900051116943
        2.474400043487549
        2.153000116348267
        2.111000061035156
   9.929999709129334E-001
        1.381299972534180
        1.516499996185303
        1.442800045013428
        1.303099989891052
        2.617399930953980
        3.205600023269653
        2.540699958801270
        1.149000048637390
  -1.973000019788742E-001
   7.950000166893005E-001
   6.937000155448914E-001
  -3.592000007629395E-001
  -8.206999897956848E-001
  -5.820000171661377E-002
   8.906000256538391E-001
   6.987000107765198E-001
   1.216000020503998E-001
  -4.920000135898590E-001
       -2.162800073623657
       -1.352300047874451
       -2.002300024032593
       -2.210000038146973
  -6.613000035285950E-001
  -2.786000072956085E-001
  -4.519000053405762E-001
        1.222900032997131
        1.000399947166443
   1.979999989271164E-002
   9.721999764442444E-001
   8.756999969482422E-001
        1.546900033950806
   8.291000127792358E-001
        1.358500003814697
   5.626999735832214E-001
        1.167500019073486
        1.142500042915344
   1.950999945402145E-001
        1.773399949073792
        1.505499958992004
  -3.826999962329865E-001
   6.330000162124634E-001
        2.172899961471558
        1.934499979019165
        1.636500000953674
        1.768700003623962
        2.760900020599365
        3.875499963760376
        2.249500036239624
        2.647399902343750
        3.929899930953980
        4.764599800109863
        3.698999881744385
        4.699100017547607
        4.741700172424316
        4.622099876403809
        3.259599924087524
        2.042200088500977
        2.271300077438355
        1.246500015258789
   9.496999979019165E-001
   2.673999965190888E-001
        1.822199940681458
   9.312000274658203E-001
        2.806299924850464
        3.972100019454956
        3.040999889373779
        2.959000110626221
        2.031599998474121
  -5.094000101089478E-001
   8.640999794006348E-001
  -3.294000029563904E-001
       -1.250399947166443
       -3.283499956130981
       -2.034499883651733
       -1.485599994659424
  -6.078000068664551E-001
       -1.250699996948242
       -1.084200024604797
       -1.304499983787537
  -4.487000107765198E-001
       -1.588600039482117
       -3.530100107192993
       -2.030800104141235
  -9.170000255107880E-002
   2.377000004053116E-001
   9.664999842643738E-001
   8.941000103950501E-001
   8.877000212669373E-001
   4.539000093936920E-001
   3.476000130176544E-001
  -1.036999970674515E-001
        1.111600041389465
        1.193400025367737
        1.731299996376038
   2.407999932765961E-001
  -1.322000026702881E-001
   8.651999831199646E-001
        1.080000042915344
        1.240000009536743
  -1.366000026464462E-001
   4.011999964714050E-001
        1.582900047302246
   6.230999827384949E-001
        1.820399999618530
        3.101000070571899
        3.143599987030029
        2.298599958419800
   4.320999979972839E-001
   5.475000143051148E-001
        1.797000050544739
        2.660700082778931
        2.669199943542481
        4.267099857330322
        4.526800155639648
        4.968599796295166
        2.940999984741211
        2.151999950408936
        1.968600034713745
        3.148600101470947
        1.166499972343445
        1.148100018501282
        1.911999940872192
        2.694900035858154
        3.915199995040894
        4.560699939727783
        3.615000009536743
        3.168400049209595
   5.710999965667725E-001
   1.879000067710877E-001
   2.649999968707562E-002
  -7.465999722480774E-001
       -2.517199993133545
       -2.778700113296509
       -1.588799953460693
       -3.110500097274780
  -7.562999725341797E-001
       -1.938899993896484
  -3.195999860763550E-001
  -4.393999874591827E-001
       -1.356699943542481
       -1.367499947547913
  -3.585999906063080E-001
  -3.531999886035919E-001
  -8.076999783515930E-001
       -1.162600040435791
  -7.398999929428101E-001
   6.388999819755554E-001
   9.886000156402588E-001
        1.309299945831299
   5.170000195503235E-001
   8.698999881744385E-001
        2.054800033569336
        1.183699965476990
        1.170799970626831
   2.463999986648560E-001
  -8.709999918937683E-002
   3.959000110626221E-001
   9.300000220537186E-002
        1.522400021553040
   6.886000037193298E-001
  -5.318999886512756E-001
   5.719000101089478E-001
   6.834999918937683E-001
        1.096400022506714
        1.319800019264221
        2.741499900817871
        1.429700016975403
   8.009999990463257E-001
   2.335000038146973E-001
   9.175000190734863E-001
   9.569000005722046E-001
        2.860500097274780
        4.510399818420410
        4.413300037384033
        3.776599884033203
        3.792599916458130
        4.495200157165527
        2.728100061416626
        3.855400085449219
        2.151200056076050
        2.494899988174439
        3.878900051116943
        3.081599950790405
        3.134700059890747
        4.382100105285645
        3.461999893188477
        2.808199882507324
        2.055200099945068
  -7.850000262260437E-002
   1.058999970555306E-001
  -6.172999739646912E-001
       -1.491000056266785
       -3.156100034713745
       -1.937299966812134
       -2.276400089263916
       -2.892400026321411
       -1.188899993896484
   6.369999796152115E-002
   7.594000101089478E-001
       -1.113800048828125
  -9.900000095367432E-001
  -6.320999860763550E-001
  -2.005999982357025E-001
  -4.110000133514404E-001
       -1.102599978446960
       -1.325700044631958
  -4.153999984264374E-001
       -1.014700055122376
        1.679700016975403
        1.472900032997131
        2.150199890136719
   6.557000279426575E-001
   4.444000124931335E-001
   8.331999778747559E-001
        1.211699962615967
  -2.976999878883362E-001
       -1.213199973106384
  -5.073999762535095E-001
   5.299999937415123E-002
        1.115499973297119
   7.560999989509583E-001
        1.894899964332581
   9.011999964714050E-001
   7.343000173568726E-001
  -3.579999879002571E-002
  -5.845000147819519E-001
  -4.095000028610230E-001
  -6.322000026702881E-001
   8.098000288009644E-001
        1.245100021362305
        1.417600035667419
        2.645200014114380
        3.366100072860718
        4.197899818420410
        4.538099765777588
        3.630399942398071
        3.375000000000000
        2.510200023651123
        2.585400104522705
        2.905499935150147
        3.319000005722046
        3.279700040817261
        3.845499992370606
        3.896199941635132
        3.998899936676025
        2.845200061798096
   6.800000071525574E-001
        1.144299983978272
   6.693999767303467E-001
        1.129099965095520
       -1.050600051879883
       -1.010300040245056
       -1.624400019645691
       -1.931200027465820
       -2.911499977111816
       -2.556400060653687
  -1.351999938488007E-001
  -6.120000034570694E-002
       -1.095900058746338
   3.650999963283539E-001
  -4.113000035285950E-001
       -1.364300012588501
       -1.207000017166138
   1.916999965906143E-001
   5.418999791145325E-001
  -7.949999719858170E-002
       -2.056799888610840
       -1.106199979782105
        1.483700037002564
        1.360900044441223
        1.679700016975403
        1.588899970054627
        1.847699999809265
  -1.757999956607819E-001
   1.054000034928322E-001
   9.619999676942825E-002
   5.345000028610230E-001
  -3.102999925613403E-001
        1.148100018501282
   2.300000004470348E-002
   2.827000021934509E-001
        1.374899983406067
   1.648000031709671E-001
  -1.582999974489212E-001
   2.149000018835068E-001
       -1.207399964332581
       -1.756999969482422
  -6.304000020027161E-001
        1.294899940490723
        2.456899881362915
        1.761999964714050
        3.190999984741211
        2.438499927520752
        3.199500083923340
        1.882300019264221
   7.585999965667725E-001
        1.747599959373474
        2.353499889373779
        2.816499948501587
        2.320600032806397
        2.477499961853027
        3.612799882888794
        4.300399780273438
        3.453399896621704
        4.524700164794922
        2.842200040817261
   3.533999919891357E-001
   9.844999909400940E-001
   7.677000164985657E-001
  -5.701000094413757E-001
  -1.957000046968460E-001
       -1.288499951362610
       -1.585600018501282
       -1.784600019454956
       -2.523799896240234
       -1.780900001525879
   3.905999958515167E-001
  -3.059000074863434E-001
  -8.510000109672546E-001
  -6.748999953269959E-001
  -3.481999933719635E-001
  -1.420000009238720E-002
       -1.151800036430359
   6.899999827146530E-002
  -7.544000148773193E-001
        1.348199963569641
  -8.658999800682068E-001
  -1.377000063657761E-001
   7.601000070571899E-001
        1.710800051689148
        1.228399991989136
        1.685700058937073
   4.564000070095062E-001
  -5.622000098228455E-001
  -3.450999855995178E-001
   3.892000019550324E-001
   6.884999871253967E-001
   6.600000262260437E-001
        1.007200002670288
   1.568000018596649E-001
   6.116999983787537E-001
   2.337999939918518E-001
        1.100299954414368
  -2.700999975204468E-001
  -7.519999891519547E-002
   1.617999970912933E-001
  -3.574999868869782E-001
   5.593000054359436E-001
        1.255900025367737
        1.887199997901917
        2.123300075531006
        1.969300031661987
        2.662600040435791
        1.467599987983704
        1.254299998283386
   2.114000022411346E-001
        1.154299974441528
        2.268100023269653
        2.679600000381470
        2.974299907684326
        3.677599906921387
        3.435600042343140
        4.628600120544434
        2.917900085449219
        3.656199932098389
        3.204499959945679
        2.363800048828125
        2.163199901580811
   9.401000142097473E-001
  -7.766000032424927E-001
  -1.564999967813492E-001
  -7.565000057220459E-001
       -1.945799946784973
       -1.533200025558472
       -1.512599945068359
       -1.274299979209900
  -4.440000057220459E-001
  -1.322000026702881E-001
  -1.636999994516373E-001
       -1.577000021934509
       -1.317899942398071
       -2.095000028610230
       -1.168900012969971
       -1.206599950790405
   4.975000023841858E-001
  -1.775999963283539E-001
  -9.886000156402588E-001
  -3.661000132560730E-001
        1.208600044250488
        1.742900013923645
        1.272199988365173
  -2.980000078678131E-001
  -5.942999720573425E-001
   2.585000097751617E-001
        1.269299983978272
   1.625999957323074E-001
   8.741000294685364E-001
   4.427999854087830E-001
        1.577600002288818
  -1.930000036954880E-001
  -5.259000062942505E-001
  -1.422999948263168E-001
   8.159999847412109E-001
   2.581000030040741E-001
   9.131000041961670E-001
   7.127000093460083E-001
   8.384000062942505E-001
        1.581099987030029
        1.447800040245056
   9.337999820709229E-001
   8.460000157356262E-001
        1.282899975776672
        2.119299888610840
   7.894999980926514E-001
   5.842000246047974E-001
   6.870000064373016E-002
   4.411999881267548E-001
        1.727900028228760
        1.747300028800964
        2.738800048828125
        3.905400037765503
        3.786000013351440
        4.101399898529053
        3.715100049972534
        3.590399980545044
        3.350500106811523
        4.227000236511231
        4.176899909973145
   3.129999935626984E-001
  -7.792999744415283E-001
        1.975999951362610
   3.510000109672546E-001
  -8.184999823570252E-001
       -1.289000034332275
       -2.986700057983398
       -2.674400091171265
  -8.910999894142151E-001
       -1.031200051307678
       -1.940099954605103
       -1.177899956703186
       -2.696500062942505
       -2.319999933242798
       -1.783900022506714
   1.360000018030405E-002
  -3.860000148415566E-002
  -6.334999799728394E-001
       -2.224900007247925
  -9.301999807357788E-001
  -2.522999942302704E-001
   5.557000041007996E-001
   8.137999773025513E-001
       -1.135100007057190
       -1.370000004768372
  -6.233000159263611E-001
       -1.102200031280518
  -1.779999956488609E-002
  -1.254000067710877E-001
  -4.217000007629395E-001
   8.040000200271606E-001
   7.299000024795532E-001
        2.396800041198731
        1.471099972724915
        1.528200030326843
        1.424499988555908
   7.922000288963318E-001
        1.852900028228760
        1.209200024604797
  -3.640000149607658E-002
  -1.983000040054321E-001
   6.881999969482422E-001
   4.711000025272369E-001
   4.523999989032745E-001
   4.415000081062317E-001
  -3.212999999523163E-001
  -5.420000106096268E-002
       -1.295300006866455
       -1.667600035667419
        1.338500022888184
        2.679300069808960
        2.736599922180176
        2.923899888992310
        3.447200059890747
        2.991699934005737
        3.795900106430054
        4.493999958038330
        4.067900180816650
        4.247700214385986
        3.910200119018555
  -2.490999996662140E-001
   2.339999973773956E-001
   7.861999869346619E-001
  -1.889999955892563E-002
       -2.150700092315674
       -3.050600051879883
       -3.920799970626831
       -3.523799896240234
       -1.896600008010864
  -9.099000096321106E-001
       -1.643599987030029
       -2.154500007629395
       -2.241300106048584
       -2.003799915313721
       -2.454999923706055
       -1.267899990081787
   5.738000273704529E-001
   2.736000120639801E-001
       -1.670300006866455
       -1.498800039291382
  -4.619999974966049E-002
  -1.238000020384789E-001
   2.273000031709671E-001
   7.880000025033951E-002
       -1.589599967002869
       -1.242599964141846
       -1.565500020980835
       -2.547300100326538
  -6.147999763488770E-001
  -2.930999994277954E-001
   7.192999720573425E-001
        1.463000059127808
        2.863399982452393
        1.593099951744080
   6.195999979972839E-001
   2.162999957799912E-001
        1.190999984741211
        1.760100007057190
   3.680000007152557E-001
  -2.669999897480011E-001
  -5.164999961853027E-001
   5.084000229835510E-001
       -1.097100019454956
       -1.405400037765503
   3.253000080585480E-001
        1.327100038528442
  -4.199000000953674E-001
   3.649999946355820E-002
  -6.574000120162964E-001
   2.757000029087067E-001
   5.697000026702881E-001
   5.084999799728394E-001
        1.384400010108948
        1.408800005912781
        2.831700086593628
        2.954999923706055
        4.288700103759766
        4.269700050354004
        3.491699934005737
        2.717499971389771
  -1.289999932050705E-001
  -6.621000170707703E-001
  -6.474999785423279E-001
  -4.282999932765961E-001
       -1.290099978446960
       -1.160300016403198
       -2.110100030899048
       -1.185099959373474
  -5.022000074386597E-001
   6.689000129699707E-001
   3.190999925136566E-001
  -9.556000232696533E-001
       -2.463200092315674
       -2.612400054931641
       -3.088999986648560
       -2.010200023651123
       -1.284500002861023
       -1.981500029563904
       -3.005300045013428
       -2.478600025177002
       -1.089400053024292
       -1.002200007438660
  -8.001999855041504E-001
       -1.119199991226196
  -8.133999705314636E-001
       -1.972200036048889
       -2.421400070190430
       -1.601199984550476
       -1.870399951934815
  -2.572999894618988E-001
   6.783000230789185E-001
        2.443300008773804
        2.037899971008301
        2.255800008773804
        1.562299966812134
   9.908000230789185E-001
   6.291000247001648E-001
        1.628600001335144
  -8.165000081062317E-001
       -2.177900075912476
  -9.172999858856201E-001
       -2.071599960327148
       -1.970900058746338
       -1.896700024604797
       -1.238800048828125
  -2.493000030517578E-001
   4.675999879837036E-001
  -1.835000067949295E-001
  -1.242000013589859E-001
   6.732000112533569E-001
   2.421000003814697E-001
   7.773000001907349E-001
        1.114799976348877
  -1.230000033974648E-001
        2.283799886703491
        3.657000064849854
        4.320199966430664
        5.035200119018555
        4.581099987030029
        2.266999959945679
  -8.319000005722046E-001
  -8.047000169754028E-001
  -9.228000044822693E-001
        1.357900023460388
  -1.089999973773956E-001
       -1.261999964714050
  -2.791000008583069E-001
       -1.163800001144409
   8.090999722480774E-001
        1.239899992942810
        1.000800013542175
       -1.940199971199036
       -2.521300077438355
       -2.733099937438965
       -3.813600063323975
       -1.849099993705750
       -1.536700010299683
       -1.218700051307678
       -1.621199965476990
       -1.627200007438660
  -7.343000173568726E-001
       -1.721099972724915
       -1.722699999809265
       -1.180799961090088
       -1.646499991416931
       -1.867100000381470
       -2.012099981307983
       -2.217299938201904
       -1.363600015640259
  -8.123999834060669E-001
   3.655000030994415E-001
        1.317700028419495
        1.247499942779541
        2.305399894714356
        1.353600025177002
        1.353299975395203
   9.463000297546387E-001
   3.497000038623810E-001
       -1.184599995613098
       -1.083099961280823
       -1.835700035095215
       -1.942100048065186
       -2.600600004196167
       -2.482399940490723
       -3.191099882125855
       -1.223399996757507
  -8.593000173568726E-001
       -2.106899976730347
       -1.273000001907349
   3.670000135898590E-001
   2.998000085353851E-001
   5.055999755859375E-001
   3.483999967575073E-001
   5.759999901056290E-002
        1.653100013732910
        2.826699972152710
        4.036699771881104
        3.959199905395508
        3.562000036239624
        2.135799884796143
       -1.088700056076050
   6.759999692440033E-002
   7.003999948501587E-001
        2.596100091934204
        1.897300004959106
   4.857999980449677E-001
  -5.052000284194946E-001
  -4.984000027179718E-001
  -4.330999851226807E-001
   7.186999917030335E-001
   9.742000102996826E-001
  -2.258999943733215E-001
       -1.413200020790100
       -1.679600000381470
       -1.702999949455261
       -2.140000104904175
       -2.149600028991699
       -1.683899998664856
       -1.511100053787231
       -1.836599946022034
       -1.599900007247925
  -7.827000021934509E-001
  -6.988999843597412E-001
  -2.452999949455261E-001
  -5.090000033378601E-001
       -1.113999962806702
  -9.552000164985657E-001
       -1.457599997520447
  -3.971999883651733E-001
  -7.276999950408936E-001
   7.615000009536743E-001
   9.283000230789185E-001
        1.257699966430664
        1.028100013732910
        1.002400040626526
   4.338999986648560E-001
   9.679999947547913E-002
   9.010999798774719E-001
  -4.526999890804291E-001
       -2.151499986648560
       -2.548000097274780
       -1.567600011825562
       -3.520999908447266
       -3.398900032043457
       -4.210700035095215
       -2.454799890518189
       -1.840499997138977
  -7.046999931335449E-001
  -1.571000069379807E-001
  -7.129999995231628E-001
  -4.366999864578247E-001
  -4.120000079274178E-002
   8.508999943733215E-001
   9.880999922752380E-001
        2.256900072097778
        2.893699884414673
        2.883599996566773
        2.962599992752075
        1.586599946022034
        3.105200052261353
  -1.864999979734421E-001
   8.205000162124634E-001
        1.321499943733215
        2.623800039291382
        2.023600101470947
   9.738000035285950E-001
        1.281999945640564
       -1.018800020217896
   2.417999953031540E-001
        3.571300029754639
        2.191499948501587
   6.179000139236450E-001
  -8.769999742507935E-001
   1.509000062942505E-001
       -1.435799956321716
       -1.050999999046326
       -1.277500033378601
  -9.448000192642212E-001
       -1.602499961853027
       -1.145599961280823
       -2.680700063705444
   2.231999933719635E-001
  -3.521000146865845E-001
        1.357399940490723
        1.482599973678589
   2.694999873638153E-001
       -2.407700061798096
  -5.788999795913696E-001
  -8.084999918937683E-001
  -4.237999916076660E-001
  -4.537000060081482E-001
   7.276999950408936E-001
        1.604099988937378
   5.871999859809876E-001
  -9.337000250816345E-001
   2.343000024557114E-001
  -3.133000135421753E-001
   9.883999824523926E-001
       -1.532199978828430
       -1.674399971961975
       -2.304500102996826
       -1.702399969100952
       -1.818099975585938
       -3.482199907302856
       -3.511800050735474
       -1.732599973678589
  -2.274000048637390E-001
        1.409100055694580
        1.335999965667725
  -1.403000056743622E-001
  -5.494999885559082E-001
   4.814999997615814E-001
        1.406399965286255
   7.681000232696533E-001
        1.973099946975708
        1.877400040626526
        2.668999910354614
        1.779000043869019
        1.082000017166138
   6.087999939918518E-001
        1.277300000190735
        2.086400032043457
        2.261199951171875
        2.350399971008301
        3.872200012207031
        1.260699987411499
   6.400000303983688E-002
  -1.279000043869019E-001
  -3.716999888420105E-001
        3.391499996185303
        2.006299972534180
        2.150599956512451
        2.188299894332886
   3.840000182390213E-002
  -7.451000213623047E-001
  -5.590999722480774E-001
   4.758999943733215E-001
  -8.824999928474426E-001
   2.509000003337860E-001
       -1.379699945449829
  -6.667000055313110E-001
  -8.497999906539917E-001
  -1.057000011205673E-001
        1.361899971961975
        2.167200088500977
        1.475700020790100
  -8.644000291824341E-001
  -7.906000018119812E-001
  -1.376000046730042E-001
   8.658000230789185E-001
   6.740000247955322E-001
  -3.928000032901764E-001
   2.809000015258789E-001
   5.940999984741211E-001
   3.440000116825104E-001
   4.905999898910523E-001
        1.058300018310547
   1.523000001907349E-001
       -1.332900047302246
       -2.599900007247925
       -2.481100082397461
  -6.661999821662903E-001
  -9.664000272750855E-001
       -2.189899921417236
       -1.993899941444397
       -1.369099974632263
  -6.545000076293945E-001
   2.777999937534332E-001
        1.223099946975708
        1.102200031280518
   6.881999969482422E-001
  -2.019000053405762E-001
  -9.143000245094299E-001
        1.088099956512451
       -1.113899946212769
  -7.560999989509583E-001
        2.155800104141235
   4.541000127792358E-001
       -1.220700025558472
  -2.044000029563904E-001
        1.176900029182434
        2.365499973297119
        2.542299985885620
        2.500299930572510
        1.933400034904480
   9.070000052452087E-001
        1.022799968719482
        1.107599973678589
        1.565500020980835
        1.764799952507019
        1.059700012207031
        2.438299894332886
        1.123800039291382
   9.458000063896179E-001
   3.704999983310700E-001
        1.025099992752075
        1.865599989891052
        1.383499979972839
   1.599999959580600E-003
   1.428000032901764E-001
  -8.957999944686890E-001
       -1.072900056838989
  -5.400000140070915E-002
   7.268000245094299E-001
   7.899000048637390E-001
   7.584999799728394E-001
       -1.526100039482117
  -8.888000249862671E-001
  -2.160000056028366E-002
  -5.566999912261963E-001
  -8.150000125169754E-002
       -1.020099997520447
   9.059999883174896E-002
   6.868000030517578E-001
  -8.470000326633453E-002
   4.828999936580658E-001
   1.565999984741211E-001
        1.488999962806702
   2.500999867916107E-001
       -1.382500052452087
       -2.857599973678589
  -7.577000260353088E-001
   1.921000033617020E-001
  -5.070000141859055E-002
  -6.111999750137329E-001
  -7.333999872207642E-001
       -1.605100035667419
       -1.760599970817566
   9.799000024795532E-001
        1.079599976539612
  -4.360000044107437E-002
        1.043200016021729
  -2.869999967515469E-002
  -3.345000147819519E-001
  -7.559000253677368E-001
       -1.286999940872192
  -8.586000204086304E-001
  -8.930000066757202E-001
  -4.568000137805939E-001
  -4.823000133037567E-001
  -6.718000173568726E-001
        1.328899979591370
        1.664700031280518
        2.478100061416626
   1.230000033974648E-001
        2.469399929046631
        2.203299999237061
        1.525300025939941
        1.937800049781799
        1.243700027465820
        1.592200040817261
        2.533299922943115
        1.205299973487854
        1.034399986267090
        1.272899985313416
        2.496999979019165
        2.974100112915039
  -1.931000053882599E-001
   6.295999884605408E-001
  -8.705000281333923E-001
       -1.091899991035461
       -1.703899979591370
   4.248000085353851E-001
        1.095299959182739
        2.257600069046021
   2.421000003814697E-001
       -1.403300046920776
   8.116999864578247E-001
  -1.306000053882599E-001
       -1.065000057220459
  -9.812999963760376E-001
  -3.206000030040741E-001
   2.989999949932098E-002
       -1.116999983787537
   8.956999778747559E-001
   7.398999929428101E-001
       -1.384899973869324
   3.398999869823456E-001
   1.190000027418137E-001
   1.987999975681305E-001
       -1.417899966239929
  -8.919000029563904E-001
   3.837000131607056E-001
        1.157699942588806
        1.134799957275391
   5.360000133514404E-001
  -2.409999966621399E-001
  -5.437999963760376E-001
  -3.612999916076660E-001
  -7.498000264167786E-001
        1.675999999046326
        1.701900005340576
        1.090999960899353
  -3.012999892234802E-001
  -7.714999914169312E-001
  -4.657999873161316E-001
       -2.702600002288818
  -3.817999958992004E-001
  -3.257000148296356E-001
   1.791999936103821E-001
        1.166800022125244
        2.127700090408325
        1.979599952697754
        2.343499898910523
        2.805000066757202
        1.632699966430664
        3.293800115585327
        3.212500095367432
        1.688199996948242
        1.231500029563904
        1.656900048255920
   8.866000175476074E-001
   9.549999833106995E-001
   2.266000062227249E-001
   8.988999724388123E-001
        1.119699954986572
        2.473200082778931
   8.718000054359436E-001
   8.719999790191650E-001
  -3.768999874591827E-001
  -8.565000295639038E-001
  -6.603000164031982E-001
  -2.788999974727631E-001
  -3.497000038623810E-001
       -1.305299997329712
   4.828999936580658E-001
  -8.762999773025513E-001
       -1.203600049018860
  -4.767000079154968E-001
       -1.528399944305420
   4.796999990940094E-001
       -1.919999957084656
   2.030000090599060E-002
       -1.131999969482422
  -7.591000199317932E-001
   4.151999950408936E-001
  -6.924999952316284E-001
  -3.610999882221222E-001
   2.533999979496002E-001
        1.457399964332581
   3.614999949932098E-001
   6.236000061035156E-001
   2.655000090599060E-001
        1.111400008201599
        1.446099996566773
        2.090899944305420
        2.173199892044067
   7.590000033378601E-001
        1.162600040435791
  -2.669999934732914E-002
   2.090999931097031E-001
   6.606000065803528E-001
   3.097999989986420E-001
   1.159000024199486E-001
  -9.781000018119812E-001
       -1.239300012588501
       -1.444599986076355
  -8.022000193595886E-001
  -9.998999834060669E-001
       -1.469900012016296
        1.462700009346008
        2.848799943923950
        2.065299987792969
        1.474300026893616
        1.787999987602234
        1.429800033569336
        2.309999942779541
        2.608099937438965
        1.779999971389771
        1.534199953079224
   8.061000108718872E-001
        1.369799971580505
  -1.300999969244003E-001
   4.160000085830689E-001
   7.911000251770020E-001
   7.026000022888184E-001
        1.242599964141846
        1.103800058364868
        1.569200038909912
   6.294999718666077E-001
   4.656000137329102E-001
  -4.879999905824661E-002
   1.738000065088272E-001
   3.907999992370606E-001
  -6.704000234603882E-001
  -1.421999931335449E-001
       -1.552700042724609
       -1.595399975776672
       -1.617100000381470
       -2.630199909210205
       -1.141100049018860
   1.132000014185906E-001
   1.609999984502792E-001
   2.416000068187714E-001
  -7.111999988555908E-001
       -1.154600024223328
   2.659999951720238E-002
   4.100000113248825E-002
   9.873999953269959E-001
        1.841599941253662
        2.110100030899048
        1.781000018119812
        1.814000010490418
        2.895299911499023
        3.051899909973145
        2.969399929046631
        3.389899969100952
        1.411299943923950
        1.470700025558472
   3.273999989032745E-001
  -5.162000060081482E-001
   8.934000134468079E-001
        1.351999998092651
   2.978000044822693E-001
   9.442999958992004E-001
  -2.338999956846237E-001
  -9.083999991416931E-001
  -4.706000089645386E-001
  -8.460999727249146E-001
   8.270000219345093E-001
        2.121799945831299
        2.386199951171875
        3.104500055313110
        2.428100109100342
        1.187999963760376
        1.251399993896484
        2.062099933624268
        1.858899950981140
  -1.176000013947487E-001
   7.635999917984009E-001
        1.226999998092651
        2.670399904251099
   8.493000268936157E-001
   6.067000031471252E-001
  -5.397999882698059E-001
  -5.401999950408936E-001
  -1.404999941587448E-001
   8.781999945640564E-001
   3.901999890804291E-001
       -1.402400016784668
  -1.961999982595444E-001
  -9.021000266075134E-001
   7.703999876976013E-001
   8.996999859809876E-001
  -9.200000017881393E-002
   3.675000071525574E-001
  -9.646000266075134E-001
       -1.248000025749207
       -1.459599971771240
       -1.186200022697449
       -1.205100059509277
  -9.240999817848206E-001
  -7.595000267028809E-001
   3.594000041484833E-001
  -6.972000002861023E-001
  -4.736000001430512E-001
  -1.208000034093857E-001
   8.499000072479248E-001
   5.713999867439270E-001
        2.494600057601929
        1.902600049972534
        2.480600118637085
        3.625600099563599
        3.866199970245361
        2.914400100708008
        1.819700002670288
        2.006599903106690
        1.207999944686890
   5.105000138282776E-001
   1.498000025749207E-001
  -5.439000129699707E-001
  -1.640000008046627E-002
   5.246000289916992E-001
   3.542999923229218E-001
   7.908999919891357E-001
       -1.700999975204468
  -1.424999982118607E-001
   3.249999880790710E-002
   7.615000009536743E-001
        1.078199982643127
        3.416800022125244
        2.895600080490112
        2.538700103759766
        1.581400036811829
        2.340899944305420
        2.020900011062622
        2.082900047302246
        1.212499976158142
        1.666900038719177
        1.151700019836426
        1.361600041389465
        2.235100030899048
   5.960000157356262E-001
       -1.320999979972839
        1.359500050544739
   5.008999705314636E-001
  -5.231000185012817E-001
   9.031999707221985E-001
  -8.399999700486660E-003
       -1.164399981498718
  -8.986999988555908E-001
   3.045000135898590E-001
   1.263000071048737E-001
   8.398000001907349E-001
   4.302000105381012E-001
   6.513000130653381E-001
  -6.466000080108643E-001
       -1.300899982452393
  -8.131999969482422E-001
   4.814000129699707E-001
  -8.334000110626221E-001
   8.216999769210815E-001
   2.605000138282776E-001
   1.832000017166138E-001
       -1.012400031089783
  -9.200000166893005E-001
  -7.667999863624573E-001
   7.164999842643738E-001
        1.324900031089783
        1.882200002670288
        1.597100019454956
        2.085900068283081
        3.321199893951416
        3.629100084304810
        3.270400047302246
        1.391299962997437
        2.604000091552734
        1.959100008010864
        1.817999958992004
   4.550999999046326E-001
  -6.840000152587891E-001
       -2.073699951171875
       -1.387400031089783
       -1.226500034332275
       -1.217499971389771
       -1.277300000190735
   7.724999785423279E-001
        1.599099993705750
   6.629999876022339E-001
        2.052500009536743
        3.018399953842163
        2.977699995040894
        2.510900020599365
        1.042500019073486
        3.007100105285645
        2.753299951553345
        3.881000041961670
        2.176399946212769
        2.016200065612793
        1.194900035858154
   4.717000126838684E-001
   4.875999987125397E-001
   3.217000067234039E-001
   7.994999885559082E-001
   8.023999929428101E-001
  -1.218999996781349E-001
   2.215999960899353E-001
  -3.470000028610230E-001
  -2.935000061988831E-001
   2.621000111103058E-001
  -3.874999880790710E-001
  -7.167999744415283E-001
   8.869000077247620E-001
   3.731999993324280E-001
   3.318000137805939E-001
   1.900999993085861E-001
        1.145300030708313
   7.364000082015991E-001
   4.300000146031380E-003
   1.970999985933304E-001
        1.592700004577637
        1.772099971771240
   9.311000108718872E-001
        1.734599947929382
   4.986000061035156E-001
       -1.855200052261353
       -1.938400030136108
  -4.095999896526337E-001
   4.431999921798706E-001
        3.373199939727783
        2.138999938964844
        2.340800046920776
        2.793499946594238
        3.449800014495850
        4.610599994659424
        2.375499963760376
   7.246000170707703E-001
   7.422999739646912E-001
   2.159000039100647E-001
  -8.041999936103821E-001
       -1.590700030326843
       -2.319099903106690
       -2.145200014114380
       -2.028599977493286
  -9.265999794006348E-001
  -7.479999959468842E-002
        1.209800004959106
   9.132000207901001E-001
  -9.815000295639038E-001
   4.557999968528748E-001
        1.976600050926209
        1.350000023841858
  -1.984000056982040E-001
   3.995999991893768E-001
        2.916699886322022
        2.496500015258789
        2.807399988174439
        2.910300016403198
        1.360100030899048
   3.926999866962433E-001
  -2.098000049591065E-001
   5.594999790191650E-001
   3.055000007152557E-001
        1.660300016403198
        1.861099958419800
       -1.822499990463257
  -3.009000122547150E-001
  -8.395000100135803E-001
  -4.546000063419342E-001
  -4.720000177621841E-002
  -8.829999715089798E-002
   4.447000026702881E-001
  -5.999000072479248E-001
   7.729999721050263E-002
  -2.786000072956085E-001
  -8.111000061035156E-001
  -5.884000062942505E-001
   4.912999868392944E-001
  -2.344000041484833E-001
   7.098000049591065E-001
        1.961300015449524
        1.655900001525879
        1.545199990272522
        1.033400058746338
  -8.126999735832214E-001
       -1.441799998283386
       -2.213900089263916
       -1.024600028991699
        1.030200004577637
        1.710999965667725
        1.837399959564209
        2.738399982452393
        2.604199886322022
        2.145299911499023
        3.329600095748901
        1.460999965667725
   8.245999813079834E-001
   4.442000091075897E-001
   4.742000102996826E-001
  -7.067999839782715E-001
  -6.614999771118164E-001
       -1.102100014686585
       -3.232199907302856
       -2.398099899291992
       -1.263000011444092
       -1.578400015830994
  -8.148999810218811E-001
   1.212999969720841E-001
   7.814000248908997E-001
   3.765999972820282E-001
        1.167500019073486
   2.190000005066395E-002
  -6.115000247955322E-001
  -2.904999852180481E-001
   2.305999994277954E-001
  -2.696999907493591E-001
        2.882600069046021
   9.350000023841858E-001
   6.518999934196472E-001
  -1.467999964952469E-001
   1.809999942779541E-001
        1.010800004005432
        1.032400012016296
        1.181599974632263
   9.765999913215637E-001
   7.320000231266022E-002
   2.441000044345856E-001
  -7.100000232458115E-002
   8.805999755859375E-001
  -6.319999694824219E-002
  -6.553000211715698E-001
       -1.198600053787231
  -1.612000018358231E-001
  -3.075999915599823E-001
       -1.496000051498413
  -5.893999934196472E-001
  -3.136000037193298E-001
   4.031000137329102E-001
   5.527999997138977E-001
   6.150000095367432E-001
        1.106500029563904
        2.752899885177612
        1.647400021553040
        1.690000057220459
   3.862999975681305E-001
       -1.929000020027161
       -1.700199961662293
       -1.233199954032898
  -3.091000020503998E-001
   4.693999886512756E-001
        2.789999961853027
        1.919299960136414
        2.398000001907349
        1.172799944877625
        1.117300033569336
        1.596300005912781
   4.179999977350235E-002
   6.068999767303467E-001
  -2.135999947786331E-001
  -7.815999984741211E-001
       -1.036299943923950
       -1.154999971389771
  -9.836000204086304E-001
       -1.710600018501282
  -9.843999743461609E-001
   3.169000148773193E-001
   8.585000038146973E-001
   9.919000267982483E-001
        1.360900044441223
        1.175500035285950
        1.779000043869019
   9.072999954223633E-001
   1.775999963283539E-001
  -4.954999983310700E-001
  -7.909999787807465E-002
        1.162999987602234
        2.995800018310547
        1.766000032424927
        1.551699995994568
   1.651999950408936E-001
   6.780999898910523E-001
  -3.621000051498413E-001
        2.125699996948242
        1.757899999618530
        1.714900016784668
        1.638599991798401
        1.274399995803833
        1.316499948501587
   5.429999828338623E-001
  -6.905999779701233E-001
       -1.266199946403503
  -9.078999757766724E-001
  -3.558000028133392E-001
   3.831999897956848E-001
   5.088999867439270E-001
   8.697999715805054E-001
        1.422999978065491
   6.470000147819519E-001
  -7.767000198364258E-001
        1.146000027656555
        1.457200050354004
   5.569999814033508E-001
   5.386999845504761E-001
   7.540000081062317E-001
   2.389999926090241E-001
  -5.911999940872192E-001
  -3.810999989509583E-001
  -7.027999758720398E-001
  -6.805999875068665E-001
   9.207999706268311E-001
        2.073100090026856
        2.397099971771240
        3.949399948120117
   9.527000188827515E-001
        1.191499948501587
        1.380399942398071
  -4.620000123977661E-001
  -5.102000236511231E-001
  -1.511999964714050E-001
       -1.015699982643127
       -1.198400020599365
       -1.649799942970276
       -1.057999968528748
       -1.088000059127808
  -8.083999752998352E-001
        1.669199943542481
        1.324900031089783
        2.628200054168701
        1.774000048637390
        3.218300104141235
        1.291700005531311
   9.965000152587891E-001
   1.949999928474426E-001
  -1.770000010728836E-001
        1.409199953079224
        2.784600019454956
        3.049200057983398
        2.586400032043457
        3.366800069808960
   9.254999756813049E-001
   1.777999997138977E-001
        1.589100003242493
        1.022199988365173
        1.865100026130676
        1.763499975204468
        1.175999999046326
   7.013000249862671E-001
   9.995999932289124E-001
        1.081900000572205
  -4.095000028610230E-001
   3.847000002861023E-001
  -8.619999885559082E-001
   7.684000134468079E-001
   6.358000040054321E-001
        1.860599994659424
        1.503000020980835
        2.611200094223023
   4.072999954223633E-001
        1.118899941444397
   7.498999834060669E-001
        1.348299980163574
   4.056999981403351E-001
   2.186000049114227E-001
        1.855700016021729
        1.766000032424927
        2.120599985122681
   9.024000167846680E-001
   9.296000003814697E-001
        1.125499963760376
        1.837100028991699
        2.283999919891357
        2.476700067520142
        2.927400112152100
   9.459000229835510E-001
   7.335000038146973E-001
   3.669999912381172E-002
   2.102999985218048E-001
  -4.122999906539917E-001
   3.425999879837036E-001
       -2.957200050354004
       -2.519900083541870
       -2.439399957656860
       -3.244199991226196
       -2.957900047302246
       -2.602799892425537
  -8.310999870300293E-001
        2.358599901199341
        2.231600046157837
        2.993000030517578
        2.519900083541870
        2.336499929428101
   9.196000099182129E-001
        1.215000033378601
        1.801699995994568
        2.809799909591675
        3.336100101470947
        2.821199893951416
        2.687900066375732
        2.578700065612793
        1.310999989509583
        1.823699951171875
        1.973799943923950
   1.284999996423721E-001
        1.571699976921082
   9.452000260353088E-001
        2.059499979019165
        1.750000000000000
   1.296000033617020E-001
   3.786000013351440E-001
   6.036999821662903E-001
  -3.154999911785126E-001
  -7.355999946594238E-001
   2.416999936103821E-001
  -6.923000216484070E-001
        2.009900093078613
        1.106699943542481
   3.328999876976013E-001
   4.156999886035919E-001
        1.354400038719177
        1.699100017547607
        1.673300027847290
        1.000499963760376
  -6.236000061035156E-001
        2.257699966430664
   8.392000198364258E-001
   1.826000064611435E-001
        1.250800013542175
   6.790000200271606E-001
        1.151800036430359
        1.380200028419495
        1.654199957847595
        3.089999914169312
        3.278500080108643
        1.435400009155273
   7.850000262260437E-002
  -2.125000059604645E-001
  -4.824000000953674E-001
        1.826599955558777
  -1.860000044107437E-001
  -5.795000195503235E-001
       -2.317800045013428
       -3.439899921417236
       -3.584000110626221
       -3.401499986648560
       -2.374900102615356
  -3.359000086784363E-001
        2.273999929428101
        2.989200115203857
        3.448600053787231
        4.569699764251709
   2.498999983072281E-001
   9.218000173568726E-001
        1.295600056648254
        2.083499908447266
        2.280200004577637
        3.896699905395508
        5.027100086212158
        3.014800071716309
        1.433799982070923
   7.429999709129334E-001
        1.012199997901917
        1.653200030326843
   8.639000058174133E-001
   5.735999941825867E-001
   1.736000031232834E-001
        1.274000048637390
        1.526499986648560
        1.346500039100647
   3.835000097751617E-001
  -5.959999933838844E-002
   2.989000082015991E-001
       -1.337800025939941
  -8.409000039100647E-001
  -9.472000002861023E-001
        1.806200027465820
        1.958400011062622
   7.224000096321106E-001
  -6.486999988555908E-001
        1.054999947547913
        2.049499988555908
        1.535099983215332
        1.871199965476990
        1.866799950599670
        1.842800021171570
   3.210000097751617E-001
  -1.524000018835068E-001
  -6.887999773025513E-001
   4.291999936103821E-001
   1.271000057458878E-001
        2.308799982070923
        1.336199998855591
   1.703000068664551E-001
   5.479999780654907E-001
   1.631000041961670E-001
  -1.252000033855438E-001
       -1.651100039482117
  -4.754999876022339E-001
        1.068500041961670
   5.497999787330627E-001
       -1.038800001144409
       -2.344899892807007
       -2.018500089645386
       -1.743800044059753
       -1.876600027084351
   3.149000108242035E-001
        2.161799907684326
        2.819600105285645
        2.809099912643433
        4.106200218200684
        3.950299978256226
   1.599999964237213E-001
   6.299999952316284E-001
        1.403900027275085
   7.551000118255615E-001
        2.312599897384644
        3.775099992752075
        4.499899864196777
        2.712500095367432
  -1.221000030636787E-001
        1.726199984550476
  -1.657000035047531E-001
       -1.206699967384338
  -6.017000079154968E-001
       -1.570000052452087
       -1.440700054168701
        1.336500048637390
        2.368400096893311
        2.016999959945679
   1.536999940872192E-001
        1.319200038909912
   9.021000266075134E-001
   5.565999746322632E-001
  -5.401999950408936E-001
  -7.189000248908997E-001
   6.524999737739563E-001
        1.294999957084656
   7.322999835014343E-001
        1.331099987030029
   9.901999831199646E-001
   4.433999955654144E-001
       -1.521600008010864
   1.750000007450581E-002
  -5.052999854087830E-001
  -7.260000109672546E-001
       -1.969200015068054
       -2.245300054550171
  -3.752999901771545E-001
  -8.380000293254852E-002
   3.449999913573265E-002
  -4.569999873638153E-002
        1.427700042724609
  -4.639999866485596E-001
  -3.001999855041504E-001
   4.920000135898590E-001
  -7.256000041961670E-001
       -1.027099967002869
       -1.191100001335144
       -1.001500010490418
       -1.620700001716614
       -1.650500059127808
       -1.437199950218201
       -2.229099988937378
       -2.380000114440918
  -9.890000224113464E-001
   7.912999987602234E-001
        3.004600048065186
        3.570899963378906
        4.312900066375732
        5.759099960327148
        5.641799926757813
   4.031000137329102E-001
   7.975000143051148E-001
   5.342000126838684E-001
        2.325000047683716
        1.853800058364868
        3.976500034332275
        2.022099971771240
        1.783300042152405
   9.197000265121460E-001
  -7.148000001907349E-001
  -4.869999885559082E-001
       -2.110399961471558
       -2.721800088882446
       -2.711600065231323
       -1.180899977684021
   7.925999760627747E-001
        2.603499889373779
        1.557700037956238
   2.732999920845032E-001
   7.447999715805054E-001
        1.137300014495850
        1.188300013542175
   2.782000005245209E-001
  -4.873000085353851E-001
  -3.425000011920929E-001
   9.830000251531601E-002
   1.439999975264072E-002
        1.573300004005432
        1.188899993896484
       -1.659000039100647
       -3.238800048828125
       -2.792700052261353
       -1.851199984550476
  -9.167000055313110E-001
       -1.376700043678284
  -9.864000082015991E-001
  -9.618999958038330E-001
   5.319999903440476E-002
   3.136000037193298E-001
  -2.125000059604645E-001
  -6.104000210762024E-001
       -1.428699970245361
  -2.231999933719635E-001
  -9.839999675750732E-002
  -9.139999747276306E-002
       -1.340999960899353
  -6.050999760627747E-001
       -2.478199958801270
       -1.582299947738648
       -1.875200033187866
   4.137000143527985E-001
  -1.680999994277954E-001
  -6.893000006675720E-001
  -1.080000028014183E-001
        1.613800048828125
        2.875200033187866
        4.108399868011475
        6.279399871826172
        7.196100234985352
        7.359600067138672
        1.506600022315979
        1.648699998855591
   9.815999865531921E-001
   4.659999907016754E-002
        1.769899964332581
        3.198499917984009
   5.626000165939331E-001
   7.069999724626541E-002
  -2.770999968051910E-001
       -1.412799954414368
       -2.430000066757202
       -3.961899995803833
       -2.176100015640259
       -3.044199943542481
       -1.577999949455261
  -1.594000011682510E-001
   7.084000110626221E-001
   3.251000046730042E-001
  -1.158000007271767E-001
   9.753000140190125E-001
        2.551000118255615
        1.798900008201599
        1.617300033569336
  -4.541999995708466E-001
  -2.967999875545502E-001
        1.075099945068359
  -2.748999893665314E-001
  -3.113000094890595E-001
       -1.763299942016602
       -2.013999938964844
       -4.349699974060059
       -2.884799957275391
       -1.259899973869324
  -1.861999928951263E-001
       -1.178500056266785
       -1.271800041198731
  -8.337000012397766E-001
  -3.946000039577484E-001
       -2.150599956512451
   3.343999981880188E-001
       -1.458500027656555
       -1.515400052070618
       -2.661999940872192
  -6.416000127792358E-001
  -2.879999950528145E-002
  -2.980999946594238E-001
  -5.874999761581421E-001
       -2.259200096130371
       -2.420399904251099
   3.012999892234802E-001
   8.061000108718872E-001
   6.909999996423721E-002
   8.392000198364258E-001
        1.746999979019165
        2.232899904251099
        2.178900003433228
        2.322099924087524
        4.531700134277344
        5.388199806213379
        4.465199947357178
        1.231500029563904
        1.396299958229065
        2.289200067520142
        2.072599887847900
  -1.546999961137772E-001
        2.183500051498413
  -2.343000024557114E-001
  -4.774999916553497E-001
       -1.099599957466126
       -2.240700006484985
       -2.549799919128418
       -2.473500013351440
       -2.907999992370606
       -2.508500099182129
       -1.928200006484985
       -1.039199948310852
  -8.007000088691711E-001
  -1.502999961376190E-001
   6.171000003814697E-001
        2.344099998474121
        2.722899913787842
        2.117399930953980
        1.938099980354309
   6.856999993324280E-001
  -1.394000053405762E-001
   6.550999879837036E-001
   6.013000011444092E-001
  -1.329999975860119E-002
  -7.053999900817871E-001
       -2.891200065612793
       -1.999799966812134
       -1.080600023269653
       -1.168799996376038
   9.402999877929688E-001
  -2.896000146865845E-001
   2.101999968290329E-001
       -1.238700032234192
  -3.533000051975250E-001
       -1.037299990653992
  -5.709999799728394E-001
  -1.914999932050705E-001
  -7.116000056266785E-001
  -4.738999903202057E-001
  -7.124999761581421E-001
       -1.606099963188171
       -1.511100053787231
       -1.571699976921082
       -1.470100045204163
       -2.481300115585327
       -1.877400040626526
       -1.129600048065186
   7.275000214576721E-001
   7.497000098228455E-001
        2.951600074768066
        2.445199966430664
        1.269299983978272
        2.852699995040894
        3.967400074005127
        4.906199932098389
        4.059800148010254
        1.891800045967102
        3.227499961853027
        2.308900117874146
        1.342399954795837
   3.903000056743622E-001
   4.711999893188477E-001
   3.639000058174133E-001
   8.165000081062317E-001
  -7.558000087738037E-001
  -6.449000239372253E-001
       -2.383699893951416
       -2.523499965667725
       -2.807499885559082
       -2.411999940872192
       -1.531200051307678
       -1.251700043678284
  -3.935000002384186E-001
   2.081000059843063E-001
        1.058599948883057
        1.939399957656860
        2.602999925613403
        1.245300054550171
  -1.315000057220459E-001
  -4.019999876618385E-002
  -9.476000070571899E-001
   1.543000042438507E-001
  -8.133000135421753E-001
  -9.220000356435776E-002
  -4.756999909877777E-001
  -8.648999929428101E-001
  -7.954000234603882E-001
   1.844999939203262E-001
   1.518999934196472E-001
   2.908000051975250E-001
  -5.799999833106995E-002
  -6.819999814033508E-001
       -2.425100088119507
       -1.026700019836426
   2.544000148773193E-001
  -4.160999953746796E-001
       -1.661700010299683
       -1.478999972343445
  -1.852999925613403E-001
  -1.304000020027161E-001
       -1.792400002479553
       -1.121799945831299
       -1.417500019073486
       -2.382800102233887
       -3.762500047683716
       -3.651700019836426
       -1.747300028800964
       -1.758900046348572
  -7.032999992370606E-001
        2.052299976348877
        2.359999895095825
        3.095999956130981
        2.801500082015991
        3.560199975967407
        3.139600038528442
        3.573699951171875
        2.735399961471558
        2.809799909591675
        1.394700050354004
        1.549700021743774
  -5.209999904036522E-002
   5.015000104904175E-001
        1.443500041961670
  -7.549999654293060E-002
  -7.530000209808350E-001
  -9.420999884605408E-001
  -8.393999934196472E-001
       -1.651200056076050
       -1.958699941635132
       -2.965699911117554
       -2.992300033569336
       -1.822299957275391
   8.739999681711197E-002
   6.157000064849854E-001
   9.146000146865845E-001
        1.116600036621094
   7.738999724388123E-001
   7.549999952316284E-001
  -5.930000171065331E-002
  -6.970999836921692E-001
  -9.319999814033508E-001
        1.034100055694580
        1.192800045013428
   6.528000235557556E-001
        1.610399961471558
        1.797999978065491
   3.398000001907349E-001
  -7.031000256538391E-001
        1.590800046920776
        1.340000033378601
        1.194900035858154
   1.957000046968460E-001
   4.820000007748604E-002
  -8.511000275611877E-001
       -1.096500039100647
  -6.953999996185303E-001
       -3.015500068664551
       -2.320699930191040
       -1.396999955177307
  -7.946000099182129E-001
       -1.096899986267090
       -1.433200001716614
       -2.386399984359741
       -3.654299974441528
       -3.901400089263916
       -2.023799896240234
       -1.709699988365173
   1.155999973416328E-001
   5.216000080108643E-001
        1.881999969482422
        2.123199939727783
        2.106199979782105
        2.997200012207031
        3.491400003433228
        2.974999904632568
        3.471499919891357
        1.873800039291382
        1.435199975967407
        1.025200009346008
   4.864000082015991E-001
  -1.014999970793724E-001
   8.560000061988831E-001
   9.860000014305115E-002
        1.472300052642822
  -8.960000276565552E-001
       -1.168699979782105
       -1.794399976730347
  -9.103999733924866E-001
  -9.232000112533569E-001
       -2.159699916839600
       -3.857700109481812
       -3.000799894332886
  -8.087999820709229E-001
   6.711000204086304E-001
        2.243599891662598
        1.167299985885620
  -1.395000070333481E-001
   9.850999712944031E-001
  -6.758000254631043E-001
  -8.152999877929688E-001
  -6.060000136494637E-002
   5.784999728202820E-001
   7.368999719619751E-001
  -7.548000216484070E-001
        1.378700017929077
        1.216400027275085
   8.436999917030335E-001
   4.309000074863434E-001
   5.936999917030335E-001
        2.144799947738648
        2.240799903869629
        1.851500034332275
        1.395699977874756
  -4.052999913692474E-001
  -4.442000091075897E-001
       -1.237699985504150
       -2.391900062561035
       -2.640000104904175
       -2.170900106430054
       -1.480999946594238
       -2.439800024032593
       -1.591599941253662
       -1.650200009346008
       -3.653599977493286
       -4.133100032806397
       -2.615600109100342
  -9.344000220298767E-001
   5.478000044822693E-001
        1.514999985694885
        1.084800004959106
        2.183199882507324
        1.695600032806397
        1.328199982643127
        1.778800010681152
        1.394899964332581
        1.161100029945374
        1.032899975776672
        1.972200036048889
   9.592000246047974E-001
  -4.708999991416931E-001
       -1.091599941253662
   1.921000033617020E-001
   3.039000034332275E-001
   3.079000115394592E-001
       -2.004199981689453
  -6.093000173568726E-001
   7.980000227689743E-002
       -1.013000011444092
       -1.471699953079224
       -2.906300067901611
       -3.466399908065796
       -2.136800050735474
   3.722999989986420E-001
        1.354699969291687
        1.184499979019165
        1.590000033378601
        1.797899961471558
   4.578000009059906E-001
  -1.059999968856573E-002
  -5.475999712944031E-001
  -6.388999819755554E-001
   6.990000009536743E-001
   5.935999751091003E-001
   4.887000024318695E-001
   6.319000124931335E-001
   3.147999942302704E-001
   8.713999986648560E-001
   3.201999962329865E-001
   2.804000079631805E-001
        2.672800064086914
        1.403699994087219
   8.598999977111816E-001
        2.227600097656250
   4.767999947071075E-001
  -2.746999859809876E-001
  -4.147999882698059E-001
       -1.605299949645996
       -2.006999969482422
       -1.814299941062927
       -2.608500003814697
       -2.834700107574463
       -2.346499919891357
       -3.791699886322022
       -3.126899957656860
       -4.027800083160400
       -2.778899908065796
       -1.516000032424927
  -7.066000103950501E-001
        1.161599993705750
   5.957999825477600E-001
   2.335000038146973E-001
  -3.526000082492828E-001
  -5.077999830245972E-001
        1.673900008201599
        1.445600032806397
        1.202100038528442
   2.529999911785126E-001
  -3.950000181794167E-002
  -5.655999779701233E-001
  -9.994000196456909E-001
  -8.312000036239624E-001
  -5.133000016212463E-001
  -1.776999980211258E-001
   1.032999977469444E-001
       -1.255200028419495
       -1.031100034713745
   2.849000096321106E-001
       -1.637799978256226
       -1.745800018310547
       -3.055000066757202
       -2.095299959182739
  -8.070000261068344E-002
        1.095600008964539
        1.161700010299683
        1.775500059127808
        2.297300100326538
        1.192399978637695
        1.051699995994568
   6.407999992370606E-001
  -9.205999970436096E-001
       -1.756700038909912
  -5.054000020027161E-001
  -2.146999984979630E-001
   4.029999971389771E-001
        1.366999983787537
   3.120999932289124E-001
        1.366199970245361
        1.223099946975708
        1.160199999809265
   5.180000066757202E-001
        1.025500059127808
   9.003000259399414E-001
   1.369999945163727E-001
  -9.889999777078629E-002
  -2.193000018596649E-001
  -6.511999964714050E-001
       -1.499799966812134
       -1.700000047683716
  -7.310000061988831E-001
  -8.852999806404114E-001
       -1.893900036811829
       -2.238300085067749
       -3.982800006866455
       -2.939699888229370
       -1.856400012969971
       -3.257200002670288
       -1.776600003242493
       -1.232300043106079
   3.366000056266785E-001
  -5.440999865531921E-001
  -8.057000041007996E-001
   3.644999861717224E-001
        1.015200018882752
        1.968199968338013
        1.783800005912781
        1.377699971199036
  -7.942000031471252E-001
   1.982000023126602E-001
  -2.083999961614609E-001
   5.539999902248383E-002
       -1.362100005149841
   1.610000059008598E-002
   6.578999757766724E-001
   3.407000005245209E-001
  -1.685999929904938E-001
   7.703999876976013E-001
   9.108999967575073E-001
  -7.046999931335449E-001
  -6.794000267982483E-001
  -7.894999980926514E-001
       -1.146800041198731
   7.674999833106995E-001
   1.944999992847443E-001
        1.994799971580505
        2.202300071716309
        1.386899948120117
        2.039200067520142
        3.112299919128418
        2.220700025558472
   7.990999817848206E-001
   4.000000189989805E-003
  -6.834999918937683E-001
  -3.975000083446503E-001
  -1.331000030040741E-001
   6.536999940872192E-001
  -6.680999994277954E-001
        1.464699983596802
   5.368999838829041E-001
   4.095000028610230E-001
       -1.270799994468689
       -1.511899948120117
        1.117200016975403
   5.978000164031982E-001
   6.111000180244446E-001
  -3.228999972343445E-001
       -1.034500002861023
  -9.277999997138977E-001
       -1.009799957275391
  -7.548000216484070E-001
       -1.411900043487549
       -1.556599974632263
       -1.841300010681152
       -1.302500009536743
       -1.603399991989136
       -1.282999992370606
       -2.663899898529053
       -1.365100026130676
       -1.032699942588806
  -9.739000201225281E-001
   5.023999810218811E-001
   1.137999966740608E-001
   8.395000100135803E-001
   9.818999767303467E-001
  -3.668000102043152E-001
   5.823000073432922E-001
   6.351000070571899E-001
       -1.244099974632263
  -8.851000070571899E-001
        1.256500005722046
  -4.612999856472015E-001
       -1.184000015258789
  -8.127999901771545E-001
       -1.534000039100647
       -1.599699974060059
   2.013999968767166E-001
  -7.469999790191650E-001
  -9.160000085830689E-002
   9.609000086784363E-001
   5.569999814033508E-001
  -3.675000071525574E-001
  -5.321000218391419E-001
   5.810999870300293E-001
   8.928999900817871E-001
        1.412799954414368
        2.666899919509888
        2.792900085449219
        1.896199941635132
        3.851000070571899
        4.185599803924561
        2.052000045776367
        2.204600095748901
  -4.960000142455101E-002
  -3.152999877929688E-001
   4.499999880790710E-001
        1.051900029182434
        1.093500018119812
   1.260000020265579E-001
        2.089499950408936
   4.442000091075897E-001
  -5.634999871253967E-001
  -6.582000255584717E-001
  -8.144000172615051E-001
  -4.054000079631805E-001
  -2.485000044107437E-001
  -5.207999944686890E-001
  -7.814000248908997E-001
  -2.885999977588654E-001
   9.279999881982803E-002
  -2.728999853134155E-001
  -4.873999953269959E-001
       -2.577199935913086
       -2.413199901580811
       -1.385599970817566
  -7.663000226020813E-001
   1.994999945163727E-001
  -3.397000133991242E-001
       -1.408900022506714
   1.217999979853630E-001
   8.066999912261963E-001
        1.122099995613098
        1.013700008392334
        1.185899972915649
   3.955000042915344E-001
   6.782000064849854E-001
        1.543900012969971
        1.317899942398071
  -6.949999928474426E-002
   3.991000056266785E-001
   6.963000297546387E-001
   8.313999772071838E-001
   3.909999877214432E-002
  -5.974000096321106E-001
  -9.420999884605408E-001
  -3.088000118732452E-001
  -8.043000102043152E-001
  -9.926999807357788E-001
  -1.159000024199486E-001
        1.469499945640564
        1.955199956893921
   6.937000155448914E-001
  -2.527000010013580E-001
   2.081000059843063E-001
   9.731000065803528E-001
   3.556999862194061E-001
        1.478199958801270
        1.056399941444397
        1.999099969863892
        2.663300037384033
        2.115400075912476
   3.998999893665314E-001
   6.467000246047974E-001
   4.323999881744385E-001
   9.943000078201294E-001
   5.415999889373779E-001
   8.280000090599060E-001
   1.216999962925911E-001
        1.203099966049194
        2.010999917984009
  -7.788000106811523E-001
   2.777999937534332E-001
   3.452999889850617E-001
       -1.016999959945679
  -2.495999932289124E-001
   7.218999862670898E-001
  -4.860000014305115E-001
  -2.508000135421753E-001
        1.264600038528442
        2.210299968719482
   9.247000217437744E-001
       -1.302199959754944
       -2.688800096511841
       -1.287199974060059
  -5.151000022888184E-001
       -1.315000057220459
  -4.117999970912933E-001
   2.256000041961670E-001
  -2.980000078678131E-001
  -7.128000259399414E-001
   4.801000058650971E-001
        1.024000048637390
   1.254000067710877E-001
        1.425500035285950
        1.598099946975708
        1.215399980545044
        1.403200030326843
   9.884999990463257E-001
       -1.345100045204163
   1.518999934196472E-001
   4.876999855041504E-001
  -2.818000018596649E-001
  -5.652999877929688E-001
   5.570000037550926E-002
       -1.421900033950806
  -3.009999915957451E-002
   1.088000014424324E-001
  -7.757999897003174E-001
   1.673000007867813E-001
  -6.223000288009644E-001
   8.339999914169312E-001
        1.917799949645996
   5.684999823570252E-001
   2.392999976873398E-001
        1.607800006866455
        1.879999995231628
        2.288000106811523
        2.265000104904175
   6.650000214576721E-001
        1.413100004196167
   1.433999985456467E-001
        1.073600053787231
        1.866500020027161
   3.634999990463257E-001
   9.886999726295471E-001
   3.449000120162964E-001
  -5.148000121116638E-001
   6.958000063896179E-001
   7.633000016212463E-001
        1.882899999618530
   2.397000044584274E-001
        1.873000025749207
   1.650000065565109E-001
  -2.746999859809876E-001
  -3.059999942779541E-001
  -2.689999938011169E-001
   8.179999887943268E-002
        1.307999968528748
        2.417799949645996
        1.790400028228760
        1.766299962997437
       -2.131999969482422
       -2.574100017547607
  -4.760000109672546E-001
   2.979999966919422E-002
  -2.092999964952469E-001
  -3.713000118732452E-001
       -1.062500000000000
       -1.536900043487549
   1.186999976634979E-001
   5.449000000953674E-001
        2.291699886322022
        1.047600030899048
        1.728199958801270
   5.199999809265137E-001
   4.490999877452850E-001
   3.770999908447266E-001
        1.205299973487854
       -1.044999957084656
   4.023000001907349E-001
   6.219000220298767E-001
       -1.081200003623962
  -4.208999872207642E-001
  -7.720999717712402E-001
       -2.253299951553345
       -1.785400032997131
  -2.770999968051910E-001
   4.060000181198120E-002
   3.050000071525574E-001
        1.180799961090088
        1.373999953269959
   8.812999725341797E-001
        2.861599922180176
        2.736299991607666
        2.782799959182739
        1.586899995803833
        3.032299995422363
        1.564200043678284
        1.298699975013733
        1.409100055694580
        1.169800043106079
        1.402600049972534
        2.556200027465820
        1.445999979972839
        1.330600023269653
   5.780000090599060E-001
        1.395699977874756
   2.544000148773193E-001
        1.131299972534180
        1.723999977111816
        1.125599980354309
  -1.474999934434891E-001
   2.055999934673309E-001
   3.402000069618225E-001
       -1.316900014877319
  -8.052999973297119E-001
   4.027000069618225E-001
   7.099999785423279E-001
        1.257899999618530
  -1.344999969005585E-001
   4.439999908208847E-002
  -2.263000011444092E-001
       -1.245200037956238
       -1.325799942016602
  -1.449999958276749E-001
  -4.117999970912933E-001
  -3.172999918460846E-001
  -2.788999974727631E-001
  -7.107999920845032E-001
       -1.205700039863586
   6.541000008583069E-001
        1.702000021934509
   7.871000170707703E-001
   6.633999943733215E-001
   2.876999974250794E-001
  -4.074000120162964E-001
   7.197999954223633E-001
   1.803999990224838E-001
       -1.781299948692322
       -1.218199968338013
   6.216999888420105E-001
   7.024999856948853E-001
   5.820999741554260E-001
   2.185000032186508E-001
       -1.868899941444397
       -2.475899934768677
   6.604999899864197E-001
        1.075199961662293
   6.014999747276306E-001
        1.771100044250488
        1.996099948883057
   7.179999947547913E-001
        2.308599948883057
        2.358599901199341
        2.682800054550171
        2.151000022888184
        2.604599952697754
        2.508300065994263
        2.125999927520752
        2.970299959182739
        2.517600059509277
        1.494099974632263
        2.181999921798706
        1.970600008964539
   7.265999913215637E-001
  -6.599999964237213E-002
   2.768999934196472E-001
        1.251700043678284
        1.702499985694885
        1.051399946212769
   9.108999967575073E-001
        1.624799966812134
  -8.331999778747559E-001
       -1.241600036621094
  -9.028999805450440E-001
   4.100000020116568E-003
       -1.887300014495850
  -3.156999945640564E-001
   8.517000079154968E-001
  -6.392999887466431E-001
       -1.022799968719482
       -2.072299957275391
       -1.961300015449524
  -9.829999804496765E-001
  -9.222000241279602E-001
  -5.008999705314636E-001
        1.185899972915649
   1.200999990105629E-001
  -3.136999905109406E-001
       -1.055799961090088
   1.743000000715256E-001
   9.805999994277954E-001
   1.673000007867813E-001
   1.307999938726425E-001
  -4.812999963760376E-001
   4.839000105857849E-001
        1.334499955177307
   8.723000288009644E-001
       -2.029200077056885
       -1.970700025558472
   4.280000180006027E-002
   6.783000230789185E-001
        1.007899999618530
        1.372200012207031
   3.345000147819519E-001
  -3.390000015497208E-002
        1.183899998664856
        2.732000112533569
        2.661299943923950
        2.075999975204468
        2.200299978256226
  -1.800999939441681E-001
        1.750800013542175
        1.433400034904480
        1.434800028800964
   9.178000092506409E-001
        1.673499941825867
        2.476500034332275
        2.502899885177612
        1.987200021743774
        1.776100039482117
        1.407999992370606
  -4.869999885559082E-001
   7.573000192642212E-001
   7.402999997138977E-001
   6.948999762535095E-001
        1.139999985694885
        1.739300012588501
        2.590899944305420
  -6.140999794006348E-001
        2.035300016403198
   2.425999939441681E-001
   4.260999858379364E-001
   1.984000056982040E-001
   2.444999963045120E-001
  -4.638999998569489E-001
       -1.839400053024292
  -6.480000168085098E-002
  -3.274999856948853E-001
       -1.759500026702881
       -1.872099995613098
       -1.467700004577637
       -1.590199947357178
  -8.022000193595886E-001
  -8.537999987602234E-001
        1.149500012397766
   9.970999956130981E-001
        1.606999993324280
   3.937000036239624E-001
   4.295000135898590E-001
   7.358999848365784E-001
        1.259400010108948
   3.564999997615814E-001
   2.700000107288361E-001
  -7.376999855041504E-001
        1.331900000572205
        2.339799880981445
   5.167999863624573E-001
  -5.691000223159790E-001
   3.851999938488007E-001
   5.522000193595886E-001
   9.502000212669373E-001
        1.110800027847290
        2.643800020217896
        2.355000019073486
        2.054600000381470
        2.935899972915649
        3.741499900817871
        3.128599882125855
        2.950099945068359
        1.671399950981140
   7.724999785423279E-001
        1.241700053215027
   2.110999971628189E-001
        1.424299955368042
   7.384999990463257E-001
        1.123600006103516
   9.323999881744385E-001
   6.603000164031982E-001
   5.116999745368958E-001
   4.069999977946281E-002
   3.465000092983246E-001
   1.152999997138977E-001
        1.073899984359741
   7.360000014305115E-001
        1.136899948120117
        2.687599897384644
        2.810899972915649
        1.441300034523010
  -1.649999991059303E-002
   6.481999754905701E-001
  -5.006999969482422E-001
   9.940000176429749E-001
        1.074699997901917
        1.929700016975403
  -3.099999949336052E-002
  -8.792999982833862E-001
       -1.023200035095215
       -2.617599964141846
       -1.509999990463257
       -2.370899915695190
       -3.143599987030029
       -1.348399996757507
       -1.873399972915649
   6.856999993324280E-001
        2.157799959182739
        1.309499979019165
        1.262899994850159
   2.029999941587448E-001
  -9.200000204145908E-003
   6.790000200271606E-002
   9.440000057220459E-001
   2.985000014305115E-001
   5.482000112533569E-001
        1.732800006866455
        1.598199963569641
        2.804600000381470
   5.429999902844429E-002
   5.235000252723694E-001
   4.684000015258789E-001
        1.183200001716614
   7.053999900817871E-001
        1.067499995231628
   7.509999871253967E-001
        2.611900091171265
        2.365999937057495
        2.238600015640259
        1.777400016784668
        3.025300025939941
        2.538100004196167
        1.604400038719177
        1.387899994850159
        1.992900013923645
   8.231999874114990E-001
        1.056800007820129
        1.177800059318543
  -3.152999877929688E-001
  -6.225000023841858E-001
   7.537999749183655E-001
   7.973999977111816E-001
  -5.044000148773193E-001
  -5.871999859809876E-001
   6.000000238418579E-001
  -1.999000012874603E-001
        1.554000020027161
  -9.099999815225601E-002
   9.581000208854675E-001
        1.349699974060059
        1.537700057029724
        2.445899963378906
  -3.068000078201294E-001
   3.603999912738800E-001
   3.449999988079071E-001
        1.384600043296814
   6.256999969482422E-001
       -1.048200011253357
       -1.115000009536743
       -1.335299968719482
       -2.349200010299683
       -2.924599885940552
       -1.896000027656555
       -3.651099920272827
       -1.160099983215332
  -4.036999940872192E-001
   5.611000061035156E-001
        1.507699966430664
        1.288699984550476
   3.998999893665314E-001
  -6.069999933242798E-001
        1.494699954986572
   9.758999943733215E-001
   9.631999731063843E-001
        1.033800005912781
   8.682000041007996E-001
        1.917899966239929
   4.038999974727631E-001
        1.361199975013733
        1.701500058174133
  -2.732000052928925E-001
   5.643000006675720E-001
        1.342900037765503
        1.135200023651123
  -5.092999935150147E-001
  -2.973999977111816E-001
        2.045000076293945
        2.191600084304810
   8.030999898910523E-001
        1.268800020217896
        2.543699979782105
        2.394299983978272
        1.508299946784973
        1.877099990844727
        1.730000019073486
        1.678900003433228
        2.841000080108643
   6.388999819755554E-001
  -2.585999965667725E-001
  -6.945999860763550E-001
   2.969000041484833E-001
  -1.476999968290329E-001
   5.353999733924866E-001
        1.582200050354004
        1.697000026702881
   7.063999772071838E-001
   5.288000106811523E-001
   3.260000050067902E-002
   9.039999842643738E-001
        2.205800056457520
        2.114399909973145
        1.505499958992004
       -1.213400006294251
       -1.060700058937073
       -1.442299962043762
  -9.480000287294388E-002
  -8.649999648332596E-002
   4.208999872207642E-001
  -2.093999981880188E-001
  -5.601999759674072E-001
       -2.736799955368042
       -2.939500093460083
       -2.614200115203857
       -2.524499893188477
       -2.386600017547607
  -9.706000089645386E-001
   1.389999985694885E-001
        1.377799987792969
        2.815599918365479
  -1.577000021934509E-001
   7.800000160932541E-002
   4.855999946594238E-001
        1.218000054359436
        1.725600004196167
        3.131400108337402
        1.087299942970276
        1.344900012016296
   6.651999950408936E-001
        1.738600015640259
        2.082999944686890
        1.609099984169006
   2.682999968528748E-001
        2.097800016403198
        1.411399960517883
   4.257000088691711E-001
        1.290500044822693
        1.807500004768372
        1.975600004196167
        2.434299945831299
        1.557299971580505
        2.721299886703491
        2.261899948120117
        2.338700056076050
        2.055799961090088
        2.415600061416626
        2.095599889755249
        2.831099987030029
   8.095999956130981E-001
       -1.715499997138977
   1.864999979734421E-001
   4.025999903678894E-001
   2.721999883651733E-001
   8.119999766349793E-001
   9.244999885559082E-001
        1.696699976921082
        1.811400055885315
        2.318500041961670
   1.190000027418137E-002
   1.010000035166740E-001
   3.607999980449677E-001
   6.913999915122986E-001
  -9.785000085830689E-001
       -1.429999947547913
  -8.188999891281128E-001
       -2.510600090026856
       -2.698600053787231
       -2.081000089645386
       -1.592900037765503
       -1.102499961853027
  -9.570000171661377E-001
       -1.502200007438660
       -2.366800069808960
       -2.245300054550171
       -2.740200042724609
       -2.343400001525879
  -2.084999978542328E-001
  -8.651000261306763E-001
  -4.262000024318695E-001
        1.535400032997131
  -1.411000043153763E-001
  -1.169999986886978E-001
   5.907999873161316E-001
        1.708199977874756
        2.328900098800659
        1.957399964332581
        1.920099973678589
        2.494499921798706
        1.793799996376038
        1.832499980926514
   9.980000257492065E-001
   6.827999949455261E-001
        1.100000023841858
        1.146800041198731
        1.995599985122681
   3.740000128746033E-001
   1.520000025629997E-002
        1.855399966239929
        2.910500049591065
        2.279500007629395
        2.009099960327148
        2.349499940872192
        2.941699981689453
        2.943099975585938
        2.590600013732910
        3.907799959182739
        2.651900053024292
   6.317999958992004E-001
   2.080000005662441E-002
  -6.639000177383423E-001
  -6.028000116348267E-001
   1.405999958515167E-001
        1.570500016212463
   8.432999849319458E-001
        1.478299975395203
   6.270999908447266E-001
   5.753999948501587E-001
        2.109100103378296
        1.057000041007996
   4.756000041961670E-001
  -3.908999860286713E-001
  -7.520999908447266E-001
       -1.247699975967407
  -9.175999760627747E-001
       -1.480599999427795
       -1.265200018882752
       -1.461400032043457
       -2.525500059127808
       -1.162799954414368
       -1.930299997329712
   3.386999964714050E-001
       -1.257099986076355
       -2.274499893188477
       -1.754099965095520
       -1.513399958610535
  -9.312999844551086E-001
  -6.315000057220459E-001
       -1.686800003051758
  -2.899000048637390E-001
        1.575199961662293
  -2.500999867916107E-001
   6.629999727010727E-002
        1.594599962234497
   7.822999954223633E-001
        1.175600051879883
        1.499400019645691
        1.403399944305420
        2.730000019073486
        1.632899999618530
        1.864199995994568
        1.924299955368042
  -4.318999946117401E-001
   5.884000062942505E-001
   8.626999855041504E-001
        2.029799938201904
        1.192899942398071
   3.420000076293945E-001
   8.273000121116638E-001
  -2.397000044584274E-001
   5.993999838829041E-001
        2.151099920272827
        2.328299999237061
        2.300800085067749
        3.825500011444092
        4.635900020599365
        3.669800043106079
        1.761000037193298
   7.384999990463257E-001
       -1.427899956703186
  -9.937999844551086E-001
  -7.748000025749207E-001
  -8.355000019073486E-001
        1.133900046348572
        1.104599952697754
   8.515999913215637E-001
        2.031800031661987
   6.789000034332275E-001
  -2.222999930381775E-001
        1.023300051689148
  -5.515000224113464E-001
  -8.719000220298767E-001
  -6.369000077247620E-001
  -5.776000022888184E-001
  -2.096000015735626E-001
   1.941999942064285E-001
  -6.498000025749207E-001
  -3.607999980449677E-001
  -6.966999769210815E-001
  -6.862999796867371E-001
       -1.769199967384338
   3.204999864101410E-001
  -3.456999957561493E-001
  -5.710999965667725E-001
       -1.142600059509277
   2.203000038862228E-001
       -1.309200048446655
  -6.866999864578247E-001
  -4.973999857902527E-001
   2.930000126361847E-001
        1.463299989700317
   5.404000282287598E-001
  -7.362999916076660E-001
   2.992999851703644E-001
   8.849999904632568E-001
  -1.909999921917915E-002
   5.519999861717224E-001
        1.432600021362305
   6.424999833106995E-001
        1.550099968910217
   8.220999836921692E-001
        1.725000023841858
  -6.718000173568726E-001
       -1.673900008201599
   7.869999855756760E-002
   6.848000288009644E-001
        2.239900112152100
        1.231299996376038
        1.542400002479553
   5.638999938964844E-001
        2.248899936676025
   8.787999749183655E-001
        1.966199994087219
        2.714099884033203
        5.537899971008301
        3.310600042343140
        2.697900056838989
        1.213600039482117
  -3.653999865055084E-001
  -2.930000126361847E-001
  -4.569999873638153E-001
        1.133999943733215
   3.655000030994415E-001
        2.180700063705444
        1.725600004196167
   2.293000072240830E-001
   2.996999919414520E-001
        1.398300051689148
   7.785000205039978E-001
        2.163700103759766
   3.023999929428101E-001
  -9.767000079154968E-001
       -1.350299954414368
  -4.638000130653381E-001
  -5.516999959945679E-001
   5.327000021934509E-001
  -3.210999965667725E-001
   4.925000071525574E-001
   6.481000185012817E-001
   4.792999923229218E-001
  -5.575000047683716E-001
       -1.131500005722046
        1.566300034523010
   9.193000197410584E-001
        1.195099949836731
   5.166000127792358E-001
  -3.700000001117587E-003
   1.810999959707260E-001
   3.986999988555908E-001
   3.174000084400177E-001
   8.039000034332275E-001
  -3.878000080585480E-001
   3.499000072479248E-001
   2.899999916553497E-001
   6.567000150680542E-001
   4.587999880313873E-001
        1.123800039291382
        1.902600049972534
   5.386000275611877E-001
   5.382000207901001E-001
   5.503000020980835E-001
  -7.100000232458115E-002
  -2.763999998569489E-001
  -1.635999977588654E-001
   4.783999919891357E-001
  -3.093000054359436E-001
        1.866000056266785
        1.741799950599670
        1.452000021934509
        1.409500002861023
        2.163899898529053
        2.026999950408936
        2.296600103378296
        1.569300055503845
        2.425800085067749
        5.253200054168701
        3.225100040435791
   7.440999746322632E-001
   5.587999820709229E-001
   7.188000082969666E-001
   8.525999784469605E-001
   1.421000063419342E-001
   2.922999858856201E-001
        1.766800045967102
        1.779600024223328
        1.065899968147278
  -4.582999944686890E-001
        1.212299942970276
        1.250900030136108
   2.610999941825867E-001
   3.749000132083893E-001
       -1.593500018119812
       -2.137399911880493
  -8.989999890327454E-001
       -1.619099974632263
  -9.305999875068665E-001
   9.613999724388123E-001
  -6.967999935150147E-001
        1.647899985313416
        1.361999988555908
   4.300000071525574E-001
        1.267099976539612
        2.129699945449829
        3.406399965286255
        2.850699901580811
        2.206300020217896
        2.330499887466431
        1.809999942779541
        1.021000027656555
   6.740000247955322E-001
        1.539700031280518
   4.234000146389008E-001
  -6.574000120162964E-001
       -1.475299954414368
  -4.363999962806702E-001
   3.937999904155731E-001
        1.497900009155273
        1.628100037574768
        1.477800011634827
        1.932999968528748
        1.050300002098084
  -5.074999928474426E-001
  -2.314999997615814E-001
  -2.382999956607819E-001
   2.777000069618225E-001
   6.212000250816345E-001
   1.465999931097031E-001
  -1.339999958872795E-002
  -9.064999818801880E-001
        1.065099954605103
        1.217700004577637
        2.131700038909912
        2.855200052261353
        1.700999975204468
   9.096999764442444E-001
        2.865299940109253
        1.820899963378906
   3.290000185370445E-002
  -5.759000182151794E-001
  -1.507000029087067E-001
   5.649999901652336E-002
       -1.643300056457520
       -1.077600002288818
  -2.581000030040741E-001
   9.036999940872192E-001
   4.341000020503998E-001
   1.342999935150147E-001
   2.125999927520752E-001
   7.006999850273132E-001
       -1.167199969291687
       -2.031300067901611
       -2.022399902343750
       -2.629300117492676
       -2.868099927902222
  -2.276999950408936E-001
   4.314999878406525E-001
        1.619300007820129
   8.029999732971191E-001
        1.116000056266785
        2.704799890518189
        2.413599967956543
        1.589699983596802
        2.318799972534180
        3.161400079727173
        3.049900054931641
        2.470599889755249
        4.233200073242188
        2.979500055313110
        2.217700004577637
        2.647900104522705
        1.687899947166443
        2.083100080490112
   7.383999824523926E-001
  -1.059999987483025E-001
  -4.176000058650971E-001
  -1.560000032186508E-001
  -2.344000041484833E-001
  -2.565999925136566E-001
   5.665000081062317E-001
        1.981199979782105
        1.400099992752075
        1.423099994659424
   2.920000068843365E-002
   6.561999917030335E-001
   9.390000104904175E-001
   5.792999863624573E-001
  -3.610000014305115E-002
       -1.410500049591065
   1.530999988317490E-001
        1.170099973678589
        1.898599982261658
        1.019700050354004
        2.410300016403198
   7.167999744415283E-001
  -5.550000071525574E-001
  -7.440000027418137E-002
  -1.147999987006187E-001
   1.212000027298927E-001
  -5.999999865889549E-002
  -5.090000033378601E-001
  -8.212000131607056E-001
   3.221000134944916E-001
   5.184000134468079E-001
        1.977599978446960
   5.649999976158142E-001
        1.450399994850159
   5.713000297546387E-001
   7.644000053405762E-001
        1.281299948692322
  -9.365000128746033E-001
       -2.872600078582764
       -1.250699996948242
       -2.265399932861328
  -9.056000113487244E-001
  -3.739999979734421E-002
   7.774000167846680E-001
  -2.628999948501587E-001
   7.677999734878540E-001
        1.147699952125549
        2.779799938201904
        2.845900058746338
        2.571399927139282
        2.166699886322022
        2.437700033187866
        3.991400003433228
        4.239999771118164
        4.392099857330322
        3.985100030899048
        1.686699986457825
        1.979300022125244
   7.153999805450440E-001
        1.381399989128113
        1.572399973869324
        1.705899953842163
   3.129000067710877E-001
        1.121999979019165
        1.684100031852722
        1.086199998855591
   2.050000056624413E-002
   1.616999953985214E-001
        1.726699948310852
   5.659999847412109E-001
   6.385999917984009E-001
  -8.044000267982483E-001
  -3.440999984741211E-001
  -1.377999931573868E-001
       -1.080399990081787
  -2.006999999284744E-001
        1.335700035095215
   8.051000237464905E-001
   5.037999749183655E-001
   6.762999892234802E-001
   1.796000003814697E-001
  -3.449999913573265E-002
  -1.136000007390976E-001
       -1.194900035858154
   6.092000007629395E-001
   4.934999942779541E-001
   4.090000092983246E-001
   1.918999999761581E-001
       -1.438799977302551
  -9.158999919891357E-001
   9.398000240325928E-001
   7.833999991416931E-001
   7.774000167846680E-001
   2.522999942302704E-001
        1.645400047302246
   5.720000267028809E-001
  -5.758000016212463E-001
  -5.131999850273132E-001
  -8.486999869346619E-001
       -1.009500026702881
  -8.273000121116638E-001
   3.274999856948853E-001
  -6.750000268220902E-002
  -1.567000001668930E-001
   1.033999994397163E-001
   1.790000051259995E-001
        1.904199957847595
        2.638799905776978
        2.314100027084351
        3.790800094604492
        3.029200077056885
        1.907999992370606
        2.692500114440918
        4.278299808502197
        5.502900123596191
        3.694700002670288
        2.773400068283081
        3.014699935913086
        2.242500066757202
        1.725700020790100
        1.760100007057190
        1.435400009155273
        1.225999951362610
   1.513999998569489E-001
   2.533999979496002E-001
  -6.103000044822693E-001
       -1.147099971771240
  -6.596999764442444E-001
   5.055000185966492E-001
   2.443999946117401E-001
   5.532000064849854E-001
       -1.438199996948242
   5.975000262260437E-001
  -6.984000205993652E-001
   3.199999919161201E-003
   7.231000065803528E-001
        1.124899983406067
  -4.733000099658966E-001
       -1.087100028991699
   7.085999846458435E-001
   3.646000027656555E-001
  -2.128999978303909E-001
  -4.794000089168549E-001
       -2.155400037765503
       -1.269199967384338
  -1.260000001639128E-002
  -1.280999928712845E-001
   7.548000216484070E-001
       -1.796300053596497
       -1.031999945640564
   4.968999922275543E-001
   1.967999935150147E-001
   9.799999743700028E-002
        1.276800036430359
        2.393399953842163
        1.728500008583069
   5.800999999046326E-001
  -2.182999998331070E-001
  -4.636000096797943E-001
        1.162600040435791
   6.164000034332275E-001
   4.989999905228615E-002
  -8.751000165939331E-001
  -4.936999976634979E-001
  -5.412999987602234E-001
   8.022000193595886E-001
        2.136399984359741
        2.852400064468384
        2.703799962997437
        3.910599946975708
        2.781100034713745
        2.199300050735474
        3.502300024032593
        5.299499988555908
        4.345499992370606
        4.513299942016602
        4.676899909973145
        3.786299943923950
        2.814699888229370
        2.441099882125855
   3.716999888420105E-001
        2.673099994659424
        1.323699951171875
   2.309000045061112E-001
       -1.424100041389465
       -2.972300052642822
       -2.888200044631958
  -7.821000218391419E-001
   6.845999956130981E-001
  -7.268000245094299E-001
   4.681999981403351E-001
       -1.004299998283386
   2.146999984979630E-001
        1.543400049209595
   7.466999888420105E-001
        1.642400026321411
        1.016299962997437
   2.928000092506409E-001
  -5.249000191688538E-001
       -1.907099962234497
  -5.023000240325928E-001
       -2.805200099945068
       -2.337599992752075
       -2.869400024414063
       -2.194799900054932
   3.779999911785126E-002
  -1.703999936580658E-001
  -1.149000003933907E-001
  -9.969999641180039E-002
   9.300000034272671E-003
  -4.790999889373779E-001
   8.731999993324280E-001
  -4.374000132083893E-001
        1.139999985694885
        2.202399969100952
        3.265000104904175
        1.239899992942810
        1.474099993705750
        1.207999944686890
   3.240000084042549E-002
   9.246000051498413E-001
   5.257999897003174E-001
  -8.799999952316284E-002
  -6.241999864578247E-001
  -4.824000000953674E-001
   7.171999812126160E-001
        2.200999975204468
        3.233700037002564
        3.166599988937378
        3.696799993515015
        2.563899993896484
        2.549000024795532
        3.098000049591065
        3.620599985122681
        3.489500045776367
        2.643199920654297
        2.289200067520142
        3.155600070953369
        1.913599967956543
        1.123499989509583
   9.708999991416931E-001
        1.745399951934815
        1.592900037765503
   4.180000126361847E-001
  -6.244999766349793E-001
       -2.726799964904785
       -2.447799921035767
  -1.177999973297119E-001
   5.983999967575073E-001
  -9.042999744415283E-001
        1.352300047874451
  -6.848999857902527E-001
   4.350000023841858E-001
   8.407999873161316E-001
        2.644799947738648
        2.136699914932251
        1.061800003051758
  -7.702999711036682E-001
       -1.173300027847290
  -7.840999960899353E-001
  -7.986000180244446E-001
       -1.862800002098084
       -2.317300081253052
  -7.929999828338623E-001
  -5.608000159263611E-001
       -1.148200035095215
  -6.686000227928162E-001
  -4.918000102043152E-001
  -4.526999890804291E-001
   3.355000019073486E-001
  -5.074999928474426E-001
  -4.419000148773193E-001
   5.278000235557556E-001
   5.207999944686890E-001
        2.438800096511841
        3.336400032043457
        3.899800062179565
        2.166800022125244
        1.907299995422363
        1.568500041961670
        1.161399960517883
        1.494500041007996
   5.791000127792358E-001
   9.143999814987183E-001
  -3.377999961376190E-001
  -1.386000066995621E-001
  -3.999999910593033E-002
        2.029299974441528
        2.226300001144409
        1.757099986076355
        1.584800004959106
        2.610500097274780
        2.645800113677979
        2.983900070190430
        2.921000003814697
        3.832400083541870
        3.042000055313110
        2.664799928665161
        1.807299971580505
        1.312700033187866
   1.409000009298325E-001
  -3.684999942779541E-001
   6.549999862909317E-002
   1.401000022888184E-001
  -9.944999814033508E-001
       -1.672399997711182
       -2.038300037384033
  -6.891999840736389E-001
       -1.371899962425232
       -2.240900039672852
  -3.200000151991844E-002
   5.420000106096268E-002
   8.029000163078308E-001
        1.296800017356873
        2.460999965667725
        1.974200010299683
   6.934000253677368E-001
       -1.574000000953674
       -1.632099986076355
       -1.426399946212769
  -5.248000025749207E-001
       -1.392500042915344
       -2.077100038528442
  -7.253999710083008E-001
        1.114099979400635
  -4.726000130176544E-001
  -7.318000197410584E-001
  -3.226999938488007E-001
  -3.098999857902527E-001
  -7.706999778747559E-001
        1.003600001335144
   4.589000046253204E-001
        1.096500039100647
   4.474000036716461E-001
        2.627500057220459
        2.708600044250488
        2.559099912643433
   3.849000036716461E-001
   2.690000087022781E-002
   7.396000027656555E-001
       -1.416300058364868
  -8.277999758720398E-001
  -2.612999975681305E-001
       -1.476899981498718
  -8.603000044822693E-001
   1.447000056505203E-001
  -7.220000028610230E-001
  -3.831999897956848E-001
   3.048999905586243E-001
   1.962999999523163E-001
  -8.885999917984009E-001
   1.377999931573868E-001
        2.066099882125855
        2.824300050735474
        3.338500022888184
        2.435400009155273
        2.072299957275391
        1.809100031852722
        2.465800046920776
        3.153599977493286
        1.811300039291382
        1.178200006484985
   1.305000036954880E-001
  -6.560000032186508E-002
  -4.900000095367432E-001
       -1.462499976158142
       -1.613700032234192
  -9.312000274658203E-001
       -1.552199959754944
       -1.663100004196167
